# https://github.com/mikedh/trimesh
mtllib material.mtl

o Crimson Harbor Cabin Cruiser Mesh
usemtl Crimson Harbor Cabin Cruiser Material
v 0.02441407 0.11425781 -0.13574219
v 0.03027344 0.06738281 -0.14160156
v 0.02441407 0.11621094 -0.11425781
v 0.37402344 0.04785156 -0.17480469
v 0.37402344 0.04785156 -0.17480469
v 0.37402344 0.04785156 -0.17480469
v 0.37402344 0.04785156 -0.17480469
v 0.37402344 0.04785156 -0.18066406
v 0.37402344 0.04785156 -0.18066406
v 0.37792969 0.04785156 -0.17285156
v 0.37792969 0.04785156 -0.17285156
v 0.37792969 0.04785156 -0.17285156
v 0.37792969 0.04785156 -0.17285156
v 0.38183594 0.04980469 -0.17089844
v 0.38183594 0.04980469 -0.17089844
v 0.38574219 0.04980469 -0.17285156
v 0.38574219 0.04980469 -0.17285156
v 0.38574219 0.04980469 -0.17285156
v 0.38769531 0.04980469 -0.17480469
v 0.38769531 0.04980469 -0.17480469
v 0.38964844 0.04980469 -0.17871094
v 0.38964844 0.04980469 -0.17871094
v 0.38964844 0.04980469 -0.17871094
v 0.38769531 0.04980469 -0.18261719
v 0.38769531 0.04980469 -0.18261719
v 0.38769531 0.04980469 -0.18261719
v 0.38574219 0.04785156 -0.18652344
v 0.38574219 0.04785156 -0.18652344
v 0.38574219 0.04785156 -0.18652344
v 0.38574219 0.04785156 -0.18652344
v 0.38183594 0.04785156 -0.18652344
v 0.38183594 0.04785156 -0.18652344
v 0.37792969 0.04785156 -0.18652344
v 0.37792969 0.04785156 -0.18652344
v 0.37402344 0.04785156 -0.18457031
v 0.37402344 0.04785156 -0.18457031
v 0.37402344 0.04785156 -0.18457031
v 0.37402344 0.04785156 -0.18457031
v 0.37597656 0.07519531 -0.18847656
v 0.37597656 0.07519531 -0.18847656
v 0.37597656 0.07519531 -0.18847656
v 0.37207031 0.07519531 -0.18457031
v 0.37207031 0.07519531 -0.18457031
v 0.37207031 0.07519531 -0.18457031
v 0.37207031 0.07519531 -0.18457031
v 0.37207031 0.07519531 -0.18066406
v 0.37207031 0.07519531 -0.17675781
v 0.37207031 0.07519531 -0.17675781
v 0.37207031 0.07519531 -0.17675781
v 0.37597656 0.07519531 -0.17285156
v 0.37597656 0.07519531 -0.17285156
v 0.37988281 0.07519531 -0.17285156
v 0.38378906 0.07519531 -0.17285156
v 0.38378906 0.07519531 -0.17285156
v 0.38378906 0.07519531 -0.17285156
v 0.38574219 0.07519531 -0.17675781
v 0.38574219 0.07519531 -0.17675781
v 0.38574219 0.07519531 -0.17675781
v 0.38769531 0.07519531 -0.18066406
v 0.38769531 0.07519531 -0.18066406
v 0.38769531 0.07519531 -0.18066406
v 0.38769531 0.07519531 -0.18457031
v 0.38769531 0.07519531 -0.18457031
v 0.38378906 0.07519531 -0.18652344
v 0.37988281 0.07519531 -0.18847656
v 0.37988281 0.08691406 -0.18652344
v 0.37597656 0.08691406 -0.18652344
v 0.37597656 0.08691406 -0.18652344
v 0.37597656 0.08691406 -0.18652344
v 0.37597656 0.08691406 -0.18652344
v 0.37207031 0.08496094 -0.18457031
v 0.37207031 0.08496094 -0.18457031
v 0.37207031 0.08496094 -0.18457031
v 0.37207031 0.08496094 -0.17871094
v 0.37207031 0.08300781 -0.17480469
v 0.37207031 0.08300781 -0.17480469
v 0.37597656 0.08300781 -0.17285156
v 0.37597656 0.08300781 -0.17285156
v 0.37597656 0.08300781 -0.17285156
v 0.37988281 0.08300781 -0.17089844
v 0.37988281 0.08300781 -0.17089844
v 0.37988281 0.08300781 -0.17089844
v 0.38378906 0.08300781 -0.17285156
v 0.38378906 0.08300781 -0.17285156
v 0.38378906 0.08300781 -0.17285156
v 0.38574219 0.08300781 -0.17480469
v 0.38574219 0.08300781 -0.17480469
v 0.38769531 0.08496094 -0.17871094
v 0.38574219 0.08496094 -0.18261719
v 0.38574219 0.08496094 -0.18261719
v 0.38378906 0.08691406 -0.18652344
v 0.38378906 0.08691406 -0.18652344
v 0.37988281 0.09667969 -0.18261719
v 0.37988281 0.09667969 -0.18261719
v 0.37597656 0.09667969 -0.18261719
v 0.37597656 0.09667969 -0.18261719
v 0.37597656 0.09667969 -0.18261719
v 0.37207031 0.09472656 -0.17871094
v 0.37207031 0.09472656 -0.17871094
v 0.37207031 0.09277344 -0.17675781
v 0.37207031 0.09082031 -0.17285156
v 0.37207031 0.09082031 -0.17285156
v 0.37597656 0.08886719 -0.17089844
v 0.37988281 0.08886719 -0.16894531
v 0.37988281 0.08886719 -0.16894531
v 0.38378906 0.08886719 -0.17089844
v 0.38574219 0.09082031 -0.17285156
v 0.38574219 0.09082031 -0.17285156
v 0.38574219 0.09082031 -0.17285156
v 0.38574219 0.09082031 -0.17285156
v 0.38769531 0.09277344 -0.17675781
v 0.38769531 0.09277344 -0.17675781
v 0.38769531 0.09472656 -0.17871094
v 0.38769531 0.09472656 -0.17871094
v 0.38378906 0.09667969 -0.18261719
v 0.38378906 0.09667969 -0.18261719
v 0.38378906 0.09667969 -0.18261719
v 0.37988281 0.10449219 -0.17480469
v 0.37988281 0.10449219 -0.17480469
v 0.37597656 0.10449219 -0.17480469
v 0.37597656 0.10449219 -0.17480469
v 0.37597656 0.10449219 -0.17480469
v 0.37207031 0.10253906 -0.17285156
v 0.37207031 0.10253906 -0.17285156
v 0.37207031 0.09863281 -0.17089844
v 0.37207031 0.09667969 -0.16699219
v 0.37207031 0.09667969 -0.16699219
v 0.37597656 0.09277344 -0.16503906
v 0.37988281 0.09277344 -0.16503906
v 0.38378906 0.09277344 -0.16503906
v 0.38378906 0.09277344 -0.16503906
v 0.38769531 0.09472656 -0.16699219
v 0.38769531 0.09472656 -0.16699219
v 0.38769531 0.09863281 -0.17089844
v 0.38769531 0.09863281 -0.17089844
v 0.38769531 0.10253906 -0.17285156
v 0.38769531 0.10253906 -0.17285156
v 0.38378906 0.10449219 -0.17480469
v 0.38378906 0.10449219 -0.17480469
v 0.38378906 0.11035156 -0.16503906
v 0.38378906 0.11035156 -0.16503906
v 0.37988281 0.11035156 -0.16503906
v 0.37597656 0.11035156 -0.16503906
v 0.37597656 0.11035156 -0.16503906
v 0.37207031 0.10839844 -0.16503906
v 0.37207031 0.10839844 -0.16503906
v 0.37207031 0.10449219 -0.16308594
v 0.37207031 0.10058594 -0.16113281
v 0.37207031 0.10058594 -0.16113281
v 0.37597656 0.09667969 -0.15917969
v 0.37597656 0.09667969 -0.15917969
v 0.37988281 0.09667969 -0.15917969
v 0.37988281 0.09667969 -0.15917969
v 0.37988281 0.09667969 -0.15917969
v 0.37988281 0.09667969 -0.15917969
v 0.38378906 0.09667969 -0.15917969
v 0.38378906 0.09667969 -0.15917969
v 0.38378906 0.09667969 -0.15917969
v 0.38769531 0.10058594 -0.16113281
v 0.38769531 0.10058594 -0.16113281
v 0.38769531 0.10449219 -0.16308594
v 0.38769531 0.10644531 -0.16503906
v 0.38769531 0.10644531 -0.16503906
v 0.38378906 0.11230469 -0.15527344
v 0.38378906 0.11230469 -0.15527344
v 0.37988281 0.11425781 -0.15527344
v 0.37597656 0.11425781 -0.15527344
v 0.37597656 0.11425781 -0.15527344
v 0.37207031 0.11035156 -0.15332031
v 0.37207031 0.11035156 -0.15332031
v 0.37207031 0.10644531 -0.15332031
v 0.37207031 0.10253906 -0.15136719
v 0.37207031 0.10253906 -0.15136719
v 0.37207031 0.10253906 -0.15136719
v 0.37597656 0.10058594 -0.15136719
v 0.37597656 0.10058594 -0.15136719
v 0.37988281 0.09863281 -0.15136719
v 0.37988281 0.09863281 -0.15136719
v 0.37597656 0.10253906 -0.12597656
v 0.37988281 0.10058594 -0.12597656
v 0.37597656 0.10449219 -0.05566406
v 0.37988281 0.10253906 -0.05566406
v 0.37988281 0.10253906 -0.00878906
v 0.37988281 0.10253906 -0.00878906
v 0.38378906 0.10253906 -0.05566406
v 0.38378906 0.10253906 -0.05566406
v 0.38378906 0.10253906 -0.12597656
v 0.38378906 0.10253906 -0.12597656
v 0.38378906 0.10058594 -0.15136719
v 0.38378906 0.10058594 -0.15136719
v 0.38378906 0.10058594 -0.15136719
v 0.38378906 0.10058594 -0.15136719
v 0.38769531 0.10253906 -0.15136719
v 0.38769531 0.10253906 -0.15136719
v 0.38769531 0.10253906 -0.15136719
v 0.38769531 0.10644531 -0.15332031
v 0.38769531 0.11035156 -0.15332031
v 0.38769531 0.11035156 -0.15332031
v 0.38769531 0.11035156 -0.15332031
v 0.38769531 0.11035156 -0.15332031
v 0.38378906 0.11621094 -0.12597656
v 0.38378906 0.11621094 -0.12597656
v 0.38378906 0.11621094 -0.12597656
v 0.37988281 0.11621094 -0.12597656
v 0.37597656 0.11621094 -0.12597656
v 0.37597656 0.11621094 -0.12597656
v 0.37207031 0.11230469 -0.12597656
v 0.37207031 0.11230469 -0.12597656
v 0.37207031 0.10839844 -0.12597656
v 0.37207031 0.10449219 -0.12597656
v 0.37207031 0.10449219 -0.12597656
v 0.37207031 0.10644531 -0.05566406
v 0.37207031 0.10644531 -0.05566406
v 0.37207031 0.10644531 -0.05566406
v 0.37597656 0.10253906 -0.00683594
v 0.37597656 0.10253906 -0.00683594
v 0.37597656 0.10253906 -0.00683594
v 0.37597656 0.10253906 -0.00683594
v 0.37597656 0.10253906 -0.00683594
v 0.37597656 0.05957032 -0.00488281
v 0.37597656 0.05957032 -0.00488281
v 0.37597656 0.05957032 -0.00488281
v 0.37597656 0.05957032 -0.00488281
v 0.37792969 0.05957032 -0.00683594
v 0.37792969 0.05957032 -0.00683594
v 0.37792969 0.05957032 -0.00683594
v 0.38378906 0.05957032 -0.00878906
v 0.38378906 0.05957032 -0.00878906
v 0.38769531 0.05957032 -0.00683594
v 0.38769531 0.05957032 -0.00683594
v 0.38769531 0.05957032 -0.00683594
v 0.38769531 0.05957032 -0.00683594
v 0.38964844 0.06152344 -0.00488281
v 0.38964844 0.06152344 -0.00488281
v 0.38964844 0.06152344 -0.00488281
v 0.38378906 0.10253906 -0.00683594
v 0.38378906 0.10253906 -0.00683594
v 0.38378906 0.10253906 -0.00683594
v 0.38378906 0.10253906 -0.00683594
v 0.38378906 0.10253906 -0.00683594
v 0.38769531 0.10644531 -0.05566406
v 0.38769531 0.10644531 -0.05566406
v 0.38769531 0.10644531 -0.05566406
v 0.38769531 0.10449219 -0.12597656
v 0.38769531 0.10449219 -0.12597656
v 0.38769531 0.10839844 -0.12597656
v 0.38769531 0.11230469 -0.12597656
v 0.38769531 0.11230469 -0.12597656
v 0.38769531 0.11230469 -0.12597656
v 0.38769531 0.11230469 -0.12597656
v 0.38378906 0.11621094 -0.05566406
v 0.38378906 0.11621094 -0.05566406
v 0.37988281 0.11816406 -0.05566406
v 0.37597656 0.11816406 -0.05566406
v 0.37597656 0.11816406 -0.05566406
v 0.37207031 0.11425781 -0.05566406
v 0.37207031 0.11425781 -0.05566406
v 0.37207031 0.11035156 -0.05566406
v 0.37207031 0.10644531 -0.00488281
v 0.37207031 0.10644531 -0.00488281
v 0.37207031 0.10644531 -0.00488281
v 0.37207031 0.10839844 -0.00097656
v 0.37597656 0.05957032 -0.00097656
v 0.37597656 0.05957032 -0.00097656
v 0.38964844 0.06152344 0.00488281
v 0.38964844 0.06152344 0.00488281
v 0.38964844 0.06152344 0.00488281
v 0.38769531 0.05957032 0.00683594
v 0.38769531 0.05957032 0.00683594
v 0.38769531 0.05957032 0.00683594
v 0.38769531 0.05957032 0.00683594
v 0.38964844 0.06152344 -0.00097656
v 0.38964844 0.06152344 -0.00097656
v 0.38964844 0.06152344 -0.00097656
v 0.38964844 0.06152344 -0.00097656
v 0.38378906 0.05957032 0.00878906
v 0.38378906 0.05957032 0.00878906
v 0.37792969 0.05957032 0.00683594
v 0.37792969 0.05957032 0.00683594
v 0.37792969 0.05957032 0.00683594
v 0.37597656 0.05957032 0.00488281
v 0.37597656 0.05957032 0.00488281
v 0.37597656 0.05957032 0.00488281
v 0.37597656 0.05957032 0.00488281
v 0.38769531 0.10839844 -0.00097656
v 0.38574219 0.10644531 -0.00488281
v 0.38574219 0.10644531 -0.00488281
v 0.38769531 0.11035156 -0.05566406
v 0.38769531 0.11425781 -0.05566406
v 0.38769531 0.11425781 -0.05566406
v 0.38769531 0.11425781 -0.05566406
v 0.38378906 0.11816406 -0.00097656
v 0.38378906 0.11816406 -0.00097656
v 0.37988281 0.11816406 -0.00097656
v 0.37597656 0.11816406 -0.00097656
v 0.37597656 0.11816406 -0.00097656
v 0.37207031 0.11425781 -0.00097656
v 0.37207031 0.11425781 -0.00097656
v 0.37207031 0.11035156 -0.00097656
v 0.37207031 0.10644531 0.00488281
v 0.37207031 0.10644531 0.00488281
v 0.37207031 0.10644531 0.00488281
v 0.37597656 0.10253906 0.00683594
v 0.37597656 0.10253906 0.00683594
v 0.37597656 0.10253906 0.00683594
v 0.37597656 0.10253906 0.00683594
v 0.37597656 0.10253906 0.00683594
v 0.37988281 0.10253906 0.00878906
v 0.37988281 0.10253906 0.00878906
v 0.38378906 0.10253906 0.00683594
v 0.38378906 0.10253906 0.00683594
v 0.38378906 0.10253906 0.00683594
v 0.38378906 0.10253906 0.00683594
v 0.38574219 0.10644531 0.00488281
v 0.38574219 0.10644531 0.00488281
v 0.38769531 0.11035156 -0.00097656
v 0.38769531 0.11425781 -0.00097656
v 0.38769531 0.11425781 -0.00097656
v 0.38769531 0.11425781 0.05566407
v 0.38769531 0.11425781 0.05566407
v 0.38769531 0.11425781 0.05566407
v 0.38378906 0.11621094 0.05566407
v 0.38378906 0.11621094 0.05566407
v 0.38378906 0.11621094 0.12597656
v 0.38378906 0.11621094 0.12597656
v 0.37988281 0.11816406 0.05566407
v 0.37597656 0.11816406 0.05566407
v 0.37597656 0.11816406 0.05566407
v 0.37207031 0.11425781 0.05566407
v 0.37207031 0.11425781 0.05566407
v 0.37207031 0.11035156 0.05566407
v 0.37207031 0.10644531 0.05566407
v 0.37207031 0.10644531 0.05566407
v 0.37207031 0.10644531 0.05566407
v 0.37597656 0.10449219 0.05566407
v 0.37988281 0.10253906 0.05566407
v 0.38378906 0.10253906 0.05566407
v 0.38378906 0.10253906 0.05566407
v 0.38574219 0.10644531 0.05566407
v 0.38574219 0.10644531 0.05566407
v 0.38769531 0.11035156 0.05566407
v 0.38769531 0.10839844 0.12597656
v 0.38769531 0.11230469 0.12597656
v 0.38769531 0.11230469 0.12597656
v 0.38769531 0.11230469 0.12597656
v 0.38769531 0.11035156 0.15332031
v 0.38769531 0.11035156 0.15332031
v 0.38769531 0.11035156 0.15332031
v 0.38769531 0.11035156 0.15332031
v 0.38378906 0.11230469 0.15527344
v 0.38378906 0.11230469 0.15527344
v 0.37988281 0.11621094 0.12597656
v 0.37597656 0.11621094 0.12597656
v 0.37597656 0.11621094 0.12597656
v 0.37207031 0.11230469 0.12597656
v 0.37207031 0.11230469 0.12597656
v 0.37207031 0.10839844 0.12597656
v 0.37207031 0.10449219 0.12597656
v 0.37207031 0.10449219 0.12597656
v 0.37597656 0.10253906 0.12597656
v 0.37988281 0.10058594 0.12597656
v 0.38378906 0.10253906 0.12597656
v 0.38378906 0.10253906 0.12597656
v 0.38769531 0.10449219 0.12597656
v 0.38769531 0.10449219 0.12597656
v 0.38769531 0.10253906 0.15136719
v 0.38769531 0.10253906 0.15136719
v 0.38769531 0.10253906 0.15136719
v 0.38769531 0.10644531 0.15332031
v 0.38769531 0.10449219 0.16308594
v 0.38769531 0.10253906 0.17285156
v 0.38769531 0.10253906 0.17285156
v 0.38769531 0.09863281 0.17089844
v 0.38769531 0.10644531 0.16503906
v 0.38769531 0.10644531 0.16503906
v 0.38378906 0.11035156 0.16503906
v 0.38378906 0.11035156 0.16503906
v 0.37988281 0.11425781 0.15527344
v 0.37597656 0.11425781 0.15527344
v 0.37597656 0.11425781 0.15527344
v 0.37597656 0.11425781 0.15527344
v 0.37207031 0.11035156 0.15332031
v 0.37207031 0.11035156 0.15332031
v 0.37207031 0.11035156 0.15332031
v 0.37207031 0.10644531 0.15332031
v 0.37207031 0.10253906 0.15136719
v 0.37207031 0.10253906 0.15136719
v 0.37207031 0.10253906 0.15136719
v 0.37597656 0.10058594 0.15136719
v 0.37597656 0.10058594 0.15136719
v 0.37988281 0.09863281 0.15136719
v 0.37988281 0.09863281 0.15136719
v 0.38378906 0.10058594 0.15136719
v 0.38378906 0.10058594 0.15136719
v 0.38378906 0.10058594 0.15136719
v 0.38378906 0.10058594 0.15136719
v 0.38378906 0.09667969 0.15917969
v 0.38378906 0.09667969 0.15917969
v 0.38378906 0.09667969 0.15917969
v 0.38769531 0.10058594 0.16113281
v 0.38769531 0.10058594 0.16113281
v 0.38769531 0.09472656 0.16699219
v 0.38769531 0.09472656 0.16699219
v 0.38574219 0.09082031 0.17285156
v 0.38574219 0.09082031 0.17285156
v 0.38769531 0.09277344 0.17675781
v 0.38769531 0.09472656 0.17871094
v 0.38769531 0.09472656 0.17871094
v 0.38378906 0.10449219 0.17480469
v 0.38378906 0.10449219 0.17480469
v 0.38378906 0.10449219 0.17480469
v 0.37988281 0.11035156 0.16503906
v 0.37597656 0.11035156 0.16503906
v 0.37597656 0.11035156 0.16503906
v 0.37207031 0.10839844 0.16503906
v 0.37207031 0.10839844 0.16503906
v 0.37207031 0.10449219 0.16308594
v 0.37207031 0.10058594 0.16113281
v 0.37207031 0.10058594 0.16113281
v 0.37597656 0.09667969 0.15917969
v 0.37597656 0.09667969 0.15917969
v 0.37988281 0.09667969 0.15917969
v 0.37988281 0.09667969 0.15917969
v 0.37988281 0.09667969 0.15917969
v 0.37988281 0.09667969 0.15917969
v 0.37988281 0.09277344 0.16503906
v 0.38378906 0.09277344 0.16503906
v 0.38378906 0.09277344 0.16503906
v 0.38378906 0.08886719 0.17089844
v 0.38378906 0.08300781 0.17285156
v 0.38378906 0.08300781 0.17285156
v 0.38378906 0.08300781 0.17285156
v 0.38574219 0.08300781 0.17480469
v 0.38574219 0.08300781 0.17480469
v 0.38769531 0.08496094 0.17871094
v 0.38769531 0.08496094 0.17871094
v 0.38574219 0.08496094 0.18261719
v 0.38574219 0.08496094 0.18261719
v 0.38574219 0.08496094 0.18261719
v 0.38574219 0.08496094 0.18261719
v 0.38378906 0.09667969 0.18261719
v 0.38378906 0.09667969 0.18261719
v 0.38378906 0.09667969 0.18261719
v 0.38378906 0.09667969 0.18261719
v 0.37988281 0.10449219 0.17480469
v 0.37988281 0.10449219 0.17480469
v 0.37597656 0.10449219 0.17480469
v 0.37597656 0.10449219 0.17480469
v 0.37207031 0.10253906 0.17285156
v 0.37207031 0.10253906 0.17285156
v 0.37207031 0.09863281 0.17089844
v 0.37207031 0.09667969 0.16699219
v 0.37207031 0.09667969 0.16699219
v 0.37597656 0.09277344 0.16503906
v 0.37988281 0.08886719 0.16894531
v 0.37988281 0.08886719 0.16894531
v 0.37988281 0.08300781 0.17089844
v 0.37988281 0.08300781 0.17089844
v 0.37988281 0.08300781 0.17089844
v 0.38378906 0.07519531 0.17285156
v 0.38378906 0.07519531 0.17285156
v 0.38378906 0.07519531 0.17285156
v 0.38574219 0.07519531 0.17675781
v 0.38574219 0.07519531 0.17675781
v 0.38769531 0.07519531 0.18066406
v 0.38769531 0.07519531 0.18457031
v 0.38769531 0.07519531 0.18457031
v 0.38769531 0.07519531 0.18457031
v 0.38378906 0.07519531 0.18652344
v 0.38378906 0.08691406 0.18652344
v 0.38378906 0.08691406 0.18652344
v 0.38378906 0.08691406 0.18652344
v 0.37988281 0.09667969 0.18261719
v 0.37988281 0.09667969 0.18261719
v 0.37597656 0.09667969 0.18261719
v 0.37597656 0.09667969 0.18261719
v 0.37207031 0.09472656 0.17871094
v 0.37207031 0.09472656 0.17871094
v 0.37207031 0.09277344 0.17675781
v 0.37207031 0.09082031 0.17285156
v 0.37207031 0.09082031 0.17285156
v 0.37597656 0.08886719 0.17089844
v 0.37597656 0.08300781 0.17285156
v 0.37597656 0.08300781 0.17285156
v 0.37597656 0.08300781 0.17285156
v 0.37597656 0.08300781 0.17285156
v 0.37597656 0.07519531 0.17285156
v 0.37597656 0.07519531 0.17285156
v 0.37988281 0.07519531 0.17285156
v 0.38183594 0.04980469 0.17089844
v 0.38183594 0.04980469 0.17089844
v 0.38574219 0.04980469 0.17285156
v 0.38574219 0.04980469 0.17285156
v 0.38574219 0.04980469 0.17285156
v 0.38769531 0.04980469 0.17480469
v 0.38769531 0.04980469 0.17480469
v 0.38769531 0.04980469 0.17480469
v 0.38964844 0.04980469 0.17871094
v 0.38964844 0.04980469 0.17871094
v 0.38769531 0.04980469 0.18261719
v 0.38769531 0.04980469 0.18261719
v 0.38769531 0.04980469 0.18261719
v 0.38574219 0.04785156 0.18652344
v 0.38574219 0.04785156 0.18652344
v 0.38574219 0.04785156 0.18652344
v 0.38574219 0.04785156 0.18652344
v 0.38183594 0.04785156 0.18652344
v 0.38183594 0.04785156 0.18652344
v 0.37988281 0.07519531 0.18847656
v 0.37988281 0.08691406 0.18652344
v 0.37597656 0.08691406 0.18652344
v 0.37597656 0.08691406 0.18652344
v 0.37597656 0.08691406 0.18652344
v 0.37597656 0.08691406 0.18652344
v 0.37207031 0.08496094 0.18457031
v 0.37207031 0.08496094 0.18457031
v 0.37207031 0.08496094 0.18457031
v 0.37207031 0.08496094 0.17871094
v 0.37207031 0.08300781 0.17480469
v 0.37207031 0.08300781 0.17480469
v 0.37207031 0.08300781 0.17480469
v 0.37207031 0.07519531 0.17675781
v 0.37207031 0.07519531 0.17675781
v 0.37207031 0.07519531 0.17675781
v 0.37402344 0.04785156 0.17480469
v 0.37402344 0.04785156 0.17480469
v 0.37402344 0.04785156 0.17480469
v 0.37402344 0.04785156 0.17480469
v 0.37792969 0.04785156 0.17285156
v 0.37792969 0.04785156 0.17285156
v 0.37792969 0.04785156 0.17285156
v 0.37792969 0.04785156 0.17285156
v 0.37792969 0.04785156 0.18652344
v 0.37792969 0.04785156 0.18652344
v 0.37597656 0.07519531 0.18847656
v 0.37597656 0.07519531 0.18847656
v 0.37597656 0.07519531 0.18847656
v 0.37207031 0.07519531 0.18457031
v 0.37207031 0.07519531 0.18457031
v 0.37207031 0.07519531 0.18457031
v 0.37207031 0.07519531 0.18457031
v 0.37207031 0.07519531 0.18066406
v 0.37402344 0.04785156 0.18066406
v 0.37402344 0.04785156 0.18066406
v 0.37402344 0.04785156 0.18457031
v 0.37402344 0.04785156 0.18457031
v 0.37402344 0.04785156 0.18457031
v 0.37402344 0.04785156 0.18457031
v 0.03027344 0.06738281 0.14160156
v 0.02441407 0.11425781 0.13574219
v 0.02441407 0.11621094 0.11425781
v -0.22753906 0.07714844 -0.12988281
v -0.23144531 0.06738281 -0.13378906
v -0.23339844 0.07910156 -0.13574219
v -0.19824219 0.15527344 -0.07714844
v -0.20019531 0.15136719 -0.08300781
v -0.20605469 0.15917969 -0.07714844
v -0.20800781 0.15527344 -0.08300781
v -0.22753906 0.07714844 -0.12988281
v -0.18652344 0.14941406 -0.11425781
v -0.18261719 0.14550781 -0.10839844
v -0.46386719 0.02441406 -0.04394531
v -0.46386719 0.02441406 -0.04394531
v -0.46386719 0.02441406 -0.04394531
v -0.45019531 0.02636719 -0.03417969
v -0.46582031 0.02636719 -0.04394531
v -0.46582031 0.02636719 -0.04394531
v -0.46582031 0.02636719 -0.04394531
v -0.47753906 0.01855469 -0.03027344
v -0.47753906 0.01855469 -0.03027344
v -0.47753906 0.01855469 -0.03027344
v -0.47753906 0.01855469 -0.03027344
v -0.46582031 0.02246094 -0.01660156
v -0.46582031 0.02246094 -0.01660156
v -0.47753906 0.01660156 -0.03027344
v -0.47753906 0.01660156 -0.03027344
v -0.47753906 0.01660156 -0.03027344
v -0.46582031 0.01855469 -0.01660156
v -0.46582031 0.01855469 -0.01660156
v -0.46582031 0.02636719 -0.01855469
v -0.46582031 0.02636719 -0.01855469
v -0.46582031 0.02636719 -0.01855469
v -0.46582031 0.02636719 -0.01855469
v -0.47558594 0.02246094 -0.03222656
v -0.47558594 0.02246094 -0.03222656
v -0.47558594 0.02246094 -0.03222656
v -0.47558594 0.02441406 -0.03417969
v -0.47558594 0.02441406 -0.03417969
v -0.46386719 0.03027344 -0.02050781
v -0.46386719 0.03027344 -0.02050781
v -0.47363281 0.02636719 -0.03613281
v -0.47363281 0.02636719 -0.03613281
v -0.47363281 0.02636719 -0.03613281
v -0.47363281 0.03027344 -0.04003906
v -0.47167969 0.02636719 -0.03808594
v -0.47167969 0.02636719 -0.03808594
v -0.46777344 0.02636719 -0.04199219
v -0.46777344 0.02636719 -0.04199219
v -0.47363281 0.03222656 -0.04199219
v -0.47753906 0.03027344 -0.03808594
v -0.47949219 0.02636719 -0.03417969
v -0.48144531 0.02441406 -0.03222656
v -0.48144531 0.02441406 -0.03222656
v -0.48144531 0.02050781 -0.03027344
v -0.48144531 0.02050781 -0.03027344
v -0.48144531 0.02050781 -0.03027344
v -0.48144531 0.02050781 -0.03027344
v -0.48144531 0.01464844 -0.03027344
v -0.48144531 0.01464844 -0.03027344
v -0.47949219 0.01074219 -0.03027344
v -0.47949219 0.01074219 -0.03027344
v -0.47558594 0.01269531 -0.03027344
v -0.47558594 0.01269531 -0.03027344
v -0.47558594 0.01269531 -0.03027344
v -0.46582031 0.01464844 -0.01660156
v -0.46582031 0.01464844 -0.01660156
v -0.46582031 0.01464844 -0.01660156
v -0.46582031 0.01464844 -0.01660156
v -0.46582031 0.01464844 -0.01660156
v -0.46582031 0.01464844 -0.01660156
v -0.46386719 0.01074219 -0.01660156
v -0.46386719 0.01074219 -0.01660156
v -0.46386719 0.01074219 -0.01660156
v -0.46386719 0.01074219 -0.01660156
v -0.46191406 0.03222656 -0.02246094
v -0.46191406 0.03222656 -0.02246094
v -0.46191406 0.03222656 -0.02246094
v -0.45800781 0.03222656 -0.02636719
v -0.45800781 0.03222656 -0.02636719
v -0.45605469 0.03222656 -0.02832031
v -0.45605469 0.03222656 -0.02832031
v -0.45605469 0.03222656 -0.02832031
v -0.45605469 0.03222656 -0.02832031
v -0.45605469 0.03222656 -0.02832031
v -0.45214844 0.03027344 -0.03222656
v -0.45214844 0.03027344 -0.03222656
v -0.45214844 0.03027344 -0.03222656
v -0.45214844 0.03027344 -0.03222656
v -0.45214844 0.03027344 -0.03222656
v -0.46191406 0.02050781 -0.04589844
v -0.46191406 0.02050781 -0.04589844
v -0.44824219 0.02050781 -0.03417969
v -0.46191406 0.01660156 -0.04589844
v -0.46191406 0.01660156 -0.04589844
v -0.46191406 0.01660156 -0.04589844
v -0.46191406 0.01660156 -0.04589844
v -0.44824219 0.01660156 -0.03417969
v -0.44824219 0.01660156 -0.03417969
v -0.44824219 0.01660156 -0.03417969
v -0.46191406 0.01464844 -0.04589844
v -0.46191406 0.01464844 -0.04589844
v -0.46191406 0.01464844 -0.04589844
v -0.46191406 0.01464844 -0.04589844
v -0.44824219 0.02441406 -0.03417969
v -0.44824219 0.02441406 -0.03417969
v -0.44824219 0.02441406 -0.03417969
v -0.44824219 0.01269531 -0.03222656
v -0.44824219 0.01269531 -0.03222656
v -0.44824219 0.01269531 -0.03222656
v -0.46386719 0.01074219 -0.04394531
v -0.46386719 0.01074219 -0.04394531
v -0.46386719 0.01074219 -0.04394531
v -0.45996094 0.00878906 -0.04785156
v -0.45996094 0.00878906 -0.04785156
v -0.45996094 0.01269531 -0.04980469
v -0.45996094 0.01269531 -0.04980469
v -0.45996094 0.01269531 -0.04980469
v -0.45996094 0.01660156 -0.04980469
v -0.45996094 0.01660156 -0.04980469
v -0.45996094 0.01660156 -0.04980469
v -0.45996094 0.01660156 -0.04980469
v -0.46191406 0.02246094 -0.04980469
v -0.46191406 0.02246094 -0.04980469
v -0.46386719 0.02636719 -0.04980469
v -0.46386719 0.02636719 -0.04980469
v -0.46777344 0.02832031 -0.04589844
v -0.46972656 0.03027344 -0.04394531
v -0.47167969 0.03417969 -0.04394531
v -0.47167969 0.03417969 -0.04394531
v -0.47558594 0.03417969 -0.04003906
v -0.47558594 0.03417969 -0.04003906
v -0.47949219 0.03417969 -0.03613281
v -0.47949219 0.03417969 -0.03613281
v -0.47949219 0.03417969 -0.03613281
v -0.47949219 0.03417969 -0.03613281
v -0.48144531 0.03027344 -0.03222656
v -0.48144531 0.03027344 -0.03222656
v -0.48339844 0.02636719 -0.03027344
v -0.48339844 0.02636719 -0.03027344
v -0.48339844 0.02636719 -0.03027344
v -0.48535156 0.02050781 -0.02832031
v -0.48535156 0.02050781 -0.02832031
v -0.48535156 0.02050781 -0.02832031
v -0.48535156 0.02050781 -0.02832031
v -0.48535156 0.01464844 -0.02636719
v -0.48535156 0.01464844 -0.02636719
v -0.48535156 0.01464844 -0.02636719
v -0.48535156 0.01464844 -0.02636719
v -0.48339844 0.00878906 -0.02636719
v -0.48339844 0.00878906 -0.02636719
v -0.47753906 0.00683594 -0.03027344
v -0.47753906 0.00683594 -0.03027344
v -0.47753906 0.00683594 -0.03027344
v -0.47558594 0.01074219 -0.03027344
v -0.47558594 0.01074219 -0.03027344
v -0.47558594 0.01074219 -0.03027344
v -0.47558594 0.01074219 -0.03027344
v -0.47363281 0.00878906 -0.03222656
v -0.47363281 0.00878906 -0.03222656
v -0.47363281 0.00878906 -0.03222656
v -0.47363281 0.00878906 -0.03222656
v -0.45996094 0.00878906 -0.01855469
v -0.45996094 0.00878906 -0.01855469
v -0.45996094 0.00878906 -0.01855469
v -0.45800781 0.00683594 -0.02050781
v -0.45800781 0.00683594 -0.02050781
v -0.45800781 0.00683594 -0.02050781
v -0.45800781 0.00683594 -0.02050781
v -0.45605469 0.00683594 -0.02441406
v -0.45605469 0.00683594 -0.02441406
v -0.45605469 0.00683594 -0.02441406
v -0.45214844 0.00683594 -0.02636719
v -0.45214844 0.00683594 -0.02636719
v -0.45214844 0.00683594 -0.02636719
v -0.45214844 0.00683594 -0.02636719
v -0.45019531 0.00878906 -0.03027344
v -0.45019531 0.00878906 -0.03027344
v -0.45019531 0.00878906 -0.03027344
v -0.45019531 0.00878906 -0.03027344
v -0.46386719 0.00878906 -0.04199219
v -0.46386719 0.00878906 -0.04199219
v -0.46386719 0.00878906 -0.04199219
v -0.46191406 0.00488281 -0.04589844
v -0.46191406 0.00488281 -0.04589844
v -0.46191406 0.00292969 -0.04589844
v -0.46191406 0.00292969 -0.04589844
v -0.45800781 0.00683594 -0.04980469
v -0.45800781 0.00683594 -0.04980469
v -0.45800781 0.01074219 -0.05175781
v -0.45800781 0.01074219 -0.05175781
v -0.45800781 0.01074219 -0.05175781
v -0.45800781 0.01660156 -0.05371094
v -0.45800781 0.01660156 -0.05371094
v -0.45800781 0.01660156 -0.05371094
v -0.45996094 0.02246094 -0.05175781
v -0.45996094 0.02246094 -0.05175781
v -0.45996094 0.02246094 -0.05175781
v -0.45996094 0.02246094 -0.05175781
v -0.45996094 0.02246094 -0.05175781
v -0.46191406 0.02832031 -0.05175781
v -0.46191406 0.02832031 -0.05175781
v -0.46582031 0.03222656 -0.04785156
v -0.46582031 0.03222656 -0.04785156
v -0.46582031 0.03222656 -0.04785156
v -0.46972656 0.03613281 -0.04199219
v -0.46972656 0.03613281 -0.04199219
v -0.46972656 0.03613281 -0.04199219
v -0.47363281 0.03613281 -0.03808594
v -0.47363281 0.03613281 -0.03808594
v -0.47363281 0.03613281 -0.03808594
v -0.47753906 0.03417969 -0.03417969
v -0.47753906 0.03417969 -0.03417969
v -0.47753906 0.03417969 -0.03417969
v -0.47949219 0.03027344 -0.03027344
v -0.47949219 0.03027344 -0.03027344
v -0.48144531 0.02636719 -0.02832031
v -0.48144531 0.02636719 -0.02832031
v -0.48339844 0.02050781 -0.02441406
v -0.48339844 0.02050781 -0.02441406
v -0.48339844 0.02050781 -0.02441406
v -0.48339844 0.02050781 -0.02441406
v -0.48339844 0.01464844 -0.02441406
v -0.48339844 0.01464844 -0.02441406
v -0.48339844 0.01464844 -0.02441406
v -0.48144531 0.00878906 -0.02441406
v -0.48144531 0.00878906 -0.02441406
v -0.47753906 0.00488281 -0.02636719
v -0.47753906 0.00488281 -0.02636719
v -0.47949219 0.00488281 -0.02832031
v -0.47949219 0.00488281 -0.02832031
v -0.47558594 0.00488281 -0.03222656
v -0.47558594 0.00488281 -0.03222656
v -0.47167969 0.00683594 -0.03417969
v -0.47167969 0.00683594 -0.03417969
v -0.47167969 0.00683594 -0.03417969
v -0.46777344 0.00683594 -0.03613281
v -0.46777344 0.00683594 -0.03613281
v -0.46582031 0.00683594 -0.04003906
v -0.46582031 0.00683594 -0.04003906
v -0.46582031 0.00683594 -0.04003906
v -0.46582031 0.00292969 -0.04199219
v -0.46582031 0.00292969 -0.04199219
v -0.46386719 -0.00097656 -0.04394531
v -0.46386719 -0.00097656 -0.04394531
v -0.46386719 -0.00097656 -0.04394531
v -0.46191406 -0.00097656 -0.04199219
v -0.46191406 -0.00097656 -0.04199219
v -0.46191406 -0.00097656 -0.04199219
v -0.46191406 -0.00097656 -0.04199219
v -0.46191406 -0.00097656 -0.04199219
v -0.45800781 0.00292969 -0.04589844
v -0.45800781 0.00292969 -0.04589844
v -0.45800781 0.00292969 -0.04589844
v -0.45605469 0.00683594 -0.04785156
v -0.45605469 0.00683594 -0.04785156
v -0.45605469 0.00683594 -0.04785156
v -0.45605469 0.01269531 -0.04980469
v -0.45605469 0.01269531 -0.04980469
v -0.45605469 0.01855469 -0.05175781
v -0.45605469 0.01855469 -0.05175781
v -0.45605469 0.01855469 -0.05175781
v -0.45605469 0.01855469 -0.05175781
v -0.45800781 0.02441406 -0.05175781
v -0.45800781 0.02441406 -0.05175781
v -0.45996094 0.02832031 -0.04980469
v -0.45996094 0.02832031 -0.04980469
v -0.45996094 0.02832031 -0.04980469
v -0.46386719 0.03222656 -0.04589844
v -0.46386719 0.03222656 -0.04589844
v -0.47363281 0.00097656 -0.02832031
v -0.47363281 0.00097656 -0.02832031
v -0.47363281 0.00097656 -0.02832031
v -0.47558594 0.00097656 -0.03222656
v -0.47558594 0.00097656 -0.03222656
v -0.47558594 0.00097656 -0.03222656
v -0.47167969 0.00292969 -0.03613281
v -0.47167969 0.00292969 -0.03613281
v -0.46972656 0.00292969 -0.03808594
v -0.46972656 0.00292969 -0.03808594
v -0.46777344 -0.00292969 -0.03808594
v -0.46777344 -0.00292969 -0.03808594
v -0.46582031 -0.00292969 -0.03613281
v -0.46582031 -0.00292969 -0.03613281
v -0.46972656 -0.00097656 -0.03222656
v -0.46972656 -0.00097656 -0.03222656
v -0.46972656 -0.00097656 -0.03222656
v -0.46972656 -0.00097656 -0.03222656
v -0.47167969 -0.00097656 -0.03417969
v -0.47167969 -0.00097656 -0.03417969
v -0.10449219 0.09472656 -0.00683594
v -0.10449219 0.09472656 -0.00683594
v -0.10449219 0.09472656 -0.00683594
v -0.10058594 0.09277344 -0.01269531
v -0.10058594 0.09277344 -0.01269531
v -0.10058594 0.09277344 -0.01269531
v -0.10058594 0.09277344 -0.01269531
v -0.08300781 0.06933594 -0.01464844
v -0.08300781 0.06933594 -0.01464844
v -0.08496094 0.07324219 -0.01269531
v -0.08496094 0.07324219 -0.01269531
v -0.08496094 0.07324219 -0.01269531
v -0.08496094 0.07519531 -0.00878906
v -0.08496094 0.07519531 -0.00878906
v -0.08496094 0.07519531 -0.00878906
v -0.08496094 0.07519531 -0.00878906
v -0.08496094 0.07519531 -0.00878906
v -0.08691406 0.07714844 -0.00097656
v -0.08691406 0.07714844 -0.00097656
v -0.08691406 0.07714844 -0.00488281
v -0.08691406 0.07714844 -0.00488281
v -0.08691406 0.07714844 -0.00488281
v -0.08691406 0.07714844 -0.00488281
v -0.09277344 0.07324219 -0.00878906
v -0.09277344 0.07324219 -0.00878906
v -0.09277344 0.07324219 -0.00878906
v -0.09277344 0.07324219 -0.00878906
v -0.09277344 0.07324219 -0.00878906
v -0.09277344 0.07324219 -0.00878906
v -0.09277344 0.07324219 -0.00878906
v -0.07519531 0.05371094 0.00878906
v -0.07519531 0.05371094 0.00878906
v -0.07519531 0.05371094 0.00878906
v -0.07519531 0.05371094 0.00878906
v -0.07519531 0.05371094 0.00878906
v -0.07714844 0.05566407 0.01269531
v -0.07714844 0.05566407 0.01269531
v -0.07714844 0.05566407 0.01269531
v -0.07714844 0.05566407 0.01269531
v -0.07714844 0.05566407 0.01269531
v -0.08105469 0.05761719 0.01464844
v -0.08105469 0.05761719 0.01464844
v -0.08105469 0.05761719 0.01464844
v -0.08105469 0.05761719 0.01464844
v -0.07910156 0.05957032 0.01464844
v -0.07910156 0.05957032 0.01464844
v -0.07910156 0.05957032 0.01464844
v -0.08105469 0.06347656 0.01464844
v -0.08105469 0.06347656 0.01464844
v -0.08105469 0.06347656 0.01464844
v -0.08105469 0.06347656 0.01464844
v -0.08105469 0.06347656 0.01464844
v -0.08105469 0.06347656 0.01464844
v -0.08496094 0.07128906 0.03613282
v -0.08496094 0.07128906 0.03613282
v -0.08496094 0.07128906 0.03613282
v -0.08496094 0.07128906 0.03613282
v -0.08496094 0.07128906 0.03613282
v -0.08300781 0.06542969 0.02832031
v -0.08300781 0.06542969 0.02832031
v -0.08300781 0.06542969 0.02832031
v -0.08691406 0.06933594 0.02832031
v -0.08691406 0.06933594 0.02832031
v -0.08691406 0.06933594 0.02832031
v -0.08691406 0.06933594 0.02832031
v -0.08300781 0.06542969 0.02050781
v -0.08300781 0.06542969 0.02050781
v -0.08496094 0.06738281 0.02050781
v -0.08496094 0.06738281 0.02050781
v -0.08496094 0.06738281 0.02050781
v -0.09082031 0.06738281 0.02832031
v -0.09082031 0.06738281 0.02832031
v -0.09277344 0.06542969 0.02050781
v -0.09277344 0.06542969 0.02050781
v -0.09277344 0.06542969 0.02050781
v -0.08886719 0.06738281 0.02050781
v -0.08496094 0.06738281 0.01464844
v -0.08496094 0.06738281 0.01464844
v -0.08496094 0.06738281 0.01464844
v -0.08496094 0.06738281 0.01464844
v -0.08300781 0.06933594 0.01464844
v -0.08300781 0.06933594 0.01464844
v -0.08300781 0.06933594 0.01464844
v -0.08496094 0.07324219 0.01269531
v -0.08496094 0.07324219 0.01269531
v -0.08496094 0.07324219 0.01269531
v -0.08496094 0.07324219 0.01269531
v -0.07910156 0.06542969 -0.00097656
v -0.07910156 0.06542969 -0.00097656
v -0.07910156 0.06542969 -0.00097656
v -0.07910156 0.06542969 -0.00097656
v -0.07910156 0.06542969 -0.00097656
v -0.07910156 0.06542969 -0.00097656
v -0.07910156 0.06542969 -0.00097656
v -0.07910156 0.06542969 -0.00097656
v -0.07910156 0.06542969 -0.00097656
v -0.07910156 0.06542969 -0.00097656
v -0.07519531 0.05175781 0.00488281
v -0.07519531 0.05175781 0.00488281
v -0.07519531 0.04980469 -0.00097656
v -0.07519531 0.04980469 -0.00097656
v -0.07519531 0.04980469 -0.00097656
v -0.07714844 0.05566407 -0.01269531
v -0.07714844 0.05566407 -0.01269531
v -0.07714844 0.05566407 -0.01269531
v -0.07714844 0.05566407 -0.01269531
v -0.07910156 0.05957032 -0.01464844
v -0.07910156 0.05957032 -0.01464844
v -0.08105469 0.05761719 -0.01464844
v -0.08105469 0.05761719 -0.01464844
v -0.08105469 0.05761719 -0.01464844
v -0.08105469 0.05761719 -0.01464844
v -0.08105469 0.05761719 -0.02832031
v -0.08105469 0.05761719 -0.02832031
v -0.08105469 0.05761719 -0.02832031
v -0.08105469 0.05761719 -0.02050781
v -0.08105469 0.05761719 -0.02050781
v -0.08105469 0.05761719 -0.02050781
v -0.08300781 0.05566407 -0.02832031
v -0.08300781 0.05566407 -0.02832031
v -0.08496094 0.05566407 -0.02050781
v -0.08691406 0.05566407 -0.01464844
v -0.08691406 0.05566407 -0.01464844
v -0.08691406 0.05566407 -0.01464844
v -0.08691406 0.05566407 -0.01464844
v -0.08886719 0.04980469 -0.01269531
v -0.08886719 0.04980469 -0.01269531
v -0.08886719 0.04980469 -0.01269531
v -0.09082031 0.05371094 -0.01464844
v -0.09082031 0.05371094 -0.01464844
v -0.09863281 0.06933594 -0.00878906
v -0.09863281 0.06933594 -0.00878906
v -0.09863281 0.06933594 -0.00878906
v -0.09863281 0.06933594 -0.00878906
v -0.09863281 0.07128906 -0.00488281
v -0.09863281 0.07128906 -0.00488281
v -0.09863281 0.07128906 -0.00488281
v -0.09863281 0.07128906 -0.00097656
v -0.09863281 0.07128906 -0.00097656
v -0.09472656 0.05761719 -0.00097656
v -0.09667969 0.06738281 -0.01269531
v -0.09667969 0.06738281 -0.01269531
v -0.09667969 0.06738281 -0.01269531
v -0.09667969 0.06738281 -0.01269531
v -0.09472656 0.06347656 -0.01464844
v -0.09472656 0.06347656 -0.01464844
v -0.09277344 0.05761719 -0.01464844
v -0.09277344 0.05761719 -0.01464844
v -0.08886719 0.04980469 0.01269531
v -0.08886719 0.04980469 0.01269531
v -0.08886719 0.04980469 0.01269531
v -0.09082031 0.05371094 0.01464844
v -0.09082031 0.05371094 0.01464844
v -0.09277344 0.05761719 0.01464844
v -0.09277344 0.05761719 0.01464844
v -0.09472656 0.06347656 0.01464844
v -0.09472656 0.06347656 0.01464844
v -0.09667969 0.06738281 0.01269531
v -0.09667969 0.06738281 0.01269531
v -0.09667969 0.06738281 0.01269531
v -0.09667969 0.06738281 0.01269531
v -0.09277344 0.06542969 0.01464844
v -0.09277344 0.06542969 0.01464844
v -0.09277344 0.06542969 0.01464844
v -0.09277344 0.06542969 0.01464844
v -0.09082031 0.05957032 0.01464844
v -0.09082031 0.05957032 0.01464844
v -0.09082031 0.05957032 0.01464844
v -0.08691406 0.05566407 0.01464844
v -0.08691406 0.05566407 0.01464844
v -0.08691406 0.05566407 0.01464844
v -0.08691406 0.05566407 0.01464844
v -0.08496094 0.05566407 0.01269531
v -0.08496094 0.05566407 0.01269531
v -0.08496094 0.05566407 0.01269531
v -0.08496094 0.05566407 0.01269531
v -0.08496094 0.05566407 0.01269531
v -0.08886719 0.04785156 0.00878906
v -0.08886719 0.04785156 0.00878906
v -0.08886719 0.04785156 0.00878906
v -0.08886719 0.04785156 0.00878906
v -0.08691406 0.04589844 0.00488281
v -0.08691406 0.04589844 0.00488281
v -0.08691406 0.04589844 0.00488281
v -0.08691406 0.04589844 -0.00097656
v -0.08691406 0.04589844 -0.00097656
v -0.08691406 0.04589844 -0.00488281
v -0.08691406 0.04589844 -0.00488281
v -0.08691406 0.04589844 -0.00488281
v -0.08886719 0.04785156 -0.00878906
v -0.08886719 0.04785156 -0.00878906
v -0.08886719 0.04785156 -0.00878906
v -0.08886719 0.04785156 -0.00878906
v -0.08496094 0.05566407 -0.01269531
v -0.08496094 0.05566407 -0.01269531
v -0.08496094 0.05566407 -0.01269531
v -0.08496094 0.05566407 -0.01269531
v -0.08496094 0.05566407 -0.01269531
v -0.08496094 0.05566407 -0.01269531
v -0.07519531 0.05371094 -0.00878906
v -0.07519531 0.05371094 -0.00878906
v -0.07519531 0.05371094 -0.00878906
v -0.07519531 0.05175781 -0.00488281
v -0.07519531 0.05175781 -0.00488281
v -0.07910156 0.04785156 -0.00097656
v -0.07910156 0.04785156 -0.00097656
v -0.07910156 0.04785156 -0.00097656
v -0.07910156 0.04785156 -0.00097656
v -0.07910156 0.04785156 -0.00097656
v -0.07910156 0.04785156 -0.00097656
v -0.06542969 0.02832031 -0.00097656
v -0.06738281 0.02832031 -0.00097656
v -0.06738281 0.02832031 -0.00097656
v -0.06738281 0.02832031 -0.00097656
v -0.06542969 0.02832031 0.00683594
v -0.06542969 0.02832031 0.00683594
v -0.06542969 0.03027344 0.01464844
v -0.06542969 0.03027344 0.01464844
v -0.06542969 0.03027344 0.01464844
v -0.06933594 0.02832031 0.00683594
v -0.06933594 0.02832031 0.00683594
v -0.06933594 0.02832031 0.00683594
v -0.06933594 0.02832031 0.00683594
v -0.08105469 0.04980469 0.00878906
v -0.08105469 0.04980469 0.00878906
v -0.08105469 0.04980469 0.00878906
v -0.08105469 0.04980469 0.00878906
v -0.08105469 0.04980469 0.00878906
v -0.08105469 0.04980469 0.00878906
v -0.08105469 0.04980469 0.00878906
v -0.08300781 0.04785156 -0.00097656
v -0.08300781 0.04785156 -0.00097656
v -0.06152343 0.02636719 -0.00097656
v -0.06152343 0.02636719 -0.00097656
v -0.06152343 0.02441406 -0.00097656
v -0.06152343 0.02441406 -0.00878906
v -0.06347656 0.02050781 -0.00878906
v -0.06347656 0.02050781 -0.00878906
v -0.06152343 0.01855469 -0.00097656
v -0.06152343 0.01855469 -0.00097656
v -0.06152343 0.01855469 -0.00097656
v -0.06152343 0.01855469 -0.00097656
v -0.06542969 0.01660156 -0.00878906
v -0.06542969 0.01660156 -0.00878906
v -0.06542969 0.01660156 -0.00097656
v -0.06933594 0.01660156 -0.00097656
v -0.06933594 0.01660156 -0.00878906
v -0.07519531 0.01855469 -0.00878906
v -0.07519531 0.01855469 -0.00878906
v -0.07519531 0.01855469 -0.00878906
v -0.07519531 0.01855469 -0.00097656
v -0.07519531 0.01855469 -0.00097656
v -0.07714844 0.02441406 -0.00683594
v -0.07714844 0.02441406 -0.00683594
v -0.07714844 0.02441406 -0.00683594
v -0.07714844 0.02441406 -0.00683594
v -0.07714844 0.02246094 -0.00097656
v -0.07714844 0.02246094 -0.00097656
v -0.07714844 0.02246094 -0.00097656
v -0.07324219 0.02636719 -0.00097656
v -0.07324219 0.02636719 -0.00097656
v -0.07324219 0.02636719 -0.00097656
v -0.07324219 0.02832031 -0.00683594
v -0.07324219 0.02832031 -0.00683594
v -0.07324219 0.02832031 -0.00683594
v -0.07324219 0.02832031 -0.00683594
v -0.08105469 0.04980469 -0.00878906
v -0.08105469 0.04980469 -0.00878906
v -0.08105469 0.04980469 -0.00878906
v -0.08105469 0.04980469 -0.00878906
v -0.08105469 0.04980469 -0.00878906
v -0.08105469 0.04980469 -0.00878906
v -0.08105469 0.04980469 -0.00878906
v -0.06933594 0.02832031 -0.00683594
v -0.06933594 0.02832031 -0.00683594
v -0.06933594 0.02832031 -0.00683594
v -0.06542969 0.02832031 -0.00683594
v -0.06542969 0.02832031 -0.00683594
v -0.06152343 0.02636719 -0.00878906
v -0.06152343 0.02636719 -0.00878906
v -0.06347656 0.02636719 -0.01660156
v -0.06347656 0.02246094 -0.01855469
v -0.06347656 0.02246094 -0.01855469
v -0.06738281 0.01855469 -0.01855469
v -0.06738281 0.01855469 -0.01855469
v -0.07128906 0.01855469 -0.01855469
v -0.07128906 0.01855469 -0.01855469
v -0.07519531 0.02246094 -0.01660156
v -0.07519531 0.02246094 -0.01660156
v -0.07519531 0.02246094 -0.01660156
v -0.07519531 0.02246094 -0.01660156
v -0.07714844 0.02441406 -0.01464844
v -0.07714844 0.02441406 -0.01464844
v -0.07714844 0.02441406 -0.01464844
v -0.07714844 0.02441406 -0.01464844
v -0.07128906 0.03027344 -0.01269531
v -0.07128906 0.03027344 -0.01269531
v -0.07128906 0.03027344 -0.01269531
v -0.07128906 0.03027344 -0.01269531
v -0.07128906 0.03027344 -0.01269531
v -0.06542969 0.03027344 -0.01464844
v -0.06542969 0.03027344 -0.01464844
v -0.06542969 0.03027344 -0.01464844
v -0.06347656 0.02832031 -0.01660156
v -0.06347656 0.02832031 -0.01660156
v -0.06347656 0.02832031 -0.01660156
v -0.06347656 0.03027344 -0.02441406
v -0.06347656 0.03027344 -0.02441406
v -0.06542969 0.02636719 -0.02636719
v -0.06542969 0.02636719 -0.02636719
v -0.06933594 0.02246094 -0.02636719
v -0.06933594 0.02246094 -0.02636719
v -0.06933594 0.02246094 -0.02636719
v -0.07324219 0.02246094 -0.02636719
v -0.07324219 0.02246094 -0.02636719
v -0.07324219 0.02246094 -0.02636719
v -0.07324219 0.02246094 -0.02636719
v -0.07714844 0.02441406 -0.02441406
v -0.07714844 0.02441406 -0.02441406
v -0.07714844 0.02441406 -0.02441406
v -0.07714844 0.02441406 -0.02441406
v -0.07910156 0.02832031 -0.02246094
v -0.07910156 0.02832031 -0.02246094
v -0.07324219 0.03222656 -0.01855469
v -0.07324219 0.03222656 -0.01855469
v -0.06738281 0.03417969 -0.02050781
v -0.06738281 0.03417969 -0.02050781
v -0.06542969 0.03222656 -0.02246094
v -0.06542969 0.03222656 -0.02246094
v -0.06738281 0.03808594 -0.02832031
v -0.06738281 0.03808594 -0.02832031
v -0.06738281 0.03613281 -0.03027344
v -0.06738281 0.03613281 -0.03027344
v -0.06738281 0.03222656 -0.03417969
v -0.06738281 0.03222656 -0.03417969
v -0.07128906 0.02832031 -0.03417969
v -0.07128906 0.02832031 -0.03417969
v -0.07519531 0.02832031 -0.03417969
v -0.07519531 0.02832031 -0.03417969
v -0.07910156 0.03027344 -0.03027344
v -0.07910156 0.03027344 -0.03027344
v -0.08105469 0.03222656 -0.02832031
v -0.08105469 0.03222656 -0.02832031
v -0.08105469 0.03222656 -0.02832031
v -0.07519531 0.03613281 -0.02441406
v -0.07519531 0.03613281 -0.02441406
v -0.06933594 0.03808594 -0.02636719
v -0.06933594 0.03808594 -0.02636719
v -0.06933594 0.04394531 -0.03417969
v -0.06933594 0.04394531 -0.03417969
v -0.07324219 0.04980469 -0.03808594
v -0.07324219 0.04980469 -0.03808594
v -0.06933594 0.04199219 -0.03613281
v -0.07128906 0.03808594 -0.04003906
v -0.07128906 0.03808594 -0.04003906
v -0.07519531 0.03613281 -0.04003906
v -0.07519531 0.03613281 -0.04003906
v -0.07910156 0.03417969 -0.04003906
v -0.07910156 0.03417969 -0.04003906
v -0.07910156 0.03417969 -0.04003906
v -0.07910156 0.03417969 -0.04003906
v -0.08105469 0.03613281 -0.03613281
v -0.08105469 0.03613281 -0.03613281
v -0.08300781 0.03808594 -0.03222656
v -0.08300781 0.03808594 -0.03222656
v -0.08300781 0.03808594 -0.03222656
v -0.07714844 0.04199219 -0.02832031
v -0.07714844 0.04199219 -0.02832031
v -0.07128906 0.04394531 -0.03027344
v -0.07519531 0.04980469 -0.03417969
v -0.07519531 0.04980469 -0.03417969
v -0.07910156 0.05761719 -0.03613281
v -0.07910156 0.05761719 -0.03613281
v -0.07910156 0.05761719 -0.03613281
v -0.07714844 0.05761719 -0.04003906
v -0.07714844 0.05761719 -0.04003906
v -0.07324219 0.04785156 -0.04003906
v -0.07324219 0.04785156 -0.04003906
v -0.07324219 0.04785156 -0.04003906
v -0.07324219 0.04589844 -0.04394531
v -0.07324219 0.04589844 -0.04394531
v -0.07324219 0.04589844 -0.04394531
v -0.07714844 0.04394531 -0.04589844
v -0.07714844 0.04394531 -0.04589844
v -0.07714844 0.04394531 -0.04589844
v -0.08105469 0.04199219 -0.04394531
v -0.08105469 0.04199219 -0.04394531
v -0.08105469 0.04199219 -0.04394531
v -0.08105469 0.04199219 -0.04394531
v -0.08496094 0.04199219 -0.04003906
v -0.08496094 0.04199219 -0.04003906
v -0.08496094 0.04394531 -0.03613281
v -0.08496094 0.04394531 -0.03613281
v -0.07910156 0.04785156 -0.03222656
v -0.07910156 0.04785156 -0.03222656
v -0.07910156 0.04785156 -0.03222656
v -0.07910156 0.04785156 -0.03222656
v -0.08300781 0.05371094 -0.03417969
v -0.08300781 0.05371094 -0.03417969
v -0.08300781 0.05371094 -0.03417969
v -0.08300781 0.05371094 -0.03417969
v -0.08691406 0.05371094 -0.03613281
v -0.08691406 0.05371094 -0.03613281
v -0.08691406 0.05371094 -0.03613281
v -0.08691406 0.05371094 -0.02832031
v -0.08691406 0.05371094 -0.02832031
v -0.08691406 0.05371094 -0.02832031
v -0.08691406 0.05371094 -0.02832031
v -0.08691406 0.05371094 -0.02832031
v -0.08691406 0.05566407 -0.02050781
v -0.08691406 0.05566407 -0.02050781
v -0.08691406 0.05566407 -0.02050781
v -0.09082031 0.05957032 -0.01464844
v -0.09082031 0.05957032 -0.01464844
v -0.09082031 0.05957032 -0.01464844
v -0.09277344 0.06542969 -0.01464844
v -0.09277344 0.06542969 -0.01464844
v -0.09277344 0.06542969 -0.01464844
v -0.09277344 0.06542969 -0.01464844
v -0.08886719 0.06738281 -0.01269531
v -0.08886719 0.06738281 -0.01269531
v -0.08886719 0.06738281 -0.01269531
v -0.08886719 0.06738281 -0.01269531
v -0.08886719 0.06738281 -0.01269531
v -0.08886719 0.06738281 -0.01269531
v -0.08496094 0.06738281 -0.01464844
v -0.08496094 0.06738281 -0.01464844
v -0.08496094 0.06738281 -0.01464844
v -0.08105469 0.06347656 -0.01464844
v -0.08105469 0.06347656 -0.01464844
v -0.08105469 0.06347656 -0.01464844
v -0.08105469 0.06347656 -0.01464844
v -0.08105469 0.06347656 -0.01464844
v -0.08105469 0.06152344 -0.02050781
v -0.08105469 0.06152344 -0.02832031
v -0.08105469 0.06152344 -0.03613281
v -0.08105469 0.06152344 -0.03613281
v -0.07910156 0.06347656 -0.04003906
v -0.07910156 0.06347656 -0.04003906
v -0.07519531 0.05566407 -0.04394531
v -0.07519531 0.05566407 -0.04394531
v -0.07519531 0.05566407 -0.04394531
v -0.07519531 0.05566407 -0.04394531
v -0.07714844 0.05371094 -0.04589844
v -0.07714844 0.05371094 -0.04589844
v -0.07714844 0.05371094 -0.04589844
v -0.07714844 0.05371094 -0.04589844
v -0.08105469 0.05371094 -0.04785156
v -0.08496094 0.05175781 -0.04785156
v -0.08496094 0.05175781 -0.04785156
v -0.08691406 0.04980469 -0.04394531
v -0.08886719 0.04980469 -0.04003906
v -0.08886719 0.04980469 -0.04003906
v -0.08886719 0.04980469 -0.04003906
v -0.08886719 0.04980469 -0.04003906
v -0.08886719 0.04980469 -0.04003906
v -0.09082031 0.05957032 -0.03613281
v -0.09082031 0.05957032 -0.03613281
v -0.09082031 0.05957032 -0.02832031
v -0.09082031 0.05957032 -0.02050781
v -0.09082031 0.05957032 -0.02050781
v -0.09082031 0.05957032 -0.02050781
v -0.09277344 0.06542969 -0.02050781
v -0.09277344 0.06542969 -0.02050781
v -0.09277344 0.06542969 -0.02050781
v -0.08886719 0.06738281 -0.02050781
v -0.08496094 0.06738281 -0.02050781
v -0.08496094 0.06738281 -0.02050781
v -0.08496094 0.06738281 -0.02050781
v -0.08300781 0.06542969 -0.02050781
v -0.08300781 0.06542969 -0.02050781
v -0.08300781 0.06542969 -0.02832031
v -0.08300781 0.06542969 -0.02832031
v -0.08300781 0.06542969 -0.03613281
v -0.08300781 0.06542969 -0.03613281
v -0.08105469 0.06542969 -0.04003906
v -0.08105469 0.06542969 -0.04003906
v -0.07910156 0.06347656 -0.04394531
v -0.07910156 0.06347656 -0.04394531
v -0.07910156 0.06347656 -0.04394531
v -0.08300781 0.06347656 -0.04785156
v -0.08496094 0.06152344 -0.04980469
v -0.08496094 0.06152344 -0.04980469
v -0.08886719 0.05957032 -0.04785156
v -0.08886719 0.05957032 -0.04785156
v -0.09277344 0.05957032 -0.04589844
v -0.09277344 0.05957032 -0.04589844
v -0.09277344 0.05957032 -0.04589844
v -0.09277344 0.05957032 -0.04589844
v -0.09277344 0.05761719 -0.04003906
v -0.09277344 0.05761719 -0.04003906
v -0.09277344 0.06542969 -0.03613281
v -0.09277344 0.06542969 -0.03613281
v -0.09277344 0.06542969 -0.03613281
v -0.09277344 0.06542969 -0.02832031
v -0.09277344 0.06542969 -0.02832031
v -0.09277344 0.06542969 -0.02832031
v -0.09082031 0.06738281 -0.02832031
v -0.09082031 0.06738281 -0.02832031
v -0.09082031 0.06738281 -0.02832031
v -0.08691406 0.06933594 -0.02832031
v -0.08691406 0.06933594 -0.02832031
v -0.08691406 0.06933594 -0.02832031
v -0.08496094 0.07128906 -0.03613281
v -0.08496094 0.07128906 -0.03613281
v -0.08496094 0.07128906 -0.03613281
v -0.08496094 0.07128906 -0.03613281
v -0.08496094 0.07128906 -0.03613281
v -0.08300781 0.07128906 -0.04003906
v -0.08300781 0.07128906 -0.04003906
v -0.08300781 0.07324219 -0.04394531
v -0.08300781 0.07324219 -0.04394531
v -0.08300781 0.07324219 -0.04394531
v -0.08496094 0.07324219 -0.04589844
v -0.08886719 0.07128906 -0.04785156
v -0.08886719 0.07128906 -0.04785156
v -0.09277344 0.06933594 -0.04785156
v -0.09277344 0.06933594 -0.04785156
v -0.09667969 0.06738281 -0.04394531
v -0.09667969 0.06738281 -0.04394531
v -0.09667969 0.06738281 -0.04003906
v -0.09667969 0.06738281 -0.04003906
v -0.09667969 0.06738281 -0.04003906
v -0.09667969 0.06738281 -0.04003906
v -0.09082031 0.06933594 -0.03417969
v -0.09082031 0.06933594 -0.03417969
v -0.09082031 0.06933594 -0.03417969
v -0.09082031 0.06933594 -0.03417969
v -0.09082031 0.06933594 -0.03417969
v -0.09082031 0.06933594 -0.03417969
v -0.08886719 0.07714844 -0.03417969
v -0.08886719 0.07714844 -0.03417969
v -0.08886719 0.07714844 -0.03417969
v -0.08886719 0.07714844 -0.03417969
v -0.08691406 0.07910156 -0.03808594
v -0.08691406 0.07910156 -0.03808594
v -0.08691406 0.08105469 -0.04003906
v -0.08691406 0.08105469 -0.04003906
v -0.08691406 0.08105469 -0.04003906
v -0.09082031 0.08105469 -0.04394531
v -0.09082031 0.08105469 -0.04394531
v -0.09472656 0.07910156 -0.04589844
v -0.09472656 0.07910156 -0.04589844
v -0.09472656 0.07910156 -0.04589844
v -0.09863281 0.07714844 -0.04394531
v -0.09863281 0.07714844 -0.04394531
v -0.09863281 0.07714844 -0.04394531
v -0.09863281 0.07714844 -0.04394531
v -0.10058594 0.07519531 -0.04199219
v -0.10058594 0.07519531 -0.04199219
v -0.10058594 0.07324219 -0.03613281
v -0.10058594 0.07324219 -0.03613281
v -0.09277344 0.07519531 -0.03222656
v -0.09277344 0.07519531 -0.03222656
v -0.09277344 0.07519531 -0.03222656
v -0.09277344 0.07519531 -0.03222656
v -0.09082031 0.08300781 -0.03027344
v -0.09082031 0.08300781 -0.03027344
v -0.09082031 0.08300781 -0.03027344
v -0.09082031 0.08691406 -0.03417969
v -0.09082031 0.08691406 -0.03417969
v -0.09082031 0.08691406 -0.03613281
v -0.09082031 0.08691406 -0.03613281
v -0.09082031 0.08691406 -0.03613281
v -0.09472656 0.08886719 -0.04003906
v -0.09472656 0.08886719 -0.04003906
v -0.09472656 0.08886719 -0.04003906
v -0.09863281 0.08691406 -0.04003906
v -0.09863281 0.08691406 -0.04003906
v -0.09863281 0.08691406 -0.04003906
v -0.09863281 0.08691406 -0.04003906
v -0.09863281 0.08691406 -0.04003906
v -0.10253906 0.08496094 -0.04003906
v -0.10253906 0.08496094 -0.04003906
v -0.10253906 0.08496094 -0.04003906
v -0.10253906 0.08496094 -0.04003906
v -0.10449219 0.08300781 -0.03613281
v -0.10253906 0.07910156 -0.03222656
v -0.10253906 0.07910156 -0.03222656
v -0.10253906 0.07910156 -0.03222656
v -0.10253906 0.07910156 -0.03222656
v -0.09667969 0.08105469 -0.03027344
v -0.09667969 0.08105469 -0.03027344
v -0.09667969 0.08105469 -0.03027344
v -0.09277344 0.08886719 -0.02636719
v -0.09277344 0.08886719 -0.02636719
v -0.09277344 0.08886719 -0.02636719
v -0.09277344 0.09277344 -0.02832031
v -0.09277344 0.09277344 -0.02832031
v -0.09472656 0.09472656 -0.03027344
v -0.09863281 0.09472656 -0.03417969
v -0.10058594 0.09472656 -0.03417969
v -0.10058594 0.09472656 -0.03417969
v -0.10449219 0.09082031 -0.03417969
v -0.10449219 0.09082031 -0.03417969
v -0.10644531 0.08886719 -0.03027344
v -0.10449219 0.08496094 -0.02832031
v -0.10449219 0.08496094 -0.02832031
v -0.09863281 0.08691406 -0.02441406
v -0.09863281 0.08691406 -0.02441406
v -0.09472656 0.09277344 -0.02050781
v -0.09472656 0.09277344 -0.02050781
v -0.09472656 0.09667969 -0.02246094
v -0.09472656 0.09667969 -0.02246094
v -0.09667969 0.09863281 -0.02441406
v -0.10058594 0.10058594 -0.02636719
v -0.10058594 0.10058594 -0.02636719
v -0.10449219 0.10058594 -0.02636719
v -0.10449219 0.10058594 -0.02636719
v -0.10449219 0.10058594 -0.02636719
v -0.10644531 0.09667969 -0.02636719
v -0.10839844 0.09277344 -0.02441406
v -0.10839844 0.09277344 -0.02441406
v -0.10644531 0.08886719 -0.02246094
v -0.10644531 0.08886719 -0.02246094
v -0.10644531 0.08886719 -0.02246094
v -0.10058594 0.09082031 -0.01855469
v -0.10058594 0.09082031 -0.01855469
v -0.10058594 0.09082031 -0.01855469
v -0.09667969 0.09667969 -0.01464844
v -0.09667969 0.09667969 -0.01464844
v -0.09667969 0.10058594 -0.01660156
v -0.09667969 0.10058594 -0.01660156
v -0.09863281 0.10253906 -0.01660156
v -0.10058594 0.10449219 -0.01855469
v -0.10058594 0.10449219 -0.01855469
v -0.10253906 0.10449219 -0.01855469
v -0.10644531 0.10449219 -0.01855469
v -0.10644531 0.10449219 -0.01855469
v -0.10839844 0.10058594 -0.01855469
v -0.11035156 0.09667969 -0.01660156
v -0.11035156 0.09667969 -0.01660156
v -0.10839844 0.09277344 -0.01464844
v -0.10839844 0.09277344 -0.01464844
v -0.11035156 0.09472656 -0.00683594
v -0.11035156 0.09472656 -0.00683594
v -0.11035156 0.09472656 -0.00097656
v -0.11035156 0.09472656 -0.00097656
v -0.10449219 0.09472656 -0.00097656
v -0.10449219 0.09472656 -0.00097656
v -0.09472656 0.07324219 -0.00097656
v -0.09472656 0.07324219 -0.00097656
v -0.09863281 0.07128906 0.00488281
v -0.09863281 0.07128906 0.00488281
v -0.09863281 0.07128906 0.00488281
v -0.09863281 0.06933594 0.00878906
v -0.09863281 0.06933594 0.00878906
v -0.09863281 0.06933594 0.00878906
v -0.08886719 0.06738281 0.01269531
v -0.08886719 0.06738281 0.01269531
v -0.08886719 0.06738281 0.01269531
v -0.08886719 0.06738281 0.01269531
v -0.08886719 0.06738281 0.01269531
v -0.08886719 0.06738281 0.01269531
v -0.08496094 0.07519531 0.00878906
v -0.08496094 0.07519531 0.00878906
v -0.08496094 0.07519531 0.00878906
v -0.08496094 0.07519531 0.00878906
v -0.08496094 0.07519531 0.00878906
v -0.08691406 0.07714844 0.00488281
v -0.08691406 0.07714844 0.00488281
v -0.08691406 0.07714844 0.00488281
v -0.08691406 0.07714844 0.00488281
v -0.09082031 0.07519531 -0.00097656
v -0.09082031 0.07519531 -0.00097656
v -0.09082031 0.07519531 -0.00097656
v -0.10058594 0.09667969 -0.00097656
v -0.10058594 0.09667969 -0.00097656
v -0.10058594 0.09667969 -0.00683594
v -0.10058594 0.09667969 -0.00683594
v -0.10058594 0.09667969 -0.00683594
v -0.10058594 0.09667969 -0.00683594
v -0.09667969 0.09863281 -0.00683594
v -0.09667969 0.09863281 -0.00683594
v -0.09667969 0.09863281 -0.00683594
v -0.09667969 0.10253906 -0.00878906
v -0.09667969 0.10253906 -0.00878906
v -0.09667969 0.10253906 -0.00878906
v -0.09863281 0.10449219 -0.00878906
v -0.09863281 0.10449219 -0.00878906
v -0.10058594 0.10644531 -0.00878906
v -0.10058594 0.10644531 -0.00878906
v -0.10058594 0.10644531 -0.00878906
v -0.10449219 0.10644531 -0.00878906
v -0.10644531 0.10644531 -0.00878906
v -0.10644531 0.10644531 -0.00878906
v -0.11035156 0.10253906 -0.00878906
v -0.11035156 0.10253906 -0.00878906
v -0.11035156 0.09863281 -0.00878906
v -0.11230469 0.09863281 -0.00097656
v -0.11035156 0.09472656 0.00683594
v -0.11035156 0.09472656 0.00683594
v -0.10449219 0.09472656 0.00683594
v -0.10449219 0.09472656 0.00683594
v -0.10449219 0.09472656 0.00683594
v -0.09277344 0.07324219 0.00878906
v -0.09277344 0.07324219 0.00878906
v -0.09277344 0.07324219 0.00878906
v -0.09277344 0.07324219 0.00878906
v -0.09277344 0.07324219 0.00878906
v -0.09277344 0.07324219 0.00878906
v -0.09277344 0.07324219 0.00878906
v -0.09277344 0.07324219 0.00878906
v -0.10058594 0.09667969 0.00683594
v -0.10058594 0.09667969 0.00683594
v -0.10058594 0.09667969 0.00683594
v -0.10058594 0.09667969 0.00683594
v -0.09863281 0.09863281 -0.00097656
v -0.09863281 0.09863281 -0.00097656
v -0.09863281 0.09863281 -0.00097656
v -0.09863281 0.09863281 -0.00097656
v -0.09863281 0.10253906 -0.00097656
v -0.09863281 0.10449219 -0.00097656
v -0.09863281 0.10449219 -0.00097656
v -0.10058594 0.10644531 -0.00097656
v -0.10058594 0.10644531 -0.00097656
v -0.10449219 0.10644531 -0.00097656
v -0.10644531 0.10644531 -0.00097656
v -0.11035156 0.10449219 -0.00097656
v -0.11035156 0.10449219 -0.00097656
v -0.11035156 0.10449219 -0.00097656
v -0.11035156 0.10449219 -0.00097656
v -0.11035156 0.10253906 0.00878906
v -0.11035156 0.10253906 0.00878906
v -0.11035156 0.09863281 0.00878906
v -0.10839844 0.09277344 0.01464844
v -0.10839844 0.09277344 0.01464844
v -0.10058594 0.09277344 0.01269531
v -0.10058594 0.09277344 0.01269531
v -0.10058594 0.09277344 0.01269531
v -0.10058594 0.09277344 0.01269531
v -0.09667969 0.09863281 0.00683594
v -0.09667969 0.09863281 0.00683594
v -0.09667969 0.09863281 0.00683594
v -0.09667969 0.10253906 0.00878906
v -0.09667969 0.10253906 0.00878906
v -0.09863281 0.10449219 0.00878906
v -0.10058594 0.10644531 0.00878906
v -0.10058594 0.10644531 0.00878906
v -0.10449219 0.10644531 0.00878906
v -0.10644531 0.10644531 0.00878906
v -0.10644531 0.10644531 0.00878906
v -0.10644531 0.10644531 0.00878906
v -0.10839844 0.10058594 0.01855469
v -0.10839844 0.10058594 0.01855469
v -0.10839844 0.10058594 0.01855469
v -0.10839844 0.10058594 0.01855469
v -0.11035156 0.09667969 0.01660156
v -0.10644531 0.08886719 0.02246094
v -0.10644531 0.08886719 0.02246094
v -0.10644531 0.08886719 0.02246094
v -0.10058594 0.09082031 0.02050781
v -0.10058594 0.09082031 0.02050781
v -0.10058594 0.09082031 0.02050781
v -0.09667969 0.09667969 0.01464844
v -0.09667969 0.09667969 0.01464844
v -0.09667969 0.10058594 0.01660156
v -0.09667969 0.10058594 0.01660156
v -0.09863281 0.10253906 0.01660156
v -0.10058594 0.10449219 0.01855469
v -0.10058594 0.10449219 0.01855469
v -0.10253906 0.10449219 0.01855469
v -0.10644531 0.10449219 0.01855469
v -0.10644531 0.10449219 0.01855469
v -0.10644531 0.10449219 0.01855469
v -0.10644531 0.09667969 0.02636719
v -0.10644531 0.09667969 0.02636719
v -0.10839844 0.09277344 0.02441406
v -0.10449219 0.08496094 0.02832031
v -0.10449219 0.08496094 0.02832031
v -0.09863281 0.08691406 0.02441406
v -0.09863281 0.08691406 0.02441406
v -0.09277344 0.08886719 0.02636719
v -0.09277344 0.08886719 0.02636719
v -0.09472656 0.09277344 0.02050781
v -0.09472656 0.09277344 0.02050781
v -0.09472656 0.09667969 0.02246094
v -0.09472656 0.09667969 0.02246094
v -0.09667969 0.09863281 0.02441406
v -0.10058594 0.10058594 0.02636719
v -0.10058594 0.10058594 0.02636719
v -0.10058594 0.10058594 0.02636719
v -0.10449219 0.10058594 0.02636719
v -0.10449219 0.10058594 0.02636719
v -0.10449219 0.09082031 0.03417969
v -0.10449219 0.09082031 0.03417969
v -0.10644531 0.08886719 0.03027344
v -0.10253906 0.07910156 0.03222656
v -0.10253906 0.07910156 0.03222656
v -0.10253906 0.07910156 0.03222656
v -0.10253906 0.07910156 0.03222656
v -0.09667969 0.08105469 0.03027344
v -0.09667969 0.08105469 0.03027344
v -0.09667969 0.08105469 0.03027344
v -0.09082031 0.08300781 0.03027344
v -0.09082031 0.08300781 0.03027344
v -0.09082031 0.08300781 0.03027344
v -0.09082031 0.08300781 0.03027344
v -0.08886719 0.07714844 0.03417969
v -0.08886719 0.07714844 0.03417969
v -0.08886719 0.07714844 0.03417969
v -0.08886719 0.07714844 0.03417969
v -0.09082031 0.08691406 0.03417969
v -0.09277344 0.09277344 0.02832031
v -0.09277344 0.09277344 0.02832031
v -0.09472656 0.09472656 0.03027344
v -0.09863281 0.09472656 0.03417969
v -0.09863281 0.09472656 0.03417969
v -0.10058594 0.09472656 0.03417969
v -0.10253906 0.08496094 0.04003907
v -0.10253906 0.08496094 0.04003907
v -0.10253906 0.08496094 0.04003907
v -0.10253906 0.08496094 0.04003907
v -0.10449219 0.08300781 0.03613282
v -0.10058594 0.07324219 0.03613282
v -0.10058594 0.07324219 0.03613282
v -0.09277344 0.07519531 0.03222656
v -0.09277344 0.07519531 0.03222656
v -0.09277344 0.07519531 0.03222656
v -0.09082031 0.06933594 0.03417969
v -0.09082031 0.06933594 0.03417969
v -0.09082031 0.06933594 0.03417969
v -0.09082031 0.06933594 0.03417969
v -0.09082031 0.06933594 0.03417969
v -0.09082031 0.06933594 0.03417969
v -0.09277344 0.06542969 0.02832031
v -0.09277344 0.06542969 0.02832031
v -0.09082031 0.05957032 0.02050781
v -0.09082031 0.05957032 0.02050781
v -0.08691406 0.05566407 0.02050781
v -0.08691406 0.05566407 0.02050781
v -0.08496094 0.05566407 0.02050781
v -0.08105469 0.05761719 0.02050781
v -0.08105469 0.05761719 0.02050781
v -0.08105469 0.05761719 0.02050781
v -0.08105469 0.06152344 0.02050781
v -0.08105469 0.06152344 0.02050781
v -0.08105469 0.06152344 0.02832031
v -0.08300781 0.06542969 0.03613282
v -0.08300781 0.06542969 0.03613282
v -0.08300781 0.07128906 0.04003907
v -0.08300781 0.07128906 0.04003907
v -0.08691406 0.07910156 0.03808594
v -0.08691406 0.07910156 0.03808594
v -0.09082031 0.08691406 0.03613282
v -0.09082031 0.08691406 0.03613282
v -0.09472656 0.08886719 0.04003907
v -0.09472656 0.08886719 0.04003907
v -0.09472656 0.08886719 0.04003907
v -0.09863281 0.08691406 0.04003907
v -0.09863281 0.08691406 0.04003907
v -0.09863281 0.08691406 0.04003907
v -0.09863281 0.08691406 0.04003907
v -0.09863281 0.08691406 0.04003907
v -0.09863281 0.07714844 0.04394532
v -0.09863281 0.07714844 0.04394532
v -0.09863281 0.07714844 0.04394532
v -0.09863281 0.07714844 0.04394532
v -0.10058594 0.07519531 0.04199219
v -0.10058594 0.07519531 0.04199219
v -0.09667969 0.06738281 0.04003907
v -0.09667969 0.06738281 0.04003907
v -0.09277344 0.06542969 0.03613282
v -0.09277344 0.06542969 0.03613282
v -0.09082031 0.05957032 0.02832031
v -0.08691406 0.05371094 0.02832031
v -0.08691406 0.05371094 0.02832031
v -0.08691406 0.05371094 0.02832031
v -0.08691406 0.05371094 0.02832031
v -0.08691406 0.05371094 0.02832031
v -0.08300781 0.05566407 0.02832031
v -0.08300781 0.05566407 0.02832031
v -0.08300781 0.05566407 0.02832031
v -0.08105469 0.05761719 0.02832031
v -0.08105469 0.05761719 0.02832031
v -0.08105469 0.05761719 0.02832031
v -0.08105469 0.06152344 0.03613282
v -0.08105469 0.06152344 0.03613282
v -0.07910156 0.06347656 0.04003907
v -0.07910156 0.06347656 0.04003907
v -0.07910156 0.06347656 0.04003907
v -0.08105469 0.06542969 0.04003907
v -0.08105469 0.06542969 0.04003907
v -0.08105469 0.06542969 0.04003907
v -0.08300781 0.07324219 0.04394532
v -0.08300781 0.07324219 0.04394532
v -0.08691406 0.08105469 0.04003907
v -0.08691406 0.08105469 0.04003907
v -0.09082031 0.08105469 0.04394532
v -0.09082031 0.08105469 0.04394532
v -0.09082031 0.08105469 0.04394532
v -0.09082031 0.08105469 0.04394532
v -0.09472656 0.07910156 0.04589844
v -0.09472656 0.07910156 0.04589844
v -0.09472656 0.07910156 0.04589844
v -0.09277344 0.06933594 0.04785157
v -0.09277344 0.06933594 0.04785157
v -0.09667969 0.06738281 0.04589844
v -0.09667969 0.06738281 0.04589844
v -0.09667969 0.06738281 0.04589844
v -0.09277344 0.05761719 0.04003907
v -0.09277344 0.05761719 0.04003907
v -0.09082031 0.05957032 0.03613282
v -0.09082031 0.05957032 0.03613282
v -0.08691406 0.05371094 0.03613282
v -0.08691406 0.05371094 0.03613282
v -0.08691406 0.05371094 0.03613282
v -0.08300781 0.05371094 0.03417969
v -0.08300781 0.05371094 0.03417969
v -0.08300781 0.05371094 0.03417969
v -0.08300781 0.05371094 0.03417969
v -0.08300781 0.05371094 0.03417969
v -0.07519531 0.04980469 0.03417969
v -0.07519531 0.04980469 0.03417969
v -0.07910156 0.05761719 0.03613282
v -0.07910156 0.05761719 0.03613282
v -0.07910156 0.05761719 0.03613282
v -0.07910156 0.05761719 0.03613282
v -0.07714844 0.05761719 0.04003907
v -0.07714844 0.05761719 0.04003907
v -0.07714844 0.05761719 0.04003907
v -0.07519531 0.05566407 0.04394532
v -0.07519531 0.05566407 0.04394532
v -0.07519531 0.05566407 0.04394532
v -0.07910156 0.06347656 0.04394532
v -0.07910156 0.06347656 0.04394532
v -0.07910156 0.06347656 0.04394532
v -0.07910156 0.06347656 0.04394532
v -0.08300781 0.06347656 0.04785157
v -0.08496094 0.07324219 0.04589844
v -0.08496094 0.07324219 0.04589844
v -0.08886719 0.07128906 0.04785157
v -0.08886719 0.05957032 0.04785157
v -0.08886719 0.05957032 0.04785157
v -0.09277344 0.05957032 0.04589844
v -0.09277344 0.05957032 0.04589844
v -0.09277344 0.05957032 0.04589844
v -0.08886719 0.04980469 0.04003907
v -0.08886719 0.04980469 0.04003907
v -0.08886719 0.04980469 0.04003907
v -0.08886719 0.04980469 0.04003907
v -0.08886719 0.04980469 0.04003907
v -0.07910156 0.04785156 0.03222656
v -0.07910156 0.04785156 0.03222656
v -0.07910156 0.04785156 0.03222656
v -0.07910156 0.04785156 0.03222656
v -0.07128906 0.04394531 0.03027344
v -0.07714844 0.04199219 0.02832031
v -0.07714844 0.04199219 0.02832031
v -0.06933594 0.03808594 0.02636719
v -0.06933594 0.03808594 0.02636719
v -0.07519531 0.03613281 0.02441406
v -0.07519531 0.03613281 0.02441406
v -0.06738281 0.03417969 0.02050781
v -0.06738281 0.03417969 0.02050781
v -0.07324219 0.03222656 0.01855469
v -0.07324219 0.03222656 0.01855469
v -0.07128906 0.03027344 0.01269531
v -0.07128906 0.03027344 0.01269531
v -0.07128906 0.03027344 0.01269531
v -0.07128906 0.03027344 0.01269531
v -0.07324219 0.02832031 0.00683594
v -0.07324219 0.02832031 0.00683594
v -0.07714844 0.02441406 0.00683594
v -0.07714844 0.02441406 0.00683594
v -0.07714844 0.02441406 0.00683594
v -0.07519531 0.01855469 0.00878906
v -0.07519531 0.01855469 0.00878906
v -0.07519531 0.01855469 0.00878906
v -0.06933594 0.01660156 0.00878906
v -0.06542969 0.01660156 0.00878906
v -0.06542969 0.01660156 0.00878906
v -0.06347656 0.02050781 0.00878906
v -0.06347656 0.02050781 0.00878906
v -0.06152343 0.02441406 0.00878906
v -0.06152343 0.02636719 0.00878906
v -0.06152343 0.02636719 0.00878906
v -0.06347656 0.02832031 0.01660156
v -0.06347656 0.02832031 0.01660156
v -0.06347656 0.02832031 0.01660156
v -0.06542969 0.03222656 0.02246094
v -0.06542969 0.03222656 0.02246094
v -0.06738281 0.03808594 0.02832031
v -0.06738281 0.03808594 0.02832031
v -0.06933594 0.04394531 0.03417969
v -0.06933594 0.04394531 0.03417969
v -0.06933594 0.04394531 0.03417969
v -0.07324219 0.04980469 0.03808594
v -0.07324219 0.04980469 0.03808594
v -0.07324219 0.04785156 0.04003907
v -0.07324219 0.04785156 0.04003907
v -0.07324219 0.04785156 0.04003907
v -0.07714844 0.05371094 0.04589844
v -0.07714844 0.05371094 0.04589844
v -0.07714844 0.05371094 0.04589844
v -0.07714844 0.05371094 0.04589844
v -0.08496094 0.06152344 0.04980469
v -0.08496094 0.06152344 0.04980469
v -0.08496094 0.05175781 0.04785157
v -0.08496094 0.05175781 0.04785157
v -0.08691406 0.04980469 0.04589844
v -0.08691406 0.04980469 0.04589844
v -0.08496094 0.04199219 0.04003907
v -0.08496094 0.04199219 0.04003907
v -0.08496094 0.04394531 0.03613282
v -0.08496094 0.04394531 0.03613282
v -0.08496094 0.04394531 0.03613282
v -0.08300781 0.03808594 0.03222656
v -0.08300781 0.03808594 0.03222656
v -0.08300781 0.03808594 0.03222656
v -0.08105469 0.03222656 0.02832031
v -0.08105469 0.03222656 0.02832031
v -0.08105469 0.03222656 0.02832031
v -0.07910156 0.02832031 0.02246094
v -0.07910156 0.02832031 0.02246094
v -0.07714844 0.02441406 0.01464844
v -0.07714844 0.02441406 0.01464844
v -0.07714844 0.02441406 0.01464844
v -0.07519531 0.02246094 0.01660156
v -0.07519531 0.02246094 0.01660156
v -0.07519531 0.02246094 0.01660156
v -0.07519531 0.02246094 0.01660156
v -0.07128906 0.01855469 0.01855469
v -0.07128906 0.01855469 0.01855469
v -0.06738281 0.01855469 0.01855469
v -0.06738281 0.01855469 0.01855469
v -0.06347656 0.02246094 0.01855469
v -0.06347656 0.02246094 0.01855469
v -0.06347656 0.02636719 0.01660156
v -0.06347656 0.03027344 0.02441406
v -0.06347656 0.03027344 0.02441406
v -0.06347656 0.03027344 0.02441406
v -0.06347656 0.03027344 0.02441406
v -0.06738281 0.03613281 0.03027344
v -0.06738281 0.03613281 0.03027344
v -0.06738281 0.03613281 0.03027344
v -0.06933594 0.04199219 0.03613282
v -0.06933594 0.04199219 0.03613282
v -0.07324219 0.04589844 0.04394532
v -0.07324219 0.04589844 0.04394532
v -0.07324219 0.04589844 0.04394532
v -0.07324219 0.04589844 0.04394532
v -0.08105469 0.05371094 0.04785157
v -0.08105469 0.04199219 0.04394532
v -0.08105469 0.04199219 0.04394532
v -0.08105469 0.04199219 0.04394532
v -0.08105469 0.04199219 0.04394532
v -0.08105469 0.03613281 0.03613282
v -0.08105469 0.03613281 0.03613282
v -0.07910156 0.03027344 0.03027344
v -0.07910156 0.03027344 0.03027344
v -0.07714844 0.02441406 0.02441406
v -0.07714844 0.02441406 0.02441406
v -0.07714844 0.02441406 0.02441406
v -0.07714844 0.02441406 0.02441406
v -0.07324219 0.02246094 0.02636719
v -0.07324219 0.02246094 0.02636719
v -0.07324219 0.02246094 0.02636719
v -0.07324219 0.02246094 0.02636719
v -0.06933594 0.02246094 0.02636719
v -0.06933594 0.02246094 0.02636719
v -0.06933594 0.02246094 0.02636719
v -0.06542969 0.02636719 0.02636719
v -0.06542969 0.02636719 0.02636719
v -0.06738281 0.03222656 0.03417969
v -0.06738281 0.03222656 0.03417969
v -0.07128906 0.03808594 0.04003907
v -0.07128906 0.03808594 0.04003907
v -0.07128906 0.03808594 0.04003907
v -0.07714844 0.04394531 0.04589844
v -0.07714844 0.04394531 0.04589844
v -0.07714844 0.04394531 0.04589844
v -0.07910156 0.03417969 0.04003907
v -0.07910156 0.03417969 0.04003907
v -0.07910156 0.03417969 0.04003907
v -0.07910156 0.03417969 0.04003907
v -0.07519531 0.02832031 0.03417969
v -0.07519531 0.02832031 0.03417969
v -0.07128906 0.02832031 0.03417969
v -0.07128906 0.02832031 0.03417969
v -0.07519531 0.03613281 0.04003907
v -0.07519531 0.03613281 0.04003907
v -0.20800781 0.16113281 -0.00097656
v -0.20605469 0.15917969 0.06933594
v -0.20019531 0.15722656 -0.00097656
v -0.19824219 0.15722656 0.06933594
v -0.19824219 0.15527344 0.07714844
v -0.19824219 0.15527344 0.07714844
v -0.20605469 0.15917969 0.07714844
v -0.20605469 0.15917969 0.07714844
v -0.20019531 0.15136719 0.08300781
v -0.20800781 0.15527344 0.08300781
v -0.45019531 0.02050781 0.03222656
v -0.45019531 0.02050781 0.03222656
v -0.45019531 0.02050781 0.03222656
v -0.45019531 0.02050781 0.03222656
v -0.45019531 0.02050781 0.03222656
v -0.46582031 0.02050781 0.04394532
v -0.46582031 0.02050781 0.04394532
v -0.46582031 0.02050781 0.04394532
v -0.46582031 0.02050781 0.04394532
v -0.46582031 0.02246094 0.04394532
v -0.46582031 0.02246094 0.04394532
v -0.46582031 0.02246094 0.04394532
v -0.46582031 0.02246094 0.04394532
v -0.48339844 0.02246094 0.03222656
v -0.48339844 0.02246094 0.03222656
v -0.48339844 0.02246094 0.03222656
v -0.48339844 0.02246094 0.03222656
v -0.48339844 0.02246094 0.03222656
v -0.48144531 0.02636719 0.03417969
v -0.48144531 0.02636719 0.03417969
v -0.48144531 0.02636719 0.03417969
v -0.48144531 0.02636719 0.03417969
v -0.48144531 0.02636719 0.03417969
v -0.48535156 0.02441406 0.02832031
v -0.48535156 0.02441406 0.02832031
v -0.48535156 0.02441406 0.02832031
v -0.48535156 0.02441406 0.02832031
v -0.48339844 0.03027344 0.03222656
v -0.48339844 0.03027344 0.03222656
v -0.48339844 0.03027344 0.03222656
v -0.48144531 0.03222656 0.03417969
v -0.48144531 0.03222656 0.03417969
v -0.48144531 0.03222656 0.03417969
v -0.48144531 0.03222656 0.03417969
v -0.48144531 0.03222656 0.03417969
v -0.47949219 0.02832031 0.03613282
v -0.47949219 0.02832031 0.03613282
v -0.47558594 0.03027344 0.04003907
v -0.47558594 0.03027344 0.04003907
v -0.47753906 0.03417969 0.04003907
v -0.47753906 0.03417969 0.04003907
v -0.47949219 0.03417969 0.03222656
v -0.47949219 0.03417969 0.03222656
v -0.47949219 0.03417969 0.03222656
v -0.47558594 0.03417969 0.03613282
v -0.47558594 0.03417969 0.03613282
v -0.47558594 0.03417969 0.03613282
v -0.47167969 0.03417969 0.04199219
v -0.47363281 0.03417969 0.04394532
v -0.47363281 0.03417969 0.04394532
v -0.47363281 0.03417969 0.04394532
v -0.47363281 0.03027344 0.04199219
v -0.46972656 0.02832031 0.04589844
v -0.46972656 0.02832031 0.04589844
v -0.46972656 0.02832031 0.04589844
v -0.46582031 0.02441406 0.04785157
v -0.46582031 0.02441406 0.04785157
v -0.46777344 0.02441406 0.04199219
v -0.46777344 0.02441406 0.04199219
v -0.47167969 0.02636719 0.04003907
v -0.47167969 0.02636719 0.04003907
v -0.47167969 0.02636719 0.04003907
v -0.47363281 0.02636719 0.03808594
v -0.47363281 0.02636719 0.03808594
v -0.47558594 0.02636719 0.03417969
v -0.47558594 0.02636719 0.03417969
v -0.47558594 0.02636719 0.03417969
v -0.47753906 0.02441406 0.03222656
v -0.47753906 0.02441406 0.03222656
v -0.47753906 0.02441406 0.03222656
v -0.47753906 0.02441406 0.03222656
v -0.47753906 0.02050781 0.03222656
v -0.47753906 0.02050781 0.03222656
v -0.47753906 0.02050781 0.03222656
v -0.47753906 0.02050781 0.03222656
v -0.47949219 0.01855469 0.03027344
v -0.47949219 0.01855469 0.03027344
v -0.47949219 0.01855469 0.03027344
v -0.47949219 0.01855469 0.03027344
v -0.48339844 0.01855469 0.03027344
v -0.48339844 0.01855469 0.03027344
v -0.48339844 0.01855469 0.03027344
v -0.48535156 0.02050781 0.02636719
v -0.48535156 0.02050781 0.02441406
v -0.48535156 0.02050781 0.02441406
v -0.48535156 0.02050781 0.02441406
v -0.48535156 0.02050781 0.02441406
v -0.48339844 0.02636719 0.02636719
v -0.48339844 0.02636719 0.02636719
v -0.48144531 0.03027344 0.02832031
v -0.48144531 0.03027344 0.02832031
v -0.48144531 0.03027344 0.02832031
v -0.46582031 0.03222656 0.04394532
v -0.46582031 0.03222656 0.04394532
v -0.46582031 0.03222656 0.04394532
v -0.46582031 0.03222656 0.04394532
v -0.46972656 0.03222656 0.04589844
v -0.46972656 0.03222656 0.04589844
v -0.46972656 0.03222656 0.04589844
v -0.46972656 0.03222656 0.04589844
v -0.46582031 0.02636719 0.04980469
v -0.46582031 0.02636719 0.04980469
v -0.46582031 0.02636719 0.04980469
v -0.46191406 0.02246094 0.05175782
v -0.46191406 0.02246094 0.05175782
v -0.46191406 0.02246094 0.05175782
v -0.46191406 0.02246094 0.05175782
v -0.46386719 0.02050781 0.04785157
v -0.46386719 0.02050781 0.04785157
v -0.46386719 0.02050781 0.04785157
v -0.46386719 0.02050781 0.04785157
v -0.46386719 0.01660156 0.04394532
v -0.46386719 0.01660156 0.04394532
v -0.46386719 0.01660156 0.04394532
v -0.46386719 0.01660156 0.04394532
v -0.46386719 0.01464844 0.04394532
v -0.46386719 0.01464844 0.04394532
v -0.46386719 0.01464844 0.04394532
v -0.45019531 0.01660156 0.03222656
v -0.45019531 0.01660156 0.03222656
v -0.45019531 0.01660156 0.03222656
v -0.45019531 0.01660156 0.03222656
v -0.45214844 0.02441406 0.03222656
v -0.45214844 0.02441406 0.03222656
v -0.45214844 0.02441406 0.03222656
v -0.45214844 0.02441406 0.03222656
v -0.45410156 0.02636719 0.03222656
v -0.45410156 0.02636719 0.03222656
v -0.45410156 0.02636719 0.03222656
v -0.45605469 0.02832031 0.03027344
v -0.45605469 0.02832031 0.03027344
v -0.45800781 0.03027344 0.02832031
v -0.45800781 0.03027344 0.02832031
v -0.45800781 0.03027344 0.02832031
v -0.45800781 0.03027344 0.02832031
v -0.45996094 0.03027344 0.02441406
v -0.45996094 0.03027344 0.02441406
v -0.45996094 0.03027344 0.02441406
v -0.46386719 0.03027344 0.02246094
v -0.46386719 0.03027344 0.02246094
v -0.46386719 0.03027344 0.02246094
v -0.46386719 0.03027344 0.02246094
v -0.46582031 0.02832031 0.02050781
v -0.46582031 0.02832031 0.02050781
v -0.46582031 0.02832031 0.02050781
v -0.46582031 0.02832031 0.02050781
v -0.46777344 0.02441406 0.01855469
v -0.46777344 0.02441406 0.01855469
v -0.46777344 0.02050781 0.01660156
v -0.46777344 0.02050781 0.01660156
v -0.46777344 0.02050781 0.01660156
v -0.46777344 0.02050781 0.01660156
v -0.46777344 0.01660156 0.01660156
v -0.46777344 0.01660156 0.01660156
v -0.47949219 0.01464844 0.03027344
v -0.47949219 0.01464844 0.03027344
v -0.47949219 0.01464844 0.03027344
v -0.48339844 0.01464844 0.02832031
v -0.48339844 0.01464844 0.02832031
v -0.48535156 0.01464844 0.02636719
v -0.48535156 0.01464844 0.02636719
v -0.48339844 0.01464844 0.02246094
v -0.48339844 0.01464844 0.02246094
v -0.48339844 0.01464844 0.02246094
v -0.46386719 0.02832031 0.04785157
v -0.46386719 0.02832031 0.04785157
v -0.46386719 0.02832031 0.04785157
v -0.46386719 0.02832031 0.04785157
v -0.46386719 0.02832031 0.04785157
v -0.45996094 0.02441406 0.04980469
v -0.45996094 0.02441406 0.04980469
v -0.45800781 0.01855469 0.04980469
v -0.45800781 0.01855469 0.04980469
v -0.45996094 0.01660156 0.05175782
v -0.45996094 0.01660156 0.05175782
v -0.46386719 0.01660156 0.04980469
v -0.46386719 0.01660156 0.04980469
v -0.46386719 0.01660156 0.04980469
v -0.46386719 0.01269531 0.04785157
v -0.46386719 0.01269531 0.04785157
v -0.46386719 0.00878906 0.04589844
v -0.46386719 0.00878906 0.04589844
v -0.46386719 0.00878906 0.04589844
v -0.46386719 0.00878906 0.04589844
v -0.46386719 0.00878906 0.04589844
v -0.46386719 0.01074219 0.04199219
v -0.46386719 0.01074219 0.04199219
v -0.46386719 0.01074219 0.04199219
v -0.46386719 0.01074219 0.04199219
v -0.46386719 0.01074219 0.04199219
v -0.45019531 0.01269531 0.03222656
v -0.45019531 0.01269531 0.03222656
v -0.45019531 0.01269531 0.03222656
v -0.45019531 0.01269531 0.03222656
v -0.45214844 0.00878906 0.02832031
v -0.45214844 0.00878906 0.02832031
v -0.45214844 0.00878906 0.02832031
v -0.45214844 0.00878906 0.02832031
v -0.45410156 0.00683594 0.02636719
v -0.45410156 0.00683594 0.02636719
v -0.45410156 0.00683594 0.02636719
v -0.45605469 0.00683594 0.02441406
v -0.45605469 0.00683594 0.02441406
v -0.45996094 0.00683594 0.02050781
v -0.45996094 0.00683594 0.02050781
v -0.45996094 0.00683594 0.02050781
v -0.45996094 0.00683594 0.02050781
v -0.45996094 0.00683594 0.02050781
v -0.45996094 0.00683594 0.02050781
v -0.46191406 0.00878906 0.01855469
v -0.46191406 0.00878906 0.01855469
v -0.46191406 0.00878906 0.01855469
v -0.46191406 0.00878906 0.01855469
v -0.46386719 0.01074219 0.01660156
v -0.46386719 0.01074219 0.01660156
v -0.46582031 0.01464844 0.01660156
v -0.46582031 0.01464844 0.01660156
v -0.46582031 0.01464844 0.01660156
v -0.47753906 0.01269531 0.03027344
v -0.47753906 0.01269531 0.03027344
v -0.47753906 0.01269531 0.03027344
v -0.48144531 0.01074219 0.02832031
v -0.48144531 0.01074219 0.02832031
v -0.48144531 0.01074219 0.02832031
v -0.48339844 0.00878906 0.02636719
v -0.48339844 0.00878906 0.02636719
v -0.48339844 0.00878906 0.02636719
v -0.48339844 0.00878906 0.02441406
v -0.48339844 0.00878906 0.02441406
v -0.48339844 0.00878906 0.02441406
v -0.48339844 0.00878906 0.02441406
v -0.47949219 0.00292969 0.02636719
v -0.47949219 0.00292969 0.02636719
v -0.45800781 0.01269531 0.04980469
v -0.45800781 0.01269531 0.04980469
v -0.45800781 0.01269531 0.04980469
v -0.45996094 0.01074219 0.05175782
v -0.45996094 0.01074219 0.05175782
v -0.45996094 0.01074219 0.05175782
v -0.45996094 0.01074219 0.05175782
v -0.46191406 0.00683594 0.04785157
v -0.46191406 0.00683594 0.04785157
v -0.46191406 0.00683594 0.04785157
v -0.46386719 0.00097656 0.04589844
v -0.46386719 0.00097656 0.04589844
v -0.46386719 0.00097656 0.04589844
v -0.46386719 0.00097656 0.04589844
v -0.46582031 0.00488281 0.04394532
v -0.46582031 0.00488281 0.04394532
v -0.46582031 0.00878906 0.04003907
v -0.46582031 0.00878906 0.04003907
v -0.46582031 0.00878906 0.04003907
v -0.46582031 0.00878906 0.04003907
v -0.46777344 0.00683594 0.03808594
v -0.46777344 0.00683594 0.03808594
v -0.46972656 0.00488281 0.03613282
v -0.46972656 0.00488281 0.03613282
v -0.46972656 0.00488281 0.03613282
v -0.46972656 0.00488281 0.03613282
v -0.47167969 0.00683594 0.03417969
v -0.47167969 0.00683594 0.03417969
v -0.47167969 0.00683594 0.03417969
v -0.47363281 0.00683594 0.03222656
v -0.47363281 0.00683594 0.03222656
v -0.47363281 0.00683594 0.03222656
v -0.47558594 0.00878906 0.03027344
v -0.47558594 0.00878906 0.03027344
v -0.47558594 0.00878906 0.03027344
v -0.47949219 0.00683594 0.03027344
v -0.47949219 0.00683594 0.03027344
v -0.48144531 0.00292969 0.02832031
v -0.48144531 0.00292969 0.02832031
v -0.48144531 0.00292969 0.02832031
v -0.48144531 0.00292969 0.02832031
v -0.47558594 -0.00097656 0.02832031
v -0.47558594 -0.00097656 0.02832031
v -0.47558594 -0.00097656 0.02832031
v -0.45800781 0.00683594 0.04589844
v -0.45800781 0.00683594 0.04589844
v -0.45800781 0.00683594 0.04589844
v -0.46191406 0.00097656 0.04394532
v -0.46191406 0.00097656 0.04394532
v -0.46191406 0.00097656 0.04394532
v -0.46386719 -0.00097656 0.04003907
v -0.46386719 -0.00097656 0.04003907
v -0.46386719 -0.00097656 0.04003907
v -0.46582031 -0.00097656 0.04199219
v -0.46582031 -0.00097656 0.04199219
v -0.46777344 0.00292969 0.04199219
v -0.46777344 0.00292969 0.04199219
v -0.47167969 0.00097656 0.03808594
v -0.47167969 0.00097656 0.03808594
v -0.47363281 0.00097656 0.03613282
v -0.47363281 0.00097656 0.03613282
v -0.47753906 0.00292969 0.03222656
v -0.47753906 0.00292969 0.03222656
v -0.47753906 0.00292969 0.03222656
v -0.47753906 0.00292969 0.03222656
v -0.47753906 -0.00097656 0.03027344
v -0.47753906 -0.00097656 0.03027344
v -0.47753906 -0.00097656 0.03027344
v -0.47167969 -0.00292969 0.03222656
v -0.47167969 -0.00292969 0.03222656
v -0.46777344 -0.00292969 0.03613282
v -0.46777344 -0.00292969 0.03613282
v -0.46972656 -0.00292969 0.03808594
v -0.46972656 -0.00292969 0.03808594
v -0.47363281 -0.00292969 0.03417969
v -0.47363281 -0.00292969 0.03417969
v -0.29394531 0.06738281 -0.13574219
v -0.29394531 0.06738281 -0.13574219
v -0.28027344 0.06738281 -0.00097656
v -0.28027344 0.06738281 -0.13769531
v -0.28027344 0.06738281 -0.13769531
v -0.28027344 0.06738281 -0.13769531
v -0.28027344 0.06542969 -0.13964844
v -0.28027344 0.06542969 -0.13964844
v -0.28027344 0.06542969 -0.13964844
v -0.27636719 0.06542969 -0.13769531
v -0.27636719 0.06542969 -0.13769531
v -0.27636719 0.06542969 -0.13769531
v -0.16894531 0.05371094 -0.12597656
v -0.16894531 0.05371094 -0.12597656
v -0.16894531 0.05761719 -0.13378906
v -0.09277344 0.05175781 -0.13183594
v -0.09277344 0.05175781 -0.13183594
v -0.09277344 0.05371094 -0.13964844
v 0.01464844 0.05175781 -0.14550781
v 0.01464844 0.05175781 -0.14550781
v 0.49316406 0.00683594 -0.17871094
v 0.49316406 0.00683594 -0.17871094
v 0.49902344 -0.03222656 -0.17871094
v 0.49902344 -0.03222656 -0.17871094
v 0.48730469 0.00292969 -0.19238281
v 0.48730469 0.00292969 -0.19238281
v 0.49121094 -0.03417969 -0.19042969
v 0.49121094 -0.03417969 -0.19042969
v 0.49121094 -0.03417969 -0.19042969
v 0.46972656 0.00878906 -0.20019531
v 0.46972656 0.00878906 -0.20019531
v 0.46972656 0.00878906 -0.20019531
v 0.47363281 -0.00292969 -0.20214844
v 0.47363281 -0.00292969 -0.20214844
v 0.47949219 -0.04003906 -0.20019531
v 0.47949219 -0.04003906 -0.20019531
v 0.47949219 -0.04003906 -0.20019531
v 0.48925781 -0.04394531 -0.18652344
v 0.47753906 -0.04785156 -0.19433594
v 0.47753906 -0.04785156 -0.19433594
v 0.44824219 -0.06347656 -0.19238281
v 0.44824219 -0.06347656 -0.19238281
v 0.45214844 -0.07324219 -0.18847656
v 0.45214844 -0.07324219 -0.18847656
v 0.45410156 -0.07714844 -0.17871094
v 0.45410156 -0.07714844 -0.17871094
v 0.49707031 -0.04199219 -0.17675781
v 0.49707031 -0.04199219 -0.17675781
v 0.49707031 -0.04199219 -0.17675781
v 0.49707031 -0.03808594 -0.13964844
v 0.49707031 -0.03808594 -0.13964844
v 0.49902344 -0.02636719 -0.13964844
v 0.49511719 0.01464844 -0.13964844
v 0.48730469 0.00292969 0.19238281
v 0.48730469 0.00292969 0.19238281
v 0.49316406 0.00683594 0.17871094
v 0.49316406 0.00683594 0.17871094
v 0.48144531 0.01269531 0.19042969
v 0.48144531 0.01269531 0.19042969
v 0.48730469 0.01855469 0.17871094
v 0.48730469 0.01855469 0.17871094
v 0.48730469 0.01855469 0.17871094
v 0.48730469 0.01855469 0.17871094
v 0.49511719 0.01464844 0.13964844
v 0.49511719 0.01464844 0.13964844
v 0.48925781 0.02441406 0.13964844
v 0.48925781 0.02441406 0.13964844
v 0.48925781 0.02441406 0.13964844
v 0.49511719 0.01855469 0.07128906
v 0.48925781 0.03027344 0.07128906
v 0.48925781 0.03027344 0.07128906
v 0.49511719 0.02050781 -0.00097656
v 0.48925781 0.03222656 -0.00097656
v 0.48925781 0.03222656 -0.00097656
v 0.48925781 0.03027344 -0.07128906
v 0.48925781 0.03027344 -0.07128906
v 0.49511719 0.01855469 -0.07128906
v 0.48925781 0.02441406 -0.13964844
v 0.48925781 0.02441406 -0.13964844
v 0.48730469 0.01855469 -0.17871094
v 0.48730469 0.01855469 -0.17871094
v 0.48730469 0.01855469 -0.17871094
v 0.48144531 0.01269531 -0.19042969
v 0.48144531 0.01269531 -0.19042969
v 0.43261719 0.00683594 -0.18457031
v 0.42871094 0.00292969 -0.19628906
v 0.42871094 0.00292969 -0.19628906
v 0.42675781 -0.00878906 -0.19824219
v 0.42675781 -0.03222656 -0.19628906
v 0.42089844 -0.08105469 -0.18847656
v 0.41894531 -0.09277344 -0.18261719
v 0.41894531 -0.09277344 -0.18261719
v 0.42089844 -0.09667969 -0.17480469
v 0.42089844 -0.09667969 -0.17480469
v 0.42089844 -0.09667969 -0.17480469
v 0.45605469 -0.06933594 -0.13183594
v 0.45605469 -0.06933594 -0.13183594
v 0.45605469 -0.06542969 -0.06738281
v 0.45605469 -0.06542969 -0.06738281
v 0.49707031 -0.03417969 -0.07128906
v 0.49707031 -0.03417969 -0.07128906
v 0.49902344 -0.02246094 -0.07128906
v 0.49902344 -0.02246094 -0.00097656
v 0.49902344 -0.02246094 0.07128906
v 0.49902344 -0.02636719 0.13964844
v 0.49902344 -0.03222656 0.17871094
v 0.49902344 -0.03222656 0.17871094
v 0.49902344 -0.03222656 0.17871094
v 0.49121094 -0.03417969 0.19042969
v 0.49121094 -0.03417969 0.19042969
v 0.49121094 -0.03417969 0.19042969
v 0.49121094 -0.03417969 0.19042969
v 0.47949219 -0.04003906 0.20019531
v 0.47949219 -0.04003906 0.20019531
v 0.47949219 -0.04003906 0.20019531
v 0.47363281 -0.00292969 0.20214844
v 0.47363281 -0.00292969 0.20214844
v 0.47363281 -0.00292969 0.20214844
v 0.47363281 -0.00292969 0.20214844
v 0.46972656 0.00878906 0.20019531
v 0.46972656 0.00878906 0.20019531
v 0.46972656 0.00878906 0.20019531
v 0.43261719 0.00683594 0.18457031
v 0.43457031 0.01074219 0.16699219
v 0.43652344 0.01464844 0.13769531
v 0.43652344 0.02050781 0.06933594
v 0.43652344 0.02050781 -0.00097656
v 0.43652344 0.02050781 -0.06933594
v 0.43652344 0.01464844 -0.13769531
v 0.43457031 0.01074219 -0.16699219
v 0.40722656 0.00683594 -0.16503906
v 0.40722656 0.00683594 -0.16503906
v 0.40527344 0.00488281 -0.18066406
v 0.40527344 0.00488281 -0.18066406
v 0.39746094 0.00097656 -0.19433594
v 0.39746094 0.00097656 -0.19433594
v 0.39746094 0.00097656 -0.19433594
v 0.39746094 0.00097656 -0.19433594
v 0.39160156 -0.01269531 -0.19628906
v 0.39160156 -0.01269531 -0.19628906
v 0.38769531 -0.03222656 -0.19433594
v 0.38769531 -0.03222656 -0.19433594
v 0.38769531 -0.03222656 -0.19433594
v 0.38769531 -0.03222656 -0.19433594
v 0.37792969 -0.09277344 -0.18457031
v 0.37792969 -0.09277344 -0.18457031
v 0.37792969 -0.10253906 -0.18066406
v 0.37792969 -0.10253906 -0.18066406
v 0.37792969 -0.10253906 -0.18066406
v 0.37792969 -0.10253906 -0.18066406
v 0.37597656 -0.10839844 -0.17089844
v 0.37597656 -0.10839844 -0.17089844
v 0.37597656 -0.10839844 -0.17089844
v 0.42089844 -0.08691406 -0.12792969
v 0.42089844 -0.08691406 -0.12792969
v 0.42089844 -0.08300781 -0.06542969
v 0.45605469 -0.06347656 -0.00097656
v 0.45605469 -0.06347656 -0.00097656
v 0.45605469 -0.06347656 -0.00097656
v 0.49707031 -0.03417969 -0.00097656
v 0.49707031 -0.03417969 -0.00097656
v 0.49707031 -0.03417969 -0.00097656
v 0.49707031 -0.03417969 -0.00097656
v 0.49707031 -0.03417969 0.07128906
v 0.49707031 -0.03417969 0.07128906
v 0.49707031 -0.03417969 0.07128906
v 0.49707031 -0.03808594 0.13964844
v 0.49707031 -0.03808594 0.13964844
v 0.49707031 -0.04199219 0.17675781
v 0.49707031 -0.04199219 0.17675781
v 0.49707031 -0.04199219 0.17675781
v 0.48925781 -0.04394531 0.18652344
v 0.47753906 -0.04785156 0.19433594
v 0.47753906 -0.04785156 0.19433594
v 0.44824219 -0.06347656 0.19238281
v 0.44824219 -0.06347656 0.19238281
v 0.42675781 -0.03222656 0.19628906
v 0.42675781 -0.00878906 0.19824219
v 0.42871094 0.00292969 0.19628906
v 0.42871094 0.00292969 0.19628906
v 0.40527344 0.00488281 0.18066406
v 0.40527344 0.00488281 0.18066406
v 0.40527344 0.00488281 0.18066406
v 0.40722656 0.00683594 0.16503906
v 0.40722656 0.00683594 0.16503906
v 0.40917969 0.01074219 0.13769531
v 0.40917969 0.01074219 0.13769531
v 0.40917969 0.01660156 0.06933594
v 0.40917969 0.01660156 0.06933594
v 0.40917969 0.01660156 -0.00097656
v 0.40917969 0.01660156 -0.00097656
v 0.40917969 0.01660156 -0.06933594
v 0.40917969 0.01660156 -0.06933594
v 0.40917969 0.01074219 -0.13769531
v 0.40917969 0.01074219 -0.13769531
v 0.41308594 0.04980469 -0.16894531
v 0.41308594 0.04980469 -0.16894531
v 0.40917969 0.04589844 -0.18652344
v 0.40917969 0.04589844 -0.18652344
v 0.40332031 0.04394531 -0.20019531
v 0.40332031 0.04394531 -0.20019531
v 0.40332031 0.04394531 -0.20019531
v 0.39355469 0.04394531 -0.20800781
v 0.39355469 0.04394531 -0.20800781
v 0.39355469 0.04394531 -0.20800781
v 0.38574219 -0.02832031 -0.19824219
v 0.38574219 -0.02832031 -0.19824219
v 0.38378906 -0.03222656 -0.19628906
v 0.38378906 -0.03222656 -0.19628906
v 0.38378906 -0.03613281 -0.19824219
v 0.38378906 -0.03613281 -0.19824219
v 0.37402344 -0.10253906 -0.18652344
v 0.37207031 -0.11230469 -0.18457031
v 0.37207031 -0.11621094 -0.17480469
v 0.37207031 -0.11621094 -0.17480469
v 0.37207031 -0.12597656 -0.15527344
v 0.37207031 -0.12597656 -0.15527344
v 0.37597656 -0.11425781 -0.15136719
v 0.37597656 -0.12402344 -0.14355469
v 0.37792969 -0.10058594 -0.12402344
v 0.37792969 -0.10058594 -0.12402344
v 0.37792969 -0.09472656 -0.06347656
v 0.37792969 -0.09472656 -0.06347656
v 0.42089844 -0.08105469 -0.00097656
v 0.42089844 -0.08300781 0.06542969
v 0.45605469 -0.06542969 0.06738281
v 0.45605469 -0.06542969 0.06738281
v 0.45605469 -0.06542969 0.06738281
v 0.45605469 -0.06542969 0.06738281
v 0.45605469 -0.06933594 0.13183594
v 0.45605469 -0.06933594 0.13183594
v 0.45410156 -0.07714844 0.17871094
v 0.45410156 -0.07714844 0.17871094
v 0.45214844 -0.07324219 0.18847656
v 0.45214844 -0.07324219 0.18847656
v 0.42089844 -0.08105469 0.18847656
v 0.38769531 -0.03222656 0.19433594
v 0.38769531 -0.03222656 0.19433594
v 0.38769531 -0.03222656 0.19433594
v 0.38769531 -0.03222656 0.19433594
v 0.39160156 -0.01269531 0.19628906
v 0.39160156 -0.01269531 0.19628906
v 0.39746094 0.00097656 0.19433594
v 0.39746094 0.00097656 0.19433594
v 0.39746094 0.00097656 0.19433594
v 0.40332031 0.04394531 0.20019531
v 0.40332031 0.04394531 0.20019531
v 0.40332031 0.04394531 0.20019531
v 0.40917969 0.04589844 0.18652344
v 0.40917969 0.04589844 0.18652344
v 0.41308594 0.04980469 0.16894531
v 0.41308594 0.04980469 0.16894531
v 0.41503906 0.05175781 0.14160156
v 0.41503906 0.05175781 0.14160156
v 0.41503906 0.05761719 0.07128906
v 0.41503906 0.05761719 0.07128906
v 0.41503906 0.05761719 -0.00097656
v 0.41503906 0.05761719 -0.00097656
v 0.41503906 0.05761719 -0.07128906
v 0.41503906 0.05761719 -0.07128906
v 0.41503906 0.05761719 -0.07128906
v 0.41503906 0.05175781 -0.14160156
v 0.41503906 0.05175781 -0.14160156
v 0.40722656 0.05566407 -0.16894531
v 0.40722656 0.05566407 -0.16894531
v 0.40527344 0.05175781 -0.18652344
v 0.40527344 0.05175781 -0.18652344
v 0.39941406 0.05175781 -0.19628906
v 0.39941406 0.05175781 -0.19628906
v 0.38964844 0.04980469 -0.20410156
v 0.38964844 0.04980469 -0.20410156
v 0.38183594 0.04199219 -0.21191406
v 0.38183594 0.04199219 -0.21191406
v 0.37597656 -0.02832031 -0.20214844
v 0.37597656 -0.02832031 -0.20214844
v 0.37597656 -0.03222656 -0.19824219
v 0.37597656 -0.03222656 -0.19824219
v 0.37597656 -0.03222656 -0.19824219
v 0.37597656 -0.03613281 -0.20214844
v 0.37597656 -0.03613281 -0.20214844
v 0.37597656 -0.03613281 -0.20214844
v 0.36816406 -0.10644531 -0.19042969
v 0.36816406 -0.10644531 -0.19042969
v 0.36621094 -0.11621094 -0.18652344
v 0.36621094 -0.11621094 -0.18652344
v 0.36621094 -0.11621094 -0.18652344
v 0.36621094 -0.11621094 -0.18652344
v 0.36621094 -0.12207031 -0.17675781
v 0.36621094 -0.12207031 -0.17675781
v 0.36621094 -0.12988281 -0.15917969
v 0.36621094 -0.12988281 -0.15917969
v 0.37207031 -0.13378906 -0.14746094
v 0.37207031 -0.13378906 -0.14746094
v 0.37597656 -0.12988281 -0.13574219
v 0.37597656 -0.13378906 -0.12011719
v 0.37597656 -0.13769531 -0.07910156
v 0.37597656 -0.14355469 -0.03222656
v 0.37597656 -0.15527344 -0.00878906
v 0.37792969 -0.09277344 -0.00097656
v 0.37792969 -0.09277344 -0.00097656
v 0.37792969 -0.09472656 0.06347656
v 0.37792969 -0.09472656 0.06347656
v 0.37792969 -0.10058594 0.12402344
v 0.37792969 -0.10058594 0.12402344
v 0.42089844 -0.08691406 0.12792969
v 0.42089844 -0.08691406 0.12792969
v 0.42089844 -0.09667969 0.17480469
v 0.42089844 -0.09667969 0.17480469
v 0.42089844 -0.09667969 0.17480469
v 0.41894531 -0.09277344 0.18261719
v 0.41894531 -0.09277344 0.18261719
v 0.41894531 -0.09277344 0.18261719
v 0.37792969 -0.09277344 0.18457031
v 0.37792969 -0.09277344 0.18457031
v 0.38378906 -0.03613281 0.19824219
v 0.38378906 -0.03613281 0.19824219
v 0.38378906 -0.03613281 0.19824219
v 0.38378906 -0.03613281 0.19824219
v 0.38378906 -0.03613281 0.19824219
v 0.38378906 -0.03222656 0.19628906
v 0.38378906 -0.03222656 0.19628906
v 0.38378906 -0.03222656 0.19628906
v 0.38574219 -0.02832031 0.19824219
v 0.38574219 -0.02832031 0.19824219
v 0.39355469 0.04394531 0.20800781
v 0.39355469 0.04394531 0.20800781
v 0.39355469 0.04394531 0.20800781
v 0.38964844 0.04980469 0.20410156
v 0.38964844 0.04980469 0.20410156
v 0.39941406 0.05175781 0.19628906
v 0.39941406 0.05175781 0.19628906
v 0.40527344 0.05175781 0.18652344
v 0.40527344 0.05175781 0.18652344
v 0.40722656 0.05566407 0.16894531
v 0.40722656 0.05566407 0.16894531
v 0.37597656 0.05566407 0.16308594
v 0.37597656 0.05566407 0.16308594
v 0.40917969 0.05761719 0.14160156
v 0.40917969 0.05761719 0.14160156
v 0.40917969 0.06347656 0.07128906
v 0.40917969 0.06347656 0.07128906
v 0.40917969 0.06347656 -0.00097656
v 0.40917969 0.06347656 -0.00097656
v 0.40917969 0.06347656 -0.07128906
v 0.40917969 0.06347656 -0.07128906
v 0.40917969 0.06347656 -0.07128906
v 0.40917969 0.05761719 -0.14160156
v 0.40917969 0.05761719 -0.14160156
v 0.37597656 0.05566407 -0.16308594
v 0.37597656 0.05566407 -0.16308594
v 0.37597656 0.05566407 -0.16308594
v 0.37207031 0.05371094 -0.17480469
v 0.37207031 0.05371094 -0.17480469
v 0.37988281 0.04980469 -0.20605469
v 0.37988281 0.04980469 -0.20605469
v 0.36230469 0.04199219 -0.21191406
v 0.36230469 0.04199219 -0.21191406
v 0.36035156 -0.03027344 -0.20410156
v 0.36035156 -0.03027344 -0.20410156
v 0.36035156 -0.03027344 -0.20410156
v 0.36035156 -0.03222656 -0.20019531
v 0.36035156 -0.03222656 -0.20019531
v 0.36035156 -0.03613281 -0.20410156
v 0.36035156 -0.03613281 -0.20410156
v 0.35839844 -0.10644531 -0.19238281
v 0.35839844 -0.11621094 -0.18652344
v 0.35839844 -0.11621094 -0.18652344
v 0.35839844 -0.12207031 -0.17871094
v 0.35839844 -0.12207031 -0.17871094
v 0.35839844 -0.13183594 -0.15917969
v 0.35839844 -0.13183594 -0.15917969
v 0.35839844 -0.13183594 -0.15917969
v 0.35839844 -0.13964844 -0.15332031
v 0.35839844 -0.13964844 -0.15332031
v 0.36621094 -0.13964844 -0.15136719
v 0.37207031 -0.13964844 -0.14160156
v 0.37207031 -0.13964844 -0.14160156
v 0.37207031 -0.14550781 -0.12402344
v 0.37207031 -0.14550781 -0.12402344
v 0.37207031 -0.14941406 -0.08300781
v 0.37207031 -0.14941406 -0.08300781
v 0.37207031 -0.15527344 -0.03613281
v 0.37207031 -0.15527344 -0.03613281
v 0.37207031 -0.16894531 -0.01464844
v 0.37207031 -0.16894531 -0.01464844
v 0.37207031 -0.17871094 -0.00683594
v 0.37207031 -0.17871094 -0.00683594
v 0.37597656 -0.16894531 -0.00097656
v 0.37597656 -0.15527344 0.00878906
v 0.37597656 -0.14355469 0.03222656
v 0.37597656 -0.13769531 0.07910156
v 0.37597656 -0.13378906 0.12011719
v 0.37597656 -0.12988281 0.13574219
v 0.37597656 -0.12402344 0.14355469
v 0.37597656 -0.11425781 0.15136719
v 0.37597656 -0.10839844 0.17089844
v 0.37597656 -0.10839844 0.17089844
v 0.37792969 -0.10253906 0.18066406
v 0.37792969 -0.10253906 0.18066406
v 0.37792969 -0.10253906 0.18066406
v 0.37792969 -0.10253906 0.18066406
v 0.37402344 -0.10253906 0.18652344
v 0.37402344 -0.10253906 0.18652344
v 0.37597656 -0.03613281 0.20214844
v 0.37597656 -0.03613281 0.20214844
v 0.37597656 -0.03613281 0.20214844
v 0.37597656 -0.03613281 0.20214844
v 0.37597656 -0.03222656 0.19824219
v 0.37597656 -0.03222656 0.19824219
v 0.37597656 -0.03222656 0.19824219
v 0.37597656 -0.03222656 0.19824219
v 0.37597656 -0.02832031 0.20214844
v 0.37597656 -0.02832031 0.20214844
v 0.38183594 0.04199219 0.21191406
v 0.38183594 0.04199219 0.21191406
v 0.38183594 0.04199219 0.21191406
v 0.37988281 0.04980469 0.20605469
v 0.37988281 0.04980469 0.20605469
v 0.37988281 0.04980469 0.20605469
v 0.37988281 0.04980469 0.20605469
v 0.37207031 0.05371094 0.17480469
v 0.37207031 0.05371094 0.17480469
v 0.36816406 0.04980469 0.16699219
v 0.36816406 0.04980469 0.16699219
v 0.36816406 0.04980469 0.16699219
v 0.37207031 0.05175781 0.13964844
v 0.37207031 0.05175781 0.13964844
v 0.37792969 0.05761719 0.13964844
v 0.37792969 0.05761719 0.13964844
v 0.37792969 0.06152344 0.06933594
v 0.37792969 0.06152344 0.06933594
v 0.37792969 0.06347656 -0.00097656
v 0.37792969 0.06347656 -0.00097656
v 0.37792969 0.06152344 -0.06933594
v 0.37792969 0.06152344 -0.06933594
v 0.37792969 0.05761719 -0.13964844
v 0.37792969 0.05761719 -0.13964844
v 0.37207031 0.05175781 -0.13964844
v 0.37207031 0.05175781 -0.13964844
v 0.36816406 0.04785156 -0.16699219
v 0.36816406 0.04785156 -0.16699219
v 0.36816406 0.04785156 -0.16699219
v 0.36816406 -0.00878906 -0.16308594
v 0.36816406 -0.00878906 -0.16308594
v 0.36816406 -0.00878906 -0.16308594
v 0.35839844 0.04589844 -0.17480469
v 0.35839844 0.04589844 -0.17480469
v 0.35839844 0.05175781 -0.18066406
v 0.35839844 0.05175781 -0.18066406
v 0.36230469 0.04785156 -0.20800781
v 0.36230469 0.04785156 -0.20800781
v 0.21582031 0.04003906 -0.21777344
v 0.21582031 0.04003906 -0.21777344
v 0.21582031 -0.03222656 -0.20996094
v 0.21582031 -0.03222656 -0.20996094
v 0.21582031 -0.03417969 -0.20605469
v 0.21582031 -0.03417969 -0.20605469
v 0.21582031 -0.03417969 -0.20605469
v 0.21582031 -0.03417969 -0.20605469
v 0.21582031 -0.03808594 -0.20800781
v 0.21582031 -0.11035156 -0.19628906
v 0.21582031 -0.12011719 -0.19042969
v 0.21582031 -0.12011719 -0.19042969
v 0.21582031 -0.12597656 -0.18261719
v 0.21582031 -0.12597656 -0.18261719
v 0.21582031 -0.13574219 -0.16308594
v 0.21582031 -0.13574219 -0.16308594
v 0.21582031 -0.13574219 -0.16308594
v 0.21582031 -0.14355469 -0.15527344
v 0.21582031 -0.15136719 -0.14746094
v 0.21582031 -0.15136719 -0.14746094
v 0.35839844 -0.14746094 -0.14550781
v 0.35839844 -0.14746094 -0.14550781
v 0.35839844 -0.14746094 -0.14550781
v 0.36621094 -0.14550781 -0.14355469
v 0.36621094 -0.14550781 -0.14355469
v 0.36621094 -0.15136719 -0.12792969
v 0.36621094 -0.15136719 -0.12792969
v 0.36621094 -0.15722656 -0.08691406
v 0.36621094 -0.15722656 -0.08691406
v 0.36621094 -0.16308594 -0.03808594
v 0.36621094 -0.16308594 -0.03808594
v 0.36621094 -0.17675781 -0.01660156
v 0.36621094 -0.18652344 -0.01074219
v 0.36621094 -0.18652344 -0.01074219
v 0.37207031 -0.18261719 -0.00097656
v 0.37207031 -0.18261719 -0.00097656
v 0.37207031 -0.18261719 -0.00097656
v 0.37207031 -0.17871094 0.00683594
v 0.37207031 -0.17871094 0.00683594
v 0.37207031 -0.16894531 0.01464844
v 0.37207031 -0.16894531 0.01464844
v 0.37207031 -0.15527344 0.03613282
v 0.37207031 -0.15527344 0.03613282
v 0.37207031 -0.14941406 0.08300781
v 0.37207031 -0.14941406 0.08300781
v 0.37207031 -0.14550781 0.12402344
v 0.37207031 -0.14550781 0.12402344
v 0.37207031 -0.13964844 0.14160156
v 0.37207031 -0.13964844 0.14160156
v 0.37207031 -0.13378906 0.14746094
v 0.37207031 -0.13378906 0.14746094
v 0.37207031 -0.12597656 0.15527344
v 0.37207031 -0.12597656 0.15527344
v 0.37207031 -0.11621094 0.17480469
v 0.37207031 -0.11621094 0.17480469
v 0.37207031 -0.11230469 0.18457031
v 0.36816406 -0.10644531 0.19042969
v 0.36816406 -0.10644531 0.19042969
v 0.36035156 -0.03613281 0.20410156
v 0.36035156 -0.03613281 0.20410156
v 0.36035156 -0.03613281 0.20410156
v 0.36035156 -0.03222656 0.20019531
v 0.36035156 -0.03222656 0.20019531
v 0.36035156 -0.03222656 0.20019531
v 0.36035156 -0.03027344 0.20410156
v 0.36035156 -0.03027344 0.20410156
v 0.36035156 -0.03027344 0.20410156
v 0.36230469 0.04199219 0.21191406
v 0.36230469 0.04199219 0.21191406
v 0.36230469 0.04785156 0.20800781
v 0.36230469 0.04785156 0.20800781
v 0.36230469 0.04785156 0.20800781
v 0.35839844 0.05175781 0.18066406
v 0.35839844 0.05175781 0.18066406
v 0.35839844 0.05175781 0.18066406
v 0.35839844 0.05175781 0.18066406
v 0.35839844 0.04785156 0.17480469
v 0.35839844 0.04785156 0.17480469
v 0.35839844 0.04785156 0.17480469
v 0.36816406 -0.00878906 0.16308594
v 0.36816406 -0.00878906 0.16308594
v 0.36816406 -0.00878906 0.16308594
v 0.35644531 -0.01074219 0.17089844
v 0.35644531 -0.01074219 0.17089844
v 0.37011719 -0.00488281 0.13574219
v 0.37011719 -0.00488281 0.13574219
v 0.37207031 0.05566407 0.06933594
v 0.37207031 0.05566407 0.06933594
v 0.37207031 0.05761719 -0.00097656
v 0.37207031 0.05761719 -0.00097656
v 0.37207031 0.05566407 -0.06933594
v 0.37207031 0.05566407 -0.06933594
v 0.37011719 -0.00488281 -0.13574219
v 0.37011719 -0.00488281 -0.13574219
v 0.35644531 -0.01074219 -0.17089844
v 0.35644531 -0.01074219 -0.17089844
v 0.35644531 -0.01074219 -0.17089844
v 0.21777344 0.04394531 -0.17285156
v 0.21777344 0.04394531 -0.17285156
v 0.21777344 0.04980469 -0.17871094
v 0.21777344 0.04980469 -0.17871094
v 0.21777344 0.04980469 -0.17871094
v 0.21582031 0.04785156 -0.21191406
v 0.21582031 0.04785156 -0.21191406
v 0.06347657 0.04589844 -0.20800781
v 0.06347657 0.04589844 -0.20800781
v 0.06347657 0.04589844 -0.20800781
v 0.06347657 0.04589844 -0.20800781
v -0.08300781 0.04785156 -0.19824219
v -0.08300781 0.04785156 -0.19824219
v -0.08300781 0.04785156 -0.19824219
v -0.08300781 0.04785156 -0.19824219
v -0.08300781 0.04199219 -0.20410156
v -0.08300781 0.04199219 -0.20410156
v -0.08300781 0.04199219 -0.20410156
v 0.06347657 0.04003906 -0.21191406
v 0.06738282 -0.03222656 -0.20605469
v 0.06738282 -0.03222656 -0.20605469
v 0.06738282 -0.03222656 -0.20605469
v 0.06738282 -0.03222656 -0.20605469
v 0.06738282 -0.03613281 -0.20214844
v 0.06738282 -0.03613281 -0.20214844
v 0.06738282 -0.03613281 -0.20214844
v 0.06738282 -0.04003906 -0.20410156
v 0.07128907 -0.11230469 -0.19433594
v 0.07128907 -0.12207031 -0.18847656
v 0.07128907 -0.12207031 -0.18847656
v 0.07128907 -0.12792969 -0.18066406
v 0.07128907 -0.12792969 -0.18066406
v 0.07128907 -0.13574219 -0.16113281
v 0.07128907 -0.13574219 -0.16113281
v 0.07128907 -0.13574219 -0.16113281
v 0.07128907 -0.14550781 -0.15527344
v 0.07128907 -0.14550781 -0.15527344
v 0.07128907 -0.15136719 -0.14746094
v 0.07128907 -0.15136719 -0.14746094
v 0.21582031 -0.15527344 -0.13378906
v 0.35839844 -0.15136719 -0.12988281
v 0.35839844 -0.15917969 -0.08886719
v 0.35839844 -0.16503906 -0.04003906
v 0.35839844 -0.16503906 -0.04003906
v 0.35839844 -0.17871094 -0.01855469
v 0.35839844 -0.17871094 -0.01855469
v 0.35839844 -0.17871094 -0.01855469
v 0.35644531 -0.18847656 -0.01074219
v 0.35644531 -0.18847656 -0.01074219
v 0.35644531 -0.18847656 -0.01074219
v 0.36621094 -0.19042969 -0.00097656
v 0.36621094 -0.19042969 -0.00097656
v 0.36621094 -0.19042969 -0.00097656
v 0.36621094 -0.18652344 0.01074219
v 0.36621094 -0.18652344 0.01074219
v 0.36621094 -0.17675781 0.01660156
v 0.36621094 -0.16308594 0.03808594
v 0.36621094 -0.16308594 0.03808594
v 0.36621094 -0.15722656 0.08691406
v 0.36621094 -0.15722656 0.08691406
v 0.36621094 -0.15136719 0.12792969
v 0.36621094 -0.15136719 0.12792969
v 0.36621094 -0.14550781 0.14355469
v 0.36621094 -0.14550781 0.14355469
v 0.36621094 -0.13964844 0.15136719
v 0.36621094 -0.12988281 0.15917969
v 0.36621094 -0.12988281 0.15917969
v 0.36621094 -0.12207031 0.17675781
v 0.36621094 -0.12207031 0.17675781
v 0.36621094 -0.11621094 0.18652344
v 0.36621094 -0.11621094 0.18652344
v 0.36621094 -0.11621094 0.18652344
v 0.36621094 -0.11621094 0.18652344
v 0.35839844 -0.10644531 0.19238281
v 0.21582031 -0.11035156 0.19628906
v 0.21582031 -0.03808594 0.20800781
v 0.21582031 -0.03417969 0.20605469
v 0.21582031 -0.03417969 0.20605469
v 0.21582031 -0.03417969 0.20605469
v 0.21582031 -0.03417969 0.20605469
v 0.21582031 -0.03222656 0.20996094
v 0.21582031 -0.03222656 0.20996094
v 0.21582031 0.04003906 0.21777344
v 0.21582031 0.04003906 0.21777344
v 0.06347657 0.04589844 0.20800781
v 0.06347657 0.04589844 0.20800781
v 0.06347657 0.04589844 0.20800781
v 0.06347657 0.04589844 0.20800781
v 0.21582031 0.04785156 0.21191406
v 0.21582031 0.04785156 0.21191406
v 0.21777344 0.04980469 0.17871094
v 0.21777344 0.04980469 0.17871094
v 0.21777344 0.04394531 0.17285156
v 0.21777344 0.04394531 0.17285156
v 0.21777344 0.04394531 0.17285156
v 0.21777344 -0.01269531 0.17089844
v 0.21777344 -0.01269531 0.17089844
v 0.37011719 -0.00292969 -0.00097656
v 0.37011719 -0.00292969 -0.00097656
v 0.21777344 -0.01269531 -0.16894531
v 0.21777344 -0.01269531 -0.16894531
v 0.11230469 -0.01464844 -0.16894531
v 0.11230469 -0.01464844 -0.16894531
v 0.11230469 -0.01464844 -0.16894531
v 0.11035157 0.04199219 -0.17089844
v 0.11035157 0.04199219 -0.17089844
v 0.11035157 0.04199219 -0.17089844
v 0.11035157 0.04199219 -0.17089844
v 0.11035157 0.04199219 -0.17089844
v 0.08300782 0.11816406 -0.14550781
v 0.08300782 0.11816406 -0.14550781
v 0.08886719 0.11816406 -0.14160156
v 0.08886719 0.11816406 -0.14160156
v 0.09472657 0.07714844 -0.16308594
v 0.09472657 0.07714844 -0.16308594
v 0.10058594 0.07519531 -0.15722656
v 0.10058594 0.07519531 -0.15722656
v 0.10449219 0.04785156 -0.17480469
v 0.10449219 0.04785156 -0.17480469
v 0.10449219 0.04785156 -0.17480469
v 0.10449219 0.04785156 -0.17480469
v 0.03027344 0.04589844 -0.17285156
v 0.03027344 0.04589844 -0.17285156
v -0.09082031 0.04980469 -0.16503906
v -0.09082031 0.04980469 -0.16503906
v 0.03027344 0.11621094 0.14550781
v 0.03027344 0.11621094 0.14550781
v 0.03027344 0.11621094 0.14550781
v 0.02441407 0.15136719 0.13183594
v 0.02441407 0.15136719 0.13183594
v 0.02636719 0.11621094 0.14160156
v 0.02636719 0.11621094 0.14160156
v 0.03027344 0.06933594 0.15332031
v 0.03027344 0.06933594 0.15332031
v 0.02441407 0.11425781 0.13574219
v -0.22753906 0.07519531 0.12011719
v -0.22753906 0.07519531 0.12011719
v -0.22753906 0.07519531 0.12011719
v -0.22753906 0.07519531 0.12011719
v -0.22949219 0.07519531 0.13183594
v -0.22949219 0.07519531 0.13183594
v -0.22753906 0.06738281 0.12207031
v -0.22753906 0.06738281 0.12207031
v -0.23144531 0.06738281 0.13378906
v -0.23144531 0.06738281 0.13378906
v -0.23144531 0.06738281 0.13378906
v -0.00488281 0.15917969 -0.12207031
v -0.00488281 0.15917969 -0.12207031
v -0.06542969 0.15917969 -0.11816406
v -0.06542969 0.15917969 -0.11816406
v -0.06542969 0.16308594 -0.11621094
v -0.06542969 0.16308594 -0.11621094
v -0.15722656 0.15722656 -0.11035156
v -0.15722656 0.15722656 -0.11035156
v -0.25097656 0.09277344 0.09667969
v -0.25097656 0.09277344 0.09667969
v -0.25097656 0.09277344 0.09667969
v -0.21582031 0.14550781 0.08105469
v -0.21582031 0.14550781 0.08105469
v -0.24316406 0.08886719 0.09863281
v -0.24316406 0.08886719 0.09863281
v -0.24316406 0.08886719 0.09863281
v -0.20800781 0.14160156 0.08105469
v -0.20800781 0.14160156 0.08105469
v -0.20800781 0.14160156 0.08105469
v -0.21191406 0.15136719 0.07910156
v -0.21191406 0.15136719 0.07910156
v -0.21191406 0.15136719 0.07910156
v -0.21191406 0.15136719 0.07910156
v -0.21582031 0.06738281 0.13574219
v -0.21582031 0.06738281 0.13574219
v -0.21582031 0.06738281 0.13574219
v -0.20605469 0.06347656 0.12792969
v -0.20605469 0.06347656 0.12792969
v -0.21582031 0.06542969 0.12597656
v -0.21582031 0.06542969 0.12597656
v -0.21582031 0.06542969 0.12597656
v -0.21386719 0.05761719 0.12792969
v -0.21386719 0.05761719 0.12792969
v -0.16894531 0.05761719 0.13378906
v -0.16894531 0.05761719 0.13378906
v -0.16503906 0.06152344 0.13378906
v -0.16503906 0.06152344 0.13378906
v -0.09277344 0.05957032 0.13964844
v -0.09277344 0.05957032 0.13964844
v -0.09277344 0.05371094 0.13964844
v -0.09277344 0.05371094 0.13964844
v -0.00488281 0.15917969 0.10449219
v -0.00488281 0.15917969 0.10449219
v -0.01074218 0.15332031 0.10644531
v -0.01074218 0.15332031 0.10644531
v -0.01074218 0.15332031 0.10644531
v -0.06542969 0.15722656 0.09863281
v -0.06542969 0.15722656 0.09863281
v -0.06542969 0.15722656 0.09863281
v -0.06542969 0.15722656 0.09863281
v -0.06542969 0.15722656 0.09863281
v -0.17480469 0.14941406 0.09472656
v -0.17480469 0.14941406 0.09472656
v -0.17480469 0.14941406 0.09472656
v -0.17480469 0.14941406 0.09472656
v -0.17480469 0.14941406 0.09472656
v -0.16699219 0.15527344 0.09277344
v -0.16699219 0.15527344 0.09277344
v -0.16699219 0.15527344 0.09277344
v -0.16894531 0.14550781 0.09667969
v -0.16894531 0.14550781 0.09667969
v -0.16894531 0.14550781 0.09667969
v -0.16113281 0.14941406 0.09667969
v -0.16113281 0.14941406 0.09667969
v -0.15722656 0.15722656 0.09277344
v -0.15722656 0.15722656 0.09277344
v -0.15136719 0.15136719 0.09667969
v -0.15136719 0.15136719 0.09667969
v -0.15136719 0.15136719 0.09667969
v -0.06738281 0.15332031 0.10253906
v -0.06738281 0.15332031 0.10253906
v -0.06738281 0.15332031 0.10253906
v -0.06738281 0.15332031 0.11230469
v -0.06738281 0.15332031 0.11230469
v -0.01269531 0.15527344 0.11621094
v -0.01269531 0.15527344 0.11621094
v -0.00292968 0.15136719 0.10839844
v -0.00292968 0.15136719 0.10839844
v 0.00878907 0.13964844 0.11425781
v 0.00878907 0.13964844 0.11425781
v 0.00488282 0.14746094 0.11035156
v 0.00488282 0.14746094 0.11035156
v 0.00488282 0.14746094 0.11035156
v 0.01269532 0.15136719 0.10839844
v 0.00488282 0.15722656 0.10644531
v 0.00488282 0.15722656 0.10644531
v 0.00488282 0.15722656 0.10644531
v 0.03027344 0.06738281 0.14160156
v 0.03027344 0.06738281 0.14160156
v 0.01660157 0.14355469 0.11230469
v 0.01660157 0.14355469 0.11230469
v 0.01269532 0.15332031 0.12011719
v 0.01269532 0.15332031 0.12011719
v 0.01269532 0.15136719 0.10839844
v 0.01269532 0.15136719 0.10839844
v 0.01269532 0.15136719 0.10839844
v 0.00488282 0.15722656 0.11621094
v 0.00488282 0.15722656 0.11621094
v 0.00488282 0.15722656 0.11621094
v -0.00488281 0.15917969 0.11621094
v -0.06542969 0.15917969 0.11035156
v -0.15722656 0.15722656 0.10449219
v -0.16699219 0.15527344 0.10449219
v -0.16699219 0.15527344 0.10449219
v -0.16699219 0.15527344 0.10449219
v -0.17675781 0.15136719 0.10449219
v -0.17675781 0.15136719 0.10449219
v -0.22753906 0.07519531 0.12011719
v -0.18261719 0.14550781 0.10839844
v -0.18261719 0.14355469 0.09667969
v -0.18261719 0.14355469 0.09667969
v -0.18261719 0.14355469 0.09667969
v -0.21972656 0.06933594 0.12402344
v -0.21972656 0.06933594 0.12402344
v -0.21972656 0.06933594 0.12402344
v -0.22753906 0.07519531 0.12011719
v -0.22753906 0.07519531 0.12011719
v -0.22753906 0.07519531 0.12011719
v -0.21777344 0.07714844 0.12011719
v -0.21777344 0.07714844 0.12011719
v -0.21777344 0.07714844 0.12011719
v -0.21777344 0.07714844 0.12011719
v -0.17675781 0.13964844 0.10058594
v -0.17675781 0.13964844 0.10058594
v -0.17675781 0.13964844 0.10058594
v -0.17089844 0.14746094 0.10644531
v -0.17089844 0.14746094 0.10644531
v -0.17089844 0.14746094 0.10644531
v -0.16113281 0.15136719 0.10644531
v -0.16113281 0.15136719 0.10644531
v -0.15136719 0.15332031 0.10644531
v -0.15136719 0.15332031 0.10644531
v -0.06542969 0.15917969 0.11035156
v -0.06542969 0.15917969 0.11035156
v -0.06542969 0.16699219 0.12011719
v -0.06542969 0.16699219 0.12011719
v -0.06542969 0.16699219 0.12011719
v -0.06542969 0.16699219 0.12011719
v -0.15917969 0.16308594 0.10839844
v -0.15917969 0.16308594 0.10839844
v -0.15917969 0.16308594 0.10839844
v -0.06542969 0.16308594 0.11621094
v -0.06542969 0.16308594 0.11621094
v -0.06542969 0.15917969 0.11816406
v -0.06542969 0.15917969 0.11816406
v -0.15722656 0.15722656 0.11035156
v -0.15722656 0.15722656 0.11035156
v -0.16699219 0.15722656 0.11035156
v -0.16699219 0.15722656 0.11035156
v -0.16699219 0.15722656 0.11035156
v -0.17480469 0.15136719 0.11230469
v -0.17480469 0.15136719 0.11230469
v -0.17480469 0.15136719 0.11230469
v -0.17089844 0.16113281 0.10839844
v -0.17089844 0.16113281 0.10839844
v -0.17089844 0.16113281 0.10839844
v -0.17089844 0.16308594 0.11230469
v -0.17089844 0.16308594 0.11230469
v -0.17089844 0.16308594 0.11230469
v -0.15917969 0.16503906 0.11230469
v -0.15917969 0.16503906 0.11230469
v -0.12792969 0.17089844 0.11425781
v -0.12792969 0.17089844 0.11425781
v -0.19824219 0.15722656 -0.06933594
v -0.19824219 0.15722656 -0.06933594
v -0.20605469 0.15917969 -0.06933594
v -0.20605469 0.15917969 -0.06933594
v -0.20605469 0.15917969 -0.06933594
v -0.20605469 0.15917969 -0.06933594
v -0.20019531 0.15722656 -0.00097656
v -0.20019531 0.15722656 -0.00097656
v -0.20800781 0.16113281 -0.00097656
v -0.20800781 0.16113281 -0.00097656
v -0.20800781 0.16113281 -0.00097656
v -0.20800781 0.16113281 -0.00097656
v -0.20800781 0.16113281 -0.00097656
v -0.20800781 0.16113281 -0.00097656
v -0.20800781 0.15527344 -0.06542969
v -0.20800781 0.15527344 -0.06542969
v -0.20800781 0.15527344 -0.06542969
v -0.20800781 0.15527344 -0.06542969
v -0.20800781 0.15527344 -0.06542969
v -0.21191406 0.15722656 -0.00097656
v -0.21191406 0.15722656 -0.00097656
v -0.21191406 0.15722656 -0.00097656
v -0.20996094 0.16503906 -0.08105469
v -0.20996094 0.16503906 -0.08105469
v -0.20800781 0.16308594 -0.08105469
v -0.20800781 0.16308594 -0.08105469
v -0.20996094 0.16699219 -0.07128906
v -0.20996094 0.16699219 -0.07128906
v -0.20996094 0.16699219 -0.07128906
v -0.20996094 0.16699219 -0.07128906
v -0.20996094 0.16699219 -0.07128906
v -0.20800781 0.16503906 -0.07128906
v -0.20800781 0.16503906 -0.07128906
v -0.20800781 0.16503906 -0.07128906
v -0.20214844 0.18652344 -0.07910156
v -0.20605469 0.18847656 -0.04199219
v -0.17285156 0.19238281 -0.03808594
v -0.20605469 0.18847656 -0.00097656
v -0.17285156 0.19238281 -0.00097656
v -0.17285156 0.19238281 -0.00097656
v -0.17285156 0.19238281 -0.00097656
v -0.16699219 0.18847656 -0.03222656
v -0.16699219 0.18847656 -0.03222656
v -0.16699219 0.18652344 -0.00097656
v -0.16699219 0.18652344 -0.00097656
v -0.16699219 0.18652344 -0.00097656
v -0.16113281 0.18652344 -0.00097656
v -0.16113281 0.18847656 -0.03808594
v -0.16113281 0.18847656 -0.03808594
v -0.12792969 0.18847656 -0.00097656
v -0.12792969 0.19042969 -0.03808594
v -0.12792969 0.19042969 -0.03808594
v -0.06542969 0.19238281 -0.03808594
v -0.06542969 0.19238281 -0.03808594
v -0.06542969 0.19042969 -0.00097656
v -0.12792969 0.19042969 0.03808594
v -0.16113281 0.18847656 0.03808594
v -0.16699219 0.18847656 0.03222656
v -0.16699219 0.18847656 0.03222656
v -0.17285156 0.19238281 0.03808594
v -0.20605469 0.18847656 0.04199219
v -0.20800781 0.18847656 -0.00097656
v -0.20800781 0.18847656 -0.00097656
v -0.20800781 0.18847656 -0.04199219
v -0.20800781 0.18847656 -0.04199219
v -0.20410156 0.18652344 -0.07910156
v -0.20410156 0.18652344 -0.07910156
v -0.20019531 0.18652344 -0.09082031
v -0.20019531 0.18652344 -0.09082031
v -0.20214844 0.18652344 -0.09082031
v -0.20214844 0.18652344 -0.09082031
v -0.19824219 0.18457031 -0.09863281
v -0.19824219 0.18457031 -0.09863281
v -0.19628906 0.18652344 -0.09667969
v -0.19628906 0.18652344 -0.09667969
v -0.19433594 0.18457031 -0.10253906
v -0.19238281 0.18652344 -0.10058594
v -0.19238281 0.18652344 -0.10058594
v -0.18652344 0.18457031 -0.10449219
v -0.18652344 0.18652344 -0.10253906
v -0.18652344 0.18652344 -0.10253906
v -0.16699219 0.19238281 -0.04394531
v -0.16699219 0.19238281 -0.04394531
v -0.12792969 0.19433594 -0.04394531
v -0.12792969 0.19433594 -0.04394531
v -0.12792969 0.19433594 -0.04394531
v -0.12792969 0.19433594 -0.04394531
v -0.06542969 0.19824219 -0.04394531
v -0.06542969 0.19824219 -0.04394531
v -0.00097656 0.19824219 -0.04589844
v -0.00097656 0.19824219 -0.04589844
v -0.00097656 0.19238281 -0.03808594
v -0.00097656 0.19238281 -0.03808594
v 0.05175782 0.19042969 -0.03808594
v 0.05761719 0.19042969 0.03222656
v 0.05761719 0.19042969 -0.00097656
v 0.05371094 0.19042969 -0.00097656
v 0.05761719 0.19042969 -0.03222656
v -0.00097656 0.19042969 -0.00097656
v -0.00097656 0.19238281 0.03808594
v -0.00097656 0.19238281 0.03808594
v -0.06542969 0.19238281 0.03808594
v -0.06542969 0.19238281 0.03808594
v -0.12792969 0.19433594 0.04394532
v -0.12792969 0.19433594 0.04394532
v -0.16699219 0.19238281 0.04394532
v -0.18652344 0.18652344 0.10253906
v -0.18652344 0.18652344 0.10253906
v -0.19238281 0.18652344 0.10058594
v -0.19238281 0.18652344 0.10058594
v -0.19628906 0.18652344 0.09667969
v -0.19628906 0.18652344 0.09667969
v -0.20019531 0.18652344 0.09082031
v -0.20019531 0.18652344 0.09082031
v -0.20214844 0.18652344 0.07910156
v -0.20800781 0.18847656 0.04199219
v -0.20800781 0.18847656 0.04199219
v -0.20800781 0.18847656 0.04199219
v -0.21972656 0.17285156 -0.00097656
v -0.21972656 0.17285156 -0.00097656
v -0.21972656 0.17285156 -0.04589844
v -0.21972656 0.17285156 -0.04589844
v -0.21777344 0.16894531 -0.04589844
v -0.21777344 0.16894531 -0.04589844
v -0.21582031 0.17089844 -0.08496094
v -0.21582031 0.17089844 -0.08496094
v -0.21386719 0.17285156 -0.09863281
v -0.21386719 0.17285156 -0.09863281
v -0.21191406 0.17285156 -0.10449219
v -0.21191406 0.17285156 -0.10449219
v -0.21191406 0.17285156 -0.10449219
v -0.20605469 0.17089844 -0.11035156
v -0.20605469 0.17089844 -0.11035156
v -0.20605469 0.17089844 -0.11035156
v -0.19824219 0.17285156 -0.11230469
v -0.19824219 0.17285156 -0.11230469
v -0.18652344 0.16894531 -0.11425781
v -0.18652344 0.16894531 -0.11425781
v -0.18652344 0.17285156 -0.11425781
v -0.18652344 0.17285156 -0.11425781
v -0.17480469 0.18652344 -0.10839844
v -0.17480469 0.18652344 -0.10839844
v -0.17480469 0.18652344 -0.10839844
v -0.17285156 0.18652344 -0.10644531
v -0.12792969 0.19042969 -0.10839844
v -0.06542969 0.19433594 -0.11230469
v -0.06542969 0.19433594 -0.11230469
v -0.06542969 0.19433594 -0.11230469
v -0.00097656 0.19433594 -0.11621094
v -0.00097656 0.19433594 -0.11621094
v 0.06152344 0.19433594 -0.04589844
v 0.06542969 0.19433594 -0.04003906
v 0.06542969 0.19433594 -0.00097656
v 0.06542969 0.19433594 0.04003907
v 0.05175782 0.19042969 0.03808594
v 0.05175782 0.19042969 0.03808594
v -0.00097656 0.19824219 0.04394532
v -0.00097656 0.19824219 0.04394532
v -0.06542969 0.19824219 0.04394532
v -0.06542969 0.19824219 0.04394532
v -0.12792969 0.19042969 0.10839844
v -0.17285156 0.18652344 0.10449219
v -0.17480469 0.18652344 0.10644531
v -0.17480469 0.18652344 0.10644531
v -0.17480469 0.18652344 0.10644531
v -0.18652344 0.17285156 0.11425781
v -0.18652344 0.17285156 0.11425781
v -0.18652344 0.18457031 0.10449219
v -0.19433594 0.18457031 0.10253906
v -0.19824219 0.18457031 0.09667969
v -0.19824219 0.18457031 0.09667969
v -0.20214844 0.18652344 0.09082031
v -0.20214844 0.18652344 0.09082031
v -0.20214844 0.18652344 0.09082031
v -0.20214844 0.18652344 0.09082031
v -0.20410156 0.18652344 0.07910156
v -0.20410156 0.18652344 0.07910156
v -0.21972656 0.17285156 0.04589844
v -0.21972656 0.17285156 0.04589844
v -0.21972656 0.17285156 0.04589844
v -0.21972656 0.16894531 -0.00097656
v -0.21972656 0.16894531 -0.00097656
v -0.21191406 0.16894531 -0.04394531
v -0.21191406 0.16894531 -0.04394531
v -0.21191406 0.16894531 -0.04394531
v -0.21191406 0.16894531 -0.00097656
v -0.21191406 0.16894531 -0.00097656
v -0.21191406 0.16699219 -0.00097656
v -0.21191406 0.16699219 -0.00097656
v -0.21191406 0.16699219 -0.00097656
v -0.20996094 0.16503906 -0.00097656
v -0.20996094 0.16503906 -0.00097656
v -0.20996094 0.16503906 -0.00097656
v -0.20800781 0.16503906 0.07128906
v -0.20800781 0.16503906 0.07128906
v -0.20800781 0.16503906 0.07128906
v -0.20605469 0.15917969 0.06933594
v -0.20605469 0.15917969 0.06933594
v -0.20800781 0.15527344 0.06542969
v -0.20800781 0.15527344 0.06542969
v -0.20800781 0.15527344 0.06542969
v -0.20800781 0.15527344 0.06542969
v -0.20800781 0.15527344 0.06542969
v -0.20410156 0.15332031 -0.00097656
v -0.20410156 0.15332031 -0.00097656
v -0.20410156 0.15332031 -0.00097656
v -0.20019531 0.15136719 -0.06542969
v -0.20019531 0.15136719 -0.06542969
v -0.20019531 0.15136719 -0.06542969
v -0.20019531 0.15136719 -0.06542969
v -0.20996094 0.15332031 -0.07324219
v -0.20996094 0.15332031 -0.07324219
v -0.20996094 0.15332031 -0.07324219
v -0.20996094 0.15332031 -0.07324219
v -0.25683594 0.09277344 0.11035156
v -0.25683594 0.09277344 0.11035156
v -0.26269531 0.08496094 0.11035156
v -0.26269531 0.08496094 0.11035156
v -0.26269531 0.08496094 0.11035156
v -0.26660156 0.07910156 0.10253906
v -0.26660156 0.07910156 0.10253906
v -0.26660156 0.07910156 0.10253906
v -0.26660156 0.07910156 0.10253906
v -0.26660156 0.08300781 0.09863281
v -0.26660156 0.08300781 0.09863281
v -0.26660156 0.08300781 0.09863281
v -0.26269531 0.08691406 0.10449219
v -0.26269531 0.08691406 0.10449219
v -0.26269531 0.08691406 0.10449219
v -0.26269531 0.08691406 0.10449219
v -0.26269531 0.08691406 0.10449219
v -0.25683594 0.09472656 0.10253906
v -0.25683594 0.09472656 0.10253906
v -0.21777344 0.15136719 0.08691406
v -0.21777344 0.15136719 0.08691406
v -0.21777344 0.15136719 0.08691406
v -0.20996094 0.15722656 0.08691406
v -0.20996094 0.15722656 0.08691406
v -0.20996094 0.15722656 0.08691406
v -0.21386719 0.15722656 0.08300781
v -0.21386719 0.15722656 0.08300781
v -0.21386719 0.15722656 0.08300781
v -0.20800781 0.16308594 0.08105469
v -0.20800781 0.16308594 0.08105469
v -0.20800781 0.16308594 0.08105469
v -0.20800781 0.16308594 0.08105469
v -0.21191406 0.15917969 0.07714844
v -0.21191406 0.15917969 0.07714844
v -0.21191406 0.15917969 0.07714844
v -0.21191406 0.15917969 0.07714844
v -0.21582031 0.14550781 -0.08105469
v -0.21582031 0.14550781 -0.08105469
v -0.21191406 0.15136719 -0.07910156
v -0.21191406 0.15136719 -0.07910156
v -0.21191406 0.15136719 -0.07910156
v -0.21191406 0.15136719 -0.07910156
v -0.21191406 0.14941406 -0.08691406
v -0.21191406 0.14941406 -0.08691406
v -0.21191406 0.14941406 -0.08691406
v -0.21191406 0.14941406 -0.08691406
v -0.20800781 0.15527344 -0.08300781
v -0.20800781 0.15527344 -0.08300781
v -0.25292969 0.09082031 -0.10449219
v -0.25292969 0.09082031 -0.10449219
v -0.25292969 0.09082031 -0.10449219
v -0.21777344 0.15136719 -0.08691406
v -0.21777344 0.15136719 -0.08691406
v -0.21777344 0.15136719 -0.08691406
v -0.21386719 0.15722656 -0.08300781
v -0.21386719 0.15722656 -0.08300781
v -0.21191406 0.15917969 -0.07910156
v -0.21191406 0.15917969 -0.07910156
v -0.21191406 0.15917969 -0.07910156
v -0.20800781 0.16308594 -0.08105469
v -0.20800781 0.16308594 -0.08105469
v -0.20800781 0.16503906 -0.07128906
v -0.20800781 0.16503906 -0.07128906
v -0.20800781 0.16503906 -0.07128906
v -0.21191406 0.16113281 -0.07128906
v -0.21191406 0.16113281 -0.07128906
v -0.20996094 0.16503906 -0.00097656
v -0.20996094 0.16503906 -0.00097656
v -0.20996094 0.16503906 -0.00097656
v -0.21386719 0.16113281 -0.00097656
v -0.21386719 0.16113281 -0.00097656
v -0.21191406 0.16113281 0.06933594
v -0.21191406 0.16113281 0.06933594
v -0.21191406 0.16113281 0.06933594
v -0.20800781 0.16503906 0.07128906
v -0.20800781 0.16503906 0.07128906
v -0.20800781 0.16503906 0.07128906
v -0.20800781 0.16503906 0.07128906
v -0.21386719 0.15136719 0.09082031
v -0.21386719 0.15136719 0.09082031
v -0.21386719 0.15136719 0.09082031
v -0.26855469 0.07519531 0.09277344
v -0.26855469 0.07519531 0.09277344
v -0.26855469 0.07519531 0.09277344
v -0.26660156 0.08105469 0.09082031
v -0.26660156 0.08105469 0.09082031
v -0.26660156 0.08105469 0.09082031
v -0.26660156 0.08105469 0.09082031
v -0.26269531 0.07714844 -0.09277344
v -0.26855469 0.08105469 -0.00097656
v -0.26855469 0.08105469 -0.00097656
v -0.26464844 0.07714844 -0.00097656
v -0.26269531 0.07714844 0.09082031
v -0.26269531 0.07714844 0.09082031
v -0.26269531 0.07910156 0.10058594
v -0.25878906 0.08496094 0.10449219
v -0.25878906 0.08496094 0.10449219
v -0.25292969 0.09082031 0.10449219
v -0.21191406 0.14941406 0.08691406
v -0.21191406 0.14941406 0.08691406
v -0.20800781 0.15527344 0.08300781
v -0.20605469 0.15917969 0.07714844
v -0.20605469 0.15917969 0.07714844
v -0.20605469 0.15917969 0.06933594
v -0.20800781 0.16113281 -0.00097656
v -0.20605469 0.15917969 -0.07128906
v -0.20605469 0.15917969 -0.07714844
v -0.20605469 0.15917969 -0.07714844
v -0.20605469 0.15917969 -0.07714844
v -0.20605469 0.15917969 -0.07714844
v -0.20605469 0.15917969 -0.07714844
v -0.20605469 0.15917969 -0.07714844
v -0.20605469 0.15917969 -0.07714844
v -0.20605469 0.15917969 -0.07714844
v -0.19824219 0.15527344 -0.07714844
v -0.19824219 0.15527344 -0.07714844
v -0.20605469 0.15917969 -0.07128906
v -0.20605469 0.15917969 -0.07128906
v -0.19824219 0.15722656 -0.06933594
v -0.20605469 0.15917969 -0.07714844
v -0.20605469 0.15917969 -0.07714844
v -0.20800781 0.15527344 -0.08496094
v -0.20800781 0.15527344 -0.08496094
v -0.20800781 0.15527344 -0.08496094
v -0.20800781 0.15527344 -0.08496094
v -0.20019531 0.15136719 -0.08300781
v -0.20019531 0.15136719 -0.08300781
v -0.21191406 0.14941406 -0.08691406
v -0.21191406 0.14941406 -0.08691406
v -0.26269531 0.08496094 -0.11035156
v -0.26269531 0.08496094 -0.11035156
v -0.25878906 0.08496094 -0.10449219
v -0.25683594 0.09277344 -0.11035156
v -0.25683594 0.09277344 -0.11035156
v -0.25292969 0.09082031 -0.10449219
v -0.20996094 0.15722656 -0.08886719
v -0.20996094 0.15722656 -0.08886719
v -0.20996094 0.15722656 -0.08886719
v -0.21386719 0.15136719 -0.09277344
v -0.21386719 0.15136719 -0.09277344
v -0.21386719 0.15136719 -0.09277344
v -0.21191406 0.16113281 -0.08886719
v -0.21191406 0.16113281 -0.08886719
v -0.21191406 0.16113281 -0.08886719
v -0.21191406 0.16113281 -0.08886719
v -0.20996094 0.16699219 -0.08496094
v -0.20996094 0.16699219 -0.08496094
v -0.20996094 0.16699219 -0.08496094
v -0.21582031 0.16894531 -0.08496094
v -0.21582031 0.16894531 -0.08496094
v -0.21386719 0.16894531 -0.09667969
v -0.21386719 0.16894531 -0.09667969
v -0.21191406 0.16894531 -0.10449219
v -0.21191406 0.16894531 -0.10449219
v -0.21191406 0.16894531 -0.10449219
v -0.20605469 0.16894531 -0.10839844
v -0.20605469 0.16894531 -0.10839844
v -0.20019531 0.16894531 -0.11230469
v -0.20019531 0.16894531 -0.11230469
v -0.20019531 0.16894531 -0.11230469
v -0.18652344 0.16699219 -0.10839844
v -0.18652344 0.16699219 -0.10839844
v -0.12792969 0.17089844 -0.11425781
v -0.12792969 0.17089844 -0.11425781
v -0.12792969 0.17285156 -0.11816406
v -0.12792969 0.17285156 -0.11816406
v -0.12792969 0.17675781 -0.12011719
v -0.12792969 0.19042969 -0.11035156
v -0.12792969 0.19042969 -0.11035156
v -0.12792969 0.19042969 -0.11035156
v -0.06542969 0.19238281 -0.11425781
v -0.06542969 0.19238281 -0.11425781
v -0.06542969 0.19238281 -0.11425781
v -0.00097656 0.19238281 -0.11816406
v -0.00097656 0.19238281 -0.11816406
v 0.05761719 0.19238281 -0.11621094
v 0.05761719 0.19238281 -0.11621094
v 0.07128907 0.19238281 -0.11230469
v 0.07128907 0.19238281 -0.11230469
v 0.07910157 0.19238281 -0.10644531
v 0.07910157 0.19238281 -0.10644531
v 0.08691407 0.19042969 -0.09667969
v 0.08691407 0.19042969 -0.09667969
v 0.08496094 0.19238281 -0.09667969
v 0.08496094 0.19238281 -0.09667969
v 0.08886719 0.19238281 -0.08496094
v 0.09082032 0.19238281 -0.06933594
v 0.09277344 0.19238281 -0.03613281
v 0.09277344 0.19238281 -0.00097656
v 0.09277344 0.19238281 0.03613282
v 0.09082032 0.19238281 0.06933594
v 0.08496094 0.19238281 0.09472656
v 0.08496094 0.19238281 0.09472656
v 0.08886719 0.19238281 0.08496094
v 0.06152344 0.19433594 0.04589844
v -0.00097656 0.19433594 0.11621094
v -0.00097656 0.19433594 0.11621094
v -0.06542969 0.19433594 0.11230469
v -0.06542969 0.19433594 0.11230469
v -0.12792969 0.19042969 0.11035156
v -0.12792969 0.19042969 0.11035156
v -0.12792969 0.19042969 0.11035156
v -0.12792969 0.17675781 0.11816406
v -0.12792969 0.17675781 0.11816406
v -0.12792969 0.17285156 0.11816406
v -0.12792969 0.17285156 0.11816406
v -0.18652344 0.16894531 0.11425781
v -0.18652344 0.16894531 0.11425781
v -0.19824219 0.17285156 0.11230469
v -0.19824219 0.17285156 0.11230469
v -0.20605469 0.17285156 0.10839844
v -0.20605469 0.17285156 0.10839844
v -0.21191406 0.17285156 0.10449219
v -0.21191406 0.17285156 0.10449219
v -0.21191406 0.17285156 0.10449219
v -0.21386719 0.17285156 0.09667969
v -0.21386719 0.17285156 0.09667969
v -0.21386719 0.17285156 0.09667969
v -0.21582031 0.17089844 0.08496094
v -0.21582031 0.17089844 0.08496094
v -0.21582031 0.17089844 0.08496094
v -0.21777344 0.16894531 0.04589844
v -0.21777344 0.16894531 0.04589844
v -0.21191406 0.16894531 0.04199219
v -0.21191406 0.16894531 0.04199219
v -0.21191406 0.16894531 0.04199219
v -0.20996094 0.16699219 0.07128906
v -0.20996094 0.16699219 0.07128906
v -0.20996094 0.16699219 0.07128906
v -0.20996094 0.16699219 0.07128906
v -0.20996094 0.16699219 0.07128906
v -0.20996094 0.16503906 0.08105469
v -0.20996094 0.16503906 0.08105469
v -0.20800781 0.16308594 0.08105469
v -0.20800781 0.16308594 0.08105469
v -0.20996094 0.15722656 0.08691406
v -0.20996094 0.15722656 0.08691406
v -0.20996094 0.15722656 0.08691406
v -0.20996094 0.15722656 0.08691406
v -0.20996094 0.15722656 0.08691406
v -0.20605469 0.15917969 0.07714844
v -0.20605469 0.15917969 0.07714844
v -0.20605469 0.15917969 0.07714844
v -0.20800781 0.15527344 0.08300781
v -0.20800781 0.15527344 0.08300781
v -0.20800781 0.15527344 0.08300781
v -0.20996094 0.15332031 0.07324219
v -0.20996094 0.15332031 0.07324219
v -0.20019531 0.15136719 0.06542969
v -0.20019531 0.15136719 0.06542969
v -0.20019531 0.15136719 0.06542969
v -0.20019531 0.15136719 0.06542969
v -0.19824219 0.15722656 -0.06933594
v -0.19824219 0.15722656 -0.06933594
v -0.19824219 0.15527344 -0.07714844
v -0.19824219 0.15527344 -0.07714844
v -0.19824219 0.15527344 -0.07714844
v -0.20214844 0.14941406 -0.07324219
v -0.20214844 0.14941406 -0.07324219
v -0.20214844 0.14941406 -0.07324219
v -0.20410156 0.14550781 -0.07910156
v -0.20410156 0.14550781 -0.07910156
v -0.20410156 0.14550781 -0.07910156
v -0.20800781 0.14160156 -0.08105469
v -0.20800781 0.14160156 -0.08105469
v -0.24316406 0.08886719 -0.09863281
v -0.24316406 0.08886719 -0.09863281
v -0.24316406 0.08886719 -0.09863281
v -0.25097656 0.09277344 -0.09863281
v -0.25097656 0.09277344 -0.09863281
v -0.25097656 0.09277344 -0.09863281
v -0.25097656 0.09277344 -0.09863281
v -0.25683594 0.08691406 -0.09667969
v -0.25683594 0.08691406 -0.09667969
v -0.25683594 0.08691406 -0.09667969
v -0.25683594 0.08691406 -0.09667969
v -0.25878906 0.08300781 -0.09277344
v -0.25878906 0.08300781 -0.09277344
v -0.25878906 0.08300781 -0.09277344
v -0.25097656 0.07714844 -0.09472656
v -0.25097656 0.07714844 -0.09472656
v -0.25097656 0.07714844 -0.09472656
v -0.25292969 0.07714844 -0.08691406
v -0.25292969 0.07714844 -0.08691406
v -0.25292969 0.07714844 -0.08691406
v -0.25292969 0.07714844 -0.08691406
v -0.26074219 0.08105469 -0.08691406
v -0.26074219 0.08105469 -0.08691406
v -0.26074219 0.08105469 -0.08691406
v -0.26074219 0.08105469 -0.08691406
v -0.25488281 0.07910156 -0.00097656
v -0.25488281 0.07910156 -0.00097656
v -0.26269531 0.08300781 -0.00097656
v -0.26269531 0.08300781 -0.00097656
v -0.25878906 0.08300781 0.09277344
v -0.25878906 0.08300781 0.09277344
v -0.25878906 0.08300781 0.09277344
v -0.25292969 0.07714844 0.08691406
v -0.25292969 0.07714844 0.08691406
v -0.25292969 0.07714844 0.08691406
v -0.25292969 0.07714844 0.08691406
v -0.26074219 0.08105469 0.08496094
v -0.26074219 0.08105469 0.08496094
v -0.26074219 0.08105469 0.08496094
v -0.26074219 0.08105469 0.08496094
v -0.26464844 0.07714844 -0.00097656
v -0.26464844 0.07714844 -0.00097656
v -0.26269531 0.07714844 -0.09277344
v -0.26269531 0.07714844 -0.09277344
v -0.26269531 0.07714844 -0.09277344
v -0.26269531 0.07714844 -0.09277344
v -0.26269531 0.07910156 -0.10058594
v -0.26269531 0.07910156 -0.10058594
v -0.25878906 0.08496094 -0.10449219
v -0.25878906 0.08496094 -0.10449219
v -0.25878906 0.08496094 -0.10449219
v -0.25878906 0.08496094 -0.10449219
v -0.25683594 0.09472656 -0.10449219
v -0.25683594 0.09472656 -0.10449219
v -0.25683594 0.09277344 -0.11035156
v -0.25683594 0.09277344 -0.11035156
v -0.25683594 0.09277344 -0.11035156
v -0.20996094 0.15722656 -0.08886719
v -0.20996094 0.15722656 -0.08886719
v -0.20996094 0.15722656 -0.08886719
v -0.21386719 0.15136719 -0.09277344
v -0.21386719 0.15136719 -0.09277344
v -0.21386719 0.15136719 -0.09277344
v -0.27246094 0.07519531 -0.00097656
v -0.27246094 0.07519531 -0.00097656
v -0.27246094 0.07519531 -0.00097656
v -0.27246094 0.07519531 -0.00097656
v -0.27246094 0.07519531 -0.00097656
v -0.26660156 0.08105469 -0.09082031
v -0.26660156 0.08105469 -0.09082031
v -0.26660156 0.08105469 -0.09082031
v -0.26660156 0.08300781 -0.10058594
v -0.26660156 0.08300781 -0.10058594
v -0.26660156 0.08300781 -0.10058594
v -0.26269531 0.08691406 -0.10449219
v -0.26269531 0.08691406 -0.10449219
v -0.26269531 0.08691406 -0.10449219
v -0.26269531 0.08496094 -0.11035156
v -0.26269531 0.08496094 -0.11035156
v -0.25878906 0.09277344 -0.11230469
v -0.25878906 0.09277344 -0.11230469
v -0.21777344 0.15332031 -0.09277344
v -0.21777344 0.15332031 -0.09277344
v -0.21777344 0.15332031 -0.09277344
v -0.20800781 0.16699219 -0.09863281
v -0.20800781 0.16699219 -0.09863281
v -0.20800781 0.16699219 -0.09863281
v -0.20019531 0.16699219 -0.10644531
v -0.20019531 0.16699219 -0.10644531
v -0.20019531 0.16699219 -0.10644531
v -0.18847656 0.15136719 -0.11621094
v -0.18847656 0.15136719 -0.11621094
v -0.18066406 0.15722656 -0.11425781
v -0.18066406 0.15722656 -0.11425781
v -0.17089844 0.16308594 -0.11230469
v -0.17089844 0.16308594 -0.11230469
v -0.17089844 0.16308594 -0.11230469
v -0.15917969 0.16503906 -0.11230469
v -0.15917969 0.16503906 -0.11230469
v -0.06542969 0.16699219 -0.12011719
v -0.06542969 0.16699219 -0.12011719
v -0.06542969 0.16699219 -0.12011719
v -0.06542969 0.16699219 -0.12011719
v -0.06542969 0.17285156 -0.11816406
v -0.06542969 0.17285156 -0.11816406
v -0.06542969 0.17480469 -0.12207031
v -0.06542969 0.17480469 -0.12207031
v -0.06542969 0.17871094 -0.12207031
v -0.00097656 0.17871094 -0.12402344
v 0.05761719 0.19042969 -0.11816406
v 0.05761719 0.19042969 -0.11816406
v 0.07128907 0.19042969 -0.11425781
v 0.08105469 0.19042969 -0.10644531
v 0.08886719 0.18066406 -0.10449219
v 0.08886719 0.18066406 -0.10449219
v 0.08886719 0.18066406 -0.10449219
v 0.08496094 0.17480469 -0.10058594
v 0.08496094 0.17480469 -0.10058594
v 0.09277344 0.18066406 -0.09277344
v 0.09277344 0.18066406 -0.09277344
v 0.09277344 0.18066406 -0.09277344
v 0.09277344 0.18066406 -0.09277344
v 0.09082032 0.19238281 -0.08691406
v 0.09082032 0.19238281 -0.08691406
v 0.09082032 0.19238281 -0.08691406
v 0.09277344 0.19238281 -0.06933594
v 0.09277344 0.19238281 -0.06933594
v 0.09472657 0.19238281 -0.03808594
v 0.09472657 0.19238281 -0.03808594
v 0.09472657 0.19238281 -0.00097656
v 0.09472657 0.19238281 -0.00097656
v 0.09472657 0.19238281 0.03613282
v 0.09472657 0.19238281 0.03613282
v 0.09277344 0.19238281 0.06933594
v 0.09277344 0.19238281 0.06933594
v 0.09082032 0.19238281 0.08691406
v 0.09082032 0.19238281 0.08691406
v 0.09082032 0.19238281 0.08691406
v 0.08691407 0.19042969 0.09667969
v 0.07910157 0.19238281 0.10449219
v 0.07910157 0.19238281 0.10449219
v 0.07128907 0.19238281 0.11230469
v 0.07128907 0.19238281 0.11230469
v 0.05761719 0.19238281 0.11621094
v 0.05761719 0.19238281 0.11621094
v 0.05761719 0.19238281 0.11621094
v -0.00097656 0.19238281 0.11816406
v -0.00097656 0.19238281 0.11816406
v -0.06542969 0.19238281 0.11425781
v -0.06542969 0.19238281 0.11425781
v -0.06542969 0.17871094 0.12207031
v -0.06542969 0.17480469 0.12207031
v -0.06542969 0.17480469 0.12207031
v -0.06542969 0.17285156 0.11816406
v -0.06542969 0.17285156 0.11816406
v -0.00097656 0.16699219 0.12597656
v -0.00097656 0.16699219 0.12597656
v -0.00097656 0.16699219 0.12597656
v -0.00097656 0.16503906 0.12207031
v -0.00097656 0.16503906 0.12207031
v -0.00097656 0.16503906 0.12207031
v -0.00097656 0.16503906 0.12207031
v 0.00488282 0.15722656 0.12402344
v 0.00488282 0.15722656 0.12402344
v 0.00488282 0.15722656 0.12402344
v -0.00488281 0.15917969 0.12207031
v -0.00488281 0.15917969 0.12207031
v -0.00488281 0.15917969 0.11621094
v -0.00488281 0.15917969 0.11621094
v -0.00292968 0.15332031 0.11816406
v -0.00292968 0.15332031 0.11816406
v 0.00488282 0.14746094 0.12011719
v 0.00488282 0.14746094 0.12011719
v 0.00488282 0.14746094 0.12011719
v 0.00488282 0.14746094 0.12011719
v 0.00878907 0.14160156 0.12402344
v 0.00878907 0.14160156 0.12402344
v 0.00878907 0.14160156 0.12402344
v 0.02246094 0.06933594 0.14160156
v 0.02246094 0.06933594 0.14160156
v 0.02050782 0.06347656 0.14355469
v 0.02050782 0.06347656 0.14355469
v 0.02050782 0.06347656 0.14355469
v 0.02832032 0.05957032 0.14355469
v 0.02246094 0.05371094 0.14550781
v 0.02246094 0.05371094 0.14550781
v 0.02246094 0.05371094 0.14550781
v 0.01464844 0.05761719 0.14550781
v 0.01464844 0.05761719 0.14550781
v 0.01464844 0.05761719 0.14550781
v 0.01464844 0.05175781 0.14550781
v 0.01464844 0.05175781 0.14550781
v 0.00683594 0.05566407 0.14550781
v 0.00683594 0.05566407 0.14550781
v -0.09082031 0.05957032 0.14941406
v -0.09082031 0.05957032 0.14941406
v -0.16503906 0.06152344 0.14160156
v -0.16503906 0.06152344 0.14160156
v -0.16503906 0.06152344 0.14160156
v -0.20800781 0.06347656 0.13769531
v -0.20800781 0.06347656 0.13769531
v -0.20800781 0.06347656 0.13769531
v -0.21777344 0.05957032 0.13964844
v -0.21777344 0.05957032 0.13964844
v -0.21777344 0.05957032 0.13964844
v -0.22167969 0.05957032 0.14550781
v -0.22753906 0.06152344 0.13769531
v -0.22753906 0.06152344 0.13769531
v -0.22753906 0.06152344 0.13769531
v -0.22753906 0.06152344 0.13769531
v -0.23144531 0.06738281 0.13378906
v -0.23144531 0.06738281 0.13378906
v -0.23144531 0.06738281 0.13378906
v -0.21972656 0.07128906 0.13378906
v -0.21972656 0.07128906 0.13378906
v -0.21972656 0.07128906 0.13378906
v -0.21972656 0.07128906 0.13378906
v -0.21972656 0.07128906 0.13378906
v -0.21972656 0.07910156 0.12988281
v -0.21972656 0.07910156 0.12988281
v -0.21972656 0.07910156 0.12988281
v -0.17675781 0.13964844 0.11035156
v -0.17675781 0.13964844 0.11035156
v -0.17675781 0.15136719 0.10449219
v -0.17675781 0.15136719 0.10449219
v -0.16699219 0.15527344 0.10449219
v -0.15722656 0.15722656 0.10449219
v -0.15722656 0.15722656 0.10449219
v -0.16699219 0.15527344 0.10449219
v -0.17675781 0.15136719 0.10449219
v -0.17675781 0.15136719 0.10449219
v -0.18261719 0.14550781 0.10839844
v -0.18261719 0.14550781 0.10839844
v -0.18261719 0.14550781 0.11425781
v -0.18261719 0.14550781 0.11425781
v -0.18261719 0.14550781 0.11425781
v -0.17871094 0.15527344 0.11035156
v -0.17871094 0.15527344 0.11035156
v -0.18066406 0.15722656 0.11425781
v -0.18066406 0.15722656 0.11425781
v -0.18652344 0.16699219 0.10839844
v -0.18652344 0.16699219 0.10839844
v -0.20019531 0.16894531 0.11230469
v -0.20019531 0.16894531 0.11230469
v -0.20019531 0.16894531 0.11230469
v -0.20019531 0.16894531 0.11230469
v -0.20605469 0.16894531 0.10839844
v -0.20605469 0.16894531 0.10839844
v -0.21191406 0.16894531 0.10449219
v -0.21191406 0.16894531 0.10449219
v -0.21191406 0.16894531 0.10449219
v -0.21386719 0.16894531 0.09667969
v -0.21386719 0.16894531 0.09667969
v -0.21582031 0.16894531 0.08496094
v -0.21582031 0.16894531 0.08496094
v -0.20996094 0.16699219 0.08300781
v -0.20996094 0.16699219 0.08300781
v -0.20996094 0.16699219 0.08300781
v -0.21191406 0.16113281 0.08886719
v -0.21191406 0.16113281 0.08886719
v -0.21191406 0.16113281 0.08886719
v -0.21191406 0.16113281 0.08886719
v -0.21386719 0.15136719 0.09082031
v -0.21386719 0.15136719 0.09082031
v -0.21386719 0.15136719 0.09082031
v -0.25683594 0.09277344 0.11035156
v -0.25683594 0.09277344 0.11035156
v -0.25292969 0.09082031 0.10449219
v -0.21191406 0.14941406 0.08691406
v -0.21191406 0.14941406 0.08691406
v -0.21191406 0.14941406 0.08691406
v -0.25292969 0.09082031 0.10449219
v -0.25683594 0.08691406 0.09667969
v -0.25683594 0.08691406 0.09667969
v -0.25683594 0.08691406 0.09667969
v -0.25878906 0.08496094 0.10449219
v -0.26269531 0.07910156 0.10058594
v -0.26269531 0.07910156 0.10058594
v -0.26269531 0.07714844 0.09082031
v -0.26269531 0.07714844 0.09082031
v -0.26269531 0.07714844 0.09082031
v -0.26269531 0.07714844 0.09082031
v -0.27246094 0.07519531 -0.00097656
v -0.26855469 0.07519531 -0.09277344
v -0.26269531 0.07910156 -0.10058594
v -0.26269531 0.07910156 -0.10058594
v -0.26660156 0.07910156 -0.10449219
v -0.26660156 0.07910156 -0.10449219
v -0.26660156 0.07910156 -0.10449219
v -0.26855469 0.07519531 -0.09277344
v -0.26855469 0.07519531 -0.09277344
v -0.26855469 0.07519531 -0.09277344
v -0.26660156 0.07910156 -0.10449219
v -0.26660156 0.07910156 -0.10449219
v -0.26660156 0.07910156 -0.10449219
v -0.26660156 0.07910156 -0.10449219
v -0.27050781 0.07714844 -0.10449219
v -0.27050781 0.07714844 -0.10449219
v -0.27050781 0.07714844 -0.10449219
v -0.27050781 0.07714844 -0.10449219
v -0.26464844 0.08496094 -0.11230469
v -0.26464844 0.08496094 -0.11230469
v -0.25488281 0.09082031 -0.12597656
v -0.24902344 0.08886719 -0.13378906
v -0.24902344 0.08886719 -0.13378906
v -0.23730469 0.07910156 -0.13964844
v -0.23730469 0.07910156 -0.13964844
v -0.23730469 0.07910156 -0.13964844
v -0.23535156 0.06933594 -0.13964844
v -0.23535156 0.06933594 -0.13964844
v -0.23535156 0.06933594 -0.13964844
v -0.23339844 0.07910156 -0.13574219
v -0.23339844 0.07910156 -0.13574219
v -0.23339844 0.07910156 -0.13574219
v -0.22949219 0.07519531 -0.12988281
v -0.22949219 0.07519531 -0.12988281
v -0.18652344 0.14941406 -0.11425781
v -0.17871094 0.15527344 -0.11035156
v -0.17089844 0.16113281 -0.10839844
v -0.17089844 0.16113281 -0.10839844
v -0.17089844 0.16113281 -0.10839844
v -0.15917969 0.16308594 -0.10839844
v -0.15917969 0.16308594 -0.10839844
v -0.15917969 0.16308594 -0.10839844
v -0.16699219 0.15722656 -0.11035156
v -0.16699219 0.15722656 -0.11035156
v -0.16699219 0.15722656 -0.11035156
v -0.16699219 0.15722656 -0.11035156
v -0.17089844 0.16113281 -0.10839844
v -0.17480469 0.15136719 -0.11230469
v -0.17480469 0.15136719 -0.11230469
v -0.17871094 0.15527344 -0.11035156
v -0.18261719 0.14550781 -0.11425781
v -0.18261719 0.14550781 -0.11425781
v -0.18652344 0.14941406 -0.11425781
v -0.22558594 0.07910156 -0.13574219
v -0.22558594 0.07910156 -0.13574219
v -0.22558594 0.07910156 -0.13574219
v -0.23339844 0.07910156 -0.13574219
v -0.22949219 0.07128906 -0.13964844
v -0.22949219 0.07128906 -0.13964844
v -0.22949219 0.07128906 -0.13964844
v -0.23535156 0.06933594 -0.13964844
v -0.23144531 0.06152344 -0.14355469
v -0.23144531 0.06152344 -0.14355469
v -0.23144531 0.06152344 -0.14355469
v -0.22558594 0.06542969 -0.14355469
v -0.22558594 0.06542969 -0.14355469
v -0.22558594 0.06542969 -0.14355469
v -0.21777344 0.06152344 -0.13964844
v -0.22558594 0.06347656 -0.13769531
v -0.22558594 0.06347656 -0.13769531
v -0.22949219 0.06933594 -0.13378906
v -0.22949219 0.06933594 -0.13378906
v -0.22753906 0.07714844 -0.12988281
v -0.22753906 0.07714844 -0.12988281
v -0.18261719 0.14550781 -0.10839844
v -0.17675781 0.15136719 -0.10449219
v -0.17675781 0.15136719 -0.10449219
v -0.16699219 0.15527344 -0.10449219
v -0.16699219 0.15527344 -0.10449219
v -0.15722656 0.15722656 -0.10449219
v -0.06542969 0.15917969 -0.11035156
v -0.00488281 0.15917969 -0.11621094
v 0.00488282 0.15722656 -0.11621094
v 0.01269532 0.15332031 -0.12011719
v 0.01269532 0.15332031 -0.12011719
v 0.00488282 0.15722656 -0.12402344
v 0.00488282 0.15722656 -0.12402344
v 0.00488282 0.15722656 -0.12402344
v -0.00097656 0.16503906 -0.12207031
v -0.00097656 0.16503906 -0.12207031
v -0.00097656 0.16503906 -0.12207031
v -0.00097656 0.16503906 -0.12207031
v -0.00097656 0.16699219 -0.12597656
v -0.00097656 0.16699219 -0.12597656
v -0.00097656 0.16699219 -0.12597656
v -0.00097656 0.17480469 -0.12402344
v -0.00097656 0.17480469 -0.12402344
v 0.07128907 0.18066406 -0.12402344
v 0.07128907 0.18066406 -0.12402344
v 0.07128907 0.18066406 -0.12402344
v 0.07714844 0.18066406 -0.11816406
v 0.07714844 0.18066406 -0.11816406
v 0.08300782 0.18066406 -0.11230469
v 0.08300782 0.18066406 -0.11230469
v 0.08105469 0.17480469 -0.10839844
v 0.08105469 0.17480469 -0.10839844
v 0.08886719 0.17480469 -0.08886719
v 0.08886719 0.17480469 -0.08886719
v 0.09472657 0.18066406 -0.07519531
v 0.09472657 0.18066406 -0.07519531
v 0.09667969 0.18066406 -0.04003906
v 0.09667969 0.18066406 -0.04003906
v 0.09667969 0.18066406 -0.04003906
v 0.09667969 0.18066406 -0.00097656
v 0.09667969 0.18066406 -0.00097656
v 0.09667969 0.18066406 -0.00097656
v 0.09667969 0.18066406 -0.00097656
v 0.09667969 0.18066406 0.04003907
v 0.09667969 0.18066406 0.04003907
v 0.09472657 0.18066406 0.07519531
v 0.09472657 0.18066406 0.07519531
v 0.09277344 0.18066406 0.09277344
v 0.09277344 0.18066406 0.09277344
v 0.09277344 0.18066406 0.09277344
v 0.08886719 0.18066406 0.10253906
v 0.08886719 0.18066406 0.10253906
v 0.08105469 0.19042969 0.10644531
v 0.07128907 0.19042969 0.11425781
v 0.05761719 0.19042969 0.11816406
v 0.05761719 0.19042969 0.11816406
v 0.05761719 0.19042969 0.11816406
v -0.00097656 0.17871094 0.12402344
v -0.00097656 0.17480469 0.12402344
v -0.00097656 0.17480469 0.12402344
v 0.01074219 0.16503906 0.12597656
v 0.01074219 0.16503906 0.12597656
v 0.00878907 0.16308594 0.12402344
v 0.00878907 0.16308594 0.12402344
v 0.01074219 0.15332031 0.12597656
v 0.01074219 0.15332031 0.12597656
v 0.02832032 0.07128906 0.15917969
v 0.02832032 0.07128906 0.15917969
v 0.01464844 0.14550781 0.12988281
v 0.01464844 0.14550781 0.12988281
v 0.01464844 0.14550781 0.12988281
v 0.03027344 0.06933594 0.15332031
v 0.01660157 0.14550781 0.12207031
v 0.01660157 0.14550781 0.12207031
v 0.01269532 0.15332031 0.12011719
v 0.01269532 0.15332031 0.12011719
v 0.00488282 0.15722656 0.11621094
v 0.00488282 0.15722656 0.11621094
v 0.01269532 0.15332031 0.12011719
v 0.01269532 0.15332031 0.12011719
v 0.01269532 0.15332031 0.12011719
v 0.01660157 0.14550781 0.12207031
v 0.01660157 0.14550781 0.12207031
v 0.02246094 0.07128906 0.15136719
v 0.02246094 0.07128906 0.15136719
v 0.02050782 0.06347656 0.15332031
v 0.02050782 0.06347656 0.15332031
v 0.02050782 0.06347656 0.15332031
v 0.01464844 0.05957032 0.15527344
v 0.01464844 0.05957032 0.15527344
v 0.01464844 0.05957032 0.15527344
v 0.00683594 0.05761719 0.15527344
v 0.00683594 0.05761719 0.15527344
v -0.09277344 0.05371094 0.15136719
v -0.09277344 0.05371094 0.15136719
v -0.09277344 0.05371094 0.15136719
v -0.17089844 0.05761719 0.14550781
v -0.17089844 0.05761719 0.14550781
v -0.17089844 0.05761719 0.15332031
v -0.17089844 0.05566407 0.15722656
v -0.17089844 0.05566407 0.15722656
v -0.17089844 0.05175781 0.15722656
v -0.17089844 0.05175781 0.15722656
v -0.22363281 0.05761719 0.15136719
v -0.22363281 0.05761719 0.15136719
v -0.23144531 0.06152344 0.14355469
v -0.23144531 0.06152344 0.14355469
v -0.23339844 0.07910156 0.13769531
v -0.18652344 0.14941406 0.11425781
v -0.18261719 0.14550781 0.10839844
v -0.18261719 0.14550781 0.10839844
v -0.22753906 0.07714844 0.12988281
v -0.22753906 0.07714844 0.12988281
v -0.22753906 0.07714844 0.12988281
v -0.18261719 0.14550781 0.10839844
v -0.18261719 0.14550781 0.10839844
v -0.22753906 0.07714844 0.12988281
v -0.18652344 0.14941406 0.11425781
v -0.17871094 0.15527344 0.11035156
v -0.17089844 0.16113281 0.10839844
v -0.17089844 0.16113281 0.10839844
v -0.15917969 0.16308594 0.10839844
v -0.15917969 0.16308594 0.10839844
v -0.15722656 0.15722656 0.10449219
v -0.15722656 0.15722656 0.10449219
v -0.06542969 0.15917969 0.11035156
v -0.06542969 0.16308594 0.11621094
v -0.00488281 0.15917969 0.11621094
v -0.00097656 0.16503906 0.12207031
v 0.00488282 0.15722656 0.11621094
v 0.00878907 0.16308594 0.12402344
v 0.01269532 0.15332031 0.12011719
v 0.01660157 0.15722656 0.12597656
v 0.01660157 0.15722656 0.12597656
v 0.01660157 0.14550781 0.12207031
v 0.01660157 0.14550781 0.12207031
v 0.02050782 0.14941406 0.12988281
v 0.02050782 0.14941406 0.12988281
v 0.02050782 0.14941406 0.12988281
v 0.02050782 0.14941406 0.12988281
v 0.01855469 0.15917969 0.12792969
v 0.01855469 0.15917969 0.12792969
v 0.01855469 0.15917969 0.12792969
v 0.01660157 0.15722656 0.12597656
v 0.01660157 0.15722656 0.12597656
v 0.01660157 0.15722656 0.12597656
v 0.02050782 0.14941406 0.12988281
v 0.03613282 0.06933594 0.16113281
v 0.03613282 0.05957032 0.16308594
v 0.03613282 0.05957032 0.16308594
v 0.03613282 0.05957032 0.16308594
v 0.02832032 0.06347656 0.16113281
v 0.02832032 0.06347656 0.16113281
v 0.02832032 0.06347656 0.16113281
v 0.02832032 0.06347656 0.16113281
v 0.03027344 0.05957032 0.15527344
v 0.03027344 0.05957032 0.15527344
v 0.02441407 0.05761719 0.16308594
v 0.02441407 0.05761719 0.16308594
v 0.02441407 0.05371094 0.15722656
v 0.02441407 0.05371094 0.15722656
v 0.01464844 0.05566407 0.16308594
v 0.01464844 0.05566407 0.16308594
v 0.01464844 0.05566407 0.16308594
v 0.01660157 0.05371094 0.15722656
v -0.09082031 0.05761719 0.15722656
v -0.09082031 0.05761719 0.15722656
v -0.09082031 0.05761719 0.15722656
v -0.09082031 0.05566407 0.15136719
v -0.16894531 0.06152344 0.15136719
v -0.16894531 0.06152344 0.15136719
v -0.16894531 0.05957032 0.14550781
v -0.21582031 0.06347656 0.14550781
v -0.21582031 0.06347656 0.14550781
v -0.21777344 0.06152344 0.13964844
v -0.22558594 0.06542969 0.14355469
v -0.22558594 0.06542969 0.14355469
v -0.22558594 0.06542969 0.14355469
v -0.22558594 0.06542969 0.14355469
v -0.22558594 0.06347656 0.13769531
v -0.22558594 0.06347656 0.13769531
v -0.22949219 0.07128906 0.13964844
v -0.22949219 0.07128906 0.13964844
v -0.22949219 0.07128906 0.13964844
v -0.22949219 0.06933594 0.13378906
v -0.22558594 0.07910156 0.13574219
v -0.22558594 0.07910156 0.13574219
v -0.22558594 0.07910156 0.13574219
v -0.22753906 0.07714844 0.12988281
v -0.22753906 0.07714844 0.12988281
v -0.18652344 0.14941406 0.11425781
v -0.18652344 0.14941406 0.11425781
v -0.18847656 0.15136719 0.11621094
v -0.18847656 0.15136719 0.11621094
v -0.20019531 0.16699219 0.10644531
v -0.20019531 0.16699219 0.10644531
v -0.20019531 0.16699219 0.10644531
v -0.20800781 0.16699219 0.09863281
v -0.20800781 0.16699219 0.09863281
v -0.20800781 0.16699219 0.09863281
v -0.20800781 0.16699219 0.09863281
v -0.21777344 0.15332031 0.09277344
v -0.21777344 0.15332031 0.09277344
v -0.21777344 0.15332031 0.09277344
v -0.21777344 0.15332031 0.09277344
v -0.25878906 0.09277344 0.11230469
v -0.25878906 0.09277344 0.11230469
v -0.26269531 0.08496094 0.11035156
v -0.26660156 0.07910156 0.10253906
v -0.26660156 0.07910156 0.10253906
v -0.26855469 0.07519531 0.09277344
v -0.27636719 0.07519531 -0.00097656
v -0.27636719 0.07519531 -0.00097656
v -0.27246094 0.07519531 -0.09277344
v -0.27246094 0.07519531 -0.09277344
v -0.27050781 0.06542969 -0.13574219
v -0.27050781 0.06542969 -0.13574219
v -0.27050781 0.06542969 -0.13574219
v -0.27050781 0.06542969 -0.13574219
v -0.23925781 0.06933594 -0.14355469
v -0.23925781 0.06933594 -0.14355469
v -0.23925781 0.06933594 -0.14355469
v -0.23925781 0.06933594 -0.14355469
v -0.23339844 0.05957032 -0.14941406
v -0.23339844 0.05957032 -0.14941406
v -0.23339844 0.05957032 -0.14941406
v -0.22363281 0.05761719 -0.15136719
v -0.22363281 0.05761719 -0.15136719
v -0.22753906 0.05371094 -0.15136719
v -0.22753906 0.05371094 -0.15136719
v -0.17089844 0.05175781 -0.15722656
v -0.17089844 0.05175781 -0.15722656
v -0.22753906 0.05371094 -0.17480469
v -0.22753906 0.05371094 -0.17480469
v -0.16894531 0.05175781 -0.18847656
v -0.16894531 0.05175781 -0.18847656
v -0.16894531 0.05175781 -0.18847656
v -0.16894531 0.04394531 -0.19433594
v -0.16894531 0.04394531 -0.19433594
v -0.16894531 0.04394531 -0.19433594
v -0.16894531 0.04394531 -0.19433594
v -0.16113281 -0.03027344 -0.19042969
v -0.16113281 -0.03027344 -0.19042969
v -0.07519531 -0.03222656 -0.19824219
v -0.07519531 -0.03222656 -0.19824219
v -0.07519531 -0.03222656 -0.19824219
v -0.07519531 -0.03417969 -0.19433594
v -0.07519531 -0.03417969 -0.19433594
v -0.07519531 -0.03417969 -0.19433594
v -0.07519531 -0.03417969 -0.19433594
v -0.07519531 -0.03417969 -0.19433594
v -0.07519531 -0.03808594 -0.19824219
v -0.07519531 -0.03808594 -0.19824219
v -0.07519531 -0.03808594 -0.19824219
v -0.06738281 -0.11230469 -0.18652344
v -0.06542969 -0.12207031 -0.18261719
v -0.06542969 -0.12207031 -0.18261719
v -0.06542969 -0.12792969 -0.17480469
v -0.06542969 -0.12792969 -0.17480469
v -0.06542969 -0.13574219 -0.15527344
v -0.06542969 -0.13574219 -0.15527344
v -0.06542969 -0.14355469 -0.14941406
v -0.06542969 -0.15136719 -0.14160156
v -0.06542969 -0.15136719 -0.14160156
v 0.07128907 -0.15722656 -0.13183594
v 0.21582031 -0.16308594 -0.09082031
v 0.21582031 -0.17089844 -0.04003906
v 0.21582031 -0.18457031 -0.01855469
v 0.21582031 -0.18457031 -0.01855469
v 0.21582031 -0.19238281 -0.01269531
v 0.21582031 -0.19238281 -0.01269531
v 0.35644531 -0.19042969 -0.00097656
v 0.35644531 -0.18847656 0.01074219
v 0.35644531 -0.18847656 0.01074219
v 0.35644531 -0.18847656 0.01074219
v 0.35839844 -0.17871094 0.01855469
v 0.35839844 -0.17871094 0.01855469
v 0.35839844 -0.17871094 0.01855469
v 0.35839844 -0.16503906 0.04003907
v 0.35839844 -0.16503906 0.04003907
v 0.35839844 -0.15917969 0.08886719
v 0.35839844 -0.15136719 0.12988281
v 0.35839844 -0.14746094 0.14550781
v 0.35839844 -0.14746094 0.14550781
v 0.35839844 -0.14746094 0.14550781
v 0.35839844 -0.13964844 0.15332031
v 0.35839844 -0.13964844 0.15332031
v 0.35839844 -0.13183594 0.15917969
v 0.35839844 -0.13183594 0.15917969
v 0.35839844 -0.13183594 0.15917969
v 0.35839844 -0.12207031 0.17871094
v 0.35839844 -0.12207031 0.17871094
v 0.35839844 -0.11621094 0.18652344
v 0.35839844 -0.11621094 0.18652344
v 0.21582031 -0.12011719 0.19042969
v 0.21582031 -0.12011719 0.19042969
v 0.07128907 -0.12207031 0.18847656
v 0.07128907 -0.12207031 0.18847656
v 0.07128907 -0.11230469 0.19433594
v 0.07128907 -0.11230469 0.19433594
v 0.06738282 -0.04003906 0.20410156
v 0.06738282 -0.03613281 0.20214844
v 0.06738282 -0.03613281 0.20214844
v 0.06738282 -0.03613281 0.20214844
v 0.06738282 -0.03222656 0.20605469
v 0.06738282 -0.03222656 0.20605469
v 0.06738282 -0.03222656 0.20605469
v 0.06738282 -0.03222656 0.20605469
v 0.06347657 0.04003906 0.21191406
v -0.08300781 0.04199219 0.20410156
v -0.08300781 0.04199219 0.20410156
v -0.08300781 0.04785156 0.19824219
v -0.08300781 0.04785156 0.19824219
v -0.09082031 0.04980469 0.16503906
v -0.09082031 0.04980469 0.16503906
v 0.03027344 0.04589844 0.17285156
v 0.03027344 0.04589844 0.17285156
v 0.10449219 0.04785156 0.17480469
v 0.10449219 0.04785156 0.17480469
v 0.10449219 0.04785156 0.17480469
v 0.10449219 0.04785156 0.17480469
v 0.11035157 0.04199219 0.17089844
v 0.11035157 0.04199219 0.17089844
v 0.11035157 0.04199219 0.17089844
v 0.11035157 0.04199219 0.17089844
v 0.11230469 -0.01464844 0.16894531
v 0.11230469 -0.01464844 0.16894531
v 0.11230469 -0.01464844 0.16894531
v 0.11035157 -0.01269531 -0.00097656
v 0.11035157 -0.01269531 -0.00097656
v 0.11035157 0.04003906 -0.14746094
v 0.11035157 0.04003906 -0.14746094
v 0.11035157 0.04003906 -0.14746094
v 0.10058594 0.07519531 -0.13574219
v 0.10058594 0.07519531 -0.13574219
v 0.09472657 0.07714844 -0.12988281
v 0.09472657 0.07714844 -0.12988281
v 0.08886719 0.11816406 -0.11816406
v 0.08886719 0.11816406 -0.11816406
v 0.07714844 0.16113281 -0.12207031
v 0.07714844 0.16113281 -0.12207031
v 0.06933594 0.17480469 -0.12207031
v 0.06933594 0.17480469 -0.12207031
v 0.06933594 0.17480469 -0.12207031
v 0.07128907 0.16113281 -0.12792969
v 0.07128907 0.16113281 -0.12792969
v 0.03027344 0.11621094 -0.14550781
v 0.03027344 0.11621094 -0.14550781
v 0.03027344 0.11621094 -0.14550781
v 0.03808594 0.06933594 -0.16503906
v 0.03808594 0.06933594 -0.16503906
v 0.03808594 0.05957032 -0.16894531
v 0.03808594 0.05957032 -0.16894531
v 0.03808594 0.05957032 -0.16894531
v 0.03027344 0.04980469 -0.17285156
v 0.03027344 0.04980469 -0.17285156
v 0.03027344 0.04980469 -0.17285156
v 0.02050782 0.04980469 -0.17285156
v 0.02050782 0.04980469 -0.17285156
v -0.09082031 0.05175781 -0.16503906
v -0.09082031 0.05175781 -0.16503906
v -0.17089844 0.05566407 -0.15722656
v -0.17089844 0.05566407 -0.15722656
v -0.22167969 0.05957032 -0.14550781
v -0.22167969 0.05957032 -0.14550781
v -0.21582031 0.06347656 -0.14550781
v -0.21582031 0.06347656 -0.14550781
v -0.16894531 0.05957032 -0.14550781
v -0.16894531 0.06152344 -0.15136719
v -0.16894531 0.06152344 -0.15136719
v -0.09082031 0.05566407 -0.15136719
v -0.09082031 0.05761719 -0.15722656
v -0.09082031 0.05761719 -0.15722656
v -0.09082031 0.05761719 -0.15722656
v 0.01660157 0.05371094 -0.15722656
v 0.01464844 0.05566407 -0.16308594
v 0.01464844 0.05566407 -0.16308594
v 0.01464844 0.05566407 -0.16308594
v 0.01464844 0.05566407 -0.16308594
v 0.02441407 0.05371094 -0.15722656
v 0.02441407 0.05371094 -0.15722656
v 0.02441407 0.05761719 -0.16308594
v 0.02441407 0.05761719 -0.16308594
v 0.03027344 0.05957032 -0.15527344
v 0.03027344 0.05957032 -0.15527344
v 0.02832032 0.06347656 -0.16113281
v 0.02832032 0.06347656 -0.16113281
v 0.02832032 0.06347656 -0.16113281
v 0.02832032 0.06347656 -0.16113281
v 0.03027344 0.06933594 -0.15332031
v 0.02832032 0.07128906 -0.15917969
v 0.02832032 0.07128906 -0.15917969
v 0.01464844 0.14550781 -0.12988281
v 0.01464844 0.14550781 -0.12988281
v 0.01660157 0.14550781 -0.12207031
v 0.01660157 0.14550781 -0.12207031
v 0.01074219 0.15332031 -0.12597656
v 0.01074219 0.15332031 -0.12597656
v 0.01074219 0.15332031 -0.12597656
v 0.00878907 0.16308594 -0.12402344
v 0.00878907 0.16308594 -0.12402344
v 0.01074219 0.16503906 -0.12597656
v 0.01074219 0.16503906 -0.12597656
v 0.01855469 0.15917969 -0.12792969
v 0.01855469 0.15917969 -0.12792969
v 0.02441407 0.15136719 -0.13183594
v 0.02441407 0.15136719 -0.13183594
v 0.02636719 0.11621094 -0.14160156
v 0.02636719 0.11621094 -0.14160156
v 0.02636719 0.11621094 -0.14160156
v 0.03613282 0.06933594 -0.16113281
v 0.03613282 0.06933594 -0.16113281
v 0.03613282 0.05957032 -0.16308594
v 0.03613282 0.05957032 -0.16308594
v 0.02832032 0.05371094 -0.16699219
v 0.02832032 0.05371094 -0.16699219
v 0.02832032 0.05371094 -0.16699219
v 0.01855469 0.05175781 -0.16699219
v -0.09082031 0.05371094 -0.16113281
v -0.17089844 0.05761719 -0.15332031
v -0.17089844 0.05761719 -0.15332031
v -0.17089844 0.05761719 -0.15332031
v -0.09082031 0.05371094 -0.16113281
v 0.01855469 0.05175781 -0.16699219
v 0.01855469 0.05175781 -0.16699219
v 0.02832032 0.05371094 -0.16699219
v 0.02832032 0.05371094 -0.16699219
v 0.03613282 0.05957032 -0.16308594
v 0.03613282 0.06933594 -0.16113281
v 0.02050782 0.14941406 -0.12988281
v 0.01660157 0.15722656 -0.12597656
v 0.01660157 0.15722656 -0.12597656
v 0.02050782 0.14941406 -0.12988281
v 0.02050782 0.14941406 -0.12988281
v 0.02050782 0.14941406 -0.12988281
v 0.02050782 0.14941406 -0.12988281
v 0.02441407 0.11425781 -0.13574219
v 0.02441407 0.11425781 -0.13574219
v 0.01660157 0.15722656 -0.12597656
v 0.01660157 0.14550781 -0.12207031
v 0.01660157 0.14550781 -0.12207031
v 0.01660157 0.14550781 -0.12207031
v 0.02246094 0.07128906 -0.15136719
v 0.02246094 0.07128906 -0.15136719
v 0.00878907 0.14160156 -0.12402344
v 0.00878907 0.14160156 -0.12402344
v -0.09277344 0.05371094 -0.15136719
v -0.09277344 0.05371094 -0.15136719
v -0.09277344 0.05371094 -0.15136719
v 0.01660157 0.05175781 -0.15917969
v 0.01660157 0.05175781 -0.15917969
v 0.00683594 0.05761719 -0.15527344
v 0.00683594 0.05761719 -0.15527344
v 0.02050782 0.06347656 -0.15332031
v 0.02050782 0.06347656 -0.15332031
v 0.02050782 0.06347656 -0.15332031
v 0.02441407 0.05371094 -0.15722656
v 0.02441407 0.05371094 -0.15722656
v 0.02441407 0.05371094 -0.15722656
v 0.01464844 0.05957032 -0.15527344
v 0.01464844 0.05957032 -0.15527344
v 0.01464844 0.05957032 -0.15527344
v 0.01464844 0.05957032 -0.15527344
v 0.01464844 0.05761719 -0.14550781
v 0.01464844 0.05761719 -0.14550781
v 0.01464844 0.05761719 -0.14550781
v 0.01464844 0.05175781 -0.14550781
v 0.01464844 0.05175781 -0.14550781
v 0.00683594 0.05566407 -0.14550781
v 0.00683594 0.05566407 -0.14550781
v -0.09082031 0.05957032 -0.14941406
v -0.09082031 0.05957032 -0.14941406
v -0.16503906 0.06152344 -0.14160156
v -0.16503906 0.06152344 -0.14160156
v -0.16503906 0.06152344 -0.14160156
v -0.16113281 0.15136719 -0.10644531
v -0.16113281 0.15136719 -0.10644531
v -0.15136719 0.15332031 -0.10644531
v -0.15136719 0.15332031 -0.10644531
v -0.16113281 0.14941406 -0.09667969
v -0.16113281 0.14941406 -0.09667969
v -0.15136719 0.15136719 -0.09667969
v -0.15136719 0.15136719 -0.09667969
v -0.15136719 0.15136719 -0.09667969
v -0.06738281 0.15332031 -0.10253906
v -0.06738281 0.15332031 -0.10253906
v -0.06738281 0.15332031 -0.11230469
v -0.06738281 0.15332031 -0.11230469
v -0.00292968 0.15332031 -0.11816406
v -0.00292968 0.15332031 -0.11816406
v -0.01269531 0.15527344 -0.11621094
v -0.01269531 0.15527344 -0.11621094
v -0.00488281 0.15917969 -0.11621094
v -0.00488281 0.15917969 -0.11621094
v -0.06542969 0.15917969 -0.11035156
v -0.06542969 0.15917969 -0.11035156
v -0.15722656 0.15722656 -0.10449219
v -0.15722656 0.15722656 -0.10449219
v -0.16699219 0.15527344 -0.10449219
v -0.16699219 0.15527344 -0.10449219
v -0.16699219 0.15527344 -0.10449219
v -0.16699219 0.15527344 -0.10449219
v -0.17089844 0.14746094 -0.10644531
v -0.17089844 0.14746094 -0.10644531
v -0.17089844 0.14746094 -0.10644531
v -0.17089844 0.14746094 -0.10644531
v -0.17675781 0.15136719 -0.10449219
v -0.17675781 0.15136719 -0.10449219
v -0.17675781 0.15136719 -0.10449219
v -0.17675781 0.15136719 -0.10449219
v -0.17675781 0.13964844 -0.11035156
v -0.17675781 0.13964844 -0.11035156
v -0.17675781 0.13964844 -0.11035156
v -0.17675781 0.13964844 -0.11035156
v -0.17675781 0.13964844 -0.11035156
v -0.18261719 0.14550781 -0.10839844
v -0.18261719 0.14550781 -0.10839844
v -0.18261719 0.14550781 -0.10839844
v -0.21972656 0.07910156 -0.12988281
v -0.21972656 0.07910156 -0.12988281
v -0.21972656 0.07910156 -0.12988281
v -0.22753906 0.07714844 -0.12988281
v -0.22753906 0.07714844 -0.12988281
v -0.22753906 0.07714844 -0.12988281
v -0.21972656 0.07128906 -0.13378906
v -0.21972656 0.07128906 -0.13378906
v -0.21972656 0.07128906 -0.13378906
v -0.23144531 0.06738281 -0.13378906
v -0.23144531 0.06738281 -0.13378906
v -0.23144531 0.06738281 -0.13378906
v -0.22753906 0.06152344 -0.13769531
v -0.22753906 0.06152344 -0.13769531
v -0.22753906 0.06152344 -0.13769531
v -0.21582031 0.06738281 -0.13574219
v -0.21582031 0.06738281 -0.13574219
v -0.21582031 0.06738281 -0.13574219
v -0.21777344 0.05957032 -0.13964844
v -0.21777344 0.05957032 -0.13964844
v -0.20800781 0.06347656 -0.13769531
v -0.20800781 0.06347656 -0.13769531
v -0.20800781 0.06347656 -0.13769531
v -0.17089844 0.05761719 -0.14550781
v -0.17089844 0.05761719 -0.14550781
v -0.17089844 0.05761719 -0.14550781
v -0.09277344 0.05371094 -0.13964844
v -0.09277344 0.05371094 -0.13964844
v -0.09277344 0.05957032 -0.13964844
v -0.09277344 0.05957032 -0.13964844
v -0.16503906 0.06152344 -0.13378906
v -0.16503906 0.06152344 -0.13378906
v -0.20605469 0.06347656 -0.12792969
v -0.20605469 0.06347656 -0.12792969
v -0.21582031 0.06542969 -0.12597656
v -0.21582031 0.06542969 -0.12597656
v -0.21582031 0.06542969 -0.12597656
v -0.21972656 0.06933594 -0.12402344
v -0.21972656 0.06933594 -0.12402344
v -0.21972656 0.06933594 -0.12402344
v -0.21777344 0.07714844 -0.12011719
v -0.21777344 0.07714844 -0.12011719
v -0.21777344 0.07714844 -0.12011719
v -0.21777344 0.07714844 -0.12011719
v -0.17675781 0.13964844 -0.10058594
v -0.17675781 0.13964844 -0.10058594
v -0.17675781 0.13964844 -0.10058594
v -0.16894531 0.14550781 -0.09667969
v -0.16894531 0.14550781 -0.09667969
v -0.16894531 0.14550781 -0.09667969
v -0.16894531 0.14550781 -0.09667969
v -0.16699219 0.15527344 -0.09277344
v -0.16699219 0.15527344 -0.09277344
v -0.16699219 0.15527344 -0.09277344
v -0.15722656 0.15722656 -0.09277344
v -0.15722656 0.15722656 -0.09277344
v -0.06542969 0.15722656 -0.09863281
v -0.06542969 0.15722656 -0.09863281
v -0.06542969 0.15722656 -0.09863281
v -0.06542969 0.15722656 -0.09863281
v -0.01074218 0.15332031 -0.10644531
v -0.01074218 0.15332031 -0.10644531
v -0.01074218 0.15332031 -0.10644531
v -0.00292968 0.15136719 -0.10839844
v -0.00292968 0.15136719 -0.10839844
v 0.00488282 0.14746094 -0.11035156
v 0.00488282 0.14746094 -0.11035156
v 0.00488282 0.14746094 -0.11035156
v 0.00488282 0.14746094 -0.12011719
v 0.00488282 0.14746094 -0.12011719
v 0.00488282 0.14746094 -0.12011719
v 0.00878907 0.13964844 -0.11425781
v 0.00878907 0.13964844 -0.11425781
v 0.02246094 0.06933594 -0.14160156
v 0.02246094 0.06933594 -0.14160156
v 0.02050782 0.06347656 -0.14355469
v 0.02050782 0.06347656 -0.14355469
v 0.02050782 0.06347656 -0.14355469
v 0.02050782 0.06347656 -0.14355469
v 0.02832032 0.05957032 -0.14355469
v 0.02832032 0.05957032 -0.14355469
v 0.02832032 0.05957032 -0.14355469
v 0.02246094 0.05371094 -0.14550781
v 0.02246094 0.05371094 -0.14550781
v 0.02246094 0.05371094 -0.14550781
v 0.02441407 0.11425781 -0.13574219
v 0.03027344 0.06738281 -0.14160156
v 0.03027344 0.06738281 -0.14160156
v 0.01660157 0.14550781 -0.12207031
v 0.01660157 0.14550781 -0.12207031
v 0.03027344 0.06933594 -0.15332031
v 0.02832032 0.05957032 -0.14355469
v 0.02832032 0.05957032 -0.14355469
v 0.03027344 0.05957032 -0.15527344
v 0.03027344 0.05957032 -0.15527344
v 0.03027344 0.05957032 -0.15527344
v 0.03027344 0.06933594 -0.15332031
v 0.03027344 0.06933594 -0.15332031
v 0.03027344 0.06933594 -0.15332031
v 0.03027344 0.05957032 -0.15527344
v 0.03613282 0.05957032 -0.16308594
v 0.02441407 0.05371094 -0.15722656
v 0.02441407 0.05371094 -0.15722656
v 0.01660157 0.05175781 -0.15917969
v -0.09277344 0.05371094 -0.15136719
v -0.17089844 0.05761719 -0.14550781
v -0.17089844 0.05761719 -0.15332031
v -0.21777344 0.05957032 -0.13964844
v -0.22167969 0.05957032 -0.14550781
v -0.22753906 0.06152344 -0.13769531
v -0.22753906 0.06152344 -0.13769531
v -0.23144531 0.06152344 -0.14355469
v -0.23144531 0.06152344 -0.14355469
v -0.23144531 0.06738281 -0.13378906
v -0.23144531 0.06738281 -0.13378906
v -0.22753906 0.06738281 -0.12207031
v -0.22753906 0.07519531 -0.12011719
v -0.22753906 0.07519531 -0.12011719
v -0.18261719 0.14550781 -0.10839844
v -0.17675781 0.15136719 -0.10449219
v -0.17675781 0.15136719 -0.10449219
v -0.16699219 0.15527344 -0.10449219
v -0.15917969 0.16308594 -0.10839844
v -0.15917969 0.16308594 -0.10839844
v -0.15722656 0.15722656 -0.10449219
v -0.15722656 0.15722656 -0.10449219
v -0.06542969 0.15917969 -0.11035156
v -0.06542969 0.16308594 -0.11621094
v -0.00488281 0.15917969 -0.11621094
v -0.00097656 0.16503906 -0.12207031
v 0.00488282 0.15722656 -0.11621094
v 0.00878907 0.16308594 -0.12402344
v 0.01269532 0.15332031 -0.12011719
v 0.01269532 0.15332031 -0.12011719
v 0.00488282 0.15722656 -0.11621094
v 0.00488282 0.15722656 -0.11621094
v 0.00488282 0.15722656 -0.11621094
v 0.03027344 0.06738281 -0.14160156
v 0.01660157 0.14550781 -0.12207031
v 0.01660157 0.14355469 -0.11230469
v 0.01269532 0.15332031 -0.12011719
v 0.01269532 0.15332031 -0.12011719
v 0.01269532 0.15136719 -0.10839844
v 0.01269532 0.15136719 -0.10839844
v 0.00488282 0.15722656 -0.10644531
v 0.00488282 0.15722656 -0.10644531
v -0.00488281 0.15917969 -0.10449219
v -0.06542969 0.15722656 -0.09863281
v -0.15722656 0.15722656 -0.09277344
v -0.16699219 0.15527344 -0.09277344
v -0.16699219 0.15527344 -0.09277344
v -0.17480469 0.14941406 -0.09472656
v -0.17480469 0.14941406 -0.09472656
v -0.17480469 0.14941406 -0.09472656
v -0.18261719 0.14355469 -0.09667969
v -0.22753906 0.07519531 -0.12011719
v -0.22753906 0.07519531 -0.12011719
v -0.22753906 0.06738281 -0.12207031
v -0.22753906 0.06738281 -0.12207031
v -0.22363281 0.06152344 -0.12402344
v -0.22363281 0.06152344 -0.12402344
v -0.21386719 0.05761719 -0.12792969
v -0.16894531 0.05761719 -0.13378906
v -0.16894531 0.05761719 -0.13378906
v -0.21386719 0.05761719 -0.12792969
v -0.21386719 0.05761719 -0.12792969
v -0.21386719 0.05761719 -0.12792969
v -0.22363281 0.06152344 -0.12402344
v -0.22363281 0.06152344 -0.12402344
v -0.22753906 0.06738281 -0.12207031
v -0.22753906 0.07519531 -0.12011719
v -0.18261719 0.14355469 -0.09667969
v -0.18261719 0.14355469 -0.09667969
v -0.17480469 0.14941406 -0.09472656
v -0.17480469 0.14941406 -0.09472656
v -0.17480469 0.14941406 -0.09472656
v -0.17480469 0.14941406 -0.09472656
v -0.17480469 0.14941406 -0.09472656
v -0.17675781 0.14941406 -0.08691406
v -0.17675781 0.14941406 -0.08691406
v -0.17675781 0.14941406 -0.08691406
v -0.16699219 0.15527344 -0.08496094
v -0.16699219 0.15527344 -0.08496094
v -0.15527344 0.15722656 -0.08496094
v -0.15527344 0.15722656 -0.08496094
v -0.06542969 0.15917969 -0.09082031
v -0.06542969 0.15917969 -0.09082031
v -0.00488281 0.15917969 -0.09667969
v -0.00488281 0.15917969 -0.09667969
v -0.00488281 0.15917969 -0.10449219
v -0.00488281 0.15917969 -0.10449219
v 0.00488282 0.15722656 -0.10644531
v 0.00488282 0.15722656 -0.10644531
v 0.00488282 0.15722656 -0.10644531
v 0.01269532 0.15136719 -0.10839844
v 0.01269532 0.15136719 -0.10839844
v 0.01269532 0.15136719 -0.10839844
v 0.01660157 0.14355469 -0.11230469
v 0.01660157 0.14355469 -0.11230469
v 0.03027344 0.06738281 -0.14160156
v 0.03027344 0.06738281 -0.14160156
v 0.03222657 0.06542969 -0.13378906
v 0.03222657 0.06542969 -0.13378906
v 0.03222657 0.05566407 -0.13769531
v 0.03222657 0.05566407 -0.13769531
v 0.03222657 0.05566407 -0.13769531
v 0.02441407 0.04980469 -0.13964844
v 0.02441407 0.04980469 -0.13964844
v 0.02246094 0.05371094 -0.14550781
v 0.01464844 0.04785156 -0.13964844
v 0.01464844 0.04785156 -0.13964844
v 0.01464844 0.04785156 -0.13964844
v -0.09472656 0.04394531 -0.13183594
v -0.11230469 0.05761719 -0.05371094
v -0.11230469 0.05761719 -0.05371094
v -0.11230469 0.05761719 -0.05371094
v -0.11230469 0.05761719 -0.00097656
v -0.11230469 0.05761719 -0.00097656
v -0.10058594 0.04589844 -0.05371094
v -0.10058594 0.04589844 -0.05371094
v -0.10058594 0.04589844 -0.05371094
v -0.10058594 0.00097656 -0.00097656
v -0.10058594 0.00097656 -0.00097656
v -0.10058594 0.00097656 -0.05371094
v -0.10058594 0.00097656 -0.05371094
v -0.10058594 0.00097656 -0.05371094
v -0.10058594 0.04589844 -0.00097656
v -0.10058594 0.04589844 -0.00097656
v -0.10058594 0.04589844 0.05371094
v -0.10058594 0.04589844 0.05371094
v -0.10058594 0.04589844 0.05371094
v -0.11230469 0.05761719 0.05371094
v -0.11230469 0.05761719 0.05371094
v -0.11230469 0.05761719 0.05371094
v -0.18847656 0.05761719 0.05371094
v -0.18847656 0.05761719 0.05371094
v -0.18847656 0.05761719 0.05371094
v -0.18847656 0.05761719 -0.00097656
v -0.18847656 0.05761719 -0.00097656
v -0.18847656 0.05761719 -0.05371094
v -0.18847656 0.05761719 -0.05371094
v -0.18847656 0.05761719 -0.05371094
v -0.18847656 0.00488281 -0.05371094
v -0.18847656 0.00488281 -0.05371094
v -0.18847656 0.00488281 -0.05371094
v -0.17089844 0.00488281 -0.12597656
v -0.17089844 0.00488281 -0.12597656
v -0.09472656 0.00097656 -0.13183594
v -0.09472656 0.00097656 -0.13183594
v -0.17089844 0.04785156 -0.12597656
v -0.21582031 0.05566407 -0.12011719
v -0.21582031 0.05566407 -0.12011719
v -0.21582031 0.05566407 -0.12011719
v -0.22558594 0.05761719 -0.11816406
v -0.22558594 0.05761719 -0.11816406
v -0.22753906 0.06738281 -0.12207031
v -0.22753906 0.06738281 -0.12207031
v -0.22949219 0.06542969 -0.11425781
v -0.22949219 0.06542969 -0.11425781
v -0.22949219 0.06542969 -0.11425781
v -0.22753906 0.07519531 -0.12011719
v -0.22753906 0.07519531 -0.12011719
v -0.22949219 0.07324219 -0.11230469
v -0.22949219 0.07324219 -0.11230469
v -0.22949219 0.07324219 -0.11230469
v -0.18261719 0.14355469 -0.09667969
v -0.18261719 0.14355469 -0.09667969
v -0.18457031 0.14160156 -0.08886719
v -0.18457031 0.14160156 -0.08886719
v -0.18457031 0.14160156 -0.08886719
v -0.18457031 0.14160156 -0.08886719
v -0.18457031 0.14160156 -0.08886719
v -0.18457031 0.14160156 -0.08886719
v -0.19433594 0.14941406 -0.08496094
v -0.19433594 0.14941406 -0.08496094
v -0.19433594 0.14941406 -0.08496094
v -0.20019531 0.15722656 -0.00097656
v -0.20019531 0.15722656 -0.00097656
v -0.20019531 0.15722656 -0.00097656
v -0.20019531 0.15722656 -0.00097656
v -0.20019531 0.15722656 -0.00097656
v -0.19824219 0.15722656 -0.06933594
v -0.19433594 0.15527344 -0.00097656
v -0.19433594 0.15527344 -0.00097656
v -0.19433594 0.15527344 -0.00097656
v -0.19238281 0.15527344 -0.06933594
v -0.19238281 0.15527344 -0.06933594
v -0.19238281 0.15332031 -0.07714844
v -0.19238281 0.15332031 -0.07714844
v -0.19238281 0.15332031 -0.07714844
v -0.18066406 0.17089844 -0.07910156
v -0.18066406 0.17089844 -0.07910156
v -0.18066406 0.17089844 -0.07910156
v -0.15527344 0.17285156 -0.07910156
v -0.15527344 0.17285156 -0.07910156
v -0.06542969 0.17285156 -0.08691406
v -0.06542969 0.17285156 -0.08691406
v 0.00097657 0.17480469 -0.09082031
v 0.00097657 0.17480469 -0.09082031
v 0.00683594 0.15722656 -0.09863281
v 0.00683594 0.15722656 -0.09863281
v 0.00683594 0.15722656 -0.09863281
v 0.01464844 0.15136719 -0.10058594
v 0.01464844 0.15136719 -0.10058594
v 0.01464844 0.15136719 -0.10058594
v 0.01855469 0.14160156 -0.10449219
v 0.01855469 0.14160156 -0.10449219
v 0.02441407 0.11621094 -0.11425781
v 0.02441407 0.11621094 -0.11425781
v 0.08300782 0.11816406 -0.11425781
v 0.08300782 0.11816406 -0.11425781
v 0.07714844 0.16113281 -0.10253906
v 0.07714844 0.16113281 -0.10253906
v 0.07519532 0.17480469 -0.11621094
v 0.07519532 0.17480469 -0.11621094
v 0.07519532 0.17480469 -0.11621094
v 0.07519532 0.17480469 -0.11621094
v 0.09082032 0.17480469 -0.07128906
v 0.09082032 0.17480469 -0.07128906
v 0.09277344 0.17480469 -0.03808594
v 0.09277344 0.17480469 -0.03808594
v 0.09277344 0.17480469 -0.03808594
v 0.09277344 0.17480469 -0.03808594
v 0.09472657 0.17480469 -0.00097656
v 0.09472657 0.17480469 -0.00097656
v 0.09277344 0.17480469 0.03808594
v 0.09277344 0.17480469 0.03808594
v 0.09277344 0.17480469 0.03808594
v 0.09082032 0.17480469 0.07128906
v 0.09082032 0.17480469 0.07128906
v 0.08886719 0.17480469 0.08886719
v 0.08886719 0.17480469 0.08886719
v 0.08496094 0.17480469 0.09863281
v 0.08105469 0.17480469 0.10839844
v 0.08105469 0.17480469 0.10839844
v 0.08300782 0.18066406 0.11230469
v 0.08300782 0.18066406 0.11230469
v 0.07714844 0.18066406 0.11816406
v 0.07714844 0.18066406 0.11816406
v 0.07128907 0.18066406 0.12207031
v 0.07128907 0.18066406 0.12207031
v 0.07128907 0.18066406 0.12207031
v 0.06933594 0.17480469 0.12207031
v 0.06933594 0.17480469 0.12207031
v 0.06933594 0.17480469 0.12207031
v 0.07128907 0.16113281 0.12792969
v 0.07128907 0.16113281 0.12792969
v 0.08300782 0.11816406 0.14550781
v 0.08300782 0.11816406 0.14550781
v 0.03808594 0.06933594 0.16503906
v 0.03808594 0.06933594 0.16503906
v 0.09472657 0.07714844 0.16308594
v 0.09472657 0.07714844 0.16308594
v 0.03808594 0.05957032 0.16894531
v 0.03808594 0.05957032 0.16894531
v 0.03808594 0.05957032 0.16894531
v 0.10058594 0.07324219 0.15917969
v 0.10058594 0.07324219 0.15917969
v 0.11035157 0.04003906 0.14746094
v 0.11035157 0.04003906 0.14746094
v 0.11035157 0.04003906 0.14746094
v 0.11035157 0.04003906 -0.00097656
v 0.11035157 0.04003906 -0.00097656
v 0.10449219 0.04589844 -0.14160156
v 0.10449219 0.04589844 -0.14160156
v 0.10449219 0.04589844 -0.14160156
v 0.10449219 0.04589844 -0.14160156
v 0.06738282 0.04394531 -0.13964844
v 0.06738282 0.04394531 -0.13964844
v 0.06738282 0.04394531 -0.13964844
v 0.06152344 0.03808594 -0.14160156
v 0.06152344 0.03808594 -0.14160156
v 0.06152344 0.03808594 -0.14160156
v 0.06152344 -0.00878906 -0.13964844
v 0.06152344 -0.00878906 -0.13964844
v 0.06152344 -0.00878906 -0.13964844
v 0.05957032 -0.00878906 0.00097656
v 0.05957032 -0.00878906 0.00097656
v -0.10058594 0.00097656 0.05371094
v -0.10058594 0.00097656 0.05371094
v -0.10058594 0.00097656 0.05371094
v -0.18847656 0.00488281 0.05371094
v -0.18847656 0.00488281 0.05371094
v -0.18847656 0.00488281 0.05371094
v -0.25097656 0.00878906 -0.00097656
v -0.25097656 0.00878906 -0.00097656
v -0.25097656 0.00878906 -0.11425781
v -0.25097656 0.00878906 -0.11425781
v -0.25097656 0.00878906 -0.11425781
v -0.25097656 0.04980469 -0.11425781
v -0.25097656 0.04980469 -0.11425781
v -0.25097656 0.04980469 -0.11425781
v -0.24902344 0.06933594 -0.09277344
v -0.24902344 0.06933594 -0.09277344
v -0.24902344 0.06933594 -0.09277344
v -0.24902344 0.07128906 -0.10253906
v -0.24902344 0.07128906 -0.10253906
v -0.24902344 0.07128906 -0.10253906
v -0.24511719 0.07714844 -0.10644531
v -0.24511719 0.07714844 -0.10644531
v -0.24511719 0.07714844 -0.10644531
v -0.23925781 0.08496094 -0.10644531
v -0.19824219 0.14355469 -0.08886719
v -0.19824219 0.14355469 -0.08886719
v -0.20019531 0.15136719 -0.08300781
v -0.20019531 0.15136719 -0.08300781
v -0.20019531 0.15136719 -0.08300781
v -0.20800781 0.15527344 -0.08300781
v -0.20800781 0.15527344 -0.08300781
v -0.20410156 0.14550781 -0.08691406
v -0.20410156 0.14550781 -0.08691406
v -0.20410156 0.14550781 -0.08691406
v -0.20410156 0.14550781 -0.08691406
v -0.24511719 0.08691406 -0.10449219
v -0.24511719 0.08691406 -0.10449219
v -0.24707031 0.08300781 -0.09863281
v -0.24707031 0.08300781 -0.09863281
v -0.24707031 0.08300781 -0.09863281
v -0.25292969 0.07519531 -0.10058594
v -0.25292969 0.07519531 -0.10058594
v -0.25292969 0.07519531 -0.10058594
v -0.25488281 0.07324219 -0.09277344
v -0.25488281 0.07324219 -0.09277344
v -0.25488281 0.07324219 -0.09277344
v -0.25488281 0.07324219 -0.09277344
v -0.25683594 0.07324219 -0.00097656
v -0.25683594 0.07324219 -0.00097656
v -0.25488281 0.07324219 0.09277344
v -0.25488281 0.07324219 0.09277344
v -0.25488281 0.07324219 0.09277344
v -0.25488281 0.07324219 0.09277344
v -0.25488281 0.07324219 0.09277344
v -0.25097656 0.07714844 0.09277344
v -0.25097656 0.07714844 0.09277344
v -0.25097656 0.07714844 0.09277344
v -0.24707031 0.08300781 0.09863281
v -0.24707031 0.08300781 0.09863281
v -0.24707031 0.08300781 0.09863281
v -0.24511719 0.08691406 0.10449219
v -0.24511719 0.08691406 0.10449219
v -0.20410156 0.14550781 0.08691406
v -0.20410156 0.14550781 0.08691406
v -0.20410156 0.14550781 0.08691406
v -0.20410156 0.14550781 0.08691406
v -0.20410156 0.14550781 0.07910156
v -0.20410156 0.14550781 0.07910156
v -0.20410156 0.14550781 0.07910156
v -0.20410156 0.14550781 0.07910156
v -0.20214844 0.14941406 0.07324219
v -0.20214844 0.14941406 0.07324219
v -0.20214844 0.14941406 0.07324219
v -0.19824219 0.15722656 0.06933594
v -0.19824219 0.15722656 0.06933594
v -0.19824219 0.15722656 0.06933594
v -0.19238281 0.15527344 0.06933594
v -0.19238281 0.15527344 0.06933594
v -0.18261719 0.17285156 -0.00097656
v -0.18261719 0.17285156 -0.00097656
v -0.18261719 0.17285156 -0.00097656
v -0.15527344 0.17285156 -0.00097656
v -0.06542969 0.17285156 -0.00097656
v -0.00097656 0.17480469 -0.00097656
v 0.04003907 0.17480469 -0.00097656
v 0.04003907 0.17480469 -0.00097656
v 0.04199219 0.17480469 -0.09277344
v 0.04199219 0.17480469 -0.09277344
v 0.04199219 0.17480469 -0.09277344
v 0.04785157 0.15722656 -0.09863281
v 0.04785157 0.15722656 -0.09863281
v 0.04785157 0.15722656 -0.09863281
v 0.07324219 0.15527344 -0.10058594
v 0.07324219 0.15527344 -0.10058594
v 0.07324219 0.15527344 -0.10058594
v 0.07714844 0.16113281 -0.00097656
v 0.07714844 0.16113281 -0.00097656
v 0.07519532 0.17480469 -0.00097656
v 0.07519532 0.17480469 -0.00097656
v 0.07519532 0.17480469 0.11621094
v 0.07519532 0.17480469 0.11621094
v 0.07519532 0.17480469 0.11621094
v 0.07519532 0.17480469 0.11621094
v 0.07714844 0.16113281 0.12207031
v 0.07714844 0.16113281 0.12207031
v 0.08886719 0.11816406 0.14160156
v 0.08886719 0.11816406 0.14160156
v 0.10058594 0.07324219 0.13574219
v 0.10058594 0.07324219 0.13574219
v 0.10449219 0.04589844 0.14160156
v 0.10449219 0.04589844 0.14160156
v 0.10449219 0.04589844 0.14160156
v 0.10449219 0.04589844 0.14160156
v 0.10449219 0.04589844 -0.00097656
v 0.10449219 0.04589844 -0.00097656
v 0.06542969 0.04394531 0.00097656
v 0.06542969 0.04394531 0.00097656
v 0.05957032 0.03808594 0.00097656
v 0.05957032 0.03808594 0.00097656
v 0.06152344 -0.00878906 0.13964844
v 0.06152344 -0.00878906 0.13964844
v 0.06152344 -0.00878906 0.13964844
v -0.09472656 0.00097656 0.13183594
v -0.09472656 0.00097656 0.13183594
v -0.17089844 0.00488281 0.12597656
v -0.17089844 0.00488281 0.12597656
v -0.25097656 0.00878906 0.11425781
v -0.25097656 0.00878906 0.11425781
v -0.25097656 0.00878906 0.11425781
v -0.25097656 0.04980469 -0.00097656
v -0.25097656 0.06933594 -0.00097656
v -0.25097656 0.06933594 -0.00097656
v -0.24902344 0.06933594 0.09277344
v -0.24902344 0.06933594 0.09277344
v -0.24902344 0.06933594 0.09277344
v -0.24902344 0.07128906 0.10058594
v -0.24902344 0.07128906 0.10058594
v -0.25292969 0.07519531 0.10058594
v -0.25488281 0.07324219 0.09277344
v -0.25488281 0.07324219 0.09277344
v -0.25683594 0.07324219 -0.00097656
v -0.25488281 0.07324219 -0.09277344
v -0.25488281 0.07324219 -0.09277344
v -0.25292969 0.07519531 -0.10058594
v -0.25097656 0.07910156 -0.10449219
v -0.25097656 0.07910156 -0.10449219
v -0.25292969 0.09082031 -0.10449219
v -0.21191406 0.14941406 -0.08691406
v -0.21191406 0.14941406 -0.08691406
v -0.21191406 0.14941406 -0.08691406
v -0.21191406 0.14941406 -0.08691406
v -0.25292969 0.09082031 -0.10449219
v -0.25097656 0.07910156 -0.10449219
v -0.25097656 0.07910156 -0.10449219
v -0.25097656 0.07910156 -0.10449219
v -0.25097656 0.07910156 -0.10449219
v -0.25292969 0.09082031 -0.10449219
v -0.25878906 0.08496094 -0.10449219
v -0.25878906 0.08496094 -0.10449219
v -0.26269531 0.07910156 -0.10058594
v -0.26269531 0.07910156 -0.10058594
v -0.26269531 0.07714844 -0.09277344
v -0.26464844 0.07714844 -0.00097656
v -0.26269531 0.07714844 0.09082031
v -0.26269531 0.07910156 0.10058594
v -0.26269531 0.07910156 0.10058594
v -0.25292969 0.09082031 0.10449219
v -0.25878906 0.08496094 0.10449219
v -0.25878906 0.08496094 0.10449219
v -0.25097656 0.07910156 0.10449219
v -0.25097656 0.07910156 0.10449219
v -0.25292969 0.07519531 0.10058594
v -0.25292969 0.07519531 0.10058594
v -0.25097656 0.07910156 0.10449219
v -0.25097656 0.07910156 0.10449219
v -0.25097656 0.07910156 0.10449219
v -0.25097656 0.07910156 0.10449219
v -0.21191406 0.14941406 0.08691406
v -0.20800781 0.15527344 0.08300781
v -0.20019531 0.15136719 0.08300781
v -0.20019531 0.15136719 0.08300781
v -0.20019531 0.15136719 0.08300781
v -0.19824219 0.15527344 0.07714844
v -0.19824219 0.15527344 0.07714844
v -0.19824219 0.15527344 0.07714844
v -0.19238281 0.15332031 0.07714844
v -0.19238281 0.15332031 0.07714844
v -0.19238281 0.15332031 0.07714844
v -0.19238281 0.15332031 0.07714844
v -0.20019531 0.15136719 0.08300781
v -0.20019531 0.15136719 0.08300781
v -0.20019531 0.15136719 0.08300781
v -0.20019531 0.15136719 0.08300781
v -0.20800781 0.15527344 0.08300781
v -0.21191406 0.14941406 0.08691406
v -0.21191406 0.14941406 0.08691406
v -0.25292969 0.09082031 0.10449219
v -0.25292969 0.09082031 0.10449219
v -0.23925781 0.08496094 0.10644531
v -0.19824219 0.14355469 0.08886719
v -0.19824219 0.14355469 0.08886719
v -0.19824219 0.14355469 0.08886719
v -0.19824219 0.14355469 0.08886719
v -0.19433594 0.14941406 0.08496094
v -0.19433594 0.14941406 0.08496094
v -0.19433594 0.14941406 0.08496094
v -0.19433594 0.14941406 0.08496094
v -0.19433594 0.14941406 0.08496094
v -0.18066406 0.17089844 0.07910156
v -0.18066406 0.17089844 0.07910156
v -0.18066406 0.17089844 0.07910156
v -0.15527344 0.17089844 0.07910156
v -0.15527344 0.17089844 0.07910156
v -0.06542969 0.17285156 0.08691406
v -0.06542969 0.17285156 0.08691406
v 0.00097657 0.17480469 0.09082031
v 0.00097657 0.17480469 0.09082031
v 0.04199219 0.17480469 0.09277344
v 0.04199219 0.17480469 0.09277344
v 0.04199219 0.17480469 0.09277344
v 0.04785157 0.15722656 -0.00097656
v 0.04785157 0.15722656 -0.00097656
v 0.07324219 0.15527344 -0.00097656
v 0.07324219 0.15527344 -0.00097656
v 0.07324219 0.15527344 0.10058594
v 0.07324219 0.15527344 0.10058594
v 0.07324219 0.15527344 0.10058594
v 0.07324219 0.15527344 0.10058594
v 0.07714844 0.16113281 0.10449219
v 0.07714844 0.16113281 0.10449219
v 0.07714844 0.16113281 0.10449219
v 0.08886719 0.11816406 0.11816406
v 0.08886719 0.11816406 0.11816406
v 0.09472657 0.07714844 0.12988281
v 0.09472657 0.07714844 0.12988281
v 0.06738282 0.04394531 0.13964844
v 0.06738282 0.04394531 0.13964844
v 0.06738282 0.04394531 0.13964844
v 0.06152344 0.03808594 0.14160156
v 0.06152344 0.03808594 0.14160156
v 0.06152344 0.03808594 0.14160156
v -0.09472656 0.04394531 0.13183594
v -0.17089844 0.04785156 0.12597656
v -0.25097656 0.04980469 0.11425781
v -0.25097656 0.04980469 0.11425781
v -0.24511719 0.07714844 0.10644531
v -0.24511719 0.07714844 0.10644531
v -0.24511719 0.07714844 0.10644531
v -0.22949219 0.07324219 0.11230469
v -0.22949219 0.07324219 0.11230469
v -0.22949219 0.07324219 0.11230469
v -0.18457031 0.14160156 0.08886719
v -0.18457031 0.14160156 0.08886719
v -0.18457031 0.14160156 0.08886719
v -0.18457031 0.14160156 0.08886719
v -0.18457031 0.14160156 0.08886719
v -0.18457031 0.14160156 0.08886719
v -0.17675781 0.14941406 0.08691406
v -0.17675781 0.14941406 0.08691406
v -0.17675781 0.14941406 0.08691406
v -0.16699219 0.15527344 0.08496094
v -0.16699219 0.15527344 0.08496094
v -0.15527344 0.15722656 0.08496094
v -0.15527344 0.15722656 0.08496094
v -0.06542969 0.15917969 0.09082031
v -0.06542969 0.15917969 0.09082031
v -0.00488281 0.15917969 0.09667969
v -0.00488281 0.15917969 0.09667969
v 0.00683594 0.15722656 0.09863281
v 0.00683594 0.15722656 0.09863281
v 0.00683594 0.15722656 0.09863281
v 0.01464844 0.15136719 0.10058594
v 0.01464844 0.15136719 0.10058594
v 0.01464844 0.15136719 0.10058594
v 0.01855469 0.14160156 0.10449219
v 0.01855469 0.14160156 0.10449219
v 0.04785157 0.15722656 0.09863281
v 0.04785157 0.15722656 0.09863281
v 0.04785157 0.15722656 0.09863281
v 0.08300782 0.11816406 0.11425781
v 0.08300782 0.11816406 0.11425781
v 0.03222657 0.06542969 0.13378906
v 0.03222657 0.06542969 0.13378906
v 0.03222657 0.05566407 0.13769531
v 0.03222657 0.05566407 0.13769531
v 0.03222657 0.05566407 0.13769531
v 0.02441407 0.04980469 0.13964844
v 0.02441407 0.04980469 0.13964844
v 0.01464844 0.04785156 0.13964844
v 0.01464844 0.04785156 0.13964844
v 0.01464844 0.04785156 0.13964844
v -0.09277344 0.05175781 0.13183594
v -0.09277344 0.05175781 0.13183594
v -0.09277344 0.05175781 0.13183594
v -0.16894531 0.05371094 0.12597656
v -0.16894531 0.05371094 0.12597656
v -0.21582031 0.05566407 0.12011719
v -0.21582031 0.05566407 0.12011719
v -0.21582031 0.05566407 0.12011719
v -0.22558594 0.05761719 0.11816406
v -0.22558594 0.05761719 0.11816406
v -0.22558594 0.05761719 0.11816406
v -0.22949219 0.06542969 0.11425781
v -0.22949219 0.06542969 0.11425781
v -0.18261719 0.14355469 0.09667969
v -0.18261719 0.14355469 0.09667969
v -0.17480469 0.14941406 0.09472656
v -0.17480469 0.14941406 0.09472656
v -0.16699219 0.15527344 0.09277344
v -0.16699219 0.15527344 0.09277344
v -0.15722656 0.15722656 0.09277344
v -0.06542969 0.15722656 0.09863281
v -0.00488281 0.15917969 0.10449219
v 0.00488282 0.15722656 0.10644531
v 0.00488282 0.15722656 0.10644531
v 0.01269532 0.15136719 0.10839844
v 0.01269532 0.15136719 0.10839844
v 0.01660157 0.14355469 0.11230469
v 0.03027344 0.06738281 0.14160156
v 0.02441407 0.11621094 0.11425781
v 0.02441407 0.11621094 0.11425781
v 0.02441407 0.11621094 0.11425781
v 0.03027344 0.06738281 0.14160156
v 0.03027344 0.06738281 0.14160156
v 0.02832032 0.05957032 0.14355469
v 0.02246094 0.05371094 0.14550781
v 0.01464844 0.05175781 0.14550781
v 0.01464844 0.05175781 0.14550781
v 0.01464844 0.05175781 0.14550781
v -0.09277344 0.05371094 0.13964844
v -0.16894531 0.05761719 0.13378906
v -0.21386719 0.05761719 0.12792969
v -0.21386719 0.05761719 0.12792969
v -0.22363281 0.06152344 0.12402344
v -0.22753906 0.06738281 0.12207031
v -0.22753906 0.06738281 0.12207031
v -0.22753906 0.06738281 0.12207031
v -0.22363281 0.06152344 0.12402344
v -0.22363281 0.06152344 0.12402344
v -0.22363281 0.06152344 0.12402344
v -0.22753906 0.06738281 0.12207031
v -0.23144531 0.06738281 0.13378906
v -0.22753906 0.06152344 0.13769531
v -0.22753906 0.06152344 0.13769531
v -0.21777344 0.05957032 0.13964844
v -0.17089844 0.05761719 0.14550781
v -0.09277344 0.05371094 0.15136719
v 0.01660157 0.05371094 0.15722656
v 0.02441407 0.05371094 0.15722656
v 0.02441407 0.05371094 0.15722656
v 0.03027344 0.05957032 0.15527344
v 0.03027344 0.05957032 0.15527344
v 0.02832032 0.05957032 0.14355469
v 0.02832032 0.05957032 0.14355469
v 0.03027344 0.06933594 0.15332031
v 0.03027344 0.06933594 0.15332031
v 0.03027344 0.05957032 0.15527344
v 0.02441407 0.05371094 0.15722656
v 0.02441407 0.05371094 0.15722656
v 0.02441407 0.05371094 0.15722656
v 0.01660157 0.05371094 0.15722656
v 0.01660157 0.05371094 0.15722656
v -0.09082031 0.05371094 0.16113281
v -0.09082031 0.05175781 0.16503906
v -0.09082031 0.05175781 0.16503906
v 0.02050782 0.04980469 0.17285156
v 0.02050782 0.04980469 0.17285156
v 0.03027344 0.04980469 0.17285156
v 0.03027344 0.04980469 0.17285156
v 0.03027344 0.04980469 0.17285156
v 0.03613282 0.06933594 0.16113281
v 0.03613282 0.06933594 0.16113281
v 0.03027344 0.05957032 0.15527344
v 0.03613282 0.05957032 0.16308594
v 0.02832032 0.05371094 0.16699219
v 0.02832032 0.05371094 0.16699219
v 0.01855469 0.05175781 0.16699219
v 0.02832032 0.05371094 0.16699219
v 0.02832032 0.05371094 0.16699219
v 0.02832032 0.05371094 0.16699219
v 0.02832032 0.05371094 0.16699219
v 0.01855469 0.05175781 0.16699219
v -0.09082031 0.05371094 0.16113281
v -0.17089844 0.05761719 0.15332031
v -0.17089844 0.05761719 0.15332031
v -0.22167969 0.05957032 0.14550781
v -0.23144531 0.06152344 0.14355469
v -0.23535156 0.06933594 0.13964844
v -0.23535156 0.06933594 0.13964844
v -0.23535156 0.06933594 0.13964844
v -0.23339844 0.07910156 0.13769531
v -0.23339844 0.07910156 0.13769531
v -0.23339844 0.07910156 0.13769531
v -0.23535156 0.06933594 0.13964844
v -0.23535156 0.06933594 0.13964844
v -0.23535156 0.06933594 0.13964844
v -0.23730469 0.07910156 0.13964844
v -0.23730469 0.07910156 0.13964844
v -0.24902344 0.08886719 0.13378906
v -0.24902344 0.08886719 0.13378906
v -0.25488281 0.09082031 0.12597656
v -0.26464844 0.08496094 0.11230469
v -0.26464844 0.08496094 0.11230469
v -0.27050781 0.07714844 0.10449219
v -0.27050781 0.07714844 0.10449219
v -0.27050781 0.07714844 0.10449219
v -0.27050781 0.07714844 0.10449219
v -0.27246094 0.07519531 0.09277344
v -0.27246094 0.07519531 0.09277344
v -0.27441406 0.06738281 -0.00097656
v -0.27441406 0.05566407 -0.00097656
v -0.27441406 0.05566407 -0.00097656
v -0.27441406 0.05566407 -0.13964844
v -0.27441406 0.05566407 -0.13964844
v -0.27441406 0.05566407 -0.13964844
v -0.27636719 0.05566407 -0.13964844
v -0.27636719 0.05566407 -0.13964844
v -0.27636719 0.05566407 -0.13964844
v -0.27636719 0.05566407 -0.00097656
v -0.27636719 0.05566407 -0.00097656
v -0.27636719 0.06542969 -0.00097656
v -0.27636719 0.06542969 -0.00097656
v -0.28027344 0.06738281 0.13769531
v -0.28027344 0.06738281 0.13769531
v -0.28027344 0.06738281 0.13769531
v -0.29394531 0.06738281 0.13574219
v -0.29394531 0.06738281 0.13574219
v -0.29394531 0.06738281 -0.00097656
v -0.47949219 0.06542969 -0.01269531
v -0.47949219 0.06542969 -0.01269531
v -0.47949219 0.06542969 -0.01269531
v -0.47949219 0.06738281 -0.00097656
v -0.47558594 0.06738281 -0.01269531
v -0.47558594 0.06738281 -0.01269531
v -0.45800781 0.06738281 -0.00097656
v -0.45996094 0.06738281 -0.03222656
v -0.45996094 0.06738281 -0.03222656
v -0.43261719 0.06738281 -0.00097656
v -0.43457031 0.06738281 -0.05761719
v -0.43457031 0.06738281 -0.05761719
v -0.40527344 0.06738281 -0.00097656
v -0.40722656 0.06738281 -0.08300781
v -0.40722656 0.06738281 -0.08300781
v -0.37402344 0.06738281 -0.00097656
v -0.37402344 0.06738281 -0.10449219
v -0.37402344 0.06738281 -0.10449219
v -0.34472656 0.06738281 -0.00097656
v -0.34472656 0.06738281 -0.12011719
v -0.34472656 0.06738281 -0.12011719
v -0.31542969 0.06738281 -0.00097656
v -0.31542969 0.06738281 -0.12988281
v -0.31738281 0.06542969 -0.13378906
v -0.31738281 0.06542969 -0.13378906
v -0.31738281 0.06542969 -0.13378906
v -0.29394531 0.06542969 -0.13769531
v -0.29394531 0.06542969 -0.13769531
v -0.29394531 0.05566407 -0.13964844
v -0.29394531 0.05566407 -0.13964844
v -0.27832031 0.05566407 -0.14160156
v -0.27832031 0.05566407 -0.14160156
v -0.27832031 0.05566407 -0.14160156
v -0.26855469 0.05566407 -0.14550781
v -0.26855469 0.05566407 -0.14550781
v -0.26855469 0.05566407 -0.14550781
v -0.25488281 0.05371094 -0.16894531
v -0.25488281 0.05371094 -0.16894531
v -0.22949219 0.04785156 -0.18066406
v -0.22949219 0.04785156 -0.18066406
v -0.21972656 -0.03027344 -0.17675781
v -0.21972656 -0.03027344 -0.17675781
v -0.21972656 -0.03417969 -0.17285156
v -0.21972656 -0.03417969 -0.17285156
v -0.21972656 -0.03417969 -0.17285156
v -0.16113281 -0.03417969 -0.18652344
v -0.16113281 -0.03417969 -0.18652344
v -0.16113281 -0.03417969 -0.18652344
v -0.16113281 -0.03417969 -0.18652344
v -0.16113281 -0.03808594 -0.18847656
v -0.16113281 -0.03808594 -0.18847656
v -0.15136719 -0.10839844 -0.17871094
v -0.15136719 -0.11816406 -0.17480469
v -0.15136719 -0.11816406 -0.17480469
v -0.15136719 -0.12402344 -0.16699219
v -0.15136719 -0.12402344 -0.16699219
v -0.15136719 -0.13183594 -0.14746094
v -0.15136719 -0.13183594 -0.14746094
v -0.15136719 -0.13964844 -0.14160156
v -0.15136719 -0.14550781 -0.13378906
v -0.15136719 -0.14550781 -0.13378906
v -0.06542969 -0.15527344 -0.12792969
v 0.07128907 -0.16503906 -0.08886719
v 0.07128907 -0.17285156 -0.04003906
v 0.06933594 -0.18652344 -0.01855469
v 0.06933594 -0.18652344 -0.01855469
v 0.06933594 -0.19433594 -0.01269531
v 0.06933594 -0.19433594 -0.01269531
v 0.06933594 -0.19824219 -0.00097656
v 0.21386719 -0.19628906 -0.00097656
v 0.21582031 -0.19238281 0.01269531
v 0.21582031 -0.19238281 0.01269531
v 0.21582031 -0.18457031 0.01855469
v 0.21582031 -0.18457031 0.01855469
v 0.21582031 -0.17089844 0.04003907
v 0.21582031 -0.16308594 0.09082031
v 0.21582031 -0.15527344 0.13378906
v 0.21582031 -0.15136719 0.14746094
v 0.21582031 -0.15136719 0.14746094
v 0.21582031 -0.14355469 0.15527344
v 0.21582031 -0.13574219 0.16308594
v 0.21582031 -0.13574219 0.16308594
v 0.21582031 -0.13574219 0.16308594
v 0.21582031 -0.12597656 0.18261719
v 0.21582031 -0.12597656 0.18261719
v 0.07128907 -0.12792969 0.18066406
v 0.07128907 -0.12792969 0.18066406
v -0.06542969 -0.12207031 0.18261719
v -0.06542969 -0.12207031 0.18261719
v -0.06738281 -0.11230469 0.18652344
v -0.07519531 -0.03808594 0.19824219
v -0.07519531 -0.03808594 0.19824219
v -0.07519531 -0.03417969 0.19433594
v -0.07519531 -0.03417969 0.19433594
v -0.07519531 -0.03417969 0.19433594
v -0.07519531 -0.03417969 0.19433594
v -0.07519531 -0.03222656 0.19824219
v -0.07519531 -0.03222656 0.19824219
v -0.07519531 -0.03222656 0.19824219
v -0.16113281 -0.03027344 0.19042969
v -0.16113281 -0.03027344 0.19042969
v -0.16894531 0.04394531 0.19433594
v -0.16894531 0.04394531 0.19433594
v -0.16894531 0.05175781 0.18847656
v -0.16894531 0.05175781 0.18847656
v -0.22753906 0.05371094 0.17480469
v -0.22753906 0.05371094 0.17480469
v -0.22753906 0.05371094 0.15136719
v -0.22753906 0.05371094 0.15136719
v -0.23339844 0.05957032 0.14941406
v -0.23339844 0.05957032 0.14941406
v -0.23339844 0.05957032 0.14941406
v -0.23925781 0.06933594 0.14355469
v -0.23925781 0.06933594 0.14355469
v -0.23925781 0.06933594 0.14355469
v -0.23925781 0.06933594 0.14355469
v -0.27050781 0.06542969 0.13574219
v -0.27050781 0.06542969 0.13574219
v -0.27050781 0.06542969 0.13574219
v -0.27050781 0.06542969 0.13574219
v -0.27441406 0.05566407 0.13964844
v -0.27441406 0.05566407 0.13964844
v -0.27441406 0.05566407 0.13964844
v -0.27636719 0.05566407 0.13964844
v -0.27636719 0.05566407 0.13964844
v -0.27636719 0.05566407 0.13964844
v -0.27636719 0.06542969 0.13769531
v -0.27636719 0.06542969 0.13769531
v -0.27636719 0.06542969 0.13769531
v -0.28027344 0.06542969 0.13964844
v -0.28027344 0.06542969 0.13964844
v -0.28027344 0.06542969 0.13964844
v -0.29394531 0.06542969 0.13769531
v -0.29394531 0.06542969 0.13769531
v -0.31738281 0.06542969 0.13378906
v -0.31738281 0.06542969 0.13378906
v -0.31738281 0.06542969 0.13378906
v -0.31542969 0.06738281 0.12988281
v -0.34472656 0.06738281 0.12011719
v -0.34472656 0.06738281 0.12011719
v -0.37402344 0.06738281 0.10449219
v -0.37402344 0.06738281 0.10449219
v -0.40722656 0.06738281 0.08300781
v -0.40722656 0.06738281 0.08300781
v -0.43457031 0.06738281 0.05761719
v -0.43457031 0.06738281 0.05761719
v -0.45996094 0.06738281 0.03222656
v -0.45996094 0.06738281 0.03222656
v -0.47558594 0.06738281 0.01269531
v -0.47558594 0.06738281 0.01269531
v -0.47949219 0.06542969 0.01269531
v -0.47949219 0.06542969 0.01269531
v -0.47949219 0.06542969 0.01269531
v -0.48339844 0.06542969 -0.00097656
v -0.48339844 0.06542969 -0.00097656
v -0.48535156 0.05761719 -0.01074219
v -0.48535156 0.05761719 -0.01074219
v -0.48535156 0.05761719 -0.01074219
v -0.48535156 0.05761719 -0.01074219
v -0.48535156 0.05761719 -0.01074219
v -0.48339844 0.06152344 -0.00097656
v -0.48339844 0.06152344 -0.00097656
v -0.48339844 0.06152344 -0.00097656
v -0.48339844 0.06152344 -0.00097656
v -0.47949219 0.06152344 -0.01464844
v -0.47949219 0.06152344 -0.01464844
v -0.47949219 0.06152344 -0.01464844
v -0.47949219 0.06152344 -0.01464844
v -0.47949219 0.06152344 -0.01464844
v -0.47949219 0.06152344 -0.01464844
v -0.46386719 0.06542969 -0.03222656
v -0.46386719 0.06542969 -0.03222656
v -0.43652344 0.06542969 -0.05957031
v -0.43652344 0.06542969 -0.05957031
v -0.40917969 0.06542969 -0.08496094
v -0.40917969 0.06542969 -0.08496094
v -0.37597656 0.06542969 -0.10839844
v -0.37597656 0.06542969 -0.10839844
v -0.37597656 0.06542969 -0.10839844
v -0.37597656 0.06542969 -0.10839844
v -0.34472656 0.06542969 -0.12402344
v -0.34472656 0.06542969 -0.12402344
v -0.34472656 0.06542969 -0.12402344
v -0.34277344 0.05761719 -0.12597656
v -0.34277344 0.05761719 -0.12597656
v -0.31542969 0.05566407 -0.13574219
v -0.31542969 0.05566407 -0.13574219
v -0.29394531 0.05566407 -0.15722656
v -0.29394531 0.05566407 -0.15722656
v -0.25683594 0.04785156 -0.17285156
v -0.25683594 0.04785156 -0.17285156
v -0.24902344 -0.03027344 -0.16894531
v -0.24902344 -0.03027344 -0.16894531
v -0.24707031 -0.03222656 -0.16699219
v -0.24707031 -0.03222656 -0.16699219
v -0.24707031 -0.03222656 -0.16699219
v -0.24902344 -0.03613281 -0.16894531
v -0.24902344 -0.03613281 -0.16894531
v -0.24902344 -0.03613281 -0.16894531
v -0.24902344 -0.03613281 -0.16894531
v -0.21972656 -0.03808594 -0.17675781
v -0.21972656 -0.03808594 -0.17675781
v -0.21191406 -0.10644531 -0.16699219
v -0.21191406 -0.10644531 -0.16699219
v -0.20996094 -0.11621094 -0.16308594
v -0.20996094 -0.11621094 -0.16308594
v -0.20996094 -0.11621094 -0.16308594
v -0.20996094 -0.11621094 -0.16308594
v -0.20996094 -0.12011719 -0.15527344
v -0.20996094 -0.12792969 -0.13769531
v -0.20996094 -0.12792969 -0.13769531
v -0.20996094 -0.13574219 -0.12988281
v -0.20996094 -0.14160156 -0.12402344
v -0.20996094 -0.14160156 -0.12402344
v -0.15136719 -0.15136719 -0.12207031
v -0.06542969 -0.16308594 -0.08691406
v -0.06542969 -0.17285156 -0.04003906
v -0.06542969 -0.17285156 -0.04003906
v -0.06738281 -0.18652344 -0.01855469
v -0.06738281 -0.18652344 -0.01855469
v -0.06738281 -0.19433594 -0.01074219
v -0.06738281 -0.19433594 -0.01074219
v -0.06738281 -0.19824219 -0.00097656
v 0.06933594 -0.19433594 0.01269531
v 0.06933594 -0.19433594 0.01269531
v 0.06933594 -0.18652344 0.01855469
v 0.06933594 -0.18652344 0.01855469
v 0.07128907 -0.17285156 0.04003907
v 0.07128907 -0.16503906 0.08886719
v 0.07128907 -0.15722656 0.13183594
v 0.07128907 -0.15136719 0.14746094
v 0.07128907 -0.15136719 0.14746094
v 0.07128907 -0.14550781 0.15527344
v 0.07128907 -0.14550781 0.15527344
v 0.07128907 -0.13574219 0.16113281
v 0.07128907 -0.13574219 0.16113281
v 0.07128907 -0.13574219 0.16113281
v -0.06542969 -0.13574219 0.15527344
v -0.06542969 -0.13574219 0.15527344
v -0.06542969 -0.12792969 0.17480469
v -0.06542969 -0.12792969 0.17480469
v -0.15136719 -0.11816406 0.17480469
v -0.15136719 -0.11816406 0.17480469
v -0.15136719 -0.10839844 0.17871094
v -0.16113281 -0.03808594 0.18847656
v -0.16113281 -0.03808594 0.18847656
v -0.16113281 -0.03417969 0.18652344
v -0.16113281 -0.03417969 0.18652344
v -0.16113281 -0.03417969 0.18652344
v -0.16113281 -0.03417969 0.18652344
v -0.21972656 -0.03417969 0.17285156
v -0.21972656 -0.03417969 0.17285156
v -0.21972656 -0.03027344 0.17675781
v -0.21972656 -0.03027344 0.17675781
v -0.22949219 0.04785156 0.18066406
v -0.22949219 0.04785156 0.18066406
v -0.25488281 0.05371094 0.16894531
v -0.25488281 0.05371094 0.16894531
v -0.26855469 0.05566407 0.14550781
v -0.26855469 0.05566407 0.14550781
v -0.26855469 0.05566407 0.14550781
v -0.27832031 0.05566407 0.14160156
v -0.27832031 0.05566407 0.14160156
v -0.27832031 0.05566407 0.14160156
v -0.29394531 0.05566407 0.13964844
v -0.29394531 0.05566407 0.13964844
v -0.31542969 0.05566407 0.13574219
v -0.31542969 0.05566407 0.13574219
v -0.34277344 0.05761719 0.12597656
v -0.34277344 0.05761719 0.12597656
v -0.34472656 0.06542969 0.12402344
v -0.34472656 0.06542969 0.12402344
v -0.34472656 0.06542969 0.12402344
v -0.37597656 0.06542969 0.10839844
v -0.37597656 0.06542969 0.10839844
v -0.37597656 0.06542969 0.10839844
v -0.37597656 0.06542969 0.10839844
v -0.40917969 0.06542969 0.08496094
v -0.40917969 0.06542969 0.08496094
v -0.43652344 0.06542969 0.05957032
v -0.46386719 0.06542969 0.03222656
v -0.47949219 0.06152344 0.01464844
v -0.47949219 0.06152344 0.01464844
v -0.47949219 0.06152344 0.01464844
v -0.47949219 0.06152344 0.01464844
v -0.47949219 0.06152344 0.01464844
v -0.48535156 0.05761719 0.01074219
v -0.48535156 0.05761719 0.01074219
v -0.48535156 0.05761719 0.01074219
v -0.48535156 0.05761719 0.01074219
v -0.48535156 0.05761719 0.01074219
v -0.48535156 0.05761719 -0.00097656
v -0.48535156 0.05761719 -0.00097656
v -0.48925781 0.05371094 -0.00878906
v -0.48925781 0.05371094 -0.00878906
v -0.48925781 0.05371094 -0.00878906
v -0.48925781 0.05371094 -0.00878906
v -0.48925781 0.05371094 -0.00878906
v -0.49707031 0.05371094 -0.01464844
v -0.49707031 0.05371094 -0.01464844
v -0.49707031 0.05566407 -0.00878906
v -0.49707031 0.05566407 -0.00878906
v -0.49707031 0.05566407 -0.00878906
v -0.49511719 0.05957032 -0.01269531
v -0.49511719 0.05957032 -0.01269531
v -0.49511719 0.05957032 -0.01269531
v -0.49511719 0.05957032 -0.01269531
v -0.49121094 0.06347656 -0.01464844
v -0.49121094 0.06347656 -0.01464844
v -0.49121094 0.06347656 -0.01464844
v -0.49121094 0.06347656 -0.01464844
v -0.47363281 0.06152344 -0.03417969
v -0.47363281 0.06152344 -0.03417969
v -0.46386719 0.06152344 -0.03222656
v -0.46386719 0.06152344 -0.03222656
v -0.46386719 0.06152344 -0.03222656
v -0.43847656 0.05957032 -0.05957031
v -0.43847656 0.05957032 -0.05957031
v -0.40917969 0.05957032 -0.08691406
v -0.40917969 0.05957032 -0.08691406
v -0.40917969 0.05957032 -0.08691406
v -0.37597656 0.05761719 -0.10839844
v -0.37597656 0.05761719 -0.10839844
v -0.34082031 0.05761719 -0.13574219
v -0.34082031 0.05761719 -0.13574219
v -0.29589844 0.04980469 -0.16113281
v -0.29589844 0.04980469 -0.16113281
v -0.28808594 -0.02832031 -0.15722656
v -0.28808594 -0.02832031 -0.15722656
v -0.28613281 -0.03222656 -0.15332031
v -0.28613281 -0.03222656 -0.15332031
v -0.28613281 -0.03613281 -0.15722656
v -0.28613281 -0.03613281 -0.15722656
v -0.27636719 -0.10058594 -0.14550781
v -0.27636719 -0.10058594 -0.14550781
v -0.23925781 -0.10449219 -0.15917969
v -0.23925781 -0.10449219 -0.15917969
v -0.23925781 -0.11425781 -0.15527344
v -0.23925781 -0.11425781 -0.15527344
v -0.23925781 -0.11425781 -0.15527344
v -0.23925781 -0.11425781 -0.15527344
v -0.23925781 -0.11816406 -0.14746094
v -0.23925781 -0.11816406 -0.14746094
v -0.23925781 -0.12597656 -0.12988281
v -0.23925781 -0.12597656 -0.12988281
v -0.23925781 -0.13378906 -0.12402344
v -0.23925781 -0.13769531 -0.11621094
v -0.23925781 -0.13769531 -0.11621094
v -0.20996094 -0.14550781 -0.11425781
v -0.20996094 -0.14550781 -0.11425781
v -0.15136719 -0.15917969 -0.08300781
v -0.15136719 -0.17089844 -0.03808594
v -0.15136719 -0.17089844 -0.03808594
v -0.15136719 -0.18457031 -0.01855469
v -0.15332031 -0.19238281 -0.01074219
v -0.15332031 -0.19238281 -0.01074219
v -0.15332031 -0.19433594 -0.00097656
v -0.06738281 -0.19433594 0.01074219
v -0.06738281 -0.19433594 0.01074219
v -0.06738281 -0.18652344 0.01855469
v -0.06738281 -0.18652344 0.01855469
v -0.06542969 -0.17285156 0.04003907
v -0.06542969 -0.17285156 0.04003907
v -0.06542969 -0.16308594 0.08691406
v -0.06542969 -0.15527344 0.12792969
v -0.06542969 -0.15136719 0.14160156
v -0.06542969 -0.15136719 0.14160156
v -0.06542969 -0.14355469 0.14941406
v -0.15136719 -0.13183594 0.14746094
v -0.15136719 -0.13183594 0.14746094
v -0.15136719 -0.12402344 0.16699219
v -0.15136719 -0.12402344 0.16699219
v -0.20996094 -0.11621094 0.16308594
v -0.20996094 -0.11621094 0.16308594
v -0.20996094 -0.11621094 0.16308594
v -0.20996094 -0.11621094 0.16308594
v -0.21191406 -0.10644531 0.16699219
v -0.21191406 -0.10644531 0.16699219
v -0.21972656 -0.03808594 0.17675781
v -0.21972656 -0.03808594 0.17675781
v -0.24902344 -0.03613281 0.16894531
v -0.24902344 -0.03613281 0.16894531
v -0.24707031 -0.03222656 0.16699219
v -0.24707031 -0.03222656 0.16699219
v -0.24902344 -0.03027344 0.16894531
v -0.24902344 -0.03027344 0.16894531
v -0.25683594 0.04785156 0.17285156
v -0.25683594 0.04785156 0.17285156
v -0.29394531 0.05566407 0.15722656
v -0.29394531 0.05566407 0.15722656
v -0.34082031 0.05761719 0.13574219
v -0.34082031 0.05761719 0.13574219
v -0.37597656 0.05761719 0.10839844
v -0.37597656 0.05761719 0.10839844
v -0.40917969 0.05957032 0.08691406
v -0.40917969 0.05957032 0.08691406
v -0.40917969 0.05957032 0.08691406
v -0.43847656 0.05957032 0.05957032
v -0.43847656 0.05957032 0.05957032
v -0.46386719 0.06152344 0.03417969
v -0.46386719 0.06152344 0.03417969
v -0.47363281 0.06152344 0.03417969
v -0.47363281 0.06152344 0.03417969
v -0.49121094 0.06347656 0.01464844
v -0.49121094 0.06347656 0.01464844
v -0.49121094 0.06347656 0.01464844
v -0.49121094 0.06347656 0.01464844
v -0.49511719 0.05957032 0.01269531
v -0.49511719 0.05957032 0.01269531
v -0.49511719 0.05957032 0.01269531
v -0.49707031 0.05371094 0.01464844
v -0.49707031 0.05371094 0.01464844
v -0.49902344 0.05566407 0.00878906
v -0.49902344 0.05566407 0.00878906
v -0.49902344 0.05566407 0.00878906
v -0.49902344 0.05566407 0.00878906
v -0.48925781 0.05371094 0.00878906
v -0.48925781 0.05371094 0.00878906
v -0.48925781 0.05371094 0.00878906
v -0.48925781 0.05371094 0.00878906
v -0.48925781 0.05371094 0.00878906
v -0.48925781 0.05371094 -0.00097656
v -0.48925781 0.05371094 -0.00097656
v -0.49121094 0.04980469 -0.00683594
v -0.49121094 0.04980469 -0.00683594
v -0.49902344 0.04980469 -0.00683594
v -0.49902344 0.04980469 -0.00683594
v -0.49707031 0.04980469 -0.01464844
v -0.49707031 0.04980469 -0.01464844
v -0.49511719 0.05566407 -0.01855469
v -0.49511719 0.05566407 -0.01855469
v -0.49511719 0.05566407 -0.01855469
v -0.47949219 0.05566407 -0.03613281
v -0.47949219 0.05566407 -0.03613281
v -0.47558594 0.03027344 -0.03808594
v -0.47558594 0.03027344 -0.03808594
v -0.45410156 0.05371094 -0.06152344
v -0.45410156 0.05371094 -0.06152344
v -0.44824219 0.06152344 -0.05957031
v -0.44824219 0.06152344 -0.05957031
v -0.42089844 0.05957032 -0.08496094
v -0.42089844 0.05957032 -0.08496094
v -0.38378906 0.05957032 -0.11035156
v -0.38378906 0.05957032 -0.11035156
v -0.34277344 0.05175781 -0.13964844
v -0.34277344 0.05175781 -0.13964844
v -0.33105469 -0.02636719 -0.13769531
v -0.33105469 -0.02636719 -0.13769531
v -0.32910156 -0.03027344 -0.13378906
v -0.32910156 -0.03027344 -0.13378906
v -0.32910156 -0.03417969 -0.13769531
v -0.32910156 -0.03417969 -0.13769531
v -0.32910156 -0.03417969 -0.13769531
v -0.31542969 -0.09667969 -0.12792969
v -0.31542969 -0.09667969 -0.12792969
v -0.27636719 -0.11035156 -0.14160156
v -0.27636719 -0.11425781 -0.13378906
v -0.27636719 -0.11425781 -0.13378906
v -0.27636719 -0.12207031 -0.11621094
v -0.27636719 -0.12207031 -0.11621094
v -0.27636719 -0.12207031 -0.11621094
v -0.27636719 -0.12207031 -0.11621094
v -0.27636719 -0.12792969 -0.10839844
v -0.27636719 -0.13378906 -0.10253906
v -0.23925781 -0.14355469 -0.10644531
v -0.23925781 -0.14355469 -0.10644531
v -0.20996094 -0.15527344 -0.07714844
v -0.20996094 -0.16699219 -0.03613281
v -0.20996094 -0.16699219 -0.03613281
v -0.21191406 -0.18066406 -0.01855469
v -0.21386719 -0.18847656 -0.01074219
v -0.21386719 -0.18847656 -0.01074219
v -0.21386719 -0.19238281 -0.00097656
v -0.15332031 -0.19238281 0.01074219
v -0.15332031 -0.19238281 0.01074219
v -0.15136719 -0.18457031 0.01855469
v -0.15136719 -0.17089844 0.03808594
v -0.15136719 -0.17089844 0.03808594
v -0.15136719 -0.15917969 0.08300781
v -0.15136719 -0.15136719 0.12207031
v -0.15136719 -0.14550781 0.13378906
v -0.15136719 -0.14550781 0.13378906
v -0.15136719 -0.13964844 0.14160156
v -0.20996094 -0.12792969 0.13769531
v -0.20996094 -0.12792969 0.13769531
v -0.20996094 -0.12011719 0.15527344
v -0.20996094 -0.12011719 0.15527344
v -0.23925781 -0.11425781 0.15527344
v -0.23925781 -0.10449219 0.15917969
v -0.23925781 -0.10449219 0.15917969
v -0.27636719 -0.10058594 0.14550781
v -0.27636719 -0.10058594 0.14550781
v -0.28613281 -0.03613281 0.15722656
v -0.28613281 -0.03613281 0.15722656
v -0.28613281 -0.03613281 0.15722656
v -0.28613281 -0.03222656 0.15332031
v -0.28613281 -0.03222656 0.15332031
v -0.28808594 -0.02832031 0.15722656
v -0.28808594 -0.02832031 0.15722656
v -0.29589844 0.04980469 0.16113281
v -0.29589844 0.04980469 0.16113281
v -0.34277344 0.05175781 0.13964844
v -0.34277344 0.05175781 0.13964844
v -0.38378906 0.05957032 0.11035156
v -0.38378906 0.05957032 0.11035156
v -0.42089844 0.05957032 0.08496094
v -0.42089844 0.05957032 0.08496094
v -0.44824219 0.06152344 0.05957032
v -0.44824219 0.06152344 0.05957032
v -0.45410156 0.05371094 0.06152344
v -0.45410156 0.05371094 0.06152344
v -0.47558594 0.03027344 0.04003907
v -0.47558594 0.03027344 0.04003907
v -0.47558594 0.03027344 0.04003907
v -0.47949219 0.05566407 0.03613282
v -0.47949219 0.05566407 0.03613282
v -0.47949219 0.05566407 0.03613282
v -0.49511719 0.05566407 0.01855469
v -0.49511719 0.05566407 0.01855469
v -0.49511719 0.05566407 0.01855469
v -0.49707031 0.04980469 0.01464844
v -0.49707031 0.04980469 0.01464844
v -0.49902344 0.04980469 0.00878906
v -0.49902344 0.04980469 0.00878906
v -0.49121094 0.04980469 0.00683594
v -0.49121094 0.04980469 0.00683594
v -0.49121094 0.04980469 -0.00097656
v -0.49121094 0.04394531 -0.00683594
v -0.49121094 0.04394531 -0.00683594
v -0.49902344 0.04394531 -0.00683594
v -0.49902344 0.04394531 -0.00683594
v -0.49707031 0.04394531 -0.01269531
v -0.49707031 0.04394531 -0.01269531
v -0.49707031 0.04394531 -0.01269531
v -0.48339844 0.01464844 -0.03027344
v -0.48339844 0.01464844 -0.03027344
v -0.48339844 0.01464844 -0.03027344
v -0.46777344 -0.00097656 -0.03808594
v -0.46777344 -0.00097656 -0.03808594
v -0.47363281 0.00097656 -0.03613281
v -0.47363281 0.00097656 -0.03613281
v -0.46191406 0.01660156 -0.05175781
v -0.42480469 0.05371094 -0.08886719
v -0.42480469 0.05371094 -0.08886719
v -0.38769531 0.05175781 -0.11425781
v -0.38769531 0.05175781 -0.11425781
v -0.38769531 0.05175781 -0.11425781
v -0.37207031 -0.02441406 -0.11425781
v -0.37207031 -0.02441406 -0.11425781
v -0.36816406 -0.02832031 -0.11035156
v -0.36816406 -0.02832031 -0.11035156
v -0.37011719 -0.03222656 -0.11425781
v -0.37011719 -0.03222656 -0.11425781
v -0.35058594 -0.09277344 -0.10839844
v -0.31347656 -0.10449219 -0.12402344
v -0.31347656 -0.11035156 -0.11621094
v -0.31347656 -0.11035156 -0.11621094
v -0.31347656 -0.11621094 -0.09863281
v -0.31347656 -0.11621094 -0.09863281
v -0.31152344 -0.12207031 -0.09277344
v -0.31152344 -0.12597656 -0.08691406
v -0.27636719 -0.13769531 -0.09472656
v -0.27636719 -0.13769531 -0.09472656
v -0.23925781 -0.15136719 -0.07324219
v -0.23925781 -0.16308594 -0.03613281
v -0.23925781 -0.16308594 -0.03613281
v -0.24316406 -0.17871094 -0.01855469
v -0.24511719 -0.18652344 -0.01074219
v -0.24511719 -0.18652344 -0.01074219
v -0.24511719 -0.18847656 -0.00097656
v -0.21386719 -0.18847656 0.01074219
v -0.21386719 -0.18847656 0.01074219
v -0.21191406 -0.18066406 0.01855469
v -0.20996094 -0.16699219 0.03613282
v -0.20996094 -0.16699219 0.03613282
v -0.20996094 -0.15527344 0.07714844
v -0.20996094 -0.14550781 0.11425781
v -0.20996094 -0.14550781 0.11425781
v -0.20996094 -0.14160156 0.12402344
v -0.20996094 -0.14160156 0.12402344
v -0.20996094 -0.13574219 0.12988281
v -0.23925781 -0.12597656 0.12988281
v -0.23925781 -0.12597656 0.12988281
v -0.23925781 -0.11816406 0.14746094
v -0.23925781 -0.11816406 0.14746094
v -0.27636719 -0.11035156 0.14160156
v -0.31542969 -0.09667969 0.12792969
v -0.32910156 -0.03417969 0.13769531
v -0.32910156 -0.03417969 0.13769531
v -0.32910156 -0.03027344 0.13378906
v -0.32910156 -0.03027344 0.13378906
v -0.33105469 -0.02636719 0.13769531
v -0.33105469 -0.02636719 0.13769531
v -0.37207031 -0.02441406 0.11425781
v -0.37207031 -0.02441406 0.11425781
v -0.38769531 0.05175781 0.11425781
v -0.38769531 0.05175781 0.11425781
v -0.38769531 0.05175781 0.11425781
v -0.42480469 0.05371094 0.08886719
v -0.42480469 0.05371094 0.08886719
v -0.46386719 0.01660156 0.04980469
v -0.48339844 0.01464844 0.02832031
v -0.48339844 0.01464844 0.02832031
v -0.49707031 0.04394531 0.01269531
v -0.49707031 0.04394531 0.01269531
v -0.49902344 0.04394531 0.00683594
v -0.49902344 0.04394531 0.00683594
v -0.49121094 0.04394531 0.00683594
v -0.49121094 0.04394531 0.00683594
v -0.49121094 0.04394531 -0.00097656
v -0.49121094 0.01855469 -0.00097656
v -0.49121094 0.01855469 -0.00097656
v -0.49121094 0.01855469 -0.00683594
v -0.49121094 0.01855469 -0.00683594
v -0.49121094 0.01855469 -0.00683594
v -0.49121094 0.01855469 -0.00683594
v -0.49121094 0.01855469 -0.00683594
v -0.49316406 0.01855469 -0.01464844
v -0.49316406 0.01855469 -0.01464844
v -0.48339844 -0.01855469 -0.01660156
v -0.48339844 -0.01855469 -0.01660156
v -0.48339844 -0.01855469 -0.01660156
v -0.48339844 -0.01855469 -0.01660156
v -0.46582031 -0.02050781 -0.03613281
v -0.46582031 -0.02050781 -0.03613281
v -0.46582031 -0.02050781 -0.03613281
v -0.46582031 -0.02050781 -0.03613281
v -0.43847656 -0.02050781 -0.06152344
v -0.43847656 -0.02050781 -0.06152344
v -0.40722656 -0.02246094 -0.08886719
v -0.40332031 -0.02636719 -0.08496094
v -0.40332031 -0.02636719 -0.08496094
v -0.40527344 -0.03027344 -0.08886719
v -0.40527344 -0.03027344 -0.08886719
v -0.38378906 -0.08886719 -0.08496094
v -0.34863281 -0.10058594 -0.10449219
v -0.34863281 -0.10644531 -0.09667969
v -0.34863281 -0.10644531 -0.09667969
v -0.34667969 -0.11035156 -0.08105469
v -0.34667969 -0.11035156 -0.08105469
v -0.34667969 -0.11621094 -0.07324219
v -0.34667969 -0.12011719 -0.06933594
v -0.31152344 -0.12988281 -0.07910156
v -0.31152344 -0.12988281 -0.07910156
v -0.27636719 -0.14746094 -0.06542969
v -0.27636719 -0.14746094 -0.06542969
v -0.28027344 -0.15917969 -0.03417969
v -0.28027344 -0.15917969 -0.03417969
v -0.28417969 -0.17675781 -0.01855469
v -0.28808594 -0.18457031 -0.01074219
v -0.28808594 -0.18457031 -0.01074219
v -0.28808594 -0.18652344 -0.00097656
v -0.24511719 -0.18652344 0.01074219
v -0.24511719 -0.18652344 0.01074219
v -0.24316406 -0.17871094 0.01855469
v -0.23925781 -0.16308594 0.03613282
v -0.23925781 -0.16308594 0.03613282
v -0.23925781 -0.15136719 0.07324219
v -0.23925781 -0.14355469 0.10644531
v -0.23925781 -0.14355469 0.10644531
v -0.23925781 -0.13769531 0.11621094
v -0.23925781 -0.13769531 0.11621094
v -0.23925781 -0.13378906 0.12402344
v -0.27636719 -0.12207031 0.11621094
v -0.27636719 -0.12207031 0.11621094
v -0.27636719 -0.11425781 0.13378906
v -0.31347656 -0.10449219 0.12402344
v -0.35058594 -0.09277344 0.10839844
v -0.37011719 -0.03222656 0.11425781
v -0.37011719 -0.03222656 0.11425781
v -0.36816406 -0.02832031 0.11035156
v -0.36816406 -0.02832031 0.11035156
v -0.40332031 -0.02636719 0.08496094
v -0.40332031 -0.02636719 0.08496094
v -0.40722656 -0.02246094 0.08886719
v -0.43847656 -0.02050781 0.06152344
v -0.43847656 -0.02050781 0.06152344
v -0.46582031 -0.02050781 0.03613282
v -0.46582031 -0.02050781 0.03613282
v -0.48339844 -0.01855469 0.01660156
v -0.48339844 -0.01855469 0.01660156
v -0.48339844 -0.01855469 0.01660156
v -0.48339844 -0.01855469 0.01660156
v -0.49316406 0.01855469 0.01464844
v -0.49316406 0.01855469 0.01464844
v -0.49121094 0.01855469 0.00683594
v -0.49121094 0.01855469 0.00683594
v -0.49121094 0.01855469 0.00683594
v -0.49121094 0.01855469 0.00683594
v -0.49121094 0.01855469 0.00683594
v -0.49707031 0.01660156 0.00488281
v -0.49707031 0.01660156 0.00488281
v -0.49707031 0.01660156 0.00488281
v -0.49707031 0.01660156 -0.00097656
v -0.49707031 0.01660156 -0.00097656
v -0.49707031 0.01660156 -0.00488281
v -0.49707031 0.01660156 -0.00488281
v -0.49707031 0.01660156 -0.00488281
v -0.48144531 -0.01855469 -0.00878906
v -0.48144531 -0.01855469 -0.00878906
v -0.48144531 -0.01855469 -0.00878906
v -0.48144531 -0.01855469 -0.00878906
v -0.47753906 -0.02246094 -0.01074219
v -0.47753906 -0.02246094 -0.01074219
v -0.47753906 -0.02246094 -0.01074219
v -0.47753906 -0.02246094 -0.01074219
v -0.47753906 -0.02246094 -0.01660156
v -0.47753906 -0.02246094 -0.01660156
v -0.47753906 -0.02246094 -0.01660156
v -0.47753906 -0.02246094 -0.01660156
v -0.47753906 -0.02246094 -0.01660156
v -0.46191406 -0.02246094 -0.03417969
v -0.46191406 -0.02246094 -0.03417969
v -0.46191406 -0.02246094 -0.03417969
v -0.43457031 -0.02441406 -0.05957031
v -0.43457031 -0.02441406 -0.05957031
v -0.43652344 -0.02832031 -0.06152344
v -0.43652344 -0.02832031 -0.06152344
v -0.41308594 -0.08691406 -0.05957031
v -0.38183594 -0.09863281 -0.08105469
v -0.37988281 -0.10253906 -0.07519531
v -0.37988281 -0.10253906 -0.07519531
v -0.37597656 -0.10644531 -0.06152344
v -0.37597656 -0.10644531 -0.06152344
v -0.37402344 -0.11230469 -0.05566406
v -0.37402344 -0.11621094 -0.05175781
v -0.37207031 -0.12011719 -0.04785156
v -0.34472656 -0.12402344 -0.06152344
v -0.31152344 -0.13964844 -0.05566406
v -0.30761719 -0.15527344 -0.03222656
v -0.30761719 -0.15527344 -0.03222656
v -0.31152344 -0.17285156 -0.01855469
v -0.31347656 -0.18066406 -0.01074219
v -0.31347656 -0.18066406 -0.01074219
v -0.31347656 -0.18457031 -0.00097656
v -0.28808594 -0.18457031 0.01074219
v -0.28808594 -0.18457031 0.01074219
v -0.28417969 -0.17675781 0.01855469
v -0.28027344 -0.15917969 0.03417969
v -0.28027344 -0.15917969 0.03417969
v -0.27636719 -0.14746094 0.06542969
v -0.27636719 -0.14746094 0.06542969
v -0.27636719 -0.13769531 0.09472656
v -0.27636719 -0.13769531 0.09472656
v -0.27636719 -0.13378906 0.10253906
v -0.27636719 -0.12792969 0.10839844
v -0.31347656 -0.11621094 0.09863281
v -0.31347656 -0.11621094 0.09863281
v -0.31347656 -0.11035156 0.11621094
v -0.31347656 -0.11035156 0.11621094
v -0.34863281 -0.10058594 0.10449219
v -0.38378906 -0.08886719 0.08496094
v -0.40527344 -0.03027344 0.08886719
v -0.40527344 -0.03027344 0.08886719
v -0.43652344 -0.02832031 0.06152344
v -0.43652344 -0.02832031 0.06152344
v -0.43457031 -0.02441406 0.05957032
v -0.43457031 -0.02441406 0.05957032
v -0.46191406 -0.02246094 0.03417969
v -0.46191406 -0.02246094 0.03417969
v -0.46191406 -0.02246094 0.03417969
v -0.47753906 -0.02246094 0.01660156
v -0.47753906 -0.02246094 0.01660156
v -0.47753906 -0.02246094 0.01660156
v -0.47753906 -0.02246094 0.01660156
v -0.47753906 -0.02246094 0.01660156
v -0.47753906 -0.02246094 0.01074219
v -0.47753906 -0.02246094 0.01074219
v -0.47753906 -0.02246094 0.01074219
v -0.47753906 -0.02246094 0.01074219
v -0.48144531 -0.01855469 0.00878906
v -0.48144531 -0.01855469 0.00878906
v -0.48144531 -0.01855469 0.00878906
v -0.48144531 -0.01855469 0.00878906
v -0.48925781 -0.02246094 0.00488281
v -0.48925781 -0.02246094 0.00488281
v -0.49121094 -0.02246094 -0.00097656
v -0.49121094 -0.02246094 -0.00097656
v -0.48925781 -0.02246094 -0.00488281
v -0.48925781 -0.02246094 -0.00488281
v -0.48925781 -0.02246094 -0.00488281
v -0.47753906 -0.02636719 -0.00878906
v -0.47753906 -0.02636719 -0.00878906
v -0.47753906 -0.02636719 -0.00878906
v -0.47753906 -0.02636719 -0.00878906
v -0.47949219 -0.02636719 -0.01660156
v -0.47949219 -0.02636719 -0.01660156
v -0.47949219 -0.02636719 -0.01660156
v -0.46386719 -0.02636719 -0.03613281
v -0.46386719 -0.02636719 -0.03613281
v -0.44042969 -0.08300781 -0.03613281
v -0.43652344 -0.09277344 -0.03417969
v -0.43652344 -0.09277344 -0.03417969
v -0.41113281 -0.09472656 -0.05761719
v -0.41113281 -0.09472656 -0.05761719
v -0.40722656 -0.09863281 -0.05175781
v -0.40722656 -0.09863281 -0.05175781
v -0.40136719 -0.10253906 -0.04394531
v -0.40136719 -0.10253906 -0.04394531
v -0.39746094 -0.10839844 -0.04003906
v -0.39550781 -0.11035156 -0.03808594
v -0.39355469 -0.11425781 -0.03417969
v -0.38964844 -0.12011719 -0.03027344
v -0.37011719 -0.12597656 -0.03613281
v -0.34277344 -0.13378906 -0.04589844
v -0.33105469 -0.14941406 -0.03027344
v -0.33496094 -0.16699219 -0.01660156
v -0.33691406 -0.17675781 -0.01074219
v -0.33691406 -0.17675781 -0.01074219
v -0.33886719 -0.17871094 -0.00097656
v -0.31347656 -0.18066406 0.01074219
v -0.31347656 -0.18066406 0.01074219
v -0.31152344 -0.17285156 0.01855469
v -0.30761719 -0.15527344 0.03222656
v -0.30761719 -0.15527344 0.03222656
v -0.31152344 -0.13964844 0.05566407
v -0.31152344 -0.12988281 0.07910156
v -0.31152344 -0.12988281 0.07910156
v -0.31152344 -0.12597656 0.08691406
v -0.31152344 -0.12207031 0.09277344
v -0.34667969 -0.11035156 0.08105469
v -0.34667969 -0.11035156 0.08105469
v -0.34863281 -0.10644531 0.09667969
v -0.34863281 -0.10644531 0.09667969
v -0.38183594 -0.09863281 0.08105469
v -0.41308594 -0.08691406 0.05957032
v -0.44042969 -0.08300781 0.03613282
v -0.46386719 -0.02636719 0.03613282
v -0.46386719 -0.02636719 0.03613282
v -0.47949219 -0.02636719 0.01660156
v -0.47949219 -0.02636719 0.01660156
v -0.47949219 -0.02636719 0.01660156
v -0.47753906 -0.02636719 0.00878906
v -0.47753906 -0.02636719 0.00878906
v -0.47753906 -0.02636719 0.00878906
v -0.47753906 -0.02636719 0.00878906
v -0.47363281 -0.06542969 0.00683594
v -0.47363281 -0.06542969 0.00683594
v -0.47363281 -0.06542969 0.00683594
v -0.47558594 -0.06542969 -0.00097656
v -0.47558594 -0.06542969 -0.00097656
v -0.47363281 -0.06542969 -0.00683594
v -0.47363281 -0.06542969 -0.00683594
v -0.47363281 -0.06542969 -0.00683594
v -0.47363281 -0.06542969 -0.00683594
v -0.46191406 -0.06347656 -0.01269531
v -0.46191406 -0.06347656 -0.01269531
v -0.46191406 -0.06347656 -0.01269531
v -0.46386719 -0.06542969 -0.01855469
v -0.46386719 -0.06542969 -0.01855469
v -0.46386719 -0.06542969 -0.01855469
v -0.46386719 -0.06542969 -0.01855469
v -0.45019531 -0.08886719 -0.02050781
v -0.45019531 -0.08886719 -0.02050781
v -0.45019531 -0.08886719 -0.02050781
v -0.43261719 -0.09472656 -0.03027344
v -0.43261719 -0.09472656 -0.03027344
v -0.42675781 -0.09863281 -0.02441406
v -0.42675781 -0.09863281 -0.02441406
v -0.41894531 -0.10449219 -0.02441406
v -0.41308594 -0.10839844 -0.02441406
v -0.40332031 -0.11621094 -0.02441406
v -0.38964844 -0.12597656 -0.02441406
v -0.37207031 -0.13574219 -0.02636719
v -0.35253906 -0.14355469 -0.02832031
v -0.35644531 -0.16113281 -0.01660156
v -0.36035156 -0.17089844 -0.01074219
v -0.36035156 -0.17089844 -0.01074219
v -0.36035156 -0.17285156 -0.00097656
v -0.33691406 -0.17675781 0.01074219
v -0.33691406 -0.17675781 0.01074219
v -0.33496094 -0.16699219 0.01660156
v -0.33105469 -0.14941406 0.03027344
v -0.34277344 -0.13378906 0.04589844
v -0.34472656 -0.12402344 0.06152344
v -0.34667969 -0.12011719 0.06933594
v -0.34667969 -0.11621094 0.07324219
v -0.37597656 -0.10644531 0.06152344
v -0.37597656 -0.10644531 0.06152344
v -0.37988281 -0.10253906 0.07519531
v -0.37988281 -0.10253906 0.07519531
v -0.41113281 -0.09472656 0.05761719
v -0.41113281 -0.09472656 0.05761719
v -0.43652344 -0.09277344 0.03417969
v -0.43652344 -0.09277344 0.03417969
v -0.45019531 -0.08886719 0.02050781
v -0.45019531 -0.08886719 0.02050781
v -0.45019531 -0.08886719 0.02050781
v -0.46386719 -0.06542969 0.01855469
v -0.46386719 -0.06542969 0.01855469
v -0.46386719 -0.06542969 0.01855469
v -0.46386719 -0.06542969 0.01855469
v -0.46191406 -0.06347656 0.01269531
v -0.46191406 -0.06347656 0.01269531
v -0.46191406 -0.06347656 0.01269531
v -0.45996094 -0.09082031 0.00683594
v -0.45996094 -0.09082031 0.00683594
v -0.46191406 -0.09082031 -0.00097656
v -0.46191406 -0.09082031 -0.00097656
v -0.46191406 -0.09082031 -0.00097656
v -0.45996094 -0.09082031 -0.00683594
v -0.45996094 -0.09082031 -0.00683594
v -0.44824219 -0.09082031 -0.01464844
v -0.44824219 -0.09082031 -0.01464844
v -0.44824219 -0.09082031 -0.01464844
v -0.44824219 -0.09082031 -0.01464844
v -0.44238281 -0.09863281 -0.01464844
v -0.43652344 -0.10839844 -0.01464844
v -0.42480469 -0.12011719 -0.01464844
v -0.41113281 -0.12988281 -0.01464844
v -0.39550781 -0.14160156 -0.01464844
v -0.39550781 -0.14160156 -0.01464844
v -0.37597656 -0.15332031 -0.01660156
v -0.37597656 -0.15332031 -0.01660156
v -0.37988281 -0.16113281 -0.01074219
v -0.37988281 -0.16113281 -0.01074219
v -0.37988281 -0.16503906 -0.00097656
v -0.37988281 -0.16503906 -0.00097656
v -0.37988281 -0.16503906 -0.00097656
v -0.36035156 -0.17089844 0.01074219
v -0.36035156 -0.17089844 0.01074219
v -0.35644531 -0.16113281 0.01660156
v -0.35253906 -0.14355469 0.02832031
v -0.37011719 -0.12597656 0.03613282
v -0.37207031 -0.12011719 0.04785157
v -0.37402344 -0.11621094 0.05175782
v -0.37402344 -0.11230469 0.05566407
v -0.40136719 -0.10253906 0.04394532
v -0.40136719 -0.10253906 0.04394532
v -0.40722656 -0.09863281 0.05175782
v -0.40722656 -0.09863281 0.05175782
v -0.43261719 -0.09472656 0.03027344
v -0.43261719 -0.09472656 0.03027344
v -0.44824219 -0.09082031 0.01464844
v -0.44824219 -0.09082031 0.01464844
v -0.44824219 -0.09082031 0.01464844
v -0.44824219 -0.09082031 0.01464844
v -0.45214844 -0.10058594 0.00878906
v -0.45214844 -0.10058594 0.00878906
v -0.45410156 -0.10253906 -0.00097656
v -0.45410156 -0.10253906 -0.00097656
v -0.45214844 -0.10058594 -0.00878906
v -0.45214844 -0.10058594 -0.00878906
v -0.44433594 -0.11230469 -0.00878906
v -0.44433594 -0.11230469 -0.00878906
v -0.43066406 -0.12597656 -0.00878906
v -0.41699219 -0.13769531 -0.00878906
v -0.41699219 -0.13769531 -0.00878906
v -0.39941406 -0.15136719 -0.01074219
v -0.39941406 -0.15136719 -0.01074219
v -0.39941406 -0.15136719 -0.01074219
v -0.39941406 -0.15136719 -0.01074219
v -0.39941406 -0.15332031 -0.00097656
v -0.39941406 -0.15332031 -0.00097656
v -0.39941406 -0.15332031 -0.00097656
v -0.39941406 -0.15332031 -0.00097656
v -0.39941406 -0.15332031 -0.00097656
v -0.39941406 -0.15332031 -0.00097656
v -0.37988281 -0.16113281 0.01074219
v -0.37988281 -0.16113281 0.01074219
v -0.37597656 -0.15332031 0.01660156
v -0.37597656 -0.15332031 0.01660156
v -0.37207031 -0.13574219 0.02636719
v -0.38964844 -0.12597656 0.02441406
v -0.40332031 -0.11621094 0.02441406
v -0.38964844 -0.12011719 0.03027344
v -0.39355469 -0.11425781 0.03417969
v -0.39550781 -0.11035156 0.03808594
v -0.39746094 -0.10839844 0.04003907
v -0.42675781 -0.09863281 0.02441406
v -0.42675781 -0.09863281 0.02441406
v -0.44238281 -0.09863281 0.01464844
v -0.44433594 -0.11230469 0.00878906
v -0.44433594 -0.11230469 0.00878906
v -0.44433594 -0.11425781 -0.00097656
v -0.44433594 -0.11425781 -0.00097656
v -0.44433594 -0.11425781 -0.00097656
v -0.44433594 -0.11425781 -0.00097656
v -0.44433594 -0.11425781 -0.00097656
v -0.44433594 -0.11425781 -0.00097656
v -0.43261719 -0.12597656 -0.00097656
v -0.43261719 -0.12597656 -0.00097656
v -0.41699219 -0.13964844 -0.00097656
v -0.41699219 -0.13964844 -0.00097656
v -0.39941406 -0.15136719 0.01074219
v -0.39941406 -0.15136719 0.01074219
v -0.39941406 -0.15136719 0.01074219
v -0.39941406 -0.15136719 0.01074219
v -0.39550781 -0.14160156 0.01464844
v -0.39550781 -0.14160156 0.01464844
v -0.41113281 -0.12988281 0.01464844
v -0.41308594 -0.10839844 0.02441406
v -0.41894531 -0.10449219 0.02441406
v -0.43652344 -0.10839844 0.01464844
v -0.43066406 -0.12597656 0.00878906
v -0.41699219 -0.13769531 0.00878906
v -0.41699219 -0.13769531 0.00878906
v -0.42480469 -0.12011719 0.01464844
vt 0.66124564 0.76043195
vt 0.65416062 0.78968602
vt 0.64893454 0.75448972
vt 0.29290307 0.51737916
vt 0.32311708 0.23929769
vt 0.35010090 0.44890630
vt 0.20335813 0.42367470
vt 0.28920060 0.51737916
vt 0.20520175 0.42690480
vt 0.12266558 0.08140182
vt 0.20060031 0.42382705
vt 0.35256922 0.44892156
vt 0.40838057 0.51033992
vt 0.35503754 0.45017093
vt 0.40575987 0.51119316
vt 0.35752109 0.45017093
vt 0.27524397 0.07612997
vt 0.40489140 0.51382911
vt 0.27350700 0.07629758
vt 0.40489140 0.51556605
vt 0.27081013 0.07603854
vt 0.19548085 0.19180554
vt 0.40575987 0.51820195
vt 0.40838057 0.51908565
vt 0.19549608 0.18921530
vt 0.12033440 0.08993423
vt 0.12266558 0.09124458
vt 0.19427717 0.18662512
vt 0.41433802 0.16806704
vt 0.20060031 0.43380696
vt 0.41680634 0.16797560
vt 0.20274867 0.43258804
vt 0.20489702 0.43135387
vt 0.41925943 0.16788423
vt 0.42184964 0.16779280
vt 0.22238852 0.01644856
vt 0.28671706 0.51737916
vt 0.20643590 0.42905319
vt 0.42101163 0.18516243
vt 0.18352020 0.12822360
vt 0.22587769 0.00191295
vt 0.22238852 0.00186723
vt 0.18699412 0.12849784
vt 0.02489292 0.50074089
vt 0.28671706 0.53474879
vt 0.28918537 0.53474879
vt 0.29166892 0.53474879
vt 0.41503891 0.22931778
vt 0.31964314 0.25290394
vt 0.32311708 0.25334579
vt 0.35128936 0.46624547
vt 0.35375768 0.46624547
vt 0.35624123 0.46626073
vt 0.08765209 0.06282848
vt 0.27524397 0.06218857
vt 0.08975473 0.06182289
vt 0.21728429 0.02418870
vt 0.27256233 0.06194478
vt 0.26986548 0.06170100
vt 0.21949358 0.02260411
vt 0.21158583 0.19046474
vt 0.21158583 0.18801165
vt 0.41385046 0.18543667
vt 0.41619688 0.18534523
vt 0.41854331 0.18525380
vt 0.41892421 0.19267398
vt 0.18352020 0.13463813
vt 0.42139253 0.19259781
vt 0.27254710 0.15420181
vt 0.02489292 0.50860298
vt 0.02691938 0.50659174
vt 0.27524397 0.15555787
vt 0.28673229 0.54093480
vt 0.29043475 0.54093480
vt 0.29290307 0.53970069
vt 0.41330194 0.23359925
vt 0.32261425 0.25729203
vt 0.41578549 0.23474199
vt 0.35127413 0.47119737
vt 0.41826904 0.23588473
vt 0.21445030 0.03007001
vt 0.35374245 0.47121257
vt 0.08975473 0.06732327
vt 0.35622600 0.47121257
vt 0.21697956 0.02941483
vt 0.21856415 0.02866822
vt 0.21655294 0.19404531
vt 0.21778710 0.19169885
vt 0.20936131 0.31055886
vt 0.21778710 0.18910867
vt 0.21905172 0.18651843
vt 0.41647115 0.19276541
vt 0.21579111 0.31540406
vt 0.41938132 0.19886005
vt 0.42184964 0.19876862
vt 0.21783280 0.31516027
vt 0.26838753 0.15872705
vt 0.27116057 0.16116488
vt 0.29045001 0.54710561
vt 0.29168415 0.54587150
vt 0.29415247 0.54463732
vt 0.41158023 0.23789597
vt 0.41458181 0.23818547
vt 0.41706535 0.23932821
vt 0.21524259 0.03363538
vt 0.21778710 0.03298020
vt 0.21984403 0.03313255
vt 0.22150481 0.19527942
vt 0.20823380 0.17292750
vt 0.22150481 0.19527942
vt 0.21091543 0.17350650
vt 0.22273897 0.19294828
vt 0.22397311 0.19171411
vt 0.21030597 0.31676012
vt 0.41691300 0.19895142
vt 0.22523774 0.18898678
vt 0.21373418 0.31563258
vt 0.06513254 0.37996113
vt 0.21635486 0.32236713
vt 0.21839656 0.32213861
vt 0.06266423 0.37996113
vt 0.26523358 0.16494358
vt 0.26793045 0.16629958
vt 0.29416770 0.55205750
vt 0.29540187 0.54958916
vt 0.29788542 0.54833978
vt 0.41104695 0.24312210
vt 0.41458181 0.24255830
vt 0.41671494 0.24280208
vt 0.41884804 0.24306113
vt 0.21688814 0.03730732
vt 0.21990497 0.03755111
vt 0.22397311 0.19910383
vt 0.20823380 0.17801648
vt 0.22644143 0.19663548
vt 0.22892497 0.19541657
vt 0.21129635 0.32285470
vt 0.21431318 0.32261091
vt 0.06761609 0.37996113
vt 0.21390179 0.32958925
vt 0.06773798 0.37379038
vt 0.06526966 0.37379038
vt 0.06280135 0.37379038
vt 0.26299381 0.17176950
vt 0.26562974 0.17204380
vt 0.29913479 0.55575991
vt 0.30036896 0.55329168
vt 0.30160311 0.55082333
vt 0.41104695 0.24749494
vt 0.82319444 0.49065435
vt 0.41458181 0.24693120
vt 0.82072616 0.49065435
vt 0.31862229 0.29917717
vt 0.06133865 0.19594985
vt 0.41671494 0.24719024
vt 0.41884804 0.24743402
vt 0.05885510 0.19596511
vt 0.21597396 0.04161930
vt 0.21946311 0.04279250
vt 0.22769083 0.20279104
vt 0.23015913 0.20157212
vt 0.23139329 0.20033795
vt 0.21074782 0.32809609
vt 0.21237813 0.33484584
vt 0.06778369 0.36760432
vt 0.06536108 0.36760432
vt 0.06287754 0.36760432
vt 0.26159206 0.17812312
vt 0.26515740 0.17900687
vt 0.30655497 0.55699408
vt 0.30655497 0.55452579
vt 0.30778915 0.55205750
vt 0.82572371 0.48568726
vt 0.41226587 0.25281250
vt 0.41491702 0.25220305
vt 0.82324016 0.48568726
vt 0.31862229 0.29448432
vt 0.82074136 0.48570251
vt 0.82324016 0.46959752
vt 0.82075661 0.46959752
vt 0.82324016 0.42501551
vt 0.82074136 0.42503071
vt 0.20584168 0.14161646
vt 0.82072616 0.39530432
vt 0.83023369 0.71653557
vt 0.81825781 0.42503071
vt 0.83023369 0.75394118
vt 0.81828827 0.46959752
vt 0.05885510 0.19099796
vt 0.31600162 0.29453003
vt 0.81828827 0.48570251
vt 0.21445030 0.04678446
vt 0.21684243 0.04786623
vt 0.81581998 0.48568726
vt 0.22892497 0.20896184
vt 0.23139329 0.20772767
vt 0.20936131 0.33508962
vt 0.23387685 0.20772767
vt 0.12117241 0.04954225
vt 0.07022153 0.36635494
vt 0.12117241 0.06432170
vt 0.09525511 0.09529752
vt 0.06787511 0.34904629
vt 0.06540679 0.34904629
vt 0.06292325 0.34904629
vt 0.26171395 0.19480711
vt 0.26520312 0.19460905
vt 0.32387888 0.55822825
vt 0.32387888 0.55575991
vt 0.32387888 0.55329168
vt 0.82573897 0.46958226
vt 0.36841521 0.55452579
vt 0.34556043 0.34406394
vt 0.82572371 0.42501551
vt 0.20326671 0.14149457
vt 0.82319444 0.39407015
vt 0.34205604 0.31976169
vt 0.03290733 0.47549403
vt 0.03865149 0.36621779
vt 0.03054567 0.50263023
vt 0.40060994 0.52470791
vt 0.09008993 0.53733897
vt 0.03865149 0.38893545
vt 0.04038845 0.38878310
vt 0.09132409 0.53610486
vt 0.20326671 0.16875267
vt 0.09504180 0.53485548
vt 0.20707583 0.16893554
vt 0.20942226 0.16904217
vt 0.09751011 0.53610486
vt 0.06133865 0.21540689
vt 0.17917779 0.19447190
vt 0.06030257 0.21368515
vt 0.20291626 0.30141693
vt 0.18100616 0.19351202
vt 0.81824255 0.39407015
vt 0.20818810 0.14172310
vt 0.17910160 0.17079437
vt 0.22895546 0.29983234
vt 0.83023369 0.69055736
vt 0.82672930 0.71664226
vt 0.23139329 0.26929837
vt 0.81581998 0.42501551
vt 0.81583524 0.46959752
vt 0.23015913 0.22497541
vt 0.23264270 0.22497541
vt 0.11782037 0.06328559
vt 0.23511100 0.22497541
vt 0.07026724 0.34903103
vt 0.09872904 0.09573936
vt 0.09872904 0.05842513
vt 0.06787511 0.30446422
vt 0.06545250 0.30447948
vt 0.06296895 0.30447948
vt 0.26316142 0.23420870
vt 0.26666582 0.23401064
vt 0.36843044 0.55946243
vt 0.36843044 0.55699408
vt 0.03054567 0.47281241
vt 0.34556043 0.31892371
vt 0.40059471 0.55452579
vt 0.40306303 0.55575991
vt 0.40307826 0.52470791
vt 0.09008993 0.53980732
vt 0.07291839 0.20408612
vt 0.20291626 0.30757248
vt 0.04367954 0.15567976
vt 0.09751011 0.54477441
vt 0.05813898 0.12116909
vt 0.07473154 0.20493937
vt 0.04488322 0.15400374
vt 0.06133865 0.21188724
vt 0.09872904 0.53982258
vt 0.04488322 0.15855944
vt 0.20291626 0.30388528
vt 0.06062253 0.12104720
vt 0.09504180 0.54600859
vt 0.17926921 0.22270519
vt 0.06432500 0.12089485
vt 0.09132409 0.54477441
vt 0.40679595 0.52470791
vt 0.04188163 0.42783427
vt 0.18100616 0.22288799
vt 0.09008993 0.54352504
vt 0.23264270 0.30379385
vt 0.18100616 0.16881365
vt 0.23140854 0.30118841
vt 0.23387685 0.26929837
vt 0.23636040 0.26931363
vt 0.18998048 0.11368793
vt 0.07031295 0.30446422
vt 0.18647608 0.08476907
vt 0.06792082 0.26980120
vt 0.06545250 0.26980120
vt 0.06296895 0.26981646
vt 0.26495931 0.26448363
vt 0.26846373 0.26428556
vt 0.40307826 0.55946243
vt 0.40306303 0.55699408
vt 0.40678072 0.55452579
vt 0.10022222 0.37697476
vt 0.04188163 0.39801639
vt 0.18100616 0.20039892
vt 0.03962662 0.40068281
vt 0.09673306 0.37587774
vt 0.87227124 0.02760172
vt 0.06432500 0.09362149
vt 0.87473953 0.02883583
vt 0.06185669 0.09372813
vt 0.05937314 0.09385002
vt 0.87722307 0.02760172
vt 0.22895546 0.30845624
vt 0.07479248 0.18117046
vt 0.07291839 0.17928112
vt 0.23140854 0.30735916
vt 0.23387685 0.30379385
vt 0.23636040 0.30379385
vt 0.18998048 0.08487570
vt 0.18998048 0.05504262
vt 0.23636040 0.33950824
vt 0.07031295 0.23388875
vt 0.16156438 0.10920841
vt 0.06787511 0.23390400
vt 0.15805998 0.07232082
vt 0.06787511 0.18932199
vt 0.06545250 0.23390400
vt 0.06296895 0.23390400
vt 0.26683342 0.29584038
vt 0.27032256 0.29564232
vt 0.43896022 0.55946243
vt 0.43894500 0.55699408
vt 0.10022222 0.35183454
vt 0.43894500 0.55452579
vt 0.86972672 0.05856228
vt 0.87221026 0.05856228
vt 0.87470907 0.05856228
vt 0.87719262 0.05856228
vt 0.22895546 0.33923393
vt 0.87838107 0.05857754
vt 0.23140854 0.33937109
vt 0.23387685 0.33950824
vt 0.23264270 0.38383120
vt 0.07026724 0.18932199
vt 0.23511100 0.38383120
vt 0.16156438 0.07210755
vt 0.16107681 0.05722147
vt 0.23387685 0.40107894
vt 0.32461023 0.23635709
vt 0.07022153 0.17198282
vt 0.32159340 0.23609805
vt 0.06778369 0.17074865
vt 0.06540679 0.18932199
vt 0.06292325 0.18932199
vt 0.27000260 0.33429736
vt 0.27349177 0.33409923
vt 0.48349655 0.55822825
vt 0.48348129 0.55575991
vt 0.48348129 0.55329168
vt 0.86968100 0.10312903
vt 0.87217981 0.10312903
vt 0.87467861 0.10312903
vt 0.22895546 0.38357222
vt 0.87713170 0.10312903
vt 0.87958473 0.10314429
vt 0.23015913 0.38383120
vt 0.87958473 0.11923403
vt 0.16065019 0.40987039
vt 0.22892497 0.39984477
vt 0.23139329 0.40107894
vt 0.23015913 0.40723449
vt 0.32238570 0.22387838
vt 0.22892497 0.41339004
vt 0.22644143 0.41215587
vt 0.23139329 0.40846866
vt 0.32304087 0.22919589
vt 0.31987169 0.23068911
vt 0.06773798 0.16454738
vt 0.06536108 0.17074865
vt 0.06287754 0.17074865
vt 0.21033645 0.03802347
vt 0.27181575 0.35003662
vt 0.27524397 0.34875679
vt 0.21391702 0.03867865
vt 0.50082046 0.55699408
vt 0.50080520 0.55452579
vt 0.49957106 0.55205750
vt 0.19319537 0.49664229
vt 0.86968100 0.11921883
vt 0.19054422 0.49604809
vt 0.87217981 0.11921883
vt 0.28158236 0.00128824
vt 0.87467861 0.11921883
vt 0.87713170 0.11921883
vt 0.28421825 0.00131869
vt 0.18006150 0.16156107
vt 0.16305757 0.40878862
vt 0.18003103 0.15660918
vt 0.18671986 0.49129426
vt 0.16153391 0.40362346
vt 0.15804476 0.40479666
vt 0.22769083 0.40600032
vt 0.15760289 0.39955527
vt 0.22397311 0.40968758
vt 0.15766384 0.39513671
vt 0.22150481 0.41325289
vt 0.22273897 0.41584313
vt 0.22397311 0.41707724
vt 0.32343704 0.21781427
vt 0.31936890 0.22361934
vt 0.20456181 0.05153823
vt 0.06761609 0.15834618
vt 0.06526966 0.16454738
vt 0.06280135 0.16454738
vt 0.20920894 0.04427046
vt 0.21179914 0.04500180
vt 0.50824064 0.55575991
vt 0.50699121 0.55329168
vt 0.50574183 0.55082333
vt 0.19446000 0.49132478
vt 0.19090989 0.49077624
vt 0.87221026 0.12415546
vt 0.18249935 0.15660918
vt 0.28158236 0.00598109
vt 0.87469381 0.12415546
vt 0.18880726 0.49103528
vt 0.18880726 0.48666239
vt 0.18671986 0.48692143
vt 0.16061972 0.39929628
vt 0.15972076 0.39498436
vt 0.25400427 0.16604060
vt 0.21656817 0.41311580
vt 0.16049783 0.39141899
vt 0.15892847 0.39067239
vt 0.21655294 0.41447181
vt 0.20152974 0.11905122
vt 0.21778710 0.41707724
vt 0.21778710 0.41940844
vt 0.20416565 0.11847222
vt 0.27439073 0.31563258
vt 0.32461023 0.21175009
vt 0.31996310 0.21664101
vt 0.27439073 0.30819720
vt 0.17798933 0.45923668
vt 0.20497319 0.05851656
vt 0.20658827 0.05143160
vt 0.06513254 0.15834618
vt 0.06266423 0.15834618
vt 0.20862995 0.05134016
vt 0.21166202 0.05115736
vt 0.51317728 0.55205750
vt 0.51192784 0.54958916
vt 0.50945956 0.54833978
vt 0.19446000 0.48693663
vt 0.19090989 0.48640335
vt 0.18844159 0.48318845
vt 0.16226527 0.39563948
vt 0.16305757 0.39207417
vt 0.18717696 0.47974503
vt 0.25635070 0.16604060
vt 0.25400427 0.16108871
vt 0.12415876 0.30156934
vt 0.21161631 0.41311580
vt 0.16017787 0.38619286
vt 0.21160108 0.41570598
vt 0.21158583 0.41829622
vt 0.20643590 0.12415546
vt 0.21158583 0.42076451
vt 0.18100616 0.44573712
vt 0.17852262 0.44564569
vt 0.27673715 0.31442893
vt 0.20643590 0.11693335
vt 0.17821789 0.45306587
vt 0.17552103 0.45914525
vt 0.20699964 0.05842513
vt 0.17303747 0.45903862
vt 0.20904134 0.05833375
vt 0.21251526 0.05723667
vt 0.51687974 0.54710561
vt 0.51563030 0.54587150
vt 0.51316202 0.54463732
vt 0.19392672 0.48172575
vt 0.19090989 0.48203051
vt 0.18963003 0.47860229
vt 0.08300496 0.03441238
vt 0.42434841 0.39757454
vt 0.25894091 0.16604060
vt 0.42483598 0.40156651
vt 0.25894091 0.16108871
vt 0.25647259 0.16108871
vt 0.41947272 0.12973201
vt 0.25513178 0.14499897
vt 0.25277013 0.14499897
vt 0.42034122 0.13236791
vt 0.12243704 0.31535834
vt 0.12415876 0.31563258
vt 0.42035645 0.13412011
vt 0.19549608 0.41457850
vt 0.41947272 0.13674080
vt 0.19548085 0.41716868
vt 0.41685206 0.13762450
vt 0.05234911 0.08993423
vt 0.19549608 0.41951513
vt 0.19427717 0.42184627
vt 0.05001792 0.09124458
vt 0.45625365 0.03590560
vt 0.18045765 0.42838275
vt 0.45410532 0.03467143
vt 0.17797410 0.42827612
vt 0.17603907 0.44555432
vt 0.17574957 0.45297450
vt 0.17326602 0.45286781
vt 0.42035645 0.25729203
vt 0.03141415 0.47121257
vt 0.21088496 0.06432170
vt 0.21391702 0.06413883
vt 0.02946388 0.46924704
vt 0.52058220 0.54093480
vt 0.51686448 0.54093480
vt 0.19209835 0.47744429
vt 0.51438093 0.53970069
vt 0.08525997 0.03317827
vt 0.08300496 0.02877492
vt 0.51561511 0.53474879
vt 0.42139253 0.40217596
vt 0.42483598 0.41585833
vt 0.51438093 0.51737916
vt 0.45348060 0.02577329
vt 0.26028171 0.14376479
vt 0.05001792 0.08140182
vt 0.41685206 0.12887877
vt 0.25770673 0.14376479
vt 0.45625365 0.02592570
vt 0.45195696 0.03345251
vt 0.17550579 0.42818469
vt 0.17355552 0.44544762
vt 0.01905734 0.17362839
vt 0.42035645 0.25074035
vt 0.03141415 0.46338099
vt 0.41688251 0.25121266
vt 0.02243985 0.17446637
vt 0.52056694 0.53474879
vt 0.51808339 0.53474879
vt 0.51809865 0.51737916
vt 0.45163700 0.02898824
vt 0.01905734 0.18848395
vt 0.17303747 0.42807806
vt 0.45041808 0.03113657
vt 0.52056694 0.51737916
vt 0.75338078 0.13899577
vt 0.74611294 0.10977215
vt 0.75834787 0.10370803
vt 0.26328331 0.10360140
vt 0.25846857 0.10769999
vt 0.25846857 0.10133117
vt 0.29232410 0.45174032
vt 0.29230884 0.44710845
vt 0.29768732 0.45164889
vt 0.29767209 0.44703221
vt 0.77029330 0.86911392
vt 0.77588511 0.92023242
vt 0.77090275 0.92081141
vt 0.21001647 0.06663764
vt 0.24151033 0.48110110
vt 0.06831697 0.53615057
vt 0.06927687 0.54677045
vt 0.06673237 0.53540397
vt 0.24295780 0.48012590
vt 0.35368150 0.53314900
vt 0.28924632 0.04637307
vt 0.23760979 0.46897280
vt 0.23485199 0.46565127
vt 0.08041476 0.53442883
vt 0.02611184 0.00410700
vt 0.08062807 0.54600859
vt 0.23447107 0.46682447
vt 0.09274109 0.41502035
vt 0.07939391 0.53427649
vt 0.07860161 0.54570389
vt 0.02652323 0.00654483
vt 0.02691938 0.00145584
vt 0.01197237 0.14859480
vt 0.13613465 0.14585221
vt 0.08324874 0.54546010
vt 0.23975813 0.47066408
vt 0.29169938 0.04500180
vt 0.08341634 0.53477931
vt 0.24132749 0.47144115
vt 0.08503141 0.53407836
vt 0.13724692 0.14336866
vt 0.08625033 0.54581052
vt 0.08702740 0.53427649
vt 0.34667271 0.53316420
vt 0.24245501 0.47316283
vt 0.24560896 0.47468650
vt 0.34842491 0.53314900
vt 0.24259213 0.47489983
vt 0.35192931 0.53314900
vt 0.24283591 0.47837371
vt 0.24719356 0.47544831
vt 0.24592893 0.47197437
vt 0.24321683 0.46949083
vt 0.28924632 0.04198498
vt 0.24208933 0.46776915
vt 0.23951435 0.46702254
vt 0.19188504 0.13989472
vt 0.44715747 0.14259160
vt 0.23290171 0.46370095
vt 0.44414064 0.14286584
vt 0.23174374 0.46723586
vt 0.44176373 0.14403909
vt 0.23212464 0.46996319
vt 0.23485199 0.46956706
vt 0.00299806 0.34676081
vt 0.09024230 0.41598022
vt 0.02691938 0.00898266
vt 0.07657515 0.54538393
vt 0.09274109 0.42632586
vt 0.00179438 0.35602456
vt 0.10919651 0.04160404
vt 0.01101247 0.15596926
vt 0.01197237 0.15855944
vt 0.10653012 0.04187828
vt 0.04188163 0.43895692
vt 0.13870963 0.15455228
vt 0.08826155 0.54600859
vt 0.13863344 0.14182979
vt 0.34575853 0.54451537
vt 0.14195500 0.14073277
vt 0.34926292 0.54450017
vt 0.14360055 0.14016902
vt 0.10087738 0.06555581
vt 0.10301049 0.10021889
vt 0.17908637 0.00185198
vt 0.35101512 0.54450017
vt 0.35453475 0.54451537
vt 0.18249935 0.00293380
vt 0.20436373 0.20312625
vt 0.18434297 0.10459179
vt 0.06626004 0.54702944
vt 0.21059546 0.06939542
vt 0.07133380 0.53587627
vt 0.07282697 0.54718179
vt 0.20998600 0.19340533
vt 0.23760979 0.48292947
vt 0.21001647 0.07180279
vt 0.07329930 0.53557158
vt 0.09723586 0.23820066
vt 0.37137109 0.52924842
vt 0.07479248 0.54687703
vt 0.37035024 0.51780581
vt 0.13462624 0.14265257
vt 0.20998600 0.19463950
vt 0.07428968 0.53540397
vt 0.07086147 0.54750180
vt 0.18699412 0.10801995
vt 0.09641308 0.23332500
vt 0.09641308 0.24083662
vt 0.18611039 0.11460215
vt 0.37400699 0.52955317
vt 0.13287404 0.14058042
vt 0.37330613 0.51715064
vt 0.44315025 0.15712726
vt 0.05522881 0.12865019
vt 0.44264746 0.16067731
vt 0.13287404 0.14510560
vt 0.44526812 0.16124111
vt 0.21242385 0.19596511
vt 0.21242385 0.19349676
vt 0.44727936 0.16104299
vt 0.10241627 0.49417400
vt 0.23831066 0.48544347
vt 0.24176936 0.48442262
vt 0.21327709 0.06877071
vt 0.21391702 0.06630242
vt 0.24422243 0.48343223
vt 0.24498425 0.47992784
vt 0.24586798 0.47816044
vt 0.22682235 0.25456470
vt 0.24832106 0.47717005
vt 0.22668521 0.25107551
vt 0.24806203 0.47368091
vt 0.22654809 0.24760163
vt 0.02087049 0.06784129
vt 0.12045629 0.02842444
vt 0.24781825 0.47019172
vt 0.12092862 0.02479815
vt 0.24510615 0.46770817
vt 0.24297304 0.46601695
vt 0.12057818 0.02178133
vt 0.19311920 0.14361244
vt 0.19446000 0.13989472
vt 0.12012109 0.01777416
vt 0.20494272 0.00081593
vt 0.44727936 0.13987952
vt 0.20360191 0.00448793
vt 0.12839451 0.10322046
vt 0.35104558 0.20414710
vt 0.44363782 0.13940716
vt 0.35104558 0.20771241
vt 0.44027057 0.14067179
vt 0.43938684 0.14521229
vt 0.05277573 0.11304802
vt 0.23252080 0.47270578
vt 0.00179438 0.34645605
vt 0.23447107 0.47074026
vt 0.05535070 0.11376411
vt 0.10849564 0.03070992
vt 0.10653012 0.03031379
vt 0.05452793 0.11551630
vt 0.29768732 0.39311022
vt 0.03929142 0.42754477
vt 0.03929142 0.43979490
vt 0.29768732 0.40536040
vt 0.14168075 0.15516174
vt 0.14360055 0.15557313
vt 0.29569134 0.40539086
vt 0.45625365 0.54300702
vt 0.10087738 0.08227026
vt 0.10322380 0.08164561
vt 0.45361775 0.54213852
vt 0.10322380 0.08414435
vt 0.17908637 0.01644856
vt 0.10063360 0.08414435
vt 0.45099705 0.54300702
vt 0.20436373 0.21840847
vt 0.18434297 0.11667430
vt 0.20643590 0.21668673
vt 0.44834590 0.54216897
vt 0.37696287 0.52888274
vt 0.44151995 0.15648729
vt 0.37498212 0.51766872
vt 0.05535070 0.12418592
vt 0.05311093 0.12694371
vt 0.44039246 0.15913844
vt 0.18248411 0.01346219
vt 0.43938684 0.15922987
vt 0.23759456 0.42390323
vt 0.44188562 0.16249049
vt 0.44452155 0.16305423
vt 0.23785357 0.42656964
vt 0.10241627 0.49813551
vt 0.23785357 0.43021113
vt 0.15530218 0.13312972
vt 0.10471698 0.49498153
vt 0.10471698 0.49100482
vt 0.15530218 0.12907684
vt 0.08370584 0.44564569
vt 0.15606400 0.11219478
vt 0.24189125 0.48617482
vt 0.15531743 0.10859895
vt 0.24536517 0.48515397
vt 0.24711737 0.48163432
vt 0.15531743 0.10460699
vt 0.22654809 0.25878519
vt 0.15617067 0.10012746
vt 0.28274032 0.01993775
vt 0.22887927 0.25442755
vt 0.22874214 0.25093842
vt 0.28156713 0.01663142
vt 0.02087049 0.07180279
vt 0.02243985 0.06863362
vt 0.28138426 0.01302034
vt 0.12220849 0.02822638
vt 0.28292316 0.00972927
vt 0.12266558 0.02458489
vt 0.28430969 0.00745904
vt 0.12231515 0.02158326
vt 0.20241345 0.00081593
vt 0.12266558 0.01696658
vt 0.28682372 0.00384796
vt 0.13014671 0.10620683
vt 0.13014671 0.10322046
vt 0.28976434 0.00290334
vt 0.34933910 0.20449752
vt 0.29345158 0.00258332
vt 0.34933910 0.20807809
vt 0.29674268 0.00424415
vt 0.34914103 0.21173489
vt 0.35084751 0.21138442
vt 0.43813744 0.14358199
vt 0.43864027 0.14704067
vt 0.05196819 0.11480021
vt 0.29569134 0.39314073
vt 0.05372040 0.11726850
vt 0.45623842 0.53075683
vt 0.05449746 0.11975211
vt 0.45361775 0.53164053
vt 0.37696287 0.51722682
vt 0.45099705 0.53075683
vt 0.05420796 0.12247944
vt 0.05180059 0.12348503
vt 0.43888405 0.15577120
vt 0.43713185 0.15767574
vt 0.32610342 0.51459092
vt 0.18399252 0.01084155
vt 0.18248411 0.00995779
vt 0.32435122 0.51459092
vt 0.12740414 0.01945019
vt 0.29768732 0.41704679
vt 0.43612623 0.15793478
vt 0.43864027 0.16119540
vt 0.29663602 0.42103875
vt 0.23654324 0.42056644
vt 0.29514283 0.42333949
vt 0.30216688 0.02269554
vt 0.23588806 0.42352229
vt 0.29907385 0.02466106
vt 0.23588806 0.42716384
vt 0.15706962 0.13209367
vt 0.23588806 0.43082058
vt 0.29596561 0.02661133
vt 0.08525997 0.44876921
vt 0.29229361 0.02693129
vt 0.08525997 0.44485343
vt 0.08477239 0.44208038
vt 0.28973389 0.02591044
vt 0.15706962 0.10862941
vt 0.15706962 0.10463744
vt 0.28661039 0.02324402
vt 0.30001852 0.00588965
vt 0.32348275 0.50319397
vt 0.34894294 0.21540689
vt 0.35153314 0.21540689
vt 0.32610342 0.50406247
vt 0.43662903 0.14722353
vt 0.43813744 0.15057552
vt 0.05131303 0.11828935
vt 0.05148063 0.12002635
vt 0.43838122 0.15231252
vt 0.43499872 0.15357715
vt 0.32521969 0.51023328
vt 0.32346749 0.51023328
vt 0.12865353 0.01498586
vt 0.30216688 0.00887603
vt 0.29514283 0.40955043
vt 0.12740414 0.01152718
vt 0.32346749 0.50671363
vt 0.43550155 0.15002704
vt 0.32521969 0.50671363
vt 0.22336365 0.43321276
vt 0.05285192 0.53046739
vt 0.15184350 0.11984348
vt 0.22586244 0.42949504
vt 0.15557644 0.12196136
vt 0.08877960 0.14106798
vt 0.11518446 0.38130194
vt 0.11954210 0.00473171
vt 0.44065148 0.52700865
vt 0.02960101 0.13407439
vt 0.12117241 0.00243098
vt 0.44310457 0.52583545
vt 0.28917012 0.24458480
vt 0.34106568 0.35602456
vt 0.36500221 0.01047587
vt 0.03141415 0.13613135
vt 0.44578618 0.52650583
vt 0.31936890 0.28927344
vt 0.09796721 0.04940516
vt 0.29169938 0.24354869
vt 0.10022222 0.04844522
vt 0.31886607 0.29169607
vt 0.34022766 0.35312963
vt 0.05385752 0.54451537
vt 0.29093757 0.02924722
vt 0.07212610 0.05684054
vt 0.36500221 0.00538689
vt 0.33652520 0.35602456
vt 0.07634661 0.14402384
vt 0.15184350 0.13463813
vt 0.12415876 0.32698381
vt 0.44578618 0.54451537
vt 0.18411441 0.00118160
vt 0.31862229 0.28122860
vt 0.24682787 0.42632586
vt 0.01495872 0.20643258
vt 0.11651004 0.02542287
vt 0.16631818 0.37397319
vt 0.12156856 0.32606959
vt 0.24498425 0.42423844
vt 0.01320652 0.20431471
vt 0.21990497 0.32791322
vt 0.08612844 0.48746991
vt 0.11817082 0.02319837
vt 0.07180613 0.36845756
vt 0.16903028 0.37397319
vt 0.11651004 0.02264982
vt 0.27218142 0.38294750
vt 0.24458811 0.45774353
vt 0.06935305 0.36960030
vt 0.11651004 0.01987678
vt 0.08984615 0.48763752
vt 0.38272229 0.48466641
vt 0.26829612 0.17053539
vt 0.21839656 0.08227026
vt 0.09424950 0.50112188
vt 0.21310949 0.14605027
vt 0.19596842 0.17294270
vt 0.38272229 0.47721577
vt 0.09072987 0.49616998
vt 0.21490739 0.07730317
vt 0.37933978 0.47628635
vt 0.21839656 0.07730317
vt 0.27106917 0.16623867
vt 0.35153314 0.23565620
vt 0.09094318 0.49124861
vt 0.38176239 0.48120773
vt 0.35153314 0.24083662
vt 0.44228178 0.15062124
vt 0.38007113 0.48075062
vt 0.34891248 0.23522955
vt 0.44599950 0.15557313
vt 0.44727936 0.15062124
vt 0.34717551 0.23955673
vt 0.16872555 0.48823178
vt 0.44475010 0.15062124
vt 0.37933978 0.48375225
vt 0.44228178 0.14690351
vt 0.10919651 0.04491037
vt 0.27375078 0.37982398
vt 0.32610342 0.43228328
vt 0.24832106 0.45774353
vt 0.27218142 0.37903172
vt 0.27256233 0.37630439
vt 0.10901368 0.04852140
vt 0.08891673 0.43082058
vt 0.32307136 0.43228328
vt 0.29169938 0.25281250
vt 0.44575572 0.53468788
vt 0.12156856 0.33658278
vt 0.16843605 0.36347526
vt 0.07180613 0.37846798
vt 0.24614224 0.44806832
vt 0.32525018 0.44128805
vt 0.08891673 0.42119116
vt 0.37447932 0.39343023
vt 0.09456947 0.04273152
vt 0.18467817 0.00381750
vt 0.44310457 0.54384500
vt 0.42127064 0.46514845
vt 0.18510479 0.00747424
vt 0.43949351 0.54238230
vt 0.30516845 0.31413943
vt 0.17925397 0.09723252
vt 0.38893878 0.13404393
vt 0.43620241 0.53467262
vt 0.43679664 0.53189957
vt 0.30516845 0.31142735
vt 0.18100616 0.09514511
vt 0.30353814 0.31205201
vt 0.09971941 0.13463813
vt 0.34705362 0.01073486
vt 0.09679400 0.12651712
vt 0.38512966 0.02164423
vt 0.28296888 0.36777192
vt 0.34705362 0.00701720
vt 0.09847002 0.13114899
vt 0.28258795 0.36362761
vt 0.28470582 0.36754340
vt 0.34583470 0.00206530
vt 0.34460053 0.00701720
vt 0.16750662 0.14659882
vt 0.34335116 0.01073486
vt 0.28731129 0.27524066
vt 0.20792907 0.32782179
vt 0.21137252 0.48085731
vt 0.16753709 0.14254588
vt 0.20512556 0.33059484
vt 0.20517127 0.32788277
vt 0.20881279 0.47957742
vt 0.19863480 0.48312753
vt 0.09124791 0.30153883
vt 0.36349380 0.00119680
vt 0.07212610 0.05245245
vt 0.07479248 0.05307710
vt 0.29468575 0.03173077
vt 0.19740064 0.48561108
vt 0.29468575 0.03419912
vt 0.19740064 0.48807937
vt 0.20619212 0.48815554
vt 0.20544553 0.31842089
vt 0.22289133 0.07666326
vt 0.08940429 0.30356532
vt 0.19994515 0.48070490
vt 0.20559789 0.32123965
vt 0.20248964 0.47950125
vt 0.20512556 0.32510972
vt 0.20626830 0.47953171
vt 0.17651141 0.29320449
vt 0.17472872 0.17993629
vt 0.21137252 0.49693179
vt 0.17651141 0.29041618
vt 0.20881279 0.49813551
vt 0.17651141 0.28764313
vt 0.20626830 0.49808979
vt 0.17594765 0.28377306
vt 0.20248964 0.49805927
vt 0.19994515 0.49677944
vt 0.34556043 0.17940301
vt 0.18673509 0.05426556
vt 0.17593241 0.28101528
vt 0.17428687 0.28322458
vt 0.18848729 0.05627680
vt 0.44727936 0.14691877
vt 0.16866460 0.48452926
vt 0.17244326 0.48449880
vt 0.16721714 0.11518115
vt 0.17485063 0.28709465
vt 0.17375359 0.29043144
vt 0.16375844 0.11467832
vt 0.21620250 0.32791322
vt 0.17477444 0.18398917
vt 0.24682787 0.41965222
vt 0.31589496 0.27549964
vt 0.17651141 0.18398917
vt 0.21743666 0.32667905
vt 0.01495872 0.20213586
vt 0.17651141 0.17792505
vt 0.32013071 0.27191907
vt 0.22453687 0.21042454
vt 0.21260668 0.49446350
vt 0.22737086 0.20935798
vt 0.29250693 0.20096266
vt 0.21391702 0.49202567
vt 0.29250693 0.19724494
vt 0.21391702 0.48832315
vt 0.29250693 0.19476140
vt 0.21702527 0.00241578
vt 0.21391702 0.48583961
vt 0.21260668 0.48332560
vt 0.21990497 0.00147110
vt 0.05684388 0.10506409
vt 0.16575442 0.14053470
vt 0.17925397 0.09301203
vt 0.34460053 0.01196903
vt 0.16575442 0.14659882
vt 0.05684388 0.11070162
vt 0.41749197 0.45567137
vt 0.38711038 0.12944251
vt 0.38711038 0.13613135
vt 0.42184964 0.45980042
vt 0.43736038 0.53730857
vt 0.43842694 0.53983784
vt 0.42156014 0.46246684
vt 0.12714513 0.48590058
vt 0.18772547 0.00729144
vt 0.41861948 0.46522462
vt 0.45404437 0.50412345
vt 0.16170152 0.42417747
vt 0.28950533 0.49287891
vt 0.41549599 0.21351755
vt 0.28849971 0.50710976
vt 0.16305757 0.43830174
vt 0.41673017 0.21351755
vt 0.21039739 0.18100286
vt 0.41549599 0.21846938
vt 0.41545030 0.22340602
vt 0.21365800 0.17789459
vt 0.44278458 0.51573366
vt 0.29319257 0.50710976
vt 0.41796431 0.21846938
vt 0.21964595 0.12564862
vt 0.13313307 0.49813551
vt 0.22737086 0.21391368
vt 0.32013071 0.27702332
vt 0.18848729 0.00118160
vt 0.13313307 0.48443788
vt 0.21964595 0.11051875
vt 0.16543446 0.00200438
vt 0.29619417 0.20344621
vt 0.29497525 0.19724494
vt 0.17175761 0.00253767
vt 0.37152344 0.03520471
vt 0.41305816 0.21351755
vt 0.37038070 0.03567702
vt 0.36847615 0.03113657
vt 0.36614496 0.03197455
vt 0.19932045 0.17004782
vt 0.20044795 0.17501491
vt 0.21091543 0.09634882
vt 0.17361647 0.17652333
vt 0.36695251 0.03712451
vt 0.19683690 0.17106861
vt 0.20846236 0.09138173
vt 0.20846236 0.09633356
vt 0.20599404 0.09633356
vt 0.20599404 0.09138173
vt 0.20226109 0.09139693
vt 0.22490254 0.28758222
vt 0.01046395 0.23521435
vt 0.01046395 0.24016619
vt 0.20226109 0.09634882
vt 0.00668530 0.23641801
vt 0.41884804 0.15584737
vt 0.23934676 0.47493029
vt 0.26028171 0.19828105
vt 0.26028171 0.20195305
vt 0.43573007 0.52505839
vt 0.00791946 0.24013573
vt 0.17294605 0.01644856
vt 0.43915829 0.52438796
vt 0.25689921 0.20108455
vt 0.25689921 0.19742781
vt 0.23933151 0.47843468
vt 0.12641376 0.46074510
vt 0.17651141 0.01486397
vt 0.41749197 0.46024227
vt 0.05311093 0.10850751
vt 0.21990497 0.00598109
vt 0.29619417 0.19229311
vt 0.17651141 0.00089210
vt 0.12641376 0.44692558
vt 0.45924002 0.50412345
vt 0.15949222 0.43830174
vt 0.45404437 0.49130952
vt 0.41796431 0.20979983
vt 0.38744560 0.04637307
vt 0.41549599 0.20979983
vt 0.41305816 0.20856565
vt 0.36961889 0.03066421
vt 0.36766860 0.02600187
vt 0.36491081 0.02581900
vt 0.19887859 0.16434932
vt 0.19546561 0.16508067
vt 0.20721295 0.08519566
vt 0.20472941 0.08519566
vt 0.22407977 0.29367679
vt 0.00799564 0.23027772
vt 0.22737086 0.29225981
vt 0.09353339 0.12682182
vt 0.41711107 0.16061640
vt 0.41884804 0.15971744
vt 0.31101927 0.13911766
vt 0.35883144 0.44427443
vt 0.23501958 0.47493029
vt 0.45805156 0.49159902
vt 0.13014671 0.45931286
vt 0.23607090 0.48018688
vt 0.35349867 0.44428968
vt 0.41915277 0.20608211
vt 0.41545030 0.20484799
vt 0.35078657 0.44424397
vt 0.38389549 0.04334098
vt 0.41424662 0.20361382
vt 0.38209757 0.04433137
vt 0.36881134 0.02551430
vt 0.37856272 0.04129928
vt 0.36804953 0.02050149
vt 0.36524600 0.02019674
vt 0.19854338 0.15871185
vt 0.19511518 0.15944320
vt 0.24662980 0.50112188
vt 0.20593309 0.08025908
vt 0.22737086 0.29768401
vt 0.20344955 0.08025908
vt 0.24464905 0.50037527
vt 0.09353339 0.13312972
vt 0.41884804 0.16454738
vt 0.09574268 0.13142323
vt 0.24184553 0.49926299
vt 0.31414276 0.13376969
vt 0.31133926 0.13352591
vt 0.35901427 0.43863690
vt 0.42035645 0.20236444
vt 0.35426047 0.44029772
vt 0.35078657 0.43961209
vt 0.38215852 0.03930330
vt 0.38036063 0.04029369
vt 0.36963412 0.02103478
vt 0.37866938 0.03523517
vt 0.37158439 0.01606768
vt 0.37770948 0.03575325
vt 0.36996931 0.01541251
vt 0.36673918 0.01410216
vt 0.19898525 0.15241915
vt 0.19555703 0.15315050
vt 0.24832106 0.49525577
vt 0.19369818 0.15257150
vt 0.24634030 0.49450922
vt 0.47191679 0.16454738
vt 0.24279021 0.49400640
vt 0.31101927 0.12900066
vt 0.24097706 0.49325979
vt 0.35901427 0.43400502
vt 0.38381931 0.03538758
vt 0.35426047 0.43566579
vt 0.35078657 0.43498015
vt 0.38040632 0.03526568
vt 0.37697813 0.03016144
vt 0.37354991 0.01111579
vt 0.37702382 0.02513337
vt 0.37594202 0.00716954
vt 0.37193483 0.01046062
vt 0.36865899 0.00901318
vt 0.19874147 0.14682734
vt 0.24819916 0.48862791
vt 0.19610555 0.14691877
vt 0.24630983 0.48888695
vt 0.19346963 0.14699495
vt 0.15798381 0.41626972
vt 0.47569543 0.15907753
vt 0.01305416 0.02094334
vt 0.47295287 0.15932131
vt 0.24119037 0.48862791
vt 0.47019506 0.15958029
vt 0.35808486 0.42972356
vt 0.35331583 0.43138433
vt 0.38301176 0.03083181
vt 0.37961403 0.03069472
vt 0.19113845 0.13463813
vt 0.37967497 0.02566665
vt 0.19113845 0.12910730
vt 0.28258795 0.37248003
vt 0.38068059 0.02010530
vt 0.37802944 0.01957208
vt 0.37996447 0.00387847
vt 0.37607917 0.02566665
vt 0.31862229 0.40389770
vt 0.37432697 0.00649911
vt 0.37222433 0.00471646
vt 0.21466361 0.12415546
vt 0.20044795 0.14189070
vt 0.19756825 0.14096129
vt 0.21202770 0.12391168
vt 0.15798381 0.42333949
vt 0.47500980 0.15350097
vt 0.16005598 0.42151111
vt 0.20919371 0.12353075
vt 0.01645190 0.01585436
vt 0.01296274 0.01588482
vt 0.47293764 0.15470463
vt 0.47019506 0.15503985
vt 0.35715541 0.42544210
vt 0.38221946 0.02626085
vt 0.35238639 0.42710286
vt 0.12740414 0.13463813
vt 0.19391149 0.13462293
vt 0.28595522 0.37101734
vt 0.19446000 0.13020432
vt 0.12755650 0.13035667
vt 0.22289133 0.01951110
vt 0.12950678 0.12845212
vt 0.34106568 0.00142539
vt 0.22011828 0.01951110
vt 0.28721985 0.36675107
vt 0.22234280 0.02392972
vt 0.34106568 0.00637722
vt 0.20194113 0.08676505
vt 0.34336638 0.00205004
vt 0.34335116 0.00701720
vt 0.19951853 0.08297116
vt 0.29020622 0.27514923
vt 0.28731129 0.27175146
vt 0.33721083 0.01495540
vt 0.20677111 0.32453072
vt 0.20724343 0.32064539
vt 0.33343217 0.01492494
vt 0.19596842 0.46548367
vt 0.22113913 0.07865924
vt 0.03141415 0.13006717
vt 0.36073601 0.00709337
vt 0.09124791 0.30815148
vt 0.22289133 0.08077711
vt 0.19343916 0.46671778
vt 0.11675382 0.00185198
vt 0.19097084 0.46548367
vt 0.42140776 0.41998744
vt 0.11788132 0.00416797
vt 0.30506182 0.30866951
vt 0.43832028 0.52991885
vt 0.11675382 0.00747424
vt 0.42483598 0.41927135
vt 0.10322380 0.13337350
vt 0.10080120 0.13031095
vt 0.09912518 0.12567908
vt 0.09744917 0.12104720
vt 0.38162524 0.01757610
vt 0.24083993 0.27728230
vt 0.37903506 0.01602197
vt 0.37533256 0.02007484
vt 0.24083993 0.28272176
vt 0.45476049 0.05556071
vt 0.31862229 0.39867157
vt 0.37624675 0.00142539
vt 0.31656536 0.39870203
vt 0.45314541 0.05684054
vt 0.21541020 0.11873126
vt 0.21344469 0.11745137
vt 0.21070212 0.11713141
vt 0.01645190 0.00878459
vt 0.01384646 0.01032346
vt 0.35718590 0.42084068
vt 0.47019506 0.15040791
vt 0.01128672 0.01085675
vt 0.10621016 0.05633771
vt 0.13313307 0.12907684
vt 0.12869924 0.12417066
vt 0.33721083 0.00134921
vt 0.33721083 0.00630105
vt 0.29020622 0.27164483
vt 0.20194113 0.08045715
vt 0.33721083 0.01125294
vt 0.33343217 0.01120722
vt 0.08227361 0.20774293
vt 0.19596842 0.46178120
vt 0.19343916 0.46176594
vt 0.19097084 0.46176594
vt 0.35270637 0.50412345
vt 0.42215437 0.42298901
vt 0.42386085 0.42262334
vt 0.10310191 0.12935108
vt 0.42483598 0.42663056
vt 0.10142589 0.12471920
vt 0.09974988 0.12008727
vt 0.38258514 0.01504683
vt 0.20640543 0.23036909
vt 0.37993398 0.01451355
vt 0.23858492 0.27828795
vt 0.37723714 0.01501632
vt 0.45232263 0.05077642
vt 0.44886395 0.05129445
vt 0.44724888 0.05258954
vt 0.21417604 0.11202717
vt 0.21134205 0.11164623
vt 0.01477588 0.00375658
vt 0.01209426 0.00326902
vt 0.20919371 0.11022925
vt 0.14599268 0.13463813
vt 0.09988701 0.05254388
vt 0.10112116 0.05624634
vt 0.13173130 0.12400305
vt 0.12740414 0.12084913
vt 0.24682787 0.41227776
vt 0.33343217 0.00131869
vt 0.33343217 0.00625533
vt 0.35453475 0.49728227
vt 0.08065854 0.21176535
vt 0.19468856 0.45681405
vt 0.08227361 0.21242052
vt 0.35291967 0.49796790
vt 0.35069513 0.49947631
vt 0.08941953 0.11518115
vt 0.42140776 0.42734665
vt 0.10322380 0.11870074
vt 0.42252004 0.43231380
vt 0.08941953 0.11006165
vt 0.31918603 0.10471368
vt 0.38359076 0.01149672
vt 0.38093960 0.01096344
vt 0.20643590 0.22663617
vt 0.37918741 0.00892174
vt 0.20402853 0.22531062
vt 0.44976291 0.04497129
vt 0.44802594 0.04523033
vt 0.44545096 0.04617500
vt 0.21541020 0.10542977
vt 0.21266763 0.10510981
vt 0.14958850 0.13028049
vt 0.14599268 0.12947297
vt 0.09478278 0.05370182
vt 0.12972009 0.11815226
vt 0.09478278 0.05618536
vt 0.39341831 0.49514914
vt 0.24519756 0.40901715
vt 0.09274109 0.11221004
vt 0.35069513 0.49507296
vt 0.33102483 0.00259858
vt 0.24519756 0.41436517
vt 0.38811600 0.49420446
vt 0.32311708 0.10469842
vt 0.32035926 0.10040170
vt 0.18249935 0.14157075
vt 0.02723935 0.67635691
vt 0.38633332 0.00796181
vt 0.02804688 0.67385811
vt 0.38374314 0.00640774
vt 0.20643590 0.22041970
vt 0.38288987 0.00486881
vt 0.44883347 0.03898335
vt 0.16360608 0.08527189
vt 0.44537479 0.03950143
vt 0.44279984 0.04044604
vt 0.13160941 0.11676574
vt 0.21492264 0.09919804
vt 0.21208864 0.09881711
vt 0.13462624 0.11676574
vt 0.36948174 0.32311374
vt 0.14804961 0.12429255
vt 0.14599268 0.12432301
vt 0.08969378 0.05485982
vt 0.09092794 0.05857754
vt 0.39341831 0.49007535
vt 0.32311708 0.10076737
vt 0.38797888 0.49018204
vt 0.45175889 0.18831635
vt 0.17990914 0.14001662
vt 0.17990914 0.14510560
vt 0.44913822 0.19270450
vt 0.03130749 0.67801768
vt 0.38744560 0.00235480
vt 0.03331871 0.67516845
vt 0.38654664 0.00185198
vt 0.03312064 0.67396474
vt 0.44804117 0.03401625
vt 0.44446060 0.03351343
vt 0.36050746 0.41735154
vt 0.16604392 0.08018285
vt 0.13295023 0.12266225
vt 0.44264746 0.03384864
vt 0.16360608 0.07890302
vt 0.35785630 0.41722965
vt 0.36948174 0.31691247
vt 0.14708970 0.11918831
vt 0.36698297 0.31805521
vt 0.35520515 0.41709250
vt 0.08343158 0.05606347
vt 0.08460479 0.05850130
vt 0.39248887 0.48553491
vt 0.08714929 0.06101537
vt 0.17131574 0.13463813
vt 0.44561857 0.18572617
vt 0.16782659 0.13343447
vt 0.11518446 0.39492339
vt 0.44737077 0.18921530
vt 0.44561857 0.19447190
vt 0.11088777 0.39064193
vt 0.03539088 0.67969370
vt 0.03761541 0.67804813
vt 0.44973242 0.02816546
vt 0.44787359 0.02740359
vt 0.44441488 0.02793688
vt 0.44345498 0.02760172
vt 0.35988274 0.41159213
vt 0.35640883 0.41198826
vt 0.07965293 0.05975074
vt 0.08081090 0.06217331
vt 0.08335540 0.06345320
vt 0.17203186 0.13005197
vt 0.16796371 0.12808645
vt 0.11474260 0.38960582
vt 0.11119249 0.38602525
vt 0.03845342 0.68277144
vt 0.04067795 0.68114114
vt 0.45078376 0.02396017
vt 0.44894013 0.02319837
vt 0.08963284 0.16701573
vt 0.44610614 0.02210134
vt 0.44417110 0.02141565
vt 0.09211639 0.16701573
vt 0.36005035 0.40508616
vt 0.35749063 0.40580225
vt 0.35479376 0.40543658
vt 0.07826640 0.06584531
vt 0.08081090 0.06712520
vt 0.22219044 0.42329377
vt 0.17189474 0.12566388
vt 0.16782659 0.12369835
vt 0.22587769 0.42576206
vt 0.11504734 0.38498920
vt 0.11151247 0.38140863
vt 0.04151595 0.68586445
vt 0.04374048 0.68421894
vt 0.45185030 0.01975489
vt 0.45075327 0.01838362
vt 0.44889441 0.01762176
vt 0.08955666 0.17196757
vt 0.09079082 0.17196757
vt 0.09325913 0.17196757
vt 0.36030936 0.39941818
vt 0.35773441 0.40013427
vt 0.35503754 0.39976859
vt 0.07572191 0.07075149
vt 0.07826640 0.07203132
vt 0.22091058 0.42824560
vt 0.07695606 0.07693750
vt 0.21966119 0.43321276
vt 0.07695606 0.08065522
vt 0.21966119 0.43691522
vt 0.22336365 0.43691522
vt 0.04913421 0.53046739
vt 0.04895137 0.54443920
vt 0.29217172 0.03419912
vt 0.29468575 0.03791678
vt 0.18181370 0.45003384
vt 0.19740064 0.49179709
vt 0.19863480 0.49426544
vt 0.18399252 0.45158798
vt 0.34370157 0.17737657
vt 0.44475010 0.14566940
vt 0.18673509 0.05833375
vt 0.34370157 0.18398917
vt 0.18399252 0.45774353
vt 0.27524397 0.36885375
vt 0.10653012 0.04491037
vt 0.09124791 0.42935789
vt 0.10770334 0.05086786
vt 0.27105391 0.37248003
vt 0.17501822 0.23934340
vt 0.37696287 0.38459301
vt 0.09456947 0.05086786
vt 0.37447932 0.38380075
vt 0.17198616 0.23934340
vt 0.32013071 0.28563195
vt 0.33698228 0.35137743
vt 0.31690058 0.28875542
vt 0.07756553 0.14908236
vt 0.17203186 0.16591871
vt 0.09124791 0.14845765
vt 0.09124791 0.14475518
vt 0.17203186 0.16904217
vt 0.16005598 0.11219478
vt 0.11455976 0.37692910
vt 0.11193909 0.37673098
vt 0.15772478 0.11141771
vt 0.04358812 0.69049639
vt 0.04581265 0.68886608
vt 0.39931482 0.00380224
vt 0.45476049 0.01631147
vt 0.40062517 0.00264430
vt 0.45366344 0.01494014
vt 0.45256642 0.01358408
vt 0.40193552 0.00148630
vt 0.08951095 0.17815363
vt 0.09197927 0.17815363
vt 0.09321342 0.17815363
vt 0.36050746 0.39352161
vt 0.35703352 0.39390254
vt 0.07201944 0.07571858
vt 0.07448775 0.07570332
vt 0.07441157 0.08060950
vt 0.07695606 0.08559185
vt 0.21966119 0.44186705
vt 0.22336365 0.44186705
vt 0.01645190 0.02123284
vt 0.04419758 0.53046739
vt 0.31690058 0.28243226
vt 0.17352505 0.23492485
vt 0.27105391 0.36737579
vt 0.18070143 0.45452863
vt 0.29093757 0.04038513
vt 0.04271964 0.54451537
vt 0.01645190 0.03590560
vt 0.07634661 0.15510076
vt 0.09124791 0.15337902
vt 0.38675997 0.10163587
vt 0.18609516 0.11906642
vt 0.17203186 0.16175914
vt 0.16005598 0.10827899
vt 0.17027967 0.16597962
vt 0.18848729 0.11457169
vt 0.04421281 0.69401598
vt 0.04665066 0.69358939
vt 0.04786958 0.69337606
vt 0.40344393 0.00563067
vt 0.40475428 0.00447267
vt 0.08951095 0.18310547
vt 0.09197927 0.18310547
vt 0.09321342 0.18310547
vt 0.35736874 0.38908780
vt 0.09574268 0.18310547
vt 0.15706962 0.24114132
vt 0.07077005 0.08067042
vt 0.15706962 0.24679404
vt 0.07201944 0.08684123
vt 0.07448775 0.08684123
vt 0.07826640 0.09058940
vt 0.22091058 0.44681895
vt 0.08877960 0.15706629
vt 0.01274943 0.02328974
vt 0.22586244 0.44558477
vt 0.38613525 0.10600877
vt 0.18848729 0.11967587
vt 0.38938063 0.10143781
vt 0.04506606 0.69899833
vt 0.04771721 0.69977540
vt 0.40566847 0.01053679
vt 0.40697879 0.00937885
vt 0.40828913 0.00822085
vt 0.08951095 0.18929148
vt 0.09197927 0.18929148
vt 0.09321342 0.18929148
vt 0.33807930 0.45361441
vt 0.15361093 0.24623030
vt 0.15610972 0.25281250
vt 0.33807930 0.46074510
vt 0.44964102 0.16677195
vt 0.07332978 0.09307295
vt 0.07572191 0.09179312
vt 0.08081090 0.09557176
vt 0.42252004 0.38596433
vt 0.22219044 0.45175558
vt 0.22587769 0.45053661
vt 0.42597872 0.38482159
vt 0.38654664 0.11068636
vt 0.38980725 0.10611540
vt 0.04470038 0.70405686
vt 0.04735154 0.70484912
vt 0.40813679 0.01449829
vt 0.40944710 0.01334029
vt 0.41145834 0.01292896
vt 0.08955666 0.19549274
vt 0.09079082 0.19549274
vt 0.33599192 0.45955664
vt 0.09325913 0.19549274
vt 0.44720316 0.16570538
vt 0.44929057 0.17239422
vt 0.07587428 0.09807056
vt 0.07826640 0.09677541
vt 0.08335540 0.09933519
vt 0.42224577 0.39032197
vt 0.42632917 0.38843262
vt 0.38656187 0.11431265
vt 0.04111980 0.71243691
vt 0.39043194 0.11534876
vt 0.39011198 0.11073208
vt 0.04290247 0.70824695
vt 0.04555363 0.70903921
vt 0.40857863 0.01887119
vt 0.41060507 0.01845980
vt 0.41356096 0.01786554
vt 0.44490245 0.17192191
vt 0.08963284 0.20044464
vt 0.09211639 0.20044464
vt 0.44685274 0.17132765
vt 0.44967148 0.17868692
vt 0.07965293 0.10305285
vt 0.08081090 0.10052359
vt 0.08714929 0.10183394
vt 0.19906142 0.30479944
vt 0.09124791 0.04445326
vt 0.42287049 0.39492339
vt 0.42632917 0.39378065
vt 0.09123267 0.04846048
vt 0.38613525 0.11963022
vt 0.38970059 0.11967587
vt 0.09124791 0.05236101
vt 0.08227361 0.13463813
vt 0.03788966 0.71563661
vt 0.07966816 0.13110328
vt 0.19278398 0.16991067
vt 0.21039739 0.14259160
vt 0.03465952 0.71882105
vt 0.04075413 0.71763259
vt 0.04377096 0.71322924
vt 0.40903571 0.02324402
vt 0.41104695 0.02283269
vt 0.41436851 0.02394491
vt 0.44528338 0.17821455
vt 0.44625852 0.17792505
vt 0.45026571 0.18398917
vt 0.32962304 0.07952768
vt 0.06982538 0.37872696
vt 0.08343158 0.10680103
vt 0.08460479 0.10427177
vt 0.09092794 0.10434800
vt 0.19682166 0.30885237
vt 0.08696645 0.04952705
vt 0.20194113 0.31054360
vt 0.08227361 0.12954915
vt 0.27225760 0.17053539
vt 0.19278398 0.17501491
vt 0.08059759 0.12651712
vt 0.20064603 0.31436795
vt 0.16645530 0.49699277
vt 0.34979618 0.23155755
vt 0.34716028 0.23522955
vt 0.16880172 0.49318361
vt 0.17250420 0.48821652
vt 0.16753709 0.11230141
vt 0.16407841 0.11178339
vt 0.21620250 0.33163095
vt 0.21743666 0.33163095
vt 0.21990497 0.33163095
vt 0.08676837 0.18549758
vt 0.08597608 0.49115717
vt 0.38444400 0.48143625
vt 0.08844439 0.49126381
vt 0.08823108 0.49618518
vt 0.09051656 0.50109136
vt 0.21406938 0.14960039
vt 0.03167317 0.72348344
vt 0.21566921 0.14545608
vt 0.21294188 0.14096129
vt 0.03632030 0.72116745
vt 0.04096744 0.71885151
vt 0.40982804 0.02933866
vt 0.41350001 0.02947581
vt 0.16177770 0.16052496
vt 0.44490245 0.18382162
vt 0.44758409 0.18391299
vt 0.16455074 0.16054022
vt 0.20681681 0.40514708
vt 0.24233311 0.31534314
vt 0.33209136 0.08077711
vt 0.33209136 0.07460630
vt 0.24233311 0.32162058
vt 0.40371817 0.01099390
vt 0.06982538 0.38404453
vt 0.07180613 0.38363314
vt 0.08969378 0.10806566
vt 0.09478278 0.10690773
vt 0.19529802 0.31368232
vt 0.19826913 0.31570882
vt 0.16887791 0.49813551
vt 0.17258038 0.49316835
vt 0.16375844 0.10728860
vt 0.17643522 0.49318361
vt 0.11369129 0.00601155
vt 0.32494545 0.00141013
vt 0.21621774 0.33656758
vt 0.21868604 0.33658278
vt 0.32738328 0.00240052
vt 0.08676837 0.18092668
vt 0.08516854 0.18165803
vt 0.32910502 0.00275093
vt 0.08576277 0.49607855
vt 0.08801777 0.50110662
vt 0.21502928 0.15209919
vt 0.13211222 0.25183737
vt 0.05548783 0.06576914
vt 0.21758902 0.15046889
vt 0.21664436 0.14899093
vt 0.05684388 0.06465685
vt 0.02801641 0.72424525
vt 0.40633887 0.03986710
vt 0.03331871 0.72569275
vt 0.03775254 0.72215784
vt 0.40827391 0.03410769
vt 0.16177770 0.16604060
vt 0.41158023 0.03523517
vt 0.39818734 0.01097864
vt 0.20681681 0.41137880
vt 0.23939246 0.32090443
vt 0.20942226 0.41122645
vt 0.40096039 0.01097864
vt 0.07738269 0.40167314
vt 0.40263638 0.01705801
vt 0.07180613 0.38893545
vt 0.40539420 0.01707327
vt 0.09478278 0.11062539
vt 0.10112116 0.10698390
vt 0.19494757 0.31992930
vt 0.19790345 0.31928939
vt 0.17265657 0.49812025
vt 0.17651141 0.49813551
vt 0.19826913 0.32366222
vt 0.11094871 0.01012540
vt 0.32585964 0.00575256
vt 0.11369129 0.01047587
vt 0.20064603 0.32497257
vt 0.21333803 0.15630448
vt 0.09097365 0.20241010
vt 0.21707098 0.16014409
vt 0.09097365 0.20792574
vt 0.08553422 0.50112188
vt 0.32910502 0.00747424
vt 0.09424950 0.20340049
vt 0.21598919 0.15461320
vt 0.21854892 0.15401900
vt 0.02481674 0.51299107
vt 0.13209699 0.25557029
vt 0.19746159 0.43830174
vt 0.39931482 0.04934418
vt 0.13462624 0.25691110
vt 0.02723935 0.72700304
vt 0.05684388 0.06732327
vt 0.13458054 0.25192875
vt 0.40265164 0.04507798
vt 0.40597320 0.04620546
vt 0.40799963 0.04041559
vt 0.39709032 0.01705801
vt 0.39986336 0.01705801
vt 0.40318492 0.02370113
vt 0.07579809 0.40767634
vt 0.40539420 0.02260411
vt 0.07847971 0.40717351
vt 0.09988701 0.11070162
vt 0.10621016 0.10706007
vt 0.07928725 0.41477656
vt 0.14110176 0.11906642
vt 0.35153314 0.21764666
vt 0.19494757 0.32523161
vt 0.20194113 0.32910168
vt 0.35153314 0.22438115
vt 0.44139805 0.49915636
vt 0.21440460 0.16081446
vt 0.21732999 0.16517210
vt 0.44040769 0.50328541
vt 0.21373418 0.16538543
vt 0.44278458 0.50651556
vt 0.21665959 0.16975832
vt 0.21306378 0.16997159
vt 0.43940207 0.50741452
vt 0.21515118 0.17382646
vt 0.44278458 0.51111698
vt 0.43940207 0.51201594
vt 0.42035645 0.22587436
vt 0.22289133 0.12410975
vt 0.41915277 0.22217190
vt 0.44019437 0.51603842
vt 0.16404794 0.01494014
vt 0.16790277 0.01571721
vt 0.43909734 0.51955801
vt 0.43566912 0.52022839
vt 0.12714513 0.38444066
vt 0.00668530 0.24508756
vt 0.01046395 0.24635220
vt 0.26841801 0.14851862
vt 0.20226109 0.10253483
vt 0.20599404 0.10253483
vt 0.20846236 0.10253483
vt 0.17725798 0.17137337
vt 0.17471349 0.17047441
vt 0.37044165 0.04219824
vt 0.37275761 0.04136026
vt 0.37390035 0.04088795
vt 0.41305816 0.21970356
vt 0.41424662 0.22465545
vt 0.37691718 0.04483420
vt 0.21541020 0.17883927
vt 0.15987313 0.24060804
vt 0.21691862 0.17477113
vt 0.16221955 0.24520946
vt 0.21841179 0.16968209
vt 0.16455074 0.24981087
vt 0.02481674 0.52295578
vt 0.21990497 0.16457790
vt 0.21964595 0.15954983
vt 0.02562428 0.51827812
vt 0.13209699 0.26178682
vt 0.02726982 0.51890284
vt 0.19746159 0.43307561
vt 0.19540466 0.43825603
vt 0.02909820 0.51402712
vt 0.39818734 0.03035951
vt 0.40062517 0.05086786
vt 0.40726829 0.04772913
vt 0.40042710 0.02368593
vt 0.40318492 0.02923203
vt 0.07415255 0.41267389
vt 0.07595046 0.41367954
vt 0.13770401 0.11748183
vt 0.07762647 0.41977412
vt 0.13881628 0.12360692
vt 0.34837919 0.22098345
vt 0.14157408 0.12357646
vt 0.43659857 0.49744982
vt 0.14210737 0.12804073
vt 0.04764103 0.51104081
vt 0.43560818 0.50157893
vt 0.04786958 0.51567268
vt 0.41586167 0.00198913
vt 0.43461782 0.50570804
vt 0.41554171 0.00643820
vt 0.43461782 0.51030946
vt 0.43483114 0.51597744
vt 0.41586167 0.01196903
vt 0.12714513 0.38058585
vt 0.00799564 0.25131929
vt 0.12540816 0.37954974
vt 0.16455074 0.16422743
vt 0.26596493 0.15319622
vt 0.26925603 0.15455228
vt 0.20472941 0.10872084
vt 0.20721295 0.10872084
vt 0.17835502 0.16532445
vt 0.17491157 0.16476071
vt 0.37396130 0.04739392
vt 0.37577444 0.04530650
vt 0.37996447 0.04888707
vt 0.17224517 0.15921462
vt 0.04637640 0.48617482
vt 0.21868604 0.17573100
vt 0.21923457 0.17018491
vt 0.04346623 0.48186290
vt 0.16063496 0.24595606
vt 0.16298138 0.25055748
vt 0.02644705 0.52356517
vt 0.02992097 0.51931423
vt 0.16378891 0.25579888
vt 0.17224517 0.14240879
vt 0.39818734 0.03590560
vt 0.40041187 0.02923203
vt 0.40371817 0.03590560
vt 0.35541847 0.38409024
vt 0.13643938 0.12261653
vt 0.07415255 0.41972840
vt 0.07750458 0.42483264
vt 0.13927338 0.12813216
vt 0.14091893 0.13312972
vt 0.04607167 0.51640403
vt 0.12714513 0.37574065
vt 0.41270772 0.00665152
vt 0.04701633 0.52167588
vt 0.16234145 0.16882885
vt 0.26596493 0.15855944
vt 0.16455074 0.17053539
vt 0.04421281 0.52280343
vt 0.20344955 0.11368793
vt 0.20593309 0.11368793
vt 0.04221683 0.52356517
vt 0.17843120 0.15967172
vt 0.37812084 0.05086786
vt 0.17498775 0.15910798
vt 0.17424116 0.15283054
vt 0.04637640 0.47989738
vt 0.15987313 0.25194401
vt 0.04346623 0.47558546
vt 0.17421068 0.14725399
vt 0.40096039 0.03589034
vt 0.17507917 0.14134222
vt 0.35752109 0.38594908
vt 0.13643938 0.12820834
vt 0.35752109 0.37887937
vt 0.17946728 0.14716256
vt 0.04261298 0.51126933
vt 0.17951299 0.15275437
vt 0.04255204 0.51690686
vt 0.04054082 0.51766872
vt 0.17769985 0.15340954
vt 0.04067795 0.51104081
vt 0.17683136 0.14720827
vt 0.39491150 0.04919183
vt 0.39372304 0.09375858
vt 0.39005104 0.04920703
vt 0.38881689 0.09377384
vt 0.45460811 0.48913074
vt 0.38886258 0.09872568
vt 0.39372304 0.09871048
vt 0.45460811 0.48387414
vt 0.45924002 0.48916119
vt 0.45924002 0.48388934
vt 0.33807930 0.50860298
vt 0.24083993 0.29917717
vt 0.03958092 0.34814733
vt 0.31635207 0.54002064
vt 0.08078043 0.41137880
vt 0.17501822 0.03878528
vt 0.09613883 0.04187828
vt 0.33807930 0.49623090
vt 0.07954627 0.40089607
vt 0.17500299 0.03755111
vt 0.08078043 0.40074372
vt 0.31994787 0.52810574
vt 0.11500163 0.12669992
vt 0.15257485 0.07539862
vt 0.22092582 0.02466106
vt 0.22712708 0.23408681
vt 0.42869082 0.00227863
vt 0.18249935 0.23289835
vt 0.20194113 0.07779074
vt 0.29319257 0.23522955
vt 0.11274662 0.11498308
vt 0.14981703 0.07539862
vt 0.18071668 0.23486388
vt 0.18071668 0.23046052
vt 0.43141815 0.00148630
vt 0.10322380 0.44150138
vt 0.20194113 0.07317406
vt 0.19954900 0.07693750
vt 0.10322380 0.44611806
vt 0.29070902 0.23428488
vt 0.18531810 0.43568105
vt 0.10977550 0.11486119
vt 0.29040429 0.23628086
vt 0.10290384 0.44814450
vt 0.08525997 0.12459731
vt 0.11155818 0.11667430
vt 0.29288784 0.23721033
vt 0.11017165 0.12010252
vt 0.29319257 0.24083662
vt 0.18661320 0.43997777
vt 0.10776428 0.11902076
vt 0.10093833 0.44876921
vt 0.30666164 0.34180892
vt 0.08350776 0.12561816
vt 0.08525997 0.12865019
vt 0.30640262 0.34529811
vt 0.18391635 0.43938351
vt 0.18524192 0.44363451
vt 0.18699412 0.44345164
vt 0.04337481 0.02097380
vt 0.10736813 0.12249464
vt 0.10997358 0.12182426
vt 0.04337481 0.02542287
vt 0.08376679 0.21958166
vt 0.11058304 0.12532866
vt 0.17250420 0.03634745
vt 0.11277709 0.12813216
vt 0.32197434 0.52831900
vt 0.11419409 0.12493247
vt 0.32461023 0.52767909
vt 0.12639853 0.46513319
vt 0.11299040 0.12215942
vt 0.12815073 0.46501130
vt 0.11318848 0.12043774
vt 0.13083236 0.46568173
vt 0.15958364 0.00119680
vt 0.11399601 0.11796939
vt 0.11518446 0.11627817
vt 0.16156438 0.00086164
vt 0.16410889 0.17353696
vt 0.14983228 0.07818687
vt 0.15204157 0.07928389
vt 0.16604392 0.17283607
vt 0.08923669 0.12322599
vt 0.22092582 0.02842444
vt 0.22289133 0.02776927
vt 0.09124791 0.12318027
vt 0.05603634 0.52903509
vt 0.22712708 0.23759121
vt 0.22887927 0.23583901
vt 0.48596483 0.00073975
vt 0.42943740 0.00494498
vt 0.43214950 0.00415272
vt 0.43336841 0.00439650
vt 0.06133865 0.19951522
vt 0.07189754 0.42666101
vt 0.10208107 0.43819505
vt 0.07459441 0.42903793
vt 0.10125829 0.44211084
vt 0.10067931 0.44509721
vt 0.07628566 0.43118626
vt 0.30431521 0.33897495
vt 0.30431521 0.35303825
vt 0.07485343 0.44517338
vt 0.14958850 0.05717576
vt 0.18391635 0.44727600
vt 0.04200352 0.02336591
vt 0.18643036 0.44613332
vt 0.15213299 0.05649012
vt 0.08225837 0.21828657
vt 0.08225837 0.22288799
vt 0.15257485 0.06150293
vt 0.11117726 0.12883306
vt 0.15202634 0.06506824
vt 0.17418021 0.27080679
vt 0.31578830 0.11179864
vt 0.11338656 0.13163656
vt 0.17250420 0.03889197
vt 0.11518446 0.12921393
vt 0.31752527 0.11397743
vt 0.09872904 0.04187828
vt 0.33562624 0.49726701
vt 0.09639785 0.03927284
vt 0.31862229 0.11729902
vt 0.24083993 0.28954768
vt 0.31807378 0.11839604
vt 0.06133865 0.37779754
vt 0.23963624 0.28922772
vt 0.23844780 0.29855251
vt 0.05871797 0.38893545
vt 0.04188163 0.19297874
vt 0.03997707 0.35058516
vt 0.04038845 0.34549618
vt 0.12117241 0.34133661
vt 0.01236852 0.21153682
vt 0.31895751 0.53953308
vt 0.01346554 0.21016550
vt 0.28339550 0.03866339
vt 0.32057256 0.53886271
vt 0.28530005 0.03831297
vt 0.32259902 0.53907597
vt 0.32461023 0.53928930
vt 0.28721985 0.03796250
vt 0.16962449 0.14597410
vt 0.12639853 0.47651488
vt 0.17203186 0.14670545
vt 0.04689444 0.14219546
vt 0.12908016 0.47720051
vt 0.13163988 0.47611874
vt 0.04936275 0.14219546
vt 0.27201381 0.41882944
vt 0.15958364 0.01196903
vt 0.16604392 0.18398917
vt 0.16156438 0.01163381
vt 0.27384222 0.41978937
vt 0.08564088 0.13405919
vt 0.27576199 0.42175490
vt 0.08867294 0.13392204
vt 0.09124791 0.13463813
vt 0.27673715 0.42425364
vt 0.11440740 0.07986289
vt 0.05603634 0.54050821
vt 0.11518446 0.08220935
vt 0.05807804 0.54029489
vt 0.22887927 0.23934340
vt 0.05807804 0.52882183
vt 0.48596483 0.00424415
vt 0.02243985 0.05754143
vt 0.48803702 0.00244623
vt 0.48954543 0.00157773
vt 0.43144864 0.00779426
vt 0.43381029 0.00834274
vt 0.22737086 0.14510560
vt 0.05760570 0.19788492
vt 0.07189754 0.44727600
vt 0.05760570 0.21990162
vt 0.22380552 0.16604060
vt 0.21091543 0.46874428
vt 0.15079218 0.06061918
vt 0.20742626 0.46971941
vt 0.15022843 0.06418455
vt 0.20392187 0.46862239
vt 0.14958850 0.06782609
vt 0.15138640 0.06870979
vt 0.17418021 0.27470738
vt 0.17651141 0.27394551
vt 0.42632917 0.20073414
vt 0.31531596 0.11562300
vt 0.42632917 0.20341575
vt 0.31531596 0.11839604
vt 0.42632917 0.20609736
vt 0.11120773 0.45001858
vt 0.15585069 0.09573936
vt 0.07180613 0.25281250
vt 0.31531596 0.12116909
vt 0.05871797 0.37766045
vt 0.31807378 0.12116909
vt 0.07034342 0.25055748
vt 0.16455074 0.12382025
vt 0.04188163 0.18304455
vt 0.04038845 0.35303825
vt 0.03958092 0.19204932
vt 0.16455074 0.13440961
vt 0.11931355 0.34858918
vt 0.01346554 0.22139484
vt 0.12117241 0.35154504
vt 0.16086350 0.13463813
vt 0.28095764 0.04896325
vt 0.15883705 0.13428771
vt 0.28421825 0.16488260
vt 0.28231370 0.05053264
vt 0.28251177 0.16526353
vt 0.28394401 0.05114210
vt 0.04692491 0.15706629
vt 0.16962449 0.16156107
vt 0.28721985 0.05236101
vt 0.27909881 0.16604060
vt 0.17501822 0.25534177
vt 0.27201381 0.43231380
vt 0.17306794 0.25579888
vt 0.36948174 0.50710976
vt 0.06432500 0.54122436
vt 0.27365938 0.43129295
vt 0.06234426 0.54151380
vt 0.27532014 0.43028730
vt 0.11440740 0.08376348
vt 0.27606672 0.42775804
vt 0.05970834 0.54096532
vt 0.48596483 0.00598109
vt 0.05970834 0.52949220
vt 0.01966680 0.06028402
vt 0.02243985 0.06029922
vt 0.06319750 0.06349891
vt 0.48858553 0.00502121
vt 0.49065769 0.00497550
vt 0.06516301 0.06310272
vt 0.43067157 0.01149672
vt 0.22380552 0.14431334
vt 0.43189049 0.01174051
vt 0.06133865 0.06351411
vt 0.21091543 0.44622469
vt 0.06120152 0.06814605
vt 0.20654255 0.44665134
vt 0.20128596 0.46699208
vt 0.32787085 0.47270578
vt 0.14975609 0.07091910
vt 0.17535342 0.27824223
vt 0.15155400 0.07180279
vt 0.32596630 0.47189820
vt 0.42279428 0.20314151
vt 0.42442459 0.20643258
vt 0.32648432 0.46828717
vt 0.11219811 0.45175558
vt 0.32596630 0.46426475
vt 0.42238289 0.38294750
vt 0.07677323 0.11818272
vt 0.11518446 0.45001858
vt 0.11318848 0.44826639
vt 0.15856279 0.09573936
vt 0.07180613 0.24915576
vt 0.15755719 0.09238732
vt 0.11015642 0.44651419
vt 0.16252428 0.12348503
vt 0.11116202 0.44476199
vt 0.16049783 0.12313461
vt 0.27909881 0.15433896
vt 0.15847138 0.12279940
vt 0.11215240 0.44300979
vt 0.17501822 0.24364012
vt 0.17306794 0.24409723
vt 0.11116202 0.44125760
vt 0.36948174 0.49540818
vt 0.36777526 0.49578905
vt 0.11116202 0.43950540
vt 0.06432500 0.52975124
vt 0.06234426 0.53004074
vt 0.11015642 0.43775320
vt 0.01966680 0.06305707
vt 0.02243985 0.06305707
vt 0.06319750 0.06616527
vt 0.42869082 0.01495540
vt 0.06581818 0.06650048
vt 0.07578286 0.10256529
vt 0.05949503 0.06776512
vt 0.06133865 0.07180279
vt 0.42411986 0.36967647
vt 0.20303816 0.44762647
vt 0.32910502 0.46846998
vt 0.19866528 0.46342671
vt 0.05983023 0.42035311
vt 0.05862655 0.41605639
vt 0.42411986 0.38282561
vt 0.32770327 0.46406668
vt 0.05983023 0.41358811
vt 0.19778156 0.45670742
vt 0.42483598 0.38015920
vt 0.42308378 0.38028109
vt 0.07829688 0.11556202
vt 0.07578286 0.11476976
vt 0.11419409 0.44651419
vt 0.07677323 0.11120439
vt 0.11518446 0.44300979
vt 0.07677323 0.10946745
vt 0.11518446 0.44125760
vt 0.06319750 0.06881642
vt 0.02243985 0.06581485
vt 0.11419409 0.43775320
vt 0.07578286 0.10605448
vt 0.05963216 0.07142186
vt 0.07829688 0.10510981
vt 0.42238289 0.36979836
vt 0.42437890 0.37318087
vt 0.20041747 0.45011002
vt 0.19866528 0.45312685
vt 0.42462268 0.37667006
vt 0.42287049 0.37679195
vt 0.07928725 0.11199671
vt 0.07928725 0.10852277
vt 0.42262667 0.37330276
vt 0.08975473 0.33812171
vt 0.42053929 0.95227480
vt 0.50597036 0.96092916
vt 0.41930512 0.96092916
vt 0.08975473 0.34545046
vt 0.33626616 0.48748517
vt 0.08801777 0.34555709
vt 0.58638865 0.64189196
vt 0.33541292 0.48902404
vt 0.41930512 0.96336699
vt 0.33807930 0.48946589
vt 0.18998048 0.14227164
vt 0.75013542 0.80038208
vt 0.06013496 0.25110602
vt 0.05519833 0.25160879
vt 0.70182043 0.79890412
vt 0.06051588 0.29945141
vt 0.05557925 0.29990852
vt 0.11172578 0.14131176
vt 0.05762094 0.36798525
vt 0.51608741 0.50995898
vt 0.60477912 0.67611313
vt 0.33072007 0.55048811
vt 0.62958413 0.67576265
vt 0.60723221 0.68511790
vt 0.50693029 0.51268637
vt 0.50610751 0.53284425
vt 0.33803362 0.54550576
vt 0.63077259 0.68365514
vt 0.65711653 0.00198913
vt 0.95438075 0.48785084
vt 0.49638662 0.50558615
vt 0.94671679 0.48961830
vt 0.49608189 0.51326537
vt 0.49608189 0.53403270
vt 0.92294782 0.49065435
vt 0.34405202 0.53712571
vt 0.33366072 0.54049301
vt 0.91820931 0.48855174
vt 0.33920681 0.53308803
vt 0.34007528 0.51308250
vt 0.91034728 0.46900326
vt 0.90396315 0.47055739
vt 0.33446828 0.51070559
vt 0.25453755 0.99926418
vt 0.32780990 0.51035517
vt 0.32738328 0.54538393
vt 0.21973737 0.99810618
vt 0.63575494 0.67466569
vt 0.21973737 0.97738457
vt 0.63328665 0.65126240
vt 0.62586647 0.65112525
vt 0.59984249 0.65135384
vt 0.18839587 0.42361373
vt 0.46524319 0.51900947
vt 0.60477912 0.45074993
vt 0.45559850 0.51815629
vt 0.64960492 0.24959761
vt 0.46455756 0.51172644
vt 0.59731323 0.45113087
vt 0.45561373 0.51005042
vt 0.64576530 0.24216217
vt 0.21856415 0.05266577
vt 0.22139814 0.07478917
vt 0.59984249 0.47525024
vt 0.21426746 0.07478917
vt 0.64439404 0.21737236
vt 0.59362602 0.47563118
vt 0.59737420 0.51835430
vt 0.64425689 0.17402452
vt 0.58990830 0.51872003
vt 0.59612477 0.56391144
vt 0.64421117 0.12820834
vt 0.58865893 0.56429243
vt 0.64425689 0.08364159
vt 0.58990830 0.60863066
vt 0.59737420 0.60824972
vt 0.64439404 0.04032415
vt 0.59362602 0.65173471
vt 0.59731323 0.67649400
vt 0.64576530 0.01558012
vt 0.51467043 0.50203604
vt 0.50622940 0.50541854
vt 0.64960492 0.00817513
vt 0.68067217 0.01189286
vt 0.68323189 0.00448793
vt 0.95349705 0.46147645
vt 0.94622922 0.45957190
vt 0.93146503 0.45786542
vt 0.90115964 0.45041472
vt 0.89395279 0.44805306
vt 0.33302081 0.48742419
vt 0.32738328 0.48696715
vt 0.57741433 0.75584579
vt 0.27824557 0.99522650
vt 0.55011052 0.77787775
vt 0.25237396 0.97273743
vt 0.50924623 0.77783203
vt 0.25366908 0.93752587
vt 0.22121531 0.94010085
vt 0.63080305 0.60815829
vt 0.62339813 0.60802114
vt 0.62339813 0.56368291
vt 0.62339813 0.51812577
vt 0.62586647 0.47502172
vt 0.62958413 0.45039952
vt 0.57709438 0.89305049
vt 0.45995614 0.54002064
vt 0.18839587 0.44727600
vt 0.46889997 0.53899980
vt 0.56976563 0.88805294
vt 0.21755855 0.18325782
vt 0.56373197 0.87967283
vt 0.31004414 0.97084808
vt 0.22737086 0.18398917
vt 0.19746159 0.42635632
vt 0.22737086 0.16305423
vt 0.28625995 0.96967489
vt 0.47569543 0.51757729
vt 0.47406512 0.51005042
vt 0.27861124 0.96802932
vt 0.65711653 0.25579888
vt 0.68067217 0.24589515
vt 0.67934656 0.23474199
vt 0.67802101 0.21615344
vt 0.67788386 0.17280561
vt 0.67788386 0.12823880
vt 0.67788386 0.08490622
vt 0.67802101 0.04158878
vt 0.67934656 0.02303076
vt 0.16109206 0.47747481
vt 0.69676191 0.02428013
vt 0.16221955 0.48746991
vt 0.69804180 0.01437640
vt 0.70306981 0.00572205
vt 0.16455074 0.49662709
vt 0.55161893 0.78764433
vt 0.95438075 0.44162327
vt 0.55291408 0.77880716
vt 0.94615304 0.43712848
vt 0.55078095 0.76724267
vt 0.03889528 0.29320449
vt 0.76889151 0.05319899
vt 0.93411618 0.43324322
vt 0.74900788 0.08397675
vt 0.89669538 0.42242527
vt 0.89057028 0.42154157
vt 0.74720997 0.09002566
vt 0.22887927 0.76027960
vt 0.33800313 0.46475232
vt 0.33163428 0.46178120
vt 0.22296751 0.75639427
vt 0.57497650 0.72749060
vt 0.27606672 0.96773982
vt 0.54768795 0.75575435
vt 0.50805777 0.75572383
vt 0.46714777 0.77781677
vt 0.08373632 0.00078547
vt 0.25593930 0.90181148
vt 0.22455211 0.90283233
vt 0.11518446 0.00078547
vt 0.19895478 0.05236101
vt 0.63080305 0.56382006
vt 0.17480491 0.02245176
vt 0.71970809 0.73427087
vt 0.63080305 0.51826292
vt 0.72395909 0.77128035
vt 0.63328665 0.47515881
vt 0.63575494 0.45175558
vt 0.72551322 0.79191053
vt 0.58041596 0.88793105
vt 0.57412326 0.88304013
vt 0.31485888 0.96911114
vt 0.56857717 0.87563515
vt 0.56772393 0.85567534
vt 0.32270569 0.94959319
vt 0.30152693 0.93816578
vt 0.28674752 0.93976563
vt 0.27951017 0.94180733
vt 0.68323189 0.25333053
vt 0.75991726 0.24633700
vt 0.16455074 0.25965369
vt 0.69804180 0.24342680
vt 0.16322516 0.26935935
vt 0.69676191 0.23350781
vt 0.16058925 0.28645468
vt 0.69543636 0.21616870
vt 0.15642968 0.32951307
vt 0.69529921 0.17282081
vt 0.15597259 0.37383604
vt 0.69529921 0.12825406
vt 0.15553074 0.41694015
vt 0.69529921 0.08492142
vt 0.69543636 0.04160404
vt 0.15880658 0.46007466
vt 0.54192853 0.63302428
vt 0.13386442 0.47925746
vt 0.53368556 0.64017022
vt 0.13621084 0.49060863
vt 0.13732311 0.49962866
vt 0.52576262 0.64472592
vt 0.55806398 0.81228179
vt 0.51791579 0.64576197
vt 0.52955651 0.49962866
vt 0.56545371 0.80964589
vt 0.48369461 0.49461585
vt 0.55396539 0.76896441
vt 0.55312735 0.76605421
vt 0.03824010 0.29058379
vt 0.03554324 0.29081231
vt 0.76477766 0.05306190
vt 0.74372083 0.08728307
vt 0.74041450 0.09241778
vt 0.74186200 0.09861904
vt 0.22584721 0.75154907
vt 0.74419314 0.11185956
vt 0.21373418 0.74498212
vt 0.21077830 0.75229561
vt 0.20605499 0.74595726
vt 0.19313443 0.76040149
vt 0.54523486 0.72864860
vt 0.15486032 0.76291549
vt 0.50683886 0.72860289
vt 0.46719348 0.75570863
vt 0.42509499 0.75572383
vt 0.19895478 0.00127304
vt 0.08713406 0.03739876
vt 0.42381513 0.77783203
vt 0.68713242 0.73427087
vt 0.38296607 0.77787775
vt 0.69104820 0.76922339
vt 0.69088060 0.79582632
vt 0.57998931 0.85293275
vt 0.57331574 0.85326797
vt 0.32915074 0.95140630
vt 0.33193901 0.93117225
vt 0.90400887 0.03288877
vt 0.10621016 0.10471368
vt 0.75146097 0.22261375
vt 0.29886055 0.91355884
vt 0.74934310 0.23420870
vt 0.28682372 0.91735274
vt 0.70306981 0.25209635
vt 0.27861124 0.92198461
vt 0.75063819 0.24306113
vt 0.74422365 0.26775950
vt 0.35333106 0.35946804
vt 0.13989808 0.24719024
vt 0.35453475 0.36871660
vt 0.13861822 0.25541794
vt 0.35391006 0.37990022
vt 0.13605848 0.26620537
vt 0.35323963 0.39527380
vt 0.13465671 0.28331596
vt 0.34901914 0.43354791
vt 0.13048191 0.32759327
vt 0.34758690 0.47159350
vt 0.13000958 0.37316567
vt 0.34620038 0.50860298
vt 0.57890755 0.59747750
vt 0.12956773 0.41748863
vt 0.13282834 0.46187258
vt 0.55300546 0.62341005
vt 0.02932675 0.57002133
vt 0.53848511 0.62906277
vt 0.01820410 0.56869578
vt 0.53121728 0.63651347
vt 0.01200284 0.56497800
vt 0.52460462 0.63878369
vt 0.00706621 0.55874634
vt 0.51692545 0.64082539
vt 0.51070893 0.64623433
vt 0.52823091 0.49248272
vt 0.48363367 0.48867363
vt 0.55932862 0.76588660
vt 0.55681461 0.76346397
vt 0.00112397 0.20643258
vt 0.03770683 0.28590620
vt 0.03421767 0.28557098
vt 0.64055443 0.45026237
vt 0.75987154 0.05118781
vt 0.59600288 0.44465536
vt 0.73863184 0.08713073
vt 0.58981687 0.44319266
vt 0.10320856 0.14013851
vt 0.43341413 0.55048811
vt 0.73585880 0.09316438
vt 0.42724335 0.55013764
vt 0.73672730 0.10021889
vt 0.41613594 0.54946727
vt 0.73910415 0.11170721
vt 0.74399507 0.11886835
vt 0.20896515 0.73987794
vt 0.20125549 0.74208719
vt 0.19148889 0.73929894
vt 0.16570872 0.73600781
vt 0.13630226 0.73137593
vt 0.12176663 0.72348344
vt 0.11542825 0.76291549
vt 0.46722394 0.72857237
vt 0.07485343 0.76040149
vt 0.42637488 0.72860289
vt 0.03680787 0.75548005
vt 0.38800934 0.72864860
vt 0.38549533 0.75575435
vt 0.66697454 0.76611519
vt 0.66688311 0.79366279
vt 0.35579938 0.75584579
vt 0.58041596 0.82960570
vt 0.57477844 0.83004755
vt 0.35083228 0.75458109
vt 0.33920681 0.92917627
vt 0.33638805 0.90331990
vt 0.92407537 0.06363600
vt 0.90813798 0.03273642
vt 0.16455074 0.33208805
vt 0.29646841 0.43979490
vt 0.13014671 0.14659882
vt 0.10621016 0.10070646
vt 0.10445796 0.10274816
vt 0.12792218 0.14550179
vt 0.74911457 0.22142529
vt 0.58027881 0.55316973
vt 0.74827653 0.22435069
vt 0.73683393 0.26513880
vt 0.53443217 0.55796921
vt 0.34946099 0.35262686
vt 0.26581258 0.55874634
vt 0.34495097 0.35486662
vt 0.26086071 0.56497800
vt 0.34787640 0.36211920
vt 0.25467467 0.56869578
vt 0.35010090 0.36889946
vt 0.34866869 0.37954974
vt 0.24352156 0.57002133
vt 0.31047076 0.38494349
vt 0.23980385 0.55022907
vt 0.22618242 0.57130122
vt 0.34799829 0.39490813
vt 0.18158516 0.57143831
vt 0.34379300 0.43318224
vt 0.13578422 0.57143831
vt 0.34236076 0.47122782
vt 0.34095901 0.50825250
vt 0.09121744 0.57143831
vt 0.57546407 0.59351599
vt 0.54956204 0.61944854
vt 0.04665066 0.57130122
vt 0.31456938 0.20410138
vt 0.76101428 0.40837723
vt 0.03304445 0.55022907
vt 0.75766224 0.40214550
vt 0.02562428 0.54769981
vt 0.00581682 0.55256033
vt 0.51127267 0.63994169
vt 0.50086617 0.64320230
vt 0.52809381 0.48015642
vt 0.56545371 0.75948727
vt 0.48227760 0.47893751
vt 0.00458266 0.19642216
vt 0.00211435 0.19649839
vt 0.03743257 0.27711475
vt 0.03394341 0.27679473
vt 0.64053923 0.44052625
vt 0.59598768 0.43860644
vt 0.58981687 0.43825603
vt 0.10311715 0.14437425
vt 0.10919651 0.14507514
vt 0.42881271 0.54527724
vt 0.41647115 0.54454589
vt 0.47639632 0.50683552
vt 0.73465508 0.11248428
vt 0.47022554 0.50710976
vt 0.73393899 0.11857885
vt 0.73834234 0.11955398
vt 0.74382746 0.12410975
vt 0.20539981 0.73603833
vt 0.74678338 0.13476002
vt 0.19444478 0.73198539
vt 0.75648904 0.15534455
vt 0.16867983 0.72869432
vt 0.76718503 0.17947918
vt 0.13925815 0.72406244
vt 0.76889151 0.19532514
vt 0.12598714 0.71496618
vt 0.76811445 0.20317197
vt 0.12126382 0.70862782
vt 0.11711950 0.71466148
vt 0.11068969 0.72313297
vt 0.09568173 0.73009610
vt 0.06601626 0.73288435
vt 0.04008372 0.73454511
vt 0.03014952 0.73670870
vt 0.02510624 0.74027407
vt 0.01998677 0.74629247
vt 0.00755378 0.74962926
vt 0.35831338 0.72749060
vt 0.34255886 0.90266472
vt 0.35209689 0.72867906
vt 0.00115445 0.75313365
vt 0.92590374 0.06968492
vt 0.92939287 0.06694233
vt 0.16455074 0.28951722
vt 0.15962934 0.33138716
vt 0.91304410 0.03084707
vt 0.59985775 0.72573841
vt 0.29768732 0.43466020
vt 0.13014671 0.14106798
vt 0.29419819 0.43504113
vt 0.34106568 0.34705031
vt 0.74544257 0.21885031
vt 0.74292850 0.22127295
vt 0.58027881 0.54696846
vt 0.53566635 0.55051863
vt 0.35453475 0.48180193
vt 0.34565187 0.34688270
vt 0.34095901 0.35111845
vt 0.34911054 0.48466641
vt 0.53074491 0.54931492
vt 0.26706195 0.55256033
vt 0.24723926 0.54769981
vt 0.31292385 0.39193702
vt 0.88258636 0.56545037
vt 0.79764283 0.21242052
vt 0.31653491 0.38770127
vt 0.79656100 0.19518805
vt 0.31426466 0.37203819
vt 0.30900806 0.37190104
vt 0.22493301 0.55150896
vt 0.30810910 0.33371836
vt 0.18035100 0.55160040
vt 0.30810910 0.29513949
vt 0.13578422 0.55164611
vt 0.30986130 0.25683492
vt 0.09245159 0.55160040
vt 0.04790005 0.55150896
vt 0.31252769 0.21705240
vt 0.79656100 0.01826173
vt 0.31776905 0.21718955
vt 0.32162389 0.20212066
vt 0.79887700 0.00083113
vt 0.76401585 0.40176457
vt 0.83471322 0.00323850
vt 0.00668530 0.92913055
vt 0.79282808 0.39352161
vt 0.90356702 0.72252351
vt 0.76282740 0.39382637
vt 0.75766224 0.39285123
vt 0.02190657 0.53899980
vt 0.00458266 0.54139197
vt 0.50184131 0.63887513
vt 0.42504930 0.62339485
vt 0.52585399 0.38806695
vt 0.48005307 0.38808221
vt 0.00598442 0.10475934
vt 0.03889528 0.19978946
vt 0.00351611 0.10485077
vt 0.11169530 0.32610011
vt 0.64174289 0.34941196
vt 0.63925934 0.34953386
vt 0.59347361 0.34884816
vt 0.58730286 0.34849775
vt 0.10162397 0.21968836
vt 0.10770334 0.22038919
vt 0.43731469 0.45532089
vt 0.42498836 0.45458955
vt 0.26611730 0.09275299
vt 0.47712767 0.43150622
vt 0.47013411 0.43129295
vt 0.72402000 0.62109411
vt 0.46314055 0.43109488
vt 0.46323198 0.50689650
vt 0.72277063 0.71143132
vt 0.73372567 0.12558764
vt 0.72153646 0.71635270
vt 0.73869276 0.12570953
vt 0.71164799 0.71641368
vt 0.74113059 0.13546091
vt 0.68565452 0.71647465
vt 0.75027251 0.15689868
vt 0.65472442 0.71653557
vt 0.76148659 0.18193227
vt 0.76319307 0.19777822
vt 0.47415656 0.57453132
vt 0.76189798 0.20472610
vt 0.76854110 0.20757532
vt 0.90400887 0.18813354
vt 0.11765277 0.70603764
vt 0.90493828 0.18284643
vt 0.11265520 0.70835352
vt 0.90414602 0.17498440
vt 0.10753573 0.71438718
vt 0.90585250 0.15913844
vt 0.09370099 0.72263014
vt 0.91660947 0.13500381
vt 0.06405075 0.72541845
vt 0.92637604 0.11441928
vt 0.03811821 0.72707927
vt 0.92933196 0.10376900
vt 0.02691938 0.73043126
vt 0.92916435 0.09851241
vt 0.02311025 0.73404229
vt 0.92895103 0.09151882
vt 0.01802126 0.73882657
vt 0.00551209 0.74463165
vt 0.93126696 0.07826310
vt 0.93271446 0.07207704
vt 0.93448186 0.06677473
vt 0.59496683 0.68112594
vt 0.58993876 0.72573841
vt 0.72849953 0.28101528
vt 0.29768732 0.42631060
vt 0.29419819 0.42667627
vt 0.72501040 0.28122860
vt 0.34007528 0.33711606
vt 0.73683393 0.21490407
vt 0.33760700 0.33703989
vt 0.58152819 0.53704953
vt 0.34911054 0.47317809
vt 0.53569680 0.53814656
vt 0.53199434 0.53816175
vt 0.11667764 0.34705031
vt 0.26829612 0.54139197
vt 0.25095698 0.53899980
vt 0.24242453 0.45774353
vt 0.09872904 0.23036909
vt 0.31976503 0.39790976
vt 0.32162389 0.39385682
vt 0.09504180 0.23007965
vt 0.88156551 0.55879200
vt 0.21344469 0.92902386
vt 0.83471322 0.20986080
vt 0.84543973 0.56455141
vt 0.84446460 0.55665886
vt 0.21839656 0.92155802
vt 0.19610555 0.93036473
vt 0.83232111 0.19258261
vt 0.79407746 0.15065169
vt 0.31336570 0.33385545
vt 0.79284334 0.10611540
vt 0.31336570 0.29527664
vt 0.31510267 0.25697207
vt 0.79407746 0.06279802
vt 0.83232111 0.02060813
vt 0.02400921 0.93045610
vt 0.79185295 0.38459301
vt 0.00173343 0.92166466
vt 0.93943375 0.72067988
vt 0.90336895 0.63335949
vt 0.77896285 0.32219952
vt 0.77379769 0.32122439
vt 0.58712000 0.91698706
vt 0.02314073 0.44986624
vt 0.00209911 0.44858634
vt 0.42658818 0.61740685
vt 0.52853566 0.29129988
vt 0.35148743 0.59351599
vt 0.00456742 0.35203260
vt 0.78609353 0.37397319
vt 0.01073821 0.25928801
vt 0.73000795 0.50263023
vt 0.11667764 0.37369895
vt 0.79133493 0.29888767
vt 0.78609353 0.29870486
vt 0.11145151 0.37397319
vt 0.52506173 0.19864672
vt 0.52481794 0.29157418
vt 0.00112397 0.01078057
vt 0.47903225 0.29417962
vt 0.19170220 0.32610011
vt 0.11518446 0.24540752
vt 0.11169530 0.24523997
vt 0.63875651 0.69110584
vt 0.64047825 0.25549412
vt 0.63799471 0.25561601
vt 0.59220898 0.25750536
vt 0.58602297 0.25715488
vt 0.10170016 0.29795825
vt 0.10777952 0.29865915
vt 0.44220561 0.36384094
vt 0.42986402 0.36309433
vt 0.47718862 0.35282493
vt 0.27225760 0.00162345
vt 0.26611730 0.00086164
vt 0.47011888 0.35352582
vt 0.46403950 0.35288584
vt 0.72400481 0.52949220
vt 0.71536571 0.62112457
vt 0.71288216 0.71146178
vt 0.68690389 0.71153796
vt 0.65595853 0.71159893
vt 0.75651950 0.18179512
vt 0.64238280 0.71173608
vt 0.39414966 0.48247236
vt 0.75822598 0.19764107
vt 0.75647378 0.20547265
vt 0.38625714 0.48164958
vt 0.46798578 0.57453132
vt 0.76334542 0.21092731
vt 0.47420228 0.58071733
vt 0.90920454 0.19147032
vt 0.47417179 0.58815277
vt 0.91118526 0.18438536
vt 0.90985972 0.17742229
vt 0.00092590 0.65923107
vt 0.91156620 0.16157627
vt 0.00098685 0.62827051
vt 0.92284119 0.13654274
vt 0.00103256 0.60224652
vt 0.93204403 0.11510497
vt 0.00109350 0.59232759
vt 0.93446666 0.10535359
vt 0.93483233 0.09919804
vt 0.06432500 0.52585065
vt 0.93402481 0.09135121
vt 0.05317188 0.52630782
vt 0.93641692 0.07984769
vt 0.93728542 0.07280838
vt 0.04697062 0.52655160
vt 0.32908976 0.46074510
vt 0.59374791 0.67492467
vt 0.58876556 0.68114114
vt 0.49836737 0.67868805
vt 0.49830642 0.72453475
vt 0.72501040 0.20667636
vt 0.49832165 0.72700304
vt 0.24832106 0.16454738
vt 0.33868876 0.24546850
vt 0.33620521 0.24537706
vt 0.58296043 0.44540191
vt 0.53711379 0.44526482
vt 0.12415876 0.27097440
vt 0.53365511 0.34874153
vt 0.06600102 0.49365598
vt 0.26826563 0.35203260
vt 0.11667764 0.19060183
vt 0.11804892 0.27156866
vt 0.27076444 0.44858634
vt 0.24970758 0.44986624
vt 0.24382629 0.38355696
vt 0.09872904 0.14097655
vt 0.23860016 0.38317603
vt 0.88177884 0.47011554
vt 0.84588158 0.46914041
vt 0.21835084 0.83365858
vt 0.83108693 0.10597831
vt 0.10944030 0.93045610
vt 0.00292188 0.83378047
vt 0.93925089 0.63276529
vt 0.00287617 0.76692271
vt 0.22261707 0.90053165
vt 0.93943375 0.56590748
vt 0.59088343 0.84877324
vt 0.79170060 0.26754618
vt 0.90352130 0.56525230
vt 0.22129150 0.86461920
vt 0.06731136 0.47569209
vt 0.74306566 0.01820076
vt 0.06139959 0.42273003
vt 0.23840208 0.81619757
vt 0.06583342 0.42276049
vt 0.76884580 0.00902838
vt 0.06155196 0.45178604
vt 0.22929066 0.84351659
vt 0.06683902 0.45228881
vt 0.58712000 0.84514689
vt 0.06266423 0.47256863
vt 0.78723627 0.00162345
vt 0.02560904 0.37805659
vt 0.78984171 0.04853666
vt 0.02684320 0.33100623
vt 0.78959793 0.12546575
vt 0.03176459 0.25438184
vt 0.76930290 0.41863137
vt 0.07933296 0.00128824
vt 0.70157665 0.29827821
vt 0.74717951 0.41434991
vt 0.70133287 0.32012737
vt 0.69836175 0.29964954
vt 0.17997009 0.07262558
vt 0.18288025 0.10322046
vt 0.69467449 0.27298564
vt 0.18390110 0.07247323
vt 0.83920801 0.40638125
vt 0.16456598 0.42539638
vt 0.52766716 0.39344543
vt 0.30513799 0.53445935
vt 0.83261061 0.40475094
vt 0.30340102 0.54151380
vt 0.30003375 0.53445935
vt 0.53275615 0.39367402
vt 0.21644628 0.49207133
vt 0.83340293 0.40030187
vt 0.29834250 0.54139197
vt 0.37621629 0.50052762
vt 0.90275949 0.14559323
vt 0.37679529 0.46208590
vt 0.90207386 0.10715151
vt 0.90455741 0.10699910
vt 0.20117931 0.24632174
vt 0.37647530 0.40371484
vt 0.89980358 0.04879570
vt 0.01837170 0.00456411
vt 0.84824324 0.68714434
vt 0.32078588 0.30639929
vt 0.01846312 0.04591596
vt 0.32154772 0.34701979
vt 0.83998507 0.45788062
vt 0.34167513 0.27438736
vt 0.31543785 0.30720681
vt 0.34556043 0.31589162
vt 0.23517194 0.49207133
vt 0.31609303 0.34788829
vt 0.01837170 0.05054790
vt 0.32162389 0.35152984
vt 0.44278458 0.48559582
vt 0.47788951 0.00211102
vt 0.11993825 0.14560843
vt 0.26713815 0.19895142
vt 0.71906817 0.20818478
vt 0.88845241 0.41567552
vt 0.71362871 0.21383750
vt 0.71291262 0.20760578
vt 0.26713815 0.19349676
vt 0.88956469 0.40959615
vt 0.45134750 0.37145919
vt 0.88464326 0.41081506
vt 0.45011336 0.40014952
vt 0.88516134 0.43880451
vt 0.71513712 0.23999858
vt 0.88769060 0.44122714
vt 0.71496952 0.28587574
vt 0.88727921 0.48651004
vt 0.45061615 0.44860160
vt 0.88356149 0.48657095
vt 0.79439747 0.36880803
vt 0.95139438 0.54291558
vt 0.21335328 0.46522462
vt 0.71204412 0.29157418
vt 0.94761574 0.53916740
vt 0.30216688 0.36499888
vt 0.21690337 0.43639714
vt 0.94945937 0.50508332
vt 0.79346800 0.33024442
vt 0.87658316 0.68362474
vt 0.46373478 0.00250715
vt 0.08190793 0.11018354
vt 0.16456598 0.48317325
vt 0.80436212 0.39940292
vt 0.88243395 0.61489284
vt 0.79439747 0.26576352
vt 0.45760971 0.00098354
vt 0.88531369 0.62045419
vt 0.73150116 0.72103035
vt 0.71047479 0.19119608
vt 0.87943238 0.61804676
vt 0.71084046 0.19608700
vt 0.88110840 0.62330341
vt 0.79394037 0.27196479
vt 0.88557267 0.62674683
vt 0.88136744 0.62958086
vt 0.71131277 0.20224255
vt 0.30216688 0.32003593
vt 0.21335328 0.43546772
vt 0.29870817 0.36387140
vt 0.71173942 0.25558555
vt 0.74768233 0.35626835
vt 0.70556861 0.25607312
vt 0.74542731 0.39087045
vt 0.70578194 0.29079711
vt 0.71120614 0.29661745
vt 0.94647300 0.54401261
vt 0.05934266 0.00843418
vt 0.93917471 0.55118901
vt 0.71036810 0.30169123
vt 0.05983023 0.00275093
vt 0.94408089 0.54887307
vt 0.94665587 0.55387062
vt 0.39875108 0.03880054
vt 0.79518974 0.37502450
vt 0.95026690 0.54899490
vt 0.73613304 0.71025813
vt 0.89364803 0.56395721
vt 0.94174969 0.55618656
vt 0.73602641 0.65816450
vt 0.30067369 0.18354732
vt 0.74266952 0.65412682
vt 0.73534077 0.65254223
vt 0.30067369 0.18997717
vt 0.39875108 0.04487991
vt 0.80137575 0.37546635
vt 0.40390101 0.03909004
vt 0.29506665 0.18584806
vt 0.80180240 0.36934131
vt 0.80085772 0.33082342
vt 0.80134529 0.27251327
vt 0.08190793 0.11818272
vt 0.45760971 0.00747424
vt 0.80180240 0.26629680
vt 0.17075200 0.48215240
vt 0.08676837 0.11419076
vt 0.16456598 0.42539638
vt 0.17203186 0.47660631
vt 0.93944901 0.43139958
vt 0.80629718 0.39362830
vt 0.16505355 0.47688055
vt 0.52722532 0.18369973
vt 0.89200252 0.40720403
vt 0.27076444 0.19308537
vt 0.02090096 0.67458946
vt 0.30513799 0.53445935
vt 0.89562881 0.40245020
vt 0.89696962 0.40859056
vt 0.53254282 0.18241984
vt 0.73150116 0.66727591
vt 0.80629718 0.34377444
vt 0.87658316 0.61236358
vt 0.80189383 0.39254647
vt 0.72985560 0.71457005
vt 0.72542179 0.72005522
vt 0.75328934 0.29082757
vt 0.70419735 0.19041902
vt 0.75063819 0.29693741
vt 0.70466965 0.19655931
vt 0.70514196 0.20269960
vt 0.74922121 0.30309296
vt 0.74393415 0.35741109
vt 0.17203186 0.30911136
vt 0.89302337 0.52356517
vt 0.73895180 0.35721302
vt 0.08728642 0.25366575
vt 0.11698237 0.44660562
vt 0.74317229 0.29795825
vt 0.89604020 0.46379238
vt 0.12271129 0.39297312
vt 0.12048677 0.44646847
vt 0.74145061 0.35730445
vt 0.74391890 0.35736543
vt 0.16709524 0.30950755
vt 0.16741520 0.25112122
vt 0.74684429 0.29928386
vt 0.16692764 0.24495047
vt 0.22331795 0.09424615
vt 0.74702716 0.29309779
vt 0.22048396 0.08885247
vt 0.09283251 0.21690005
vt 0.75086677 0.28823739
vt 0.74461979 0.29056853
vt 0.83254963 0.47058791
vt 0.89550692 0.45640272
vt 0.82994419 0.47121257
vt 0.74337041 0.29050761
vt 0.89302337 0.45657027
vt 0.89357185 0.46395999
vt 0.74192291 0.29789734
vt 0.73764145 0.31758291
vt 0.65256083 0.98408860
vt 0.38881689 0.00587445
vt 0.29235455 0.45625031
vt 0.36701345 0.27085251
vt 0.14782105 0.24981087
vt 0.20494272 0.18388253
vt 0.39372304 0.00585920
vt 0.21640058 0.24665695
vt 0.39005104 0.04920703
vt 0.11768325 0.06551009
vt 0.10621016 0.05863845
vt 0.36701345 0.31413943
vt 0.39491150 0.04919183
vt 0.21141824 0.24667215
vt 0.46301866 0.06104583
vt 0.10621016 0.09573936
vt 0.51558459 0.55280411
vt 0.10811472 0.49900395
vt 0.15108167 0.24818057
vt 0.36948174 0.27321416
vt 0.12117241 0.06579959
vt 0.51308584 0.59366834
vt 0.10272100 0.05886698
vt 0.04252156 0.01324892
vt 0.08632652 0.09328628
vt 0.46178451 0.01032346
vt 0.08801777 0.09285963
vt 0.15108167 0.05385417
vt 0.08657030 0.09872568
vt 0.04134835 0.01945019
vt 0.00091066 0.40462905
vt 0.12565194 0.01289845
vt 0.14934471 0.05383897
vt 0.46055037 0.01650953
vt 0.08826155 0.09829909
vt 0.83954322 0.21269476
vt 0.86306840 0.21027219
vt 0.86553669 0.23138994
vt 0.88906187 0.21027219
vt 0.10994311 0.08777064
vt 0.10471698 0.03476286
vt 0.88904661 0.23138994
vt 0.11478832 0.10471368
vt 0.86925441 0.23501623
vt 0.88907707 0.23497057
vt 0.09962799 0.03607321
vt 0.11518446 0.08777064
vt 0.88907707 0.23868823
vt 0.25878853 0.17211998
vt 0.86553669 0.23873395
vt 0.88907707 0.25976032
vt 0.25866663 0.18997717
vt 0.86553669 0.25980604
vt 0.78594118 0.89981550
vt 0.86553669 0.29945141
vt 0.88907707 0.29940575
vt 0.91382116 0.25980604
vt 0.91382116 0.23873395
vt 0.10471698 0.05236101
vt 0.91011870 0.23501623
vt 0.91382116 0.23138994
vt 0.91630471 0.21027219
vt 0.86104190 0.04323435
vt 0.88906187 0.20903802
vt 0.85761368 0.06572342
vt 0.86306840 0.20903802
vt 0.85516065 0.08745068
vt 0.83954322 0.21146059
vt 0.85577011 0.09497750
vt 0.83212304 0.21394414
vt 0.85497779 0.09442902
vt 0.83212304 0.21269476
vt 0.82717115 0.21513259
vt 0.85497779 0.10009700
vt 0.82840532 0.21641248
vt 0.85686713 0.09930468
vt 0.85624242 0.10335761
vt 0.82592177 0.21888077
vt 0.85813177 0.10255009
vt 0.85925925 0.10663342
vt 0.86035627 0.10527742
vt 0.82468760 0.22259849
vt 0.86181897 0.23510766
vt 0.25426328 0.16879839
vt 0.86181897 0.25989747
vt 0.25426328 0.18971813
vt 0.86181897 0.25989747
vt 0.78149211 0.86635613
vt 0.86180377 0.29957330
vt 0.78068459 0.90002882
vt 0.78068459 0.93318343
vt 0.86058486 0.34040719
vt 0.86555195 0.34027004
vt 0.78684014 0.93344247
vt 0.86555195 0.37363797
vt 0.91013396 0.37735569
vt 0.88907707 0.37735569
vt 0.88907707 0.37487215
vt 0.86926961 0.37735569
vt 0.88907707 0.34022433
vt 0.04561457 0.06747562
vt 0.91383642 0.34027004
vt 0.04511177 0.03349823
vt 0.91382116 0.29945141
vt 0.04803718 0.00159299
vt 0.91752368 0.25989747
vt 0.91752368 0.23510766
vt 0.20364761 0.01845980
vt 0.95468551 0.22259849
vt 0.20413518 0.01483351
vt 0.95345134 0.21888077
vt 0.20360191 0.01137483
vt 0.95096779 0.21641248
vt 0.20241345 0.00713909
vt 0.94726533 0.21394414
vt 0.93982989 0.21269476
vt 0.91630471 0.20903802
vt 0.27129769 0.52003038
vt 0.86463773 0.01967871
vt 0.23956007 0.06615007
vt 0.84879178 0.04218304
vt 0.84502834 0.06680524
vt 0.23956007 0.03768826
vt 0.59563720 0.88255256
vt 0.24210456 0.03771871
vt 0.24094659 0.01302034
vt 0.84242290 0.08961427
vt 0.23978861 0.00441176
vt 0.84300190 0.09738487
vt 0.23986480 0.00073975
vt 0.11369129 0.39786404
vt 0.84330666 0.10114831
vt 0.11327990 0.40313590
vt 0.71498477 0.20361382
vt 0.84426653 0.10629827
vt 0.84822804 0.10929984
vt 0.71361351 0.19860101
vt 0.61544466 0.83921993
vt 0.71586847 0.19102848
vt 0.71338493 0.19110465
vt 0.85282946 0.11368793
vt 0.86463773 0.11181384
vt 0.70451730 0.18430918
vt 0.82096994 0.23001868
vt 0.82221931 0.23125285
vt 0.82096994 0.25980604
vt 0.04188163 0.49664229
vt 0.23785357 0.39928102
vt 0.81848633 0.29948193
vt 0.23262745 0.43185669
vt 0.81601804 0.34031576
vt 0.86060005 0.37991542
vt 0.86431777 0.38238376
vt 0.88907707 0.38238376
vt 0.91507059 0.38238376
vt 0.91385168 0.37363797
vt 0.04511177 0.09573936
vt 0.91752368 0.34040719
vt 0.05085593 0.06756705
vt 0.05035313 0.03358966
vt 0.91752368 0.29957330
vt 0.95840323 0.25980604
vt 0.95591962 0.23125285
vt 0.95716906 0.23001868
vt 0.72862142 0.28764313
vt 0.20267248 0.02571237
vt 0.73747385 0.28042102
vt 0.21443507 0.02208608
vt 0.20527792 0.01908451
vt 0.20614640 0.01452875
vt 0.20495796 0.01027781
vt 0.95098305 0.21513259
vt 0.20277914 0.00619441
vt 0.39809591 0.06732327
vt 0.27129769 0.54750180
vt 0.94725007 0.21269476
vt 0.93982989 0.21146059
vt 0.27175480 0.54085863
vt 0.85270756 0.01647902
vt 0.28370023 0.52240723
vt 0.23956007 0.09584600
vt 0.24202837 0.06613481
vt 0.59440309 0.91102958
vt 0.12434160 0.03017664
vt 0.00148965 0.39105332
vt 0.59935492 0.88378668
vt 0.59935492 0.91102958
vt 0.12434160 0.05738908
vt 0.15108167 0.01852071
vt 0.12557577 0.05738908
vt 0.13886200 0.01640284
vt 0.14061420 0.01635712
vt 0.46047416 0.06101537
vt 0.14934471 0.01850551
vt 0.14061420 0.05230010
vt 0.23876776 0.31369758
vt 0.46055037 0.10683155
vt 0.48136342 0.00922644
vt 0.46432900 0.10564309
vt 0.11768325 0.10172731
vt 0.46672115 0.10311383
vt 0.47788951 0.01047587
vt 0.44211417 0.49452442
vt 0.51558459 0.63576686
vt 0.06531537 0.08310831
vt 0.02542620 0.09144264
vt 0.51808339 0.59365314
vt 0.52058220 0.55280411
vt 0.02359782 0.12715703
vt 0.06936829 0.39899153
vt 0.11352368 0.49962866
vt 0.20092028 0.18077427
vt 0.14782105 0.24520946
vt 0.10779475 0.49408257
vt 0.29169938 0.25613403
vt 0.64317513 0.73862851
vt 0.16069591 0.04725677
vt 0.16811608 0.01896262
vt 0.64183432 0.73264056
vt 0.16074161 0.04108602
vt 0.17178808 0.02392972
vt 0.16505355 0.03648460
vt 0.00406462 0.73299098
vt 0.21690337 0.05082214
vt 0.00141347 0.73072076
vt 0.45774683 0.04273152
vt 0.21339898 0.05082214
vt 0.17203186 0.01896262
vt 0.21431318 0.05534738
vt 0.45693931 0.04774433
vt 0.79165488 0.69709378
vt 0.63871080 0.73456037
vt 0.78650492 0.69355893
vt 0.63909173 0.74085307
vt 0.74923646 0.67004895
vt 0.39410394 0.50790209
vt 0.63982308 0.78554171
vt 0.00578635 0.27225429
vt 0.26604110 0.85453260
vt 0.64212382 0.79125541
vt 0.63871080 0.79049355
vt 0.39884251 0.50797826
vt 0.16753709 0.23844445
vt 0.63930506 0.79582632
vt 0.16384986 0.24232978
vt 0.20262676 0.19895142
vt 0.00747760 0.26739383
vt 0.16384986 0.23823118
vt 0.40277353 0.50866389
vt 0.20894992 0.29619080
vt 0.20643590 0.19764107
vt 0.15813617 0.37848318
vt 0.26179013 0.83876282
vt 0.28880444 0.25416857
vt 0.10750526 0.49010587
vt 0.15804476 0.38294750
vt 0.26179013 0.84339476
vt 0.78098935 0.74123394
vt 0.35858765 0.00561541
vt 0.25756961 0.84101784
vt 0.73532552 0.79288572
vt 0.35384911 0.00575256
vt 0.25859046 0.84600019
vt 0.72923088 0.74865413
vt 0.35547942 0.33103675
vt 0.80474305 0.77984327
vt 0.78476799 0.74021310
vt 0.84949267 0.63971311
vt 0.35901427 0.00188249
vt 0.35426047 0.00201958
vt 0.84707004 0.64417744
vt 0.84668916 0.64693522
vt 0.20894992 0.19713831
vt 0.35128936 0.00256813
vt 0.22737086 0.36186016
vt 0.84312379 0.64780366
vt 0.22603005 0.36798525
vt 0.35546416 0.86027676
vt 0.84536356 0.65325832
vt 0.20893468 0.20210540
vt 0.84838039 0.65146041
vt 0.31757098 0.86164808
vt 0.31414276 0.86164808
vt 0.86643565 0.68659580
vt 0.20770054 0.24667215
vt 0.86943722 0.68479788
vt 0.20643590 0.19297874
vt 0.20893468 0.29123896
vt 0.88857430 0.71830297
vt 0.00578635 0.26134491
vt 0.20280962 0.19329870
vt 0.88612121 0.72103035
vt 0.27530491 0.85971302
vt 0.64323604 0.78631878
vt 0.26392323 0.84996164
vt 0.17053869 0.09275299
vt 0.17053869 0.03358966
vt 0.26337472 0.79072213
vt 0.00598442 0.72659165
vt 0.45759448 0.03822154
vt 0.00226671 0.72567749
vt 0.22737086 0.00098354
vt 0.13362063 0.00185198
vt 0.13762784 0.09866476
vt 0.22650237 0.05146205
vt 0.13305688 0.04969460
vt 0.13654605 0.04978603
vt 0.45413578 0.03765780
vt 0.13712503 0.00194341
vt 0.45413578 0.04312772
vt 0.79275191 0.69456452
vt 0.45425767 0.04786623
vt 0.78883612 0.69107533
vt 0.39453056 0.51160455
vt 0.75025731 0.66628557
vt 0.39926913 0.51168072
vt 0.21266763 0.29619080
vt 0.40390101 0.51163507
vt 0.21266763 0.29123896
vt 0.21141824 0.24667215
vt 0.21266763 0.20209014
vt 0.21266763 0.19838768
vt 0.29768732 0.45164889
vt 0.39372304 0.00090736
vt 0.20092028 0.18549758
vt 0.28880444 0.26029360
vt 0.26121113 0.84967214
vt 0.34921721 0.00572205
vt 0.21266763 0.19838768
vt 0.29232410 0.45174032
vt 0.21766521 0.19837248
vt 0.46432900 0.01655525
vt 0.21266763 0.20209014
vt 0.21763474 0.20332432
vt 0.23387685 0.43523920
vt 0.46432900 0.01283753
vt 0.23934676 0.43412691
vt 0.04162261 0.45777398
vt 0.73598069 0.79721284
vt 0.46672115 0.00783992
vt 0.04488322 0.46223825
vt 0.23934676 0.43979490
vt 0.73532552 0.79288572
vt 0.04488322 0.45472670
vt 0.12117241 0.03380293
vt 0.72494948 0.74181294
vt 0.72906333 0.74341273
vt 0.12109622 0.03997374
vt 0.72465998 0.74793804
vt 0.72923088 0.74865413
vt 0.08826155 0.08655173
vt 0.46541080 0.00532591
vt 0.73294860 0.79731953
vt 0.84589684 0.63709241
vt 0.14210737 0.10047787
vt 0.08783493 0.08182842
vt 0.08589990 0.08772492
vt 0.13944098 0.10620683
vt 0.81825781 0.76357067
vt 0.04488322 0.00822085
vt 0.00148965 0.41137880
vt 0.04127217 0.01078057
vt 0.60060430 0.85779321
vt 0.59687138 0.85779321
vt 0.24218075 0.01302034
vt 0.59812075 0.85035777
vt 0.24225692 0.00564587
vt 0.24233311 0.00073975
vt 0.59935492 0.84540594
vt 0.11168007 0.39798594
vt 0.60307264 0.84293759
vt 0.11168007 0.40243500
vt 0.71611226 0.19977421
vt 0.11168007 0.40688407
vt 0.60677510 0.84045410
vt 0.71710265 0.19133317
vt 0.61545992 0.84292239
vt 0.71355253 0.15409517
vt 0.65256083 0.83923519
vt 0.65254557 0.83675158
vt 0.71230316 0.15389711
vt 0.70983481 0.15385139
vt 0.81973577 0.25980604
vt 0.70116526 0.15468937
vt 0.04188163 0.46395999
vt 0.04014467 0.49648994
vt 0.69877315 0.11505926
vt 0.23611662 0.39903724
vt 0.69758469 0.07416445
vt 0.23090573 0.43161291
vt 0.22831552 0.46290869
vt 0.81603330 0.37738615
vt 0.22904688 0.47127354
vt 0.81850159 0.38605577
vt 0.82221931 0.39100760
vt 0.23089050 0.47717005
vt 0.22737086 0.31563258
vt 0.23328263 0.48462069
vt 0.23436442 0.48323417
vt 0.82842058 0.39471006
vt 0.83584076 0.39719361
vt 0.84574449 0.39842778
vt 0.86680132 0.39966196
vt 0.88907707 0.39966196
vt 0.91260225 0.39966196
vt 0.93365914 0.39842778
vt 0.10314762 0.48302084
vt 0.94974887 0.39471006
vt 0.94356287 0.39719361
vt 0.91878831 0.37991542
vt 0.12988769 0.07009631
vt 0.96335506 0.34031576
vt 0.12947631 0.03544849
vt 0.96087152 0.29948193
vt 0.95963734 0.25980604
vt 0.13163988 0.00137967
vt 0.72526944 0.31724769
vt 0.20241345 0.05236101
vt 0.73390853 0.31744576
vt 0.73639208 0.31752193
vt 0.65254557 0.98657215
vt 0.61544466 0.98407340
vt 0.73994219 0.28048199
vt 0.73768717 0.27300084
vt 0.21605013 0.01562577
vt 0.10523503 0.12945771
vt 0.21627869 0.01027781
vt 0.10523503 0.12575525
vt 0.23986480 0.13312972
vt 0.21611108 0.00587445
vt 0.21388654 0.00179106
vt 0.23978861 0.12814742
vt 0.40390101 0.05709958
vt 0.28421825 0.54425639
vt 0.39809591 0.05368662
vt 0.24094659 0.12066627
vt 0.24210456 0.09587646
vt 0.59563720 0.94074076
vt 0.59935492 0.93827248
vt 0.02691938 0.44876921
vt 0.12434160 0.08461672
vt 0.13886200 0.05236101
vt 0.12565194 0.10322046
vt 0.02643181 0.43411165
vt 0.05373563 0.06490064
vt 0.24045902 0.31413943
vt 0.05492408 0.07110190
vt 0.24083993 0.30868477
vt 0.46178451 0.11301756
vt 0.23914868 0.30824292
vt 0.23876776 0.30287963
vt 0.05983023 0.07483488
vt 0.24533470 0.13795972
vt 0.84731382 0.73448420
vt 0.46541080 0.11667430
vt 0.01881356 0.05684054
vt 0.48317656 0.00529546
vt 0.46432900 0.11057973
vt 0.46672115 0.11425173
vt 0.84429699 0.73445368
vt 0.02137329 0.05322951
vt 0.47811803 0.00579828
vt 0.44247985 0.48957258
vt 0.52058220 0.63575161
vt 0.43672046 0.49514914
vt 0.08730166 0.47229439
vt 0.06880454 0.11967587
vt 0.76045048 0.12564862
vt 0.07329930 0.39707172
vt 0.21766521 0.19837248
vt 0.34911054 0.01116151
vt 0.76441199 0.12313461
vt 0.06869788 0.39382637
vt 0.76119709 0.11964542
vt 0.11320372 0.49470729
vt 0.11369129 0.49010587
vt 0.76351303 0.11588204
vt 0.16423078 0.38271892
vt 0.76313215 0.11228621
vt 0.16362132 0.37927550
vt 0.76045048 0.07070577
vt 0.73433512 0.45638746
vt 0.16447456 0.33911204
vt 0.73233914 0.75026917
vt 0.26179013 0.79709101
vt 0.15898941 0.33833498
vt 0.35901427 0.33208805
vt 0.73317719 0.74498212
vt 0.35901427 0.32672477
vt 0.15804476 0.33315462
vt 0.37042642 0.54018825
vt 0.21208864 0.18386728
vt 0.73563021 0.74225479
vt 0.37067020 0.53656197
vt 0.73148590 0.44758075
vt 0.38718659 0.12593812
vt 0.37696287 0.53691238
vt 0.37516499 0.53257000
vt 0.38718659 0.12119955
vt 0.00324185 0.23088717
vt 0.52199918 0.50313306
vt 0.52685964 0.50311780
vt 0.23395303 0.00563067
vt 0.21541020 0.18549758
vt 0.36989313 0.53257000
vt 0.00449124 0.28494626
vt 0.52318764 0.55760360
vt 0.23264270 0.06002498
vt 0.52804810 0.55758834
vt 0.22356173 0.26477313
vt 0.03091135 0.53441358
vt 0.84575969 0.67923659
vt 0.52199918 0.61332345
vt 0.00324185 0.34049857
vt 0.00897078 0.25358957
vt 0.02597472 0.53098536
vt 0.52685964 0.61207408
vt 0.03141415 0.52947700
vt 0.22356173 0.26036978
vt 0.23395303 0.11451072
vt 0.76441199 0.58536446
vt 0.23628421 0.05997926
vt 0.73598069 0.73788190
vt 0.21541020 0.18097234
vt 0.23636040 0.00186723
vt 0.76317787 0.52717626
vt 0.13672888 0.10323572
vt 0.73145545 0.73894846
vt 0.35442808 0.32590199
vt 0.72906333 0.74341273
vt 0.13563186 0.10769999
vt 0.80823219 0.78375900
vt 0.80734849 0.77751207
vt 0.87940192 0.60608613
vt 0.72465998 0.74793804
vt 0.14210737 0.05443317
vt 0.87825918 0.60249031
vt 0.36584023 0.85514206
vt 0.22603005 0.35573512
vt 0.84345901 0.64155674
vt 0.73127258 0.79303807
vt 0.11152770 0.08527189
vt 0.36798859 0.85060155
vt 0.00141347 0.66729116
vt 0.31414276 0.79267240
vt 0.31813473 0.79262668
vt 0.73150116 0.27674907
vt 0.22212949 0.05187345
vt 0.22737086 0.10172731
vt 0.73226297 0.21987116
vt 0.13412344 0.09753728
vt 0.73150116 0.21360898
vt 0.88857430 0.60264266
vt 0.13322449 0.10314429
vt 0.81077671 0.78266203
vt 0.13305688 0.10715151
vt 0.88444519 0.60258174
vt 0.88330245 0.59897065
vt 0.72494948 0.74181294
vt 0.81219369 0.70931345
vt 0.72310585 0.74710000
vt 0.13938004 0.10002083
vt 0.72974896 0.79216957
vt 0.81705415 0.75703418
vt 0.04127217 0.00217193
vt 0.81243747 0.76678556
vt 0.60185373 0.84912366
vt 0.60680556 0.84417176
vt 0.80579436 0.76888824
vt 0.71736169 0.20007896
vt 0.77786583 0.92003435
vt 0.72703683 0.19182074
vt 0.77710402 0.92628133
vt 0.72318202 0.18711269
vt 0.77597654 0.93344247
vt 0.39341831 0.79465312
vt 0.71929669 0.18117046
vt 0.39286980 0.80204284
vt 0.71783400 0.17382646
vt 0.39341831 0.86164808
vt 0.20468371 0.24645889
vt 0.22438450 0.21627533
vt 0.71486288 0.11425173
vt 0.71116042 0.11446500
vt 0.69216049 0.83675158
vt 0.69214523 0.83428329
vt 0.70992625 0.11428219
vt 0.70744270 0.11434311
vt 0.70625424 0.07357025
vt 0.69775230 0.03717023
vt 0.22657856 0.46266490
vt 0.22732516 0.47102976
vt 0.22980870 0.47854131
vt 0.22372933 0.30868477
vt 0.22528346 0.48501682
vt 0.87636983 0.63645250
vt 0.31693104 0.40409577
vt 0.87157035 0.63799137
vt 0.22052966 0.31563258
vt 0.87659842 0.64385742
vt 0.74948025 0.52475369
vt 0.22964109 0.49065435
vt 0.23785357 0.48931354
vt 0.75693089 0.52831900
vt 0.83460659 0.39842778
vt 0.75691563 0.53953308
vt 0.84574449 0.39966196
vt 0.75690043 0.55937099
vt 0.86555195 0.40089607
vt 0.75690043 0.58275902
vt 0.88907707 0.40089607
vt 0.75690043 0.60616231
vt 0.91260225 0.40089607
vt 0.75691563 0.62697542
vt 0.93365914 0.39966196
vt 0.94479698 0.39842778
vt 0.75693089 0.63793039
vt 0.10244674 0.48916119
vt 0.10514361 0.48306656
vt 0.10435130 0.47599685
vt 0.95593488 0.39100760
vt 0.10459509 0.46900326
vt 0.96088678 0.38605577
vt 0.96335506 0.37738615
vt 0.10244674 0.46121740
vt 0.12955248 0.10017318
vt 0.72170407 0.39760500
vt 0.13163988 0.07014203
vt 0.13122851 0.03549421
vt 0.72289252 0.35678643
vt 0.73153162 0.35698450
vt 0.73399991 0.35706067
vt 0.69214523 0.98905569
vt 0.69216049 0.98657215
vt 0.73524934 0.35712165
vt 0.73776335 0.39801639
vt 0.11524541 0.48349321
vt 0.08728642 0.29469764
vt 0.11782037 0.48295993
vt 0.08975473 0.29448432
vt 0.11782037 0.48295993
vt 0.73901272 0.39807737
vt 0.27064255 0.35471427
vt 0.16692764 0.35424191
vt 0.74385798 0.40191692
vt 0.74279141 0.39571571
vt 0.16767423 0.34794927
vt 0.17137669 0.34765977
vt 0.74282187 0.39574617
vt 0.74649388 0.39707172
vt 0.70503533 0.29708976
vt 0.70419735 0.30217880
vt 0.75005919 0.40211505
vt 0.09671781 0.09963989
vt 0.05408607 0.00502121
vt 0.10022222 0.09665352
vt 0.92145467 0.14995086
vt 0.05312617 0.00956166
vt 0.05960169 0.05673391
vt 0.89479077 0.55900532
vt 0.05983023 0.06055826
vt 0.23335880 0.19297874
vt 0.89105785 0.55772543
vt 0.88868093 0.56269252
vt 0.88490230 0.55894434
vt 0.45325208 0.52169108
vt 0.18316975 0.31933510
vt 0.22799556 0.19267398
vt 0.71291262 0.35395241
vt 0.88727921 0.55397725
vt 0.45284069 0.51676977
vt 0.88356149 0.55403823
vt 0.88595361 0.54907113
vt 0.71333921 0.34898531
vt 0.93861097 0.06991345
vt 0.72101843 0.28764313
vt 0.91601527 0.02869874
vt 0.21905172 0.78846711
vt 0.72007376 0.24040997
vt 0.71989095 0.21312141
vt 0.21905172 0.76542950
vt 0.11925261 0.15109360
vt 0.12475299 0.14729971
vt 0.22229710 0.76014245
vt 0.44794977 0.20391852
vt 0.45185030 0.20173973
vt 0.14958850 0.01364505
vt 0.12714513 0.14147931
vt 0.44720316 0.19770205
vt 0.21646152 0.49709940
vt 0.53403604 0.40089607
vt 0.80504775 0.25375718
vt 0.14498706 0.01364505
vt 0.27076444 0.19855529
vt 0.11925261 0.14218020
vt 0.14567271 0.02094334
vt 0.80236614 0.26111639
vt 0.52719486 0.18997717
vt 0.53254282 0.18857539
vt 0.79742950 0.26099449
vt 0.72542179 0.66630077
vt 0.72473615 0.71367109
vt 0.75834787 0.28723174
vt 0.83619118 0.46388382
vt 0.75092769 0.28704894
vt 0.74827653 0.29317403
vt 0.17111768 0.25083172
vt 0.74685955 0.29932952
vt 0.17064534 0.24467617
vt 0.22438450 0.08620131
vt 0.17015778 0.23855114
vt 0.09424950 0.21083593
vt 0.22048396 0.08219409
vt 0.86613089 0.09573936
vt 0.75472158 0.28339219
vt 0.09112602 0.21083593
vt 0.74847460 0.28570813
vt 0.83158976 0.46437138
vt 0.82857293 0.46409714
vt 0.74725568 0.28441298
vt 0.74119157 0.28055817
vt 0.61545992 0.98035568
vt 0.21839656 0.01437640
vt 0.74020118 0.27184290
vt 0.60677510 0.98283923
vt 0.10770334 0.13312972
vt 0.60307264 0.98035568
vt 0.10770334 0.12944251
vt 0.10770334 0.12575525
vt 0.59935492 0.97788739
vt 0.24233311 0.13312972
vt 0.59812075 0.97293550
vt 0.24225692 0.12813216
vt 0.24218075 0.12066627
vt 0.59687138 0.96550006
vt 0.02691938 0.42833704
vt 0.60060430 0.96426594
vt 0.05367469 0.07233608
vt 0.05728574 0.07602328
vt 0.11132962 0.45754546
vt 0.57130450 0.81228179
vt 0.24306446 0.13669509
vt 0.24306446 0.14210403
vt 0.56863815 0.80653763
vt 0.84911174 0.73012650
vt 0.56863815 0.75988340
vt 0.85712612 0.68461508
vt 0.85260087 0.68543786
vt 0.84609491 0.73008084
vt 0.02243985 0.04827762
vt 0.84609491 0.73008084
vt 0.85260087 0.68543786
vt 0.03141415 0.53805512
vt 0.32162389 0.30123413
vt 0.84830421 0.68190300
vt 0.85266185 0.68018126
vt 0.76313215 0.64973873
vt 0.85013258 0.67577791
vt 0.23636040 0.11818272
vt 0.22737086 0.26262480
vt 0.84429699 0.67484850
vt 0.76317787 0.64355266
vt 0.76940960 0.58536446
vt 0.76694125 0.52717626
vt 0.76313215 0.52220917
vt 0.73145545 0.73894846
vt 0.11797274 0.02917105
vt 0.72836244 0.73728770
vt 0.76561570 0.51974082
vt 0.73598069 0.21885031
vt 0.36798859 0.79139251
vt 0.11152770 0.02609330
vt 0.76561570 0.51974082
vt 0.72836244 0.73728770
vt 0.88852859 0.59915352
vt 0.73415232 0.21132350
vt 0.76812971 0.51974082
vt 0.08676837 0.37252575
vt 0.81825781 0.69808412
vt 0.72778344 0.73466700
vt 0.72341055 0.74097490
vt 0.81310785 0.70323408
vt 0.80335653 0.70826215
vt 0.79709429 0.70865834
vt 0.76776403 0.22783989
vt 0.77786583 0.86471057
vt 0.77373672 0.21991688
vt 0.47365376 0.52184349
vt 0.47436985 0.52749622
vt 0.11903930 0.11510497
vt 0.47436985 0.52749622
vt 0.47715816 0.52185869
vt 0.12565194 0.11615628
vt 0.77507758 0.86681324
vt 0.12417400 0.12057483
vt 0.77007997 0.86737698
vt 0.77588511 0.92023242
vt 0.77410239 0.92664701
vt 0.39094999 0.79448557
vt 0.77334058 0.93290919
vt 0.90211952 0.04000419
vt 0.90349084 0.04737866
vt 0.19893953 0.19363391
vt 0.39040148 0.80187523
vt 0.57741433 0.67017090
vt 0.11817082 0.13463813
vt 0.37696287 0.39754409
vt 0.89968169 0.04262489
vt 0.90211952 0.04000419
vt 0.57622594 0.66419816
vt 0.89588779 0.03787112
vt 0.89831042 0.03525043
vt 0.57503748 0.65824068
vt 0.89207870 0.03313255
vt 0.89451653 0.03061855
vt 0.47708195 0.37190104
vt 0.57741433 0.60634518
vt 0.84949267 0.00802279
vt 0.84940124 0.00310141
vt 0.47205392 0.16878319
vt 0.47718862 0.36627877
vt 0.84447986 0.00588965
vt 0.84318477 0.00220245
vt 0.47435462 0.53354514
vt 0.03499473 0.29427105
vt 0.83827859 0.00499070
vt 0.47205392 0.17352170
vt 0.84080786 0.00864750
vt 0.28947484 0.20390332
vt 0.29195842 0.20876378
vt 0.47569543 0.17311031
vt 0.29319257 0.20385760
vt 0.47334900 0.36690342
vt 0.47569543 0.16837180
vt 0.57390994 0.60547668
vt 0.47334900 0.37248003
vt 0.57202065 0.65904820
vt 0.11817082 0.12744653
vt 0.57151783 0.66459429
vt 0.37327564 0.39726979
vt 0.11500163 0.13276404
vt 0.37277284 0.40341014
vt 0.37185866 0.46168977
vt 0.37251383 0.50023812
vt 0.37202626 0.50642413
vt 0.31097355 0.12552673
vt 0.37411365 0.51160455
vt 0.37696287 0.50682032
vt 0.31275624 0.11976731
vt 0.90163195 0.15190113
vt 0.20384569 0.28223419
vt 0.90652287 0.14800054
vt 0.20384569 0.28223419
vt 0.22191618 0.25709397
vt 0.22438450 0.25729203
vt 0.20643590 0.28279793
vt 0.71367443 0.07323503
vt 0.73299432 0.83304912
vt 0.70872259 0.07349408
vt 0.70367926 0.02801305
vt 0.87189031 0.62040842
vt 0.21865557 0.46979558
vt 0.87345970 0.62542129
vt 0.22062108 0.47467124
vt 0.22257136 0.47953171
vt 0.87501383 0.63043404
vt 0.87093043 0.63261288
vt 0.31444749 0.39914387
vt 0.31939936 0.41151595
vt 0.87179887 0.64539635
vt 0.87551659 0.65366971
vt 0.74948025 0.53596771
vt 0.87262166 0.67263919
vt 0.32163912 0.40961140
vt 0.74946499 0.55825877
vt 0.32610342 0.38931638
vt 0.39192513 0.52463174
vt 0.82680547 0.76291549
vt 0.74946499 0.58288097
vt 0.82263070 0.74149299
vt 0.74946499 0.60875249
vt 0.81976622 0.72249305
vt 0.74948025 0.63078451
vt 0.74948025 0.64173955
vt 0.81868446 0.71265030
vt 0.11062875 0.48774421
vt 0.81911105 0.70625091
vt 0.11228953 0.48158866
vt 0.10636252 0.47604257
vt 0.10614921 0.46818054
vt 0.13130468 0.10021889
vt 0.10398563 0.46039468
vt 0.72187167 0.43476683
vt 0.73034316 0.39781833
vt 0.73299432 0.99028987
vt 0.73282671 0.39789450
vt 0.73878419 0.40548229
vt 0.11629672 0.49034965
vt 0.11801845 0.48920691
vt 0.74006408 0.40429384
vt 0.74621964 0.40569562
vt 0.27172434 0.35904139
vt 0.79776472 0.41812861
vt 0.17303747 0.09412426
vt 0.27064255 0.36499888
vt 0.75108004 0.40828580
vt 0.17341839 0.04306674
vt 0.17692278 0.09401762
vt 0.27506113 0.36425233
vt 0.17801982 0.04136026
vt 0.16980734 0.35901093
vt 0.27524397 0.35863000
vt 0.74387318 0.40196264
vt 0.17186427 0.35384578
vt 0.91601527 0.15557313
vt 0.10022222 0.10471368
vt 0.74620438 0.40696025
vt 0.74221241 0.65929198
vt 0.92153084 0.15549695
vt 0.96489394 0.13713694
vt 0.05338519 0.05786139
vt 0.05408607 0.06282848
vt 0.96871829 0.13376969
vt 0.23255128 0.18761545
vt 0.22799556 0.18676221
vt 0.96920586 0.12932062
vt 0.71906817 0.35453141
vt 0.71949476 0.34954906
vt 0.96803266 0.12435353
vt 0.94133830 0.06710994
vt 0.44919917 0.28331596
vt 0.22252566 0.82722878
vt 0.22289133 0.78578550
vt 0.44935152 0.23378211
vt 0.45428815 0.23416299
vt 0.45675647 0.23431540
vt 0.81129473 0.29219884
vt 0.23604043 0.20368999
vt 0.81377828 0.29225981
vt 0.81103569 0.25878519
vt 0.45565945 0.20076460
vt 0.45108849 0.19552320
vt 0.22086488 0.49761742
vt 0.82761306 0.40435481
vt 0.82959378 0.45801777
vt 0.17203186 0.47660631
vt 0.83460659 0.45841390
vt 0.79880077 0.25607312
vt 0.52766716 0.39975333
vt 0.17047775 0.42530501
vt 0.83460659 0.45841390
vt 0.75473684 0.28342265
vt 0.83349431 0.40662503
vt 0.82959378 0.45801777
vt 0.83158976 0.46437138
vt 0.74461979 0.29056853
vt 0.83254963 0.47058791
vt 0.12271129 0.39297312
vt 0.74317229 0.29795825
vt 0.74685955 0.29932952
vt 0.12714513 0.39432919
vt 0.12481394 0.44587427
vt 0.12048677 0.44646847
vt 0.12303127 0.48061353
vt 0.11782037 0.48295993
vt 0.12405211 0.48638815
vt 0.11801845 0.48920691
vt 0.12429589 0.49242181
vt 0.18067096 0.04445326
vt 0.11999920 0.49517959
vt 0.12714513 0.49664229
vt 0.18548571 0.05060881
vt 0.04244538 0.03968424
vt 0.74850512 0.41192734
vt 0.69831604 0.31976169
vt 0.17997009 0.05010599
vt 0.04337481 0.04487991
vt 0.11827748 0.49630708
vt 0.74234957 0.41052556
vt 0.74362940 0.40933710
vt 0.11999920 0.49517959
vt 0.04136359 0.04487991
vt 0.74850512 0.41192734
vt 0.79884648 0.42309570
vt 0.08227361 0.03892243
vt 0.69875789 0.26471221
vt 0.80503255 0.42326331
vt 0.17366217 0.09916759
vt 0.80270135 0.41825050
vt 0.14171122 0.10920841
vt 0.29619417 0.46501130
vt 0.17801982 0.10021889
vt 0.29159275 0.46522462
vt 0.14520039 0.10616112
vt 0.29578277 0.46059275
vt 0.29139465 0.45986140
vt 0.44709653 0.35762441
vt 0.29619417 0.45510757
vt 0.14611457 0.10056931
vt 0.45127133 0.35178882
vt 0.44747743 0.35268778
vt 0.14309774 0.04454470
vt 0.15310812 0.11070162
vt 0.45277974 0.28493106
vt 0.44909251 0.28459585
vt 0.15463178 0.06116772
vt 0.45293209 0.23538190
vt 0.44924486 0.23504674
vt 0.15580499 0.03148699
vt 0.45154557 0.20553362
vt 0.44794977 0.20396423
vt 0.45078376 0.19931710
vt 0.15507364 0.02524000
vt 0.29468575 0.22288799
vt 0.30964801 0.01196903
vt 0.44709653 0.19898194
vt 0.30582362 0.01122242
vt 0.29195842 0.21918553
vt 0.80251849 0.25488466
vt 0.30912995 0.00738287
vt 0.30530560 0.00663626
vt 0.86264175 0.04390478
vt 0.30964801 0.00200438
vt 0.79750568 0.25724632
vt 0.30571696 0.00118160
vt 0.86613089 0.04296011
vt 0.75231421 0.28084767
vt 0.82959378 0.45801777
vt 0.82761306 0.45788062
vt 0.75111055 0.27955258
vt 0.74145061 0.27190381
vt 0.23872206 0.81077337
vt 0.60680556 0.97912151
vt 0.05367469 0.08227026
vt 0.60185373 0.97416967
vt 0.23206370 0.80859452
vt 0.11518446 0.46373147
vt 0.57144165 0.80595863
vt 0.11518446 0.45245641
vt 0.22791937 0.79879749
vt 0.85147339 0.72928852
vt 0.23341975 0.75115287
vt 0.85864979 0.68376184
vt 0.85679096 0.67849004
vt 0.85208285 0.67405617
vt 0.76561570 0.65097284
vt 0.76694125 0.64478683
vt 0.08574753 0.30708492
vt 0.77189314 0.58536446
vt 0.76940960 0.52717626
vt 0.08559517 0.36515123
vt 0.79998922 0.68868327
vt 0.07934820 0.39234841
vt 0.42632917 0.00710857
vt 0.78301579 0.24083662
vt 0.77995324 0.22073966
vt 0.41801003 0.02392972
vt 0.77995324 0.22073966
vt 0.47088072 0.52746576
vt 0.03120084 0.29328066
vt 0.47088072 0.53554112
vt 0.78604782 0.21651912
vt 0.78709918 0.21019596
vt 0.03045425 0.29949713
vt 0.78964365 0.21258813
vt 0.04041892 0.16785371
vt 0.03671645 0.20368999
vt 0.78984171 0.17647761
vt 0.00810229 0.03706354
vt 0.02556333 0.16785371
vt 0.01689376 0.20492417
vt 0.00173343 0.00500596
vt 0.73000795 0.44774836
vt 0.11145151 0.32922357
vt 0.72505611 0.44832736
vt 0.00758425 0.00342137
vt 0.52571690 0.14382577
vt 0.12254369 0.38613194
vt 0.47872752 0.14902139
vt 0.47807235 0.20373571
vt 0.11174101 0.43380696
vt 0.19446000 0.23564094
vt 0.11177149 0.16570538
vt 0.19200693 0.23545814
vt 0.64169717 0.16505021
vt 0.22587769 0.40240449
vt 0.63875651 0.61743736
vt 0.63525212 0.61751354
vt 0.22238852 0.40240449
vt 0.63921362 0.16527879
vt 0.59219378 0.16952974
vt 0.58600777 0.17052013
vt 0.10261434 0.37339419
vt 0.10869371 0.37409508
vt 0.44427776 0.27712995
vt 0.43195143 0.27638334
vt 0.47552785 0.27738899
vt 0.46937230 0.27766323
vt 0.46237874 0.27744991
vt 0.72028708 0.44282699
vt 0.71411628 0.52953792
vt 0.68813807 0.62121594
vt 0.65597379 0.62129217
vt 0.64238280 0.62142932
vt 0.39230603 0.40660977
vt 0.38615048 0.40688407
vt 0.37889791 0.57329714
vt 0.46801624 0.58071733
vt 0.46800101 0.58815277
vt 0.36334145 0.49984199
vt 0.91657901 0.18511671
vt 0.35540321 0.50007051
vt 0.00574064 0.67164886
vt 0.91482681 0.17728513
vt 0.91651803 0.16143918
vt 0.00586253 0.65799689
vt 0.00592347 0.62703633
vt 0.00598442 0.60101235
vt 0.00603013 0.59109342
vt 0.28453824 0.51757729
vt 0.93943375 0.10521644
vt 0.27754468 0.51721156
vt 0.93920523 0.09820765
vt 0.93847388 0.09211308
vt 0.27143484 0.51644981
vt 0.06409646 0.52092934
vt 0.05169394 0.52143210
vt 0.33507773 0.45577800
vt 0.32899836 0.45643318
vt 0.58879602 0.67492467
vt 0.32748994 0.37964118
vt 0.49839783 0.67248684
vt 0.32755089 0.29996949
vt 0.40678072 0.67125267
vt 0.32048115 0.29937524
vt 0.40675026 0.67746913
vt 0.40423623 0.72331583
vt 0.40425146 0.72578412
vt 0.00846797 0.17950964
vt 0.24832106 0.08227026
vt 0.34106568 0.15139830
vt 0.24481666 0.08243787
vt 0.27524397 0.30516511
vt 0.58317375 0.35133177
vt 0.53735757 0.34872627
vt 0.53635198 0.25592077
vt 0.08768257 0.41828096
vt 0.08262405 0.41687918
vt 0.26206440 0.25928801
vt 0.24100754 0.25438184
vt 0.81351924 0.34299737
vt 0.81377828 0.41974366
vt 0.24598987 0.33100623
vt 0.34121802 0.44858634
vt 0.24382629 0.32322037
vt 0.24722403 0.37805659
vt 0.81117284 0.46671778
vt 0.23927057 0.32646579
vt 0.33647949 0.45175558
vt 0.43679664 0.86461920
vt 0.88258636 0.40241975
vt 0.84665865 0.40267879
vt 0.43566912 0.90053165
vt 0.21707098 0.76680082
vt 0.10934888 0.76567328
vt 0.32840413 0.89928222
vt 0.38444400 0.47569209
vt 0.04863140 0.13354111
vt 0.23607090 0.86585331
vt 0.24283591 0.84351659
vt 0.06787511 0.12526768
vt 0.07246130 0.12794930
vt 0.58407271 0.77611029
vt 0.09306105 0.11545539
vt 0.25318149 0.81619757
vt 0.24998184 0.78889370
vt 0.06641240 0.39211988
vt 0.06210047 0.38334364
vt 0.86802024 0.62158167
vt 0.70742744 0.02926248
vt 0.06118628 0.39263791
vt 0.71605134 0.02743411
vt 0.74484831 0.77819771
vt 0.02524336 0.05071545
vt 0.74527496 0.05144680
vt 0.02542620 0.08309305
vt 0.77484900 0.04449898
vt 0.02542620 0.08975142
vt 0.73758054 0.74414408
vt 0.78103501 0.04408759
vt 0.74049067 0.73638874
vt 0.02931151 0.46074510
vt 0.78735816 0.04859757
vt 0.02882394 0.45457429
vt 0.78754103 0.05476838
vt 0.02832114 0.38392264
vt 0.78836381 0.12549627
vt 0.78735816 0.17655379
vt 0.02932675 0.33304793
vt 0.03424814 0.30048752
vt 0.83713585 0.01128340
vt 0.83968031 0.01494014
vt 0.28824070 0.21004361
vt 0.28825593 0.23964816
vt 0.83897948 0.04489511
vt 0.28453824 0.23969388
vt 0.28455347 0.28906012
vt 0.83737963 0.09458137
vt 0.26328331 0.04195446
vt 0.28083575 0.28909063
vt 0.28085101 0.35706067
vt 0.27711806 0.35587221
vt 0.26328331 0.09656215
vt 0.45476049 0.00086164
vt 0.31665680 0.25749010
vt 0.28085101 0.36201251
vt 0.32162389 0.26244199
vt 0.45316064 0.00611824
vt 0.31725100 0.26312762
vt 0.32128868 0.26775950
vt 0.75641286 0.35154504
vt 0.31665680 0.26747000
vt 0.45476049 0.01047587
vt 0.84245336 0.16992593
vt 0.76083142 0.35049373
vt 0.75743365 0.34531331
vt 0.84740525 0.16972780
vt 0.76141042 0.34542000
vt 0.89430320 0.15852898
vt 0.76110566 0.29451483
vt 0.75641286 0.29280829
vt 0.31414276 0.13014340
vt 0.31414276 0.12403357
vt 0.76067907 0.28890777
vt 0.89922464 0.15575594
vt 0.90539539 0.15429324
vt 0.20366286 0.28843546
vt 0.20538458 0.28956294
vt 0.71469527 0.06581485
vt 0.20338860 0.29553568
vt 0.71827585 0.06066489
vt 0.72310585 0.05658156
vt 0.74944973 0.79881269
vt 0.74535114 0.05412847
vt 0.66508520 0.76063001
vt 0.74830699 0.77871573
vt 0.02320167 0.08211792
vt 0.74073446 0.75119865
vt 0.74099350 0.74575919
vt 0.02205893 0.08831918
vt 0.74346179 0.73989314
vt 0.03290733 0.45931286
vt 0.74346179 0.73989314
vt 0.03243500 0.45309639
vt 0.03078945 0.38377029
vt 0.26236913 0.00075495
vt 0.83648068 0.04381335
vt 0.03179506 0.33289558
vt 0.25977892 0.04206115
vt 0.45089042 0.00092256
vt 0.25991604 0.09872568
vt 0.83625215 0.17038298
vt 0.44930580 0.00619441
vt 0.84006125 0.17501491
vt 0.84624726 0.17480159
vt 0.89684772 0.16218573
vt 0.20165163 0.29440814
vt 0.90176910 0.15941268
vt 0.19962518 0.29917717
vt 0.66567945 0.73817140
vt 0.72441620 0.05912602
vt 0.19962518 0.29917717
vt 0.87461764 0.16540068
vt 0.66124564 0.76043195
vt 0.20165163 0.29440814
vt 0.66031617 0.73864377
vt 0.19450572 0.29594702
vt 0.89433372 0.15930605
vt 0.07002345 0.05632252
vt 0.84734428 0.16556823
vt 0.89177394 0.15453702
vt 0.07031295 0.00817513
vt 0.83489609 0.09304249
vt 0.01450163 0.73448420
vt 0.30754536 0.45224315
vt 0.30644834 0.52175206
vt 0.83489609 0.16255140
vt 0.46911326 0.14312488
vt 0.83849192 0.15609115
vt 0.22420166 0.42044455
vt 0.84236199 0.16454738
vt 0.06947494 0.06133533
vt 0.30478755 0.52655160
vt 0.51310104 0.53554112
vt 0.83622164 0.16735095
vt 0.83981746 0.16099733
vt 0.22737086 0.41736674
vt 0.15921797 0.14618742
vt 0.46952465 0.14809197
vt 0.47569543 0.14752823
vt 0.16305757 0.15036225
vt 0.89681727 0.74268138
vt 0.90053493 0.74274236
vt 0.29793113 0.51977134
vt 0.89814281 0.73774481
vt 0.47528407 0.14254588
vt 0.46758962 0.08120370
vt 0.83862901 0.09409380
vt 0.83902520 0.04678446
vt 0.46854952 0.03398579
vt 0.01794508 0.69648433
vt 0.89604020 0.04615974
vt 0.63976216 0.50171608
vt 0.89739621 0.05230010
vt 0.63927460 0.50787163
vt 0.38554102 0.80079347
vt 0.63359135 0.50125897
vt 0.38500777 0.80708611
vt 0.75392926 0.29460621
vt 0.63310379 0.50741452
vt 0.75359410 0.33914256
vt 0.63267714 0.56074226
vt 0.63884795 0.56122983
vt 0.89834088 0.10564309
vt 0.63938123 0.60224652
vt 0.89907223 0.14665973
vt 0.63863462 0.59595382
vt 0.90019977 0.14036709
vt 0.79345280 0.61915904
vt 0.90275949 0.14524275
vt 0.79439747 0.58064115
vt 0.90207386 0.10669440
vt 0.79389465 0.52233106
vt 0.89980358 0.04844522
vt 0.79345280 0.51611459
vt 0.09207068 0.48617482
vt 0.21522737 0.14146411
vt 0.89844757 0.04230493
vt 0.40539420 0.86106908
vt 0.19895478 0.18398917
vt 0.64024973 0.49559098
vt 0.89344996 0.04003465
vt 0.89587259 0.03617984
vt 0.22139814 0.14029092
vt 0.37990353 0.54222989
vt 0.15706962 0.00086164
vt 0.15706962 0.00898266
vt 0.21839656 0.42631060
vt 0.29619417 0.51459092
vt 0.40539420 0.85445642
vt 0.88843715 0.03666741
vt 0.15370235 0.00483835
vt 0.37860844 0.53677523
vt 0.21501406 0.42219675
vt 0.18099093 0.12822360
vt 0.29619417 0.46729678
vt 0.18836540 0.46162879
vt 0.38028443 0.48606819
vt 0.12223896 0.53671432
vt 0.18332212 0.46232969
vt 0.43764988 0.47514361
vt 0.17564292 0.12677610
vt 0.18804544 0.46659589
vt 0.12865353 0.53535831
vt 0.22700518 0.49411303
vt 0.18041195 0.46824145
vt 0.23186563 0.49265033
vt 0.30634168 0.36630923
vt 0.18268219 0.47223341
vt 0.46952465 0.00174534
vt 0.44129142 0.47569209
vt 0.19033091 0.46933848
vt 0.30704254 0.37260193
vt 0.18879202 0.47415322
vt 0.01794508 0.67425430
vt 0.46871713 0.00669718
vt 0.19506946 0.47235531
vt 0.01410548 0.69371128
vt 0.21839656 0.47869372
vt 0.30815482 0.40254164
vt 0.30015564 0.45158798
vt 0.90053493 0.67460471
vt 0.89681727 0.67454374
vt 0.47365376 0.07945150
vt 0.89640588 0.62868190
vt 0.47348616 0.03355914
vt 0.89562881 0.60262746
vt 0.47499457 0.00741333
vt 0.47569543 0.00118160
vt 0.89450127 0.59641099
vt 0.44129142 0.47002411
vt 0.43764988 0.46946037
vt 0.89206344 0.59386647
vt 0.17564292 0.13305354
vt 0.29011479 0.46816528
vt 0.18100616 0.13463813
vt 0.88708109 0.59499395
vt 0.39701411 0.80746704
vt 0.40053377 0.85631526
vt 0.07421350 0.12875688
vt 0.19895478 0.17694992
vt 0.63398749 0.49635279
vt 0.19363724 0.18094188
vt 0.07479248 0.13463813
vt 0.38744560 0.79559779
vt 0.32160866 0.39042860
vt 0.10022222 0.38652807
vt 0.38141194 0.79750240
vt 0.09973464 0.39268363
vt 0.38087866 0.80379504
vt 0.38744560 0.86164808
vt 0.09882046 0.45097852
vt 0.83446944 0.69048113
vt 0.75004399 0.34010243
vt 0.75392926 0.36949366
vt 0.83632833 0.72523558
vt 0.63235718 0.59673095
vt 0.83748627 0.73021793
vt 0.63322568 0.60178947
vt 0.63407892 0.60686320
vt 0.83987844 0.73523080
vt 0.06370030 0.00147110
vt 0.06947494 0.00371087
vt 0.89544594 0.15177923
vt 0.64024973 0.60733557
vt 0.84479982 0.73782098
vt 0.06409646 0.00709337
vt 0.88929039 0.74746567
vt 0.06380696 0.05524069
vt 0.15921797 0.15407991
vt 0.22737086 0.42483264
vt 0.06370030 0.05909556
vt 0.89303857 0.74630773
vt 0.89541548 0.75130528
vt 0.65365785 0.79469883
vt 0.11172578 0.15129167
vt 0.51310104 0.52874565
vt 0.29748926 0.52467752
vt 0.89920938 0.74766374
vt 0.66124564 0.76043195
vt 0.65416062 0.78968602
vt 0.48927116 0.57585692
vt 0.49545720 0.62639642
vt 0.66031617 0.73864377
vt 0.49664563 0.57450086
vt 0.48885977 0.57075268
vt 0.50778353 0.52851707
vt 0.84000033 0.17085534
vt 0.50778353 0.53529733
vt 0.49568573 0.56825387
vt 0.74675292 0.75264609
vt 0.66155034 0.79113352
vt 0.84618634 0.17064202
vt 0.74701190 0.74722189
vt 0.74099350 0.74575919
vt 0.03889528 0.45635700
vt 0.74944973 0.74245286
vt 0.03728021 0.45148128
vt 0.03685358 0.38206381
vt 0.03673169 0.33251464
vt 0.03179506 0.33289558
vt 0.03813345 0.30266637
vt 0.03424814 0.30048752
vt 0.47868180 0.53308803
vt 0.03889528 0.29644984
vt 0.03499473 0.29427105
vt 0.47435462 0.53354514
vt 0.11874980 0.11923403
vt 0.47868180 0.52805996
vt 0.12054771 0.12666947
vt 0.76457959 0.86903775
vt 0.12565194 0.12668467
vt 0.77090275 0.92081141
vt 0.89587259 0.03617984
vt 0.76948577 0.92632705
vt 0.89844757 0.04230493
vt 0.90349084 0.04737866
vt 0.19893953 0.19363391
vt 0.19450572 0.19497472
vt 0.89980358 0.04844522
vt 0.19685213 0.24568182
vt 0.20117931 0.24632174
vt 0.19865005 0.27991825
vt 0.20384569 0.28223419
vt 0.19762920 0.28561670
vt 0.20366286 0.28843546
vt 0.89925510 0.15663964
vt 0.19737017 0.29166561
vt 0.52850515 0.21744853
vt 0.79390991 0.62528414
vt 0.90163195 0.15142876
vt 0.48927116 0.57585692
vt 0.49545720 0.62639642
vt 0.48924071 0.62734103
vt 0.49623424 0.63140917
vt 0.53403604 0.21990162
vt 0.53403604 0.21319759
vt 0.48885977 0.63276529
vt 0.80008066 0.62484229
vt 0.52778906 0.21234435
vt 0.80087298 0.61862576
vt 0.80180240 0.58006215
vt 0.80131483 0.52178252
vt 0.09274109 0.47969931
vt 0.80087298 0.51558125
vt 0.38593718 0.54300702
vt 0.22139814 0.14659882
vt 0.08658554 0.47969931
vt 0.38526678 0.53672957
vt 0.12223896 0.54300702
vt 0.38593718 0.48591578
vt 0.22700518 0.50112188
vt 0.12732796 0.54276323
vt 0.29748926 0.36803097
vt 0.23160660 0.50058854
vt 0.29942429 0.37444550
vt 0.89893514 0.62624407
vt 0.30064321 0.40313590
vt 0.05649344 0.22293371
vt 0.45060092 0.07329595
vt 0.89943790 0.59775174
vt 0.89706105 0.59148955
vt 0.45169795 0.06636333
vt 0.89338905 0.58892983
vt 0.88843715 0.58882320
vt 0.39613041 0.85733610
vt 0.84449506 0.61635554
vt 0.12076102 0.10322046
vt 0.32461023 0.38514155
vt 0.38455066 0.79216957
vt 0.07031295 0.13463813
vt 0.39795879 0.86314124
vt 0.32078588 0.38235325
vt 0.75874400 0.73998451
vt 0.09702255 0.38012874
vt 0.75278652 0.73591638
vt 0.09528559 0.38614714
vt 0.74542731 0.73425561
vt 0.09469136 0.39352161
vt 0.68861037 0.72982180
vt 0.09388383 0.45056713
vt 0.65026009 0.72767341
vt 0.09453899 0.48911548
vt 0.09947562 0.48951161
vt 0.83254963 0.72886193
vt 0.10022222 0.49580431
vt 0.45774683 0.07413399
vt 0.83367717 0.73509359
vt 0.45774683 0.08036572
vt 0.65364259 0.73201585
vt 0.83730346 0.74012172
vt 0.65409970 0.73762286
vt 0.84222484 0.74271190
vt 0.89043313 0.75243276
vt 0.65416062 0.78968602
vt 0.62318480 0.78578550
vt 0.64902592 0.78916800
vt 0.64919353 0.79582632
vt 0.62281913 0.79197150
vt 0.11660146 0.15258676
vt 0.62754244 0.79596347
vt 0.11667764 0.14626360
vt 0.11206098 0.14597410
vt 0.06133865 0.36758912
vt 0.11608341 0.14062607
vt 0.63365233 0.79756331
vt 0.70278031 0.80393219
vt 0.60246319 0.86535054
vt 0.93195266 0.54160523
vt 0.39640465 0.50528145
vt 0.60246319 0.89877939
vt 0.39640465 0.47750527
vt 0.40688738 0.50561661
vt 0.92451721 0.54899490
vt 0.40987372 0.90310657
vt 0.88613647 0.86538100
vt 0.38139671 0.93633741
vt 0.89604020 0.54899490
vt 0.85272276 0.86538100
vt 0.38139671 0.90307611
vt 0.40987372 0.93635267
vt 0.40688738 0.47784048
vt 0.40987372 0.97084808
vt 0.53996301 0.05684054
vt 0.40688738 0.44902819
vt 0.39640465 0.44869304
vt 0.53254282 0.04942036
vt 0.60246319 0.93344247
vt 0.53254282 0.00113589
vt 0.34510335 0.97084808
vt 0.65071720 0.93344247
vt 0.65071720 0.89876419
vt 0.34510335 0.93620026
vt 0.34510335 0.90278661
vt 0.93193740 0.49351883
vt 0.65071720 0.86533529
vt 0.89850849 0.49351883
vt 0.37847129 0.90271044
vt 0.85269231 0.80978298
vt 0.80689138 0.82092088
vt 0.74961734 0.83135790
vt 0.70124143 0.83111411
vt 0.80318892 0.86908346
vt 0.75115621 0.80416071
vt 0.06133865 0.22124243
vt 0.77990752 0.80080867
vt 0.45532423 0.07140666
vt 0.78616971 0.79992497
vt 0.45625365 0.06554061
vt 0.45060092 0.06202096
vt 0.12054771 0.12666947
vt 0.45532423 0.06013161
vt 0.78894275 0.79511023
vt 0.12050200 0.13162130
vt 0.12565194 0.12668467
vt 0.74196863 0.14205831
vt 0.12560624 0.13163656
vt 0.78923225 0.79015839
vt 0.73742813 0.14167744
vt 0.74196863 0.19596511
vt 0.12415876 0.09790295
vt 0.32461023 0.37644148
vt 0.12076102 0.09502321
vt 0.73742813 0.19559944
vt 0.76339114 0.74521065
vt 0.35709447 0.02243650
vt 0.76339114 0.74521065
vt 0.76988190 0.74060929
vt 0.35426047 0.01481825
vt 0.58638865 0.04935944
vt 0.06869788 0.43979490
vt 0.02193704 0.09144264
vt 0.06880454 0.08294070
vt 0.08658554 0.43027210
vt 0.21640058 0.24665695
vt 0.21763474 0.20332432
vt 0.47804186 0.49892777
vt 0.58638865 0.00325376
vt 0.22013351 0.24665695
vt 0.22136767 0.20332432
vt 0.58335662 0.04000419
vt 0.58399653 0.04466659
vt 0.34869915 0.01489443
vt 0.22139814 0.19837248
vt 0.57077122 0.04388952
vt 0.76174563 0.84022552
vt 0.76201987 0.72650027
vt 0.76173037 0.85630006
vt 0.74602151 0.72435188
vt 0.76668227 0.91323888
vt 0.68912840 0.72115219
vt 0.76915056 0.95532209
vt 0.64713663 0.71755642
vt 0.09519417 0.49664229
vt 0.64276373 0.72849619
vt 0.45332825 0.07454538
vt 0.45332825 0.08077711
vt 0.63759857 0.73192441
vt 0.64893454 0.73032463
vt 0.63474935 0.73797333
vt 0.64896500 0.73708963
vt 0.64893454 0.75448972
vt 0.63007170 0.75386500
vt 0.59306222 0.75052822
vt 0.09597123 0.11868554
vt 0.11724139 0.10539931
vt 0.26229292 0.78889370
vt 0.86957437 0.62659448
vt 0.06731136 0.38282561
vt 0.25356242 0.78022414
vt 0.31072977 0.39419204
vt 0.32063350 0.42266905
vt 0.87070185 0.65520859
vt 0.32610342 0.40987039
vt 0.86802024 0.67315722
vt 0.32188290 0.44371068
vt 0.38825312 0.50096947
vt 0.32311708 0.46723586
vt 0.38822266 0.52449465
vt 0.38822266 0.54899490
vt 0.32188290 0.49199516
vt 0.82723212 0.74199581
vt 0.32063350 0.51303679
vt 0.82456571 0.72401667
vt 0.82348394 0.71418917
vt 0.31939936 0.52418995
vt 0.82392579 0.70778978
vt 0.31444749 0.53656197
vt 0.82435244 0.70137525
vt 0.82026905 0.69921166
vt 0.11350845 0.47456461
vt 0.82180792 0.69419885
vt 0.11369129 0.46930802
vt 0.11335608 0.46496558
vt 0.82354486 0.69020689
vt 0.72779870 0.44358879
vt 0.82723212 0.69034398
vt 0.34170559 0.35946804
vt 0.73154688 0.44244605
vt 0.34255886 0.36873186
vt 0.74015546 0.44390875
vt 0.34236076 0.39877820
vt 0.76710886 0.45199937
vt 0.07881492 0.03374201
vt 0.79880077 0.42431462
vt 0.79282808 0.46007466
vt 0.34226936 0.42780375
vt 0.70157665 0.26238102
vt 0.07881492 0.04038513
vt 0.80498683 0.42446697
vt 0.33766794 0.42995214
vt 0.42879748 0.84475076
vt 0.72686923 0.58944786
vt 0.38444400 0.32034069
vt 0.42203248 0.86585331
vt 0.32843462 0.86585331
vt 0.38444400 0.39853442
vt 0.05449746 0.13463813
vt 0.37920263 0.47244674
vt 0.39555141 0.26027840
vt 0.57671350 0.79558253
vt 0.41910705 0.26151252
vt 0.42782235 0.36542553
vt 0.60013199 0.79814231
vt 0.42258099 0.36649209
vt 0.06741802 0.53246331
vt 0.60362113 0.80205810
vt 0.60196036 0.83172357
vt 0.06859122 0.50281310
vt 0.79828274 0.96784651
vt 0.15763336 0.50288928
vt 0.88743156 0.96661234
vt 0.38139671 0.97081763
vt 0.92081475 0.86538100
vt 0.56844008 0.05684054
vt 0.37847129 0.97077191
vt 0.56597173 0.00113589
vt 0.92078429 0.80978298
vt 0.94100308 0.63188154
vt 0.88610595 0.77028996
vt 0.81429631 0.77028996
vt 0.94100308 0.56045282
vt 0.80050731 0.83172357
vt 0.22737086 0.26791185
vt 0.80197001 0.80576056
vt 0.96701181 0.56048328
vt 0.36014178 0.27130961
vt 0.28123191 0.16925550
vt 0.97938389 0.57416564
vt 0.98061800 0.56801009
vt 0.28111002 0.17493874
vt 0.22365315 0.28276747
vt 0.22737086 0.28572333
vt 0.28063768 0.17950964
vt 0.79928839 0.78822333
vt 0.79586017 0.78307343
vt 0.77210641 0.74446404
vt 0.35901427 0.01466590
vt 0.76672792 0.11938643
vt 0.35374245 0.01120722
vt 0.29230884 0.44710845
vt 0.35384911 0.00575256
vt 0.29767209 0.44703221
vt 0.76739836 0.11438882
vt 0.29232410 0.44236988
vt 0.19350010 0.11967587
vt 0.73148590 0.49962866
vt 0.19258592 0.07495677
vt 0.73747385 0.45463526
vt 0.37684098 0.54151380
vt 0.16455074 0.33464777
vt 0.73395425 0.45198411
vt 0.73463988 0.44581330
vt 0.10249245 0.54087389
vt 0.38944158 0.12865019
vt 0.39043194 0.12420112
vt 0.10285813 0.53592205
vt 0.25729537 0.00605726
vt 0.00077353 0.22706282
vt 0.25606120 0.06424546
vt 0.00078877 0.28482437
vt 0.00077353 0.34406394
vt 0.25729537 0.12368309
vt 0.11935926 0.53593725
vt 0.84355044 0.44550860
vt 0.00558827 0.25642353
vt 0.00897078 0.25729203
vt 0.84368753 0.44901299
vt 0.02475580 0.53433740
vt 0.31527027 0.30275774
vt 0.02506053 0.54002064
vt 0.84027457 0.45346206
vt 0.79432124 0.84475076
vt 0.83678544 0.45617414
vt 0.34167513 0.31863421
vt 0.84368753 0.50112188
vt 0.79365087 0.89009464
vt 0.23419681 0.49658138
vt 0.31545311 0.35140795
vt 0.23785357 0.49460059
vt 0.28272510 0.05588067
vt 0.43661380 0.48559582
vt 0.43708614 0.49019724
vt 0.28272510 0.06029922
vt 0.08658554 0.47720051
vt 0.09124791 0.47448844
vt 0.28022629 0.06581485
vt 0.21763474 0.29123896
vt 0.22136767 0.29122370
vt 0.48107392 0.53665340
vt 0.57322431 0.00144058
vt 0.49119097 0.49706894
vt 0.71221173 0.83896089
vt 0.71221173 0.85630006
vt 0.71221173 0.91323888
vt 0.71219647 0.95407271
vt 0.76944005 0.11475450
vt 0.71219647 0.98008144
vt 0.77038473 0.98131555
vt 0.76951623 0.05664247
vt 0.62117362 0.71607846
vt 0.78086746 0.05304664
vt 0.77372152 0.51846099
vt 0.61680073 0.72701830
vt 0.60065001 0.72735345
vt 0.78984171 0.51721156
vt 0.11689095 0.10986358
vt 0.16979210 0.11790848
vt 0.32633197 0.78889370
vt 0.32622531 0.78022414
vt 0.31072977 0.46723586
vt 0.82569325 0.69535685
vt 0.31072977 0.54151380
vt 0.40010715 0.78022414
vt 0.33647949 0.35901093
vt 0.40391627 0.78889370
vt 0.33733273 0.36827475
vt 0.33798790 0.39888489
vt 0.41697395 0.81619757
vt 0.41401806 0.84475076
vt 0.72717398 0.60948384
vt 0.73014510 0.59446067
vt 0.80456018 0.46644354
vt 0.39555141 0.43979490
vt 0.37920263 0.32325089
vt 0.37920263 0.39836687
vt 0.39555141 0.34941196
vt 0.42035645 0.35066134
vt 0.42695385 0.28701848
vt 0.42171249 0.28700322
vt 0.15769431 0.53253949
vt 0.24551754 0.50281310
vt 0.84070116 0.49144667
vt 0.97533095 0.96784651
vt 0.84009171 0.58979833
vt 0.97033340 0.86908346
vt 0.84032029 0.63757998
vt 0.96660042 0.82092088
vt 0.95914978 0.77028996
vt 0.84070116 0.68749475
vt 0.94100308 0.70454443
vt 0.96701181 0.63191199
vt 0.36137593 0.32951307
vt 0.97938389 0.63192725
vt 0.36014178 0.38893545
vt 0.97938389 0.69116676
vt 0.03897146 0.44307077
vt 0.98061800 0.69608819
vt 0.03929142 0.44756550
vt 0.04276535 0.44799215
vt 0.36376807 0.38892019
vt 0.04337481 0.44307077
vt 0.36500221 0.32949781
vt 0.27685905 0.16925550
vt 0.36376807 0.27130961
vt 0.27749896 0.17429876
vt 0.80308223 0.78718722
vt 0.27698094 0.17790985
vt 0.80474305 0.77984327
vt 0.19895478 0.11888361
vt 0.29768732 0.44229370
vt 0.35858765 0.00561541
vt 0.78098935 0.74123394
vt 0.19805582 0.07416445
vt 0.19278398 0.06878597
vt 0.10302573 0.54451537
vt 0.73713863 0.44846445
vt 0.19278398 0.06878597
vt 0.19805582 0.07416445
vt 0.10919651 0.54451537
vt 0.19895478 0.06899929
vt 0.25228256 0.00112063
vt 0.10883084 0.53979206
vt 0.25231302 0.00607252
vt 0.25106362 0.06426072
vt 0.25231302 0.12244892
vt 0.11329514 0.53976166
vt 0.25228256 0.12865019
vt 0.78886658 0.84383655
vt 0.78804380 0.83865619
vt 0.11297517 0.54451537
vt 0.11916119 0.54451537
vt 0.79422987 0.83854949
vt 0.83946705 0.44730651
vt 0.11967923 0.54087389
vt 0.04319197 0.45164889
vt 0.79618013 0.68942982
vt 0.79422987 0.83854949
vt 0.83701396 0.45000339
vt 0.78819621 0.88918042
vt 0.78804380 0.89364469
vt 0.27816936 0.05717576
vt 0.23785357 0.49962866
vt 0.79349852 0.89454365
vt 0.09274109 0.43728089
vt 0.21766521 0.29617560
vt 0.27816936 0.06159437
vt 0.08999851 0.43979490
vt 0.19094037 0.00598109
vt 0.48043400 0.54130054
vt 0.22139814 0.29617560
vt 0.39937577 0.51708972
vt 0.09743393 0.24818057
vt 0.19447525 0.00090736
vt 0.08999851 0.43356317
vt 0.39926913 0.51168072
vt 0.75025731 0.66628557
vt 0.39453056 0.51160455
vt 0.78886658 0.84383655
vt 0.78883612 0.69107533
vt 0.79206628 0.68237531
vt 0.39410394 0.52057886
vt 0.75348741 0.65757024
vt 0.15997979 0.03099942
vt 0.09743393 0.25430566
vt 0.19052899 0.00090736
vt 0.10022222 0.25010037
vt 0.16455074 0.03221834
vt 0.74963260 0.65510201
vt 0.47804186 0.54600859
vt 0.49364406 0.54047775
vt 0.73553884 0.64690471
vt 0.66145891 0.84022552
vt 0.73462462 0.63090640
vt 0.66145891 0.85631526
vt 0.73019081 0.57482082
vt 0.65649182 0.91323888
vt 0.72659498 0.53327084
vt 0.65400827 0.95532209
vt 0.65277410 0.98131555
vt 0.72513229 0.50753641
vt 0.76951623 0.17419213
vt 0.78086746 0.11490685
vt 0.77372152 0.58035171
vt 0.78984171 0.58035171
vt 0.16845129 0.12212896
vt 0.78984171 0.64474118
vt 0.73639208 0.48760706
vt 0.73145545 0.66150129
vt 0.22101724 0.13463813
vt 0.22438450 0.13088995
vt 0.72686923 0.66268975
vt 0.39283931 0.78889370
vt 0.40219453 0.81619757
vt 0.72738731 0.63738191
vt 0.73093742 0.61358249
vt 0.78510320 0.47301048
vt 0.41910705 0.43856072
vt 0.80711991 0.48963350
vt 0.42782235 0.21053118
vt 0.24682787 0.53246331
vt 0.42258099 0.20943415
vt 0.81103569 0.49322933
vt 0.81289458 0.59132195
vt 0.81313837 0.63911891
vt 0.81473815 0.68895745
vt 0.96701181 0.70457494
vt 0.03947426 0.45326400
vt 0.98430526 0.70004964
vt 0.79721618 0.68578827
vt 0.30516845 0.52926368
vt 0.02542620 0.67423904
vt 0.79913598 0.67614359
vt 0.15997979 0.03889197
vt 0.75423402 0.64888549
vt 0.02542620 0.72816098
vt 0.11068969 0.09653163
vt 0.32229429 0.41383189
vt 0.75423402 0.64888549
vt 0.32610342 0.41975892
vt 0.45764017 0.36516649
vt 0.74900788 0.64413166
vt 0.45934668 0.37118489
vt 0.74493974 0.63806760
vt 0.45992565 0.37857461
vt 0.74329418 0.63075399
vt 0.46073321 0.43560487
vt 0.73886037 0.57456183
vt 0.46007803 0.47415322
vt 0.73669678 0.53676003
vt 0.45943809 0.48168004
vt 0.47718862 0.35730445
vt 0.73751956 0.52941602
vt 0.47718862 0.36350572
vt 0.75842404 0.07942104
vt 0.74094778 0.52440321
vt 0.75833261 0.08624703
vt 0.74699670 0.52181304
vt 0.77372152 0.64350700
vt 0.78086746 0.17801648
vt 0.73605686 0.50357491
vt 0.73150116 0.63882935
vt 0.75955158 0.48094869
vt 0.75842404 0.13844728
vt 0.79476315 0.51221400
vt 0.75836313 0.14510560
vt 0.17526200 0.11461741
vt 0.80094916 0.51209211
vt 0.17581052 0.10832471
vt 0.80494112 0.51692212
vt 0.17669424 0.10288525
vt 0.00772138 0.73495650
vt 0.80652571 0.52300143
vt 0.01197237 0.67548841
vt 0.35322440 0.25454944
vt 0.80788177 0.59037733
vt 0.35410812 0.20620400
vt 0.80935967 0.63809800
vt 0.35322440 0.17632520
vt 0.17936063 0.49636805
vt 0.80978632 0.66736734
vt 0.17827883 0.49033439
vt 0.29457909 0.53069592
vt 0.80888736 0.67346197
vt 0.80408788 0.67597598
vt 0.30006424 0.52926368
vt 0.10729195 0.09941137
vt 0.02090096 0.72851145
vt 0.32229429 0.42253196
vt 0.11068969 0.10471368
vt 0.45441005 0.37158108
vt 0.32529590 0.42783427
vt 0.45489761 0.37772137
vt 0.45581180 0.43601626
vt 0.45514140 0.47454935
vt 0.47273955 0.35683215
vt 0.45441005 0.48084205
vt 0.75382262 0.08111233
vt 0.47273955 0.36303335
vt 0.75327414 0.08679551
vt 0.75338078 0.13899577
vt 0.75834787 0.10370803
vt 0.76287311 0.51779056
vt 0.75834787 0.10370803
vt 0.18100616 0.11818272
vt 0.75338078 0.13899577
vt 0.18015292 0.11385554
vt 0.18041195 0.10850751
vt 0.35537276 0.32311374
vt 0.01197237 0.73597735
vt 0.18100616 0.10399753
vt 0.35814580 0.25506747
vt 0.35901427 0.20675254
vt 0.18399252 0.49813551
vt 0.35802391 0.17807740
vt 0.18283455 0.49114192
vt 0.89067692 0.40241975
vt 0.30003375 0.53445935
vt 0.18399252 0.48689097
vt 0.06869788 0.49915636
vt 0.45325208 0.36504459
vt 0.88700491 0.40482712
vt 0.07329930 0.49962866
vt 0.07329930 0.49255890
vt 0.44441488 0.36332285
vt 0.06843886 0.49114192
vt 0.44371402 0.36961555
vt 0.44260174 0.39955527
vt 0.44321120 0.44924152
vt 0.44554240 0.51862860
vt 0.18316975 0.32610011
vt 0.44596902 0.52356517
vt 0.74231905 0.71802878
vt 0.18848729 0.32585633
vt 0.18848729 0.31909132
vt 0.73534077 0.71525574
vt 0.96824598 0.14097655
vt 0.74346179 0.71182752
vt 0.97374636 0.13812733
vt 0.68973786 0.26359993
vt 0.44709653 0.35762441
vt 0.97533095 0.13311452
vt 0.97306073 0.12871116
vt 0.44747743 0.35268778
vt 0.45526329 0.28503770
vt 0.45774683 0.28519005
vt 0.81228513 0.34295166
vt 0.45718309 0.35584176
vt 0.81147754 0.41348147
vt 0.81129473 0.41966748
vt 0.45669553 0.36201251
vt 0.69680762 0.25561601
vt 0.70009869 0.27012116
vt 0.08113087 0.03273642
vt 0.69333369 0.26757669
vt 0.69875789 0.26471221
vt 0.45306924 0.36056507
vt 0.69476593 0.25977558
vt 0.45355681 0.35436380
vt 0.14867431 0.10818756
vt 0.80887210 0.41840285
vt 0.69476593 0.25977558
vt 0.45306924 0.36056507
vt 0.14958850 0.10259581
vt 0.14660214 0.04452944
vt 0.15719151 0.06013161
vt 0.14171122 0.00176060
vt 0.15856279 0.02798259
vt 0.15783145 0.02173561
vt 0.80385929 0.25121266
vt 0.29468575 0.21674770
vt 0.15310812 0.01888639
vt 0.79764283 0.25227922
vt 0.82761306 0.40435481
vt 0.79764283 0.25227922
vt 0.82895386 0.39903724
vt 0.22088011 0.49155331
vt 0.80385929 0.25121266
vt 0.22191618 0.48591578
vt 0.79771900 0.24979568
vt 0.79176152 0.24222314
vt 0.24832106 0.75065011
vt 0.24202837 0.75017774
vt 0.23265792 0.74505830
vt 0.85829937 0.67763674
vt 0.85362172 0.67145073
vt 0.22791937 0.73986268
vt 0.08676837 0.24013573
vt 0.76812971 0.65220702
vt 0.76940960 0.64478683
vt 0.08559517 0.24760163
vt 0.08073472 0.30705446
vt 0.07331454 0.30706972
vt 0.13573851 0.13820350
vt 0.04782386 0.13820350
vt 0.42218482 0.00144058
vt 0.07331454 0.39492339
vt 0.18379445 0.14102226
vt 0.33716512 0.49511868
vt 0.04782386 0.13696933
vt 0.13573851 0.13696933
vt 0.18379445 0.22846454
vt 0.18998048 0.22846454
vt 0.50597036 0.96336699
vt 0.07090718 0.45009476
vt 0.07604188 0.21671718
vt 0.59386981 0.96092916
vt 0.07604188 0.20905322
vt 0.59263563 0.95227480
vt 0.50597036 0.95227480
vt 0.07980529 0.45239550
vt 0.03839247 0.46037942
vt 0.49851972 0.83467942
vt 0.50593990 0.83472514
vt 0.04038845 0.46211636
vt 0.49851972 0.83720869
vt 0.50593990 0.84833133
vt 0.03881909 0.47790140
vt 0.48613244 0.84709716
vt 0.50595516 0.86442113
vt 0.03810298 0.50054288
vt 0.47004271 0.86318696
vt 0.50595516 0.88174498
vt 0.03790490 0.52400708
vt 0.45395294 0.88051087
vt 0.50595516 0.90153724
vt 0.04038845 0.54808074
vt 0.44033152 0.90153724
vt 0.50595516 0.92009532
vt 0.08975473 0.32027972
vt 0.43042779 0.92009532
vt 0.50595516 0.93866861
vt 0.42424175 0.93866861
vt 0.42177343 0.93737352
vt 0.58638865 0.61812294
vt 0.08827679 0.32550585
vt 0.08801777 0.33822834
vt 0.58638865 0.63314617
vt 0.04782386 0.12583143
vt 0.58020264 0.63326806
vt 0.33541292 0.49514914
vt 0.58020264 0.64323270
vt 0.04658971 0.13573515
vt 0.78917134 0.23885584
vt 0.41801003 0.00457931
vt 0.04412140 0.14192122
vt 0.02926580 0.15052980
vt 0.01169811 0.05190390
vt 0.01340460 0.03611892
vt 0.52780432 0.10477459
vt 0.47834659 0.11123490
vt 0.12630711 0.35082895
vt 0.04396903 0.50710976
vt 0.02842779 0.47550929
vt 0.12295508 0.34980810
vt 0.19170220 0.18075907
vt 0.11919166 0.38512629
vt 0.02842779 0.50860298
vt 0.64169717 0.11035115
vt 0.22392741 0.35716730
vt 0.63921362 0.11045784
vt 0.59466207 0.11604959
vt 0.58847606 0.11582106
vt 0.10311715 0.42268431
vt 0.10919651 0.42338520
vt 0.44296741 0.22241569
vt 0.43062586 0.22166908
vt 0.47452223 0.22811413
vt 0.46836668 0.22837311
vt 0.46228731 0.22774845
vt 0.71531999 0.38829553
vt 0.71163273 0.44287270
vt 0.68690389 0.52962935
vt 0.65597379 0.52970552
vt 0.64238280 0.52859330
vt 0.39230603 0.32777613
vt 0.38615048 0.32805037
vt 0.28607711 0.57329714
vt 0.28610760 0.58071733
vt 0.37769422 0.58071733
vt 0.37889791 0.58938694
vt 0.36952746 0.42390323
vt 0.36341763 0.42315662
vt 0.09604741 0.67166406
vt 0.09618454 0.65801215
vt 0.09624548 0.62580216
vt 0.09632166 0.59854406
vt 0.09636737 0.58985925
vt 0.29078519 0.44057196
vt 0.28379163 0.44020629
vt 0.27679810 0.43984061
vt 0.27701139 0.29619080
vt 0.05727050 0.43082058
vt 0.04486798 0.43132341
vt 0.33356932 0.37898600
vt 0.04168355 0.33978248
vt 0.33363026 0.29931432
vt 0.32846507 0.22328413
vt 0.32016119 0.67125267
vt 0.31889656 0.67745394
vt 0.31389898 0.72455001
vt 0.01197237 0.10369283
vt 0.24826011 0.00148630
vt 0.00846797 0.10354042
vt 0.31391421 0.72700304
vt 0.27495447 0.21450794
vt 0.27248615 0.21470600
vt 0.16263095 0.14003187
vt 0.58340228 0.26100975
vt 0.17360123 0.18842304
vt 0.58230525 0.20656967
vt 0.53525496 0.20149595
vt 0.09554461 0.37185532
vt 0.08951095 0.37071258
vt 0.25584790 0.20492417
vt 0.09196403 0.33658278
vt 0.24717832 0.16785371
vt 0.23232272 0.16785371
vt 0.81358021 0.25637782
vt 0.45489761 0.19453287
vt 0.80998439 0.25256872
vt 0.22438450 0.49962866
vt 0.22438450 0.49156857
vt 0.80392027 0.24871385
vt 0.34290928 0.17652333
vt 0.80392027 0.24871385
vt 0.24566990 0.73064458
vt 0.80699801 0.22902828
vt 0.34290928 0.15715772
vt 0.07934820 0.22035873
vt 0.07331454 0.21798182
vt 0.34930861 0.15415609
vt 0.22487207 0.13820350
vt 0.22487207 0.13696933
vt 0.07005393 0.45774353
vt 0.18379445 0.31712580
vt 0.59386981 0.96336699
vt 0.18998048 0.31590688
vt 0.06921592 0.45212126
vt 0.07180613 0.45160317
vt 0.64303797 0.42810851
vt 0.07779408 0.21690005
vt 0.64303797 0.41945416
vt 0.07779408 0.20923609
vt 0.07755029 0.19590414
vt 0.64303797 0.40461379
vt 0.59138626 0.93737352
vt 0.58891791 0.93866861
vt 0.05899223 0.18865156
vt 0.58271664 0.92009532
vt 0.40940139 0.53174722
vt 0.57281291 0.90153724
vt 0.41179353 0.50714028
vt 0.55919152 0.88051087
vt 0.41159546 0.48349321
vt 0.54308653 0.86318696
vt 0.41092506 0.46074510
vt 0.52699673 0.84709716
vt 0.40940139 0.44503623
vt 0.51460946 0.83720869
vt 0.41138214 0.44322312
vt 0.07980529 0.46848524
vt 0.51460946 0.83467942
vt 0.50595516 0.83221114
vt 0.07965293 0.45973951
vt 0.11967923 0.35288584
vt 0.27076444 0.18398917
vt 0.34802875 0.25878519
vt 0.27076444 0.18906295
vt 0.15929414 0.44683415
vt 0.08212125 0.45972425
vt 0.33573291 0.14179933
vt 0.11727186 0.35911763
vt 0.16305757 0.44165373
vt 0.08227361 0.45116132
vt 0.16305757 0.45026237
vt 0.26689437 0.19147032
vt 0.12703846 0.00841892
vt 0.07349738 0.00096828
vt 0.03587845 0.46108031
vt 0.07479248 0.01602197
vt 0.03680787 0.47614920
vt 0.07279650 0.04038513
vt 0.03604605 0.50052762
vt 0.03584797 0.52399182
vt 0.45271879 0.87923098
vt 0.43786320 0.90025735
vt 0.03776777 0.54899490
vt 0.58638865 0.57963556
vt 0.08736260 0.30079228
vt 0.42795947 0.92004961
vt 0.08736260 0.32162058
vt 0.58638865 0.60028100
vt 0.05647820 0.09494704
vt 0.58143681 0.60163707
vt 0.58018738 0.61947906
vt 0.05030742 0.11222523
vt 0.03668598 0.12583143
vt 0.01473018 0.07431680
vt 0.01633001 0.05179727
vt 0.52762145 0.08705455
vt 0.47816375 0.09228069
vt 0.12784600 0.33283460
vt 0.12588049 0.33333743
vt 0.01989535 0.00168437
vt 0.04637640 0.48963350
vt 0.04396903 0.48835367
vt 0.02291218 0.00200438
vt 0.64046299 0.05383897
vt 0.02626421 0.45951092
vt 0.02496911 0.47596639
vt 0.63921362 0.07279319
vt 0.36050746 0.17352170
vt 0.59591150 0.07715082
vt 0.10653012 0.45774353
vt 0.58972543 0.07815641
vt 0.35387957 0.17352170
vt 0.44296741 0.18511671
vt 0.43803081 0.18482721
vt 0.42692339 0.18415678
vt 0.47252625 0.19313109
vt 0.46551746 0.19293302
vt 0.46027610 0.19276541
vt 0.70911872 0.35113364
vt 0.70789981 0.38835645
vt 0.68565452 0.44294888
vt 0.40874624 0.25713968
vt 0.65595853 0.44304025
vt 0.64238280 0.44194323
vt 0.39315927 0.25380290
vt 0.38616574 0.25358957
vt 0.19941187 0.57453132
vt 0.19945759 0.58071733
vt 0.28607711 0.58938694
vt 0.37592679 0.34388107
vt 0.36981696 0.34311926
vt 0.18886821 0.67166406
vt 0.18777117 0.65801215
vt 0.18784736 0.62703633
vt 0.18790831 0.59977818
vt 0.18796925 0.58985925
vt 0.29623985 0.36114407
vt 0.29013002 0.36125070
vt 0.28272510 0.20458895
vt 0.27650860 0.20458895
vt 0.28313649 0.36001652
vt 0.05407083 0.33924919
vt 0.29092231 0.28371215
vt 0.05359850 0.25252301
vt 0.04121122 0.25304103
vt 0.33455968 0.22262895
vt 0.32899836 0.17329317
vt 0.26573637 0.67372096
vt 0.26570591 0.67992222
vt 0.01026588 0.05623108
vt 0.25947419 0.72451949
vt 0.27524397 0.15980887
vt 0.25948942 0.72698784
vt 0.35901427 0.14019948
vt 0.17024919 0.18941337
vt 0.35205120 0.17403978
vt 0.17407356 0.22511250
vt 0.17744082 0.22410691
vt 0.58244240 0.16951454
vt 0.53292376 0.16319138
vt 0.09731204 0.33699417
vt 0.09376194 0.32072163
vt 0.24346061 0.15052980
vt 0.35153314 0.15890992
vt 0.81310785 0.23038435
vt 0.22858977 0.14192122
vt 0.07180613 0.45772827
vt 0.22612147 0.13573515
vt 0.64922398 0.42932743
vt 0.22487207 0.12583143
vt 0.64922398 0.41943890
vt 0.22240376 0.11222523
vt 0.64922398 0.40583271
vt 0.21620250 0.09494704
vt 0.64800507 0.38855451
vt 0.58520019 0.92004961
vt 0.64305323 0.38733560
vt 0.06133865 0.18997717
vt 0.06133865 0.16855460
vt 0.64309895 0.36761957
vt 0.41199160 0.53253949
vt 0.57529646 0.90025735
vt 0.56042564 0.87923098
vt 0.41382000 0.50707930
vt 0.41363716 0.48343223
vt 0.41290581 0.45893192
vt 0.08227361 0.46971941
vt 0.41392663 0.44401538
vt 0.14559653 0.00841892
vt 0.20792907 0.31712580
vt 0.33573291 0.15109360
vt 0.33957249 0.14780247
vt 0.20402853 0.31444418
vt 0.35153314 0.24981087
vt 0.27076444 0.17207426
vt 0.11967923 0.36649209
vt 0.11967923 0.35907191
vt 0.27076444 0.17858022
vt 0.35153314 0.25878519
vt 0.26726004 0.18290740
vt 0.08525997 0.47447318
vt 0.21990497 0.40592414
vt 0.07035866 0.12266225
vt 0.00769091 0.22738278
vt 0.27870265 0.00908935
vt 0.07329930 0.11923403
vt 0.21487692 0.40688407
vt 0.27506113 0.00770283
vt 0.07035866 0.11708570
vt 0.27759039 0.00541735
vt 0.00375989 0.22663617
vt 0.35153314 0.25355905
vt 0.26689437 0.18504053
vt 0.34802875 0.25355905
vt 0.00173343 0.22358888
vt 0.12702322 0.00104445
vt 0.00589300 0.20749915
vt 0.11465118 0.01213664
vt 0.07279650 0.01574767
vt 0.11588534 0.01832265
vt 0.03487284 0.47593588
vt 0.09856144 0.03436673
vt 0.03261783 0.49940014
vt 0.03235881 0.52460128
vt 0.08123752 0.05292475
vt 0.58270144 0.55742073
vt 0.58143681 0.57963556
vt 0.06763133 0.07390541
vt 0.05029218 0.09618121
vt 0.01593386 0.10445464
vt 0.01934684 0.07421017
vt 0.52861184 0.06170100
vt 0.47913888 0.06692713
vt 0.13043621 0.30819720
vt 0.12679468 0.30821246
vt 0.02455772 0.02493531
vt 0.02774215 0.02353352
vt 0.64047825 0.02971959
vt 0.57229489 0.81609088
vt 0.59964442 0.03520471
vt 0.59687138 0.81727934
vt 0.59714562 0.05943078
vt 0.35790202 0.15561885
vt 0.59097487 0.05920219
vt 0.59676474 0.82363296
vt 0.43926495 0.16623867
vt 0.59466207 0.82847822
vt 0.43432832 0.16594917
vt 0.42322090 0.16527879
vt 0.47025600 0.17492348
vt 0.46410045 0.17519772
vt 0.45892006 0.17413116
vt 0.70415163 0.33251464
vt 0.45425767 0.19122654
vt 0.70293272 0.35116416
vt 0.68317097 0.38843262
vt 0.65472442 0.38855451
vt 0.40935570 0.20973891
vt 0.39459151 0.20792574
vt 0.38759795 0.20666111
vt 0.14492612 0.57454658
vt 0.14494136 0.58073258
vt 0.19941187 0.58815277
vt 0.38197568 0.26835370
vt 0.37498212 0.26798803
vt 0.27553347 0.67166406
vt 0.35916665 0.26996881
vt 0.27442119 0.65799689
vt 0.27451262 0.62827051
vt 0.27458879 0.60224652
vt 0.27461925 0.59356171
vt 0.30404097 0.28483963
vt 0.29704741 0.28447396
vt 0.29593512 0.23398018
vt 0.05589921 0.19783920
vt 0.04351193 0.19835722
vt 0.33507773 0.17263800
vt 0.33242658 0.13783783
vt 0.04416711 0.16107351
vt 0.28415731 0.20103884
vt 0.22866596 0.67492467
vt 0.27812365 0.19834197
vt 0.22740133 0.68112594
vt 0.22240376 0.72448903
vt 0.34879059 0.17277515
vt 0.20387617 0.72570795
vt 0.34661177 0.18993145
vt 0.34959811 0.18947434
vt 0.17702945 0.24175078
vt 0.17901018 0.24228406
vt 0.58250338 0.15098691
vt 0.53298473 0.14589792
vt 0.09837860 0.32043213
vt 0.09411237 0.29708976
vt 0.23602520 0.12583143
vt 0.09196403 0.26597685
vt 0.22238852 0.09618121
vt 0.20504938 0.07390541
vt 0.64805079 0.36761957
vt 0.64686233 0.34669983
vt 0.19142795 0.05292475
vt 0.41735485 0.50785637
vt 0.17408879 0.03436673
vt 0.41711107 0.48245710
vt 0.41543505 0.45973951
vt 0.15798381 0.01832265
vt 0.07165376 0.16268855
vt 0.15798381 0.01213664
vt 0.20792907 0.31043696
vt 0.14559653 0.00104445
vt 0.06600102 0.14697975
vt 0.35153314 0.24440193
vt 0.32759660 0.44651419
vt 0.34812018 0.24440193
vt 0.06776845 0.14379531
vt 0.36293006 0.50569278
vt 0.07166900 0.14278966
vt 0.06880454 0.13990998
vt 0.36667824 0.50435197
vt 0.24083993 0.46223825
vt 0.32348275 0.44651419
vt 0.34812018 0.24981087
vt 0.32566157 0.45175558
vt 0.23462343 0.46130884
vt 0.07413732 0.47447318
vt 0.26726004 0.17315602
vt 0.26726004 0.17856503
vt 0.08032334 0.47447318
vt 0.08408675 0.47686529
vt 0.21879271 0.40339488
vt 0.21384084 0.40312064
vt 0.27370507 0.01126814
vt 0.15056363 0.14236307
vt 0.27861124 0.01157290
vt 0.28118619 0.00803804
vt 0.15463178 0.14422190
vt 0.00770615 0.22459447
vt 0.01063155 0.20998269
vt 0.15851709 0.15849853
vt 0.18548571 0.48347795
vt 0.14574890 0.16354179
vt 0.16272236 0.18077427
vt 0.01523298 0.18785924
vt 0.00954976 0.18514717
vt 0.09856144 0.02821118
vt 0.01373980 0.16214007
vt 0.08247168 0.04548937
vt 0.06638193 0.06899929
vt 0.01497396 0.13450104
vt 0.02055052 0.10434800
vt 0.52955651 0.03083181
vt 0.48011401 0.03863293
vt 0.13084759 0.27882123
vt 0.12720607 0.27882123
vt 0.02725458 0.05234575
vt 0.03043901 0.05094403
vt 0.53385317 0.77958423
vt 0.64174289 0.00145584
vt 0.60214323 0.00951594
vt 0.54540247 0.81610614
vt 0.57218826 0.82242930
vt 0.57008559 0.82727450
vt 0.42724335 0.14186025
vt 0.41613594 0.14120507
vt 0.56525564 0.83771151
vt 0.03005810 0.12865019
vt 0.46644688 0.15062124
vt 0.46035227 0.14998132
vt 0.45511091 0.14982897
vt 0.45200267 0.17301893
vt 0.69798082 0.33257562
vt 0.67943799 0.35127079
vt 0.65345979 0.35137743
vt 0.41069651 0.17669094
vt 0.39678559 0.17429876
vt 0.38980725 0.17303413
vt 0.10651489 0.57454658
vt 0.10654536 0.58073258
vt 0.14492612 0.58816803
vt 0.38433734 0.22064823
vt 0.37728286 0.22134912
vt 0.36241201 0.22186714
vt 0.32890692 0.65923107
vt 0.32902882 0.63072360
vt 0.32908976 0.60594904
vt 0.32915074 0.59849834
vt 0.30817005 0.23462009
vt 0.30204499 0.23474199
vt 0.30078036 0.19887525
vt 0.06028733 0.16040307
vt 0.04913421 0.16087544
vt 0.28941390 0.20044464
vt 0.28790548 0.18290740
vt 0.28179565 0.18127710
vt 0.21010789 0.68234485
vt 0.28757030 0.15721864
vt 0.18667415 0.68478268
vt 0.18042718 0.72567749
vt 0.25391287 0.13832539
vt 0.34319878 0.21260333
vt 0.34645939 0.21388322
vt 0.17797410 0.26707387
vt 0.18161564 0.26711959
vt 0.58136064 0.12628853
vt 0.53184199 0.12121481
vt 0.09872904 0.29680032
vt 0.53074491 0.09162551
vt 0.09659592 0.26567209
vt 0.08781970 0.23538190
vt 0.20628354 0.06899929
vt 0.08378202 0.20748389
vt 0.19017854 0.04548937
vt 0.17408879 0.02821118
vt 0.07738269 0.18472058
vt 0.21345992 0.39419204
vt 0.08280689 0.18150562
vt 0.19721781 0.41090649
vt 0.34652033 0.52149308
vt 0.08952618 0.15986979
vt 0.34891248 0.50525093
vt 0.38295081 0.07180279
vt 0.07611806 0.15971744
vt 0.07186707 0.14544082
vt 0.37789232 0.05795282
vt 0.36040080 0.50455004
vt 0.38008636 0.05406749
vt 0.36296052 0.50816107
vt 0.36670870 0.50805444
vt 0.24065709 0.45852059
vt 0.23561381 0.45877957
vt 0.07541718 0.47686529
vt 0.08036905 0.47686529
vt 0.08408675 0.48056781
vt 0.21899077 0.39967716
vt 0.21405415 0.39940292
vt 0.27355272 0.01497060
vt 0.14690687 0.14222592
vt 0.27720946 0.01521438
vt 0.17469825 0.46432567
vt 0.17469825 0.48466641
vt 0.28721985 0.03474760
vt 0.13622607 0.15816331
vt 0.26477647 0.14953947
vt 0.12874494 0.17045915
vt 0.26160729 0.14707112
vt 0.12991816 0.16655862
vt 0.14160456 0.17669094
vt 0.16803990 0.20557934
vt 0.01876785 0.16290188
vt 0.02094667 0.13550663
vt 0.17053869 0.23396492
vt 0.52926701 0.00098354
vt 0.48110440 0.01135957
vt 0.12961343 0.24907953
vt 0.12568241 0.25010037
vt 0.02777262 0.07981718
vt 0.03141415 0.07926869
vt 0.50423342 0.78252488
vt 0.51992702 0.81730986
vt 0.54608810 0.82169795
vt 0.54422927 0.82753348
vt 0.04233873 0.10844660
vt 0.03281591 0.10270244
vt 0.46186069 0.12491727
vt 0.45660409 0.12581623
vt 0.45226169 0.12523723
vt 0.44993052 0.14876240
vt 0.69053018 0.30900472
vt 0.67695445 0.33265179
vt 0.65345979 0.33277369
vt 0.41270772 0.15997648
vt 0.39789784 0.15695965
vt 0.39090428 0.15569502
vt 0.08669219 0.57456183
vt 0.08670743 0.58074784
vt 0.10651489 0.58816803
vt 0.38488585 0.18641180
vt 0.37781611 0.18711269
vt 0.36375284 0.18831635
vt 0.36608401 0.66046524
vt 0.36620590 0.63442600
vt 0.31914034 0.19854003
vt 0.36629733 0.61088562
vt 0.36632779 0.60468435
vt 0.31301525 0.19953042
vt 0.30777392 0.19924092
vt 0.30451331 0.18074381
vt 0.06432500 0.14160120
vt 0.05317188 0.14205831
vt 0.29314685 0.18231320
vt 0.29369536 0.15883374
vt 0.29518855 0.13130134
vt 0.26342043 0.11036640
vt 0.34220842 0.24109560
vt 0.34546903 0.24237549
vt 0.17838550 0.29661745
vt 0.18202701 0.29666317
vt 0.58024836 0.09916759
vt 0.18076238 0.32648098
vt 0.57915133 0.07329595
vt 0.53088206 0.06330085
vt 0.22139814 0.34101665
vt 0.09368575 0.23385829
vt 0.08868818 0.20620400
vt 0.21885365 0.36941749
vt 0.19208311 0.40027142
vt 0.18633895 0.41771722
vt 0.35423002 0.53101587
vt 0.38295081 0.05181253
vt 0.36424041 0.51186359
vt 0.36798859 0.51175690
vt 0.24035236 0.45481807
vt 0.23543097 0.45506185
vt 0.07543242 0.48056781
vt 0.08036905 0.48056781
vt 0.39116329 0.50215793
vt 0.08041476 0.49664229
vt 0.21990497 0.38361788
vt 0.08411723 0.49664229
vt 0.39116329 0.49844021
vt 0.37847129 0.79273331
vt 0.27268422 0.03131938
vt 0.27766657 0.03147179
vt 0.13413867 0.14726919
vt 0.27766657 0.05534738
vt 0.16238716 0.02548385
vt 0.31149161 0.00369561
vt 0.11457500 0.15642637
vt 0.26160729 0.16156107
vt 0.11786608 0.17259228
vt 0.00897078 0.04975557
vt 0.11786608 0.17259228
vt 0.00671577 0.07329595
vt 0.12278748 0.19570607
vt 0.12682515 0.22171479
vt 0.12290937 0.22273564
vt 0.02675178 0.10645062
vt 0.03039330 0.10590208
vt 0.47708195 0.78686726
vt 0.49420780 0.82017428
vt 0.52061266 0.82290161
vt 0.51875383 0.82872200
vt 0.04337481 0.08294070
vt 0.03426338 0.07888776
vt 0.45724404 0.10133117
vt 0.45116466 0.10069120
vt 0.44766027 0.10058457
vt 0.44708127 0.12417066
vt 0.68061119 0.28663754
vt 0.43280467 0.14368862
vt 0.67198735 0.30909616
vt 0.65221035 0.30673450
vt 0.41394189 0.13643605
vt 0.39905581 0.13433343
vt 0.39209273 0.13201749
vt 0.05943409 0.57456183
vt 0.05944932 0.58074784
vt 0.08669219 0.58818322
vt 0.38519061 0.16876793
vt 0.37812084 0.16946882
vt 0.36312813 0.17126673
vt 0.38470301 0.66044998
vt 0.38480967 0.63689435
vt 0.38488585 0.61582226
vt 0.32287329 0.18040860
vt 0.38493156 0.60962099
vt 0.31587973 0.18091142
vt 0.31063837 0.18150562
vt 0.73299432 0.18699080
vt 0.31030315 0.15668535
vt 0.29893672 0.15825474
vt 0.30035374 0.13351065
vt 0.30352291 0.10713625
vt 0.27460402 0.08268166
vt 0.34289405 0.27022785
vt 0.34653556 0.27056301
vt 0.17681614 0.32539922
vt 0.34901914 0.29763830
vt 0.17398214 0.35277921
vt 0.17791316 0.35384578
vt 0.09231447 0.09872568
vt 0.17381454 0.37980878
vt 0.09005946 0.07518530
vt 0.16883220 0.40287685
vt 0.34705362 0.37168771
vt 0.19150412 0.05731291
vt 0.36189398 0.55195081
vt 0.16546494 0.41895133
vt 0.18489148 0.42783427
vt 0.36308241 0.52809048
vt 0.07546289 0.49664229
vt 0.23462343 0.43898737
vt 0.36798859 0.52812093
vt 0.75235993 0.74063969
vt 0.39116329 0.50710976
vt 0.75626045 0.74056351
vt 0.88816291 0.04725677
vt 0.39491150 0.50587559
vt 0.89188063 0.04719585
vt 0.39491150 0.50215793
vt 0.39491150 0.49968958
vt 0.89434892 0.04715014
vt 0.37446409 0.79259622
vt 0.27268422 0.05519503
vt 0.37635341 0.81698984
vt 0.07014535 0.27144676
vt 0.16238716 0.02991766
vt 0.16604392 0.02953672
vt 0.07180613 0.27463114
vt 0.22217521 0.31768954
vt 0.31149161 0.00898266
vt 0.11174101 0.15983933
vt 0.31414276 0.00636202
vt 0.22587769 0.31782669
vt 0.01989535 0.16933167
vt 0.00628915 0.03558564
vt 0.00628915 0.05048692
vt 0.02196752 0.15458274
vt 0.11562632 0.17411596
vt 0.11955734 0.19741255
vt 0.02481674 0.13137752
vt 0.02781833 0.13169748
vt 0.45133227 0.79239815
vt 0.47014934 0.82520235
vt 0.49513721 0.82674122
vt 0.49471059 0.83109885
vt 0.04207970 0.05891269
vt 0.03337966 0.05655104
vt 0.45085993 0.07980198
vt 0.44560334 0.08070093
vt 0.44211417 0.08060950
vt 0.43859455 0.08155417
vt 0.44247985 0.10058457
vt 0.43246946 0.12052912
vt 0.65096098 0.28936487
vt 0.41509986 0.12030059
vt 0.40105179 0.11868554
vt 0.39405823 0.11742091
vt 0.04329862 0.57457703
vt 0.04334433 0.58076310
vt 0.05943409 0.58818322
vt 0.38593718 0.14466375
vt 0.37880650 0.14644647
vt 0.36379853 0.14737588
vt 0.41072696 0.66166890
vt 0.34441769 0.15284580
vt 0.40836531 0.64183098
vt 0.40845674 0.62324244
vt 0.32691094 0.15625876
vt 0.32166961 0.15685296
vt 0.31642824 0.15656346
vt 0.31697676 0.13136232
vt 0.73025173 0.16105825
vt 0.72068322 0.16681767
vt 0.30647880 0.13340402
vt 0.30868810 0.10936081
vt 0.31354854 0.08327591
vt 0.28644279 0.05784613
vt 0.34537759 0.29730308
vt 0.29901290 0.03476286
vt 0.34926292 0.32328135
vt 0.35226449 0.32282424
vt 0.17056917 0.37807178
vt 0.16657721 0.40130746
vt 0.35627171 0.34613609
vt 0.09274109 0.07591665
vt 0.16263095 0.41552317
vt 0.09274109 0.06100011
vt 0.35901427 0.36076313
vt 0.31802806 0.35520184
vt 0.34441769 0.37435412
vt 0.34705362 0.37697476
vt 0.32174578 0.35500371
vt 0.17635903 0.19983518
vt 0.19150412 0.06282848
vt 0.36678490 0.55198133
vt 0.19446000 0.06068015
vt 0.17801982 0.19668120
vt 0.75444734 0.76486576
vt 0.75991726 0.76555139
vt 0.88845241 0.07227510
vt 0.09466089 0.14058042
vt 0.89221579 0.07213801
vt 0.89463842 0.07216847
vt 0.09723586 0.14102226
vt 0.37065497 0.81755364
vt 0.07014535 0.27674907
vt 0.37699336 0.82249022
vt 0.27818459 0.36070222
vt 0.22084963 0.32011217
vt 0.22584721 0.32021880
vt 0.41363716 0.80306369
vt 0.02227225 0.17053539
vt 0.02498434 0.15491796
vt 0.42830992 0.79765475
vt 0.44752315 0.82875246
vt 0.03859054 0.01462018
vt 0.45011336 0.83483183
vt 0.04288724 0.03611892
vt 0.47147492 0.83007801
vt 0.47208440 0.83464897
vt 0.03842294 0.03633219
vt 0.03225216 0.03697217
vt 0.44529861 0.06087822
vt 0.44086480 0.06331605
vt 0.43909734 0.06432170
vt 0.43559295 0.06526631
vt 0.43115914 0.06770420
vt 0.43082392 0.08100563
vt 0.43120486 0.09992939
vt 0.41712630 0.10585642
vt 0.40309349 0.10424131
vt 0.39603898 0.10387564
vt 0.02841256 0.57459223
vt 0.02719364 0.58077830
vt 0.04329862 0.58819848
vt 0.38516012 0.12974721
vt 0.37809038 0.13046336
vt 0.42809659 0.66290307
vt 0.36396614 0.13099664
vt 0.34662700 0.12965584
vt 0.43082392 0.63313091
vt 0.33175617 0.13191080
vt 0.32651481 0.13250506
vt 0.32214192 0.13270313
vt 0.32349798 0.10817236
vt 0.72878903 0.13724357
vt 0.71964717 0.14131176
vt 0.31481317 0.10925412
vt 0.31958219 0.08597273
vt 0.32515875 0.06165528
vt 0.33495584 0.04102504
vt 0.31056219 0.01422405
vt 0.35327011 0.34659320
vt 0.35666785 0.36201251
vt 0.31990215 0.00176060
vt 0.31821090 0.35757869
vt 0.17801982 0.20195305
vt 0.32311708 0.35739589
vt 0.27673715 0.37389702
vt 0.75377691 0.77035093
vt 0.75974965 0.79451603
vt 0.34150752 0.01263946
vt 0.88738585 0.10008174
vt 0.44461298 0.00197387
vt 0.89238340 0.09992939
vt 0.09466089 0.16753376
vt 0.89604020 0.09994465
vt 0.44711176 0.00447267
vt 0.37076163 0.84656394
vt 0.37847129 0.84804183
vt 0.45047903 0.01183188
vt 0.27894643 0.38520253
vt 0.22587769 0.34555709
vt 0.28272510 0.38646710
vt 0.07130332 0.09529752
vt 0.42724335 0.82373965
vt 0.43792415 0.83634019
vt 0.07479248 0.11027497
vt 0.03571085 0.00267476
vt 0.45113420 0.83771151
vt 0.03517757 0.01547343
vt 0.03005810 0.01675332
vt 0.43889928 0.04146689
vt 0.43611100 0.04698253
vt 0.43425214 0.05100495
vt 0.43054968 0.05801374
vt 0.42591777 0.06755179
vt 0.42209342 0.07969528
vt 0.41916800 0.09246349
vt 0.40595794 0.09132075
vt 0.39890346 0.08990377
vt 0.01349602 0.57460749
vt 0.01351125 0.58079350
vt 0.02841256 0.58819848
vt 0.38429165 0.11591250
vt 0.37723714 0.11574489
vt 0.36311290 0.11629337
vt 0.34956765 0.10910177
vt 0.33827740 0.10873610
vt 0.33311221 0.10824853
vt 0.32960781 0.10806566
vt 0.33160380 0.08723736
vt 0.72968799 0.11492211
vt 0.72095746 0.11728376
vt 0.32387888 0.08684123
vt 0.72013474 0.09452045
vt 0.32945547 0.06426072
vt 0.72444665 0.07303697
vt 0.34004483 0.04518461
vt 0.72731113 0.06109154
vt 0.07281174 0.04908514
vt 0.34495097 0.03398579
vt 0.31802806 0.38294750
vt 0.33588526 0.02033389
vt 0.07628566 0.03404671
vt 0.27218142 0.39976859
vt 0.75235993 0.79582632
vt 0.27599055 0.39854968
vt 0.33756128 0.01975489
vt 0.35232544 0.02639800
vt 0.88738585 0.11667430
vt 0.89238340 0.11652195
vt 0.35590604 0.02376211
vt 0.43268278 0.01495540
vt 0.37339753 0.86463439
vt 0.43519682 0.01745421
vt 0.03188648 0.00182152
vt 0.07130332 0.11219478
vt 0.27818459 0.40389770
vt 0.43847266 0.02571237
vt 0.43480065 0.03060329
vt 0.43019924 0.03592080
vt 0.42466837 0.04483420
vt 0.42003649 0.05438745
vt 0.08676837 0.07919252
vt 0.41447514 0.06540346
vt 0.08163367 0.09275299
vt 0.40972137 0.07904011
vt 0.42183438 0.45625031
vt 0.40358105 0.07719654
vt 0.39757788 0.07564241
vt 0.38593718 0.08708501
vt 0.00106303 0.58080876
vt 0.01349602 0.58821368
vt 0.38256991 0.10159016
vt 0.37543923 0.10250437
vt 0.36218348 0.10265672
vt 0.35148743 0.09022373
vt 0.34370157 0.09004092
vt 0.34027338 0.08877629
vt 0.33678421 0.08859342
vt 0.33870402 0.06883168
vt 0.73081553 0.09535843
vt 0.72461426 0.09473372
vt 0.33367595 0.06621099
vt 0.34252837 0.04702824
vt 0.72785962 0.07387495
vt 0.27673715 0.41735154
vt 0.07628566 0.05086786
vt 0.73115069 0.06023830
vt 0.34837919 0.03438193
vt 0.20643590 0.17170858
vt 0.35550988 0.03346777
vt 0.36084265 0.03093851
vt 0.42718241 0.02175087
vt 0.32392460 0.18415678
vt 0.43143338 0.02431059
vt 0.32759660 0.19093704
vt 0.42591777 0.03110611
vt 0.41945750 0.04151261
vt 0.41391140 0.05147731
vt 0.08676837 0.06506824
vt 0.40825868 0.06447405
vt 0.08020144 0.07762313
vt 0.40825868 0.06447405
vt 0.42184964 0.44377160
vt 0.40315443 0.06250852
vt 0.41566360 0.44377160
vt 0.40315443 0.06250852
vt 0.38144240 0.07347882
vt 0.22438450 0.45425433
vt 0.38144240 0.07347882
vt 0.21701004 0.46671778
vt 0.37894362 0.08845627
vt 0.17058440 0.11518115
vt 0.37268141 0.08984280
vt 0.36030936 0.08961427
vt 0.35749063 0.07716602
vt 0.35363579 0.06724709
vt 0.35224926 0.07689178
vt 0.34802875 0.07407302
vt 0.34460053 0.07282364
vt 0.34292454 0.07165045
vt 0.73299432 0.07513958
vt 0.34667271 0.05004507
vt 0.35163981 0.03951663
vt 0.36044651 0.04064417
vt 0.20198683 0.17801648
vt 0.32392460 0.19447190
vt 0.42165154 0.02961290
vt 0.36570311 0.03918141
vt 0.20643590 0.18249601
vt 0.36570311 0.03918141
vt 0.42165154 0.02961290
vt 0.37048736 0.04850620
vt 0.41612071 0.03852630
vt 0.40964520 0.04998410
vt 0.37600297 0.06045163
vt 0.37531734 0.07532245
vt 0.21694909 0.45425433
vt 0.37531734 0.07532245
vt 0.17203186 0.10038650
vt 0.16548017 0.10169685
vt 0.36905512 0.07584047
vt 0.36442325 0.06438261
vt 0.35052755 0.05996406
vt 0.34900388 0.05578923
vt 0.35578415 0.04513890
vt 0.36603829 0.05152303
vt 0.16548017 0.08789253
vt 0.37076163 0.06191432
vt 0.36056840 0.05446362
f 1/1 2/2 3/3
f 7/7 9/9 11/11
f 15/15 13/13 18/18
f 18/18 13/13 20/20
f 20/20 13/13 23/23
f 23/23 13/13 24/24
f 26/26 10/10 27/27
f 30/30 11/11 32/32
f 32/32 11/11 33/33
f 11/11 9/9 33/33
f 9/9 38/38 33/33
f 34/34 35/35 39/39
f 41/41 36/36 42/42
f 45/45 37/37 46/46
f 37/37 8/8 46/46
f 8/8 4/4 46/46
f 46/46 4/4 47/47
f 49/49 5/5 50/50
f 6/6 12/12 51/51
f 51/51 12/12 52/52
f 12/12 14/14 52/52
f 52/52 14/14 53/53
f 14/14 16/16 53/53
f 17/17 19/19 55/55
f 55/55 19/19 58/58
f 58/58 19/19 59/59
f 19/19 21/21 59/59
f 61/61 22/22 62/62
f 22/22 25/25 62/62
f 25/25 28/28 62/62
f 63/63 29/29 64/64
f 29/29 31/31 64/64
f 64/64 31/31 65/65
f 31/31 34/34 65/65
f 34/34 39/39 65/65
f 65/65 39/39 66/66
f 66/66 39/39 68/68
f 40/40 43/43 67/67
f 70/70 44/44 71/71
f 45/45 46/46 73/73
f 73/73 46/46 74/74
f 74/74 46/46 75/75
f 46/46 47/47 75/75
f 76/76 48/48 78/78
f 49/49 50/50 77/77
f 79/79 51/51 82/82
f 51/51 52/52 82/82
f 52/52 53/53 82/82
f 82/82 53/53 84/84
f 54/54 56/56 83/83
f 85/85 57/57 86/86
f 57/57 60/60 86/86
f 87/87 61/61 88/88
f 61/61 62/62 88/88
f 88/88 62/62 90/90
f 90/90 62/62 91/91
f 63/63 64/64 92/92
f 64/64 65/65 92/92
f 65/65 66/66 92/92
f 92/92 66/66 94/94
f 66/66 68/68 94/94
f 94/94 68/68 95/95
f 69/69 72/72 97/97
f 97/97 72/72 98/98
f 73/73 74/74 99/99
f 99/99 74/74 100/100
f 74/74 75/75 100/100
f 100/100 75/75 101/101
f 102/102 76/76 103/103
f 76/76 78/78 103/103
f 78/78 80/80 103/103
f 103/103 80/80 104/104
f 105/105 81/81 106/106
f 81/81 85/85 106/106
f 85/85 86/86 106/106
f 106/106 86/86 107/107
f 110/110 87/87 112/112
f 87/87 88/88 112/112
f 112/112 88/88 113/113
f 88/88 90/90 113/113
f 114/114 89/89 117/117
f 90/90 91/91 116/116
f 92/92 94/94 115/115
f 117/117 93/93 119/119
f 93/93 96/96 119/119
f 119/119 96/96 120/120
f 97/97 98/98 122/122
f 122/122 98/98 123/123
f 99/99 100/100 124/124
f 124/124 100/100 125/125
f 100/100 101/101 125/125
f 125/125 101/101 126/126
f 102/102 103/103 127/127
f 127/127 103/103 128/128
f 103/103 104/104 128/128
f 128/128 104/104 129/129
f 129/129 104/104 130/130
f 105/105 106/106 131/131
f 106/106 107/107 131/131
f 131/131 107/107 132/132
f 133/133 108/108 135/135
f 109/109 111/111 134/134
f 135/135 112/112 136/136
f 112/112 113/113 136/136
f 137/137 114/114 138/138
f 114/114 117/117 138/138
f 117/117 119/119 138/138
f 141/141 139/139 142/142
f 139/139 118/118 142/142
f 142/142 118/118 143/143
f 118/118 121/121 143/143
f 122/122 123/123 144/144
f 144/144 123/123 145/145
f 124/124 125/125 146/146
f 146/146 125/125 147/147
f 125/125 126/126 147/147
f 147/147 126/126 148/148
f 127/127 128/128 149/149
f 149/149 128/128 151/151
f 151/151 128/128 155/155
f 128/128 129/129 155/155
f 155/155 129/129 156/156
f 129/129 130/130 156/156
f 158/158 131/131 159/159
f 131/131 132/132 159/159
f 160/160 133/133 161/161
f 133/133 135/135 161/161
f 161/161 135/135 162/162
f 135/135 136/136 162/162
f 137/137 138/138 163/163
f 138/138 140/140 163/163
f 163/163 140/140 164/164
f 165/165 141/141 166/166
f 141/141 142/142 166/166
f 142/142 143/143 166/166
f 166/166 143/143 167/167
f 144/144 145/145 168/168
f 168/168 145/145 169/169
f 146/146 147/147 170/170
f 170/170 147/147 171/171
f 147/147 148/148 171/171
f 171/171 148/148 172/172
f 149/149 151/151 174/174
f 174/174 151/151 175/175
f 150/150 152/152 176/176
f 152/152 178/178 176/176
f 176/176 178/178 179/179
f 178/178 180/180 179/179
f 179/179 180/180 181/181
f 180/180 182/182 181/181
f 181/181 182/182 184/184
f 184/184 182/182 186/186
f 182/182 180/180 186/186
f 186/186 180/180 188/188
f 180/180 178/178 188/188
f 188/188 178/178 191/191
f 177/177 153/153 190/190
f 154/154 157/157 189/189
f 192/192 158/158 193/193
f 158/158 159/159 193/193
f 195/195 160/160 196/196
f 160/160 161/161 196/196
f 196/196 161/161 198/198
f 161/161 162/162 198/198
f 163/163 164/164 197/197
f 200/200 165/165 203/203
f 203/203 165/165 204/204
f 165/165 166/166 204/204
f 166/166 167/167 204/204
f 204/204 167/167 205/205
f 168/168 169/169 206/206
f 206/206 169/169 207/207
f 170/170 171/171 208/208
f 208/208 171/171 209/209
f 171/171 172/172 209/209
f 209/209 172/172 210/210
f 173/173 176/176 211/211
f 176/176 179/179 211/211
f 211/211 179/179 214/214
f 179/179 181/181 214/214
f 214/214 181/181 216/216
f 181/181 184/184 216/216
f 223/223 219/219 224/224
f 215/215 183/183 226/226
f 226/226 183/183 228/228
f 228/228 183/183 229/229
f 235/235 232/232 238/238
f 229/229 183/183 237/237
f 184/184 186/186 236/236
f 240/240 185/185 241/241
f 185/185 187/187 241/241
f 243/243 188/188 244/244
f 188/188 191/191 244/244
f 191/191 194/194 244/244
f 245/245 195/195 246/246
f 195/195 196/196 246/246
f 246/246 196/196 248/248
f 196/196 198/198 248/248
f 199/199 201/201 247/247
f 250/250 202/202 251/251
f 252/252 203/203 253/253
f 203/203 204/204 253/253
f 204/204 205/205 253/253
f 253/253 205/205 254/254
f 206/206 207/207 255/255
f 255/255 207/207 256/256
f 208/208 209/209 257/257
f 257/257 209/209 258/258
f 209/209 210/210 258/258
f 210/210 212/212 258/258
f 258/258 212/212 261/261
f 213/213 217/217 260/260
f 218/218 220/220 259/259
f 262/262 261/261 263/263
f 261/261 221/221 263/263
f 267/267 271/271 274/274
f 268/268 277/277 273/273
f 277/277 280/280 273/273
f 280/280 284/284 273/273
f 284/284 264/264 273/273
f 264/264 222/222 273/273
f 222/222 225/225 273/273
f 225/225 227/227 273/273
f 227/227 230/230 273/273
f 231/231 233/233 272/272
f 285/285 275/275 287/287
f 275/275 234/234 287/287
f 235/235 238/238 286/286
f 239/239 242/242 287/287
f 287/287 242/242 288/288
f 242/242 245/245 288/288
f 245/245 246/246 288/288
f 288/288 246/246 289/289
f 246/246 248/248 289/289
f 249/249 252/252 291/291
f 291/291 252/252 293/293
f 293/293 252/252 294/294
f 252/252 253/253 294/294
f 253/253 254/254 294/294
f 294/294 254/254 295/295
f 255/255 256/256 296/296
f 296/296 256/256 297/297
f 257/257 258/258 298/298
f 298/298 258/258 299/299
f 258/258 261/261 299/299
f 261/261 262/262 299/299
f 299/299 262/262 300/300
f 262/262 263/263 300/300
f 263/263 281/281 300/300
f 302/302 282/282 304/304
f 283/283 278/278 303/303
f 307/307 279/279 309/309
f 279/279 276/276 309/309
f 276/276 269/269 309/309
f 309/309 269/269 310/310
f 270/270 265/265 313/313
f 313/313 265/265 314/314
f 266/266 275/275 315/315
f 275/275 285/285 315/315
f 315/315 285/285 316/316
f 285/285 287/287 316/316
f 287/287 288/288 316/316
f 316/316 288/288 317/317
f 288/288 289/289 317/317
f 290/290 292/292 318/318
f 318/318 292/292 319/319
f 321/321 293/293 323/323
f 293/293 294/294 323/323
f 325/325 323/323 326/326
f 323/323 294/294 326/326
f 326/326 294/294 327/327
f 294/294 295/295 327/327
f 328/328 296/296 329/329
f 296/296 297/297 329/329
f 330/330 298/298 331/331
f 298/298 299/299 331/331
f 299/299 300/300 331/331
f 331/331 300/300 333/333
f 301/301 305/305 332/332
f 334/334 306/306 335/335
f 306/306 308/308 335/335
f 335/335 308/308 336/336
f 336/336 308/308 337/337
f 308/308 311/311 337/337
f 338/338 312/312 340/340
f 312/312 315/315 340/340
f 340/340 315/315 341/341
f 315/315 316/316 341/341
f 316/316 317/317 341/341
f 317/317 320/320 341/341
f 341/341 320/320 342/342
f 342/342 320/320 344/344
f 321/321 323/323 343/343
f 322/322 324/324 345/345
f 345/345 324/324 346/346
f 349/349 325/325 351/351
f 351/351 325/325 352/352
f 325/325 326/326 352/352
f 352/352 326/326 353/353
f 326/326 327/327 353/353
f 354/354 328/328 355/355
f 328/328 329/329 355/355
f 356/356 330/330 357/357
f 330/330 331/331 357/357
f 357/357 331/331 358/358
f 331/331 333/333 358/358
f 359/359 334/334 360/360
f 334/334 335/335 360/360
f 360/360 335/335 361/361
f 335/335 336/336 361/361
f 336/336 337/337 361/361
f 361/361 337/337 363/363
f 338/338 340/340 362/362
f 363/363 339/339 364/364
f 340/340 341/341 365/365
f 341/341 342/342 365/365
f 365/365 342/342 368/368
f 368/368 342/342 369/369
f 342/342 344/344 369/369
f 344/344 347/347 369/369
f 369/369 347/347 370/370
f 372/372 373/373 374/374
f 373/373 370/370 374/374
f 370/370 347/347 374/374
f 348/348 350/350 375/375
f 375/375 350/350 376/376
f 377/377 351/351 378/378
f 351/351 352/352 378/378
f 378/378 352/352 379/379
f 352/352 353/353 379/379
f 381/381 354/354 382/382
f 354/354 355/355 382/382
f 384/384 356/356 385/385
f 356/356 357/357 385/385
f 385/385 357/357 386/386
f 357/357 358/358 386/386
f 388/388 359/359 390/390
f 359/359 360/360 390/390
f 390/390 360/360 392/392
f 360/360 361/361 392/392
f 361/361 363/363 392/392
f 392/392 363/363 393/393
f 363/363 364/364 393/393
f 364/364 366/366 393/393
f 396/396 367/367 399/399
f 399/399 367/367 400/400
f 368/368 369/369 401/401
f 369/369 370/370 401/401
f 401/401 370/370 403/403
f 370/370 373/373 403/403
f 403/403 373/373 405/405
f 405/405 373/373 406/406
f 373/373 372/372 406/406
f 406/406 372/372 407/407
f 408/408 371/371 409/409
f 371/371 375/375 409/409
f 375/375 376/376 409/409
f 411/411 377/377 412/412
f 377/377 378/378 412/412
f 412/412 378/378 413/413
f 378/378 379/379 413/413
f 414/414 380/380 415/415
f 380/380 383/383 415/415
f 416/416 384/384 417/417
f 384/384 385/385 417/417
f 417/417 385/385 418/418
f 385/385 386/386 418/418
f 419/419 387/387 420/420
f 387/387 389/389 420/420
f 421/421 390/390 424/424
f 390/390 392/392 424/424
f 391/391 394/394 423/423
f 395/395 397/397 422/422
f 425/425 398/398 426/426
f 426/426 398/398 427/427
f 399/399 400/400 428/428
f 400/400 402/402 428/428
f 402/402 404/404 428/428
f 428/428 404/404 429/429
f 432/432 429/429 433/433
f 429/429 404/404 433/433
f 405/405 406/406 434/434
f 434/434 406/406 436/436
f 406/406 407/407 436/436
f 436/436 407/407 437/437
f 440/440 408/408 441/441
f 408/408 409/409 441/441
f 444/444 410/410 445/445
f 411/411 412/412 446/446
f 412/412 413/413 446/446
f 446/446 413/413 447/447
f 448/448 414/414 449/449
f 414/414 415/415 449/449
f 450/450 416/416 451/451
f 416/416 417/417 451/451
f 451/451 417/417 452/452
f 417/417 418/418 452/452
f 453/453 419/419 454/454
f 419/419 420/420 454/454
f 420/420 425/425 454/454
f 425/425 426/426 454/454
f 454/454 426/426 455/455
f 426/426 427/427 455/455
f 428/428 429/429 456/456
f 456/456 429/429 457/457
f 429/429 432/432 457/457
f 459/459 430/430 460/460
f 462/462 431/431 464/464
f 432/432 433/433 463/463
f 464/464 434/434 465/465
f 434/434 436/436 465/465
f 465/465 436/436 467/467
f 435/435 438/438 466/466
f 469/469 468/468 472/472
f 466/466 438/438 471/471
f 439/439 442/442 470/470
f 472/472 443/443 473/473
f 444/444 445/445 474/474
f 474/474 445/445 476/476
f 445/445 448/448 476/476
f 476/476 448/448 477/477
f 448/448 449/449 477/477
f 478/478 450/450 479/479
f 450/450 451/451 479/479
f 479/479 451/451 480/480
f 451/451 452/452 480/480
f 481/481 453/453 482/482
f 453/453 454/454 482/482
f 454/454 455/455 482/482
f 455/455 458/458 482/482
f 482/482 458/458 483/483
f 486/486 459/459 488/488
f 488/488 459/459 489/489
f 459/459 460/460 489/489
f 489/489 460/460 491/491
f 491/491 460/460 492/492
f 494/494 461/461 495/495
f 462/462 464/464 497/497
f 464/464 465/465 497/497
f 497/497 465/465 499/499
f 465/465 467/467 499/499
f 499/499 467/467 502/502
f 502/502 467/467 503/503
f 468/468 469/469 506/506
f 506/506 469/469 508/508
f 508/508 469/469 509/509
f 469/469 472/472 509/509
f 509/509 472/472 510/510
f 472/472 473/473 510/510
f 510/510 473/473 511/511
f 473/473 475/475 511/511
f 514/514 476/476 515/515
f 476/476 477/477 515/515
f 517/517 478/478 518/518
f 478/478 479/479 518/518
f 518/518 479/479 520/520
f 479/479 480/480 520/520
f 481/481 482/482 519/519
f 482/482 483/483 519/519
f 521/521 484/484 522/522
f 485/485 487/487 524/524
f 524/524 487/487 525/525
f 528/528 488/488 531/531
f 488/488 489/489 531/531
f 489/489 491/491 531/531
f 490/490 493/493 530/530
f 493/493 496/496 530/530
f 496/496 498/498 530/530
f 498/498 500/500 530/530
f 501/501 504/504 529/529
f 505/505 507/507 532/532
f 532/532 507/507 533/533
f 508/508 509/509 534/534
f 534/534 509/509 535/535
f 509/509 510/510 535/535
f 510/510 511/511 535/535
f 537/537 512/512 539/539
f 513/513 516/516 538/538
f 541/541 517/517 542/542
f 517/517 518/518 542/542
f 518/518 520/520 542/542
f 520/520 523/523 542/542
f 523/523 526/526 542/542
f 542/542 526/526 543/543
f 527/527 532/532 544/544
f 532/532 533/533 544/544
f 544/544 533/533 547/547
f 534/534 535/535 546/546
f 536/536 540/540 545/545
f 541/541 542/542 548/548
f 549/549 550/550 551/551
f 552/552 553/553 554/554
f 555/555 556/556 557/557
f 557/557 556/556 558/558
f 559/559 560/560 561/561
f 564/564 565/565 566/566
f 572/572 574/574 577/577
f 577/577 574/574 578/578
f 579/579 573/573 580/580
f 574/574 572/572 583/583
f 572/572 586/586 583/583
f 586/586 588/588 583/583
f 583/583 588/588 590/590
f 590/590 588/588 591/591
f 593/593 594/594 596/596
f 596/596 594/594 598/598
f 598/598 594/594 599/599
f 599/599 594/594 600/600
f 594/594 593/593 600/600
f 593/593 587/587 600/600
f 600/600 587/587 601/601
f 601/601 587/587 603/603
f 587/587 584/584 603/603
f 585/585 569/569 602/602
f 603/603 570/570 604/604
f 607/607 571/571 609/609
f 571/571 575/575 609/609
f 611/611 609/609 612/612
f 609/609 575/575 612/612
f 614/614 576/576 617/617
f 577/577 578/578 616/616
f 579/579 580/580 615/615
f 620/620 581/581 621/621
f 582/582 589/589 624/624
f 624/624 589/589 626/626
f 590/590 591/591 625/625
f 592/592 595/595 627/627
f 627/627 595/595 629/629
f 629/629 595/595 634/634
f 595/595 597/597 634/634
f 634/634 597/597 635/635
f 597/597 568/568 635/635
f 566/566 565/565 639/639
f 639/639 565/565 654/654
f 565/565 564/564 654/654
f 564/564 641/641 654/654
f 654/654 641/641 642/642
f 641/641 646/646 642/642
f 642/642 646/646 649/649
f 646/646 653/653 649/649
f 656/656 647/647 657/657
f 659/659 648/648 661/661
f 648/648 650/650 661/661
f 664/664 662/662 666/666
f 660/660 651/651 665/665
f 652/652 643/643 667/667
f 667/667 643/643 668/668
f 671/671 644/644 672/672
f 645/645 640/640 673/673
f 640/640 562/562 673/673
f 673/673 562/562 674/674
f 675/675 563/563 676/676
f 563/563 567/567 676/676
f 676/676 567/567 677/677
f 567/567 598/598 677/677
f 598/598 599/599 677/677
f 677/677 599/599 679/679
f 679/679 599/599 681/681
f 681/681 599/599 685/685
f 599/599 600/600 685/685
f 600/600 601/601 685/685
f 685/685 601/601 687/687
f 687/687 601/601 688/688
f 601/601 603/603 688/688
f 603/603 604/604 688/688
f 690/690 605/605 691/691
f 694/694 606/606 698/698
f 606/606 608/608 698/698
f 608/608 610/610 698/698
f 698/698 610/610 700/700
f 700/700 610/610 701/701
f 703/703 611/611 705/705
f 611/611 612/612 705/705
f 613/613 618/618 704/704
f 619/619 622/622 707/707
f 707/707 622/622 708/708
f 711/711 623/623 712/712
f 624/624 626/626 714/714
f 626/626 628/628 714/714
f 714/714 628/628 715/715
f 628/628 630/630 715/715
f 718/718 631/631 719/719
f 721/721 632/632 723/723
f 633/633 636/636 722/722
f 725/725 637/637 727/727
f 638/638 655/655 726/726
f 655/655 658/658 726/726
f 729/729 659/659 731/731
f 659/659 661/661 731/731
f 662/662 664/664 730/730
f 732/732 663/663 733/733
f 734/734 664/664 736/736
f 736/736 664/664 738/738
f 738/738 664/664 739/739
f 664/664 666/666 739/739
f 666/666 669/669 739/739
f 741/741 670/670 744/744
f 744/744 670/670 745/745
f 671/671 672/672 749/749
f 672/672 675/675 749/749
f 749/749 675/675 751/751
f 675/675 676/676 751/751
f 751/751 676/676 752/752
f 676/676 677/677 752/752
f 677/677 679/679 752/752
f 754/754 678/678 757/757
f 757/757 678/678 758/758
f 678/678 680/680 758/758
f 680/680 682/682 758/758
f 760/760 683/683 761/761
f 763/763 684/684 765/765
f 684/684 686/686 765/765
f 765/765 686/686 767/767
f 686/686 689/689 767/767
f 767/767 689/689 769/769
f 689/689 692/692 769/769
f 693/693 695/695 768/768
f 771/771 696/696 772/772
f 774/774 697/697 776/776
f 697/697 699/699 776/776
f 776/776 699/699 778/778
f 778/778 699/699 779/779
f 700/700 701/701 780/780
f 780/780 701/701 781/781
f 702/702 706/706 782/782
f 706/706 709/709 782/782
f 782/782 709/709 784/784
f 710/710 713/713 783/783
f 713/713 716/716 783/783
f 785/785 717/717 787/787
f 717/717 720/720 787/787
f 720/720 724/724 787/787
f 787/787 724/724 789/789
f 724/724 728/728 789/789
f 729/729 731/731 788/788
f 790/790 732/732 791/791
f 732/732 733/733 791/791
f 792/792 734/734 793/793
f 734/734 736/736 793/793
f 795/795 735/735 796/796
f 800/800 736/736 801/801
f 736/736 738/738 801/801
f 803/803 737/737 806/806
f 737/737 740/740 806/806
f 806/806 740/740 808/808
f 808/808 740/740 810/810
f 740/740 742/742 810/810
f 743/743 746/746 809/809
f 812/812 747/747 814/814
f 814/814 747/747 815/815
f 748/748 750/750 817/817
f 817/817 750/750 818/818
f 750/750 753/753 818/818
f 753/753 755/755 818/818
f 756/756 759/759 819/819
f 759/759 762/762 819/819
f 762/762 764/764 819/819
f 764/764 766/766 819/819
f 766/766 770/770 819/819
f 770/770 773/773 819/819
f 773/773 775/775 819/819
f 775/775 777/777 819/819
f 819/819 777/777 820/820
f 778/778 779/779 822/822
f 822/822 779/779 823/823
f 780/780 781/781 825/825
f 825/825 781/781 826/826
f 782/782 784/784 827/827
f 784/784 786/786 827/827
f 827/827 786/786 828/828
f 786/786 790/790 828/828
f 790/790 791/791 828/828
f 829/829 792/792 830/830
f 792/792 793/793 830/830
f 831/831 794/794 832/832
f 794/794 797/797 832/832
f 833/833 798/798 836/836
f 799/799 802/802 835/835
f 802/802 804/804 835/835
f 805/805 807/807 834/834
f 807/807 811/811 834/834
f 811/811 813/813 834/834
f 813/813 816/816 834/834
f 816/816 819/819 834/834
f 819/819 820/820 834/834
f 837/837 821/821 839/839
f 821/821 824/824 839/839
f 825/825 826/826 838/838
f 826/826 829/829 838/838
f 829/829 830/830 838/838
f 831/831 832/832 839/839
f 869/869 842/842 844/844
f 848/848 851/851 928/928
f 851/851 856/856 928/928
f 858/858 936/936 860/860
f 927/927 852/852 859/859
f 862/862 853/853 867/867
f 874/874 879/879 1012/1012
f 1016/1016 875/875 880/880
f 876/876 886/886 883/883
f 883/883 886/886 890/890
f 894/894 900/900 902/902
f 898/898 906/906 901/901
f 906/906 909/909 901/901
f 904/904 907/907 910/910
f 912/912 911/911 915/915
f 911/911 908/908 915/915
f 915/915 908/908 917/917
f 909/909 906/906 916/916
f 906/906 892/892 916/916
f 887/887 922/922 919/919
f 919/919 922/922 923/923
f 926/926 920/920 933/933
f 921/921 888/888 932/932
f 889/889 884/884 931/931
f 885/885 877/877 930/930
f 878/878 870/870 929/929
f 871/871 938/938 928/928
f 938/938 941/941 928/928
f 928/928 945/945 946/946
f 947/947 942/942 949/949
f 954/954 957/957 958/958
f 959/959 955/955 960/960
f 955/955 951/951 960/960
f 964/964 967/967 968/968
f 865/865 973/973 974/974
f 978/978 976/976 979/979
f 976/976 970/970 979/979
f 970/970 983/983 979/979
f 983/983 985/985 979/979
f 985/985 987/987 979/979
f 987/987 969/969 979/979
f 969/969 965/965 979/979
f 990/990 992/992 979/979
f 992/992 994/994 979/979
f 994/994 996/996 979/979
f 979/979 996/996 997/997
f 1000/1000 995/995 1001/1001
f 914/914 1004/1004 1005/1005
f 1001/1001 995/995 1007/1007
f 995/995 993/993 1007/1007
f 993/993 991/991 1007/1007
f 1007/1007 991/991 1008/1008
f 991/991 988/988 1008/1008
f 1011/1011 989/989 1014/1014
f 1014/1014 989/989 1017/1017
f 990/990 979/979 1020/1020
f 1020/1020 979/979 1023/1023
f 1023/1023 979/979 1025/1025
f 1025/1025 979/979 1028/1028
f 1028/1028 979/979 1029/1029
f 979/979 965/965 1029/1029
f 1032/1032 966/966 1035/1035
f 966/966 961/961 1035/1035
f 962/962 960/960 1034/1034
f 960/960 951/951 1034/1034
f 948/948 943/943 1033/1033
f 1038/1038 944/944 1039/1039
f 945/945 928/928 1041/1041
f 1041/1041 928/928 1042/1042
f 928/928 941/941 1042/1042
f 1043/1043 939/939 1046/1046
f 940/940 937/937 1045/1045
f 1050/1050 1053/1053 1055/1055
f 1056/1056 1055/1055 1060/1060
f 1055/1055 1053/1053 1060/1060
f 1051/1051 1049/1049 1059/1059
f 1062/1062 1044/1044 1066/1066
f 1045/1045 937/937 1065/1065
f 937/937 872/872 1065/1065
f 873/873 1013/1013 1064/1064
f 1013/1013 1018/1018 1064/1064
f 1019/1019 1021/1021 1063/1063
f 1069/1069 1022/1022 1070/1070
f 1022/1022 1024/1024 1070/1070
f 1024/1024 1026/1026 1070/1070
f 1072/1072 1074/1074 1075/1075
f 1075/1075 1074/1074 1076/1076
f 1074/1074 1081/1081 1076/1076
f 1077/1077 1078/1078 1082/1082
f 1079/1079 1084/1084 1083/1083
f 1084/1084 1085/1085 1083/1083
f 1083/1083 1085/1085 1086/1086
f 1086/1086 1085/1085 1087/1087
f 1085/1085 1091/1091 1087/1087
f 1089/1089 1090/1090 1092/1092
f 1090/1090 1098/1098 1092/1092
f 1096/1096 1101/1101 1095/1095
f 1095/1095 1101/1101 1102/1102
f 1099/1099 1071/1071 1105/1105
f 1105/1105 1071/1071 1110/1110
f 1070/1070 1026/1026 1109/1109
f 1027/1027 1030/1030 1108/1108
f 1031/1031 1036/1036 1107/1107
f 1037/1037 1040/1040 1106/1106
f 1040/1040 1043/1043 1106/1106
f 1043/1043 1046/1046 1106/1106
f 1112/1112 1047/1047 1114/1114
f 1048/1048 1052/1052 1113/1113
f 1115/1115 1053/1053 1117/1117
f 1053/1053 1050/1050 1117/1117
f 1117/1117 1050/1050 1118/1118
f 1050/1050 1073/1073 1118/1118
f 1072/1072 1075/1075 1119/1119
f 1119/1119 1075/1075 1120/1120
f 1120/1120 1075/1075 1121/1121
f 1075/1075 1076/1076 1121/1121
f 1122/1122 1077/1077 1123/1123
f 1077/1077 1082/1082 1123/1123
f 1083/1083 1086/1086 1124/1124
f 1124/1124 1086/1086 1125/1125
f 1086/1086 1087/1087 1125/1125
f 1126/1126 1088/1088 1128/1128
f 1089/1089 1092/1092 1127/1127
f 1130/1130 1093/1093 1131/1131
f 1094/1094 1103/1103 1134/1134
f 1134/1134 1103/1103 1137/1137
f 1104/1104 1111/1111 1136/1136
f 1112/1112 1114/1114 1135/1135
f 1139/1139 1115/1115 1140/1140
f 1115/1115 1117/1117 1140/1140
f 1142/1142 1116/1116 1144/1144
f 1117/1117 1118/1118 1143/1143
f 1119/1119 1120/1120 1145/1145
f 1145/1145 1120/1120 1147/1147
f 1147/1147 1120/1120 1148/1148
f 1120/1120 1121/1121 1148/1148
f 1149/1149 1122/1122 1150/1150
f 1122/1122 1123/1123 1150/1150
f 1124/1124 1125/1125 1152/1152
f 1152/1152 1125/1125 1154/1154
f 1126/1126 1128/1128 1153/1153
f 1156/1156 1129/1129 1158/1158
f 1130/1130 1131/1131 1157/1157
f 1160/1160 1132/1132 1161/1161
f 1162/1162 1133/1133 1164/1164
f 1133/1133 1138/1138 1164/1164
f 1139/1139 1140/1140 1163/1163
f 1164/1164 1141/1141 1165/1165
f 1166/1166 1142/1142 1167/1167
f 1142/1142 1144/1144 1167/1167
f 1144/1144 1146/1146 1167/1167
f 1170/1170 1168/1168 1172/1172
f 1167/1167 1146/1146 1171/1171
f 1172/1172 1147/1147 1173/1173
f 1147/1147 1148/1148 1173/1173
f 1174/1174 1149/1149 1175/1175
f 1149/1149 1150/1150 1175/1175
f 1151/1151 1155/1155 1176/1176
f 1176/1176 1155/1155 1178/1178
f 1155/1155 1159/1159 1178/1178
f 1178/1178 1159/1159 1180/1180
f 1180/1180 1159/1159 1182/1182
f 1160/1160 1161/1161 1181/1181
f 1183/1183 1162/1162 1185/1185
f 1162/1162 1164/1164 1185/1185
f 1164/1164 1165/1165 1185/1185
f 1185/1185 1165/1165 1186/1186
f 1166/1166 1167/1167 1187/1187
f 1167/1167 1169/1169 1187/1187
f 1187/1187 1169/1169 1188/1188
f 1170/1170 1172/1172 1189/1189
f 1191/1191 1189/1189 1192/1192
f 1189/1189 1172/1172 1192/1192
f 1192/1192 1172/1172 1193/1193
f 1172/1172 1173/1173 1193/1193
f 1194/1194 1174/1174 1196/1196
f 1174/1174 1175/1175 1196/1196
f 1176/1176 1178/1178 1195/1195
f 1196/1196 1177/1177 1198/1198
f 1178/1178 1180/1180 1197/1197
f 1200/1200 1179/1179 1202/1202
f 1202/1202 1179/1179 1204/1204
f 1180/1180 1182/1182 1203/1203
f 1205/1205 1183/1183 1206/1206
f 1183/1183 1185/1185 1206/1206
f 1184/1184 1187/1187 1207/1207
f 1207/1207 1187/1187 1208/1208
f 1187/1187 1188/1188 1208/1208
f 1208/1208 1188/1188 1210/1210
f 1188/1188 1190/1190 1210/1210
f 1210/1210 1190/1190 1213/1213
f 1213/1213 1190/1190 1214/1214
f 1215/1215 1191/1191 1218/1218
f 1191/1191 1192/1192 1218/1218
f 1218/1218 1192/1192 1219/1219
f 1192/1192 1193/1193 1219/1219
f 1221/1221 1194/1194 1222/1222
f 1194/1194 1196/1196 1222/1222
f 1196/1196 1198/1198 1222/1222
f 1224/1224 1199/1199 1226/1226
f 1200/1200 1202/1202 1225/1225
f 1228/1228 1201/1201 1229/1229
f 1230/1230 1202/1202 1231/1231
f 1202/1202 1204/1204 1231/1231
f 1232/1232 1205/1205 1234/1234
f 1205/1205 1206/1206 1234/1234
f 1207/1207 1208/1208 1233/1233
f 1208/1208 1210/1210 1233/1233
f 1236/1236 1209/1209 1238/1238
f 1209/1209 1211/1211 1238/1238
f 1212/1212 954/954 1237/1237
f 954/954 958/958 1237/1237
f 1243/1243 1240/1240 1245/1245
f 1237/1237 958/958 1244/1244
f 959/959 960/960 1248/1248
f 1248/1248 960/960 1249/1249
f 960/960 962/962 1249/1249
f 1251/1251 963/963 1252/1252
f 964/964 968/968 1254/1254
f 968/968 986/986 1254/1254
f 986/986 984/984 1254/1254
f 1254/1254 984/984 1255/1255
f 984/984 980/980 1255/1255
f 1258/1258 981/981 1262/1262
f 982/982 971/971 1261/1261
f 972/972 866/866 1260/1260
f 866/866 854/854 1260/1260
f 855/855 849/849 1259/1259
f 1264/1264 850/850 1267/1267
f 850/850 847/847 1267/1267
f 1267/1267 847/847 1270/1270
f 848/848 928/928 1269/1269
f 928/928 946/946 1269/1269
f 947/947 949/949 1268/1268
f 1272/1272 950/950 1273/1273
f 950/950 956/956 1273/1273
f 956/956 952/952 1273/1273
f 1273/1273 952/952 1274/1274
f 1274/1274 952/952 1275/1275
f 953/953 1213/1213 1276/1276
f 1213/1213 1214/1214 1276/1276
f 1276/1276 1214/1214 1278/1278
f 1278/1278 1214/1214 1279/1279
f 1214/1214 1216/1216 1279/1279
f 1282/1282 1217/1217 1284/1284
f 1218/1218 1219/1219 1283/1283
f 1286/1286 1220/1220 1287/1287
f 1220/1220 1223/1223 1287/1287
f 1223/1223 1227/1227 1287/1287
f 1287/1287 1227/1227 1288/1288
f 1289/1289 1228/1228 1290/1290
f 1228/1228 1229/1229 1290/1290
f 1290/1290 1229/1229 1293/1293
f 1230/1230 1231/1231 1292/1292
f 1232/1232 1234/1234 1291/1291
f 1235/1235 1239/1239 1295/1295
f 1239/1239 1241/1241 1295/1295
f 1295/1295 1241/1241 1296/1296
f 1297/1297 1242/1242 1298/1298
f 1242/1242 1246/1246 1298/1298
f 1298/1298 1246/1246 1301/1301
f 1247/1247 1250/1250 1300/1300
f 1251/1251 1252/1252 1299/1299
f 1301/1301 1253/1253 1302/1302
f 1253/1253 1256/1256 1302/1302
f 1257/1257 1263/1263 1304/1304
f 1304/1304 1263/1263 1305/1305
f 1263/1263 1265/1265 1305/1305
f 1305/1305 1265/1265 1306/1306
f 1308/1308 1266/1266 1309/1309
f 1266/1266 1271/1271 1309/1309
f 1272/1272 1273/1273 1310/1310
f 1273/1273 1274/1274 1310/1310
f 1310/1310 1274/1274 1312/1312
f 1312/1312 1274/1274 1313/1313
f 1274/1274 1275/1275 1313/1313
f 1276/1276 1278/1278 1314/1314
f 1314/1314 1278/1278 1316/1316
f 1316/1316 1278/1278 1318/1318
f 1277/1277 1280/1280 1317/1317
f 1281/1281 1285/1285 1319/1319
f 1319/1319 1285/1285 1320/1320
f 1320/1320 1285/1285 1321/1321
f 1286/1286 1287/1287 1322/1322
f 1287/1287 1288/1288 1322/1322
f 1322/1322 1288/1288 1323/1323
f 1289/1289 1290/1290 1324/1324
f 1324/1324 1290/1290 1325/1325
f 1290/1290 1293/1293 1325/1325
f 1328/1328 1294/1294 1329/1329
f 1295/1295 1296/1296 1330/1330
f 1330/1330 1296/1296 1331/1331
f 1297/1297 1298/1298 1333/1333
f 1333/1333 1298/1298 1334/1334
f 1298/1298 1301/1301 1334/1334
f 1301/1301 1302/1302 1334/1334
f 1336/1336 1303/1303 1338/1338
f 1304/1304 1305/1305 1337/1337
f 1305/1305 1306/1306 1337/1337
f 1339/1339 1307/1307 1340/1340
f 1308/1308 1309/1309 1342/1342
f 1309/1309 1311/1311 1342/1342
f 1342/1342 1311/1311 1344/1344
f 1312/1312 1313/1313 1343/1343
f 1347/1347 1314/1314 1348/1348
f 1314/1314 1316/1316 1348/1348
f 1349/1349 1315/1315 1351/1351
f 1316/1316 1318/1318 1350/1350
f 1319/1319 1320/1320 1352/1352
f 1352/1352 1320/1320 1353/1353
f 1320/1320 1321/1321 1353/1353
f 1353/1353 1321/1321 1354/1354
f 1322/1322 1323/1323 1355/1355
f 1355/1355 1323/1323 1356/1356
f 1323/1323 1326/1326 1356/1356
f 1357/1357 1327/1327 1358/1358
f 1328/1328 1329/1329 1359/1359
f 1359/1359 1329/1329 1361/1361
f 1330/1330 1331/1331 1360/1360
f 1363/1363 1332/1332 1367/1367
f 1333/1333 1334/1334 1366/1366
f 1335/1335 1339/1339 1365/1365
f 1339/1339 1340/1340 1365/1365
f 1341/1341 1345/1345 1364/1364
f 1369/1369 1346/1346 1370/1370
f 1373/1373 1347/1347 1375/1375
f 1347/1347 1348/1348 1375/1375
f 1375/1375 1348/1348 1377/1377
f 1349/1349 1351/1351 1376/1376
f 1352/1352 1353/1353 1378/1378
f 1378/1378 1353/1353 1380/1380
f 1353/1353 1354/1354 1380/1380
f 1380/1380 1354/1354 1381/1381
f 1355/1355 1356/1356 1383/1383
f 1383/1383 1356/1356 1384/1384
f 1357/1357 1358/1358 1387/1387
f 1387/1387 1358/1358 1388/1388
f 1359/1359 1361/1361 1389/1389
f 1389/1389 1361/1361 1390/1390
f 1391/1391 1362/1362 1393/1393
f 1362/1362 1368/1368 1393/1393
f 1369/1369 1370/1370 1392/1392
f 1395/1395 1371/1371 1396/1396
f 1398/1398 1372/1372 1400/1400
f 1373/1373 1375/1375 1399/1399
f 1400/1400 1374/1374 1402/1402
f 1375/1375 1377/1377 1401/1401
f 1378/1378 1380/1380 1403/1403
f 1403/1403 1380/1380 1404/1404
f 1406/1406 1379/1379 1409/1409
f 1380/1380 1381/1381 1408/1408
f 1382/1382 1385/1385 1407/1407
f 1411/1411 1386/1386 1413/1413
f 1387/1387 1388/1388 1412/1412
f 1415/1415 1389/1389 1416/1416
f 1389/1389 1390/1390 1416/1416
f 1416/1416 1390/1390 1418/1418
f 1391/1391 1393/1393 1417/1417
f 1420/1420 1394/1394 1423/1423
f 1394/1394 1397/1397 1423/1423
f 1423/1423 1397/1397 1424/1424
f 1398/1398 1400/1400 1426/1426
f 1426/1426 1400/1400 1427/1427
f 1400/1400 1402/1402 1427/1427
f 1428/1428 1403/1403 1429/1429
f 1403/1403 1404/1404 1429/1429
f 1429/1429 1404/1404 1430/1430
f 1430/1430 1404/1404 1431/1431
f 1405/1405 1410/1410 1432/1432
f 1410/1410 1414/1414 1432/1432
f 1432/1432 1414/1414 1433/1433
f 1415/1415 1416/1416 1434/1434
f 1434/1434 1416/1416 1435/1435
f 1416/1416 1418/1418 1435/1435
f 1435/1435 1418/1418 1436/1436
f 1419/1419 1421/1421 1437/1437
f 1437/1437 1421/1421 1438/1438
f 1422/1422 1425/1425 1439/1439
f 1439/1439 1425/1425 1440/1440
f 1426/1426 1427/1427 1441/1441
f 1441/1441 1427/1427 1442/1442
f 1428/1428 1429/1429 1443/1443
f 1443/1443 1429/1429 1444/1444
f 1429/1429 1430/1430 1444/1444
f 1444/1444 1430/1430 1446/1446
f 1430/1430 1431/1431 1446/1446
f 1446/1446 1431/1431 1447/1447
f 1432/1432 1433/1433 1449/1449
f 1449/1449 1433/1433 1450/1450
f 1450/1450 1433/1433 1451/1451
f 1434/1434 1435/1435 1452/1452
f 1435/1435 1436/1436 1452/1452
f 1452/1452 1436/1436 1453/1453
f 1437/1437 1438/1438 1455/1455
f 1455/1455 1438/1438 1456/1456
f 1439/1439 1440/1440 1458/1458
f 846/846 1458/1458 1459/1459
f 1458/1458 1440/1440 1459/1459
f 1460/1460 1441/1441 1461/1461
f 1441/1441 1442/1442 1461/1461
f 1462/1462 1443/1443 1463/1463
f 1443/1443 1444/1444 1463/1463
f 1444/1444 1446/1446 1463/1463
f 1463/1463 1446/1446 1464/1464
f 1465/1465 1445/1445 1466/1466
f 1445/1445 1448/1448 1466/1466
f 1466/1466 1448/1448 1467/1467
f 1449/1449 1450/1450 1468/1468
f 1468/1468 1450/1450 1469/1469
f 1450/1450 1451/1451 1469/1469
f 1469/1469 1451/1451 1470/1470
f 1452/1452 1453/1453 1471/1471
f 1471/1471 1453/1453 1472/1472
f 1454/1454 1457/1457 1473/1473
f 1457/1457 843/843 1473/1473
f 843/843 840/840 1473/1473
f 1473/1473 840/840 1475/1475
f 1477/1477 1475/1475 1478/1478
f 1475/1475 840/840 1478/1478
f 1479/1479 841/841 1480/1480
f 841/841 863/863 1480/1480
f 864/864 975/975 1481/1481
f 975/975 977/977 1481/1481
f 1481/1481 977/977 1482/1482
f 978/978 979/979 1484/1484
f 1484/1484 979/979 1485/1485
f 979/979 997/997 1485/1485
f 1487/1487 998/998 1490/1490
f 999/999 1002/1002 1489/1489
f 1003/1003 912/912 1488/1488
f 912/912 915/915 1488/1488
f 915/915 917/917 1488/1488
f 918/918 924/924 1493/1493
f 1493/1493 924/924 1495/1495
f 925/925 934/934 1494/1494
f 1498/1498 935/935 1500/1500
f 936/936 858/858 1499/1499
f 1502/1502 857/857 1504/1504
f 857/857 861/861 1504/1504
f 862/862 867/867 1503/1503
f 1507/1507 1505/1505 1508/1508
f 1505/1505 868/868 1508/1508
f 868/868 845/845 1508/1508
f 1511/1511 846/846 1512/1512
f 846/846 1459/1459 1512/1512
f 1514/1514 1460/1460 1515/1515
f 1460/1460 1461/1461 1515/1515
f 1462/1462 1463/1463 1517/1517
f 1517/1517 1463/1463 1519/1519
f 1519/1519 1463/1463 1520/1520
f 1463/1463 1464/1464 1520/1520
f 1465/1465 1466/1466 1522/1522
f 1522/1522 1466/1466 1523/1523
f 1466/1466 1467/1467 1523/1523
f 1523/1523 1467/1467 1524/1524
f 1468/1468 1469/1469 1525/1525
f 1525/1525 1469/1469 1526/1526
f 1469/1469 1470/1470 1526/1526
f 1527/1527 1471/1471 1528/1528
f 1471/1471 1472/1472 1528/1528
f 1472/1472 1474/1474 1528/1528
f 1528/1528 1474/1474 1529/1529
f 1474/1474 1476/1476 1529/1529
f 1529/1529 1476/1476 1530/1530
f 1477/1477 1478/1478 1531/1531
f 1531/1531 1478/1478 1532/1532
f 1479/1479 1480/1480 1534/1534
f 1534/1534 1480/1480 1540/1540
f 1481/1481 1482/1482 1539/1539
f 1483/1483 1486/1486 1538/1538
f 1486/1486 1491/1491 1538/1538
f 1492/1492 1496/1496 1537/1537
f 1497/1497 1501/1501 1536/1536
f 1502/1502 1504/1504 1535/1535
f 1542/1542 1505/1505 1543/1543
f 1505/1505 1507/1507 1543/1543
f 1546/1546 1506/1506 1548/1548
f 1506/1506 1509/1509 1548/1548
f 1510/1510 1513/1513 1547/1547
f 1550/1550 1514/1514 1551/1551
f 1514/1514 1515/1515 1551/1551
f 1551/1551 1515/1515 1552/1552
f 1516/1516 1518/1518 1553/1553
f 1553/1553 1518/1518 1554/1554
f 1518/1518 1521/1521 1554/1554
f 1522/1522 1523/1523 1555/1555
f 1555/1555 1523/1523 1556/1556
f 1556/1556 1523/1523 1557/1557
f 1523/1523 1524/1524 1557/1557
f 1557/1557 1524/1524 1559/1559
f 1525/1525 1526/1526 1558/1558
f 1527/1527 1528/1528 1561/1561
f 1528/1528 1529/1529 1561/1561
f 1563/1563 1561/1561 1564/1564
f 1561/1561 1529/1529 1564/1564
f 1529/1529 1530/1530 1564/1564
f 1564/1564 1530/1530 1565/1565
f 1531/1531 1532/1532 1566/1566
f 1566/1566 1532/1532 1569/1569
f 1533/1533 1541/1541 1568/1568
f 1542/1542 1543/1543 1567/1567
f 1570/1570 1544/1544 1572/1572
f 1545/1545 1549/1549 1571/1571
f 1550/1550 1551/1551 1573/1573
f 1573/1573 1551/1551 1574/1574
f 1551/1551 1552/1552 1574/1574
f 1575/1575 1553/1553 1576/1576
f 1553/1553 1554/1554 1576/1576
f 1576/1576 1554/1554 1577/1577
f 1578/1578 1555/1555 1579/1579
f 1555/1555 1556/1556 1579/1579
f 1556/1556 1557/1557 1579/1579
f 1579/1579 1557/1557 1580/1580
f 1557/1557 1559/1559 1580/1580
f 1560/1560 1562/1562 1582/1582
f 1582/1582 1562/1562 1583/1583
f 1586/1586 1563/1563 1587/1587
f 1563/1563 1564/1564 1587/1587
f 1564/1564 1565/1565 1587/1587
f 1587/1587 1565/1565 1588/1588
f 1590/1590 1566/1566 1591/1591
f 1566/1566 1569/1569 1591/1591
f 1593/1593 1570/1570 1594/1594
f 1570/1570 1572/1572 1594/1594
f 1573/1573 1574/1574 1595/1595
f 1595/1595 1574/1574 1596/1596
f 1597/1597 1575/1575 1598/1598
f 1575/1575 1576/1576 1598/1598
f 1576/1576 1577/1577 1598/1598
f 1598/1598 1577/1577 1599/1599
f 1600/1600 1578/1578 1601/1601
f 1578/1578 1579/1579 1601/1601
f 1601/1601 1579/1579 1603/1603
f 1579/1579 1580/1580 1603/1603
f 1581/1581 1584/1584 1602/1602
f 1604/1604 1585/1585 1605/1605
f 1606/1606 1586/1586 1607/1607
f 1586/1586 1587/1587 1607/1607
f 1587/1587 1588/1588 1607/1607
f 1607/1607 1588/1588 1608/1608
f 1609/1609 1589/1589 1610/1610
f 1589/1589 1592/1592 1610/1610
f 1613/1613 1611/1611 1614/1614
f 1611/1611 1593/1593 1614/1614
f 1593/1593 1594/1594 1614/1614
f 1595/1595 1596/1596 1615/1615
f 1615/1615 1596/1596 1616/1616
f 1597/1597 1598/1598 1617/1617
f 1617/1617 1598/1598 1618/1618
f 1618/1618 1598/1598 1619/1619
f 1598/1598 1599/1599 1619/1619
f 1600/1600 1601/1601 1621/1621
f 1621/1621 1601/1601 1622/1622
f 1601/1601 1603/1603 1622/1622
f 1604/1604 1605/1605 1623/1623
f 1623/1623 1605/1605 1624/1624
f 1606/1606 1607/1607 1625/1625
f 1625/1625 1607/1607 1626/1626
f 1607/1607 1608/1608 1626/1626
f 1626/1626 1608/1608 1627/1627
f 1630/1630 1609/1609 1631/1631
f 1609/1609 1610/1610 1631/1631
f 1611/1611 1613/1613 1633/1633
f 1633/1633 1613/1613 1634/1634
f 1641/1641 1637/1637 1642/1642
f 1637/1637 1612/1612 1642/1642
f 1642/1642 1612/1612 1643/1643
f 1612/1612 1615/1615 1643/1643
f 1615/1615 1616/1616 1643/1643
f 1644/1644 1617/1617 1645/1645
f 1617/1617 1618/1618 1645/1645
f 1645/1645 1618/1618 1646/1646
f 1618/1618 1619/1619 1646/1646
f 1647/1647 1620/1620 1648/1648
f 1620/1620 1623/1623 1648/1648
f 1623/1623 1624/1624 1648/1648
f 1648/1648 1624/1624 1649/1649
f 1652/1652 1625/1625 1653/1653
f 1625/1625 1626/1626 1653/1653
f 1626/1626 1627/1627 1653/1653
f 1653/1653 1627/1627 1654/1654
f 1655/1655 1628/1628 1657/1657
f 1629/1629 1632/1632 1656/1656
f 1632/1632 1635/1635 1656/1656
f 1636/1636 1638/1638 1658/1658
f 1658/1658 1638/1638 1661/1661
f 1639/1639 897/897 1660/1660
f 893/893 903/903 1659/1659
f 904/904 910/910 1664/1664
f 1664/1664 910/910 1665/1665
f 910/910 913/913 1665/1665
f 1666/1666 914/914 1667/1667
f 914/914 1005/1005 1667/1667
f 1668/1668 1006/1006 1669/1669
f 1006/1006 1009/1009 1669/1669
f 1670/1670 1010/1010 1671/1671
f 1010/1010 1015/1015 1671/1671
f 1015/1015 881/881 1671/1671
f 1671/1671 881/881 1672/1672
f 1674/1674 882/882 1676/1676
f 882/882 891/891 1676/1676
f 892/892 906/906 1675/1675
f 1676/1676 905/905 1677/1677
f 905/905 899/899 1677/1677
f 1677/1677 899/899 1678/1678
f 899/899 895/895 1678/1678
f 1679/1679 896/896 1681/1681
f 1681/1681 896/896 1682/1682
f 896/896 1640/1640 1682/1682
f 1641/1641 1642/1642 1683/1683
f 1683/1683 1642/1642 1684/1684
f 1642/1642 1643/1643 1684/1684
f 1644/1644 1645/1645 1685/1685
f 1685/1685 1645/1645 1686/1686
f 1645/1645 1646/1646 1686/1686
f 1647/1647 1648/1648 1688/1688
f 1688/1688 1648/1648 1689/1689
f 1648/1648 1649/1649 1689/1689
f 1693/1693 1650/1650 1694/1694
f 1697/1697 1651/1651 1698/1698
f 1652/1652 1653/1653 1699/1699
f 1653/1653 1654/1654 1699/1699
f 1699/1699 1654/1654 1700/1700
f 1655/1655 1657/1657 1701/1701
f 1657/1657 1662/1662 1701/1701
f 1701/1701 1662/1662 1702/1702
f 1663/1663 1666/1666 1703/1703
f 1703/1703 1666/1666 1704/1704
f 1666/1666 1667/1667 1704/1704
f 1704/1704 1667/1667 1706/1706
f 1668/1668 1669/1669 1705/1705
f 1670/1670 1671/1671 1709/1709
f 1709/1709 1671/1671 1710/1710
f 1671/1671 1672/1672 1710/1710
f 1712/1712 1673/1673 1713/1713
f 1674/1674 1676/1676 1715/1715
f 1676/1676 1677/1677 1715/1715
f 1715/1715 1677/1677 1716/1716
f 1677/1677 1678/1678 1716/1716
f 1717/1717 1679/1679 1720/1720
f 1720/1720 1679/1679 1721/1721
f 1679/1679 1681/1681 1721/1721
f 1723/1723 1680/1680 1725/1725
f 1725/1725 1680/1680 1726/1726
f 1680/1680 1683/1683 1726/1726
f 1683/1683 1684/1684 1726/1726
f 1727/1727 1685/1685 1729/1729
f 1685/1685 1686/1686 1729/1729
f 1687/1687 1690/1690 1728/1728
f 1731/1731 1691/1691 1733/1733
f 1692/1692 1695/1695 1732/1732
f 1734/1734 1696/1696 1736/1736
f 1736/1736 1696/1696 1738/1738
f 1697/1697 1698/1698 1737/1737
f 1699/1699 1700/1700 1739/1739
f 1739/1739 1700/1700 1740/1740
f 1701/1701 1702/1702 1741/1741
f 1741/1741 1702/1702 1742/1742
f 1703/1703 1704/1704 1743/1743
f 1743/1743 1704/1704 1744/1744
f 1704/1704 1706/1706 1744/1744
f 1746/1746 1707/1707 1748/1748
f 1708/1708 1711/1711 1747/1747
f 1711/1711 1714/1714 1747/1747
f 1753/1753 1751/1751 1756/1756
f 1747/1747 1714/1714 1755/1755
f 1715/1715 1716/1716 1754/1754
f 1757/1757 1717/1717 1758/1758
f 1717/1717 1720/1720 1758/1758
f 1760/1760 1718/1718 1763/1763
f 1763/1763 1718/1718 1766/1766
f 1719/1719 1722/1722 1765/1765
f 1723/1723 1725/1725 1764/1764
f 1767/1767 1724/1724 1768/1768
f 1768/1768 1724/1724 1769/1769
f 1724/1724 1727/1727 1769/1769
f 1727/1727 1729/1729 1769/1769
f 1770/1770 1730/1730 1771/1771
f 1730/1730 1734/1734 1771/1771
f 1734/1734 1736/1736 1771/1771
f 1771/1771 1736/1736 1772/1772
f 1773/1773 1735/1735 1775/1775
f 1736/1736 1738/1738 1774/1774
f 1739/1739 1740/1740 1776/1776
f 1776/1776 1740/1740 1777/1777
f 1741/1741 1742/1742 1781/1781
f 1742/1742 1745/1745 1781/1781
f 1745/1745 1749/1749 1781/1781
f 1781/1781 1749/1749 1782/1782
f 1750/1750 1752/1752 1785/1785
f 1752/1752 1786/1786 1785/1785
f 1785/1785 1786/1786 1788/1788
f 1786/1786 1790/1790 1788/1788
f 1788/1788 1790/1790 1791/1791
f 1789/1789 1794/1794 1792/1792
f 1792/1792 1794/1794 1795/1795
f 1794/1794 1058/1058 1795/1795
f 1796/1796 1056/1056 1798/1798
f 1056/1056 1060/1060 1798/1798
f 1061/1061 1067/1067 1797/1797
f 1800/1800 1068/1068 1801/1801
f 1068/1068 1071/1071 1801/1801
f 1071/1071 1099/1099 1801/1801
f 1802/1802 1100/1100 1803/1803
f 1100/1100 1097/1097 1803/1803
f 1098/1098 1090/1090 1805/1805
f 1805/1805 1090/1090 1806/1806
f 1091/1091 1085/1085 1808/1808
f 1808/1808 1085/1085 1809/1809
f 1809/1809 1085/1085 1810/1810
f 1085/1085 1084/1084 1810/1810
f 1084/1084 1079/1079 1810/1810
f 1811/1811 1080/1080 1812/1812
f 1081/1081 1074/1074 1813/1813
f 1813/1813 1074/1074 1814/1814
f 1074/1074 1072/1072 1814/1814
f 1814/1814 1072/1072 1815/1815
f 1073/1073 1050/1050 1816/1816
f 1050/1050 1055/1055 1816/1816
f 1816/1816 1055/1055 1817/1817
f 1054/1054 1057/1057 1819/1819
f 1819/1819 1057/1057 1821/1821
f 1057/1057 1793/1793 1821/1821
f 1793/1793 1790/1790 1821/1821
f 1821/1821 1790/1790 1823/1823
f 1823/1823 1790/1790 1826/1826
f 1790/1790 1786/1786 1826/1826
f 1786/1786 1752/1752 1826/1826
f 1826/1826 1752/1752 1827/1827
f 1752/1752 1757/1757 1827/1827
f 1757/1757 1758/1758 1827/1827
f 1828/1828 1759/1759 1830/1830
f 1760/1760 1763/1763 1829/1829
f 1831/1831 1761/1761 1832/1832
f 1762/1762 1767/1767 1835/1835
f 1767/1767 1768/1768 1835/1835
f 1835/1835 1768/1768 1836/1836
f 1768/1768 1769/1769 1836/1836
f 1770/1770 1771/1771 1837/1837
f 1771/1771 1772/1772 1837/1837
f 1837/1837 1772/1772 1838/1838
f 1839/1839 1773/1773 1840/1840
f 1773/1773 1775/1775 1840/1840
f 1775/1775 1778/1778 1840/1840
f 1841/1841 1779/1779 1843/1843
f 1843/1843 1779/1779 1845/1845
f 1780/1780 1783/1783 1844/1844
f 1846/1846 1784/1784 1849/1849
f 1784/1784 1787/1787 1849/1849
f 1849/1849 1787/1787 1852/1852
f 1787/1787 1792/1792 1852/1852
f 1852/1852 1792/1792 1854/1854
f 1792/1792 1795/1795 1854/1854
f 1854/1854 1795/1795 1855/1855
f 1795/1795 1799/1799 1855/1855
f 1799/1799 1802/1802 1855/1855
f 1802/1802 1803/1803 1855/1855
f 1857/1857 1804/1804 1859/1859
f 1805/1805 1806/1806 1858/1858
f 1861/1861 1807/1807 1862/1862
f 1808/1808 1809/1809 1863/1863
f 1863/1863 1809/1809 1864/1864
f 1809/1809 1810/1810 1864/1864
f 1811/1811 1812/1812 1865/1865
f 1865/1865 1812/1812 1866/1866
f 1813/1813 1814/1814 1867/1867
f 1867/1867 1814/1814 1868/1868
f 1814/1814 1815/1815 1868/1868
f 1815/1815 1818/1818 1868/1868
f 1868/1868 1818/1818 1869/1869
f 1819/1819 1821/1821 1872/1872
f 1872/1872 1821/1821 1873/1873
f 1820/1820 1822/1822 1875/1875
f 1822/1822 1824/1824 1875/1875
f 1875/1875 1824/1824 1876/1876
f 1825/1825 1828/1828 1877/1877
f 1828/1828 1830/1830 1877/1877
f 1877/1877 1830/1830 1878/1878
f 1830/1830 1833/1833 1878/1878
f 1881/1881 1834/1834 1882/1882
f 1834/1834 1837/1837 1882/1882
f 1837/1837 1838/1838 1882/1882
f 1882/1882 1838/1838 1883/1883
f 1839/1839 1840/1840 1886/1886
f 1840/1840 1842/1842 1886/1886
f 1886/1886 1842/1842 1887/1887
f 1843/1843 1845/1845 1888/1888
f 1845/1845 1847/1847 1888/1888
f 1888/1888 1847/1847 1889/1889
f 1848/1848 1850/1850 1890/1890
f 1890/1890 1850/1850 1893/1893
f 1851/1851 1853/1853 1892/1892
f 1853/1853 1856/1856 1892/1892
f 1857/1857 1859/1859 1891/1891
f 1894/1894 1860/1860 1896/1896
f 1861/1861 1862/1862 1895/1895
f 1898/1898 1863/1863 1899/1899
f 1863/1863 1864/1864 1899/1899
f 1865/1865 1866/1866 1901/1901
f 1901/1901 1866/1866 1903/1903
f 1867/1867 1868/1868 1902/1902
f 1868/1868 1869/1869 1902/1902
f 1903/1903 1870/1870 1904/1904
f 1871/1871 1874/1874 1905/1905
f 1905/1905 1874/1874 1907/1907
f 1875/1875 1876/1876 1906/1906
f 1876/1876 1879/1879 1906/1906
f 1908/1908 1880/1880 1910/1910
f 1881/1881 1882/1882 1909/1909
f 1882/1882 1883/1883 1909/1909
f 1911/1911 1884/1884 1913/1913
f 1885/1885 1888/1888 1912/1912
f 1888/1888 1889/1889 1912/1912
f 1915/1915 1890/1890 1917/1917
f 1890/1890 1893/1893 1917/1917
f 1893/1893 1897/1897 1917/1917
f 1917/1917 1897/1897 1918/1918
f 1897/1897 1900/1900 1918/1918
f 1901/1901 1903/1903 1919/1919
f 1903/1903 1904/1904 1919/1919
f 1919/1919 1904/1904 1921/1921
f 1904/1904 1908/1908 1921/1921
f 1908/1908 1910/1910 1921/1921
f 1910/1910 1914/1914 1921/1921
f 1914/1914 1916/1916 1921/1921
f 1922/1922 1923/1923 1924/1924
f 1924/1924 1923/1923 1925/1925
f 1925/1925 1923/1923 1927/1927
f 1923/1923 1928/1928 1927/1927
f 1926/1926 1929/1929 1930/1930
f 1929/1929 1931/1931 1930/1930
f 1936/1936 1940/1940 1942/1942
f 1949/1949 1954/1954 1955/1955
f 1958/1958 1950/1950 1959/1959
f 1961/1961 1951/1951 1964/1964
f 1951/1951 1968/1968 1964/1964
f 1968/1968 1970/1970 1964/1964
f 1969/1969 1972/1972 1963/1963
f 1975/1975 1966/1966 1976/1976
f 1962/1962 1971/1971 1978/1978
f 1979/1979 1978/1978 1980/1980
f 1978/1978 1971/1971 1980/1980
f 1972/1972 1969/1969 1982/1982
f 1969/1969 1983/1983 1982/1982
f 1982/1982 1983/1983 1986/1986
f 1944/1944 1988/1988 1990/1990
f 1988/1988 1986/1986 1990/1990
f 1990/1990 1986/1986 1993/1993
f 1986/1986 1983/1983 1993/1993
f 1993/1993 1983/1983 1995/1995
f 1983/1983 1969/1969 1995/1995
f 1995/1995 1969/1969 1998/1998
f 1969/1969 1967/1967 1998/1998
f 1998/1998 1967/1967 1999/1999
f 1967/1967 1952/1952 1999/1999
f 1953/1953 1945/1945 2002/2002
f 2002/2002 1945/1945 2003/2003
f 2006/2006 1946/1946 2007/2007
f 2010/2010 1947/1947 2011/2011
f 1948/1948 1956/1956 2013/2013
f 2013/2013 1956/1956 2014/2014
f 2014/2014 1956/1956 2015/2015
f 2018/2018 1957/1957 2020/2020
f 1957/1957 1960/1960 2020/2020
f 2020/2020 1960/1960 2021/2021
f 1960/1960 1965/1965 2021/2021
f 1965/1965 1973/1973 2021/2021
f 1974/1974 1977/1977 2023/2023
f 2023/2023 1977/1977 2024/2024
f 1978/1978 1979/1979 2027/2027
f 1979/1979 1980/1980 2027/2027
f 2027/2027 1980/1980 2029/2029
f 1981/1981 1984/1984 2028/2028
f 2031/2031 1985/1985 2032/2032
f 1986/1986 1988/1988 2034/2034
f 2034/2034 1988/1988 2038/2038
f 2038/2038 1988/1988 2040/2040
f 1987/1987 1941/1941 2039/2039
f 1941/1941 1937/1937 2039/2039
f 2042/2042 1938/1938 2044/2044
f 1939/1939 1932/1932 2043/2043
f 2049/2049 2046/2046 2050/2050
f 2046/2046 1933/1933 2050/2050
f 2053/2053 1934/1934 2054/2054
f 1935/1935 1943/1943 2057/2057
f 2057/2057 1943/1943 2060/2060
f 1943/1943 1989/1989 2060/2060
f 2060/2060 1989/1989 2062/2062
f 1989/1989 1991/1991 2062/2062
f 2062/2062 1991/1991 2063/2063
f 1992/1992 1994/1994 2066/2066
f 2066/2066 1994/1994 2069/2069
f 1994/1994 1996/1996 2069/2069
f 2069/2069 1996/1996 2070/2070
f 1997/1997 2000/2000 2073/2073
f 2073/2073 2000/2000 2075/2075
f 2001/2001 2004/2004 2074/2074
f 2077/2077 2005/2005 2079/2079
f 2005/2005 2008/2008 2079/2079
f 2079/2079 2008/2008 2080/2080
f 2083/2083 2009/2009 2085/2085
f 2085/2085 2009/2009 2087/2087
f 2010/2010 2011/2011 2086/2086
f 2088/2088 2012/2012 2090/2090
f 2090/2090 2012/2012 2091/2091
f 2013/2013 2014/2014 2092/2092
f 2014/2014 2015/2015 2092/2092
f 2092/2092 2015/2015 2093/2093
f 2095/2095 2016/2016 2097/2097
f 2017/2017 2019/2019 2096/2096
f 2019/2019 2022/2022 2096/2096
f 2022/2022 2025/2025 2096/2096
f 2026/2026 2030/2030 2100/2100
f 2030/2030 2033/2033 2100/2100
f 2100/2100 2033/2033 2102/2102
f 2033/2033 2035/2035 2102/2102
f 2102/2102 2035/2035 2104/2104
f 2104/2104 2035/2035 2105/2105
f 2106/2106 2036/2036 2107/2107
f 2037/2037 2041/2041 2109/2109
f 2041/2041 2045/2045 2109/2109
f 2109/2109 2045/2045 2111/2111
f 2045/2045 2047/2047 2111/2111
f 2116/2116 2111/2111 2118/2118
f 2111/2111 2047/2047 2118/2118
f 2048/2048 2051/2051 2117/2117
f 2121/2121 2052/2052 2123/2123
f 2053/2053 2054/2054 2122/2122
f 2125/2125 2055/2055 2127/2127
f 2056/2056 2058/2058 2126/2126
f 2129/2129 2059/2059 2132/2132
f 2059/2059 2061/2061 2132/2132
f 2132/2132 2061/2061 2134/2134
f 2061/2061 2064/2064 2134/2134
f 2134/2134 2064/2064 2137/2137
f 2065/2065 2067/2067 2136/2136
f 2068/2068 2071/2071 2135/2135
f 2140/2140 2072/2072 2144/2144
f 2144/2144 2072/2072 2146/2146
f 2072/2072 2076/2076 2146/2146
f 2076/2076 2078/2078 2146/2146
f 2146/2146 2078/2078 2148/2148
f 2078/2078 2081/2081 2148/2148
f 2082/2082 2084/2084 2147/2147
f 2149/2149 2085/2085 2151/2151
f 2085/2085 2087/2087 2151/2151
f 2088/2088 2090/2090 2150/2150
f 2152/2152 2089/2089 2153/2153
f 2090/2090 2091/2091 2155/2155
f 2155/2155 2091/2091 2156/2156
f 2158/2158 2092/2092 2160/2160
f 2092/2092 2093/2093 2160/2160
f 2094/2094 2098/2098 2159/2159
f 2162/2162 2099/2099 2164/2164
f 2099/2099 2101/2101 2164/2164
f 2101/2101 2103/2103 2164/2164
f 2164/2164 2103/2103 2165/2165
f 2167/2167 2104/2104 2169/2169
f 2104/2104 2105/2105 2169/2169
f 2106/2106 2107/2107 2168/2168
f 2108/2108 2110/2110 2171/2171
f 2110/2110 2112/2112 2171/2171
f 2171/2171 2112/2112 2172/2172
f 2174/2174 2113/2113 2178/2178
f 2178/2178 2113/2113 2179/2179
f 2180/2180 2114/2114 2182/2182
f 2115/2115 2119/2119 2181/2181
f 2120/2120 2124/2124 2184/2184
f 2124/2124 2128/2128 2184/2184
f 2184/2184 2128/2128 2186/2186
f 2128/2128 2130/2130 2186/2186
f 2186/2186 2130/2130 2188/2188
f 2131/2131 2133/2133 2187/2187
f 2133/2133 2138/2138 2187/2187
f 2190/2190 2139/2139 2191/2191
f 2139/2139 2141/2141 2191/2191
f 2193/2193 2142/2142 2194/2194
f 2143/2143 2145/2145 2196/2196
f 2196/2196 2145/2145 2197/2197
f 2145/2145 2149/2149 2197/2197
f 2149/2149 2151/2151 2197/2197
f 2152/2152 2153/2153 2199/2199
f 2199/2199 2153/2153 2200/2200
f 2154/2154 2157/2157 2201/2201
f 2201/2201 2157/2157 2203/2203
f 2158/2158 2160/2160 2202/2202
f 2161/2161 2163/2163 2205/2205
f 2205/2205 2163/2163 2206/2206
f 2208/2208 2164/2164 2210/2210
f 2164/2164 2165/2165 2210/2210
f 2166/2166 2170/2170 2209/2209
f 2170/2170 2173/2173 2209/2209
f 2173/2173 2175/2175 2209/2209
f 2175/2175 2214/2214 2209/2209
f 2211/2211 2212/2212 2215/2215
f 2217/2217 2213/2213 2218/2218
f 2213/2213 2176/2176 2218/2218
f 2219/2219 2177/2177 2220/2220
f 2178/2178 2179/2179 2221/2221
f 2179/2179 2183/2183 2221/2221
f 2183/2183 2185/2185 2221/2221
f 2185/2185 2189/2189 2221/2221
f 2221/2221 2189/2189 2223/2223
f 2223/2223 2189/2189 2225/2225
f 2189/2189 2192/2192 2225/2225
f 2192/2192 2195/2195 2225/2225
f 2225/2225 2195/2195 2228/2228
f 2195/2195 2198/2198 2228/2228
f 2199/2199 2200/2200 2227/2227
f 2201/2201 2203/2203 2226/2226
f 2229/2229 2204/2204 2231/2231
f 2205/2205 2206/2206 2230/2230
f 2232/2232 2207/2207 2233/2233
f 2208/2208 2210/2210 2234/2234
f 2234/2234 2210/2210 2235/2235
f 2210/2210 2216/2216 2235/2235
f 2236/2236 2217/2217 2237/2237
f 2217/2217 2218/2218 2237/2237
f 2219/2219 2220/2220 2238/2238
f 2220/2220 2222/2222 2238/2238
f 2238/2238 2222/2222 2239/2239
f 2222/2222 2224/2224 2239/2239
f 2224/2224 2229/2229 2239/2239
f 2229/2229 2231/2231 2239/2239
f 2232/2232 2233/2233 2240/2240
f 2233/2233 2236/2236 2240/2240
f 2242/2242 2243/2243 2244/2244
f 2249/2249 2246/2246 2251/2251
f 4615/4615 2254/2254 2255/2255
f 2254/2254 2257/2257 2255/2255
f 2255/2255 2257/2257 2258/2258
f 2258/2258 2257/2257 2260/2260
f 2262/2262 2264/2264 2265/2265
f 2264/2264 2269/2269 2265/2265
f 2272/2272 2266/2266 2274/2274
f 2266/2266 2267/2267 2274/2274
f 2274/2274 2267/2267 2275/2275
f 2268/2268 2278/2278 2277/2277
f 2278/2278 2280/2280 2277/2277
f 2277/2277 2280/2280 2281/2281
f 2282/2282 2279/2279 2283/2283
f 2284/2284 2280/2280 2286/2286
f 2280/2280 2278/2278 2286/2286
f 2286/2286 2278/2278 2287/2287
f 2278/2278 2268/2268 2287/2287
f 2268/2268 2263/2263 2287/2287
f 2289/2289 2264/2264 2291/2291
f 2291/2291 2264/2264 2292/2292
f 2264/2264 2262/2262 2292/2292
f 2292/2292 2262/2262 2293/2293
f 2295/2295 2297/2297 2299/2299
f 2299/2299 2297/2297 2301/2301
f 2296/2296 2305/2305 2300/2300
f 2303/2303 2304/2304 2306/2306
f 2305/2305 2309/2309 2308/2308
f 2308/2308 2309/2309 2311/2311
f 2309/2309 2312/2312 2311/2311
f 2311/2311 2312/2312 2314/2314
f 2314/2314 2312/2312 2316/2316
f 2312/2312 2317/2317 2316/2316
f 2316/2316 2317/2317 2319/2319
f 2317/2317 2293/2293 2319/2319
f 2319/2319 2293/2293 2320/2320
f 2293/2293 2262/2262 2320/2320
f 2322/2322 2261/2261 2323/2323
f 2261/2261 2266/2266 2323/2323
f 2266/2266 2272/2272 2323/2323
f 2324/2324 2270/2270 2325/2325
f 2325/2325 2270/2270 2326/2326
f 2271/2271 2273/2273 2327/2327
f 2327/2327 2273/2273 2328/2328
f 2328/2328 2273/2273 2329/2329
f 2273/2273 2276/2276 2329/2329
f 2276/2276 2282/2282 2329/2329
f 2329/2329 2282/2282 2330/2330
f 2282/2282 2283/2283 2330/2330
f 2330/2330 2283/2283 2331/2331
f 2284/2284 2286/2286 2332/2332
f 2332/2332 2286/2286 2333/2333
f 2335/2335 2285/2285 2337/2337
f 2285/2285 2288/2288 2337/2337
f 2288/2288 2290/2290 2337/2337
f 2339/2339 2337/2337 2340/2340
f 2337/2337 2290/2290 2340/2340
f 2291/2291 2292/2292 2341/2341
f 2341/2341 2292/2292 2342/2342
f 2292/2292 2293/2293 2342/2342
f 2293/2293 2317/2317 2342/2342
f 2342/2342 2317/2317 2343/2343
f 2317/2317 2312/2312 2343/2343
f 2312/2312 2309/2309 2343/2343
f 2343/2343 2309/2309 2344/2344
f 2309/2309 2305/2305 2344/2344
f 2344/2344 2305/2305 2345/2345
f 2305/2305 2296/2296 2345/2345
f 2345/2345 2296/2296 2346/2346
f 2297/2297 2295/2295 2348/2348
f 2348/2348 2295/2295 2350/2350
f 2355/2355 2352/2352 2357/2357
f 2349/2349 2294/2294 2356/2356
f 2359/2359 2295/2295 2360/2360
f 2295/2295 2299/2299 2360/2360
f 2362/2362 2298/2298 2363/2363
f 2363/2363 2298/2298 2364/2364
f 2298/2298 2302/2302 2364/2364
f 2302/2302 2307/2307 2364/2364
f 2364/2364 2307/2307 2365/2365
f 2307/2307 2310/2310 2365/2365
f 2365/2365 2310/2310 2366/2366
f 2366/2366 2310/2310 2367/2367
f 2310/2310 2313/2313 2367/2367
f 2313/2313 2315/2315 2367/2367
f 2367/2367 2315/2315 2368/2368
f 2368/2368 2315/2315 2369/2369
f 2315/2315 2318/2318 2369/2369
f 2369/2369 2318/2318 2370/2370
f 2318/2318 2321/2321 2370/2370
f 2321/2321 2324/2324 2370/2370
f 2324/2324 2325/2325 2370/2370
f 2370/2370 2325/2325 2372/2372
f 2372/2372 2325/2325 2374/2374
f 2325/2325 2326/2326 2374/2374
f 2374/2374 2326/2326 2375/2375
f 2327/2327 2328/2328 2378/2378
f 2378/2378 2328/2328 2380/2380
f 2328/2328 2329/2329 2380/2380
f 2380/2380 2329/2329 2384/2384
f 2329/2329 2330/2330 2384/2384
f 2384/2384 2330/2330 2386/2386
f 2330/2330 2331/2331 2386/2386
f 2386/2386 2331/2331 2387/2387
f 2332/2332 2333/2333 2390/2390
f 2390/2390 2333/2333 2391/2391
f 2393/2393 2334/2334 2395/2395
f 2335/2335 2337/2337 2394/2394
f 2336/2336 2338/2338 2395/2395
f 2395/2395 2338/2338 2396/2396
f 2396/2396 2338/2338 2397/2397
f 2399/2399 2339/2339 2400/2400
f 2339/2339 2340/2340 2400/2400
f 2341/2341 2342/2342 2403/2403
f 2342/2342 2343/2343 2403/2403
f 2343/2343 2344/2344 2403/2403
f 2403/2403 2344/2344 2406/2406
f 2344/2344 2345/2345 2406/2406
f 2406/2406 2345/2345 2408/2408
f 2345/2345 2346/2346 2408/2408
f 2408/2408 2346/2346 2409/2409
f 2347/2347 2351/2351 2411/2411
f 2411/2411 2351/2351 2412/2412
f 2351/2351 2353/2353 2412/2412
f 2412/2412 2353/2353 2414/2414
f 2414/2414 2353/2353 2415/2415
f 2416/2416 2354/2354 2417/2417
f 2354/2354 2358/2358 2417/2417
f 2417/2417 2358/2358 2418/2418
f 2418/2418 2358/2358 2419/2419
f 2358/2358 2361/2361 2419/2419
f 2362/2362 2363/2363 2420/2420
f 2420/2420 2363/2363 2423/2423
f 2423/2423 2363/2363 2425/2425
f 2363/2363 2364/2364 2425/2425
f 2425/2425 2364/2364 2427/2427
f 2364/2364 2365/2365 2427/2427
f 2427/2427 2365/2365 2429/2429
f 2365/2365 2366/2366 2429/2429
f 2429/2429 2366/2366 2431/2431
f 2366/2366 2367/2367 2431/2431
f 2367/2367 2368/2368 2431/2431
f 2431/2431 2368/2368 2433/2433
f 2368/2368 2369/2369 2433/2433
f 2433/2433 2369/2369 2434/2434
f 2369/2369 2370/2370 2434/2434
f 2370/2370 2372/2372 2434/2434
f 2435/2435 2371/2371 2437/2437
f 2437/2437 2371/2371 2439/2439
f 2371/2371 2373/2373 2439/2439
f 2439/2439 2373/2373 2440/2440
f 2373/2373 2376/2376 2440/2440
f 2442/2442 2377/2377 2445/2445
f 2377/2377 2379/2379 2445/2445
f 2445/2445 2379/2379 2447/2447
f 2379/2379 2381/2381 2447/2447
f 2447/2447 2381/2381 2448/2448
f 2449/2449 2382/2382 2450/2450
f 2383/2383 2385/2385 2451/2451
f 2451/2451 2385/2385 2452/2452
f 2385/2385 2388/2388 2452/2452
f 2452/2452 2388/2388 2453/2453
f 2453/2453 2388/2388 2454/2454
f 2389/2389 2392/2392 2455/2455
f 2455/2455 2392/2392 2457/2457
f 2392/2392 2458/2458 2457/2457
f 2457/2457 2458/2458 2459/2459
f 2459/2459 2458/2458 2460/2460
f 2458/2458 2392/2392 2460/2460
f 2393/2393 2395/2395 2461/2461
f 2395/2395 2396/2396 2461/2461
f 2461/2461 2396/2396 2463/2463
f 2463/2463 2396/2396 2464/2464
f 2396/2396 2397/2397 2464/2464
f 2464/2464 2397/2397 2465/2465
f 2465/2465 2397/2397 2468/2468
f 2398/2398 2401/2401 2467/2467
f 2402/2402 2404/2404 2466/2466
f 2469/2469 2405/2405 2471/2471
f 2405/2405 2407/2407 2471/2471
f 2407/2407 2410/2410 2471/2471
f 2471/2471 2410/2410 2472/2472
f 2411/2411 2412/2412 2473/2473
f 2412/2412 2414/2414 2473/2473
f 2473/2473 2414/2414 2474/2474
f 2413/2413 2416/2416 2475/2475
f 2475/2475 2416/2416 2476/2476
f 2416/2416 2417/2417 2476/2476
f 2476/2476 2417/2417 2480/2480
f 2480/2480 2417/2417 2482/2482
f 2417/2417 2418/2418 2482/2482
f 2482/2482 2418/2418 2484/2484
f 2418/2418 2419/2419 2484/2484
f 2420/2420 2423/2423 2483/2483
f 2485/2485 2421/2421 2486/2486
f 2488/2488 2422/2422 2490/2490
f 2422/2422 2424/2424 2490/2490
f 2490/2490 2424/2424 2492/2492
f 2424/2424 2426/2426 2492/2492
f 2492/2492 2426/2426 2494/2494
f 2426/2426 2428/2428 2494/2494
f 2494/2494 2428/2428 2496/2496
f 2496/2496 2428/2428 2498/2498
f 2428/2428 2430/2430 2498/2498
f 2430/2430 2432/2432 2498/2498
f 2498/2498 2432/2432 2501/2501
f 2501/2501 2432/2432 2502/2502
f 2432/2432 2435/2435 2502/2502
f 2435/2435 2437/2437 2502/2502
f 2503/2503 2436/2436 2505/2505
f 2505/2505 2436/2436 2507/2507
f 2436/2436 2438/2438 2507/2507
f 2507/2507 2438/2438 2509/2509
f 2438/2438 2441/2441 2509/2509
f 2441/2441 2443/2443 2509/2509
f 2509/2509 2443/2443 2511/2511
f 2511/2511 2443/2443 2512/2512
f 2444/2444 2446/2446 2513/2513
f 2513/2513 2446/2446 2514/2514
f 2447/2447 2448/2448 2515/2515
f 2515/2515 2448/2448 2516/2516
f 2449/2449 2450/2450 2518/2518
f 2518/2518 2450/2450 2519/2519
f 2451/2451 2452/2452 2521/2521
f 2521/2521 2452/2452 2523/2523
f 2452/2452 2453/2453 2523/2523
f 2523/2523 2453/2453 2527/2527
f 2527/2527 2453/2453 2529/2529
f 2453/2453 2454/2454 2529/2529
f 2529/2529 2454/2454 2531/2531
f 2454/2454 2456/2456 2531/2531
f 2531/2531 2456/2456 2532/2532
f 2457/2457 2459/2459 2533/2533
f 2533/2533 2459/2459 2534/2534
f 2459/2459 2460/2460 2534/2534
f 2534/2534 2460/2460 2535/2535
f 2535/2535 2460/2460 2536/2536
f 2460/2460 2462/2462 2536/2536
f 2536/2536 2462/2462 2537/2537
f 2538/2538 2537/2537 2539/2539
f 2537/2537 2462/2462 2539/2539
f 2463/2463 2464/2464 2540/2540
f 2540/2540 2464/2464 2542/2542
f 2464/2464 2465/2465 2542/2542
f 2542/2542 2465/2465 2544/2544
f 2544/2544 2465/2465 2545/2545
f 2465/2465 2468/2468 2545/2545
f 2468/2468 2470/2470 2545/2545
f 2546/2546 2471/2471 2547/2547
f 2471/2471 2472/2472 2547/2547
f 2549/2549 2473/2473 2550/2550
f 2473/2473 2474/2474 2550/2550
f 2475/2475 2476/2476 2552/2552
f 2552/2552 2476/2476 2553/2553
f 2476/2476 2480/2480 2553/2553
f 2554/2554 2477/2477 2555/2555
f 2559/2559 2478/2478 2560/2560
f 2562/2562 2479/2479 2564/2564
f 2479/2479 2481/2481 2564/2564
f 2564/2564 2481/2481 2565/2565
f 2481/2481 2485/2485 2565/2565
f 2485/2485 2486/2486 2565/2565
f 2569/2569 2567/2567 2571/2571
f 2567/2567 2487/2487 2571/2571
f 2487/2487 2489/2489 2571/2571
f 2571/2571 2489/2489 2573/2573
f 2489/2489 2491/2491 2573/2573
f 2573/2573 2491/2491 2574/2574
f 2491/2491 2493/2493 2574/2574
f 2577/2577 2575/2575 2578/2578
f 2574/2574 2493/2493 2579/2579
f 2493/2493 2495/2495 2579/2579
f 2579/2579 2495/2495 2581/2581
f 2581/2581 2495/2495 2583/2583
f 2495/2495 2497/2497 2583/2583
f 2497/2497 2499/2499 2583/2583
f 2583/2583 2499/2499 2584/2584
f 2586/2586 2500/2500 2587/2587
f 2500/2500 2503/2503 2587/2587
f 2503/2503 2505/2505 2587/2587
f 2588/2588 2504/2504 2591/2591
f 2591/2591 2504/2504 2593/2593
f 2504/2504 2506/2506 2593/2593
f 2506/2506 2508/2508 2593/2593
f 2508/2508 2510/2510 2593/2593
f 2593/2593 2510/2510 2594/2594
f 2511/2511 2512/2512 2595/2595
f 2595/2595 2512/2512 2596/2596
f 2513/2513 2514/2514 2597/2597
f 2597/2597 2514/2514 2599/2599
f 2515/2515 2516/2516 2598/2598
f 2600/2600 2517/2517 2601/2601
f 2518/2518 2519/2519 2602/2602
f 2602/2602 2519/2519 2603/2603
f 2520/2520 2522/2522 2604/2604
f 2604/2604 2522/2522 2605/2605
f 2522/2522 2524/2524 2605/2605
f 2605/2605 2524/2524 2606/2606
f 2607/2607 2525/2525 2608/2608
f 2526/2526 2528/2528 2609/2609
f 2609/2609 2528/2528 2610/2610
f 2528/2528 2530/2530 2610/2610
f 2614/2614 2612/2612 2615/2615
f 2612/2612 2531/2531 2615/2615
f 2531/2531 2532/2532 2615/2615
f 2615/2615 2532/2532 2616/2616
f 2533/2533 2534/2534 2617/2617
f 2617/2617 2534/2534 2619/2619
f 2534/2534 2535/2535 2619/2619
f 2619/2619 2535/2535 2621/2621
f 2535/2535 2536/2536 2621/2621
f 2621/2621 2536/2536 2623/2623
f 2536/2536 2537/2537 2623/2623
f 2537/2537 2538/2538 2623/2623
f 2623/2623 2538/2538 2625/2625
f 2627/2627 2625/2625 2628/2628
f 2625/2625 2538/2538 2628/2628
f 2538/2538 2539/2539 2628/2628
f 2628/2628 2539/2539 2629/2629
f 2629/2629 2539/2539 2630/2630
f 2539/2539 2541/2541 2630/2630
f 2630/2630 2541/2541 2631/2631
f 2541/2541 2543/2543 2631/2631
f 2631/2631 2543/2543 2632/2632
f 2632/2632 2543/2543 2633/2633
f 2633/2633 2543/2543 2634/2634
f 2634/2634 2543/2543 2635/2635
f 2635/2635 2543/2543 2636/2636
f 2544/2544 2545/2545 2637/2637
f 2545/2545 2548/2548 2637/2637
f 2637/2637 2548/2548 2639/2639
f 2548/2548 2551/2551 2639/2639
f 2552/2552 2553/2553 2638/2638
f 2641/2641 2554/2554 2642/2642
f 2554/2554 2555/2555 2642/2642
f 2643/2643 2556/2556 2644/2644
f 2647/2647 2557/2557 2649/2649
f 2558/2558 2561/2561 2648/2648
f 2651/2651 2562/2562 2652/2652
f 2562/2562 2564/2564 2652/2652
f 2653/2653 2563/2563 2654/2654
f 2563/2563 2566/2566 2654/2654
f 2567/2567 2569/2569 2656/2656
f 2656/2656 2569/2569 2657/2657
f 2660/2660 2568/2568 2661/2661
f 2568/2568 2570/2570 2661/2661
f 2570/2570 2572/2572 2661/2661
f 2572/2572 2575/2575 2661/2661
f 2575/2575 2577/2577 2661/2661
f 2662/2662 2576/2576 2665/2665
f 2665/2665 2576/2576 2667/2667
f 2667/2667 2576/2576 2668/2668
f 2577/2577 2578/2578 2669/2669
f 2578/2578 2580/2580 2669/2669
f 2669/2669 2580/2580 2671/2671
f 2580/2580 2582/2582 2671/2671
f 2671/2671 2582/2582 2673/2673
f 2673/2673 2582/2582 2675/2675
f 2582/2582 2585/2585 2675/2675
f 2675/2675 2585/2585 2676/2676
f 2585/2585 2588/2588 2676/2676
f 2588/2588 2591/2591 2676/2676
f 2677/2677 2589/2589 2679/2679
f 2679/2679 2589/2589 2680/2680
f 2590/2590 2592/2592 2682/2682
f 2685/2685 2682/2682 2687/2687
f 2682/2682 2592/2592 2687/2687
f 2687/2687 2592/2592 2688/2688
f 2593/2593 2594/2594 2689/2689
f 2689/2689 2594/2594 2690/2690
f 2595/2595 2596/2596 2691/2691
f 2691/2691 2596/2596 2692/2692
f 2597/2597 2599/2599 2693/2693
f 2693/2693 2599/2599 2694/2694
f 2600/2600 2601/2601 2695/2695
f 2695/2695 2601/2601 2697/2697
f 2602/2602 2603/2603 2696/2696
f 2699/2699 2604/2604 2700/2700
f 2604/2604 2605/2605 2700/2700
f 2700/2700 2605/2605 2701/2701
f 2605/2605 2606/2606 2701/2701
f 2701/2701 2606/2606 2702/2702
f 2703/2703 2607/2607 2704/2704
f 2607/2607 2608/2608 2704/2704
f 2705/2705 2609/2609 2706/2706
f 2609/2609 2610/2610 2706/2706
f 2611/2611 2613/2613 2708/2708
f 2708/2708 2613/2613 2709/2709
f 2711/2711 2709/2709 2712/2712
f 2709/2709 2613/2613 2712/2712
f 2714/2714 2614/2614 2716/2716
f 2614/2614 2615/2615 2716/2716
f 2615/2615 2616/2616 2716/2716
f 2716/2716 2616/2616 2718/2718
f 2616/2616 2618/2618 2718/2718
f 2718/2718 2618/2618 2720/2720
f 2618/2618 2620/2620 2720/2720
f 2720/2720 2620/2620 2722/2722
f 2620/2620 2622/2622 2722/2722
f 2622/2622 2624/2624 2722/2722
f 2722/2722 2624/2624 2723/2723
f 2624/2624 2626/2626 2723/2723
f 2723/2723 2626/2626 2725/2725
f 2725/2725 2626/2626 2726/2726
f 2627/2627 2628/2628 2728/2728
f 2728/2728 2628/2628 2730/2730
f 2730/2730 2628/2628 2732/2732
f 2628/2628 2629/2629 2732/2732
f 2732/2732 2629/2629 2734/2734
f 2629/2629 2630/2630 2734/2734
f 2630/2630 2631/2631 2734/2734
f 2734/2734 2631/2631 2736/2736
f 2631/2631 2632/2632 2736/2736
f 2736/2736 2632/2632 2738/2738
f 2632/2632 2633/2633 2738/2738
f 2738/2738 2633/2633 2740/2740
f 2740/2740 2633/2633 2742/2742
f 2633/2633 2634/2634 2742/2742
f 2742/2742 2634/2634 2744/2744
f 2634/2634 2635/2635 2744/2744
f 2635/2635 2636/2636 2744/2744
f 2744/2744 2636/2636 2745/2745
f 2636/2636 2640/2640 2745/2745
f 2746/2746 2641/2641 2747/2747
f 2641/2641 2642/2642 2747/2747
f 2747/2747 2642/2642 2748/2748
f 2642/2642 2645/2645 2748/2748
f 2749/2749 2646/2646 2750/2750
f 2752/2752 2647/2647 2753/2753
f 2647/2647 2649/2649 2753/2753
f 2755/2755 2650/2650 2757/2757
f 2651/2651 2652/2652 2756/2756
f 2758/2758 2653/2653 2760/2760
f 2653/2653 2654/2654 2760/2760
f 2655/2655 2658/2658 2759/2759
f 2760/2760 2659/2659 2761/2761
f 2763/2763 2660/2660 2764/2764
f 2660/2660 2661/2661 2764/2764
f 2767/2767 2662/2662 2768/2768
f 2662/2662 2665/2665 2768/2768
f 2663/2663 2773/2773 2770/2770
f 2770/2770 2773/2773 2774/2774
f 2775/2775 2771/2771 2776/2776
f 2772/2772 2664/2664 2777/2777
f 2664/2664 2666/2666 2777/2777
f 2777/2777 2666/2666 2778/2778
f 2667/2667 2668/2668 2779/2779
f 2668/2668 2670/2670 2779/2779
f 2670/2670 2672/2672 2779/2779
f 2779/2779 2672/2672 2781/2781
f 2781/2781 2672/2672 2782/2782
f 2672/2672 2674/2674 2782/2782
f 2674/2674 2677/2677 2782/2782
f 2677/2677 2679/2679 2782/2782
f 2783/2783 2678/2678 2784/2784
f 2678/2678 2681/2681 2784/2784
f 2681/2681 2683/2683 2784/2784
f 2785/2785 2684/2684 2787/2787
f 2685/2685 2687/2687 2786/2786
f 2788/2788 2686/2686 2789/2789
f 2687/2687 2688/2688 2790/2790
f 2790/2790 2688/2688 2791/2791
f 2793/2793 2689/2689 2794/2794
f 2689/2689 2690/2690 2794/2794
f 2691/2691 2692/2692 2795/2795
f 2795/2795 2692/2692 2797/2797
f 2803/2803 2799/2799 2804/2804
f 2806/2806 2796/2796 2807/2807
f 2796/2796 2693/2693 2807/2807
f 2693/2693 2694/2694 2807/2807
f 2807/2807 2694/2694 2809/2809
f 2695/2695 2697/2697 2808/2808
f 2811/2811 2698/2698 2812/2812
f 2699/2699 2700/2700 2814/2814
f 2814/2814 2700/2700 2815/2815
f 2700/2700 2701/2701 2815/2815
f 2815/2815 2701/2701 2816/2816
f 2701/2701 2702/2702 2816/2816
f 2816/2816 2702/2702 2817/2817
f 2703/2703 2704/2704 2818/2818
f 2818/2818 2704/2704 2819/2819
f 2820/2820 2705/2705 2821/2821
f 2705/2705 2706/2706 2821/2821
f 2823/2823 2707/2707 2824/2824
f 2708/2708 2709/2709 2825/2825
f 2709/2709 2711/2711 2825/2825
f 2825/2825 2711/2711 2826/2826
f 2827/2827 2710/2710 2828/2828
f 2710/2710 2713/2713 2828/2828
f 2828/2828 2713/2713 2829/2829
f 2713/2713 2715/2715 2829/2829
f 2715/2715 2717/2717 2829/2829
f 2829/2829 2717/2717 2830/2830
f 2717/2717 2719/2719 2830/2830
f 2830/2830 2719/2719 2831/2831
f 2719/2719 2721/2721 2831/2831
f 2722/2722 2723/2723 2832/2832
f 2832/2832 2723/2723 2835/2835
f 2723/2723 2725/2725 2835/2835
f 2835/2835 2725/2725 2836/2836
f 2838/2838 2724/2724 2840/2840
f 2725/2725 2726/2726 2839/2839
f 2841/2841 2727/2727 2843/2843
f 2727/2727 2729/2729 2843/2843
f 2843/2843 2729/2729 2844/2844
f 2729/2729 2731/2731 2844/2844
f 2844/2844 2731/2731 2846/2846
f 2731/2731 2733/2733 2846/2846
f 2733/2733 2735/2735 2846/2846
f 2846/2846 2735/2735 2848/2848
f 2735/2735 2737/2737 2848/2848
f 2848/2848 2737/2737 2850/2850
f 2737/2737 2739/2739 2850/2850
f 2850/2850 2739/2739 2852/2852
f 2852/2852 2739/2739 2853/2853
f 2739/2739 2741/2741 2853/2853
f 2853/2853 2741/2741 2855/2855
f 2741/2741 2743/2743 2855/2855
f 2743/2743 2746/2746 2855/2855
f 2855/2855 2746/2746 2857/2857
f 2746/2746 2747/2747 2857/2857
f 2857/2857 2747/2747 2858/2858
f 2747/2747 2748/2748 2858/2858
f 2861/2861 2749/2749 2862/2862
f 2749/2749 2750/2750 2862/2862
f 2863/2863 2862/2862 2864/2864
f 2862/2862 2750/2750 2864/2864
f 2864/2864 2750/2750 2866/2866
f 2751/2751 2754/2754 2865/2865
f 2868/2868 2755/2755 2869/2869
f 2755/2755 2757/2757 2869/2869
f 2870/2870 2758/2758 2871/2871
f 2758/2758 2760/2760 2871/2871
f 2760/2760 2761/2761 2871/2871
f 2876/2876 2872/2872 2877/2877
f 2872/2872 2762/2762 2877/2877
f 2763/2763 2764/2764 2878/2878
f 2878/2878 2764/2764 2879/2879
f 2880/2880 2765/2765 2882/2882
f 2766/2766 2769/2769 2881/2881
f 2770/2770 2774/2774 2883/2883
f 2883/2883 2774/2774 2884/2884
f 2775/2775 2776/2776 2885/2885
f 2885/2885 2776/2776 2887/2887
f 2777/2777 2778/2778 2886/2886
f 2778/2778 2780/2780 2886/2886
f 2780/2780 2783/2783 2886/2886
f 2783/2783 2784/2784 2886/2886
f 2887/2887 2785/2785 2888/2888
f 2785/2785 2787/2787 2888/2888
f 2788/2788 2789/2789 2889/2889
f 2892/2892 2889/2889 2895/2895
f 2889/2889 2789/2789 2895/2895
f 2790/2790 2791/2791 2894/2894
f 2899/2899 2901/2901 2903/2903
f 2901/2901 2905/2905 2903/2903
f 2903/2903 2905/2905 2907/2907
f 2905/2905 2897/2897 2907/2907
f 2893/2893 2792/2792 2906/2906
f 2793/2793 2794/2794 2909/2909
f 2794/2794 2798/2798 2909/2909
f 2909/2909 2798/2798 2911/2911
f 2798/2798 2800/2800 2911/2911
f 2911/2911 2800/2800 2913/2913
f 2916/2916 2918/2918 2919/2919
f 2921/2921 2920/2920 2923/2923
f 2927/2927 2929/2929 2930/2930
f 2930/2930 2929/2929 2934/2934
f 2936/2936 2938/2938 2939/2939
f 2938/2938 2942/2942 2939/2939
f 2945/2945 2947/2947 2950/2950
f 2950/2950 2947/2947 2953/2953
f 2953/2953 2947/2947 2955/2955
f 2960/2960 2962/2962 2963/2963
f 2965/2965 2961/2961 2967/2967
f 2967/2967 2961/2961 2969/2969
f 2961/2961 2971/2971 2969/2969
f 2971/2971 2973/2973 2969/2969
f 2969/2969 2973/2973 2975/2975
f 2977/2977 2980/2980 2983/2983
f 2990/2990 2993/2993 2996/2996
f 2996/2996 2993/2993 2998/2998
f 2993/2993 3000/3000 2998/2998
f 2998/2998 3000/3000 3001/3001
f 3000/3000 2985/2985 3001/3001
f 3003/3003 2981/2981 3005/3005
f 2982/2982 2978/2978 3004/3004
f 3006/3006 2979/2979 3008/3008
f 3008/3008 2979/2979 3010/3010
f 3010/3010 2979/2979 3011/3011
f 2980/2980 2977/2977 3012/3012
f 3014/3014 3017/3017 3024/3024
f 3024/3024 3017/3017 3018/3018
f 3018/3018 3017/3017 3021/3021
f 3017/3017 3012/3012 3021/3021
f 3012/3012 2977/2977 3021/3021
f 3022/3022 3025/3025 4014/4014
f 4014/4014 3025/3025 3027/3027
f 3025/3025 3028/3028 3027/3027
f 3026/3026 3029/3029 3033/3033
f 3030/3030 3019/3019 3032/3032
f 3031/3031 3020/3020 3034/3034
f 3020/3020 2976/2976 3034/3034
f 3034/3034 2976/2976 3035/3035
f 2976/2976 2984/2984 3035/3035
f 2984/2984 2999/2999 3035/3035
f 3035/3035 2999/2999 3036/3036
f 2999/2999 2991/2991 3036/3036
f 3036/3036 2991/2991 3039/3039
f 2992/2992 2986/2986 3038/3038
f 3037/3037 2987/2987 3041/3041
f 3042/3042 3043/3043 3046/3046
f 3043/3043 3040/3040 3046/3046
f 3040/3040 2988/2988 3046/3046
f 3048/3048 3052/3052 3053/3053
f 3052/3052 3044/3044 3053/3053
f 3056/3056 3045/3045 3058/3058
f 3045/3045 2989/2989 3058/3058
f 2990/2990 2996/2996 3057/3057
f 3059/3059 2994/2994 3060/3060
f 3062/3062 2995/2995 3064/3064
f 2995/2995 2997/2997 3064/3064
f 3064/3064 2997/2997 3065/3065
f 2997/2997 3002/3002 3065/3065
f 3002/3002 3006/3006 3065/3065
f 3006/3006 3008/3008 3065/3065
f 3066/3066 3007/3007 3067/3067
f 3007/3007 3009/3009 3067/3067
f 3072/3072 3075/3075 3076/3076
f 3068/3068 3079/3079 3080/3080
f 3078/3078 3077/3077 3081/3081
f 3077/3077 3073/3073 3081/3081
f 3081/3081 3073/3073 3084/3084
f 3087/3087 3084/3084 3088/3088
f 3084/3084 3073/3073 3088/3088
f 3093/3093 3090/3090 3094/3094
f 3090/3090 3074/3074 3094/3094
f 3074/3074 3069/3069 3094/3094
f 3095/3095 3070/3070 3096/3096
f 3098/3098 3103/3103 3105/3105
f 3105/3105 3103/3103 3109/3109
f 3100/3100 3116/3116 3108/3108
f 3112/3112 3119/3119 3107/3107
f 3121/3121 3123/3123 3125/3125
f 3123/3123 3131/3131 3125/3125
f 3132/3132 3133/3133 3134/3134
f 3133/3133 3135/3135 3134/3134
f 3135/3135 3138/3138 3134/3134
f 3134/3134 3138/3138 3140/3140
f 3136/3136 3143/3143 3139/3139
f 3141/3141 3144/3144 3140/3140
f 3140/3140 3144/3144 3146/3146
f 3144/3144 3147/3147 3146/3146
f 3146/3146 3147/3147 3149/3149
f 3151/3151 3149/3149 3152/3152
f 3149/3149 3147/3147 3152/3152
f 3152/3152 3147/3147 3153/3153
f 3153/3153 3147/3147 3154/3154
f 3147/3147 3144/3144 3154/3154
f 3154/3154 3144/3144 3156/3156
f 3144/3144 3141/3141 3156/3156
f 3142/3142 3137/3137 3155/3155
f 3156/3156 3138/3138 3157/3157
f 3138/3138 3135/3135 3157/3157
f 3157/3157 3135/3135 3158/3158
f 3158/3158 3135/3135 3160/3160
f 3135/3135 3133/3133 3160/3160
f 3160/3160 3133/3133 3162/3162
f 3133/3133 3132/3132 3162/3162
f 3162/3162 3132/3132 3164/3164
f 3132/3132 3166/3166 3164/3164
f 3164/3164 3166/3166 3168/3168
f 3168/3168 3166/3166 3169/3169
f 3165/3165 3172/3172 3170/3170
f 3170/3170 3172/3172 3173/3173
f 3172/3172 3175/3175 3173/3173
f 3173/3173 3175/3175 3176/3176
f 3176/3176 3175/3175 3177/3177
f 3178/3178 3174/3174 3179/3179
f 3174/3174 3171/3171 3179/3179
f 3171/3171 3166/3166 3179/3179
f 3166/3166 3132/3132 3179/3179
f 3132/3132 3134/3134 3179/3179
f 3134/3134 3140/3140 3179/3179
f 3140/3140 3146/3146 3179/3179
f 3180/3180 3145/3145 3182/3182
f 3145/3145 3148/3148 3182/3182
f 3149/3149 3151/3151 3181/3181
f 3184/3184 3150/3150 3186/3186
f 3186/3186 3150/3150 3187/3187
f 3150/3150 3190/3190 3187/3187
f 3188/3188 3189/3189 3191/3191
f 3192/3192 3193/3193 3194/3194
f 3193/3193 3195/3195 3194/3194
f 3195/3195 3191/3191 3194/3194
f 3194/3194 3191/3191 3196/3196
f 3191/3191 3189/3189 3196/3196
f 3189/3189 3151/3151 3196/3196
f 3151/3151 3152/3152 3196/3196
f 3198/3198 3196/3196 3200/3200
f 3196/3196 3152/3152 3200/3200
f 3152/3152 3153/3153 3200/3200
f 3200/3200 3153/3153 3202/3202
f 3153/3153 3154/3154 3202/3202
f 3202/3202 3154/3154 3203/3203
f 3154/3154 3156/3156 3203/3203
f 3156/3156 3157/3157 3203/3203
f 3205/3205 3203/3203 3207/3207
f 3207/3207 3203/3203 3209/3209
f 3209/3209 3203/3203 3211/3211
f 3211/3211 3203/3203 3212/3212
f 3203/3203 3157/3157 3212/3212
f 3157/3157 3158/3158 3212/3212
f 3212/3212 3158/3158 3213/3213
f 3158/3158 3160/3160 3213/3213
f 3215/3215 3159/3159 3217/3217
f 3159/3159 3161/3161 3217/3217
f 3217/3217 3161/3161 3218/3218
f 3161/3161 3163/3163 3218/3218
f 3221/3221 3219/3219 3222/3222
f 3218/3218 3163/3163 3223/3223
f 3163/3163 3167/3167 3223/3223
f 3223/3223 3167/3167 3225/3225
f 3167/3167 3170/3170 3225/3225
f 3225/3225 3170/3170 3228/3228
f 3228/3228 3170/3170 3231/3231
f 3170/3170 3173/3173 3231/3231
f 3231/3231 3173/3173 3232/3232
f 3173/3173 3176/3176 3232/3232
f 3235/3235 3233/3233 3236/3236
f 3232/3232 3176/3176 3237/3237
f 3237/3237 3176/3176 3238/3238
f 3176/3176 3177/3177 3238/3238
f 3240/3240 3178/3178 3241/3241
f 3178/3178 3179/3179 3241/3241
f 3241/3241 3179/3179 3242/3242
f 3179/3179 3183/3183 3242/3242
f 3183/3183 3185/3185 3242/3242
f 3242/3242 3185/3185 3245/3245
f 3185/3185 3188/3188 3245/3245
f 3245/3245 3188/3188 3247/3247
f 3247/3247 3188/3188 3248/3248
f 3188/3188 3191/3191 3248/3248
f 3248/3248 3191/3191 3249/3249
f 3191/3191 3195/3195 3249/3249
f 3249/3249 3195/3195 3250/3250
f 3195/3195 3193/3193 3250/3250
f 3193/3193 3192/3192 3250/3250
f 3250/3250 3192/3192 3251/3251
f 3251/3251 3192/3192 3252/3252
f 3192/3192 3194/3194 3252/3252
f 3194/3194 3196/3196 3252/3252
f 3196/3196 3198/3198 3252/3252
f 3253/3253 3197/3197 3255/3255
f 3197/3197 3199/3199 3255/3255
f 3255/3255 3199/3199 3256/3256
f 3199/3199 3201/3201 3256/3256
f 3257/3257 3202/3202 3258/3258
f 3202/3202 3203/3203 3258/3258
f 3258/3258 3203/3203 3259/3259
f 3203/3203 3205/3205 3259/3259
f 3259/3259 3205/3205 3260/3260
f 3264/3264 3262/3262 3265/3265
f 3262/3262 3204/3204 3265/3265
f 3204/3204 3206/3206 3265/3265
f 3265/3265 3206/3206 3266/3266
f 3206/3206 3208/3208 3266/3266
f 3266/3266 3208/3208 3267/3267
f 3208/3208 3210/3210 3267/3267
f 3268/3268 3211/3211 3272/3272
f 3272/3272 3211/3211 3273/3273
f 3211/3211 3212/3212 3273/3273
f 3212/3212 3213/3213 3273/3273
f 3274/3274 3214/3214 3276/3276
f 3215/3215 3217/3217 3275/3275
f 3277/3277 3216/3216 3278/3278
f 3216/3216 3219/3219 3278/3278
f 3219/3219 3221/3221 3278/3278
f 3220/3220 3282/3282 3279/3279
f 3279/3279 3282/3282 3283/3283
f 3284/3284 3280/3280 3286/3286
f 3280/3280 3128/3128 3286/3286
f 3124/3124 3129/3129 3285/3285
f 3129/3129 3290/3290 3285/3285
f 3287/3287 3288/3288 3291/3291
f 3293/3293 3289/3289 3295/3295
f 3289/3289 3111/3111 3295/3295
f 3295/3295 3111/3111 3297/3297
f 3106/3106 3117/3117 3296/3296
f 3300/3300 3118/3118 3303/3303
f 3118/3118 3113/3113 3303/3303
f 3303/3303 3113/3113 3304/3304
f 3307/3307 3114/3114 3310/3310
f 3115/3115 3101/3101 3309/3309
f 3313/3313 3316/3316 3318/3318
f 3323/3323 3320/3320 3325/3325
f 3317/3317 3314/3314 3324/3324
f 3315/3315 3312/3312 3328/3328
f 3328/3328 3312/3312 3330/3330
f 3333/3333 3336/3336 3337/3337
f 3336/3336 3340/3340 3337/3337
f 3339/3339 3341/3341 3344/3344
f 3349/3349 3353/3353 3356/3356
f 3353/3353 3359/3359 3356/3356
f 3362/3362 3354/3354 3363/3363
f 3365/3365 3355/3355 3366/3366
f 3355/3355 3358/3358 3366/3366
f 3358/3358 3370/3370 3366/3366
f 3367/3367 3368/3368 3372/3372
f 3372/3372 3368/3368 3375/3375
f 3368/3368 3377/3377 3375/3375
f 3375/3375 3377/3377 3380/3380
f 3377/3377 3382/3382 3380/3380
f 3382/3382 3385/3385 3380/3380
f 3380/3380 3385/3385 3388/3388
f 3383/3383 3347/3347 3387/3387
f 3347/3347 3342/3342 3387/3387
f 3343/3343 3334/3334 3386/3386
f 3389/3389 3335/3335 3391/3391
f 3336/3336 3333/3333 3390/3390
f 3333/3333 3330/3330 3390/3390
f 3330/3330 3312/3312 3390/3390
f 3392/3392 3313/3313 3393/3393
f 3313/3313 3318/3318 3393/3393
f 3319/3319 3321/3321 3395/3395
f 3395/3395 3321/3321 3397/3397
f 3400/3400 3402/3402 3403/3403
f 3403/3403 3402/3402 3405/3405
f 3402/3402 3399/3399 3405/3405
f 3404/3404 3396/3396 3406/3406
f 3396/3396 3322/3322 3406/3406
f 3406/3406 3322/3322 3408/3408
f 3322/3322 3326/3326 3408/3408
f 3327/3327 3329/3329 3407/3407
f 3407/3407 3329/3329 3409/3409
f 3329/3329 3331/3331 3409/3409
f 3409/3409 3331/3331 3411/3411
f 3332/3332 3338/3338 3410/3410
f 3410/3410 3338/3338 3412/3412
f 3338/3338 3345/3345 3412/3412
f 3412/3412 3345/3345 3414/3414
f 3346/3346 3384/3384 3413/3413
f 3413/3413 3384/3384 3415/3415
f 3384/3384 3381/3381 3415/3415
f 3415/3415 3381/3381 3416/3416
f 3416/3416 3381/3381 3417/3417
f 3381/3381 3376/3376 3417/3417
f 3417/3417 3376/3376 3425/3425
f 3376/3376 3369/3369 3425/3425
f 3370/3370 3358/3358 3424/3424
f 3359/3359 3353/3353 3423/3423
f 3350/3350 3311/3311 3422/3422
f 3308/3308 3102/3102 3421/3421
f 3103/3103 3098/3098 3420/3420
f 3099/3099 3426/3426 3419/3419
f 3418/3418 3427/3427 3429/3429
f 3427/3427 3430/3430 3429/3429
f 3430/3430 3104/3104 3429/3429
f 3104/3104 3110/3110 3429/3429
f 3111/3111 3289/3289 3428/3428
f 3289/3289 3130/3130 3428/3428
f 3428/3428 3130/3130 3432/3432
f 3130/3130 3122/3122 3432/3432
f 3122/3122 3436/3436 3432/3432
f 3431/3431 3433/3433 3438/3438
f 3437/3437 3434/3434 3440/3440
f 3442/3442 3443/3443 3445/3445
f 3443/3443 3446/3446 3445/3445
f 3445/3445 3446/3446 3637/3637
f 3446/3446 3439/3439 3637/3637
f 3637/3637 3439/3439 3449/3449
f 3439/3439 3435/3435 3449/3449
f 3436/3436 3122/3122 3448/3448
f 3123/3123 3121/3121 3447/3447
f 3452/3452 3447/3447 3453/3453
f 3447/3447 3121/3121 3453/3453
f 3456/3456 3120/3120 3458/3458
f 3120/3120 3126/3126 3458/3458
f 3127/3127 3281/3281 3457/3457
f 3282/3282 3220/3220 3459/3459
f 3459/3459 3220/3220 3460/3460
f 3221/3221 3222/3222 3461/3461
f 3461/3461 3222/3222 3463/3463
f 3222/3222 3224/3224 3463/3463
f 3463/3463 3224/3224 3464/3464
f 3224/3224 3226/3226 3464/3464
f 3227/3227 3229/3229 3466/3466
f 3466/3466 3229/3229 3468/3468
f 3468/3468 3229/3229 3470/3470
f 3230/3230 3233/3233 3469/3469
f 3233/3233 3235/3235 3469/3469
f 3471/3471 3234/3234 3473/3473
f 3473/3473 3234/3234 3475/3475
f 3475/3475 3234/3234 3476/3476
f 3235/3235 3236/3236 3477/3477
f 3477/3477 3236/3236 3478/3478
f 3236/3236 3239/3239 3478/3478
f 3478/3478 3239/3239 3480/3480
f 3240/3240 3241/3241 3479/3479
f 3241/3241 3242/3242 3479/3479
f 3242/3242 3245/3245 3479/3479
f 3481/3481 3243/3243 3482/3482
f 3244/3244 3246/3246 3484/3484
f 3484/3484 3246/3246 3486/3486
f 3486/3486 3246/3246 3487/3487
f 3247/3247 3248/3248 3488/3488
f 3488/3488 3248/3248 3490/3490
f 3490/3490 3248/3248 3491/3491
f 3494/3494 3492/3492 3495/3495
f 3491/3491 3248/3248 3496/3496
f 3496/3496 3248/3248 3497/3497
f 3497/3497 3248/3248 3498/3498
f 3248/3248 3249/3249 3498/3498
f 3498/3498 3249/3249 3499/3499
f 3499/3499 3249/3249 3500/3500
f 3249/3249 3250/3250 3500/3500
f 3250/3250 3251/3251 3500/3500
f 3500/3500 3251/3251 3501/3501
f 3501/3501 3251/3251 3502/3502
f 3504/3504 3505/3505 3506/3506
f 3505/3505 3502/3502 3506/3506
f 3502/3502 3251/3251 3506/3506
f 3251/3251 3252/3252 3506/3506
f 3252/3252 3254/3254 3506/3506
f 3506/3506 3254/3254 3508/3508
f 3508/3508 3254/3254 3510/3510
f 3254/3254 3257/3257 3510/3510
f 3257/3257 3258/3258 3510/3510
f 3510/3510 3258/3258 3511/3511
f 3258/3258 3259/3259 3511/3511
f 3259/3259 3260/3260 3511/3511
f 3513/3513 3261/3261 3515/3515
f 3262/3262 3264/3264 3514/3514
f 3515/3515 3263/3263 3516/3516
f 3097/3097 3517/3517 3518/3518
f 3516/3516 3263/3263 3519/3519
f 3519/3519 3263/3263 3520/3520
f 3264/3264 3265/3265 3521/3521
f 3265/3265 3266/3266 3521/3521
f 3521/3521 3266/3266 3523/3523
f 3266/3266 3267/3267 3523/3523
f 3523/3523 3267/3267 3526/3526
f 3526/3526 3267/3267 3527/3527
f 3267/3267 3269/3269 3527/3527
f 3529/3529 3270/3270 3531/3531
f 3271/3271 3274/3274 3530/3530
f 3274/3274 3276/3276 3530/3530
f 3532/3532 3277/3277 3533/3533
f 3277/3277 3278/3278 3533/3533
f 3534/3534 3279/3279 3535/3535
f 3279/3279 3283/3283 3535/3535
f 3284/3284 3286/3286 3537/3537
f 3537/3537 3286/3286 3539/3539
f 3287/3287 3291/3291 3538/3538
f 3547/3547 3544/3544 3546/3546
f 3544/3544 3542/3542 3546/3546
f 3542/3542 3292/3292 3546/3546
f 3551/3551 3545/3545 3555/3555
f 3555/3555 3545/3545 3554/3554
f 3545/3545 3293/3293 3554/3554
f 3293/3293 3295/3295 3554/3554
f 3557/3557 3552/3552 2954/2954
f 2957/2957 3553/3553 3558/3558
f 3553/3553 3294/3294 3558/3558
f 3294/3294 3298/3298 3558/3558
f 3559/3559 3299/3299 3561/3561
f 3300/3300 3303/3303 3560/3560
f 3563/3563 3301/3301 4729/4729
f 3302/3302 3305/3305 4728/4728
f 4727/4727 3306/3306 3565/3565
f 3568/3568 3564/3564 3570/3570
f 3565/3565 3306/3306 3569/3569
f 3307/3307 3310/3310 3571/3571
f 3571/3571 3310/3310 3572/3572
f 3310/3310 3351/3351 3572/3572
f 3574/3574 3352/3352 3576/3576
f 3352/3352 3348/3348 3576/3576
f 3576/3576 3348/3348 3579/3579
f 3579/3579 3348/3348 3582/3582
f 3349/3349 3356/3356 3581/3581
f 3357/3357 3360/3360 3580/3580
f 3583/3583 3361/3361 3585/3585
f 3587/3587 3590/3590 3593/3593
f 3593/3593 3590/3590 3594/3594
f 3590/3590 3601/3601 3594/3594
f 3597/3597 3598/3598 3603/3603
f 3598/3598 3605/3605 3603/3603
f 3607/3607 3612/3612 3614/3614
f 3609/3609 3603/3603 3613/3613
f 3603/3603 3605/3605 3613/3613
f 3616/3616 3604/3604 3618/3618
f 3604/3604 3599/3599 3618/3618
f 3618/3618 3599/3599 3621/3621
f 3600/3600 3588/3588 3620/3620
f 3619/3619 3589/3589 3624/3624
f 3624/3624 3589/3589 3626/3626
f 3589/3589 3584/3584 3626/3626
f 3585/3585 3361/3361 3625/3625
f 3628/3628 3362/3362 3629/3629
f 3362/3362 3363/3363 3629/3629
f 3633/3633 3630/3630 3450/3450
f 3630/3630 3364/3364 3450/3450
f 3450/3450 3364/3364 3636/3636
f 3364/3364 3367/3367 3636/3636
f 3367/3367 3372/3372 3636/3636
f 3371/3371 3373/3373 3635/3635
f 3634/3634 3374/3374 3639/3639
f 3639/3639 3374/3374 3642/3642
f 3374/3374 3378/3378 3642/3642
f 3379/3379 3389/3389 3641/3641
f 3389/3389 3391/3391 3641/3641
f 3391/3391 3394/3394 3641/3641
f 3395/3395 3397/3397 3640/3640
f 3398/3398 3401/3401 3644/3644
f 3644/3644 3401/3401 3645/3645
f 3402/3402 3400/3400 3647/3647
f 3400/3400 3623/3623 3647/3647
f 3647/3647 3623/3623 3650/3650
f 3623/3623 3627/3627 3650/3650
f 3650/3650 3627/3627 3652/3652
f 3628/3628 3629/3629 3651/3651
f 3630/3630 3633/3633 3653/3653
f 3653/3653 3633/3633 3654/3654
f 3655/3655 3631/3631 3657/3657
f 3657/3657 3631/3631 3659/3659
f 3632/3632 3451/3451 3658/3658
f 3451/3451 3454/3454 3658/3658
f 3660/3660 3455/3455 3662/3662
f 3456/3456 3458/3458 3661/3661
f 3459/3459 3460/3460 3663/3663
f 3460/3460 3462/3462 3663/3663
f 3462/3462 3465/3465 3663/3663
f 3465/3465 3467/3467 3663/3663
f 3663/3663 3467/3467 3664/3664
f 3467/3467 3471/3471 3664/3664
f 3471/3471 3473/3473 3664/3664
f 3668/3668 3666/3666 3670/3670
f 3666/3666 3472/3472 3670/3670
f 3670/3670 3472/3472 3673/3673
f 3673/3673 3472/3472 3675/3675
f 3472/3472 3474/3474 3675/3675
f 3675/3675 3474/3474 3679/3679
f 3679/3679 3474/3474 3680/3680
f 3475/3475 3476/3476 3681/3681
f 3681/3681 3476/3476 3682/3682
f 3683/3683 3477/3477 3684/3684
f 3477/3477 3478/3478 3684/3684
f 3478/3478 3480/3480 3684/3684
f 3480/3480 3483/3483 3684/3684
f 3684/3684 3483/3483 3685/3685
f 3483/3483 3485/3485 3685/3685
f 3685/3685 3485/3485 3686/3686
f 3486/3486 3487/3487 3687/3687
f 3487/3487 3489/3489 3687/3687
f 3687/3687 3489/3489 3688/3688
f 3688/3688 3489/3489 3689/3689
f 3489/3489 3492/3492 3689/3689
f 3492/3492 3494/3494 3689/3689
f 3689/3689 3494/3494 3691/3691
f 3694/3694 3692/3692 3696/3696
f 3690/3690 3493/3493 3695/3695
f 3698/3698 3494/3494 3699/3699
f 3494/3494 3495/3495 3699/3699
f 3496/3496 3497/3497 3701/3701
f 3701/3701 3497/3497 3703/3703
f 3497/3497 3498/3498 3703/3703
f 3703/3703 3498/3498 3705/3705
f 3498/3498 3499/3499 3705/3705
f 3705/3705 3499/3499 3707/3707
f 3499/3499 3500/3500 3707/3707
f 3500/3500 3501/3501 3707/3707
f 3707/3707 3501/3501 3709/3709
f 3501/3501 3502/3502 3709/3709
f 3709/3709 3502/3502 3711/3711
f 3502/3502 3505/3505 3711/3711
f 3711/3711 3505/3505 3712/3712
f 3505/3505 3504/3504 3712/3712
f 3714/3714 3503/3503 3715/3715
f 3715/3715 3503/3503 3716/3716
f 3504/3504 3506/3506 3717/3717
f 3717/3717 3506/3506 3719/3719
f 3719/3719 3506/3506 3720/3720
f 3506/3506 3508/3508 3720/3720
f 3722/3722 3507/3507 3724/3724
f 3724/3724 3507/3507 3725/3725
f 3507/3507 3509/3509 3725/3725
f 3509/3509 3512/3512 3725/3725
f 3726/3726 3513/3513 3727/3727
f 3513/3513 3515/3515 3727/3727
f 3515/3515 3516/3516 3727/3727
f 3727/3727 3516/3516 3728/3728
f 3729/3729 3517/3517 3730/3730
f 3517/3517 3097/3097 3730/3730
f 3096/3096 3070/3070 3731/3731
f 3731/3731 3070/3070 3732/3732
f 3734/3734 3071/3071 3736/3736
f 3072/3072 3076/3076 3735/3735
f 3741/3741 3738/3738 3742/3742
f 3738/3738 3077/3077 3742/3742
f 3077/3077 3078/3078 3742/3742
f 3743/3743 3079/3079 3744/3744
f 3079/3079 3068/3068 3744/3744
f 3067/3067 3009/3009 3745/3745
f 3745/3745 3009/3009 3746/3746
f 3010/3010 3011/3011 3747/3747
f 3011/3011 3015/3015 3747/3747
f 3747/3747 3015/3015 3748/3748
f 3016/3016 3013/3013 3751/3751
f 3751/3751 3013/3013 3754/3754
f 3754/3754 3013/3013 3755/3755
f 3014/3014 3024/3024 3756/3756
f 3024/3024 3023/3023 3756/3756
f 3756/3756 3023/3023 3759/3759
f 3023/3023 3760/3760 3759/3759
f 3760/3760 3761/3761 3759/3759
f 3759/3759 3761/3761 3766/3766
f 3761/3761 3768/3768 3766/3766
f 3766/3766 3768/3768 3769/3769
f 3768/3768 2975/2975 3769/3769
f 2975/2975 2973/2973 3769/3769
f 3770/3770 2972/2972 3772/3772
f 3772/3772 2972/2972 3775/3775
f 2972/2972 2970/2970 3775/3775
f 3775/3775 2970/2970 3776/3776
f 2970/2970 2962/2962 3776/3776
f 2962/2962 2960/2960 3776/3776
f 3778/3778 2958/2958 3779/3779
f 3782/3782 3781/3781 3785/3785
f 3779/3779 2958/2958 3784/3784
f 3789/3789 3783/3783 3792/3792
f 3784/3784 2958/2958 3791/3791
f 2959/2959 2964/2964 3790/3790
f 2964/2964 3049/3049 3790/3790
f 3794/3794 3047/3047 3795/3795
f 3047/3047 3054/3054 3795/3795
f 3797/3797 3055/3055 3798/3798
f 3055/3055 3059/3059 3798/3798
f 3059/3059 3060/3060 3798/3798
f 3799/3799 3061/3061 3801/3801
f 3801/3801 3061/3061 3802/3802
f 3061/3061 3063/3063 3802/3802
f 3802/3802 3063/3063 3804/3804
f 3063/3063 3066/3066 3804/3804
f 3066/3066 3067/3067 3804/3804
f 3068/3068 3080/3080 3803/3803
f 3803/3803 3080/3080 3805/3805
f 3080/3080 3082/3082 3805/3805
f 3805/3805 3082/3082 3807/3807
f 3083/3083 3085/3085 3806/3806
f 3806/3806 3085/3085 3809/3809
f 3808/3808 3086/3086 3812/3812
f 3811/3811 3087/3087 3813/3813
f 3087/3087 3088/3088 3813/3813
f 3089/3089 3091/3091 3814/3814
f 3814/3814 3091/3091 3815/3815
f 3816/3816 3092/3092 3817/3817
f 3092/3092 3095/3095 3817/3817
f 3095/3095 3096/3096 3817/3817
f 3097/3097 3518/3518 3818/3818
f 3818/3818 3518/3518 3821/3821
f 3519/3519 3520/3520 3820/3820
f 3521/3521 3523/3523 3819/3819
f 3822/3822 3522/3522 3824/3824
f 3522/3522 3524/3524 3824/3824
f 3824/3824 3524/3524 3825/3825
f 3525/3525 3528/3528 3827/3827
f 3827/3827 3528/3528 3829/3829
f 3528/3528 3532/3532 3829/3829
f 3829/3829 3532/3532 3830/3830
f 3532/3532 3533/3533 3830/3830
f 3831/3831 3534/3534 3833/3833
f 3534/3534 3535/3535 3833/3833
f 3536/3536 3540/3540 3832/3832
f 3541/3541 3543/3543 3834/3834
f 3834/3834 3543/3543 3835/3835
f 3543/3543 3548/3548 3835/3835
f 3838/3838 3549/3549 3839/3839
f 3852/3852 3843/3843 3844/3844
f 3843/3843 3841/3841 3844/3844
f 3844/3844 3841/3841 3847/3847
f 3841/3841 3550/3550 3847/3847
f 3550/3550 3556/3556 3847/3847
f 3557/3557 2954/2954 3846/3846
f 2954/2954 2946/2946 3846/3846
f 2946/2946 2943/2943 3846/3846
f 3845/3845 2944/2944 3848/3848
f 2944/2944 3851/3851 3848/3848
f 3848/3848 3851/3851 3852/3852
f 3851/3851 3608/3608 3852/3852
f 3852/3852 3608/3608 3854/3854
f 3854/3854 3608/3608 3857/3857
f 3606/3606 3615/3615 3856/3856
f 3616/3616 3618/3618 3855/3855
f 3858/3858 3617/3617 3859/3859
f 3617/3617 3622/3622 3859/3859
f 3859/3859 3622/3622 3860/3860
f 3622/3622 3861/3861 3860/3860
f 3860/3860 3861/3861 3865/3865
f 3862/3862 3443/3443 3864/3864
f 3443/3443 3442/3442 3864/3864
f 3441/3441 3444/3444 3863/3863
f 3863/3863 3444/3444 3868/3868
f 3444/3444 3638/3638 3868/3868
f 3639/3639 3642/3642 3867/3867
f 3643/3643 3646/3646 3866/3866
f 3646/3646 3648/3648 3866/3866
f 3866/3866 3648/3648 3872/3872
f 3649/3649 3653/3653 3871/3871
f 3653/3653 3654/3654 3871/3871
f 3876/3876 3870/3870 3877/3877
f 3870/3870 3655/3655 3877/3877
f 3655/3655 3657/3657 3877/3877
f 3878/3878 3656/3656 3879/3879
f 3656/3656 3660/3660 3879/3879
f 3660/3660 3662/3662 3879/3879
f 3662/3662 3665/3665 3879/3879
f 3879/3879 3665/3665 3880/3880
f 3666/3666 3668/3668 3881/3881
f 3881/3881 3668/3668 3883/3883
f 3887/3887 3884/3884 3888/3888
f 3882/3882 3667/3667 3890/3890
f 3892/3892 3890/3890 3893/3893
f 3890/3890 3667/3667 3893/3893
f 3667/3667 3669/3669 3893/3893
f 3893/3893 3669/3669 3894/3894
f 3669/3669 3671/3671 3894/3894
f 3894/3894 3671/3671 3896/3896
f 3672/3672 3674/3674 3895/3895
f 3895/3895 3674/3674 3900/3900
f 3674/3674 3676/3676 3900/3900
f 3677/3677 2940/2940 3899/3899
f 2939/2939 2942/2942 3898/3898
f 2942/2942 3904/3904 3898/3898
f 3898/3898 3904/3904 3905/3905
f 3904/3904 3907/3907 3905/3905
f 3905/3905 3907/3907 3908/3908
f 3907/3907 3910/3910 3908/3908
f 3908/3908 3910/3910 3911/3911
f 3910/3910 3914/3914 3911/3911
f 3911/3911 3914/3914 3915/3915
f 3914/3914 3918/3918 3915/3915
f 3915/3915 3918/3918 3919/3919
f 3922/3922 3919/3919 3924/3924
f 3919/3919 3918/3918 3924/3924
f 3926/3926 3925/3925 3928/3928
f 3923/3923 3916/3916 3927/3927
f 3927/3927 3916/3916 3930/3930
f 3917/3917 3912/3912 3929/3929
f 3929/3929 3912/3912 3932/3932
f 3913/3913 3909/3909 3931/3931
f 3931/3931 3909/3909 3933/3933
f 3909/3909 3906/3906 3933/3933
f 3933/3933 3906/3906 3935/3935
f 3906/3906 3901/3901 3935/3935
f 3934/3934 3902/3902 3937/3937
f 3903/3903 2941/2941 3936/3936
f 3936/3936 2941/2941 3938/3938
f 3938/3938 2941/2941 3939/3939
f 2941/2941 2937/2937 3939/3939
f 3939/3939 2937/2937 3940/3940
f 2937/2937 2935/2935 3940/3940
f 3940/3940 2935/2935 3941/3941
f 3943/3943 3941/3941 3944/3944
f 3941/3941 2935/2935 3944/3944
f 3946/3946 2936/2936 3948/3948
f 2936/2936 2939/2939 3948/3948
f 2940/2940 3677/3677 3947/3947
f 3950/3950 3678/3678 3951/3951
f 3679/3679 3680/3680 3953/3953
f 3953/3953 3680/3680 3955/3955
f 3681/3681 3682/3682 3954/3954
f 3683/3683 3684/3684 3955/3955
f 3684/3684 3685/3685 3955/3955
f 3955/3955 3685/3685 4276/4276
f 4276/4276 3685/3685 3956/3956
f 3685/3685 3686/3686 3956/3956
f 3687/3687 3688/3688 3958/3958
f 3958/3958 3688/3688 3960/3960
f 3960/3960 3688/3688 3961/3961
f 3688/3688 3689/3689 3961/3961
f 3689/3689 3691/3691 3961/3961
f 3692/3692 3694/3694 3962/3962
f 3962/3962 3694/3694 3963/3963
f 3964/3964 3693/3693 3965/3965
f 3694/3694 3696/3696 3966/3966
f 3966/3966 3696/3696 3967/3967
f 3697/3697 3700/3700 3968/3968
f 3700/3700 3702/3702 3968/3968
f 3968/3968 3702/3702 3971/3971
f 3702/3702 3704/3704 3971/3971
f 3971/3971 3704/3704 3975/3975
f 3704/3704 3706/3706 3975/3975
f 3706/3706 3708/3708 3975/3975
f 3975/3975 3708/3708 3977/3977
f 3708/3708 3710/3710 3977/3977
f 3977/3977 3710/3710 3979/3979
f 3710/3710 3713/3713 3979/3979
f 3979/3979 3713/3713 3980/3980
f 3714/3714 3715/3715 3982/3982
f 3982/3982 3715/3715 3984/3984
f 3984/3984 3715/3715 3985/3985
f 3715/3715 3716/3716 3985/3985
f 3716/3716 3718/3718 3985/3985
f 3985/3985 3718/3718 3986/3986
f 3986/3986 3718/3718 3988/3988
f 3718/3718 3721/3721 3988/3988
f 3722/3722 3724/3724 3987/3987
f 3989/3989 3723/3723 3990/3990
f 3723/3723 3726/3726 3990/3990
f 3726/3726 3727/3727 3990/3990
f 3990/3990 3727/3727 3992/3992
f 3727/3727 3728/3728 3992/3992
f 3729/3729 3730/3730 3991/3991
f 3731/3731 3732/3732 3992/3992
f 3992/3992 3732/3732 3993/3993
f 3994/3994 3733/3733 3995/3995
f 3733/3733 3737/3737 3995/3995
f 3738/3738 3741/3741 3996/3996
f 3996/3996 3741/3741 3997/3997
f 4000/4000 4003/4003 4004/4004
f 4004/4004 4003/4003 4006/4006
f 4001/4001 3998/3998 4005/4005
f 4005/4005 3998/3998 4008/4008
f 3998/3998 3739/3739 4008/4008
f 4007/4007 3740/3740 4010/4010
f 3740/3740 3743/3743 4010/4010
f 3743/3743 3744/3744 4010/4010
f 3745/3745 3746/3746 4009/4009
f 3746/3746 3749/3749 4009/4009
f 4009/4009 3749/3749 4013/4013
f 3750/3750 3752/3752 4012/4012
f 4011/4011 3753/3753 4015/4015
f 4015/4015 3753/3753 4016/4016
f 3754/3754 3755/3755 4017/4017
f 3755/3755 3757/3757 4017/4017
f 4017/4017 3757/3757 4018/4018
f 4020/4020 3758/3758 4021/4021
f 3758/3758 3764/3764 4021/4021
f 4023/4023 3765/3765 4024/4024
f 3765/3765 3770/3770 4024/4024
f 3770/3770 3772/3772 4024/4024
f 4025/4025 3771/3771 4026/4026
f 3771/3771 3773/3773 4026/4026
f 4028/4028 3774/3774 4029/4029
f 3774/3774 3777/3777 4029/4029
f 3777/3777 3780/3780 4029/4029
f 4030/4030 3781/3781 4031/4031
f 3781/3781 3782/3782 4031/4031
f 4031/4031 3782/3782 4032/4032
f 4035/4035 4033/4033 4036/4036
f 4032/4032 3782/3782 4037/4037
f 4037/4037 3782/3782 4038/4038
f 3782/3782 3785/3785 4038/4038
f 4039/4039 3786/3786 5223/5223
f 3786/3786 2932/2932 5223/5223
f 5222/5222 2933/2933 4040/4040
f 2933/2933 2928/2928 4040/4040
f 4040/4040 2928/2928 4041/4041
f 4041/4041 2928/2928 4043/4043
f 2928/2928 2924/2924 4043/4043
f 4042/4042 2925/2925 4046/4046
f 2926/2926 2931/2931 4045/4045
f 2931/2931 3787/3787 4045/4045
f 3788/3788 3793/3793 4044/4044
f 3793/3793 3796/3796 4044/4044
f 4044/4044 3796/3796 4048/4048
f 3796/3796 3799/3799 4048/4048
f 3799/3799 3801/3801 4048/4048
f 4049/4049 4047/4047 4050/4050
f 4050/4050 4047/4047 4051/4051
f 4047/4047 3800/3800 4051/4051
f 4051/4051 3800/3800 4053/4053
f 3801/3801 3802/3802 4052/4052
f 4052/4052 3802/3802 4055/4055
f 3802/3802 4056/4056 4055/4055
f 4057/4057 4058/4058 4054/4054
f 4054/4054 4058/4058 4059/4059
f 4058/4058 4060/4060 4059/4059
f 4059/4059 4060/4060 4061/4061
f 4060/4060 4062/4062 4061/4061
f 4061/4061 4062/4062 4063/4063
f 4062/4062 4064/4064 4063/4063
f 4063/4063 4064/4064 4066/4066
f 4064/4064 4067/4067 4066/4066
f 4065/4065 4068/4068 4072/4072
f 4068/4068 2923/2923 4072/4072
f 2923/2923 2920/2920 4072/4072
f 2919/2919 2918/2918 4071/4071
f 2917/2917 4075/4075 4070/4070
f 4069/4069 4073/4073 4078/4078
f 4074/4074 3994/3994 4077/4077
f 3994/3994 3995/3995 4077/4077
f 3996/3996 3997/3997 4076/4076
f 4076/4076 3997/3997 4079/4079
f 3997/3997 4002/4002 4079/4079
f 4002/4002 3999/3999 4079/4079
f 4079/4079 3999/3999 4080/4080
f 4083/4083 4080/4080 4085/4085
f 4080/4080 3999/3999 4085/4085
f 4000/4000 4004/4004 4084/4084
f 4004/4004 4088/4088 4084/4084
f 4087/4087 4089/4089 4091/4091
f 4089/4089 4092/4092 4091/4091
f 4091/4091 4092/4092 4094/4094
f 4093/4093 4097/4097 4096/4096
f 4096/4096 4097/4097 4100/4100
f 4097/4097 4101/4101 4100/4100
f 4100/4100 4101/4101 4103/4103
f 4101/4101 4104/4104 4103/4103
f 4103/4103 4104/4104 4106/4106
f 4104/4104 4107/4107 4106/4106
f 4106/4106 4107/4107 4108/4108
f 4107/4107 4112/4112 4108/4108
f 4111/4111 4113/4113 4116/4116
f 4113/4113 4117/4117 4116/4116
f 4116/4116 4117/4117 4119/4119
f 4117/4117 4121/4121 4119/4119
f 4122/4122 3810/3810 4118/4118
f 4120/4120 3811/3811 4123/4123
f 3811/3811 3813/3813 4123/4123
f 3814/3814 3815/3815 4124/4124
f 4124/4124 3815/3815 4125/4125
f 4126/4126 3816/3816 4127/4127
f 3816/3816 3817/3817 4127/4127
f 3818/3818 3821/3821 4129/4129
f 3821/3821 3823/3823 4129/4129
f 4129/4129 3823/3823 4131/4131
f 3823/3823 3826/3826 4131/4131
f 3826/3826 3828/3828 4131/4131
f 3828/3828 3831/3831 4131/4131
f 3831/3831 3833/3833 4131/4131
f 3834/3834 3835/3835 4130/4130
f 4133/4133 3836/3836 4135/4135
f 3837/3837 3840/3840 4134/4134
f 3840/3840 3842/3842 4134/4134
f 4137/4137 3843/3843 4139/4139
f 4139/4139 3843/3843 4140/4140
f 3843/3843 3852/3852 4140/4140
f 4140/4140 3852/3852 4141/4141
f 3852/3852 3854/3854 4141/4141
f 4142/4142 3853/3853 4143/4143
f 3853/3853 3858/3858 4143/4143
f 3858/3858 3859/3859 4143/4143
f 4143/4143 3859/3859 4145/4145
f 3859/3859 3860/3860 4145/4145
f 4145/4145 3860/3860 4146/4146
f 3860/3860 3869/3869 4146/4146
f 3869/3869 3873/3873 4146/4146
f 4147/4147 3874/3874 4149/4149
f 3875/3875 3878/3878 4148/4148
f 3878/3878 3879/3879 4148/4148
f 3879/3879 3880/3880 4148/4148
f 4151/4151 3881/3881 4152/4152
f 3881/3881 3883/3883 4152/4152
f 3884/3884 3887/3887 4155/4155
f 3887/3887 3920/3920 4155/4155
f 4155/4155 3920/3920 4157/4157
f 3921/3921 4160/4160 4156/4156
f 4158/4158 4159/4159 4161/4161
f 4159/4159 4164/4164 4161/4161
f 4162/4162 4163/4163 4166/4166
f 4166/4166 4163/4163 4167/4167
f 4163/4163 2913/2913 4167/4167
f 2913/2913 2800/2800 4167/4167
f 4169/4169 2801/2801 4171/4171
f 2802/2802 2805/2805 4170/4170
f 4173/4173 2806/2806 4175/4175
f 4175/4175 2806/2806 4176/4176
f 2806/2806 2807/2807 4176/4176
f 2807/2807 2809/2809 4176/4176
f 4178/4178 2810/2810 4180/4180
f 2811/2811 2812/2812 4179/4179
f 4183/4183 2813/2813 4184/4184
f 2814/2814 2815/2815 4186/4186
f 4186/4186 2815/2815 4187/4187
f 2815/2815 2816/2816 4187/4187
f 4187/4187 2816/2816 4188/4188
f 2816/2816 2817/2817 4188/4188
f 2818/2818 2819/2819 4189/4189
f 4189/4189 2819/2819 4190/4190
f 2820/2820 2821/2821 4191/4191
f 4191/4191 2821/2821 4192/4192
f 4193/4193 2822/2822 4194/4194
f 2822/2822 2825/2825 4194/4194
f 2825/2825 2826/2826 4194/4194
f 4194/4194 2826/2826 4195/4195
f 4196/4196 2827/2827 4197/4197
f 2827/2827 2828/2828 4197/4197
f 4197/4197 2828/2828 4198/4198
f 2828/2828 2829/2829 4198/4198
f 2829/2829 2830/2830 4198/4198
f 4198/4198 2830/2830 4199/4199
f 2830/2830 2831/2831 4199/4199
f 2831/2831 2833/2833 4199/4199
f 4199/4199 2833/2833 4200/4200
f 2834/2834 2837/2837 4201/4201
f 4201/4201 2837/2837 4202/4202
f 4203/4203 2838/2838 4204/4204
f 2838/2838 2840/2840 4204/4204
f 4204/4204 2840/2840 4205/4205
f 2840/2840 2842/2842 4205/4205
f 4207/4207 2843/2843 4210/4210
f 2843/2843 2844/2844 4210/4210
f 4210/4210 2844/2844 4211/4211
f 2844/2844 2846/2846 4211/4211
f 2845/2845 2847/2847 4212/4212
f 4212/4212 2847/2847 4213/4213
f 2847/2847 2849/2849 4213/4213
f 4213/4213 2849/2849 4214/4214
f 2849/2849 2851/2851 4214/4214
f 4214/4214 2851/2851 4215/4215
f 4217/4217 2852/2852 4219/4219
f 2852/2852 2853/2853 4219/4219
f 4219/4219 2853/2853 4220/4220
f 2853/2853 2855/2855 4220/4220
f 2854/2854 2856/2856 4222/4222
f 4222/4222 2856/2856 4223/4223
f 2856/2856 2859/2859 4223/4223
f 4224/4224 2860/2860 4225/4225
f 2861/2861 2862/2862 4226/4226
f 2862/2862 2863/2863 4226/4226
f 4226/4226 2863/2863 4228/4228
f 4230/4230 4228/4228 4232/4232
f 4228/4228 2863/2863 4232/4232
f 4232/4232 2863/2863 4233/4233
f 2863/2863 2864/2864 4233/4233
f 4233/4233 2864/2864 4234/4234
f 2864/2864 2866/2866 4234/4234
f 4236/4236 2867/2867 4238/4238
f 2868/2868 2869/2869 4237/4237
f 4240/4240 2870/2870 4241/4241
f 2870/2870 2871/2871 4241/4241
f 2871/2871 2873/2873 4241/4241
f 4241/4241 2873/2873 4242/4242
f 4243/4243 2874/2874 4244/4244
f 4246/4246 4245/4245 4249/4249
f 4245/4245 2875/2875 4249/4249
f 4249/4249 2875/2875 4252/4252
f 2875/2875 2878/2878 4252/4252
f 2878/2878 2879/2879 4252/4252
f 4251/4251 2880/2880 4254/4254
f 2880/2880 2882/2882 4254/4254
f 2883/2883 2884/2884 4257/4257
f 4257/4257 2884/2884 4258/4258
f 4260/4260 2885/2885 4261/4261
f 2885/2885 2887/2887 4261/4261
f 2887/2887 2888/2888 4261/4261
f 2888/2888 2890/2890 4261/4261
f 4262/4262 2891/2891 4265/4265
f 2891/2891 2896/2896 4265/4265
f 2896/2896 2904/2904 4265/4265
f 4265/4265 2904/2904 4266/4266
f 2904/2904 2900/2900 4266/4266
f 4268/4268 4267/4267 4270/4270
f 4266/4266 2900/2900 4271/4271
f 4271/4271 2900/2900 4272/4272
f 4274/4274 4273/4273 4277/4277
f 4273/4273 2901/2901 4277/4277
f 2901/2901 2899/2899 4277/4277
f 4278/4278 2898/2898 4281/4281
f 4281/4281 2898/2898 4283/4283
f 2898/2898 2902/2902 4283/4283
f 4283/4283 2902/2902 4286/4286
f 2902/2902 2908/2908 4286/4286
f 4286/4286 2908/2908 4289/4289
f 2908/2908 2910/2910 4289/4289
f 4289/4289 2910/2910 4291/4291
f 2910/2910 2912/2912 4291/4291
f 4291/4291 2912/2912 4293/4293
f 2912/2912 4164/4164 4293/4293
f 4293/4293 4164/4164 4294/4294
f 4164/4164 4159/4159 4294/4294
f 4295/4295 4160/4160 4296/4296
f 4160/4160 3921/3921 4296/4296
f 3922/3922 3924/3924 4297/4297
f 4297/4297 3924/3924 4298/4298
f 3925/3925 3926/3926 4299/4299
f 3926/3926 4300/4300 4299/4299
f 4299/4299 4300/4300 4302/4302
f 4300/4300 4303/4303 4302/4302
f 4302/4302 4303/4303 4306/4306
f 4303/4303 4307/4307 4306/4306
f 4306/4306 4307/4307 4308/4308
f 4307/4307 4312/4312 4308/4308
f 4311/4311 4313/4313 4315/4315
f 4313/4313 4316/4316 4315/4315
f 4315/4315 4316/4316 4318/4318
f 4317/4317 4322/4322 4321/4321
f 4321/4321 4322/4322 4324/4324
f 4324/4324 4322/4322 4326/4326
f 4322/4322 4327/4327 4326/4326
f 4326/4326 4327/4327 4330/4330
f 4328/4328 3942/3942 4329/4329
f 3942/3942 3945/3945 4329/4329
f 4331/4331 3946/3946 4332/4332
f 3946/3946 3948/3948 4332/4332
f 3949/3949 3952/3952 4333/4333
f 4333/4333 3952/3952 4334/4334
f 3953/3953 3955/3955 4335/4335
f 3955/3955 4276/4276 4335/4335
f 4335/4335 4276/4276 4337/4337
f 4276/4276 4278/4278 4337/4337
f 4337/4337 4278/4278 4338/4338
f 4278/4278 4281/4281 4338/4338
f 4339/4339 4279/4279 4342/4342
f 4342/4342 4279/4279 4344/4344
f 4280/4280 4282/4282 4343/4343
f 4343/4343 4282/4282 4346/4346
f 4282/4282 4284/4284 4346/4346
f 4285/4285 4287/4287 4345/4345
f 4345/4345 4287/4287 4349/4349
f 4288/4288 4290/4290 4348/4348
f 4348/4348 4290/4290 4350/4350
f 4290/4290 4292/4292 4350/4350
f 4350/4350 4292/4292 4351/4351
f 4292/4292 4295/4295 4351/4351
f 4351/4351 4295/4295 4354/4354
f 4295/4295 4296/4296 4354/4354
f 4297/4297 4298/4298 4353/4353
f 4298/4298 4301/4301 4353/4353
f 4301/4301 4304/4304 4353/4353
f 4352/4352 4305/4305 4355/4355
f 4305/4305 4309/4309 4355/4355
f 4355/4355 4309/4309 4357/4357
f 4310/4310 4314/4314 4356/4356
f 4356/4356 4314/4314 4359/4359
f 4314/4314 4319/4319 4359/4359
f 4358/4358 4320/4320 4360/4360
f 4360/4360 4320/4320 4361/4361
f 4320/4320 4323/4323 4361/4361
f 4361/4361 4323/4323 4362/4362
f 4323/4323 4325/4325 4362/4362
f 4325/4325 4331/4331 4362/4362
f 4362/4362 4331/4331 4364/4364
f 4331/4331 4332/4332 4364/4364
f 4333/4333 4334/4334 4363/4363
f 4334/4334 4336/4336 4363/4363
f 4363/4363 4336/4336 4368/4368
f 4337/4337 4338/4338 4367/4367
f 4338/4338 4340/4340 4367/4367
f 4341/4341 4370/4370 4366/4366
f 4371/4371 4365/4365 4373/4373
f 4366/4366 4370/4370 4372/4372
f 4374/4374 4376/4376 4377/4377
f 4400/4400 4381/4381 4382/4382
f 4379/4379 4385/4385 4383/4383
f 4387/4387 4391/4391 4392/4392
f 4391/4391 4383/4383 4392/4392
f 4383/4383 4385/4385 4392/4392
f 4395/4395 4384/4384 4396/4396
f 4399/4399 4398/4398 4401/4401
f 4396/4396 4384/4384 4402/4402
f 4402/4402 4384/4384 4403/4403
f 4385/4385 4379/4379 4404/4404
f 4404/4404 4379/4379 4405/4405
f 4409/4409 4411/4411 4413/4413
f 4413/4413 4411/4411 4416/4416
f 4416/4416 4411/4411 4418/4418
f 4418/4418 4411/4411 4419/4419
f 4422/4422 4424/4424 4426/4426
f 4426/4426 4424/4424 4428/4428
f 4424/4424 4420/4420 4428/4428
f 4420/4420 4410/4410 4428/4428
f 4428/4428 4410/4410 4430/4430
f 4410/4410 4408/4408 4430/4430
f 4430/4430 4408/4408 4434/4434
f 4408/4408 4438/4438 4434/4434
f 4434/4434 4438/4438 4439/4439
f 4438/4438 4447/4447 4439/4439
f 4442/4442 4443/4443 4448/4448
f 4444/4444 4453/4453 4450/4450
f 4450/4450 4453/4453 4456/4456
f 4453/4453 4459/4459 4456/4456
f 4456/4456 4459/4459 4462/4462
f 4462/4462 4459/4459 4465/4465
f 4459/4459 4468/4468 4465/4465
f 4465/4465 4468/4468 4470/4470
f 4468/4468 4473/4473 4470/4470
f 4470/4470 4473/4473 4475/4475
f 4471/4471 4407/4407 4474/4474
f 4407/4407 4380/4380 4474/4474
f 4476/4476 4381/4381 4477/4477
f 4381/4381 4400/4400 4477/4477
f 4399/4399 4401/4401 4478/4478
f 4478/4478 4401/4401 4479/4479
f 4402/4402 4403/4403 4480/4480
f 4403/4403 4406/4406 4480/4480
f 4480/4480 4406/4406 4482/4482
f 4406/4406 4472/4472 4482/4482
f 4482/4482 4472/4472 4484/4484
f 4472/4472 4466/4466 4484/4484
f 4484/4484 4466/4466 4485/4485
f 4467/4467 4457/4457 4487/4487
f 4487/4487 4457/4457 4488/4488
f 4458/4458 4451/4451 4490/4490
f 4490/4490 4451/4451 4492/4492
f 4452/4452 4445/4445 4491/4491
f 4494/4494 4446/4446 4495/4495
f 4446/4446 4435/4435 4495/4495
f 4497/4497 4436/4436 4499/4499
f 4437/4437 4409/4409 4498/4498
f 4409/4409 4413/4413 4498/4498
f 4501/4501 4412/4412 4504/4504
f 4504/4504 4412/4412 4506/4506
f 4412/4412 4414/4414 4506/4506
f 4506/4506 4414/4414 4507/4507
f 4415/4415 4417/4417 4510/4510
f 4510/4510 4417/4417 4511/4511
f 4418/4418 4419/4419 4513/4513
f 4419/4419 4423/4423 4513/4513
f 4513/4513 4423/4423 4515/4515
f 4423/4423 4421/4421 4515/4515
f 4515/4515 4421/4421 4516/4516
f 4421/4421 4521/4521 4516/4516
f 4518/4518 4519/4519 4523/4523
f 4519/4519 4378/4378 4523/4523
f 4523/4523 4378/4378 4525/4525
f 4378/4378 4375/4375 4525/4525
f 4525/4525 4375/4375 4528/4528
f 4375/4375 4388/4388 4528/4528
f 4386/4386 4393/4393 4527/4527
f 4394/4394 4397/4397 4526/4526
f 4530/4530 4529/4529 4535/4535
f 4529/4529 4398/4398 4535/4535
f 4398/4398 4399/4399 4535/4535
f 4400/4400 4382/4382 4534/4534
f 4382/4382 4389/4389 4534/4534
f 4536/4536 4537/4537 4540/4540
f 4539/4539 4538/4538 4541/4541
f 4538/4538 4542/4542 4541/4541
f 4541/4541 4542/4542 4546/4546
f 4543/4543 4533/4533 4545/4545
f 4533/4533 4390/4390 4545/4545
f 4391/4391 4387/4387 4544/4544
f 4544/4544 4387/4387 4549/4549
f 4387/4387 4376/4376 4549/4549
f 4376/4376 4374/4374 4549/4549
f 4374/4374 4369/4369 4549/4549
f 4370/4370 4341/4341 4548/4548
f 4342/4342 4344/4344 4547/4547
f 4547/4547 4344/4344 4550/4550
f 4344/4344 4551/4551 4550/4550
f 4551/4551 4347/4347 4550/4550
f 4550/4550 4347/4347 4553/4553
f 4348/4348 4350/4350 4552/4552
f 4552/4552 4350/4350 4554/4554
f 4350/4350 4351/4351 4554/4554
f 4554/4554 4351/4351 4555/4555
f 4555/4555 4351/4351 4556/4556
f 4351/4351 4557/4557 4556/4556
f 4556/4556 4557/4557 4558/4558
f 4557/4557 4559/4559 4558/4558
f 4558/4558 4559/4559 4561/4561
f 4559/4559 4562/4562 4561/4561
f 4563/4563 3885/3885 4560/4560
f 4560/4560 3885/3885 4565/4565
f 3886/3886 3889/3889 4564/4564
f 3889/3889 3891/3891 4564/4564
f 4564/4564 3891/3891 4566/4566
f 4566/4566 3891/3891 4568/4568
f 4567/4567 3892/3892 4569/4569
f 3892/3892 3893/3893 4569/4569
f 3893/3893 3894/3894 4569/4569
f 4569/4569 3894/3894 4571/4571
f 3894/3894 3896/3896 4571/4571
f 4570/4570 3897/3897 4572/4572
f 3897/3897 4573/4573 4572/4572
f 4572/4572 4573/4573 4576/4576
f 4575/4575 4574/4574 4577/4577
f 4574/4574 4578/4578 4577/4577
f 4577/4577 4578/4578 4579/4579
f 4578/4578 4580/4580 4579/4579
f 4579/4579 4580/4580 4581/4581
f 4580/4580 4582/4582 4581/4581
f 4581/4581 4582/4582 4584/4584
f 4582/4582 4371/4371 4584/4584
f 4371/4371 4373/4373 4584/4584
f 4374/4374 4377/4377 4583/4583
f 4377/4377 4520/4520 4583/4583
f 4583/4583 4520/4520 4587/4587
f 4520/4520 4422/4422 4587/4587
f 4422/4422 4426/4426 4587/4587
f 4588/4588 4589/4589 4590/4590
f 4589/4589 4591/4591 4590/4590
f 4590/4590 4591/4591 4594/4594
f 4592/4592 4585/4585 4593/4593
f 4593/4593 4585/4585 4596/4596
f 4586/4586 4425/4425 4595/4595
f 4595/4595 4425/4425 4597/4597
f 4425/4425 4427/4427 4597/4597
f 4597/4597 4427/4427 4598/4598
f 4598/4598 4427/4427 4599/4599
f 4427/4427 4429/4429 4599/4599
f 4599/4599 4429/4429 4601/4601
f 4429/4429 4431/4431 4601/4601
f 4600/4600 4432/4432 4604/4604
f 4433/4433 4440/4440 4603/4603
f 4602/4602 4441/4441 4605/4605
f 4441/4441 4449/4449 4605/4605
f 4605/4605 4449/4449 4607/4607
f 4449/4449 4454/4454 4607/4607
f 4606/4606 4455/4455 4609/4609
f 4455/4455 4460/4460 4609/4609
f 4608/4608 4461/4461 4611/4611
f 4461/4461 4463/4463 4611/4611
f 4610/4610 4464/4464 4612/4612
f 4464/4464 4469/4469 4612/4612
f 4469/4469 4476/4476 4612/4612
f 4612/4612 4476/4476 4614/4614
f 4476/4476 4477/4477 4614/4614
f 4478/4478 4479/4479 4613/4613
f 4479/4479 4481/4481 4613/4613
f 4481/4481 4483/4483 4613/4613
f 4613/4613 4483/4483 4617/4617
f 4483/4483 4486/4486 4617/4617
f 4617/4617 4486/4486 4618/4618
f 4618/4618 4486/4486 4620/4620
f 4486/4486 4489/4489 4620/4620
f 4620/4620 4489/4489 4621/4621
f 4489/4489 4493/4493 4621/4621
f 4621/4621 4493/4493 4623/4623
f 4494/4494 4495/4495 4622/4622
f 4622/4622 4495/4495 4628/4628
f 4496/4496 4500/4500 4627/4627
f 4501/4501 4504/4504 4626/4626
f 4625/4625 4502/4502 4629/4629
f 4631/4631 4503/4503 4633/4633
f 4503/4503 4505/4505 4633/4633
f 4633/4633 4505/4505 4635/4635
f 4635/4635 4505/4505 4637/4637
f 4505/4505 4508/4508 4637/4637
f 4637/4637 4508/4508 4639/4639
f 4639/4639 4508/4508 4640/4640
f 4509/4509 4512/4512 4641/4641
f 4512/4512 4514/4514 4641/4641
f 4641/4641 4514/4514 4644/4644
f 4514/4514 4517/4517 4644/4644
f 4644/4644 4517/4517 4647/4647
f 4647/4647 4517/4517 4649/4649
f 4517/4517 4522/4522 4649/4649
f 4522/4522 4524/4524 4649/4649
f 4649/4649 4524/4524 4650/4650
f 4524/4524 4529/4529 4650/4650
f 4529/4529 4530/4530 4650/4650
f 4653/4653 4651/4651 4654/4654
f 4651/4651 4531/4531 4654/4654
f 4656/4656 4532/4532 4658/4658
f 4532/4532 4659/4659 4658/4658
f 4658/4658 4659/4659 4661/4661
f 4659/4659 2259/2259 4661/4661
f 2260/2260 2257/2257 4660/4660
f 4662/4662 2256/2256 4663/4663
f 2256/2256 2253/2253 4663/4663
f 4666/4666 4668/4668 4669/4669
f 4673/4673 4676/4676 4677/4677
f 4676/4676 4671/4671 4677/4677
f 4669/4669 4668/4668 4678/4678
f 4678/4678 4668/4668 4681/4681
f 4681/4681 4668/4668 4682/4682
f 4687/4687 4684/4684 4688/4688
f 4684/4684 4667/4667 4688/4688
f 4667/4667 4664/4664 4688/4688
f 4664/4664 4692/4692 4688/4688
f 4689/4689 4690/4690 4694/4694
f 4691/4691 4665/4665 4693/4693
f 4665/4665 4670/4670 4693/4693
f 4670/4670 4674/4674 4693/4693
f 4695/4695 4675/4675 4696/4696
f 4675/4675 4699/4699 4696/4696
f 4698/4698 4663/4663 4697/4697
f 4697/4697 4663/4663 4700/4700
f 4663/4663 2253/2253 4700/4700
f 4700/4700 2253/2253 4702/4702
f 2254/2254 4615/4615 4701/4701
f 4616/4616 4619/4619 4703/4703
f 4703/4703 4619/4619 4705/4705
f 4619/4619 4706/4706 4705/4705
f 4705/4705 4706/4706 4708/4708
f 4707/4707 4711/4711 4710/4710
f 4710/4710 4711/4711 4713/4713
f 4712/4712 4716/4716 4715/4715
f 4715/4715 4716/4716 4720/4720
f 4717/4717 4624/4624 4719/4719
f 4625/4625 4629/4629 4718/4718
f 4723/4723 4630/4630 4724/4724
f 4731/4731 4732/4732 4735/4735
f 4735/4735 4732/4732 4736/4736
f 4732/4732 3566/3566 4736/4736
f 3566/3566 4740/4740 4736/4736
f 4737/4737 4738/4738 4741/4741
f 4738/4738 4726/4726 4741/4741
f 4724/4724 4630/4630 4743/4743
f 4630/4630 4632/4632 4743/4743
f 4743/4743 4632/4632 4745/4745
f 4632/4632 4634/4634 4745/4745
f 4745/4745 4634/4634 4747/4747
f 4634/4634 4636/4636 4747/4747
f 4636/4636 4638/4638 4747/4747
f 4747/4747 4638/4638 4749/4749
f 4749/4749 4638/4638 4751/4751
f 4639/4639 4640/4640 4750/4750
f 4640/4640 4642/4642 4750/4750
f 4752/4752 4643/4643 4753/4753
f 4643/4643 4645/4645 4753/4753
f 4755/4755 4646/4646 4757/4757
f 4646/4646 4648/4648 4757/4757
f 4757/4757 4648/4648 4758/4758
f 4648/4648 4651/4651 4758/4758
f 4651/4651 4653/4653 4758/4758
f 4759/4759 4652/4652 4760/4760
f 4652/4652 4269/4269 4760/4760
f 4268/4268 4270/4270 4761/4761
f 4761/4761 4270/4270 4762/4762
f 4271/4271 4272/4272 4763/4763
f 4763/4763 4272/4272 4766/4766
f 4273/4273 4274/4274 4765/4765
f 4275/4275 3957/3957 4764/4764
f 3957/3957 3959/3959 4764/4764
f 3959/3959 3962/3962 4764/4764
f 3962/3962 3963/3963 4764/4764
f 3964/3964 3965/3965 4767/4767
f 4767/4767 3965/3965 4768/4768
f 3966/3966 3967/3967 4769/4769
f 3967/3967 3969/3969 4769/4769
f 4769/4769 3969/3969 4771/4771
f 3970/3970 3972/3972 4770/4770
f 4773/4773 3973/3973 4775/4775
f 4775/4775 3973/3973 4776/4776
f 3974/3974 3976/3976 4778/4778
f 4778/4778 3976/3976 4780/4780
f 3976/3976 3978/3978 4780/4780
f 4780/4780 3978/3978 4781/4781
f 3978/3978 3981/3981 4781/4781
f 4781/4781 3981/3981 4783/4783
f 3981/3981 3983/3983 4783/4783
f 4785/4785 4783/4783 4786/4786
f 4783/4783 3983/3983 4786/4786
f 3984/3984 3985/3985 4787/4787
f 3985/3985 3986/3986 4787/4787
f 4787/4787 3986/3986 4789/4789
f 4789/4789 3986/3986 4790/4790
f 3986/3986 3988/3988 4790/4790
f 3989/3989 3990/3990 4792/4792
f 4792/4792 3990/3990 4795/4795
f 3990/3990 3992/3992 4795/4795
f 3992/3992 3993/3993 4795/4795
f 3993/3993 4075/4075 4795/4795
f 4795/4795 4075/4075 4797/4797
f 4075/4075 2917/2917 4797/4797
f 2917/2917 2914/2914 4797/4797
f 4797/4797 2914/2914 4799/4799
f 2914/2914 4801/4801 4799/4799
f 4799/4799 4801/4801 4802/4802
f 4801/4801 4806/4806 4802/4802
f 4806/4806 4253/4253 4802/4802
f 4803/4803 4250/4250 4807/4807
f 4250/4250 4255/4255 4807/4807
f 4808/4808 4256/4256 4811/4811
f 4256/4256 4259/4259 4811/4811
f 4259/4259 4262/4262 4811/4811
f 4811/4811 4262/4262 4812/4812
f 4262/4262 4265/4265 4812/4812
f 4813/4813 4263/4263 4815/4815
f 4264/4264 4267/4267 4814/4814
f 4267/4267 4268/4268 4814/4814
f 4817/4817 4269/4269 4820/4820
f 4269/4269 4652/4652 4820/4820
f 4820/4820 4652/4652 4823/4823
f 4652/4652 4655/4655 4823/4823
f 4655/4655 4657/4657 4823/4823
f 4657/4657 4662/4662 4823/4823
f 4662/4662 4663/4663 4823/4823
f 4663/4663 4698/4698 4823/4823
f 4823/4823 4698/4698 4824/4824
f 4826/4826 4699/4699 4828/4828
f 4699/4699 4675/4675 4828/4828
f 4675/4675 4672/4672 4828/4828
f 4828/4828 4672/4672 4830/4830
f 4673/4673 4677/4677 4829/4829
f 4677/4677 4679/4679 4829/4829
f 4831/4831 4680/4680 4833/4833
f 4680/4680 4683/4683 4833/4833
f 4683/4683 4685/4685 4833/4833
f 4686/4686 4689/4689 4832/4832
f 4689/4689 4694/4694 4832/4832
f 4834/4834 4695/4695 4836/4836
f 4836/4836 4695/4695 4837/4837
f 4695/4695 4696/4696 4837/4837
f 4697/4697 4700/4700 4839/4839
f 4839/4839 4700/4700 4841/4841
f 4700/4700 4702/4702 4841/4841
f 4702/4702 4704/4704 4841/4841
f 4704/4704 4709/4709 4841/4841
f 4845/4845 4842/4842 4846/4846
f 4848/4848 4840/4840 4849/4849
f 4841/4841 4709/4709 4851/4851
f 4709/4709 4714/4714 4851/4851
f 4851/4851 4714/4714 4852/4852
f 4852/4852 4714/4714 4853/4853
f 4714/4714 4721/4721 4853/4853
f 4722/4722 4725/4725 4854/4854
f 4854/4854 4725/4725 4856/4856
f 4725/4725 4739/4739 4856/4856
f 4739/4739 3567/3567 4856/4856
f 3568/3568 3570/3570 4855/4855
f 3570/3570 3573/3573 4855/4855
f 4859/4859 4857/4857 4861/4861
f 4855/4855 3573/3573 4860/4860
f 3573/3573 3575/3575 4860/4860
f 3575/3575 3577/3577 4860/4860
f 4863/4863 3578/3578 4865/4865
f 4865/4865 3578/3578 4868/4868
f 3579/3579 3582/3582 4867/4867
f 3582/3582 3586/3586 4867/4867
f 3587/3587 3593/3593 4866/4866
f 4868/4868 3591/3591 4869/4869
f 4871/4871 3592/3592 4872/4872
f 3592/3592 3595/3595 4872/4872
f 4875/4875 3596/3596 4877/4877
f 3596/3596 3602/3602 4877/4877
f 3602/3602 3610/3610 4877/4877
f 4877/4877 3610/3610 4878/4878
f 4882/4882 3611/3611 4883/4883
f 3612/3612 3607/3607 4885/4885
f 3607/3607 3849/3849 4885/4885
f 4885/4885 3849/3849 4887/4887
f 3850/3850 2945/2945 4886/4886
f 2945/2945 2950/2950 4886/4886
f 4888/4888 2948/2948 4890/4890
f 4890/4890 2948/2948 4892/4892
f 2949/2949 2951/2951 4891/4891
f 4894/4894 2952/2952 4896/4896
f 2953/2953 2955/2955 4895/4895
f 2956/2956 3559/3559 4898/4898
f 4898/4898 3559/3559 4899/4899
f 3559/3559 3561/3561 4899/4899
f 4901/4901 3562/3562 4902/4902
f 3562/3562 4730/4730 4902/4902
f 4731/4731 4735/4735 4904/4904
f 4904/4904 4735/4735 4905/4905
f 4906/4906 4733/4733 4908/4908
f 4734/4734 4737/4737 4907/4907
f 4737/4737 4741/4741 4907/4907
f 4742/4742 4744/4744 4909/4909
f 4909/4909 4744/4744 4910/4910
f 4910/4910 4744/4744 4911/4911
f 4744/4744 4746/4746 4911/4911
f 4911/4911 4746/4746 4912/4912
f 4746/4746 4748/4748 4912/4912
f 4912/4912 4748/4748 4914/4914
f 4914/4914 4748/4748 4915/4915
f 4749/4749 4751/4751 4917/4917
f 4751/4751 4754/4754 4917/4917
f 4754/4754 4756/4756 4917/4917
f 4917/4917 4756/4756 4920/4920
f 4756/4756 4759/4759 4920/4920
f 4759/4759 4760/4760 4920/4920
f 4920/4920 4760/4760 4921/4921
f 4761/4761 4762/4762 4923/4923
f 4923/4923 4762/4762 4924/4924
f 4925/4925 4763/4763 4926/4926
f 4763/4763 4766/4766 4926/4926
f 4767/4767 4768/4768 4927/4927
f 4768/4768 4772/4772 4927/4927
f 4772/4772 4774/4774 4927/4927
f 4774/4774 4777/4777 4927/4927
f 4777/4777 4779/4779 4927/4927
f 4927/4927 4779/4779 4929/4929
f 4779/4779 4782/4782 4929/4929
f 4782/4782 4784/4784 4929/4929
f 4785/4785 4786/4786 4928/4928
f 4786/4786 4788/4788 4928/4928
f 4788/4788 4791/4791 4928/4928
f 4791/4791 4793/4793 4928/4928
f 4931/4931 4794/4794 4933/4933
f 4794/4794 4796/4796 4933/4933
f 4933/4933 4796/4796 4934/4934
f 4796/4796 4798/4798 4934/4934
f 4798/4798 4803/4803 4934/4934
f 4803/4803 4807/4807 4934/4934
f 4935/4935 4808/4808 4936/4936
f 4808/4808 4811/4811 4936/4936
f 4937/4937 4809/4809 4938/4938
f 4810/4810 4813/4813 4941/4941
f 4941/4941 4813/4813 4942/4942
f 4813/4813 4815/4815 4942/4942
f 4816/4816 4818/4818 4943/4943
f 4943/4943 4818/4818 4944/4944
f 4819/4819 4821/4821 4945/4945
f 4945/4945 4821/4821 4946/4946
f 4822/4822 4825/4825 4947/4947
f 4825/4825 4827/4827 4947/4947
f 4947/4947 4827/4827 4948/4948
f 4950/4950 4828/4828 4952/4952
f 4828/4828 4830/4830 4952/4952
f 4952/4952 4830/4830 4954/4954
f 4830/4830 4834/4834 4954/4954
f 4954/4954 4834/4834 4955/4955
f 4834/4834 4836/4836 4955/4955
f 4957/4957 4835/4835 4958/4958
f 4835/4835 4838/4838 4958/4958
f 4838/4838 4842/4842 4958/4958
f 4842/4842 4845/4845 4958/4958
f 4845/4845 4960/4960 4958/4958
f 4958/4958 4960/4960 4962/4962
f 5002/5002 4965/4965 4966/4966
f 4965/4965 4963/4963 4966/4966
f 4966/4966 4963/4963 4968/4968
f 4961/4961 4959/4959 4967/4967
f 4967/4967 4959/4959 4969/4969
f 4969/4969 4959/4959 4971/4971
f 4959/4959 4843/4843 4971/4971
f 4970/4970 4844/4844 4972/4972
f 4844/4844 4847/4847 4972/4972
f 4972/4972 4847/4847 4974/4974
f 4847/4847 4850/4850 4974/4974
f 4973/4973 4851/4851 4975/4975
f 4851/4851 4852/4852 4975/4975
f 4975/4975 4852/4852 4979/4979
f 4852/4852 4853/4853 4979/4979
f 4854/4854 4856/4856 4978/4978
f 4856/4856 4858/4858 4978/4978
f 4859/4859 4861/4861 4977/4977
f 4862/4862 4864/4864 4976/4976
f 4976/4976 4864/4864 4980/4980
f 4980/4980 4864/4864 4984/4984
f 4865/4865 4868/4868 4983/4983
f 4868/4868 4869/4869 4983/4983
f 4985/4985 4981/4981 4987/4987
f 4982/4982 4870/4870 4986/4986
f 4986/4986 4870/4870 4989/4989
f 4870/4870 4873/4873 4989/4989
f 4988/4988 4874/4874 4990/4990
f 4874/4874 4876/4876 4990/4990
f 4990/4990 4876/4876 4991/4991
f 4991/4991 4876/4876 4992/4992
f 4876/4876 4879/4879 4992/4992
f 4992/4992 4879/4879 4994/4994
f 4995/4995 4996/4996 4999/4999
f 4998/4998 4997/4997 5001/5001
f 4997/4997 4993/4993 5001/5001
f 4993/4993 4880/4880 5001/5001
f 4881/4881 4884/4884 5000/5000
f 4884/4884 4888/4888 5000/5000
f 5000/5000 4888/4888 5005/5005
f 4888/4888 4890/4890 5005/5005
f 5004/5004 4889/4889 5025/5025
f 5025/5025 4889/4889 5006/5006
f 4889/4889 4893/4893 5006/5006
f 5006/5006 4893/4893 5007/5007
f 5007/5007 4893/4893 5010/5010
f 4894/4894 4896/4896 5009/5009
f 4897/4897 4900/4900 5008/5008
f 5008/5008 4900/4900 5013/5013
f 4900/4900 4903/4903 5013/5013
f 4904/4904 4905/4905 5012/5012
f 4905/4905 5017/5017 5012/5012
f 5011/5011 5014/5014 5021/5021
f 5022/5022 5018/5018 5024/5024
f 5026/5026 5023/5023 5027/5027
f 5027/5027 5023/5023 5029/5029
f 5024/5024 5018/5018 5028/5028
f 5031/5031 5019/5019 5033/5033
f 5020/5020 5015/5015 5032/5032
f 5036/5036 5016/5016 5037/5037
f 5016/5016 4906/4906 5037/5037
f 4906/4906 4908/4908 5037/5037
f 5039/5039 4909/4909 5041/5041
f 4909/4909 4910/4910 5041/5041
f 4910/4910 4911/4911 5041/5041
f 5041/5041 4911/4911 5043/5043
f 4911/4911 4912/4912 5043/5043
f 5043/5043 4912/4912 5045/5045
f 4912/4912 4914/4914 5045/5045
f 5045/5045 4914/4914 5046/5046
f 5048/5048 4913/4913 5049/5049
f 4913/4913 4916/4916 5049/5049
f 4916/4916 4918/4918 5049/5049
f 5050/5050 4919/4919 5051/5051
f 4919/4919 4922/4922 5051/5051
f 4923/4923 4924/4924 5052/5052
f 5052/5052 4924/4924 5056/5056
f 5056/5056 4924/4924 5057/5057
f 4925/4925 4926/4926 5059/5059
f 4926/4926 4930/4930 5059/5059
f 4930/4930 4932/4932 5059/5059
f 5059/5059 4932/4932 5060/5060
f 4932/4932 4935/4935 5060/5060
f 4935/4935 4936/4936 5060/5060
f 5061/5061 4937/4937 5062/5062
f 4937/4937 4938/4938 5062/5062
f 5063/5063 4939/4939 5065/5065
f 4940/4940 4943/4943 5064/5064
f 4943/4943 4944/4944 5064/5064
f 5066/5066 4945/4945 5068/5068
f 4945/4945 4946/4946 5068/5068
f 4947/4947 4948/4948 5067/5067
f 4949/4949 4951/4951 5069/5069
f 5069/5069 4951/4951 5070/5070
f 4951/4951 4953/4953 5070/5070
f 5070/5070 4953/4953 5071/5071
f 4953/4953 4956/4956 5071/5071
f 5071/5071 4956/4956 5072/5072
f 4957/4957 4958/4958 5073/5073
f 4958/4958 4962/4962 5073/5073
f 4962/4962 4964/4964 5073/5073
f 5073/5073 4964/4964 5075/5075
f 4965/4965 5002/5002 5074/5074
f 5003/5003 5026/5026 5076/5076
f 5026/5026 5027/5027 5076/5076
f 5076/5076 5027/5027 5079/5079
f 5027/5027 5029/5029 5079/5079
f 5079/5079 5029/5029 5081/5081
f 5030/5030 5034/5034 5080/5080
f 5085/5085 5035/5035 5088/5088
f 5035/5035 5038/5038 5088/5088
f 5088/5088 5038/5038 5090/5090
f 5038/5038 5040/5040 5090/5090
f 5090/5090 5040/5040 5092/5092
f 5040/5040 5042/5042 5092/5092
f 5092/5092 5042/5042 5094/5094
f 5094/5094 5042/5042 5096/5096
f 5042/5042 5044/5044 5096/5096
f 5096/5096 5044/5044 5099/5099
f 5044/5044 5047/5047 5099/5099
f 5099/5099 5047/5047 5102/5102
f 5102/5102 5047/5047 5104/5104
f 5104/5104 5047/5047 5107/5107
f 5048/5048 5049/5049 5106/5106
f 5050/5050 5051/5051 5105/5105
f 5051/5051 5053/5053 5105/5105
f 5107/5107 5054/5054 5109/5109
f 5055/5055 5058/5058 5108/5108
f 5058/5058 5061/5061 5108/5108
f 5061/5061 5062/5062 5108/5108
f 5109/5109 5063/5063 5111/5111
f 5063/5063 5065/5065 5111/5111
f 5065/5065 5069/5069 5111/5111
f 5111/5111 5069/5069 5114/5114
f 5114/5114 5069/5069 5116/5116
f 5116/5116 5069/5069 5119/5119
f 5069/5069 5070/5070 5119/5119
f 5119/5119 5070/5070 5122/5122
f 5122/5122 5070/5070 5124/5124
f 5070/5070 5071/5071 5124/5124
f 5124/5124 5071/5071 5127/5127
f 5071/5071 5072/5072 5127/5127
f 5127/5127 5072/5072 5130/5130
f 5130/5130 5072/5072 5131/5131
f 5072/5072 5076/5076 5131/5131
f 5076/5076 5079/5079 5131/5131
f 5132/5132 5077/5077 3051/3051
f 3050/3050 5078/5078 5134/5134
f 5078/5078 5082/5082 5134/5134
f 5133/5133 5083/5083 5136/5136
f 5084/5084 5086/5086 5135/5135
f 5135/5135 5086/5086 5138/5138
f 5087/5087 5089/5089 5137/5137
f 5137/5137 5089/5089 5139/5139
f 5089/5089 5091/5091 5139/5139
f 5091/5091 5093/5093 5139/5139
f 5139/5139 5093/5093 5140/5140
f 5093/5093 5095/5095 5140/5140
f 5140/5140 5095/5095 5141/5141
f 5095/5095 5097/5097 5141/5141
f 5141/5141 5097/5097 5143/5143
f 5098/5098 5100/5100 5142/5142
f 5142/5142 5100/5100 5145/5145
f 5101/5101 5103/5103 5144/5144
f 5144/5144 5103/5103 5146/5146
f 5147/5147 5146/5146 5150/5150
f 5146/5146 5103/5103 5150/5150
f 5104/5104 5107/5107 5149/5149
f 5107/5107 5109/5109 5149/5149
f 5109/5109 5111/5111 5149/5149
f 5148/5148 5110/5110 5152/5152
f 5110/5110 5112/5112 5152/5152
f 5151/5151 5113/5113 5153/5153
f 5113/5113 5115/5115 5153/5153
f 5153/5153 5115/5115 5154/5154
f 5115/5115 5117/5117 5154/5154
f 5154/5154 5117/5117 5157/5157
f 5118/5118 5120/5120 5156/5156
f 5155/5155 5121/5121 5158/5158
f 5158/5158 5121/5121 5159/5159
f 5121/5121 5123/5123 5159/5159
f 5159/5159 5123/5123 5161/5161
f 5123/5123 5125/5125 5161/5161
f 5160/5160 5126/5126 5162/5162
f 5126/5126 5128/5128 5162/5162
f 5162/5162 5128/5128 5165/5165
f 5129/5129 5132/5132 5164/5164
f 5132/5132 3051/3051 5164/5164
f 3052/3052 3048/3048 5163/5163
f 3048/3048 2965/2965 5163/5163
f 5163/5163 2965/2965 5168/5168
f 2965/2965 2967/2967 5168/5168
f 5169/5169 5166/5166 5170/5170
f 5170/5170 5166/5166 5172/5172
f 5167/5167 2966/2966 5171/5171
f 5171/5171 2966/2966 5173/5173
f 5173/5173 2966/2966 5174/5174
f 2966/2966 2968/2968 5174/5174
f 2968/2968 2974/2974 5174/5174
f 5174/5174 2974/2974 5175/5175
f 2974/2974 3767/3767 5175/5175
f 5175/5175 3767/3767 5176/5176
f 3767/3767 3762/3762 5176/5176
f 5176/5176 3762/3762 5178/5178
f 5177/5177 3763/3763 5180/5180
f 3763/3763 5181/5181 5180/5180
f 5179/5179 5182/5182 5184/5184
f 5182/5182 3022/3022 5184/5184
f 3022/3022 4014/4014 5184/5184
f 4015/4015 4016/4016 5183/5183
f 4016/4016 4019/4019 5183/5183
f 5183/5183 4019/4019 5185/5185
f 5185/5185 4019/4019 5188/5188
f 4019/4019 4022/4022 5188/5188
f 5188/5188 4022/4022 5189/5189
f 4022/4022 4025/4025 5189/5189
f 4025/4025 4026/4026 5189/5189
f 5190/5190 4027/4027 5191/5191
f 4027/4027 4030/4030 5191/5191
f 4030/4030 4031/4031 5191/5191
f 4031/4031 4032/4032 5191/5191
f 5191/5191 4032/4032 5192/5192
f 4033/4033 4035/4035 5193/5193
f 4035/4035 4247/4247 5193/5193
f 5193/5193 4247/4247 5195/5195
f 4247/4247 4248/4248 5195/5195
f 5195/5195 4248/4248 5196/5196
f 4248/4248 4253/4253 5196/5196
f 4253/4253 4806/4806 5196/5196
f 5198/5198 4804/4804 4082/4082
f 4805/4805 4800/4800 4081/4081
f 4081/4081 4800/4800 5200/5200
f 4800/4800 2915/2915 5200/5200
f 2916/2916 2919/2919 5199/5199
f 2919/2919 2922/2922 5199/5199
f 2922/2922 5201/5201 5199/5199
f 5199/5199 5201/5201 5202/5202
f 5202/5202 5201/5201 5204/5204
f 5201/5201 5186/5186 5204/5204
f 5203/5203 5187/5187 5205/5205
f 5187/5187 5190/5190 5205/5205
f 5190/5190 5191/5191 5205/5205
f 5191/5191 5192/5192 5205/5205
f 5192/5192 5194/5194 5205/5205
f 5205/5205 5194/5194 5209/5209
f 5194/5194 5197/5197 5209/5209
f 5198/5198 4082/4082 5208/5208
f 4083/4083 4085/4085 5207/5207
f 4086/4086 4090/4090 5206/5206
f 5206/5206 4090/4090 5210/5210
f 4090/4090 4095/4095 5210/5210
f 5210/5210 4095/4095 5211/5211
f 4095/4095 4098/4098 5211/5211
f 5211/5211 4098/4098 5213/5213
f 4099/4099 4102/4102 5212/5212
f 4102/4102 4105/4105 5212/5212
f 5212/5212 4105/4105 5214/5214
f 4105/4105 4109/4109 5214/5214
f 5214/5214 4109/4109 5215/5215
f 5215/5215 4109/4109 5218/5218
f 4110/4110 4114/4114 5217/5217
f 5216/5216 4115/4115 5221/5221
f 4115/4115 4120/4120 5221/5221
f 4120/4120 4123/4123 5221/5221
f 4124/4124 4125/4125 5220/5220
f 5224/5224 5219/5219 5226/5226
f 5219/5219 4126/4126 5226/5226
f 5226/5226 4126/4126 5227/5227
f 4126/4126 4127/4127 5227/5227
f 5228/5228 4128/4128 5229/5229
f 4128/4128 4132/4132 5229/5229
f 4132/4132 4136/4136 5229/5229
f 4136/4136 4138/4138 5229/5229
f 5229/5229 4138/4138 5230/5230
f 4139/4139 4140/4140 5231/5231
f 4140/4140 4141/4141 5231/5231
f 5231/5231 4141/4141 5232/5232
f 5235/5235 4142/4142 5236/5236
f 4142/4142 4143/4143 5236/5236
f 4143/4143 4145/4145 5236/5236
f 5237/5237 4144/4144 5238/5238
f 4144/4144 4147/4147 5238/5238
f 4147/4147 4149/4149 5238/5238
f 5238/5238 4149/4149 5239/5239
f 4149/4149 5243/5243 5239/5239
f 5241/5241 5246/5246 5240/5240
f 5240/5240 5246/5246 5247/5247
f 5244/5244 2252/2252 5248/5248
f 5248/5248 2252/2252 5249/5249
f 2250/2250 2244/2244 5250/5250
f 2244/2244 2243/2243 5250/5250
f 5250/5250 2243/2243 5253/5253
f 5253/5253 2243/2243 5255/5255
f 5255/5255 2243/2243 5256/5256
f 2243/2243 2242/2242 5256/5256
f 5259/5259 5260/5260 5262/5262
f 5260/5260 5263/5263 5262/5262
f 5262/5262 5263/5263 5265/5265
f 5263/5263 5266/5266 5265/5265
f 5265/5265 5266/5266 5268/5268
f 5266/5266 5269/5269 5268/5268
f 5268/5268 5269/5269 5271/5271
f 5269/5269 5272/5272 5271/5271
f 5271/5271 5272/5272 5274/5274
f 5272/5272 5275/5275 5274/5274
f 5274/5274 5275/5275 5277/5277
f 5275/5275 5278/5278 5277/5277
f 5277/5277 5278/5278 5279/5279
f 5278/5278 5256/5256 5279/5279
f 5256/5256 2242/2242 5279/5279
f 5279/5279 2242/2242 5280/5280
f 5282/5282 2241/2241 5283/5283
f 2241/2241 2245/2245 5283/5283
f 2245/2245 2247/2247 5283/5283
f 5284/5284 2248/2248 5286/5286
f 5286/5286 2248/2248 5288/5288
f 2249/2249 2251/2251 5287/5287
f 2251/2251 5245/5245 5287/5287
f 5289/5289 5246/5246 5292/5292
f 5246/5246 5241/5241 5292/5292
f 5242/5242 4150/4150 5291/5291
f 4150/4150 4153/4153 5291/5291
f 4154/4154 4158/4158 5290/5290
f 4158/4158 4161/4161 5290/5290
f 4162/4162 4166/4166 5292/5292
f 5292/5292 4166/4166 5293/5293
f 5294/5294 4165/4165 5295/5295
f 4165/4165 4168/4168 5295/5295
f 4168/4168 4172/4172 5295/5295
f 5296/5296 4173/4173 5297/5297
f 4173/4173 4175/4175 5297/5297
f 5298/5298 4174/4174 5301/5301
f 5301/5301 4174/4174 5303/5303
f 4174/4174 4177/4177 5303/5303
f 4178/4178 4180/4180 5302/5302
f 5305/5305 4181/4181 5307/5307
f 4182/4182 4185/4185 5306/5306
f 5307/5307 4186/4186 5308/5308
f 4186/4186 4187/4187 5308/5308
f 4187/4187 4188/4188 5308/5308
f 5308/5308 4188/4188 5309/5309
f 4189/4189 4190/4190 5310/5310
f 5310/5310 4190/4190 5311/5311
f 4191/4191 4192/4192 5312/5312
f 5312/5312 4192/4192 5313/5313
f 4193/4193 4194/4194 5314/5314
f 5314/5314 4194/4194 5315/5315
f 4194/4194 4195/4195 5315/5315
f 5315/5315 4195/4195 5316/5316
f 5317/5317 4196/4196 5318/5318
f 4196/4196 4197/4197 5318/5318
f 5318/5318 4197/4197 5319/5319
f 4197/4197 4198/4198 5319/5319
f 4198/4198 4199/4199 5319/5319
f 5319/5319 4199/4199 5320/5320
f 4199/4199 4200/4200 5320/5320
f 5320/5320 4200/4200 5321/5321
f 4201/4201 4202/4202 5322/5322
f 5322/5322 4202/4202 5323/5323
f 5325/5325 5324/5324 5326/5326
f 5324/5324 4203/4203 5326/5326
f 4203/4203 4204/4204 5326/5326
f 5326/5326 4204/4204 5327/5327
f 4204/4204 4205/4205 5327/5327
f 5328/5328 4206/4206 5329/5329
f 4206/4206 4208/4208 5329/5329
f 5330/5330 4209/4209 5331/5331
f 4209/4209 4212/4212 5331/5331
f 4212/4212 4213/4213 5331/5331
f 5331/5331 4213/4213 5332/5332
f 4213/4213 4214/4214 5332/5332
f 5332/5332 4214/4214 5333/5333
f 4214/4214 4215/4215 5333/5333
f 5333/5333 4215/4215 5334/5334
f 5335/5335 4216/4216 5336/5336
f 4216/4216 4218/4218 5336/5336
f 5336/5336 4218/4218 5337/5337
f 4218/4218 4221/4221 5337/5337
f 4222/4222 4223/4223 5339/5339
f 5339/5339 4223/4223 5340/5340
f 4224/4224 4225/4225 5341/5341
f 4225/4225 4227/4227 5341/5341
f 4227/4227 4229/4229 5341/5341
f 5341/5341 4229/4229 5343/5343
f 5343/5343 4229/4229 5344/5344
f 4229/4229 4231/4231 5344/5344
f 5345/5345 4232/4232 5346/5346
f 4232/4232 4233/4233 5346/5346
f 5346/5346 4233/4233 5347/5347
f 4233/4233 4234/4234 5347/5347
f 5348/5348 4235/4235 5350/5350
f 4236/4236 4238/4238 5349/5349
f 5352/5352 4239/4239 5353/5353
f 4240/4240 4241/4241 5355/5355
f 4241/4241 4242/4242 5355/5355
f 5355/5355 4242/4242 5357/5357
f 5357/5357 4242/4242 5358/5358
f 4243/4243 4244/4244 5359/5359
f 5359/5359 4244/4244 5360/5360
f 4245/4245 4246/4246 5361/5361
f 4246/4246 4034/4034 5361/5361
f 5361/5361 4034/4034 5363/5363
f 5363/5363 4034/4034 5364/5364
f 4035/4035 4036/4036 5365/5365
f 5365/5365 4036/4036 5367/5367
f 4037/4037 4038/4038 5366/5366
f 5368/5368 4039/4039 5369/5369
f 4039/4039 5223/5223 5369/5369
f 5223/5223 5225/5225 5369/5369
f 5226/5226 5227/5227 5372/5372
f 5372/5372 5227/5227 5374/5374
f 5228/5228 5229/5229 5373/5373
f 5229/5229 5230/5230 5373/5373
f 5230/5230 5233/5233 5373/5373
f 5234/5234 5237/5237 5376/5376
f 5237/5237 5238/5238 5376/5376
f 5238/5238 5239/5239 5376/5376
f 5376/5376 5239/5239 5377/5377
f 5379/5379 5240/5240 5380/5380
f 5240/5240 5247/5247 5380/5380
f 5382/5382 5248/5248 5384/5384
f 5248/5248 5249/5249 5384/5384
f 5250/5250 5253/5253 5383/5383
f 5385/5385 5251/5251 5386/5386
f 5388/5388 5252/5252 5390/5390
f 5252/5252 5254/5254 5390/5390
f 5390/5390 5254/5254 5391/5391
f 5393/5393 5255/5255 5394/5394
f 5255/5255 5256/5256 5394/5394
f 5256/5256 5278/5278 5394/5394
f 5394/5394 5278/5278 5396/5396
f 5278/5278 5275/5275 5396/5396
f 5396/5396 5275/5275 5398/5398
f 5275/5275 5272/5272 5398/5398
f 5398/5398 5272/5272 5400/5400
f 5272/5272 5269/5269 5400/5400
f 5400/5400 5269/5269 5402/5402
f 5269/5269 5266/5266 5402/5402
f 5402/5402 5266/5266 5404/5404
f 5266/5266 5263/5263 5404/5404
f 5404/5404 5263/5263 5406/5406
f 5263/5263 5260/5260 5406/5406
f 5406/5406 5260/5260 5409/5409
f 5409/5409 5260/5260 5410/5410
f 5260/5260 5259/5259 5410/5410
f 5416/5416 5420/5420 5422/5422
f 5417/5417 5411/5411 5421/5421
f 5411/5411 5257/5257 5421/5421
f 5426/5426 5258/5258 5428/5428
f 5258/5258 5261/5261 5428/5428
f 5261/5261 5264/5264 5428/5428
f 5264/5264 5267/5267 5428/5428
f 5428/5428 5267/5267 5430/5430
f 5267/5267 5270/5270 5430/5430
f 5430/5430 5270/5270 5431/5431
f 5270/5270 5273/5273 5431/5431
f 5432/5432 5274/5274 5433/5433
f 5274/5274 5277/5277 5433/5433
f 5436/5436 5276/5276 5438/5438
f 5277/5277 5279/5279 5437/5437
f 5279/5279 5280/5280 5437/5437
f 5439/5439 5281/5281 5441/5441
f 5441/5441 5281/5281 5442/5442
f 5281/5281 5284/5284 5442/5442
f 5284/5284 5286/5286 5442/5442
f 5443/5443 5285/5285 5444/5444
f 5285/5285 5289/5289 5444/5444
f 5289/5289 5292/5292 5444/5444
f 5292/5292 5293/5293 5444/5444
f 5445/5445 5294/5294 5446/5446
f 5294/5294 5295/5295 5446/5446
f 5447/5447 5296/5296 5448/5448
f 5296/5296 5297/5297 5448/5448
f 5449/5449 5298/5298 5450/5450
f 5298/5298 5301/5301 5450/5450
f 5452/5452 5299/5299 5453/5453
f 5456/5456 5300/5300 5457/5457
f 5300/5300 5304/5304 5457/5457
f 5305/5305 5307/5307 5458/5458
f 5458/5458 5307/5307 5460/5460
f 5307/5307 5308/5308 5460/5460
f 5460/5460 5308/5308 5462/5462
f 5308/5308 5309/5309 5462/5462
f 5310/5310 5311/5311 5461/5461
f 5464/5464 5312/5312 5465/5465
f 5312/5312 5313/5313 5465/5465
f 5465/5465 5313/5313 5466/5466
f 5314/5314 5315/5315 5467/5467
f 5467/5467 5315/5315 5468/5468
f 5315/5315 5316/5316 5468/5468
f 5468/5468 5316/5316 5469/5469
f 5470/5470 5317/5317 5471/5471
f 5317/5317 5318/5318 5471/5471
f 5471/5471 5318/5318 5472/5472
f 5318/5318 5319/5319 5472/5472
f 5319/5319 5320/5320 5472/5472
f 5472/5472 5320/5320 5474/5474
f 5320/5320 5321/5321 5474/5474
f 5474/5474 5321/5321 5475/5475
f 5322/5322 5323/5323 5476/5476
f 5476/5476 5323/5323 5477/5477
f 5478/5478 5324/5324 5479/5479
f 5324/5324 5325/5325 5479/5479
f 5479/5479 5325/5325 5480/5480
f 5325/5325 5326/5326 5480/5480
f 5326/5326 5327/5327 5480/5480
f 5481/5481 5328/5328 5482/5482
f 5328/5328 5329/5329 5482/5482
f 5483/5483 5330/5330 5484/5484
f 5330/5330 5331/5331 5484/5484
f 5484/5484 5331/5331 5485/5485
f 5331/5331 5332/5332 5485/5485
f 5485/5485 5332/5332 5486/5486
f 5332/5332 5333/5333 5486/5486
f 5486/5486 5333/5333 5487/5487
f 5333/5333 5334/5334 5487/5487
f 5488/5488 5335/5335 5489/5489
f 5335/5335 5336/5336 5489/5489
f 5336/5336 5337/5337 5489/5489
f 5490/5490 5338/5338 5491/5491
f 5339/5339 5340/5340 5493/5493
f 5340/5340 5342/5342 5493/5493
f 5495/5495 5493/5493 5496/5496
f 5493/5493 5342/5342 5496/5496
f 5343/5343 5344/5344 5497/5497
f 5497/5497 5344/5344 5498/5498
f 5499/5499 5345/5345 5500/5500
f 5345/5345 5346/5346 5500/5500
f 5346/5346 5347/5347 5500/5500
f 5500/5500 5347/5347 5502/5502
f 5348/5348 5350/5350 5501/5501
f 5502/5502 5351/5351 5504/5504
f 5352/5352 5353/5353 5503/5503
f 5354/5354 5356/5356 5506/5506
f 5506/5506 5356/5356 5508/5508
f 5508/5508 5356/5356 5509/5509
f 5357/5357 5358/5358 5510/5510
f 5510/5510 5358/5358 5511/5511
f 5359/5359 5360/5360 5512/5512
f 5360/5360 5362/5362 5512/5512
f 5512/5512 5362/5362 5513/5513
f 5514/5514 5363/5363 5517/5517
f 5363/5363 5364/5364 5517/5517
f 5365/5365 5367/5367 5516/5516
f 5367/5367 5370/5370 5516/5516
f 5371/5371 5375/5375 5515/5515
f 5375/5375 5378/5378 5515/5515
f 5379/5379 5380/5380 5517/5517
f 5517/5517 5380/5380 5519/5519
f 5381/5381 5385/5385 5518/5518
f 5385/5385 5386/5386 5518/5518
f 5520/5520 5387/5387 5522/5522
f 5387/5387 5389/5389 5522/5522
f 5522/5522 5389/5389 5524/5524
f 5389/5389 5392/5392 5524/5524
f 5524/5524 5392/5392 5526/5526
f 5526/5526 5392/5392 5528/5528
f 5393/5393 5394/5394 5527/5527
f 5394/5394 5396/5396 5527/5527
f 5529/5529 5395/5395 5530/5530
f 5396/5396 5398/5398 5533/5533
f 5533/5533 5398/5398 5534/5534
f 5397/5397 5399/5399 5535/5535
f 5535/5535 5399/5399 5536/5536
f 5399/5399 5401/5401 5536/5536
f 5536/5536 5401/5401 5537/5537
f 5401/5401 5403/5403 5537/5537
f 5403/5403 5405/5405 5537/5537
f 5405/5405 5407/5407 5537/5537
f 5537/5537 5407/5407 5539/5539
f 5408/5408 5411/5411 5538/5538
f 5411/5411 5417/5417 5538/5538
f 5542/5542 5418/5418 5543/5543
f 5547/5547 5419/5419 5548/5548
f 5419/5419 5412/5412 5548/5548
f 5549/5549 5413/5413 5551/5551
f 5556/5556 5559/5559 5561/5561
f 5557/5557 5554/5554 5560/5560
f 5550/5550 5414/5414 5563/5563
f 5563/5563 5414/5414 5565/5565
f 5415/5415 5423/5423 5564/5564
f 5567/5567 5424/5424 5569/5569
f 5569/5569 5424/5424 5571/5571
f 5425/5425 5427/5427 5570/5570
f 5427/5427 5429/5429 5570/5570
f 5572/5572 5430/5430 5574/5574
f 5430/5430 5431/5431 5574/5574
f 5574/5574 5431/5431 5575/5575
f 5431/5431 5434/5434 5575/5575
f 5577/5577 5435/5435 5578/5578
f 5435/5435 5439/5439 5578/5578
f 5439/5439 5441/5441 5578/5578
f 5579/5579 5440/5440 5580/5580
f 5440/5440 5443/5443 5580/5580
f 5443/5443 5444/5444 5580/5580
f 5581/5581 5445/5445 5582/5582
f 5445/5445 5446/5446 5582/5582
f 5583/5583 5447/5447 5584/5584
f 5447/5447 5448/5448 5584/5584
f 5585/5585 5449/5449 5586/5586
f 5449/5449 5450/5450 5586/5586
f 5587/5587 5451/5451 5588/5588
f 5451/5451 5454/5454 5588/5588
f 5589/5589 5455/5455 5591/5591
f 5591/5591 5455/5455 5593/5593
f 5455/5455 5458/5458 5593/5593
f 5458/5458 5460/5460 5593/5593
f 5593/5593 5460/5460 5595/5595
f 5459/5459 5463/5463 5594/5594
f 5464/5464 5465/5465 5597/5597
f 5597/5597 5465/5465 5599/5599
f 5465/5465 5466/5466 5599/5599
f 5599/5599 5466/5466 5600/5600
f 5467/5467 5468/5468 5601/5601
f 5601/5601 5468/5468 5602/5602
f 5468/5468 5469/5469 5602/5602
f 5602/5602 5469/5469 5603/5603
f 5604/5604 5470/5470 5606/5606
f 5470/5470 5471/5471 5606/5606
f 5606/5606 5471/5471 5607/5607
f 5471/5471 5472/5472 5607/5607
f 5472/5472 5474/5474 5607/5607
f 5607/5607 5474/5474 5608/5608
f 5473/5473 5476/5476 5609/5609
f 5609/5609 5476/5476 5610/5610
f 5476/5476 5477/5477 5610/5610
f 5610/5610 5477/5477 5611/5611
f 5612/5612 5478/5478 5613/5613
f 5478/5478 5479/5479 5613/5613
f 5613/5613 5479/5479 5614/5614
f 5479/5479 5480/5480 5614/5614
f 5615/5615 5481/5481 5616/5616
f 5481/5481 5482/5482 5616/5616
f 5617/5617 5483/5483 5619/5619
f 5483/5483 5484/5484 5619/5619
f 5619/5619 5484/5484 5620/5620
f 5484/5484 5485/5485 5620/5620
f 5620/5620 5485/5485 5621/5621
f 5485/5485 5486/5486 5621/5621
f 5621/5621 5486/5486 5622/5622
f 5486/5486 5487/5487 5622/5622
f 5623/5623 5488/5488 5624/5624
f 5488/5488 5489/5489 5624/5624
f 5489/5489 5492/5492 5624/5624
f 5492/5492 5494/5494 5624/5624
f 5624/5624 5494/5494 5625/5625
f 5626/5626 5495/5495 5627/5627
f 5495/5495 5496/5496 5627/5627
f 5497/5497 5498/5498 5628/5628
f 5628/5628 5498/5498 5629/5629
f 5499/5499 5500/5500 5632/5632
f 5632/5632 5500/5500 5634/5634
f 5500/5500 5502/5502 5634/5634
f 5634/5634 5502/5502 5635/5635
f 5502/5502 5504/5504 5635/5635
f 5505/5505 5507/5507 5636/5636
f 5636/5636 5507/5507 5638/5638
f 5638/5638 5507/5507 5639/5639
f 5508/5508 5509/5509 5640/5640
f 5640/5640 5509/5509 5641/5641
f 5510/5510 5511/5511 5642/5642
f 5642/5642 5511/5511 5643/5643
f 5512/5512 5513/5513 5644/5644
f 5644/5644 5513/5513 5645/5645
f 5514/5514 5517/5517 5646/5646
f 5517/5517 5519/5519 5646/5646
f 5519/5519 5521/5521 5646/5646
f 5521/5521 5523/5523 5646/5646
f 5646/5646 5523/5523 5648/5648
f 5523/5523 5525/5525 5648/5648
f 5648/5648 5525/5525 5649/5649
f 5526/5526 5528/5528 5650/5650
f 5528/5528 5531/5531 5650/5650
f 5650/5650 5531/5531 5651/5651
f 5532/5532 5535/5535 5653/5653
f 5653/5653 5535/5535 5655/5655
f 5535/5535 5536/5536 5655/5655
f 5655/5655 5536/5536 5656/5656
f 5536/5536 5537/5537 5656/5656
f 5537/5537 5539/5539 5656/5656
f 5657/5657 5540/5540 5659/5659
f 5659/5659 5540/5540 5661/5661
f 5541/5541 5544/5544 5660/5660
f 5663/5663 5545/5545 5665/5665
f 5668/5668 5666/5666 5669/5669
f 5672/5672 5664/5664 5674/5674
f 5665/5665 5545/5545 5673/5673
f 5546/5546 5549/5549 5677/5677
f 5677/5677 5549/5549 5678/5678
f 5549/5549 5551/5551 5678/5678
f 5679/5679 5552/5552 5680/5680
f 5553/5553 5558/5558 5681/5681
f 5681/5681 5558/5558 5682/5682
f 5559/5559 5556/5556 5683/5683
f 5683/5683 5556/5556 5685/5685
f 5685/5685 5556/5556 5686/5686
f 5555/5555 5562/5562 5688/5688
f 5562/5562 5566/5566 5688/5688
f 5566/5566 5568/5568 5688/5688
f 5688/5688 5568/5568 5689/5689
f 5692/5692 5690/5690 5693/5693
f 5689/5689 5568/5568 5694/5694
f 5694/5694 5568/5568 5695/5695
f 5569/5569 5571/5571 5696/5696
f 5571/5571 5573/5573 5696/5696
f 5696/5696 5573/5573 5698/5698
f 5573/5573 5576/5576 5698/5698
f 5698/5698 5576/5576 5699/5699
f 5576/5576 5579/5579 5699/5699
f 5579/5579 5580/5580 5699/5699
f 5700/5700 5581/5581 5701/5701
f 5581/5581 5582/5582 5701/5701
f 5702/5702 5583/5583 5703/5703
f 5583/5583 5584/5584 5703/5703
f 5704/5704 5585/5585 5705/5705
f 5585/5585 5586/5586 5705/5705
f 5706/5706 5587/5587 5707/5707
f 5587/5587 5588/5588 5707/5707
f 5709/5709 5589/5589 5710/5710
f 5589/5589 5591/5591 5710/5710
f 5711/5711 5590/5590 5712/5712
f 5590/5590 5592/5592 5712/5712
f 5592/5592 5596/5596 5712/5712
f 5596/5596 5598/5598 5712/5712
f 5712/5712 5598/5598 5713/5713
f 5599/5599 5600/5600 5714/5714
f 5714/5714 5600/5600 5715/5715
f 5601/5601 5602/5602 5718/5718
f 5718/5718 5602/5602 5719/5719
f 5602/5602 5603/5603 5719/5719
f 5719/5719 5603/5603 5720/5720
f 5720/5720 5603/5603 5721/5721
f 5603/5603 5605/5605 5721/5721
f 5722/5722 5606/5606 5723/5723
f 5606/5606 5607/5607 5723/5723
f 5607/5607 5608/5608 5723/5723
f 5723/5723 5608/5608 5724/5724
f 5609/5609 5610/5610 5725/5725
f 5725/5725 5610/5610 5726/5726
f 5610/5610 5611/5611 5726/5726
f 5726/5726 5611/5611 5727/5727
f 5728/5728 5612/5612 5729/5729
f 5612/5612 5613/5613 5729/5729
f 5729/5729 5613/5613 5730/5730
f 5613/5613 5614/5614 5730/5730
f 5731/5731 5615/5615 5732/5732
f 5615/5615 5616/5616 5732/5732
f 5732/5732 5616/5616 5733/5733
f 5616/5616 5618/5618 5733/5733
f 5734/5734 5619/5619 5735/5735
f 5619/5619 5620/5620 5735/5735
f 5735/5735 5620/5620 5736/5736
f 5620/5620 5621/5621 5736/5736
f 5736/5736 5621/5621 5737/5737
f 5621/5621 5622/5622 5737/5737
f 5738/5738 5623/5623 5739/5739
f 5623/5623 5624/5624 5739/5739
f 5624/5624 5625/5625 5739/5739
f 5739/5739 5625/5625 5740/5740
f 5741/5741 5626/5626 5742/5742
f 5626/5626 5627/5627 5742/5742
f 5627/5627 5630/5630 5742/5742
f 5743/5743 5631/5631 5744/5744
f 5631/5631 5633/5633 5744/5744
f 5744/5744 5633/5633 5745/5745
f 5634/5634 5635/5635 5746/5746
f 5635/5635 5637/5637 5746/5746
f 5746/5746 5637/5637 5748/5748
f 5748/5748 5637/5637 5749/5749
f 5638/5638 5639/5639 5751/5751
f 5751/5751 5639/5639 5752/5752
f 5640/5640 5641/5641 5753/5753
f 5753/5753 5641/5641 5754/5754
f 5642/5642 5643/5643 5755/5755
f 5755/5755 5643/5643 5756/5756
f 5644/5644 5645/5645 5757/5757
f 5645/5645 5647/5647 5757/5757
f 5757/5757 5647/5647 5759/5759
f 5759/5759 5647/5647 5760/5760
f 5648/5648 5649/5649 5761/5761
f 5649/5649 5652/5652 5761/5761
f 5761/5761 5652/5652 5763/5763
f 5652/5652 5654/5654 5763/5763
f 5763/5763 5654/5654 5764/5764
f 5654/5654 5657/5657 5764/5764
f 5657/5657 5659/5659 5764/5764
f 5765/5765 5658/5658 5767/5767
f 5770/5770 5767/5767 5773/5773
f 5767/5767 5658/5658 5773/5773
f 5773/5773 5658/5658 5774/5774
f 5658/5658 5662/5662 5774/5774
f 5662/5662 5666/5666 5774/5774
f 5666/5666 5668/5668 5774/5774
f 5776/5776 5667/5667 5778/5778
f 5778/5778 5667/5667 5779/5779
f 5667/5667 5670/5670 5779/5779
f 5780/5780 5671/5671 5781/5781
f 5671/5671 5675/5675 5781/5781
f 5676/5676 5679/5679 5782/5782
f 5782/5782 5679/5679 5783/5783
f 5679/5679 5680/5680 5783/5783
f 5783/5783 5680/5680 5784/5784
f 5681/5681 5682/5682 5785/5785
f 5785/5785 5682/5682 5786/5786
f 5683/5683 5685/5685 5787/5787
f 5787/5787 5685/5685 5789/5789
f 5684/5684 5687/5687 5788/5788
f 5687/5687 5690/5690 5788/5788
f 5690/5690 5692/5692 5788/5788
f 5790/5790 5691/5691 5791/5791
f 5795/5795 5797/5797 5798/5798
f 5797/5797 5793/5793 5798/5798
f 5793/5793 5692/5692 5798/5798
f 5692/5692 5693/5693 5798/5798
f 5798/5798 5693/5693 5799/5799
f 5694/5694 5695/5695 5800/5800
f 5695/5695 5697/5697 5800/5800
f 5800/5800 5697/5697 5801/5801
f 5697/5697 5700/5700 5801/5801
f 5700/5700 5701/5701 5801/5801
f 5803/5803 5702/5702 5804/5804
f 5702/5702 5703/5703 5804/5804
f 5805/5805 5704/5704 5806/5806
f 5704/5704 5705/5705 5806/5806
f 5807/5807 5706/5706 5808/5808
f 5706/5706 5707/5707 5808/5808
f 5809/5809 5708/5708 5810/5810
f 5708/5708 5711/5711 5810/5810
f 5810/5810 5711/5711 5811/5811
f 5711/5711 5712/5712 5811/5811
f 5712/5712 5713/5713 5811/5811
f 5811/5811 5713/5713 5812/5812
f 5713/5713 5716/5716 5812/5812
f 5813/5813 5717/5717 5814/5814
f 5718/5718 5719/5719 5815/5815
f 5815/5815 5719/5719 5816/5816
f 5719/5719 5720/5720 5816/5816
f 5816/5816 5720/5720 5817/5817
f 5817/5817 5720/5720 5818/5818
f 5720/5720 5721/5721 5818/5818
f 5819/5819 5722/5722 5820/5820
f 5722/5722 5723/5723 5820/5820
f 5723/5723 5724/5724 5820/5820
f 5820/5820 5724/5724 5821/5821
f 5725/5725 5726/5726 5822/5822
f 5822/5822 5726/5726 5823/5823
f 5726/5726 5727/5727 5823/5823
f 5823/5823 5727/5727 5824/5824
f 5825/5825 5728/5728 5826/5826
f 5728/5728 5729/5729 5826/5826
f 5826/5826 5729/5729 5827/5827
f 5729/5729 5730/5730 5827/5827
f 5828/5828 5731/5731 5829/5829
f 5731/5731 5732/5732 5829/5829
f 5829/5829 5732/5732 5830/5830
f 5732/5732 5733/5733 5830/5830
f 5831/5831 5734/5734 5832/5832
f 5734/5734 5735/5735 5832/5832
f 5832/5832 5735/5735 5834/5834
f 5735/5735 5736/5736 5834/5834
f 5834/5834 5736/5736 5835/5835
f 5736/5736 5737/5737 5835/5835
f 5836/5836 5738/5738 5837/5837
f 5738/5738 5739/5739 5837/5837
f 5739/5739 5740/5740 5837/5837
f 5837/5837 5740/5740 5838/5838
f 5839/5839 5741/5741 5840/5840
f 5741/5741 5742/5742 5840/5840
f 5743/5743 5744/5744 5841/5841
f 5841/5841 5744/5744 5842/5842
f 5744/5744 5745/5745 5842/5842
f 5745/5745 5747/5747 5842/5842
f 5842/5842 5747/5747 5843/5843
f 5747/5747 5750/5750 5843/5843
f 5843/5843 5750/5750 5844/5844
f 5751/5751 5752/5752 5845/5845
f 5845/5845 5752/5752 5846/5846
f 5753/5753 5754/5754 5847/5847
f 5847/5847 5754/5754 5848/5848
f 5755/5755 5756/5756 5849/5849
f 5756/5756 5758/5758 5849/5849
f 5849/5849 5758/5758 5851/5851
f 5851/5851 5758/5758 5852/5852
f 5759/5759 5760/5760 5854/5854
f 5760/5760 5762/5762 5854/5854
f 5854/5854 5762/5762 5855/5855
f 5762/5762 5765/5765 5855/5855
f 5765/5765 5767/5767 5855/5855
f 5856/5856 5766/5766 5857/5857
f 5766/5766 5768/5768 5857/5857
f 5857/5857 5768/5768 5858/5858
f 5859/5859 5769/5769 5861/5861
f 5769/5769 5771/5771 5861/5861
f 5772/5772 5775/5775 5860/5860
f 5775/5775 5777/5777 5860/5860
f 5861/5861 5778/5778 5862/5862
f 5778/5778 5779/5779 5862/5862
f 5863/5863 5780/5780 5864/5864
f 5780/5780 5781/5781 5864/5864
f 5782/5782 5783/5783 5865/5865
f 5865/5865 5783/5783 5866/5866
f 5783/5783 5784/5784 5866/5866
f 5868/5868 5866/5866 5870/5870
f 5866/5866 5784/5784 5870/5870
f 5785/5785 5786/5786 5869/5869
f 5787/5787 5789/5789 5873/5873
f 5873/5873 5789/5789 5874/5874
f 5789/5789 5792/5792 5874/5874
f 5875/5875 5793/5793 5879/5879
f 5793/5793 5797/5797 5879/5879
f 5879/5879 5797/5797 5881/5881
f 5796/5796 5794/5794 5880/5880
f 5883/5883 5795/5795 5885/5885
f 5795/5795 5798/5798 5885/5885
f 5798/5798 5799/5799 5885/5885
f 5885/5885 5799/5799 5886/5886
f 5799/5799 5802/5802 5886/5886
f 5802/5802 5805/5805 5886/5886
f 5886/5886 5805/5805 5887/5887
f 5805/5805 5806/5806 5887/5887
f 5888/5888 5807/5807 5889/5889
f 5807/5807 5808/5808 5889/5889
f 5890/5890 5809/5809 5891/5891
f 5809/5809 5810/5810 5891/5891
f 5891/5891 5810/5810 5892/5892
f 5810/5810 5811/5811 5892/5892
f 5811/5811 5812/5812 5892/5892
f 5892/5892 5812/5812 5893/5893
f 5813/5813 5814/5814 5894/5894
f 5894/5894 5814/5814 5895/5895
f 5815/5815 5816/5816 5896/5896
f 5896/5896 5816/5816 5897/5897
f 5816/5816 5817/5817 5897/5897
f 5897/5897 5817/5817 5898/5898
f 5898/5898 5817/5817 5899/5899
f 5817/5817 5818/5818 5899/5899
f 5900/5900 5819/5819 5902/5902
f 5819/5819 5820/5820 5902/5902
f 5820/5820 5821/5821 5902/5902
f 5902/5902 5821/5821 5903/5903
f 5822/5822 5823/5823 5904/5904
f 5904/5904 5823/5823 5905/5905
f 5823/5823 5824/5824 5905/5905
f 5905/5905 5824/5824 5906/5906
f 5907/5907 5825/5825 5908/5908
f 5825/5825 5826/5826 5908/5908
f 5908/5908 5826/5826 5909/5909
f 5826/5826 5827/5827 5909/5909
f 5910/5910 5828/5828 5911/5911
f 5828/5828 5829/5829 5911/5911
f 5911/5911 5829/5829 5912/5912
f 5829/5829 5830/5830 5912/5912
f 5913/5913 5831/5831 5914/5914
f 5831/5831 5832/5832 5914/5914
f 5914/5914 5832/5832 5915/5915
f 5832/5832 5834/5834 5915/5915
f 5916/5916 5833/5833 5918/5918
f 5834/5834 5835/5835 5917/5917
f 5918/5918 5836/5836 5919/5919
f 5836/5836 5837/5837 5919/5919
f 5837/5837 5838/5838 5919/5919
f 5919/5919 5838/5838 5921/5921
f 5921/5921 5838/5838 5922/5922
f 5838/5838 5841/5841 5922/5922
f 5841/5841 5842/5842 5922/5922
f 5922/5922 5842/5842 5923/5923
f 5842/5842 5843/5843 5923/5923
f 5923/5923 5843/5843 5924/5924
f 5843/5843 5844/5844 5924/5924
f 5924/5924 5844/5844 5925/5925
f 5845/5845 5846/5846 5926/5926
f 5926/5926 5846/5846 5927/5927
f 5847/5847 5848/5848 5928/5928
f 5848/5848 5850/5850 5928/5928
f 5928/5928 5850/5850 5930/5930
f 5930/5930 5850/5850 5931/5931
f 5850/5850 5853/5853 5931/5931
f 5853/5853 5856/5856 5931/5931
f 5931/5931 5856/5856 5933/5933
f 5856/5856 5857/5857 5933/5933
f 5933/5933 5857/5857 5935/5935
f 5857/5857 5858/5858 5935/5935
f 5935/5935 5858/5858 5939/5939
f 5939/5939 5858/5858 5940/5940
f 5859/5859 5861/5861 5941/5941
f 5941/5941 5861/5861 5944/5944
f 5861/5861 5862/5862 5944/5944
f 5863/5863 5864/5864 5943/5943
f 5865/5865 5866/5866 5942/5942
f 5866/5866 5868/5868 5942/5942
f 5946/5946 5867/5867 5949/5949
f 5949/5949 5867/5867 5951/5951
f 5951/5951 5867/5867 5952/5952
f 5867/5867 5871/5871 5952/5952
f 5954/5954 5872/5872 5956/5956
f 5873/5873 5874/5874 5955/5955
f 5874/5874 5876/5876 5955/5955
f 5958/5958 5877/5877 5959/5959
f 5962/5962 5878/5878 5964/5964
f 5879/5879 5881/5881 5963/5963
f 5967/5967 5882/5882 5968/5968
f 5882/5882 5884/5884 5968/5968
f 5970/5970 5885/5885 5971/5971
f 5885/5885 5886/5886 5971/5971
f 5886/5886 5887/5887 5971/5971
f 5972/5972 5888/5888 5973/5973
f 5888/5888 5889/5889 5973/5973
f 5974/5974 5890/5890 5975/5975
f 5890/5890 5891/5891 5975/5975
f 5975/5975 5891/5891 5976/5976
f 5891/5891 5892/5892 5976/5976
f 5892/5892 5893/5893 5976/5976
f 5976/5976 5893/5893 5977/5977
f 5894/5894 5895/5895 5978/5978
f 5978/5978 5895/5895 5979/5979
f 5896/5896 5897/5897 5980/5980
f 5980/5980 5897/5897 5981/5981
f 5897/5897 5898/5898 5981/5981
f 5981/5981 5898/5898 5982/5982
f 5983/5983 5982/5982 5984/5984
f 5982/5982 5898/5898 5984/5984
f 5898/5898 5899/5899 5984/5984
f 5984/5984 5899/5899 5985/5985
f 5899/5899 5901/5901 5985/5985
f 5985/5985 5901/5901 5987/5987
f 5902/5902 5903/5903 5986/5986
f 5904/5904 5905/5905 5987/5987
f 5987/5987 5905/5905 5988/5988
f 5905/5905 5906/5906 5988/5988
f 5988/5988 5906/5906 5989/5989
f 5990/5990 5907/5907 5991/5991
f 5907/5907 5908/5908 5991/5991
f 5991/5991 5908/5908 5992/5992
f 5908/5908 5909/5909 5992/5992
f 5993/5993 5910/5910 5994/5994
f 5910/5910 5911/5911 5994/5994
f 5994/5994 5911/5911 5995/5995
f 5911/5911 5912/5912 5995/5995
f 5996/5996 5913/5913 5998/5998
f 5913/5913 5914/5914 5998/5998
f 5998/5998 5914/5914 5999/5999
f 5914/5914 5915/5915 5999/5999
f 6000/6000 5916/5916 6001/6001
f 5916/5916 5918/5918 6001/6001
f 6001/6001 5918/5918 6002/6002
f 5918/5918 5919/5919 6002/6002
f 5919/5919 5921/5921 6002/6002
f 6002/6002 5921/5921 6003/6003
f 6004/6004 5920/5920 6005/6005
f 5921/5921 5922/5922 6006/6006
f 5922/5922 5923/5923 6006/6006
f 6006/6006 5923/5923 6007/6007
f 5923/5923 5924/5924 6007/6007
f 6007/6007 5924/5924 6008/6008
f 5924/5924 5925/5925 6008/6008
f 6008/6008 5925/5925 6009/6009
f 5926/5926 5927/5927 6010/6010
f 5927/5927 5929/5929 6010/6010
f 6010/6010 5929/5929 6012/6012
f 6012/6012 5929/5929 6013/6013
f 5930/5930 5931/5931 6014/6014
f 5931/5931 5933/5933 6014/6014
f 6014/6014 5933/5933 6015/6015
f 5932/5932 5934/5934 6017/6017
f 6017/6017 5934/5934 6019/6019
f 5935/5935 5939/5939 6018/6018
f 6022/6022 5936/5936 6023/6023
f 6026/6026 5937/5937 6028/6028
f 5938/5938 5941/5941 6027/6027
f 5941/5941 5944/5944 6027/6027
f 5945/5945 5947/5947 6030/6030
f 6030/6030 5947/5947 6031/6031
f 5948/5948 5950/5950 6032/6032
f 6032/6032 5950/5950 6034/6034
f 6034/6034 5950/5950 6035/6035
f 5950/5950 5953/5953 6035/6035
f 5954/5954 5956/5956 6037/6037
f 6037/6037 5956/5956 6039/6039
f 5957/5957 5960/5960 6038/6038
f 6041/6041 5961/5961 6042/6042
f 5961/5961 5965/5965 6042/6042
f 5966/5966 5969/5969 6044/6044
f 6044/6044 5969/5969 6045/6045
f 5969/5969 5972/5972 6045/6045
f 5972/5972 5973/5973 6045/6045
f 6046/6046 5974/5974 6047/6047
f 5974/5974 5975/5975 6047/6047
f 6047/6047 5975/5975 6049/6049
f 6049/6049 5975/5975 6051/6051
f 5975/5975 5976/5976 6051/6051
f 5976/5976 5977/5977 6051/6051
f 6051/6051 5977/5977 6052/6052
f 5978/5978 5979/5979 6053/6053
f 6053/6053 5979/5979 6054/6054
f 5980/5980 5981/5981 6055/6055
f 6055/6055 5981/5981 6056/6056
f 6056/6056 5981/5981 6057/6057
f 5981/5981 5982/5982 6057/6057
f 6057/6057 5982/5982 6058/6058
f 5982/5982 5983/5983 6058/6058
f 6059/6059 6058/6058 6060/6060
f 6058/6058 5983/5983 6060/6060
f 6060/6060 5983/5983 6061/6061
f 5983/5983 5984/5984 6061/6061
f 5984/5984 5985/5985 6061/6061
f 6061/6061 5985/5985 6062/6062
f 5985/5985 5987/5987 6062/6062
f 5987/5987 5988/5988 6062/6062
f 6062/6062 5988/5988 6063/6063
f 5988/5988 5989/5989 6063/6063
f 6063/6063 5989/5989 6064/6064
f 6065/6065 5990/5990 6066/6066
f 5990/5990 5991/5991 6066/6066
f 6066/6066 5991/5991 6067/6067
f 5991/5991 5992/5992 6067/6067
f 6068/6068 5993/5993 6069/6069
f 5993/5993 5994/5994 6069/6069
f 6069/6069 5994/5994 6071/6071
f 5994/5994 5995/5995 6071/6071
f 5996/5996 5998/5998 6070/6070
f 6071/6071 5997/5997 6072/6072
f 6072/6072 5997/5997 6074/6074
f 5998/5998 5999/5999 6073/6073
f 6074/6074 6000/6000 6075/6075
f 6000/6000 6001/6001 6075/6075
f 6075/6075 6001/6001 6076/6076
f 6001/6001 6002/6002 6076/6076
f 6002/6002 6003/6003 6076/6076
f 6076/6076 6003/6003 6077/6077
f 6078/6078 6004/6004 6079/6079
f 6004/6004 6005/6005 6079/6079
f 6006/6006 6007/6007 6080/6080
f 6080/6080 6007/6007 6081/6081
f 6007/6007 6008/6008 6081/6081
f 6081/6081 6008/6008 6082/6082
f 6008/6008 6009/6009 6082/6082
f 6009/6009 6011/6011 6082/6082
f 6082/6082 6011/6011 6083/6083
f 6083/6083 6011/6011 6084/6084
f 6012/6012 6013/6013 6085/6085
f 6013/6013 6016/6016 6085/6085
f 6085/6085 6016/6016 6086/6086
f 6016/6016 6020/6020 6086/6086
f 6021/6021 6024/6024 6088/6088
f 6088/6088 6024/6024 6090/6090
f 6025/6025 6029/6029 6089/6089
f 6030/6030 6031/6031 6092/6092
f 6092/6092 6031/6031 6093/6093
f 6032/6032 6034/6034 6095/6095
f 6095/6095 6034/6034 6097/6097
f 6097/6097 6034/6034 6099/6099
f 6033/6033 6036/6036 6098/6098
f 6037/6037 6039/6039 6101/6101
f 6101/6101 6039/6039 6102/6102
f 6104/6104 6040/6040 6106/6106
f 6041/6041 6042/6042 6105/6105
f 6043/6043 6046/6046 6108/6108
f 6046/6046 6047/6047 6108/6108
f 6108/6108 6047/6047 6109/6109
f 6047/6047 6049/6049 6109/6109
f 6111/6111 6048/6048 6113/6113
f 6048/6048 6050/6050 6113/6113
f 6051/6051 6052/6052 6112/6112
f 6113/6113 6053/6053 6114/6114
f 6053/6053 6054/6054 6114/6114
f 6055/6055 6056/6056 6115/6115
f 6115/6115 6056/6056 6116/6116
f 6116/6116 6056/6056 6117/6117
f 6056/6056 6057/6057 6117/6117
f 6057/6057 6058/6058 6117/6117
f 6058/6058 6059/6059 6117/6117
f 6117/6117 6059/6059 6118/6118
f 6118/6118 6059/6059 6119/6119
f 6059/6059 6060/6060 6119/6119
f 6119/6119 6060/6060 6120/6120
f 6120/6120 6060/6060 6121/6121
f 6060/6060 6061/6061 6121/6121
f 6061/6061 6062/6062 6121/6121
f 6062/6062 6063/6063 6121/6121
f 6121/6121 6063/6063 6122/6122
f 6122/6122 6063/6063 6123/6123
f 6063/6063 6064/6064 6123/6123
f 6124/6124 6065/6065 6125/6125
f 6065/6065 6066/6066 6125/6125
f 6125/6125 6066/6066 6126/6126
f 6066/6066 6067/6067 6126/6126
f 6127/6127 6068/6068 6128/6128
f 6068/6068 6069/6069 6128/6128
f 6128/6128 6069/6069 6129/6129
f 6069/6069 6071/6071 6129/6129
f 6071/6071 6072/6072 6129/6129
f 6129/6129 6072/6072 6130/6130
f 6130/6130 6072/6072 6131/6131
f 6072/6072 6074/6074 6131/6131
f 6131/6131 6074/6074 6132/6132
f 6074/6074 6075/6075 6132/6132
f 6132/6132 6075/6075 6133/6133
f 6075/6075 6076/6076 6133/6133
f 6076/6076 6077/6077 6133/6133
f 6133/6133 6077/6077 6134/6134
f 6135/6135 6078/6078 6136/6136
f 6078/6078 6079/6079 6136/6136
f 6080/6080 6081/6081 6137/6137
f 6137/6137 6081/6081 6139/6139
f 6081/6081 6082/6082 6139/6139
f 6139/6139 6082/6082 6141/6141
f 6082/6082 6083/6083 6141/6141
f 6141/6141 6083/6083 6144/6144
f 6144/6144 6083/6083 6146/6146
f 6083/6083 6084/6084 6146/6146
f 6084/6084 6087/6087 6146/6146
f 6088/6088 6090/6090 6145/6145
f 6148/6148 6091/6091 6150/6150
f 6092/6092 6093/6093 6149/6149
f 6151/6151 6094/6094 6152/6152
f 6153/6153 6095/6095 6154/6154
f 6095/6095 6097/6097 6154/6154
f 6096/6096 6100/6100 6156/6156
f 6156/6156 6100/6100 6158/6158
f 6101/6101 6102/6102 6157/6157
f 6158/6158 6103/6103 6162/6162
f 6104/6104 6106/6106 6161/6161
f 6107/6107 6110/6110 6160/6160
f 6111/6111 6113/6113 6159/6159
f 6113/6113 6114/6114 6159/6159
f 6162/6162 6115/6115 6163/6163
f 6163/6163 6115/6115 6164/6164
f 6115/6115 6116/6116 6164/6164
f 6164/6164 6116/6116 6165/6165
f 6116/6116 6117/6117 6165/6165
f 6165/6165 6117/6117 6166/6166
f 6117/6117 6118/6118 6166/6166
f 6118/6118 6119/6119 6166/6166
f 6166/6166 6119/6119 6168/6168
f 6119/6119 6120/6120 6168/6168
f 6168/6168 6120/6120 6170/6170
f 6120/6120 6121/6121 6170/6170
f 6121/6121 6122/6122 6170/6170
f 6170/6170 6122/6122 6172/6172
f 6122/6122 6123/6123 6172/6172
f 6172/6172 6123/6123 6173/6173
f 6124/6124 6125/6125 6175/6175
f 6175/6175 6125/6125 6176/6176
f 6125/6125 6126/6126 6176/6176
f 6127/6127 6128/6128 6177/6177
f 6177/6177 6128/6128 6178/6178
f 6178/6178 6128/6128 6179/6179
f 6128/6128 6129/6129 6179/6179
f 6129/6129 6130/6130 6179/6179
f 6179/6179 6130/6130 6180/6180
f 6180/6180 6130/6130 6181/6181
f 6130/6130 6131/6131 6181/6181
f 6181/6181 6131/6131 6182/6182
f 6131/6131 6132/6132 6182/6182
f 6182/6182 6132/6132 6183/6183
f 6132/6132 6133/6133 6183/6183
f 6133/6133 6134/6134 6183/6183
f 6183/6183 6134/6134 6184/6184
f 6185/6185 6135/6135 6186/6186
f 6135/6135 6136/6136 6186/6186
f 6137/6137 6139/6139 6187/6187
f 6187/6187 6139/6139 6188/6188
f 6138/6138 6140/6140 6189/6189
f 6140/6140 6142/6142 6189/6189
f 6189/6189 6142/6142 6192/6192
f 6143/6143 6147/6147 6191/6191
f 6148/6148 6150/6150 6190/6190
f 6151/6151 6152/6152 6193/6193
f 6193/6193 6152/6152 6195/6195
f 6195/6195 6152/6152 6196/6196
f 6152/6152 6155/6155 6196/6196
f 6156/6156 6158/6158 6197/6197
f 6197/6197 6158/6158 6199/6199
f 6158/6158 6162/6162 6199/6199
f 6162/6162 6163/6163 6199/6199
f 6199/6199 6163/6163 6201/6201
f 6163/6163 6164/6164 6201/6201
f 6201/6201 6164/6164 6202/6202
f 6164/6164 6165/6165 6202/6202
f 6202/6202 6165/6165 6203/6203
f 6165/6165 6166/6166 6203/6203
f 6166/6166 6168/6168 6203/6203
f 6204/6204 6167/6167 6206/6206
f 6167/6167 6169/6169 6206/6206
f 6170/6170 6172/6172 6205/6205
f 6208/6208 6171/6171 6210/6210
f 6172/6172 6173/6173 6209/6209
f 6214/6214 6174/6174 6216/6216
f 6174/6174 6177/6177 6216/6216
f 6177/6177 6178/6178 6216/6216
f 6216/6216 6178/6178 6218/6218
f 6178/6178 6179/6179 6218/6218
f 6218/6218 6179/6179 6219/6219
f 6179/6179 6180/6180 6219/6219
f 6219/6219 6180/6180 6220/6220
f 6221/6221 6220/6220 6222/6222
f 6220/6220 6180/6180 6222/6222
f 6222/6222 6180/6180 6223/6223
f 6180/6180 6181/6181 6223/6223
f 6181/6181 6182/6182 6223/6223
f 6223/6223 6182/6182 6224/6224
f 6182/6182 6183/6183 6224/6224
f 6224/6224 6183/6183 6225/6225
f 6183/6183 6184/6184 6225/6225
f 6225/6225 6184/6184 6227/6227
f 6185/6185 6186/6186 6226/6226
f 6186/6186 6189/6189 6226/6226
f 6189/6189 6192/6192 6226/6226
f 6227/6227 6193/6193 6228/6228
f 6193/6193 6195/6195 6228/6228
f 6228/6228 6195/6195 6229/6229
f 6230/6230 6194/6194 6234/6234
f 6195/6195 6196/6196 6233/6233
f 6197/6197 6199/6199 6232/6232
f 6198/6198 6200/6200 6231/6231
f 6201/6201 6202/6202 6236/6236
f 6236/6236 6202/6202 6238/6238
f 6202/6202 6203/6203 6238/6238
f 6238/6238 6203/6203 6239/6239
f 6203/6203 6207/6207 6239/6239
f 6207/6207 6211/6211 6239/6239
f 6240/6240 6212/6212 6243/6243
f 6213/6213 6215/6215 6242/6242
f 6216/6216 6218/6218 6241/6241
f 6244/6244 6217/6217 6245/6245
f 6218/6218 6219/6219 6246/6246
f 6219/6219 6220/6220 6246/6246
f 6246/6246 6220/6220 6247/6247
f 6220/6220 6221/6221 6247/6247
f 6247/6247 6221/6221 6248/6248
f 6221/6221 6222/6222 6248/6248
f 6222/6222 6223/6223 6248/6248
f 6223/6223 6224/6224 6248/6248
f 6224/6224 6225/6225 6248/6248
f 6248/6248 6225/6225 6249/6249
f 6225/6225 6227/6227 6249/6249
f 6249/6249 6227/6227 6250/6250
f 6227/6227 6228/6228 6250/6250
f 6228/6228 6229/6229 6250/6250
f 6250/6250 6229/6229 6251/6251
f 6229/6229 6235/6235 6251/6251
f 6235/6235 6237/6237 6251/6251
f 6251/6251 6237/6237 6253/6253
f 6237/6237 6240/6240 6253/6253
f 6240/6240 6243/6243 6253/6253
f 6244/6244 6245/6245 6252/6252
f 6246/6246 6247/6247 6253/6253
f 6253/6253 6247/6247 6254/6254
f 6247/6247 6248/6248 6254/6254
f 6248/6248 6249/6249 6254/6254
f 6249/6249 6250/6250 6254/6254
f 6250/6250 6251/6251 6254/6254
f 6253/6253 6254/6254 6251/6251
f 2237/2237 2240/2240 2236/2236
f 1918/1918 1920/1920 1917/1917
f 837/837 839/839 832/832
f 543/543 548/548 542/542

