# https://github.com/mikedh/trimesh
mtllib material.mtl

o Vermilion Arched Garden Bridge Mesh
usemtl Vermilion Arched Garden Bridge Material
v 0.34863281 0.02441406 -0.12207031
v 0.34863281 0.02441406 -0.12207031
v 0.34863281 0.02441406 -0.11425781
v 0.34863281 0.02441406 -0.11425781
v 0.35058594 0.02246094 -0.11816406
v 0.35058594 0.02246094 -0.11621094
v 0.35058594 0.02246094 -0.11425781
v 0.34863281 0.02246094 -0.11230469
v 0.34472656 0.02441406 -0.11230469
v 0.34472656 0.02441406 -0.11230469
v 0.34472656 0.02636719 -0.11621094
v 0.34277344 0.02441406 -0.11816406
v 0.34472656 0.02246094 -0.12207031
v 0.34277344 0.02246094 -0.12207031
v 0.34277344 0.01855469 -0.12207031
v 0.34472656 0.01855469 -0.12207031
v 0.34863281 0.01855469 -0.12207031
v 0.34863281 0.01855469 -0.12207031
v 0.35058594 0.01855469 -0.12011719
v 0.35058594 0.01855469 -0.11621094
v 0.35058594 0.01855469 -0.11425781
v 0.34863281 0.01855469 -0.11035156
v 0.34472656 0.01855469 -0.11035156
v 0.34472656 0.02246094 -0.11035156
v 0.34472656 0.02246094 -0.11035156
v 0.34277344 0.02246094 -0.11230469
v 0.34277344 0.02246094 -0.11230469
v 0.34082031 0.02441406 -0.11621094
v 0.34082031 0.02246094 -0.12011719
v 0.34082031 0.01855469 -0.12011719
v 0.34277344 0.01660156 -0.12207031
v 0.34472656 0.01660156 -0.12207031
v 0.34667969 0.01660156 -0.12011719
v 0.34667969 0.01660156 -0.12011719
v 0.34863281 0.01660156 -0.11816406
v 0.35058594 0.01660156 -0.11621094
v 0.34863281 0.01464844 -0.11425781
v 0.34863281 0.01660156 -0.11425781
v 0.34667969 0.01660156 -0.11230469
v 0.34472656 0.01660156 -0.11035156
v 0.34472656 0.01660156 -0.11035156
v 0.34277344 0.01855469 -0.11035156
v 0.34277344 0.01855469 -0.11035156
v 0.34082031 0.02050781 -0.11425781
v 0.33886719 0.01855469 -0.11621094
v 0.34082031 0.01660156 -0.12011719
v 0.34472656 0.01464844 -0.12011719
v 0.34472656 0.01464844 -0.12011719
v 0.34863281 0.01464844 -0.11816406
v 0.34472656 0.01464844 -0.11425781
v 0.34472656 0.01464844 -0.11425781
v 0.34277344 0.01660156 -0.11230469
v 0.34082031 0.01660156 -0.11425781
v 0.34277344 0.01464844 -0.11621094
v 0.34277344 0.01464844 -0.11621094
v 0.34277344 0.01464844 -0.11425781
v 0.09667969 0.00683594 -0.12011719
v 0.10058594 0.04589844 -0.11816406
v 0.10058594 0.00488281 -0.11816406
v 0.10058594 0.00488281 -0.11816406
v 0.10058594 0.00488281 -0.10839844
v 0.10058594 0.04394531 -0.10839844
v 0.10058594 0.04394531 -0.10839844
v 0.08496094 0.04589844 -0.12011719
v 0.08496094 0.04589844 -0.12011719
v 0.08496094 0.00878906 -0.12011719
v 0.09472657 0.00683594 -0.10644531
v 0.09472657 0.00683594 -0.10644531
v 0.09472657 0.04199219 -0.10644531
v 0.08496094 0.04589844 -0.10839844
v 0.08300782 0.04785156 -0.11816406
v 0.08300782 0.04785156 -0.11816406
v 0.08300782 0.04785156 -0.10839844
v 0.08300782 0.00878906 -0.11816406
v 0.08300782 0.00878906 -0.11816406
v 0.08300782 0.00878906 -0.10839844
v 0.03808594 0.01660156 -0.10839844
v 0.03808594 0.01660156 -0.11816406
v 0.03808594 0.01660156 -0.11816406
v 0.03808594 0.05371094 -0.10839844
v 0.03808594 0.05371094 -0.10839844
v 0.04003907 0.05957031 -0.10839844
v 0.04003907 0.05957031 -0.11816406
v 0.04003907 0.09863281 -0.10839844
v 0.04003907 0.09863281 -0.10839844
v 0.04003907 0.09863281 -0.11816406
v 0.04003907 0.09863281 -0.11816406
v 0.02441407 0.10058594 -0.10839844
v 0.02441407 0.10058594 -0.10839844
v 0.02246094 0.10058594 -0.11816406
v 0.02246094 0.10058594 -0.11816406
v 0.02246094 0.10058594 -0.10839844
v 0.02246094 0.06152344 -0.10839844
v 0.02246094 0.06152344 -0.10839844
v 0.02246094 0.06152344 -0.10839844
v 0.02246094 0.06152344 -0.11816406
v 0.03808594 0.05957031 -0.12011719
v 0.03808594 0.05566406 -0.11816406
v 0.03613282 0.01855469 -0.12011719
v 0.03613282 0.01855469 -0.12011719
v 0.02441407 0.01855469 -0.12011719
v 0.03417969 0.01660156 -0.10644531
v 0.03417969 0.01660156 -0.10644531
v 0.03417969 0.05371094 -0.10644531
v 0.02441407 0.05371094 -0.10839844
v 0.02246094 0.05761719 -0.10839844
v 0.02246094 0.05957031 -0.11816406
v 0.02246094 0.05957031 -0.11816406
v 0.02246094 0.05957031 -0.11816406
v 0.02246094 0.01855469 -0.11816406
v 0.02246094 0.01855469 -0.10839844
v 0.02246094 0.01855469 -0.10839844
v 0.49121094 -0.01464844 -0.12207031
v 0.49121094 -0.01074219 -0.12207031
v 0.49511719 -0.01464844 -0.12011719
v 0.49316406 -0.01074219 -0.11425781
v 0.49316406 -0.01074219 -0.11425781
v 0.49511719 -0.01464844 -0.11425781
v 0.49511719 -0.01464844 -0.11425781
v 0.49511719 -0.01269531 -0.11621094
v 0.49316406 -0.01660156 -0.11816406
v 0.49316406 -0.01660156 -0.11816406
v 0.49316406 -0.02050781 -0.11621094
v 0.49316406 -0.01660156 -0.11425781
v 0.49316406 -0.01660156 -0.11425781
v 0.49121094 -0.01660156 -0.11230469
v 0.49121094 -0.01464844 -0.11035156
v 0.48925781 -0.01074219 -0.11035156
v 0.48925781 -0.01464844 -0.11035156
v 0.49121094 -0.01074219 -0.11230469
v 0.49316406 -0.00878906 -0.11425781
v 0.49316406 -0.00878906 -0.11425781
v 0.49316406 -0.01074219 -0.11816406
v 0.48925781 -0.00878906 -0.12207031
v 0.48925781 -0.01464844 -0.12207031
v 0.48925781 -0.01660156 -0.12207031
v 0.49121094 -0.01660156 -0.12011719
v 0.49121094 -0.02050781 -0.11816406
v 0.49121094 -0.02050781 -0.11816406
v 0.48925781 -0.02050781 -0.11425781
v 0.48925781 -0.01660156 -0.11035156
v 0.48730469 -0.01464844 -0.11035156
v 0.48730469 -0.01074219 -0.11230469
v 0.48925781 -0.00878906 -0.11230469
v 0.48925781 -0.00683594 -0.11621094
v 0.48925781 -0.00683594 -0.11621094
v 0.48730469 -0.00878906 -0.11816406
v 0.48730469 -0.00878906 -0.11816406
v 0.48730469 -0.01074219 -0.12207031
v 0.48730469 -0.01464844 -0.12207031
v 0.48730469 -0.01660156 -0.12207031
v 0.48730469 -0.02050781 -0.12011719
v 0.48730469 -0.02050781 -0.12011719
v 0.48730469 -0.02050781 -0.11621094
v 0.48730469 -0.01660156 -0.11230469
v 0.48535156 -0.01464844 -0.11230469
v 0.48535156 -0.00878906 -0.11425781
v 0.48535156 -0.01074219 -0.11621094
v 0.48535156 -0.01074219 -0.12011719
v 0.48535156 -0.01074219 -0.12011719
v 0.48535156 -0.01660156 -0.12011719
v 0.48535156 -0.01660156 -0.12011719
v 0.48535156 -0.01660156 -0.11621094
v 0.48535156 -0.01660156 -0.11425781
v 0.48339844 -0.01464844 -0.11621094
v 0.49902344 -0.02441406 -0.11621094
v 0.49511719 -0.02050781 -0.12011719
v 0.49511719 -0.02050781 -0.11230469
v 0.48925781 -0.01855469 -0.11621094
v 0.49121094 -0.02050781 -0.11035156
v 0.48925781 -0.02246094 -0.10839844
v 0.48730469 -0.02050781 -0.10839844
v 0.48144531 -0.02246094 -0.11621094
v 0.48925781 -0.02050781 -0.12402344
v 0.49316406 -0.02441406 -0.12402344
v 0.48925781 -0.02636719 -0.12597656
v 0.49707031 -0.02636719 -0.12207031
v 0.49316406 -0.02832031 -0.12207031
v 0.49316406 -0.02832031 -0.12207031
v 0.49707031 -0.02832031 -0.11816406
v 0.49707031 -0.02636719 -0.11230469
v 0.49316406 -0.02441406 -0.10839844
v 0.48925781 -0.02441406 -0.10644531
v 0.48535156 -0.02441406 -0.10839844
v 0.48144531 -0.02441406 -0.11230469
v 0.48144531 -0.02636719 -0.11621094
v 0.48339844 -0.02441406 -0.12402344
v 0.48535156 -0.02636719 -0.12402344
v 0.48535156 -0.02832031 -0.12207031
v 0.48535156 -0.02832031 -0.12207031
v 0.48925781 -0.02832031 -0.12402344
v 0.48925781 -0.02832031 -0.12402344
v 0.48925781 -0.03027344 -0.12597656
v 0.48925781 -0.03222656 -0.12597656
v 0.49511719 -0.03027344 -0.12402344
v 0.49511719 -0.02832031 -0.11816406
v 0.49511719 -0.02832031 -0.11816406
v 0.49511719 -0.02832031 -0.11816406
v 0.49511719 -0.02832031 -0.11230469
v 0.49511719 -0.02832031 -0.11230469
v 0.49707031 -0.02832031 -0.11425781
v 0.49316406 -0.02832031 -0.11035156
v 0.49316406 -0.02832031 -0.11035156
v 0.48925781 -0.02832031 -0.10839844
v 0.48535156 -0.02832031 -0.11035156
v 0.48339844 -0.02832031 -0.11230469
v 0.48339844 -0.02832031 -0.11621094
v 0.48339844 -0.02832031 -0.12011719
v 0.48339844 -0.02832031 -0.12011719
v 0.48339844 -0.03027344 -0.12207031
v 0.48535156 -0.03027344 -0.12597656
v 0.48339844 -0.03417969 -0.12597656
v 0.48535156 -0.03808594 -0.12402344
v 0.49121094 -0.03808594 -0.12597656
v 0.49511719 -0.03417969 -0.12597656
v 0.49511719 -0.03417969 -0.12597656
v 0.49707031 -0.03808594 -0.12207031
v 0.49707031 -0.03808594 -0.12207031
v 0.49902344 -0.03417969 -0.11816406
v 0.49902344 -0.03417969 -0.11621094
v 0.49902344 -0.03027344 -0.11816406
v 0.49902344 -0.03027344 -0.11816406
v 0.49511719 -0.03027344 -0.10839844
v 0.48925781 -0.03027344 -0.10839844
v 0.48925781 -0.03027344 -0.10839844
v 0.48339844 -0.03027344 -0.11035156
v 0.48339844 -0.03027344 -0.11035156
v 0.48339844 -0.03027344 -0.11035156
v 0.48144531 -0.03027344 -0.11621094
v 0.48144531 -0.03027344 -0.11621094
v 0.48144531 -0.03222656 -0.12207031
v 0.48144531 -0.03417969 -0.12207031
v 0.48144531 -0.03808594 -0.12011719
v 0.48144531 -0.03808594 -0.11621094
v 0.49316406 -0.03808594 -0.12402344
v 0.49707031 -0.03808594 -0.12011719
v 0.49707031 -0.03808594 -0.12011719
v 0.49902344 -0.03808594 -0.11621094
v 0.49902344 -0.03417969 -0.11230469
v 0.49707031 -0.03417969 -0.10839844
v 0.49316406 -0.03417969 -0.10644531
v 0.48925781 -0.03027344 -0.10644531
v 0.48339844 -0.03027344 -0.10839844
v 0.48339844 -0.03027344 -0.10839844
v 0.48144531 -0.03222656 -0.11621094
v 0.47949219 -0.03417969 -0.11621094
v 0.48339844 -0.03808594 -0.11230469
v 0.48339844 -0.03808594 -0.11230469
v 0.49511719 -0.03808594 -0.11035156
v 0.49121094 -0.03808594 -0.10644531
v 0.48925781 -0.03222656 -0.10644531
v 0.48339844 -0.03417969 -0.10839844
v 0.48144531 -0.03417969 -0.11230469
v 0.48144531 -0.03417969 -0.11230469
v 0.48535156 -0.03808594 -0.10839844
v 0.49902344 -0.04003906 -0.12988281
v 0.49902344 -0.03808594 -0.12792969
v 0.49902344 -0.04003906 -0.10253906
v 0.49902344 -0.03808594 -0.10449219
v 0.48144531 -0.03808594 -0.10449219
v 0.48144531 -0.03808594 -0.10449219
v 0.48144531 -0.03808594 -0.12792969
v 0.48144531 -0.03808594 -0.12792969
v 0.47949219 -0.04003906 -0.12988281
v 0.47949219 -0.04003906 -0.12988281
v 0.49902344 -0.11425781 -0.12988281
v 0.47949219 -0.11425781 -0.12988281
v 0.47949219 -0.11425781 -0.12988281
v 0.47949219 -0.11425781 -0.10253906
v 0.49902344 -0.11425781 -0.10253906
v 0.49902344 -0.11425781 -0.10253906
v 0.47949219 -0.04003906 -0.10253906
v 0.47949219 -0.04003906 -0.10253906
v 0.34082031 0.00097656 -0.12792969
v 0.34082031 0.00097656 -0.12792969
v 0.34472656 -0.00292969 -0.12792969
v 0.34082031 -0.00292969 -0.12402344
v 0.34667969 -0.00292969 -0.12597656
v 0.34472656 -0.00097656 -0.12792969
v 0.34472656 0.00292969 -0.12792969
v 0.34472656 0.00292969 -0.12792969
v 0.34863281 0.01269531 -0.12402344
v 0.34472656 0.01464844 -0.11621094
v 0.34472656 0.01464844 -0.11621094
v 0.35253906 0.01269531 -0.11230469
v 0.34863281 0.01269531 -0.11035156
v 0.34863281 0.01269531 -0.11035156
v 0.34277344 0.01269531 -0.10839844
v 0.33691406 0.01269531 -0.11621094
v 0.34277344 0.01269531 -0.12402344
v 0.34277344 0.01269531 -0.12402344
v 0.34472656 0.00878906 -0.12597656
v 0.35058594 0.00878906 -0.12402344
v 0.35058594 0.00683594 -0.12207031
v 0.35058594 0.00683594 -0.12402344
v 0.35449219 0.00878906 -0.12011719
v 0.35449219 0.00878906 -0.11621094
v 0.35449219 0.00878906 -0.11230469
v 0.35058594 0.00878906 -0.10839844
v 0.34472656 0.00878906 -0.10644531
v 0.34472656 0.00878906 -0.10644531
v 0.34082031 0.00878906 -0.10839844
v 0.33691406 0.00878906 -0.11230469
v 0.33496094 0.00878906 -0.11621094
v 0.34082031 0.00878906 -0.12402344
v 0.34082031 0.00878906 -0.12402344
v 0.34277344 0.00683594 -0.12402344
v 0.34472656 0.00683594 -0.12402344
v 0.35058594 0.00488281 -0.12402344
v 0.35449219 0.00488281 -0.12011719
v 0.35253906 0.00683594 -0.11621094
v 0.35253906 0.00683594 -0.11425781
v 0.35058594 0.00683594 -0.11035156
v 0.34667969 0.00683594 -0.10839844
v 0.34667969 0.00683594 -0.10839844
v 0.34082031 0.00683594 -0.11035156
v 0.33886719 0.00683594 -0.11230469
v 0.33886719 0.00683594 -0.11621094
v 0.33886719 0.00683594 -0.12011719
v 0.33886719 0.00683594 -0.12011719
v 0.34082031 0.00488281 -0.12402344
v 0.34082031 0.00488281 -0.12402344
v 0.34472656 0.00488281 -0.12597656
v 0.35058594 0.00292969 -0.12402344
v 0.35644531 0.00292969 -0.11621094
v 0.35449219 -0.00292969 -0.11230469
v 0.35644531 -0.00097656 -0.11621094
v 0.35644531 0.00097656 -0.11230469
v 0.35644531 0.00097656 -0.11621094
v 0.35449219 0.00488281 -0.11425781
v 0.35058594 0.00292969 -0.10839844
v 0.35058594 0.00292969 -0.10839844
v 0.34472656 0.00488281 -0.10839844
v 0.34472656 0.00488281 -0.10839844
v 0.34082031 0.00488281 -0.10839844
v 0.33691406 0.00488281 -0.11230469
v 0.33496094 0.00488281 -0.11621094
v 0.33691406 0.00292969 -0.11621094
v 0.33886719 0.00292969 -0.12207031
v 0.33886719 0.00292969 -0.12207031
v 0.33691406 0.00097656 -0.12402344
v 0.33886719 -0.00292969 -0.12207031
v 0.33496094 -0.00097656 -0.12207031
v 0.33691406 -0.00292969 -0.12011719
v 0.33691406 -0.00292969 -0.11621094
v 0.34863281 -0.00292969 -0.12402344
v 0.34863281 -0.00292969 -0.12402344
v 0.35253906 0.00097656 -0.12597656
v 0.35253906 0.00097656 -0.12597656
v 0.35644531 0.00097656 -0.12207031
v 0.35449219 -0.00292969 -0.12011719
v 0.35253906 -0.00292969 -0.11035156
v 0.35449219 0.00097656 -0.10839844
v 0.35058594 0.00097656 -0.10644531
v 0.35058594 0.00097656 -0.10644531
v 0.34472656 -0.00097656 -0.10449219
v 0.34472656 0.00292969 -0.10644531
v 0.33886719 0.00292969 -0.11035156
v 0.33300781 0.00097656 -0.11621094
v 0.33496094 -0.00097656 -0.11230469
v 0.33691406 -0.00292969 -0.11230469
v 0.35253906 -0.00292969 -0.12207031
v 0.35253906 -0.00292969 -0.12207031
v 0.34863281 -0.00292969 -0.10839844
v 0.34863281 -0.00292969 -0.10839844
v 0.34472656 -0.00292969 -0.10644531
v 0.34082031 0.00097656 -0.10644531
v 0.33691406 0.00097656 -0.10839844
v 0.33886719 -0.00292969 -0.11035156
v 0.34082031 -0.00292969 -0.10839844
v 0.49121094 -0.04589844 -0.12402344
v 0.49121094 -0.04589844 -0.12402344
v 0.44042969 -0.04394531 -0.12011719
v 0.44042969 -0.04394531 -0.12011719
v 0.44042969 -0.04394531 -0.12011719
v 0.49121094 -0.04199219 -0.12011719
v 0.49121094 -0.04199219 -0.11230469
v 0.49121094 -0.04199219 -0.11230469
v 0.49121094 -0.04589844 -0.10839844
v 0.44042969 -0.04394531 -0.11230469
v 0.39160156 -0.04003906 -0.11230469
v 0.39160156 -0.04003906 -0.11230469
v 0.34082031 -0.02441406 -0.11230469
v 0.39160156 -0.04003906 -0.12011719
v 0.39160156 -0.04003906 -0.12011719
v 0.39160156 -0.04003906 -0.12011719
v 0.44042969 -0.04785156 -0.12402344
v 0.49121094 -0.05175781 -0.12011719
v 0.49121094 -0.05175781 -0.12011719
v 0.49121094 -0.05175781 -0.11230469
v 0.49121094 -0.05175781 -0.11230469
v 0.44042969 -0.04785156 -0.10839844
v 0.39160156 -0.04394531 -0.10839844
v 0.39160156 -0.04394531 -0.10839844
v 0.39160156 -0.04394531 -0.10839844
v 0.34082031 -0.02832031 -0.11035156
v 0.34082031 -0.02832031 -0.11035156
v 0.34082031 -0.02441406 -0.12011719
v 0.34082031 -0.02441406 -0.12011719
v 0.34082031 -0.02832031 -0.12402344
v 0.34082031 -0.02832031 -0.12402344
v 0.39160156 -0.04394531 -0.12402344
v 0.39160156 -0.04394531 -0.12402344
v 0.39160156 -0.04394531 -0.12402344
v 0.44042969 -0.05566406 -0.12011719
v 0.44042969 -0.05566406 -0.11230469
v 0.39160156 -0.04980469 -0.11230469
v 0.39160156 -0.04980469 -0.11230469
v 0.34082031 -0.03613281 -0.11230469
v 0.34082031 -0.03613281 -0.12011719
v 0.39160156 -0.04980469 -0.12011719
v 0.39160156 -0.04980469 -0.12011719
v 0.49121094 -0.10644531 -0.12402344
v 0.49121094 -0.10644531 -0.12402344
v 0.44042969 -0.10644531 -0.12011719
v 0.44042969 -0.10644531 -0.12011719
v 0.44042969 -0.10644531 -0.12011719
v 0.49121094 -0.10253906 -0.12011719
v 0.49121094 -0.10253906 -0.11230469
v 0.49121094 -0.10253906 -0.11230469
v 0.49121094 -0.10644531 -0.10839844
v 0.44042969 -0.10644531 -0.11230469
v 0.44042969 -0.10644531 -0.11230469
v 0.44042969 -0.10644531 -0.11230469
v 0.39160156 -0.10058594 -0.11230469
v 0.39160156 -0.10058594 -0.11230469
v 0.39160156 -0.10058594 -0.11230469
v 0.39160156 -0.10058594 -0.11230469
v 0.39160156 -0.10058594 -0.12011719
v 0.39160156 -0.10058594 -0.12011719
v 0.39160156 -0.10058594 -0.12011719
v 0.39160156 -0.10058594 -0.12011719
v 0.44042969 -0.11035156 -0.12402344
v 0.49121094 -0.11425781 -0.12011719
v 0.49121094 -0.11425781 -0.12011719
v 0.49121094 -0.11425781 -0.11230469
v 0.44042969 -0.11035156 -0.10839844
v 0.39160156 -0.10449219 -0.10839844
v 0.39160156 -0.10449219 -0.10839844
v 0.39160156 -0.10449219 -0.10839844
v 0.34082031 -0.08886719 -0.10839844
v 0.34082031 -0.08886719 -0.10839844
v 0.34082031 -0.08496094 -0.11230469
v 0.34082031 -0.08496094 -0.11230469
v 0.34082031 -0.08496094 -0.12011719
v 0.34082031 -0.08886719 -0.12402344
v 0.34082031 -0.08886719 -0.12402344
v 0.39160156 -0.10449219 -0.12402344
v 0.39160156 -0.10449219 -0.12402344
v 0.39160156 -0.10449219 -0.12402344
v 0.39160156 -0.10449219 -0.12402344
v 0.44042969 -0.11621094 -0.12011719
v 0.44042969 -0.11621094 -0.11230469
v 0.39160156 -0.11035156 -0.11230469
v 0.34082031 -0.09667969 -0.11230469
v 0.34082031 -0.09667969 -0.11230469
v 0.34082031 -0.09667969 -0.12011719
v 0.34082031 -0.09667969 -0.12011719
v 0.39160156 -0.11035156 -0.12011719
v 0.39160156 -0.11035156 -0.12011719
v 0.39160156 -0.11035156 -0.12011719
v 0.33300781 -0.10253906 -0.12988281
v 0.33300781 -0.10253906 -0.12988281
v 0.33300781 -0.00488281 -0.12988281
v 0.33300781 -0.00488281 -0.12988281
v 0.35839844 -0.10253906 -0.12988281
v 0.35839844 -0.10253906 -0.12988281
v 0.35839844 -0.00488281 -0.12988281
v 0.35644531 -0.00292969 -0.12792969
v 0.33496094 -0.00292969 -0.12792969
v 0.35644531 -0.00292969 -0.10449219
v 0.33496094 -0.00292969 -0.10449219
v 0.33300781 -0.00488281 -0.10253906
v 0.33300781 -0.00488281 -0.10253906
v 0.33300781 -0.10253906 -0.10253906
v 0.33300781 -0.10253906 -0.10253906
v 0.35839844 -0.10253906 -0.10253906
v 0.35839844 -0.10253906 -0.10253906
v 0.35839844 -0.00488281 -0.10253906
v 0.35839844 -0.00488281 -0.10253906
v 0.25683594 0.03222656 -0.11816406
v 0.25683594 0.03222656 -0.11816406
v 0.25683594 -0.00488281 -0.11816406
v 0.25488281 -0.00292969 -0.12011719
v 0.25488281 -0.00292969 -0.12011719
v 0.25488281 -0.00292969 -0.12011719
v 0.25683594 -0.01074219 -0.11816406
v 0.25683594 -0.01074219 -0.11816406
v 0.25292969 -0.04394531 -0.12011719
v 0.25683594 -0.04394531 -0.11816406
v 0.25683594 -0.04394531 -0.10839844
v 0.25683594 -0.01074219 -0.10839844
v 0.25683594 -0.01074219 -0.10839844
v 0.25683594 -0.00488281 -0.10839844
v 0.25683594 0.03222656 -0.10839844
v 0.25683594 0.03222656 -0.10839844
v 0.24121094 0.03808594 -0.10839844
v 0.23730469 0.03808594 -0.10839844
v 0.23730469 0.03808594 -0.11816406
v 0.23730469 0.00097656 -0.11816406
v 0.23925781 -0.00683594 -0.12011719
v 0.23925781 -0.04199219 -0.12011719
v 0.23925781 -0.04199219 -0.12011719
v 0.25097656 -0.04199219 -0.10644531
v 0.25097656 -0.04199219 -0.10644531
v 0.25097656 -0.00683594 -0.10644531
v 0.25097656 -0.00683594 -0.10644531
v 0.25097656 -0.00683594 -0.10644531
v 0.24121094 0.00097656 -0.10839844
v 0.23730469 -0.00097656 -0.10839844
v 0.23730469 -0.00488281 -0.11816406
v 0.23730469 -0.04003906 -0.11816406
v 0.23730469 -0.04199219 -0.10839844
v 0.17285156 0.02636719 -0.10839844
v 0.17285156 0.02636719 -0.11816406
v 0.17285156 0.02636719 -0.11816406
v 0.17285156 0.06542969 -0.10839844
v 0.17285156 0.06542969 -0.11816406
v 0.17285156 0.06542969 -0.11816406
v 0.15332031 0.06933594 -0.10839844
v 0.15332031 0.06933594 -0.10839844
v 0.15332031 0.06933594 -0.11816406
v 0.15332031 0.06933594 -0.11816406
v 0.15527344 0.06738281 -0.12011719
v 0.17089844 0.02832031 -0.12011719
v 0.17285156 0.02050781 -0.11816406
v 0.17285156 0.02050781 -0.11816406
v 0.17285156 -0.01660156 -0.11816406
v 0.17285156 -0.01660156 -0.11816406
v 0.17285156 0.02050781 -0.10839844
v 0.17089844 0.02050781 -0.10839844
v 0.17089844 0.02636719 -0.10839844
v 0.15332031 0.03027344 -0.10839844
v 0.15332031 0.03027344 -0.11816406
v 0.15332031 0.03027344 -0.11816406
v 0.15527344 0.02441406 -0.12011719
v 0.17089844 -0.01464844 -0.12011719
v 0.17285156 -0.01660156 -0.10839844
v 0.17285156 -0.01660156 -0.10839844
v 0.17089844 -0.01464844 -0.10839844
v 0.15527344 0.02246094 -0.10839844
v 0.15332031 0.02441406 -0.10839844
v 0.15332031 0.02441406 -0.11816406
v 0.15332031 0.02441406 -0.11816406
v 0.15332031 -0.01269531 -0.11816406
v 0.15332031 -0.01269531 -0.11816406
v 0.15332031 -0.01269531 -0.10839844
v 0.34863281 0.02441406 0.11425781
v 0.34863281 0.02441406 0.12207031
v 0.35058594 0.02246094 0.11621094
v 0.35058594 0.02246094 0.11816406
v 0.35058594 0.02246094 0.12207031
v 0.34863281 0.02246094 0.12402344
v 0.34472656 0.02246094 0.12402344
v 0.34472656 0.02246094 0.12402344
v 0.34472656 0.02441406 0.12207031
v 0.34472656 0.02636719 0.11816406
v 0.34277344 0.02441406 0.11621094
v 0.34472656 0.02246094 0.11425781
v 0.34472656 0.01855469 0.11230469
v 0.34863281 0.01855469 0.11425781
v 0.35058594 0.01855469 0.11621094
v 0.35058594 0.01855469 0.11816406
v 0.35058594 0.01855469 0.12207031
v 0.35058594 0.01855469 0.12207031
v 0.34863281 0.01855469 0.12402344
v 0.34863281 0.01855469 0.12402344
v 0.34472656 0.01855469 0.12402344
v 0.34472656 0.01855469 0.12402344
v 0.34277344 0.01855469 0.12402344
v 0.34277344 0.02246094 0.12402344
v 0.34277344 0.02246094 0.12402344
v 0.34082031 0.02441406 0.12011719
v 0.34082031 0.02441406 0.12011719
v 0.34082031 0.02246094 0.11621094
v 0.34082031 0.02246094 0.11621094
v 0.34277344 0.02246094 0.11425781
v 0.34277344 0.02246094 0.11425781
v 0.34277344 0.01855469 0.11425781
v 0.34277344 0.01855469 0.11425781
v 0.34472656 0.01660156 0.11425781
v 0.34472656 0.01660156 0.11425781
v 0.34667969 0.01660156 0.11425781
v 0.34667969 0.01660156 0.11425781
v 0.34863281 0.01660156 0.11621094
v 0.34863281 0.01660156 0.11621094
v 0.34863281 0.01464844 0.11621094
v 0.35058594 0.01660156 0.11816406
v 0.35058594 0.01660156 0.11816406
v 0.34863281 0.01660156 0.12207031
v 0.34863281 0.01660156 0.12207031
v 0.34667969 0.01660156 0.12207031
v 0.34472656 0.01660156 0.12402344
v 0.34277344 0.01660156 0.12402344
v 0.34082031 0.02050781 0.12207031
v 0.33886719 0.01855469 0.11816406
v 0.34082031 0.01855469 0.11621094
v 0.34277344 0.01660156 0.11425781
v 0.34472656 0.01464844 0.11621094
v 0.34863281 0.01464844 0.12011719
v 0.34472656 0.01464844 0.12207031
v 0.34082031 0.01660156 0.12207031
v 0.34082031 0.01660156 0.11816406
v 0.34082031 0.01660156 0.11621094
v 0.34277344 0.01464844 0.11621094
v 0.34277344 0.01464844 0.11816406
v 0.10058594 0.00488281 0.12011719
v 0.10058594 0.00488281 0.11230469
v 0.10058594 0.00488281 0.11230469
v 0.10058594 0.04394531 0.12011719
v 0.10058594 0.04394531 0.12011719
v 0.10058594 0.04589844 0.11230469
v 0.09667969 0.00683594 0.11035156
v 0.09667969 0.04589844 0.11035156
v 0.08496094 0.04589844 0.11035156
v 0.08496094 0.00878906 0.11035156
v 0.09472657 0.00683594 0.12207031
v 0.09472657 0.00683594 0.12207031
v 0.09472657 0.04394531 0.12207031
v 0.09472657 0.04394531 0.12207031
v 0.08496094 0.04589844 0.12207031
v 0.08496094 0.04589844 0.12207031
v 0.08300782 0.04785156 0.11230469
v 0.08300782 0.04785156 0.12011719
v 0.08300782 0.04785156 0.12011719
v 0.08300782 0.00878906 0.11230469
v 0.08300782 0.00878906 0.11230469
v 0.08300782 0.00878906 0.12011719
v 0.04003907 0.05957031 0.12011719
v 0.04003907 0.05957031 0.11230469
v 0.04003907 0.09863281 0.12011719
v 0.04003907 0.09863281 0.12011719
v 0.04003907 0.09863281 0.11230469
v 0.04003907 0.09863281 0.11230469
v 0.02246094 0.10058594 0.12011719
v 0.02246094 0.10058594 0.11230469
v 0.02246094 0.10058594 0.11230469
v 0.03808594 0.05957031 0.11035156
v 0.03808594 0.05566406 0.11230469
v 0.03613282 0.01855469 0.11035156
v 0.03613282 0.01855469 0.11035156
v 0.03808594 0.01660156 0.11230469
v 0.03808594 0.01660156 0.11230469
v 0.03808594 0.01660156 0.12011719
v 0.03808594 0.05371094 0.12011719
v 0.03808594 0.05371094 0.12011719
v 0.03808594 0.06152344 0.12207031
v 0.02441407 0.10058594 0.12207031
v 0.02441407 0.10058594 0.12207031
v 0.02246094 0.06152344 0.12011719
v 0.02246094 0.06152344 0.12011719
v 0.02246094 0.06152344 0.12011719
v 0.02246094 0.06152344 0.11230469
v 0.02441407 0.05761719 0.11035156
v 0.02441407 0.05761719 0.11035156
v 0.02441407 0.05761719 0.11035156
v 0.02441407 0.01855469 0.11035156
v 0.03417969 0.01660156 0.12207031
v 0.03417969 0.01660156 0.12207031
v 0.03417969 0.05371094 0.12207031
v 0.02441407 0.05566406 0.12207031
v 0.02246094 0.05761719 0.12011719
v 0.02246094 0.05761719 0.11230469
v 0.02246094 0.05761719 0.11230469
v 0.02246094 0.01855469 0.11230469
v 0.02246094 0.01855469 0.11230469
v 0.02246094 0.01855469 0.12011719
v 0.02246094 0.01855469 0.12011719
v 0.49316406 -0.01074219 0.12011719
v 0.49511719 -0.01464844 0.12207031
v 0.49511719 -0.01269531 0.11816406
v 0.49121094 -0.01074219 0.11425781
v 0.49511719 -0.01464844 0.11621094
v 0.49121094 -0.01464844 0.11230469
v 0.49121094 -0.01660156 0.11425781
v 0.49316406 -0.01660156 0.11621094
v 0.49316406 -0.02050781 0.12011719
v 0.49316406 -0.01660156 0.12011719
v 0.49121094 -0.01660156 0.12207031
v 0.49121094 -0.01464844 0.12402344
v 0.49121094 -0.01464844 0.12402344
v 0.48925781 -0.01074219 0.12402344
v 0.48925781 -0.01464844 0.12402344
v 0.49121094 -0.01074219 0.12402344
v 0.49121094 -0.01074219 0.12402344
v 0.49316406 -0.00878906 0.12011719
v 0.49316406 -0.00878906 0.12011719
v 0.49316406 -0.01074219 0.11621094
v 0.48925781 -0.00878906 0.11425781
v 0.48925781 -0.01464844 0.11230469
v 0.48925781 -0.01660156 0.11230469
v 0.48925781 -0.02050781 0.11425781
v 0.49121094 -0.02050781 0.11621094
v 0.48925781 -0.02050781 0.12207031
v 0.48925781 -0.01660156 0.12402344
v 0.48925781 -0.01660156 0.12402344
v 0.48730469 -0.01464844 0.12402344
v 0.48730469 -0.01464844 0.12402344
v 0.48730469 -0.01074219 0.12402344
v 0.48925781 -0.00878906 0.12207031
v 0.48925781 -0.00683594 0.11816406
v 0.48925781 -0.00683594 0.11816406
v 0.48730469 -0.00878906 0.11621094
v 0.48730469 -0.01074219 0.11425781
v 0.48730469 -0.01464844 0.11230469
v 0.48730469 -0.01660156 0.11425781
v 0.48730469 -0.02050781 0.11621094
v 0.48730469 -0.02050781 0.12011719
v 0.48730469 -0.01660156 0.12207031
v 0.48535156 -0.01464844 0.12207031
v 0.48535156 -0.01464844 0.12207031
v 0.48535156 -0.01074219 0.12011719
v 0.48535156 -0.00878906 0.12011719
v 0.48535156 -0.00878906 0.12011719
v 0.48535156 -0.01074219 0.11621094
v 0.48535156 -0.01464844 0.11621094
v 0.48535156 -0.01660156 0.11621094
v 0.48535156 -0.01660156 0.11816406
v 0.48535156 -0.01660156 0.12011719
v 0.48339844 -0.01464844 0.11816406
v 0.48339844 -0.01464844 0.11816406
v 0.48535156 -0.03808594 0.11035156
v 0.48339844 -0.03417969 0.10839844
v 0.49121094 -0.03808594 0.10839844
v 0.48925781 -0.03222656 0.10839844
v 0.49902344 -0.02441406 0.11816406
v 0.49902344 -0.02441406 0.11816406
v 0.49511719 -0.02050781 0.11425781
v 0.49511719 -0.02050781 0.11425781
v 0.49511719 -0.02050781 0.12207031
v 0.48925781 -0.01855469 0.11816406
v 0.49121094 -0.02050781 0.12597656
v 0.48925781 -0.02246094 0.12597656
v 0.48730469 -0.02050781 0.12597656
v 0.48144531 -0.02246094 0.11816406
v 0.48925781 -0.02050781 0.11035156
v 0.48925781 -0.02050781 0.11035156
v 0.49316406 -0.02441406 0.11035156
v 0.48925781 -0.02636719 0.10839844
v 0.49707031 -0.02636719 0.11425781
v 0.49707031 -0.02636719 0.11425781
v 0.49707031 -0.02832031 0.11621094
v 0.49316406 -0.02832031 0.11230469
v 0.49316406 -0.02832031 0.11230469
v 0.49511719 -0.03027344 0.11035156
v 0.49511719 -0.02832031 0.11621094
v 0.49511719 -0.02832031 0.11621094
v 0.49707031 -0.02832031 0.12207031
v 0.49707031 -0.02636719 0.12207031
v 0.49316406 -0.02441406 0.12597656
v 0.48925781 -0.02441406 0.12792969
v 0.48535156 -0.02441406 0.12597656
v 0.48144531 -0.02441406 0.12207031
v 0.48144531 -0.02636719 0.11816406
v 0.48339844 -0.02441406 0.11035156
v 0.48339844 -0.02441406 0.11035156
v 0.48535156 -0.02636719 0.11035156
v 0.48535156 -0.02832031 0.11230469
v 0.48925781 -0.02832031 0.11035156
v 0.48925781 -0.03027344 0.11035156
v 0.48925781 -0.03027344 0.10839844
v 0.48535156 -0.03027344 0.11035156
v 0.48144531 -0.03417969 0.11425781
v 0.48144531 -0.03808594 0.11425781
v 0.49316406 -0.03808594 0.11035156
v 0.49511719 -0.03417969 0.10839844
v 0.49902344 -0.03027344 0.11621094
v 0.49511719 -0.02832031 0.12207031
v 0.49511719 -0.02832031 0.12207031
v 0.49316406 -0.02832031 0.12597656
v 0.49316406 -0.02832031 0.12597656
v 0.48925781 -0.02832031 0.12597656
v 0.48535156 -0.02832031 0.12402344
v 0.48339844 -0.02832031 0.12207031
v 0.48339844 -0.02832031 0.11816406
v 0.48339844 -0.02832031 0.11621094
v 0.48339844 -0.02832031 0.11621094
v 0.48339844 -0.03027344 0.11230469
v 0.48144531 -0.03222656 0.11425781
v 0.48144531 -0.03222656 0.11425781
v 0.47949219 -0.03417969 0.11816406
v 0.47949219 -0.03417969 0.11816406
v 0.48144531 -0.03808594 0.11816406
v 0.48144531 -0.03808594 0.11816406
v 0.49707031 -0.03808594 0.11425781
v 0.49902344 -0.03417969 0.11621094
v 0.49902344 -0.03808594 0.11816406
v 0.49902344 -0.03808594 0.11816406
v 0.49902344 -0.03417969 0.12402344
v 0.49902344 -0.03417969 0.12402344
v 0.49707031 -0.03417969 0.12597656
v 0.49511719 -0.03027344 0.12597656
v 0.49511719 -0.03027344 0.12597656
v 0.48925781 -0.03027344 0.12597656
v 0.48339844 -0.03027344 0.12402344
v 0.48144531 -0.03027344 0.11816406
v 0.48144531 -0.03027344 0.11816406
v 0.48144531 -0.03222656 0.11816406
v 0.48144531 -0.03417969 0.12402344
v 0.48339844 -0.03808594 0.12402344
v 0.49707031 -0.03808594 0.11621094
v 0.49707031 -0.03808594 0.11621094
v 0.49511719 -0.03808594 0.12402344
v 0.49121094 -0.03808594 0.12792969
v 0.49316406 -0.03417969 0.12792969
v 0.48925781 -0.03027344 0.12792969
v 0.48339844 -0.03027344 0.12597656
v 0.48339844 -0.03417969 0.12792969
v 0.48535156 -0.03808594 0.12597656
v 0.48925781 -0.03222656 0.12792969
v 0.49902344 -0.04003906 0.10449219
v 0.49902344 -0.03808594 0.10644531
v 0.49902344 -0.04003906 0.13183594
v 0.49902344 -0.03808594 0.12988281
v 0.48144531 -0.03808594 0.12988281
v 0.48144531 -0.03808594 0.12988281
v 0.48144531 -0.03808594 0.10644531
v 0.48144531 -0.03808594 0.10644531
v 0.47949219 -0.04003906 0.10449219
v 0.47949219 -0.04003906 0.10449219
v 0.47949219 -0.04003906 0.10449219
v 0.49902344 -0.11816406 0.10449219
v 0.49902344 -0.11816406 0.10449219
v 0.47949219 -0.11816406 0.10449219
v 0.47949219 -0.11816406 0.10449219
v 0.47949219 -0.11816406 0.13183594
v 0.49902344 -0.11816406 0.13183594
v 0.49902344 -0.11816406 0.13183594
v 0.49902344 -0.11816406 0.13183594
v 0.47949219 -0.04003906 0.13183594
v 0.47949219 -0.04003906 0.13183594
v 0.32714844 -0.09082031 0.02441406
v 0.32714844 -0.09082031 0.02441406
v 0.32910156 -0.08886719 -0.10253906
v 0.32324219 -0.08496094 0.02441406
v 0.32324219 -0.08496094 0.02441406
v 0.32324219 -0.08496094 0.02441406
v 0.32519531 -0.08300781 -0.10253906
v 0.32519531 -0.09472656 -0.10449219
v 0.32519531 -0.09472656 -0.10449219
v 0.32519531 -0.09472656 -0.10449219
v 0.32714844 -0.09863281 0.11425781
v 0.32714844 -0.09863281 0.11425781
v 0.33105469 -0.09277344 0.11621094
v 0.33105469 -0.09277344 0.11621094
v 0.32519531 -0.08300781 0.11035156
v 0.32519531 -0.08300781 0.11035156
v 0.28613281 -0.06347656 0.11035156
v 0.28417969 -0.06738281 0.02441406
v 0.28417969 -0.06738281 0.02441406
v 0.28222656 -0.06347656 -0.10253906
v 0.27832031 -0.06152344 -0.10253906
v 0.27441406 -0.07128906 -0.10449219
v 0.27441406 -0.07128906 -0.10449219
v 0.27441406 -0.07128906 0.11425781
v 0.27441406 -0.07128906 0.11425781
v 0.27832031 -0.06347656 0.11425781
v 0.28027344 -0.06738281 0.02441406
v 0.28027344 -0.06738281 0.02441406
v 0.35449219 0.00878906 0.11816406
v 0.35449219 0.00878906 0.11425781
v 0.35253906 0.01269531 0.12207031
v 0.35253906 0.01269531 0.12207031
v 0.34863281 0.01269531 0.11035156
v 0.34863281 0.01269531 0.11035156
v 0.34472656 0.01464844 0.11816406
v 0.34863281 0.01269531 0.12597656
v 0.34863281 0.01269531 0.12597656
v 0.34277344 0.01269531 0.12792969
v 0.33691406 0.01269531 0.11816406
v 0.34277344 0.01269531 0.11230469
v 0.34472656 0.00878906 0.10839844
v 0.34472656 0.00878906 0.10839844
v 0.35058594 0.00878906 0.11035156
v 0.35058594 0.00683594 0.11230469
v 0.35058594 0.00683594 0.11425781
v 0.35449219 0.00488281 0.11425781
v 0.35253906 0.00683594 0.11816406
v 0.35253906 0.00683594 0.12207031
v 0.35449219 0.00878906 0.12402344
v 0.35058594 0.00878906 0.12792969
v 0.35058594 0.00878906 0.12792969
v 0.34472656 0.00878906 0.12792969
v 0.34082031 0.00878906 0.12792969
v 0.33691406 0.00878906 0.12402344
v 0.33496094 0.00878906 0.11816406
v 0.34082031 0.00878906 0.11035156
v 0.34277344 0.00683594 0.11230469
v 0.34472656 0.00683594 0.11230469
v 0.34472656 0.00683594 0.11230469
v 0.35058594 0.00488281 0.11035156
v 0.35058594 0.00292969 0.11035156
v 0.35253906 0.00097656 0.10839844
v 0.34667969 -0.00292969 0.10839844
v 0.34472656 -0.00097656 0.10839844
v 0.34472656 -0.00292969 0.10839844
v 0.34863281 -0.00292969 0.11035156
v 0.35253906 -0.00292969 0.11230469
v 0.35644531 0.00097656 0.11425781
v 0.35644531 0.00097656 0.11816406
v 0.35644531 0.00292969 0.11816406
v 0.35449219 0.00488281 0.12207031
v 0.35449219 0.00488281 0.12207031
v 0.35449219 0.00097656 0.12597656
v 0.35058594 0.00292969 0.12792969
v 0.35058594 0.00683594 0.12402344
v 0.35058594 0.00683594 0.12402344
v 0.34667969 0.00683594 0.12597656
v 0.34667969 0.00683594 0.12597656
v 0.34667969 0.00683594 0.12597656
v 0.34082031 0.00683594 0.12402344
v 0.33886719 0.00683594 0.12207031
v 0.33886719 0.00683594 0.11816406
v 0.33886719 0.00683594 0.11621094
v 0.33886719 0.00683594 0.11621094
v 0.33886719 0.00683594 0.11425781
v 0.33886719 0.00683594 0.11425781
v 0.34082031 0.00488281 0.11035156
v 0.34472656 0.00488281 0.11035156
v 0.34472656 0.00292969 0.10839844
v 0.34082031 0.00097656 0.10839844
v 0.34082031 -0.00292969 0.11035156
v 0.33691406 -0.00292969 0.11621094
v 0.33886719 -0.00292969 0.11230469
v 0.35449219 -0.00292969 0.11621094
v 0.35644531 -0.00097656 0.11816406
v 0.35644531 0.00097656 0.12402344
v 0.35644531 0.00097656 0.12402344
v 0.35253906 -0.00292969 0.12597656
v 0.34863281 -0.00292969 0.12792969
v 0.35058594 0.00097656 0.12988281
v 0.34472656 0.00292969 0.12988281
v 0.34472656 0.00488281 0.12792969
v 0.34472656 0.00488281 0.12792969
v 0.34472656 0.00488281 0.12792969
v 0.34082031 0.00488281 0.12792969
v 0.34082031 0.00488281 0.12792969
v 0.33691406 0.00488281 0.12402344
v 0.33691406 0.00488281 0.12402344
v 0.33496094 0.00488281 0.11816406
v 0.33496094 0.00488281 0.11816406
v 0.33691406 0.00292969 0.11816406
v 0.33886719 0.00292969 0.11230469
v 0.33691406 0.00097656 0.11035156
v 0.33496094 -0.00097656 0.11425781
v 0.33691406 -0.00292969 0.11816406
v 0.33691406 -0.00292969 0.12207031
v 0.35449219 -0.00292969 0.12207031
v 0.35449219 -0.00292969 0.12207031
v 0.34472656 -0.00292969 0.12792969
v 0.34472656 -0.00097656 0.12988281
v 0.34082031 0.00097656 0.12988281
v 0.34082031 0.00292969 0.12792969
v 0.33886719 0.00292969 0.12402344
v 0.33886719 0.00292969 0.12402344
v 0.33300781 0.00097656 0.11816406
v 0.33300781 0.00097656 0.11816406
v 0.33496094 -0.00097656 0.12402344
v 0.33496094 -0.00097656 0.12402344
v 0.33886719 -0.00292969 0.12597656
v 0.33886719 -0.00292969 0.12597656
v 0.34082031 -0.00292969 0.12792969
v 0.33691406 0.00097656 0.12597656
v 0.49121094 -0.04394531 0.11621094
v 0.49121094 -0.05566406 0.11621094
v 0.49121094 -0.05566406 0.11621094
v 0.49121094 -0.04785156 0.11230469
v 0.49121094 -0.04785156 0.11230469
v 0.44042969 -0.05175781 0.11230469
v 0.39160156 -0.04589844 0.11230469
v 0.39160156 -0.04589844 0.11230469
v 0.44042969 -0.05761719 0.11621094
v 0.44042969 -0.05761719 0.12207031
v 0.49121094 -0.05566406 0.12207031
v 0.49121094 -0.05566406 0.12207031
v 0.49121094 -0.04785156 0.12597656
v 0.49121094 -0.04394531 0.12207031
v 0.49121094 -0.04394531 0.12207031
v 0.44042969 -0.04785156 0.11621094
v 0.44042969 -0.04785156 0.11621094
v 0.44042969 -0.04785156 0.11621094
v 0.39160156 -0.04199219 0.11621094
v 0.39160156 -0.04199219 0.11621094
v 0.39160156 -0.04199219 0.11621094
v 0.39160156 -0.04199219 0.11621094
v 0.34082031 -0.03222656 0.11035156
v 0.34082031 -0.02832031 0.12207031
v 0.34082031 -0.02832031 0.11621094
v 0.34082031 -0.02832031 0.11621094
v 0.34082031 -0.03808594 0.11621094
v 0.39160156 -0.05371094 0.11621094
v 0.39160156 -0.05371094 0.11621094
v 0.39160156 -0.05371094 0.12207031
v 0.39160156 -0.05371094 0.12207031
v 0.39160156 -0.05371094 0.12207031
v 0.44042969 -0.05175781 0.12597656
v 0.44042969 -0.04785156 0.12207031
v 0.39160156 -0.04199219 0.12207031
v 0.39160156 -0.04199219 0.12207031
v 0.34082031 -0.03222656 0.12597656
v 0.34082031 -0.03808594 0.12207031
v 0.34082031 -0.03808594 0.12207031
v 0.39160156 -0.04589844 0.12597656
v 0.39160156 -0.04589844 0.12597656
v 0.49121094 -0.10449219 0.11621094
v 0.49121094 -0.10449219 0.11621094
v 0.49121094 -0.11425781 0.11621094
v 0.49121094 -0.11425781 0.11621094
v 0.49121094 -0.10839844 0.11230469
v 0.44042969 -0.11230469 0.11230469
v 0.44042969 -0.11230469 0.11230469
v 0.39160156 -0.10644531 0.11230469
v 0.39160156 -0.10644531 0.11230469
v 0.39160156 -0.10644531 0.11230469
v 0.39160156 -0.10644531 0.11230469
v 0.44042969 -0.11816406 0.11621094
v 0.44042969 -0.11816406 0.12207031
v 0.49121094 -0.11425781 0.12207031
v 0.49121094 -0.10839844 0.12597656
v 0.49121094 -0.10449219 0.12207031
v 0.44042969 -0.10644531 0.11621094
v 0.44042969 -0.10644531 0.11621094
v 0.44042969 -0.10644531 0.11621094
v 0.39160156 -0.10058594 0.11621094
v 0.39160156 -0.10058594 0.11621094
v 0.39160156 -0.10058594 0.11621094
v 0.39160156 -0.10058594 0.11621094
v 0.34082031 -0.09082031 0.11035156
v 0.34082031 -0.09082031 0.11035156
v 0.34082031 -0.08691406 0.12207031
v 0.34082031 -0.08691406 0.12207031
v 0.34082031 -0.08691406 0.11621094
v 0.34082031 -0.09667969 0.11621094
v 0.34082031 -0.09667969 0.11621094
v 0.39160156 -0.11230469 0.11621094
v 0.39160156 -0.11230469 0.11621094
v 0.39160156 -0.11230469 0.11621094
v 0.39160156 -0.11230469 0.12207031
v 0.44042969 -0.11230469 0.12597656
v 0.44042969 -0.10644531 0.12207031
v 0.44042969 -0.10644531 0.12207031
v 0.44042969 -0.10644531 0.12207031
v 0.39160156 -0.10058594 0.12207031
v 0.39160156 -0.10058594 0.12207031
v 0.39160156 -0.10058594 0.12207031
v 0.39160156 -0.10058594 0.12207031
v 0.34082031 -0.09082031 0.12597656
v 0.34082031 -0.09082031 0.12597656
v 0.34082031 -0.09667969 0.12207031
v 0.34082031 -0.09667969 0.12207031
v 0.39160156 -0.10644531 0.12597656
v 0.39160156 -0.10644531 0.12597656
v 0.39160156 -0.10644531 0.12597656
v 0.33496094 -0.00292969 0.12988281
v 0.35644531 -0.00292969 0.10644531
v 0.33496094 -0.00292969 0.10644531
v 0.33300781 -0.00488281 0.10449219
v 0.33300781 -0.00488281 0.10449219
v 0.33300781 -0.10253906 0.10449219
v 0.33300781 -0.10253906 0.10449219
v 0.35839844 -0.10253906 0.10449219
v 0.35839844 -0.10253906 0.10449219
v 0.35839844 -0.00488281 0.10449219
v 0.35644531 -0.00292969 0.12988281
v 0.33300781 -0.00488281 0.13183594
v 0.33300781 -0.00488281 0.13183594
v 0.33300781 -0.10253906 0.13183594
v 0.33300781 -0.10253906 0.13183594
v 0.35839844 -0.10253906 0.13183594
v 0.35839844 -0.10253906 0.13183594
v 0.35839844 -0.00488281 0.13183594
v 0.35839844 -0.00488281 0.13183594
v 0.25683594 0.03222656 0.11230469
v 0.25683594 0.03222656 0.11230469
v 0.25488281 -0.00292969 0.11035156
v 0.25488281 -0.00292969 0.11035156
v 0.25488281 0.03417969 0.11035156
v 0.25488281 0.03417969 0.11035156
v 0.25292969 -0.00488281 0.11035156
v 0.25292969 -0.00488281 0.11035156
v 0.25292969 -0.00488281 0.11035156
v 0.25683594 -0.01074219 0.11230469
v 0.25683594 -0.01074219 0.11230469
v 0.25292969 -0.04394531 0.11035156
v 0.25683594 -0.04394531 0.11230469
v 0.25683594 -0.04394531 0.12011719
v 0.25683594 -0.01074219 0.12011719
v 0.25683594 -0.01074219 0.12011719
v 0.25683594 -0.00488281 0.12011719
v 0.25683594 0.03222656 0.12011719
v 0.25683594 0.03222656 0.12011719
v 0.24121094 0.03808594 0.12207031
v 0.23730469 0.03808594 0.12011719
v 0.23730469 0.03808594 0.11230469
v 0.23730469 0.00097656 0.11230469
v 0.24121094 0.00097656 0.11035156
v 0.23925781 -0.00683594 0.11035156
v 0.23925781 -0.04199219 0.11035156
v 0.23925781 -0.04199219 0.11035156
v 0.25097656 -0.04199219 0.12207031
v 0.25097656 -0.04199219 0.12207031
v 0.25097656 -0.00683594 0.12207031
v 0.25097656 -0.00683594 0.12207031
v 0.25097656 -0.00683594 0.12207031
v 0.24121094 0.00097656 0.12207031
v 0.23730469 -0.00097656 0.12011719
v 0.23730469 -0.00488281 0.11230469
v 0.23730469 -0.04003906 0.11230469
v 0.23730469 -0.04199219 0.12011719
v 0.26660156 -0.05566406 -0.09863281
v 0.26660156 -0.05566406 -0.09863281
v 0.27050781 -0.05957031 -0.10058594
v 0.22949219 -0.04003906 -0.09863281
v 0.22949219 -0.04003906 -0.09863281
v 0.26660156 -0.05957031 -0.01660156
v 0.26660156 -0.05957031 -0.01660156
v 0.26660156 -0.05957031 -0.01660156
v 0.26660156 -0.05957031 -0.01660156
v 0.26660156 -0.05566406 -0.01660156
v 0.26660156 -0.05566406 -0.01660156
v 0.26660156 -0.05566406 -0.01660156
v 0.27246094 -0.06152344 0.11621094
v 0.27050781 -0.05761719 0.11621094
v 0.27050781 -0.05761719 0.11621094
v 0.22167969 -0.03808594 0.11621094
v 0.22167969 -0.03808594 0.11621094
v 0.22167969 -0.04003906 -0.01660156
v 0.22167969 -0.04003906 -0.01660156
v 0.22167969 -0.04003906 -0.01660156
v 0.21972656 -0.03808594 -0.10058594
v 0.21386719 -0.04003906 -0.10253906
v 0.21191406 -0.04589844 -0.10253906
v 0.21191406 -0.04589844 -0.10253906
v 0.21191406 -0.04589844 0.11621094
v 0.21191406 -0.04589844 0.11621094
v 0.21191406 -0.04589844 0.11621094
v 0.21386719 -0.04003906 0.11621094
v 0.21386719 -0.04003906 -0.01660156
v 0.21386719 -0.04003906 -0.01660156
v 0.21386719 -0.04003906 -0.01660156
v 0.15332031 0.06933594 0.11230469
v 0.15332031 0.06933594 0.12011719
v 0.15332031 0.06933594 0.12011719
v 0.15527344 0.06933594 0.11035156
v 0.17285156 0.06542969 0.11230469
v 0.17285156 0.06542969 0.11230469
v 0.17089844 0.02832031 0.11035156
v 0.17285156 0.02636719 0.11230469
v 0.17285156 0.02050781 0.11230469
v 0.17285156 -0.01660156 0.11230469
v 0.17285156 0.02050781 0.12011719
v 0.17285156 0.02050781 0.12011719
v 0.17285156 0.02636719 0.12011719
v 0.17285156 0.02636719 0.12011719
v 0.17285156 0.06542969 0.12011719
v 0.17285156 0.06542969 0.12011719
v 0.15527344 0.06542969 0.12207031
v 0.15527344 0.03027344 0.12207031
v 0.15332031 0.03027344 0.12011719
v 0.15332031 0.03027344 0.12011719
v 0.15332031 0.03027344 0.11230469
v 0.15527344 0.02441406 0.11035156
v 0.17089844 -0.01464844 0.11035156
v 0.17285156 -0.01660156 0.12011719
v 0.17285156 -0.01660156 0.12011719
v 0.17089844 -0.01464844 0.12207031
v 0.17089844 0.02441406 0.12207031
v 0.15332031 0.02441406 0.12011719
v 0.15332031 0.02441406 0.12011719
v 0.15332031 0.02441406 0.11230469
v 0.15332031 -0.01269531 0.11230469
v 0.15332031 -0.01269531 0.11230469
v 0.15332031 -0.01269531 0.12011719
v 0.15332031 -0.01269531 0.12011719
v 0.20996094 -0.03417969 0.11621094
v 0.20996094 -0.03417969 0.11621094
v 0.21191406 -0.03613281 0.11230469
v 0.20410156 -0.03417969 0.00683594
v 0.20410156 -0.03417969 0.00683594
v 0.20800781 -0.04003906 0.00683594
v 0.20800781 -0.04003906 0.00683594
v 0.20996094 -0.04003906 -0.10253906
v 0.20410156 -0.03222656 -0.10253906
v 0.20410156 -0.03222656 -0.10253906
v 0.20605469 -0.04589844 -0.10253906
v 0.20605469 -0.04589844 -0.10253906
v 0.20605469 -0.04589844 -0.10253906
v 0.20605469 -0.04589844 -0.10253906
v 0.20605469 -0.04589844 0.11425781
v 0.20605469 -0.04589844 0.11425781
v 0.15332031 -0.01464844 0.11425781
v 0.15332031 -0.01464844 0.11425781
v 0.15527344 -0.01855469 0.00488281
v 0.15527344 -0.01855469 0.00488281
v 0.15527344 -0.01855469 0.00488281
v 0.15332031 -0.01269531 -0.10253906
v 0.14746094 -0.01464844 -0.10253906
v 0.14550781 -0.02636719 -0.10253906
v 0.14550781 -0.02636719 -0.10253906
v 0.14550781 -0.02636719 0.11425781
v 0.14550781 -0.02636719 0.11425781
v 0.14550781 -0.02636719 0.11425781
v 0.14746094 -0.01464844 0.11621094
v 0.14746094 -0.01464844 0.11621094
v 0.14746094 -0.01464844 0.11621094
v 0.14941406 -0.01660156 0.00683594
v 0.14941406 -0.01660156 0.00683594
v 0.14941406 -0.01660156 0.00683594
v 0.08886719 0.00292969 -0.10644531
v 0.08886719 0.00292969 -0.10644531
v 0.14160156 -0.01074219 -0.10449219
v 0.13769531 -0.02246094 -0.10644531
v 0.13769531 -0.02246094 -0.10644531
v 0.13769531 -0.02246094 -0.10644531
v 0.13769531 -0.02246094 -0.10644531
v 0.14160156 -0.01269531 -0.10644531
v 0.13964844 -0.01464844 0.03222656
v 0.13964844 -0.01464844 0.03222656
v 0.14160156 -0.01269531 0.11035156
v 0.13964844 -0.00878906 0.10839844
v 0.13769531 -0.01074219 0.03222656
v 0.13769531 -0.01074219 0.03222656
v 0.13769531 -0.01074219 0.03222656
v 0.13769531 -0.01074219 0.03222656
v 0.08886719 0.00097656 0.03027344
v 0.08886719 0.00097656 0.03027344
v 0.07910157 0.00097656 -0.10449219
v 0.07910157 -0.00683594 -0.10449219
v 0.07910157 -0.00683594 -0.10449219
v 0.07910157 -0.00683594 -0.10449219
v 0.13769531 -0.02246094 0.10839844
v 0.13769531 -0.02246094 0.10839844
v 0.13769531 -0.02246094 0.10839844
v 0.09277344 0.00292969 0.11035156
v 0.09277344 0.00292969 0.11035156
v 0.08300782 0.00292969 0.11035156
v 0.08105469 -0.00097656 0.03222656
v 0.08105469 -0.00097656 0.03222656
v 0.07910157 -0.00683594 0.11035156
v 0.00878907 0.01464844 0.03613281
v 0.00878907 0.01464844 0.03613281
v 0.00878907 0.01464844 0.03613281
v 0.01660157 0.01464844 0.03613281
v 0.01660157 0.01464844 0.03613281
v 0.00878907 0.01660156 -0.10644531
v 0.01464844 0.01855469 -0.10644531
v 0.07324219 0.00488281 -0.10449219
v 0.06933594 0.00683594 -0.10644531
v 0.06738282 0.00683594 0.03613281
v 0.06738282 0.00683594 0.03613281
v 0.07324219 0.00683594 0.11035156
v 0.01464844 0.01855469 0.11035156
v 0.01464844 0.01855469 0.11035156
v 0.00683594 0.01269531 0.11230469
v 0.00683594 0.01269531 0.11230469
v 0.00683594 0.00488281 0.11035156
v 0.00683594 0.00488281 0.11035156
v 0.00683594 0.00488281 -0.10449219
v 0.00683594 0.00488281 -0.10449219
v 0.00683594 0.00488281 -0.10449219
v 0.06933594 -0.00488281 -0.10644531
v 0.06933594 -0.00488281 -0.10644531
v 0.07324219 0.00292969 0.03613281
v 0.07324219 0.00292969 0.03613281
v 0.07519532 0.00488281 0.11035156
v 0.06933594 -0.00488281 0.11035156
v 0.06933594 -0.00488281 0.11035156
v -0.08105469 0.15722656 -0.12207031
v -0.08105469 0.15722656 -0.12207031
v -0.07910156 0.15722656 -0.11425781
v -0.07714844 0.15527344 -0.11816406
v -0.07714844 0.15332031 -0.11621094
v -0.07714844 0.15332031 -0.11621094
v -0.07714844 0.15332031 -0.12011719
v -0.07714844 0.15332031 -0.12011719
v -0.07714844 0.15527344 -0.11621094
v -0.07714844 0.15527344 -0.11425781
v -0.08105469 0.15722656 -0.11230469
v -0.08300781 0.15527344 -0.11035156
v -0.08300781 0.15722656 -0.11230469
v -0.08300781 0.15917969 -0.11621094
v -0.08496094 0.15917969 -0.11816406
v -0.08496094 0.15917969 -0.11816406
v -0.08496094 0.15527344 -0.12207031
v -0.08300781 0.15722656 -0.12207031
v -0.08300781 0.15722656 -0.12207031
v -0.08300781 0.15332031 -0.12207031
v -0.07910156 0.15332031 -0.12207031
v -0.07910156 0.15332031 -0.12207031
v -0.08105469 0.14941406 -0.12011719
v -0.07910156 0.14941406 -0.11816406
v -0.07714844 0.14941406 -0.11621094
v -0.07714844 0.14941406 -0.11621094
v -0.07910156 0.14941406 -0.11425781
v -0.07714844 0.15332031 -0.11425781
v -0.07910156 0.15332031 -0.11035156
v -0.08300781 0.15332031 -0.11035156
v -0.08496094 0.15136719 -0.11035156
v -0.08496094 0.15722656 -0.11230469
v -0.08691406 0.15527344 -0.11425781
v -0.08691406 0.15722656 -0.11621094
v -0.08691406 0.15722656 -0.11621094
v -0.08691406 0.15527344 -0.12011719
v -0.08691406 0.15136719 -0.12011719
v -0.08496094 0.15136719 -0.12207031
v -0.08300781 0.14941406 -0.12207031
v -0.08300781 0.14550781 -0.12011719
v -0.08105469 0.14550781 -0.11816406
v -0.07910156 0.14550781 -0.11425781
v -0.07910156 0.14550781 -0.11425781
v -0.08105469 0.14941406 -0.11230469
v -0.08300781 0.14941406 -0.11035156
v -0.08496094 0.14941406 -0.11230469
v -0.08886719 0.15332031 -0.11425781
v -0.08886719 0.15332031 -0.11621094
v -0.08886719 0.15332031 -0.11621094
v -0.08496094 0.14941406 -0.12011719
v -0.08496094 0.14550781 -0.11816406
v -0.08496094 0.14550781 -0.11425781
v -0.08496094 0.14550781 -0.11425781
v -0.08691406 0.14941406 -0.11621094
v -0.08691406 0.14941406 -0.11621094
v -0.08691406 0.14550781 -0.11621094
v -0.08691406 0.14550781 -0.11621094
v -0.07714844 0.14160156 -0.12402344
v -0.08300781 0.14355469 -0.12402344
v -0.07714844 0.14550781 -0.12207031
v -0.08300781 0.14746094 -0.11621094
v -0.07714844 0.14355469 -0.11230469
v -0.07910156 0.14550781 -0.10839844
v -0.08496094 0.14355469 -0.10839844
v -0.08886719 0.14550781 -0.11035156
v -0.09082031 0.14355469 -0.11621094
v -0.08886719 0.14550781 -0.12207031
v -0.08691406 0.13964844 -0.12402344
v -0.08691406 0.13769531 -0.12402344
v -0.08300781 0.13964844 -0.12597656
v -0.07910156 0.13769531 -0.12402344
v -0.07910156 0.13769531 -0.12207031
v -0.07910156 0.13769531 -0.12207031
v -0.07714844 0.13769531 -0.12011719
v -0.07714844 0.13769531 -0.12011719
v -0.07519531 0.13964844 -0.12011719
v -0.07324219 0.13964844 -0.11621094
v -0.07519531 0.13964844 -0.11230469
v -0.07714844 0.13964844 -0.10839844
v -0.08300781 0.13964844 -0.10644531
v -0.08691406 0.13964844 -0.10839844
v -0.09082031 0.14160156 -0.11230469
v -0.09277344 0.13964844 -0.11621094
v -0.08691406 0.13769531 -0.12207031
v -0.08691406 0.13769531 -0.12207031
v -0.08300781 0.13769531 -0.12402344
v -0.08300781 0.13769531 -0.12402344
v -0.08300781 0.13574219 -0.12597656
v -0.07714844 0.13574219 -0.12402344
v -0.08300781 0.13378906 -0.12792969
v -0.08691406 0.13378906 -0.12402344
v -0.08300781 0.12792969 -0.12792969
v -0.08496094 0.12792969 -0.12597656
v -0.08300781 0.13183594 -0.12792969
v -0.09082031 0.12988281 -0.12402344
v -0.07714844 0.13378906 -0.12402344
v -0.07324219 0.13183594 -0.12207031
v -0.07128906 0.13183594 -0.11621094
v -0.07128906 0.13183594 -0.11621094
v -0.07324219 0.12597656 -0.12011719
v -0.07324219 0.12597656 -0.12011719
v -0.07324219 0.12792969 -0.11621094
v -0.07324219 0.13183594 -0.11230469
v -0.07324219 0.13378906 -0.11621094
v -0.07324219 0.13378906 -0.11621094
v -0.07519531 0.13574219 -0.12011719
v -0.07519531 0.13574219 -0.12011719
v -0.07519531 0.13769531 -0.11425781
v -0.07519531 0.13769531 -0.11425781
v -0.07519531 0.13769531 -0.11425781
v -0.07910156 0.13769531 -0.11035156
v -0.07910156 0.13769531 -0.11035156
v -0.08105469 0.13769531 -0.10839844
v -0.08691406 0.13769531 -0.11035156
v -0.08886719 0.13769531 -0.11230469
v -0.08886719 0.13769531 -0.11230469
v -0.08886719 0.13769531 -0.11621094
v -0.08886719 0.13769531 -0.11621094
v -0.08886719 0.13574219 -0.12402344
v -0.09082031 0.13378906 -0.12011719
v -0.09082031 0.13183594 -0.12207031
v -0.09082031 0.12597656 -0.12011719
v -0.08886719 0.12597656 -0.12402344
v -0.08105469 0.12597656 -0.12597656
v -0.07714844 0.12988281 -0.12597656
v -0.07519531 0.12597656 -0.12207031
v -0.07519531 0.12597656 -0.12207031
v -0.07714844 0.12597656 -0.11035156
v -0.07714844 0.13183594 -0.10644531
v -0.07519531 0.13183594 -0.10839844
v -0.07519531 0.13574219 -0.11230469
v -0.07714844 0.13574219 -0.11035156
v -0.07714844 0.13574219 -0.11035156
v -0.08300781 0.13574219 -0.10839844
v -0.08300781 0.13574219 -0.10839844
v -0.08886719 0.13574219 -0.11035156
v -0.09277344 0.13574219 -0.11621094
v -0.09277344 0.13574219 -0.11621094
v -0.09082031 0.13378906 -0.11621094
v -0.09277344 0.13183594 -0.11621094
v -0.09082031 0.12597656 -0.11621094
v -0.09082031 0.12597656 -0.11230469
v -0.09082031 0.12597656 -0.11230469
v -0.08886719 0.12597656 -0.11035156
v -0.07910156 0.12597656 -0.12402344
v -0.07910156 0.12597656 -0.12402344
v -0.08105469 0.12597656 -0.10839844
v -0.08300781 0.12792969 -0.10644531
v -0.08300781 0.12988281 -0.10449219
v -0.07714844 0.13378906 -0.10839844
v -0.08300781 0.13378906 -0.10644531
v -0.08886719 0.13574219 -0.10839844
v -0.08886719 0.13574219 -0.10839844
v -0.09082031 0.13378906 -0.11230469
v -0.09082031 0.13378906 -0.11230469
v -0.09082031 0.13378906 -0.11230469
v -0.09277344 0.13378906 -0.11230469
v -0.09082031 0.12988281 -0.10839844
v -0.09082031 0.12988281 -0.10839844
v -0.08691406 0.12597656 -0.10839844
v -0.08496094 0.13183594 -0.10644531
v -0.08496094 0.13183594 -0.10644531
v -0.09277344 0.12597656 -0.10449219
v -0.07128906 0.12597656 -0.12792969
v -0.09277344 0.12597656 -0.12792969
v -0.09472656 0.12402344 -0.12988281
v -0.09472656 0.12402344 -0.12988281
v -0.09472656 0.01855469 -0.12988281
v -0.09472656 0.01855469 -0.12988281
v -0.07128906 0.01855469 -0.12988281
v -0.07128906 0.01855469 -0.12988281
v -0.07128906 0.12402344 -0.12988281
v -0.07128906 0.12402344 -0.12988281
v -0.07128906 0.12597656 -0.10449219
v -0.09472656 0.12402344 -0.10253906
v -0.09472656 0.12402344 -0.10253906
v -0.09472656 0.01855469 -0.10253906
v -0.09472656 0.01855469 -0.10253906
v -0.07128906 0.01855469 -0.10253906
v -0.07128906 0.01855469 -0.10253906
v -0.07128906 0.12402344 -0.10253906
v -0.07128906 0.12402344 -0.10253906
v -0.13378906 0.05371094 -0.10839844
v -0.13378906 0.05371094 -0.10839844
v -0.13378906 0.05566406 -0.11816406
v -0.13378906 0.05566406 -0.11816406
v -0.13378906 0.05566406 -0.11816406
v -0.13378906 0.05566406 -0.11816406
v -0.13378906 0.05957031 -0.10839844
v -0.13378906 0.05957031 -0.10839844
v -0.13378906 0.06152344 -0.11816406
v -0.13378906 0.10058594 -0.10839844
v -0.13378906 0.10058594 -0.10839844
v -0.13183594 0.10058594 -0.11816406
v -0.14941406 0.09863281 -0.12011719
v -0.15136719 0.09863281 -0.10839844
v -0.15136719 0.09863281 -0.11816406
v -0.15136719 0.09863281 -0.11816406
v -0.15136719 0.05957031 -0.11816406
v -0.15136719 0.05957031 -0.11816406
v -0.13574219 0.06152344 -0.12011719
v -0.13574219 0.06152344 -0.12011719
v -0.13574219 0.06152344 -0.12011719
v -0.13574219 0.01855469 -0.12011719
v -0.13574219 0.01855469 -0.12011719
v -0.13378906 0.01660156 -0.11816406
v -0.13378906 0.01660156 -0.10839844
v -0.13574219 0.05371094 -0.10839844
v -0.13574219 0.05371094 -0.10839844
v -0.14941406 0.05957031 -0.10644531
v -0.14941406 0.05957031 -0.10644531
v -0.15136719 0.05957031 -0.10839844
v -0.15136719 0.05957031 -0.10839844
v -0.15136719 0.05957031 -0.10839844
v -0.14941406 0.05761719 -0.11816406
v -0.14941406 0.05761719 -0.11816406
v -0.14941406 0.01660156 -0.11816406
v -0.14941406 0.01660156 -0.10839844
v -0.14746094 0.01660156 -0.10644531
v -0.14941406 0.05371094 -0.10839844
v -0.20214844 0.05175781 -0.10839844
v -0.20214844 0.09082031 -0.10839844
v -0.20410156 0.09082031 -0.10839844
v -0.22167969 0.08691406 -0.10839844
v -0.22167969 0.08691406 -0.11816406
v -0.22167969 0.08691406 -0.11816406
v -0.20214844 0.09082031 -0.11816406
v -0.20214844 0.09082031 -0.11816406
v -0.20214844 0.05175781 -0.11816406
v -0.20214844 0.05175781 -0.11816406
v -0.20214844 0.04589844 -0.11816406
v -0.20214844 0.04589844 -0.11816406
v -0.20214844 0.04589844 -0.10839844
v -0.20214844 0.00878906 -0.11816406
v -0.20214844 0.00878906 -0.11816406
v -0.20214844 0.00878906 -0.10839844
v -0.20605469 0.04980469 -0.10839844
v -0.22167969 0.04980469 -0.10839844
v -0.22167969 0.04980469 -0.11816406
v -0.22167969 0.04980469 -0.11816406
v -0.20605469 0.04980469 -0.12011719
v -0.20605469 0.00878906 -0.12011719
v -0.20605469 0.00878906 -0.10839844
v -0.20605469 0.00878906 -0.10839844
v -0.21972656 0.04394531 -0.10839844
v -0.22167969 0.04199219 -0.10839844
v -0.22167969 0.04394531 -0.11816406
v -0.22167969 0.04394531 -0.11816406
v -0.22167969 0.00488281 -0.11816406
v -0.22167969 0.00488281 -0.11816406
v -0.22167969 0.00488281 -0.10839844
v -0.27246094 0.03027344 -0.10839844
v -0.27246094 0.03027344 -0.10839844
v -0.27246094 0.06933594 -0.10839844
v -0.27441406 0.06933594 -0.10839844
v -0.27441406 0.06933594 -0.10839844
v -0.27246094 0.06933594 -0.11816406
v -0.29199219 0.06542969 -0.10839844
v -0.29199219 0.06542969 -0.10839844
v -0.29199219 0.06542969 -0.10839844
v -0.29199219 0.06542969 -0.11816406
v -0.29199219 0.06542969 -0.11816406
v -0.27441406 0.06933594 -0.12011719
v -0.27441406 0.06933594 -0.12011719
v -0.27246094 0.03027344 -0.11816406
v -0.27246094 0.03027344 -0.11816406
v -0.27246094 0.03027344 -0.11816406
v -0.27246094 0.02441406 -0.11816406
v -0.27246094 0.02441406 -0.11816406
v -0.27246094 0.02441406 -0.10839844
v -0.27246094 0.02441406 -0.10839844
v -0.27246094 0.02441406 -0.10839844
v -0.27246094 -0.01269531 -0.11816406
v -0.27246094 -0.01269531 -0.11816406
v -0.27246094 -0.01269531 -0.10839844
v -0.27441406 0.02246094 -0.10839844
v -0.27441406 0.02246094 -0.10839844
v -0.27441406 0.02246094 -0.10839844
v -0.29003906 0.02636719 -0.10839844
v -0.29003906 0.02636719 -0.11816406
v -0.29003906 0.02636719 -0.11816406
v -0.27441406 0.02636719 -0.12011719
v -0.27441406 0.02636719 -0.12011719
v -0.27441406 -0.01269531 -0.12011719
v -0.27441406 -0.01269531 -0.10839844
v -0.27441406 -0.01269531 -0.10839844
v -0.28808594 0.02050781 -0.10839844
v -0.29199219 0.02050781 -0.10839844
v -0.29199219 0.02246094 -0.11816406
v -0.29199219 0.02246094 -0.11816406
v -0.29199219 -0.01660156 -0.11816406
v -0.29199219 -0.01660156 -0.11816406
v -0.29199219 -0.01660156 -0.10839844
v -0.34082031 0.03808594 -0.11816406
v -0.34082031 0.03808594 -0.11816406
v -0.34082031 0.03808594 -0.10839844
v -0.34082031 0.00097656 -0.11816406
v -0.34082031 0.00097656 -0.11816406
v -0.34082031 0.00097656 -0.10839844
v -0.34472656 0.03808594 -0.10839844
v -0.36035156 0.03222656 -0.10839844
v -0.36035156 0.03222656 -0.11816406
v -0.36035156 0.03222656 -0.11816406
v -0.34472656 0.00097656 -0.12011719
v -0.34277344 -0.00488281 -0.11816406
v -0.34277344 -0.00488281 -0.11816406
v -0.34277344 -0.00488281 -0.10839844
v -0.34082031 -0.04199219 -0.11816406
v -0.34082031 -0.04199219 -0.11816406
v -0.34082031 -0.04199219 -0.10839844
v -0.34472656 -0.00292969 -0.10839844
v -0.36035156 -0.00488281 -0.10839844
v -0.36035156 -0.00488281 -0.11816406
v -0.36035156 -0.00488281 -0.11816406
v -0.34472656 -0.00683594 -0.12011719
v -0.34472656 -0.04199219 -0.12011719
v -0.34472656 -0.04199219 -0.10839844
v -0.34472656 -0.04199219 -0.10839844
v -0.35839844 -0.01074219 -0.10839844
v -0.36035156 -0.01074219 -0.10839844
v -0.36035156 -0.01074219 -0.11816406
v -0.36035156 -0.01074219 -0.11816406
v -0.36035156 -0.04785156 -0.11816406
v -0.36035156 -0.04785156 -0.11816406
v -0.36035156 -0.04785156 -0.10839844
v -0.41503906 -0.01074219 -0.10839844
v -0.41503906 -0.01074219 -0.10839844
v -0.41308594 -0.01074219 -0.10839844
v -0.41308594 -0.01074219 -0.11816406
v -0.41308594 -0.01074219 -0.11816406
v -0.41503906 -0.04785156 -0.12011719
v -0.41503906 -0.01074219 -0.12011719
v -0.41503906 -0.01074219 -0.12011719
v -0.41308594 -0.04980469 -0.11816406
v -0.41308594 -0.04980469 -0.10839844
v -0.41308594 -0.04980469 -0.10839844
v -0.41308594 -0.04980469 -0.10839844
v -0.41503906 -0.05175781 -0.10839844
v -0.43261719 -0.03027344 -0.10839844
v -0.43261719 -0.03027344 -0.10839844
v -0.43261719 -0.03027344 -0.11816406
v -0.43261719 -0.05761719 -0.11816406
v -0.43066406 -0.06347656 -0.12011719
v -0.43066406 -0.06347656 -0.12011719
v -0.43066406 -0.09863281 -0.12011719
v -0.43066406 -0.09863281 -0.12011719
v -0.41503906 -0.05566406 -0.11816406
v -0.41503906 -0.05566406 -0.11816406
v -0.41503906 -0.05566406 -0.11816406
v -0.41503906 -0.05566406 -0.10839844
v -0.43066406 -0.06347656 -0.10839844
v -0.43261719 -0.05761719 -0.10839844
v -0.43261719 -0.06738281 -0.11816406
v -0.43261719 -0.06738281 -0.11816406
v -0.43261719 -0.06738281 -0.11816406
v -0.43261719 -0.10449219 -0.11816406
v -0.43261719 -0.10449219 -0.10839844
v -0.43261719 -0.10449219 -0.10839844
v -0.43066406 -0.09863281 -0.10839844
v -0.43066406 -0.09863281 -0.10839844
v -0.43066406 -0.09863281 -0.10839844
v -0.43261719 -0.06738281 -0.10839844
v -0.43261719 -0.06738281 -0.10839844
v -0.47558594 -0.01464844 -0.11425781
v -0.47558594 -0.01855469 -0.11425781
v -0.47558594 -0.01855469 -0.11425781
v -0.47363281 -0.01464844 -0.11621094
v -0.47363281 -0.01464844 -0.11621094
v -0.47558594 -0.01855469 -0.11621094
v -0.47558594 -0.01464844 -0.12011719
v -0.47558594 -0.01464844 -0.12011719
v -0.47558594 -0.01855469 -0.11816406
v -0.47753906 -0.02050781 -0.11816406
v -0.47753906 -0.02050781 -0.11425781
v -0.47753906 -0.02050781 -0.11425781
v -0.47753906 -0.01855469 -0.11230469
v -0.47753906 -0.01464844 -0.11035156
v -0.47949219 -0.01855469 -0.11035156
v -0.47949219 -0.01464844 -0.11035156
v -0.47949219 -0.01074219 -0.11035156
v -0.47753906 -0.01074219 -0.11230469
v -0.47558594 -0.01074219 -0.11425781
v -0.47558594 -0.01074219 -0.11621094
v -0.47558594 -0.01074219 -0.11816406
v -0.47558594 -0.01074219 -0.11816406
v -0.47753906 -0.01074219 -0.12207031
v -0.47753906 -0.01464844 -0.12207031
v -0.47753906 -0.01855469 -0.12207031
v -0.47949219 -0.02050781 -0.12011719
v -0.48144531 -0.02050781 -0.11425781
v -0.48144531 -0.02050781 -0.11425781
v -0.48144531 -0.01855469 -0.11230469
v -0.48339844 -0.01464844 -0.11035156
v -0.48339844 -0.01074219 -0.11230469
v -0.48144531 -0.00878906 -0.11425781
v -0.47949219 -0.00683594 -0.11621094
v -0.47949219 -0.00683594 -0.11621094
v -0.48339844 -0.00878906 -0.11816406
v -0.47949219 -0.01074219 -0.12207031
v -0.47949219 -0.01464844 -0.12207031
v -0.47949219 -0.01855469 -0.12207031
v -0.48144531 -0.01855469 -0.12207031
v -0.48339844 -0.02050781 -0.11816406
v -0.48339844 -0.02050781 -0.11816406
v -0.48339844 -0.02050781 -0.11425781
v -0.48339844 -0.01855469 -0.11425781
v -0.48535156 -0.01464844 -0.11425781
v -0.48535156 -0.01269531 -0.11425781
v -0.48535156 -0.01074219 -0.11621094
v -0.48535156 -0.01074219 -0.11621094
v -0.48535156 -0.01269531 -0.12011719
v -0.48535156 -0.01269531 -0.12011719
v -0.48339844 -0.01074219 -0.12207031
v -0.48339844 -0.01464844 -0.12207031
v -0.48339844 -0.01855469 -0.11816406
v -0.48339844 -0.01855469 -0.11816406
v -0.48535156 -0.01855469 -0.11621094
v -0.48535156 -0.01464844 -0.11621094
v -0.48535156 -0.01464844 -0.12011719
v -0.48535156 -0.01464844 -0.12011719
v 0.34472656 -0.00683594 -0.11230469
v 0.34667969 -0.01074219 -0.10839844
v 0.34472656 -0.00683594 -0.11621094
v 0.34472656 -0.00683594 -0.11621094
v 0.34277344 -0.01074219 -0.12011719
v 0.34277344 -0.01074219 -0.12011719
v 0.34277344 -0.01660156 -0.10644531
v 0.34082031 -0.02246094 -0.10839844
v 0.34082031 -0.02246094 -0.10839844
v 0.34082031 -0.02246094 -0.12011719
v 0.28417969 0.01074219 -0.12011719
v 0.28417969 0.01074219 -0.12011719
v 0.28417969 0.01074219 -0.10839844
v 0.28417969 0.01074219 -0.10839844
v 0.28613281 0.01660156 -0.10644531
v 0.28613281 0.01660156 -0.10644531
v 0.28808594 0.02050781 -0.10839844
v 0.28808594 0.02050781 -0.10839844
v 0.28613281 0.02636719 -0.11230469
v 0.28613281 0.02636719 -0.11230469
v 0.28613281 0.02636719 -0.11621094
v 0.28613281 0.02636719 -0.11621094
v 0.28613281 0.02636719 -0.11621094
v 0.28417969 0.02246094 -0.12011719
v 0.28417969 0.02246094 -0.12011719
v 0.21972656 0.04003906 -0.12011719
v 0.21972656 0.04003906 -0.12011719
v 0.21972656 0.04199219 -0.10839844
v 0.21972656 0.04199219 -0.10839844
v 0.21972656 0.04199219 -0.10839844
v 0.21972656 0.04199219 -0.10839844
v 0.22167969 0.04785156 -0.10644531
v 0.22167969 0.04785156 -0.10644531
v 0.22363281 0.05175781 -0.10839844
v 0.22363281 0.05175781 -0.10839844
v 0.22363281 0.05566406 -0.11230469
v 0.22363281 0.05566406 -0.11230469
v 0.22167969 0.05566406 -0.11621094
v 0.22167969 0.05566406 -0.11621094
v 0.22167969 0.05566406 -0.11621094
v 0.21972656 0.05371094 -0.12011719
v 0.15527344 0.06542969 -0.12011719
v 0.15527344 0.06542969 -0.12011719
v 0.15527344 0.06542969 -0.10839844
v 0.15527344 0.06542969 -0.10839844
v 0.15527344 0.06542969 -0.10839844
v 0.15722656 0.07128906 -0.10644531
v 0.15722656 0.07128906 -0.10644531
v 0.15722656 0.07128906 -0.10644531
v 0.15917969 0.07519531 -0.10839844
v 0.15917969 0.07519531 -0.10839844
v 0.15917969 0.07714844 -0.11230469
v 0.15917969 0.07714844 -0.11230469
v 0.15917969 0.07714844 -0.11230469
v 0.15722656 0.07910156 -0.11621094
v 0.15722656 0.07910156 -0.11621094
v 0.15722656 0.07910156 -0.11621094
v 0.15722656 0.07714844 -0.12011719
v 0.15722656 0.07714844 -0.12011719
v 0.09277344 0.08300781 -0.12011719
v 0.09277344 0.08300781 -0.10839844
v 0.09277344 0.08886719 -0.10644531
v 0.09277344 0.08886719 -0.10644531
v 0.09472657 0.09277344 -0.10839844
v 0.09472657 0.09667969 -0.11230469
v 0.09472657 0.09667969 -0.11230469
v 0.09277344 0.09667969 -0.11621094
v 0.09277344 0.09667969 -0.11621094
v 0.09277344 0.09472656 -0.12011719
v 0.09277344 0.09472656 -0.12011719
v 0.03027344 0.09472656 -0.12011719
v 0.03027344 0.09472656 -0.12011719
v 0.03027344 0.09472656 -0.10839844
v 0.03027344 0.09472656 -0.10839844
v 0.03027344 0.09472656 -0.10839844
v 0.03027344 0.10253906 -0.10644531
v 0.03027344 0.10253906 -0.10644531
v 0.03027344 0.10253906 -0.10644531
v 0.03222657 0.10449219 -0.10839844
v 0.03222657 0.10449219 -0.10839844
v 0.03222657 0.10839844 -0.11230469
v 0.03027344 0.10839844 -0.11621094
v 0.03027344 0.10839844 -0.11621094
v 0.02832032 0.10644531 -0.12011719
v 0.02832032 0.10644531 -0.12011719
v -0.03417968 0.11230469 -0.12011719
v -0.03417968 0.10058594 -0.12011719
v -0.03417968 0.10058594 -0.12011719
v -0.03417968 0.10058594 -0.12011719
v -0.03417968 0.10058594 -0.10839844
v -0.03222656 0.10644531 -0.10644531
v -0.03222656 0.10644531 -0.10644531
v -0.03222656 0.11035156 -0.10839844
v -0.03222656 0.11035156 -0.10839844
v -0.03222656 0.11035156 -0.10839844
v -0.03222656 0.11425781 -0.11230469
v -0.03222656 0.11425781 -0.11230469
v -0.03222656 0.11425781 -0.11230469
v -0.03417968 0.11425781 -0.11621094
v -0.03417968 0.11425781 -0.11621094
v -0.08691406 0.11425781 -0.11621094
v -0.14160156 0.11230469 -0.11621094
v -0.14160156 0.11230469 -0.11621094
v -0.08691406 0.11230469 -0.12011719
v -0.08496094 0.10058594 -0.12011719
v -0.08496094 0.10058594 -0.12011719
v -0.08496094 0.10058594 -0.10839844
v -0.08496094 0.10644531 -0.10644531
v -0.08496094 0.11035156 -0.10839844
v -0.08496094 0.11035156 -0.10839844
v -0.08496094 0.11035156 -0.10839844
v -0.08496094 0.11425781 -0.11230469
v -0.14160156 0.11230469 -0.11230469
v -0.14160156 0.11230469 -0.11230469
v -0.21191406 0.09863281 -0.11230469
v -0.21191406 0.09863281 -0.11230469
v -0.21191406 0.10058594 -0.11621094
v -0.21191406 0.10058594 -0.11621094
v -0.14160156 0.10839844 -0.12011719
v -0.14160156 0.10839844 -0.12011719
v -0.13964844 0.09863281 -0.12011719
v -0.13964844 0.09863281 -0.12011719
v -0.13964844 0.09863281 -0.10839844
v -0.13964844 0.09863281 -0.10839844
v -0.13964844 0.10253906 -0.10644531
v -0.13964844 0.10253906 -0.10644531
v -0.13964844 0.10839844 -0.10839844
v -0.13964844 0.10839844 -0.10839844
v -0.13964844 0.10839844 -0.10839844
v -0.21191406 0.09472656 -0.10839844
v -0.21191406 0.09472656 -0.10839844
v -0.21191406 0.09472656 -0.10839844
v -0.28222656 0.07324219 -0.10839844
v -0.28222656 0.07324219 -0.10839844
v -0.28222656 0.07714844 -0.11230469
v -0.28222656 0.07714844 -0.11230469
v -0.28222656 0.07910156 -0.11621094
v -0.28222656 0.07910156 -0.11621094
v -0.21191406 0.09667969 -0.12011719
v -0.20996094 0.08691406 -0.12011719
v -0.20996094 0.08691406 -0.12011719
v -0.20996094 0.08691406 -0.12011719
v -0.20996094 0.08691406 -0.12011719
v -0.20996094 0.08496094 -0.10839844
v -0.20996094 0.08496094 -0.10839844
v -0.20996094 0.08496094 -0.10839844
v -0.20996094 0.09082031 -0.10644531
v -0.20996094 0.09082031 -0.10644531
v -0.20996094 0.09082031 -0.10644531
v -0.28027344 0.06933594 -0.10644531
v -0.28027344 0.06933594 -0.10644531
v -0.28027344 0.06933594 -0.10644531
v -0.34863281 0.04394531 -0.10839844
v -0.35058594 0.04785156 -0.11230469
v -0.35058594 0.04785156 -0.11621094
v -0.28027344 0.06542969 -0.12011719
v -0.28027344 0.06542969 -0.12011719
v -0.28027344 0.06542969 -0.12011719
v -0.28027344 0.06542969 -0.12011719
v -0.28027344 0.06347656 -0.10839844
v -0.28027344 0.06347656 -0.10839844
v -0.34863281 0.03808594 -0.10644531
v -0.41308594 -0.00097656 -0.10839844
v -0.41308594 -0.00097656 -0.10839844
v -0.41503906 0.00292969 -0.11230469
v -0.41503906 0.00292969 -0.11230469
v -0.41503906 0.00292969 -0.11230469
v -0.46972656 -0.04003906 -0.11230469
v -0.46972656 -0.04003906 -0.11230469
v -0.47167969 -0.04003906 -0.12011719
v -0.41503906 0.00488281 -0.11621094
v -0.41503906 0.00488281 -0.11621094
v -0.41503906 0.00488281 -0.11621094
v -0.34863281 0.03417969 -0.12011719
v -0.34863281 0.03417969 -0.12011719
v -0.34863281 0.03417969 -0.10839844
v -0.41308594 -0.00683594 -0.10644531
v -0.41308594 -0.00683594 -0.10644531
v -0.46972656 -0.04589844 -0.10839844
v -0.46972656 -0.05566406 -0.12011719
v -0.46972656 -0.05566406 -0.12011719
v -0.41308594 -0.01074219 -0.12011719
v -0.41308594 -0.01074219 -0.12011719
v -0.41308594 -0.01074219 -0.10839844
v -0.41308594 -0.01074219 -0.10839844
v -0.41308594 -0.01074219 -0.10839844
v -0.46972656 -0.05175781 -0.10644531
v -0.46972656 -0.05761719 -0.10839844
v -0.46972656 -0.05761719 -0.10839844
v -0.47949219 -0.01855469 -0.11621094
v -0.47363281 -0.02246094 -0.11230469
v -0.47558594 -0.02246094 -0.12402344
v -0.47558594 -0.02246094 -0.12402344
v -0.47167969 -0.02636719 -0.12011719
v -0.47167969 -0.02636719 -0.12011719
v -0.46972656 -0.02636719 -0.11621094
v -0.47167969 -0.02636719 -0.11230469
v -0.47753906 -0.02246094 -0.10839844
v -0.48144531 -0.02246094 -0.10839844
v -0.48535156 -0.02246094 -0.11230469
v -0.48730469 -0.02246094 -0.11621094
v -0.48535156 -0.02246094 -0.12207031
v -0.48535156 -0.02246094 -0.12207031
v -0.47949219 -0.02636719 -0.12597656
v -0.47558594 -0.02636719 -0.12402344
v -0.47558594 -0.02832031 -0.12402344
v -0.47363281 -0.02832031 -0.12011719
v -0.47363281 -0.02832031 -0.12011719
v -0.47363281 -0.02832031 -0.11425781
v -0.47363281 -0.02832031 -0.11425781
v -0.47558594 -0.02636719 -0.10839844
v -0.47949219 -0.02636719 -0.10644531
v -0.48535156 -0.02636719 -0.10839844
v -0.48925781 -0.02636719 -0.11621094
v -0.48925781 -0.02636719 -0.11621094
v -0.48535156 -0.02636719 -0.12402344
v -0.48339844 -0.02832031 -0.12402344
v -0.47949219 -0.02832031 -0.12402344
v -0.47753906 -0.02832031 -0.12207031
v -0.47558594 -0.03027344 -0.12402344
v -0.47949219 -0.03222656 -0.12792969
v -0.47558594 -0.03222656 -0.12402344
v -0.47949219 -0.03417969 -0.12792969
v -0.47363281 -0.03613281 -0.12597656
v -0.48144531 -0.04003906 -0.12597656
v -0.47753906 -0.04003906 -0.12597656
v -0.47363281 -0.04003906 -0.12402344
v -0.46972656 -0.03613281 -0.12207031
v -0.47167969 -0.04003906 -0.12011719
v -0.46972656 -0.03417969 -0.11230469
v -0.46972656 -0.03417969 -0.11230469
v -0.46972656 -0.04003906 -0.11425781
v -0.46972656 -0.03417969 -0.11621094
v -0.47167969 -0.03222656 -0.12011719
v -0.47167969 -0.03027344 -0.12011719
v -0.47167969 -0.03027344 -0.11425781
v -0.47558594 -0.02832031 -0.11035156
v -0.47558594 -0.02832031 -0.11035156
v -0.47753906 -0.02832031 -0.10839844
v -0.48339844 -0.02832031 -0.11035156
v -0.48535156 -0.02832031 -0.11230469
v -0.48730469 -0.02832031 -0.11621094
v -0.48730469 -0.02832031 -0.11621094
v -0.48535156 -0.02832031 -0.12207031
v -0.48535156 -0.02832031 -0.12207031
v -0.48535156 -0.03027344 -0.12402344
v -0.48535156 -0.03027344 -0.12402344
v -0.48535156 -0.03222656 -0.12402344
v -0.48730469 -0.03417969 -0.12402344
v -0.48535156 -0.04003906 -0.12207031
v -0.48730469 -0.04003906 -0.12011719
v -0.48730469 -0.04003906 -0.12011719
v -0.48730469 -0.04003906 -0.11621094
v -0.47167969 -0.04003906 -0.11425781
v -0.47167969 -0.04003906 -0.11425781
v -0.47363281 -0.04003906 -0.11035156
v -0.47167969 -0.03808594 -0.10839844
v -0.47753906 -0.04003906 -0.10839844
v -0.47558594 -0.03417969 -0.10644531
v -0.47167969 -0.03222656 -0.11230469
v -0.47167969 -0.03222656 -0.11230469
v -0.47363281 -0.03222656 -0.10839844
v -0.47363281 -0.03222656 -0.10839844
v -0.47949219 -0.03027344 -0.10839844
v -0.48535156 -0.03027344 -0.11035156
v -0.48925781 -0.03027344 -0.11621094
v -0.48925781 -0.03222656 -0.11621094
v -0.48925781 -0.03222656 -0.11621094
v -0.48925781 -0.03417969 -0.12207031
v -0.48925781 -0.03417969 -0.12207031
v -0.49121094 -0.03613281 -0.11621094
v -0.48730469 -0.04003906 -0.11425781
v -0.48535156 -0.04003906 -0.11035156
v -0.48144531 -0.04003906 -0.10644531
v -0.47949219 -0.03808594 -0.10449219
v -0.47949219 -0.03417969 -0.10644531
v -0.47949219 -0.03222656 -0.10644531
v -0.48535156 -0.03222656 -0.11035156
v -0.48925781 -0.03222656 -0.11230469
v -0.48730469 -0.03417969 -0.10839844
v -0.48535156 -0.03417969 -0.10644531
v -0.48535156 -0.03222656 -0.10839844
v 0.33886719 -0.05761719 -0.10058594
v 0.33886719 -0.05957031 -0.12402344
v 0.33886719 -0.05957031 -0.12402344
v 0.34277344 -0.04394531 -0.10253906
v 0.34277344 -0.04394531 -0.10253906
v 0.33886719 -0.04199219 -0.11816406
v 0.33886719 -0.04394531 -0.12402344
v 0.33886719 -0.04394531 -0.12402344
v 0.28613281 -0.01269531 -0.12402344
v 0.28613281 -0.01269531 -0.12402344
v 0.28613281 -0.01269531 -0.12402344
v 0.28613281 -0.02832031 -0.12402344
v 0.28613281 -0.02832031 -0.12402344
v 0.28613281 -0.02832031 -0.12402344
v 0.28613281 -0.02636719 -0.10058594
v 0.28613281 -0.02636719 -0.10058594
v 0.28613281 -0.02636719 -0.10058594
v 0.29003906 -0.01464844 -0.10253906
v 0.29003906 -0.01464844 -0.10253906
v 0.28613281 -0.01269531 -0.11621094
v 0.28613281 -0.01269531 -0.11621094
v 0.22167969 0.01269531 -0.12402344
v 0.22167969 0.01269531 -0.12402344
v 0.22167969 -0.00097656 -0.12597656
v 0.22167969 -0.00097656 -0.12597656
v 0.22167969 -0.00097656 -0.12597656
v 0.22167969 -0.00097656 -0.10058594
v 0.22167969 -0.00097656 -0.10058594
v 0.22167969 -0.00097656 -0.10058594
v 0.22558594 0.01269531 -0.10253906
v 0.22558594 0.01269531 -0.10253906
v 0.22558594 0.01269531 -0.10253906
v 0.21972656 0.01464844 -0.11621094
v 0.15332031 0.04003906 -0.12402344
v 0.15332031 0.04003906 -0.12402344
v 0.15332031 0.02246094 -0.12597656
v 0.15332031 0.02246094 -0.12597656
v 0.15332031 0.02246094 -0.12597656
v 0.15332031 0.02246094 -0.10058594
v 0.15527344 0.03417969 -0.10253906
v 0.15527344 0.03417969 -0.10253906
v 0.15527344 0.03417969 -0.10253906
v 0.14941406 0.04003906 -0.11621094
v 0.14941406 0.04003906 -0.11621094
v 0.08300782 0.05761719 -0.12402344
v 0.08300782 0.04199219 -0.12597656
v 0.08300782 0.04199219 -0.12597656
v 0.08300782 0.04199219 -0.10058594
v 0.08300782 0.04199219 -0.10058594
v 0.08300782 0.04199219 -0.10058594
v 0.08496094 0.05371094 -0.10253906
v 0.08496094 0.05371094 -0.10253906
v 0.08496094 0.05371094 -0.10253906
v 0.08105469 0.05761719 -0.11425781
v 0.00878907 0.06933594 -0.11425781
v 0.00878907 0.06933594 -0.11425781
v 0.00878907 0.06933594 -0.11425781
v 0.00878907 0.06933594 -0.11425781
v 0.01269532 0.06933594 -0.12402344
v 0.01269532 0.06933594 -0.12402344
v 0.01074219 0.05371094 -0.12597656
v 0.01074219 0.05371094 -0.12597656
v 0.01074219 0.05371094 -0.12597656
v 0.01074219 0.05371094 -0.10058594
v 0.01074219 0.05371094 -0.10058594
v 0.01269532 0.06347656 -0.10253906
v 0.01269532 0.06347656 -0.10253906
v 0.01269532 0.06347656 -0.10253906
v -0.05957031 0.06738281 -0.10253906
v -0.05957031 0.06738281 -0.10253906
v -0.06347656 0.07324219 -0.11425781
v -0.05957031 0.07128906 -0.12402344
v -0.05957031 0.07128906 -0.12402344
v -0.06152343 0.05761719 -0.12597656
v -0.06152343 0.05761719 -0.12597656
v -0.06152343 0.05761719 -0.10058594
v -0.06152343 0.05761719 -0.10058594
v -0.13183594 0.06542969 -0.10449219
v -0.13183594 0.06542969 -0.10449219
v -0.13378906 0.06933594 -0.11425781
v -0.13378906 0.06933594 -0.11425781
v -0.13183594 0.06738281 -0.12402344
v -0.13183594 0.06738281 -0.12402344
v -0.13378906 0.05566406 -0.12597656
v -0.13378906 0.05566406 -0.12597656
v -0.13378906 0.05566406 -0.12597656
v -0.13378906 0.05566406 -0.12597656
v -0.13378906 0.05566406 -0.12597656
v -0.13378906 0.05566406 -0.10253906
v -0.13378906 0.05566406 -0.10253906
v -0.20410156 0.05566406 -0.10449219
v -0.20605469 0.05957031 -0.11425781
v -0.20410156 0.05761719 -0.12402344
v -0.20410156 0.04589844 -0.12597656
v -0.20410156 0.04589844 -0.12597656
v -0.20410156 0.04589844 -0.10253906
v -0.27441406 0.03613281 -0.10449219
v -0.27441406 0.03613281 -0.10449219
v -0.27441406 0.04003906 -0.11425781
v -0.27441406 0.04003906 -0.11425781
v -0.27441406 0.03808594 -0.12402344
v -0.27441406 0.03808594 -0.12402344
v -0.27441406 0.03808594 -0.12402344
v -0.27441406 0.02636719 -0.12597656
v -0.27441406 0.02636719 -0.12597656
v -0.27441406 0.02636719 -0.12597656
v -0.27441406 0.02636719 -0.10253906
v -0.27441406 0.02636719 -0.10253906
v -0.34277344 0.00683594 -0.10449219
v -0.34277344 0.01074219 -0.11425781
v -0.34277344 0.00878906 -0.12402344
v -0.40722656 -0.03417969 -0.12402344
v -0.40722656 -0.03417969 -0.12402344
v -0.40722656 -0.03417969 -0.12402344
v -0.40722656 -0.03417969 -0.12402344
v -0.34277344 -0.00292969 -0.12597656
v -0.34277344 -0.00292969 -0.12597656
v -0.34277344 -0.00292969 -0.10253906
v -0.40722656 -0.03613281 -0.10449219
v -0.40722656 -0.03613281 -0.10449219
v -0.40722656 -0.03222656 -0.11425781
v -0.40722656 -0.03222656 -0.11425781
v -0.46386719 -0.08105469 -0.11425781
v -0.46386719 -0.08300781 -0.12597656
v -0.46386719 -0.08300781 -0.12597656
v -0.46386719 -0.09667969 -0.12597656
v -0.46386719 -0.09667969 -0.12597656
v -0.40722656 -0.04589844 -0.12597656
v -0.40722656 -0.04589844 -0.12597656
v -0.40722656 -0.04785156 -0.10253906
v -0.40722656 -0.04785156 -0.10253906
v -0.40722656 -0.04785156 -0.10253906
v -0.46386719 -0.08300781 -0.10253906
v -0.46386719 -0.08300781 -0.10253906
v -0.46386719 -0.09667969 -0.10253906
v 0.33691406 -0.10253906 -0.09472656
v 0.33691406 -0.09472656 -0.12011719
v 0.34082031 -0.07714844 -0.09472656
v 0.34082031 -0.07714844 -0.09472656
v 0.34082031 -0.07714844 -0.12011719
v 0.34082031 -0.07714844 -0.12011719
v 0.28222656 -0.04589844 -0.12011719
v 0.28222656 -0.04589844 -0.12011719
v 0.28222656 -0.04589844 -0.12011719
v 0.28222656 -0.04589844 -0.12011719
v 0.27832031 -0.06542969 -0.12011719
v 0.27832031 -0.06542969 -0.12011719
v 0.27832031 -0.06542969 -0.12011719
v 0.27832031 -0.07128906 -0.09472656
v 0.28417969 -0.04394531 -0.09472656
v 0.28417969 -0.04394531 -0.09472656
v 0.28417969 -0.04394531 -0.09472656
v 0.21582031 -0.01660156 -0.12011719
v 0.21582031 -0.01660156 -0.12011719
v 0.21191406 -0.04003906 -0.12011719
v 0.21191406 -0.04003906 -0.12011719
v 0.21191406 -0.04003906 -0.12011719
v 0.21191406 -0.04394531 -0.09472656
v 0.21191406 -0.04394531 -0.09472656
v 0.21191406 -0.04394531 -0.09472656
v 0.21582031 -0.01660156 -0.09472656
v 0.14746094 0.00292969 -0.12011719
v 0.14746094 0.00292969 -0.12011719
v 0.14550781 -0.02050781 -0.12207031
v 0.14550781 -0.02050781 -0.12207031
v 0.14550781 -0.02050781 -0.12207031
v 0.14550781 -0.02050781 -0.09472656
v 0.14550781 -0.02050781 -0.09472656
v 0.14746094 0.00488281 -0.09472656
v 0.14746094 0.00488281 -0.09472656
v 0.07910157 0.02050781 -0.12011719
v 0.07910157 0.02050781 -0.12011719
v 0.07519532 -0.00292969 -0.12207031
v 0.07519532 -0.00292969 -0.12207031
v 0.07519532 -0.00292969 -0.12207031
v 0.07519532 -0.00292969 -0.09472656
v 0.07519532 -0.00292969 -0.09472656
v 0.07519532 -0.00292969 -0.09472656
v 0.07519532 -0.00292969 -0.09472656
v 0.07519532 -0.00292969 -0.09472656
v 0.07910157 0.02246094 -0.09472656
v 0.00683594 0.03222656 -0.12011719
v 0.00683594 0.03222656 -0.12011719
v 0.00488282 0.00683594 -0.12011719
v 0.00488282 0.00683594 -0.12011719
v 0.00488282 0.00683594 -0.12011719
v 0.00488282 0.00683594 -0.09472656
v 0.00488282 0.00683594 -0.09472656
v 0.00488282 0.00683594 -0.09472656
v 0.00683594 0.03222656 -0.09472656
v 0.00683594 0.03222656 -0.09472656
v -0.13183594 0.03027344 -0.09472656
v -0.13183594 0.03027344 -0.09472656
v -0.13183594 0.03027344 -0.12011719
v -0.13183594 0.03027344 -0.12011719
v -0.20410156 0.02050781 -0.12011719
v -0.13183594 0.00683594 -0.12011719
v -0.13183594 0.00683594 -0.12011719
v -0.13183594 0.00683594 -0.12011719
v -0.13183594 0.00683594 -0.09472656
v -0.13183594 0.00683594 -0.09472656
v -0.13183594 0.00683594 -0.09472656
v -0.20410156 0.02050781 -0.09472656
v -0.27246094 0.00097656 -0.09472656
v -0.27246094 0.00097656 -0.09472656
v -0.27246094 0.00097656 -0.09472656
v -0.27246094 0.00097656 -0.12011719
v -0.27246094 0.00097656 -0.12011719
v -0.20214844 -0.00488281 -0.12011719
v -0.20214844 -0.00292969 -0.09472656
v -0.20214844 -0.00292969 -0.09472656
v -0.27050781 -0.02246094 -0.09472656
v -0.27050781 -0.02246094 -0.09472656
v -0.34082031 -0.02832031 -0.09472656
v -0.34082031 -0.02832031 -0.12011719
v -0.27050781 -0.02246094 -0.12011719
v -0.27050781 -0.02246094 -0.12011719
v -0.27050781 -0.02246094 -0.12011719
v -0.33691406 -0.05175781 -0.09472656
v -0.40527344 -0.06933594 -0.09472656
v -0.40527344 -0.06933594 -0.09472656
v -0.40527344 -0.06933594 -0.09472656
v -0.46582031 -0.11816406 -0.12011719
v -0.46386719 -0.12011719 -0.09472656
v -0.46386719 -0.12011719 -0.09472656
v -0.40527344 -0.06738281 -0.12011719
v -0.40527344 -0.06738281 -0.12011719
v -0.33691406 -0.05175781 -0.12011719
v -0.33691406 -0.05175781 -0.12011719
v -0.33691406 -0.05175781 -0.12011719
v -0.40136719 -0.09277344 -0.09472656
v -0.40136719 -0.09277344 -0.09472656
v -0.45996094 -0.14355469 -0.09472656
v -0.45996094 -0.14355469 -0.12011719
v -0.45996094 -0.14355469 -0.12011719
v -0.40136719 -0.09082031 -0.12011719
v -0.40136719 -0.09082031 -0.12011719
v -0.40136719 -0.09082031 -0.12011719
v 0.32519531 -0.10058594 -0.08886719
v 0.32519531 -0.13769531 -0.08886719
v 0.32519531 -0.13769531 -0.08886719
v 0.32910156 -0.10058594 -0.09082031
v 0.32910156 -0.10058594 -0.09082031
v 0.32714844 -0.13574219 -0.13964844
v 0.33496094 -0.10058594 -0.14355469
v 0.33496094 -0.10058594 -0.14355469
v 0.33300781 -0.09472656 -0.10839844
v 0.33300781 -0.09472656 -0.10839844
v 0.32910156 -0.09863281 -0.13964844
v 0.26855469 -0.10449219 -0.13964844
v 0.26660156 -0.10839844 -0.08886719
v 0.26660156 -0.10839844 -0.08886719
v 0.26660156 -0.10839844 -0.08886719
v 0.26660156 -0.06933594 -0.08886719
v 0.26660156 -0.06933594 -0.08886719
v 0.26660156 -0.06933594 -0.08886719
v 0.26855469 -0.06738281 -0.09082031
v 0.26855469 -0.06738281 -0.09082031
v 0.27050781 -0.06347656 -0.11035156
v 0.27050781 -0.06347656 -0.11035156
v 0.27441406 -0.06738281 -0.14355469
v 0.27441406 -0.06738281 -0.14355469
v 0.26855469 -0.06738281 -0.13964844
v 0.26855469 -0.06738281 -0.13964844
v 0.26855469 -0.06738281 -0.13964844
v 0.20410156 -0.07714844 -0.13964844
v 0.20410156 -0.07714844 -0.13964844
v 0.20410156 -0.07714844 -0.13964844
v 0.20410156 -0.08105469 -0.08691406
v 0.20410156 -0.08105469 -0.08691406
v 0.20410156 -0.08105469 -0.08691406
v 0.20410156 -0.04199219 -0.08691406
v 0.20410156 -0.04199219 -0.08691406
v 0.20605469 -0.04003906 -0.09082031
v 0.20605469 -0.04003906 -0.09082031
v 0.20605469 -0.04003906 -0.09082031
v 0.20605469 -0.03417969 -0.10839844
v 0.20605469 -0.03417969 -0.10839844
v 0.20605469 -0.03417969 -0.10839844
v 0.20996094 -0.04003906 -0.14355469
v 0.20996094 -0.04003906 -0.14355469
v 0.20605469 -0.03808594 -0.13964844
v 0.13964844 -0.05175781 -0.13964844
v 0.13964844 -0.05175781 -0.13964844
v 0.13769531 -0.05761719 -0.08691406
v 0.13769531 -0.05761719 -0.08691406
v 0.13769531 -0.05761719 -0.08691406
v 0.13964844 -0.01855469 -0.08691406
v 0.13964844 -0.01855469 -0.08691406
v 0.13964844 -0.01855469 -0.08691406
v 0.14160156 -0.01855469 -0.08886719
v 0.14160156 -0.01855469 -0.08886719
v 0.14160156 -0.01855469 -0.08886719
v 0.14355469 -0.01464844 -0.10839844
v 0.14355469 -0.01464844 -0.10839844
v 0.14355469 -0.01464844 -0.10839844
v 0.14550781 -0.01660156 -0.14355469
v 0.14160156 -0.01660156 -0.13964844
v 0.14160156 -0.01660156 -0.13964844
v 0.07324219 -0.03613281 -0.13964844
v 0.07324219 -0.03613281 -0.13964844
v 0.07324219 -0.03613281 -0.13964844
v 0.07324219 -0.04003906 -0.08691406
v 0.07324219 -0.04003906 -0.08691406
v 0.07324219 -0.04003906 -0.08691406
v 0.00488282 0.00878906 -0.08691406
v 0.00488282 0.00878906 -0.08691406
v 0.00488282 -0.02832031 -0.08691406
v 0.00488282 -0.02832031 -0.08691406
v 0.00488282 -0.02832031 -0.08691406
v 0.00488282 -0.02832031 -0.08691406
v 0.07324219 -0.00097656 -0.08691406
v 0.07324219 -0.00097656 -0.08886719
v 0.07324219 -0.00097656 -0.08886719
v 0.07519532 0.00488281 -0.10839844
v 0.07519532 0.00488281 -0.10839844
v 0.07714844 0.00097656 -0.14355469
v 0.07714844 0.00097656 -0.14355469
v 0.07714844 0.00097656 -0.14355469
v 0.07519532 0.00097656 -0.13964844
v 0.00488282 -0.02246094 -0.13964844
v 0.00488282 -0.02246094 -0.13964844
v -0.06347656 -0.02441406 -0.08691406
v -0.06347656 -0.02441406 -0.08691406
v -0.06347656 -0.02441406 -0.08691406
v -0.06152343 0.01269531 -0.08691406
v 0.00488282 0.01074219 -0.08886719
v 0.00488282 0.01074219 -0.08886719
v 0.00683594 0.01855469 -0.10839844
v 0.00683594 0.01855469 -0.10839844
v 0.00878907 0.01269531 -0.14355469
v 0.00878907 0.01269531 -0.14355469
v 0.00878907 0.01269531 -0.14355469
v 0.00683594 0.01269531 -0.13964844
v 0.00683594 0.01269531 -0.13964844
v -0.06347656 0.01660156 -0.13964844
v -0.06542969 -0.01855469 -0.13964844
v -0.06542969 -0.01855469 -0.13964844
v -0.13183594 -0.02636719 -0.08691406
v -0.12988281 0.00878906 -0.08691406
v -0.12988281 0.00878906 -0.08691406
v -0.06347656 0.01464844 -0.08886719
v -0.06347656 0.01464844 -0.08886719
v -0.06347656 0.02246094 -0.11035156
v -0.06152343 0.01660156 -0.14355469
v -0.13183594 0.01269531 -0.13964844
v -0.13183594 0.01269531 -0.13964844
v -0.13183594 0.01269531 -0.13964844
v -0.13378906 -0.01855469 -0.13964844
v -0.13378906 -0.01855469 -0.13964844
v -0.19824219 -0.03808594 -0.08691406
v -0.19824219 -0.00292969 -0.08691406
v -0.13183594 0.01074219 -0.08886719
v -0.13183594 0.01074219 -0.08886719
v -0.13183594 0.01464844 -0.14355469
v -0.13183594 0.01464844 -0.14355469
v -0.20019531 0.00097656 -0.13964844
v -0.20214844 -0.03222656 -0.13964844
v -0.20214844 -0.03222656 -0.13964844
v -0.20214844 -0.03222656 -0.13964844
v -0.27050781 -0.04980469 -0.13964844
v -0.27050781 -0.04980469 -0.13964844
v -0.26464844 -0.05761719 -0.08691406
v -0.26464844 -0.05761719 -0.08691406
v -0.26464844 -0.05761719 -0.08691406
v -0.26464844 -0.02246094 -0.08691406
v -0.26464844 -0.02246094 -0.08691406
v -0.20019531 -0.00097656 -0.08886719
v -0.20214844 0.00683594 -0.11035156
v -0.20214844 0.00292969 -0.14355469
v -0.26660156 -0.01855469 -0.13964844
v -0.26660156 -0.01855469 -0.13964844
v -0.33105469 -0.04589844 -0.13964844
v -0.38769531 -0.11621094 -0.13964844
v -0.38769531 -0.11621094 -0.13964844
v -0.39160156 -0.08496094 -0.13964844
v -0.39160156 -0.08496094 -0.13964844
v -0.39160156 -0.08496094 -0.13964844
v -0.33496094 -0.07714844 -0.13964844
v -0.32714844 -0.08496094 -0.08886719
v -0.32714844 -0.08496094 -0.08886719
v -0.32714844 -0.04785156 -0.08886719
v -0.26660156 -0.02050781 -0.09082031
v -0.26660156 -0.02050781 -0.09082031
v -0.27050781 -0.01074219 -0.11230469
v -0.27050781 -0.01074219 -0.11230469
v -0.26855469 -0.01660156 -0.14355469
v -0.26855469 -0.01660156 -0.14355469
v -0.33496094 -0.04394531 -0.14355469
v -0.39550781 -0.08300781 -0.14355469
v -0.39550781 -0.08300781 -0.14355469
v -0.45019531 -0.13574219 -0.14355469
v -0.45214844 -0.13183594 -0.11035156
v -0.44628906 -0.13574219 -0.13964844
v -0.44628906 -0.13574219 -0.13964844
v -0.43652344 -0.15722656 -0.13964844
v -0.42285156 -0.15917969 -0.08886719
v -0.37792969 -0.12207031 -0.08886719
v -0.37792969 -0.12207031 -0.08886719
v -0.38574219 -0.08691406 -0.08886719
v -0.38574219 -0.08691406 -0.08886719
v -0.38574219 -0.08691406 -0.08886719
v -0.38574219 -0.08691406 -0.08886719
v -0.33105469 -0.04785156 -0.09082031
v -0.33496094 -0.04003906 -0.11035156
v -0.39550781 -0.08105469 -0.11035156
v -0.39550781 -0.08105469 -0.11035156
v -0.44433594 -0.13769531 -0.09277344
v -0.43847656 -0.13769531 -0.08886719
v -0.43847656 -0.13769531 -0.08886719
v -0.38964844 -0.08691406 -0.09082031
v -0.38964844 -0.08691406 -0.09082031
v -0.46972656 -0.04003906 -0.12792969
v -0.49121094 -0.04003906 -0.12792969
v -0.49121094 -0.04003906 -0.10449219
v -0.49121094 -0.04199219 -0.12988281
v -0.47558594 -0.15917969 -0.12988281
v -0.49121094 -0.15917969 -0.12988281
v -0.49121094 -0.15917969 -0.12988281
v -0.46777344 -0.04199219 -0.12988281
v -0.46777344 -0.04199219 -0.12988281
v -0.46972656 -0.04003906 -0.10449219
v -0.49121094 -0.04199219 -0.10253906
v -0.49121094 -0.04199219 -0.10253906
v -0.49121094 -0.15917969 -0.10253906
v -0.49121094 -0.15917969 -0.10253906
v -0.47558594 -0.15917969 -0.10253906
v -0.47558594 -0.15917969 -0.10253906
v -0.46777344 -0.04199219 -0.10253906
v -0.46777344 -0.04199219 -0.10253906
v -0.07714844 0.15527344 0.11621094
v -0.07714844 0.15527344 0.11621094
v -0.07714844 0.15527344 0.11816406
v -0.07714844 0.15332031 0.11621094
v -0.07714844 0.15332031 0.11621094
v -0.07714844 0.15332031 0.11816406
v -0.07714844 0.15332031 0.11816406
v -0.07910156 0.14941406 0.11621094
v -0.07714844 0.14941406 0.11816406
v -0.07714844 0.14941406 0.11816406
v -0.07910156 0.14941406 0.12011719
v -0.07714844 0.15332031 0.12207031
v -0.07714844 0.15527344 0.12207031
v -0.07910156 0.15332031 0.12402344
v -0.08300781 0.15332031 0.12402344
v -0.08105469 0.15722656 0.12402344
v -0.07910156 0.15722656 0.12011719
v -0.08105469 0.15722656 0.11425781
v -0.08105469 0.15722656 0.11425781
v -0.08300781 0.15917969 0.11816406
v -0.08496094 0.15917969 0.11621094
v -0.08496094 0.15917969 0.11621094
v -0.08496094 0.15527344 0.11425781
v -0.08300781 0.15722656 0.11425781
v -0.08300781 0.15332031 0.11230469
v -0.07910156 0.15332031 0.11425781
v -0.08105469 0.14941406 0.11425781
v -0.08105469 0.14550781 0.11621094
v -0.07910156 0.14550781 0.12011719
v -0.07910156 0.14550781 0.12011719
v -0.08105469 0.14941406 0.12402344
v -0.08300781 0.14941406 0.12402344
v -0.08496094 0.15136719 0.12402344
v -0.08300781 0.15527344 0.12402344
v -0.08300781 0.15722656 0.12402344
v -0.08691406 0.15722656 0.11816406
v -0.08691406 0.15722656 0.11816406
v -0.08691406 0.15527344 0.11621094
v -0.08496094 0.15136719 0.11230469
v -0.08300781 0.14941406 0.11230469
v -0.08300781 0.14550781 0.11621094
v -0.08496094 0.14550781 0.11621094
v -0.08496094 0.14550781 0.12207031
v -0.08496094 0.14550781 0.12207031
v -0.08496094 0.14941406 0.12402344
v -0.08496094 0.14941406 0.12402344
v -0.08496094 0.15722656 0.12207031
v -0.08496094 0.15722656 0.12207031
v -0.08691406 0.15527344 0.12207031
v -0.08886719 0.15332031 0.12207031
v -0.08886719 0.15332031 0.12207031
v -0.08886719 0.15332031 0.11816406
v -0.08691406 0.15136719 0.11621094
v -0.08496094 0.14941406 0.11425781
v -0.08691406 0.14550781 0.11816406
v -0.08691406 0.14941406 0.12011719
v -0.08691406 0.14941406 0.11621094
v -0.00097656 0.01855469 0.11816406
v -0.00097656 0.01855469 0.11816406
v 0.00097657 0.01464844 0.11621094
v 0.00097657 0.01464844 0.11621094
v -0.00683593 0.01660156 -0.00683594
v -0.00683593 0.01660156 -0.00683594
v -0.00683593 0.01660156 -0.00683594
v -0.00488281 0.01464844 -0.00683594
v -0.00488281 0.01464844 -0.00683594
v -0.00097656 0.01660156 -0.09863281
v -0.00488281 0.01855469 -0.09472656
v -0.05761718 0.01074219 -0.10644531
v -0.04394531 0.02246094 -0.09667969
v -0.00097656 0.00683594 -0.10058594
v -0.00097656 0.00683594 -0.10058594
v -0.00097656 0.00683594 -0.10058594
v -0.00097656 0.00683594 0.11816406
v -0.00097656 0.00683594 0.11816406
v -0.05175781 0.02246094 0.11621094
v -0.05175781 0.02050781 -0.00683594
v -0.05175781 0.02050781 -0.00683594
v -0.05371093 0.02050781 -0.09863281
v -0.05957031 0.01269531 -0.10058594
v -0.05957031 0.01855469 -0.10058594
v -0.05957031 0.01855469 -0.10058594
v -0.05957031 0.01269531 0.11816406
v -0.05957031 0.01269531 0.11816406
v -0.05761718 0.01855469 0.11621094
v -0.05761718 0.01855469 -0.00683594
v -0.05761718 0.01855469 -0.00683594
v -0.08300781 0.13183594 0.10839844
v -0.08300781 0.13378906 0.10839844
v -0.07714844 0.13378906 0.11035156
v -0.07714844 0.14160156 0.11035156
v -0.08300781 0.14355469 0.11035156
v -0.07714844 0.14550781 0.11425781
v -0.08300781 0.14746094 0.11816406
v -0.08300781 0.14746094 0.11816406
v -0.07714844 0.14355469 0.12207031
v -0.07910156 0.14550781 0.12597656
v -0.07910156 0.14550781 0.12597656
v -0.08496094 0.14355469 0.12597656
v -0.08886719 0.14550781 0.12402344
v -0.08886719 0.14550781 0.12402344
v -0.09082031 0.14355469 0.11816406
v -0.08886719 0.14550781 0.11425781
v -0.08691406 0.13964844 0.11035156
v -0.08691406 0.13769531 0.11230469
v -0.08300781 0.13964844 0.10839844
v -0.07910156 0.13769531 0.11230469
v -0.07910156 0.13769531 0.11425781
v -0.07714844 0.13769531 0.11621094
v -0.07519531 0.13964844 0.11425781
v -0.07324219 0.13964844 0.11816406
v -0.07324219 0.13964844 0.11816406
v -0.07519531 0.13964844 0.12402344
v -0.07519531 0.13964844 0.12402344
v -0.07714844 0.13964844 0.12597656
v -0.08300781 0.13964844 0.12792969
v -0.08691406 0.13964844 0.12597656
v -0.08691406 0.13769531 0.12597656
v -0.09082031 0.14160156 0.12402344
v -0.09082031 0.14160156 0.12402344
v -0.09277344 0.13964844 0.11816406
v -0.08691406 0.13769531 0.11425781
v -0.08300781 0.13769531 0.11230469
v -0.08300781 0.13574219 0.11035156
v -0.07714844 0.13574219 0.11035156
v -0.08691406 0.13378906 0.11035156
v -0.09082031 0.12988281 0.11035156
v -0.08496094 0.12792969 0.10839844
v -0.08300781 0.12792969 0.10839844
v -0.08105469 0.12597656 0.10839844
v -0.07714844 0.12988281 0.10839844
v -0.07324219 0.13183594 0.11425781
v -0.07128906 0.13183594 0.11816406
v -0.07128906 0.13183594 0.11816406
v -0.07324219 0.13378906 0.11816406
v -0.07324219 0.13378906 0.11816406
v -0.07519531 0.13574219 0.11425781
v -0.07519531 0.13574219 0.11425781
v -0.07519531 0.13769531 0.11816406
v -0.07519531 0.13769531 0.11816406
v -0.07714844 0.13769531 0.12207031
v -0.07910156 0.13769531 0.12402344
v -0.08105469 0.13769531 0.12597656
v -0.08691406 0.13769531 0.12402344
v -0.08691406 0.13769531 0.12402344
v -0.08886719 0.13769531 0.12207031
v -0.08886719 0.13769531 0.12207031
v -0.08886719 0.13769531 0.11816406
v -0.08886719 0.13574219 0.11035156
v -0.09082031 0.13378906 0.11425781
v -0.09082031 0.13183594 0.11230469
v -0.09082031 0.12597656 0.11621094
v -0.09082031 0.12597656 0.11621094
v -0.08886719 0.12597656 0.11230469
v -0.07910156 0.12597656 0.11035156
v -0.07519531 0.12597656 0.11230469
v -0.07324219 0.12597656 0.11621094
v -0.07324219 0.12597656 0.11621094
v -0.07324219 0.12792969 0.12011719
v -0.07324219 0.13183594 0.12402344
v -0.07519531 0.13183594 0.12597656
v -0.07519531 0.13574219 0.12207031
v -0.07714844 0.13574219 0.12402344
v -0.08300781 0.13574219 0.12792969
v -0.08886719 0.13574219 0.12402344
v -0.09277344 0.13574219 0.11816406
v -0.09277344 0.13574219 0.11816406
v -0.09082031 0.13378906 0.11816406
v -0.09082031 0.13378906 0.11816406
v -0.09277344 0.13183594 0.11816406
v -0.09277344 0.13183594 0.11816406
v -0.09082031 0.12597656 0.11816406
v -0.09082031 0.12597656 0.12207031
v -0.08886719 0.12597656 0.12402344
v -0.07714844 0.12597656 0.12402344
v -0.07714844 0.12597656 0.12402344
v -0.07714844 0.13183594 0.12792969
v -0.08105469 0.12597656 0.12792969
v -0.08300781 0.12792969 0.12988281
v -0.08300781 0.12988281 0.12988281
v -0.07714844 0.13378906 0.12792969
v -0.08300781 0.13378906 0.12988281
v -0.08886719 0.13574219 0.12792969
v -0.09082031 0.13378906 0.12402344
v -0.09082031 0.13378906 0.12402344
v -0.09277344 0.13378906 0.12402344
v -0.09277344 0.13378906 0.12402344
v -0.09082031 0.12988281 0.12597656
v -0.08691406 0.12597656 0.12597656
v -0.08496094 0.13183594 0.12792969
v -0.09277344 0.12597656 0.12988281
v -0.07128906 0.12597656 0.10644531
v -0.09277344 0.12597656 0.10644531
v -0.09472656 0.12402344 0.10449219
v -0.09472656 0.12402344 0.10449219
v -0.09472656 0.01855469 0.10449219
v -0.09472656 0.01855469 0.10449219
v -0.07128906 0.01855469 0.10449219
v -0.07128906 0.01855469 0.10449219
v -0.07128906 0.12402344 0.10449219
v -0.07128906 0.12402344 0.10449219
v -0.07128906 0.12597656 0.12988281
v -0.09472656 0.12402344 0.13183594
v -0.09472656 0.12402344 0.13183594
v -0.09472656 0.01855469 0.13183594
v -0.09472656 0.01855469 0.13183594
v -0.07128906 0.01855469 0.13183594
v -0.07128906 0.01855469 0.13183594
v -0.07128906 0.12402344 0.13183594
v -0.07128906 0.12402344 0.13183594
v -0.06542969 0.02246094 0.11816406
v -0.06542969 0.01855469 0.00683594
v -0.06542969 0.01855469 0.00683594
v -0.06738281 0.02441406 0.11621094
v -0.06933594 0.02050781 0.00683594
v -0.06933594 0.02050781 0.00683594
v -0.06542969 0.02246094 -0.10253906
v -0.06933594 0.02441406 -0.10058594
v -0.12011719 0.01855469 -0.10253906
v -0.12011719 0.01855469 -0.10253906
v -0.06542969 0.00878906 -0.10449219
v -0.06542969 0.00878906 -0.10449219
v -0.06542969 0.00878906 0.11816406
v -0.06542969 0.00878906 0.11816406
v -0.06542969 0.00878906 0.11816406
v -0.12207031 0.01855469 0.11621094
v -0.12207031 0.01855469 0.11621094
v -0.12011719 0.01660156 0.00878906
v -0.12011719 0.01660156 0.00878906
v -0.12011719 0.01660156 0.00878906
v -0.12011719 0.01660156 0.00878906
v -0.12792969 0.01269531 -0.10058594
v -0.12597656 0.00488281 -0.10058594
v -0.12597656 0.00488281 -0.10058594
v -0.12597656 0.00488281 -0.10058594
v -0.12597656 0.00488281 0.11816406
v -0.12597656 0.00488281 0.11816406
v -0.12792969 0.01269531 0.11816406
v -0.12792969 0.01074219 0.00878906
v -0.12792969 0.01074219 0.00878906
v -0.13378906 0.05957031 0.12011719
v -0.13378906 0.05957031 0.12011719
v -0.13183594 0.09863281 0.12011719
v -0.13183594 0.09863281 0.12011719
v -0.13574219 0.10058594 0.12207031
v -0.13574219 0.10058594 0.12207031
v -0.13183594 0.10058594 0.11230469
v -0.15136719 0.09863281 0.12011719
v -0.15136719 0.09863281 0.11230469
v -0.15136719 0.09863281 0.11230469
v -0.13574219 0.10058594 0.11035156
v -0.13378906 0.06152344 0.11230469
v -0.13378906 0.05566406 0.11230469
v -0.13378906 0.05566406 0.11230469
v -0.13378906 0.05566406 0.11230469
v -0.13378906 0.05566406 0.11230469
v -0.13378906 0.01660156 0.12011719
v -0.13378906 0.01660156 0.11230469
v -0.13378906 0.01660156 0.11230469
v -0.13378906 0.05371094 0.12011719
v -0.13378906 0.05371094 0.12011719
v -0.14160156 0.05566406 0.12207031
v -0.14160156 0.05566406 0.12207031
v -0.14941406 0.05957031 0.12207031
v -0.14941406 0.05957031 0.12207031
v -0.15136719 0.05957031 0.12011719
v -0.15136719 0.05957031 0.12011719
v -0.15136719 0.05957031 0.12011719
v -0.15136719 0.05957031 0.11230469
v -0.15136719 0.05957031 0.11230469
v -0.15136719 0.05957031 0.11230469
v -0.14941406 0.05957031 0.11035156
v -0.14941406 0.05957031 0.11035156
v -0.14746094 0.05566406 0.11035156
v -0.13574219 0.06152344 0.11035156
v -0.13574219 0.06152344 0.11035156
v -0.13574219 0.01855469 0.11035156
v -0.14160156 0.01855469 0.12207031
v -0.14160156 0.01855469 0.12207031
v -0.14941406 0.05566406 0.12011719
v -0.14941406 0.05566406 0.12011719
v -0.14941406 0.05566406 0.11230469
v -0.14941406 0.01660156 0.11230469
v -0.14941406 0.01660156 0.12011719
v -0.20410156 0.09082031 0.11035156
v -0.20410156 0.09082031 0.11035156
v -0.20214844 0.09082031 0.11230469
v -0.20214844 0.05175781 0.11230469
v -0.20214844 0.05175781 0.11230469
v -0.20214844 0.05175781 0.11230469
v -0.20214844 0.09082031 0.12011719
v -0.20214844 0.09082031 0.12011719
v -0.22167969 0.08886719 0.11230469
v -0.22167969 0.08886719 0.11230469
v -0.21972656 0.05175781 0.11035156
v -0.20605469 0.05371094 0.11035156
v -0.20214844 0.04589844 0.11230469
v -0.20214844 0.00878906 0.11230469
v -0.20214844 0.00878906 0.12011719
v -0.20214844 0.00878906 0.12011719
v -0.20214844 0.04589844 0.12011719
v -0.20214844 0.05175781 0.12011719
v -0.20214844 0.05175781 0.12011719
v -0.20410156 0.09082031 0.12207031
v -0.20410156 0.09082031 0.12207031
v -0.22167969 0.08886719 0.12011719
v -0.21972656 0.04980469 0.12207031
v -0.22167969 0.04980469 0.12011719
v -0.22167969 0.04980469 0.11230469
v -0.21582031 0.04589844 0.11035156
v -0.21582031 0.00878906 0.11035156
v -0.21582031 0.00878906 0.11035156
v -0.20605469 0.00878906 0.12207031
v -0.20605469 0.04394531 0.12207031
v -0.20605469 0.04394531 0.12207031
v -0.20605469 0.04394531 0.12207031
v -0.22167969 0.04394531 0.12011719
v -0.22167969 0.04394531 0.11230469
v -0.22167969 0.04394531 0.11230469
v -0.22167969 0.00488281 0.11230469
v -0.22167969 0.00488281 0.12011719
v -0.22167969 0.00488281 0.12011719
v -0.13769531 0.01464844 0.11425781
v -0.13769531 0.01464844 0.11425781
v -0.13183594 0.00488281 0.11816406
v -0.13183594 0.00488281 0.11816406
v -0.13769531 0.01269531 0.04003906
v -0.13769531 0.01269531 0.04003906
v -0.13769531 0.01269531 0.04003906
v -0.13769531 0.01269531 0.04003906
v -0.13574219 0.01464844 -0.10253906
v -0.13574219 0.00488281 -0.10253906
v -0.13574219 0.00488281 -0.10253906
v -0.13574219 0.00488281 -0.10253906
v -0.14941406 0.01464844 0.11230469
v -0.14941406 0.01464844 0.11230469
v -0.14941406 0.01464844 0.11230469
v -0.19433594 0.00878906 0.11230469
v -0.19433594 0.00878906 0.11230469
v -0.14160156 0.01464844 0.04003906
v -0.14160156 0.01464844 0.04003906
v -0.13964844 0.01660156 -0.10253906
v -0.13964844 0.01660156 -0.10253906
v -0.19433594 0.00683594 -0.10253906
v -0.19433594 0.00683594 -0.10253906
v -0.19433594 0.00683594 0.11230469
v -0.19433594 0.00683594 0.11230469
v -0.19433594 0.00683594 0.11230469
v -0.19238281 0.00683594 0.04003906
v -0.19238281 0.00683594 0.04003906
v -0.19824219 0.00292969 -0.10253906
v -0.19628906 -0.00488281 -0.10253906
v -0.19628906 -0.00488281 -0.10253906
v -0.19628906 -0.00488281 -0.10253906
v -0.19628906 -0.00488281 0.11621094
v -0.19628906 -0.00488281 0.11621094
v -0.19824219 0.00097656 0.11816406
v -0.19824219 0.00097656 0.11816406
v -0.19628906 0.00292969 0.04003906
v -0.19628906 0.00292969 0.04003906
v -0.20605469 0.00097656 0.11621094
v -0.20605469 -0.00097656 0.00292969
v -0.20605469 -0.00097656 0.00292969
v -0.20996094 0.00292969 0.11425781
v -0.21191406 -0.00097656 0.00292969
v -0.21191406 -0.00097656 0.00292969
v -0.20800781 0.00097656 -0.10449219
v -0.20996094 0.00292969 -0.10253906
v -0.26855469 -0.01464844 -0.10253906
v -0.26855469 -0.01464844 -0.10253906
v -0.20605469 -0.01074219 -0.10253906
v -0.20605469 -0.01074219 -0.10253906
v -0.20410156 -0.01074219 0.11425781
v -0.20410156 -0.01074219 0.11425781
v -0.26660156 -0.01269531 0.11425781
v -0.26660156 -0.01269531 0.11425781
v -0.26269531 -0.01464844 0.00488281
v -0.26269531 -0.01464844 0.00488281
v -0.26269531 -0.01464844 0.00488281
v -0.26269531 -0.01464844 0.00488281
v -0.27246094 -0.01660156 -0.10058594
v -0.26855469 -0.02832031 -0.10253906
v -0.26855469 -0.02832031 -0.10253906
v -0.26855469 -0.02832031 -0.10253906
v -0.26855469 -0.02832031 -0.10253906
v -0.26660156 -0.02832031 0.11621094
v -0.26660156 -0.02832031 0.11621094
v -0.27050781 -0.01660156 0.11621094
v -0.26855469 -0.01855469 0.00292969
v -0.26855469 -0.01855469 0.00292969
v -0.27246094 0.06933594 0.12011719
v -0.27246094 0.06933594 0.12011719
v -0.27246094 0.06933594 0.11230469
v -0.27441406 0.06933594 0.11035156
v -0.27441406 0.06933594 0.11035156
v -0.27246094 0.03027344 0.11230469
v -0.27246094 0.03027344 0.11230469
v -0.27246094 0.02441406 0.11230469
v -0.27246094 0.02441406 0.11230469
v -0.27246094 0.03027344 0.12011719
v -0.27441406 0.06933594 0.12207031
v -0.27441406 0.06933594 0.12207031
v -0.29199219 0.06542969 0.12011719
v -0.29199219 0.06542969 0.12011719
v -0.29199219 0.06542969 0.11230469
v -0.29199219 0.06542969 0.11230469
v -0.29199219 0.06542969 0.11230469
v -0.29199219 0.06542969 0.11230469
v -0.27441406 0.02832031 0.11035156
v -0.27441406 0.02832031 0.11035156
v -0.27246094 -0.01269531 0.11230469
v -0.27246094 0.02441406 0.12011719
v -0.27246094 0.02441406 0.12011719
v -0.27246094 0.02441406 0.12011719
v -0.27441406 0.02832031 0.12207031
v -0.27441406 0.02832031 0.12207031
v -0.27441406 0.02832031 0.12207031
v -0.29003906 0.02636719 0.12011719
v -0.29003906 0.02636719 0.12011719
v -0.29003906 0.02636719 0.11230469
v -0.28808594 0.02050781 0.11035156
v -0.27441406 -0.01269531 0.11035156
v -0.27246094 -0.01269531 0.12011719
v -0.27246094 -0.01269531 0.12011719
v -0.27441406 -0.01269531 0.12207031
v -0.28808594 0.02050781 0.12207031
v -0.29199219 0.02050781 0.12011719
v -0.29199219 0.02050781 0.12011719
v -0.29199219 0.02050781 0.11230469
v -0.29199219 -0.01660156 0.11230469
v -0.29199219 -0.01660156 0.11230469
v -0.29199219 -0.01660156 0.12011719
v -0.29199219 -0.01660156 0.12011719
v -0.28613281 -0.02050781 -0.10253906
v -0.28613281 -0.02636719 0.02441406
v -0.28613281 -0.02636719 0.02441406
v -0.28027344 -0.02050781 -0.10253906
v -0.28222656 -0.02636719 0.02441406
v -0.28222656 -0.02636719 0.02441406
v -0.28222656 -0.02246094 0.11425781
v -0.28808594 -0.02246094 0.11035156
v -0.32910156 -0.04394531 0.02441406
v -0.32910156 -0.04394531 0.02441406
v -0.32910156 -0.04394531 0.02441406
v -0.33105469 -0.04199219 -0.10449219
v -0.33691406 -0.04980469 -0.10253906
v -0.33300781 -0.05566406 -0.10253906
v -0.33300781 -0.05566406 -0.10253906
v -0.27832031 -0.03027344 -0.10253906
v -0.27832031 -0.03027344 -0.10253906
v -0.27832031 -0.03027344 -0.10253906
v -0.27832031 -0.03027344 0.11425781
v -0.27832031 -0.03027344 0.11425781
v -0.32714844 -0.04003906 0.11230469
v -0.32714844 -0.04003906 0.11230469
v -0.33496094 -0.04394531 0.11425781
v -0.33496094 -0.04980469 0.02441406
v -0.33496094 -0.04980469 0.02441406
v -0.33300781 -0.05566406 0.11425781
v -0.33300781 -0.05566406 0.11425781
v -0.33691406 -0.04980469 0.11425781
v -0.34082031 0.00097656 0.12011719
v -0.34082031 0.03808594 0.12011719
v -0.34472656 0.03808594 0.12207031
v -0.36035156 0.03222656 0.11230469
v -0.36035156 0.03222656 0.12011719
v -0.36035156 0.03222656 0.12011719
v -0.34277344 0.03808594 0.11230469
v -0.34277344 0.03808594 0.11230469
v -0.34277344 0.00097656 0.11230469
v -0.34277344 0.00097656 0.11230469
v -0.34277344 -0.00488281 0.11230469
v -0.34277344 -0.00488281 0.11230469
v -0.34277344 -0.00488281 0.12011719
v -0.34082031 -0.04199219 0.11230469
v -0.34082031 -0.04199219 0.11230469
v -0.34082031 -0.04199219 0.12011719
v -0.34472656 -0.00292969 0.12207031
v -0.36035156 -0.00488281 0.12011719
v -0.36035156 -0.00488281 0.11230469
v -0.36035156 -0.00488281 0.11230469
v -0.34472656 -0.00292969 0.11035156
v -0.34472656 -0.04199219 0.11035156
v -0.34472656 -0.04199219 0.12207031
v -0.34472656 -0.04199219 0.12207031
v -0.35839844 -0.01074219 0.12207031
v -0.36035156 -0.01074219 0.12011719
v -0.36035156 -0.01074219 0.11230469
v -0.36035156 -0.01074219 0.11230469
v -0.36035156 -0.04785156 0.11230469
v -0.36035156 -0.04785156 0.11230469
v -0.36035156 -0.04785156 0.12011719
v -0.34863281 -0.04980469 0.11230469
v -0.34863281 -0.04980469 0.11230469
v -0.34277344 -0.04980469 0.11425781
v -0.34472656 -0.05175781 0.02441406
v -0.34472656 -0.05175781 0.02441406
v -0.39355469 -0.07714844 -0.10253906
v -0.39355469 -0.07714844 -0.10253906
v -0.35058594 -0.04980469 -0.10253906
v -0.38964844 -0.08886719 -0.10449219
v -0.38964844 -0.08886719 -0.10449219
v -0.34082031 -0.05761719 -0.10449219
v -0.34082031 -0.05761719 -0.10449219
v -0.34082031 -0.05761719 -0.10449219
v -0.34472656 -0.04980469 -0.10253906
v -0.34082031 -0.05761719 0.11425781
v -0.34082031 -0.05761719 0.11425781
v -0.35839844 -0.05566406 0.11035156
v -0.35839844 -0.05566406 0.11035156
v -0.35058594 -0.05371094 0.02441406
v -0.35058594 -0.05371094 0.02441406
v -0.38964844 -0.07714844 0.02441406
v -0.38964844 -0.07714844 0.02441406
v -0.38964844 -0.07714844 0.02441406
v -0.38964844 -0.07714844 0.02441406
v -0.39550781 -0.08300781 -0.10253906
v -0.39550781 -0.08300781 -0.10253906
v -0.38964844 -0.08886719 0.11425781
v -0.38964844 -0.08886719 0.11425781
v -0.38964844 -0.08886719 0.11425781
v -0.38964844 -0.08886719 0.11425781
v -0.39355469 -0.08300781 0.11425781
v -0.39355469 -0.08300781 0.11425781
v -0.39160156 -0.07714844 0.11035156
v -0.39160156 -0.07714844 0.11035156
v -0.39160156 -0.07714844 0.11035156
v -0.38964844 -0.08105469 0.02441406
v -0.38964844 -0.08105469 0.02441406
v -0.41308594 -0.01074219 0.12011719
v -0.41308594 -0.01074219 0.12011719
v -0.41308594 -0.01074219 0.11230469
v -0.41503906 -0.01074219 0.11035156
v -0.41308594 -0.04980469 0.11230469
v -0.41308594 -0.04980469 0.12011719
v -0.41308594 -0.04980469 0.12011719
v -0.41503906 -0.01074219 0.12207031
v -0.41699219 -0.04980469 0.12207031
v -0.43261719 -0.01855469 0.12011719
v -0.43261719 -0.01855469 0.11230469
v -0.43261719 -0.01855469 0.11230469
v -0.41503906 -0.04785156 0.11035156
v -0.41503906 -0.05566406 0.11230469
v -0.41503906 -0.05566406 0.11230469
v -0.41503906 -0.05566406 0.12011719
v -0.42675781 -0.05957031 0.12207031
v -0.43261719 -0.05761719 0.12011719
v -0.43261719 -0.05761719 0.12011719
v -0.43261719 -0.05761719 0.11230469
v -0.43066406 -0.06152344 0.11035156
v -0.43066406 -0.09863281 0.11035156
v -0.43066406 -0.09863281 0.11035156
v -0.43066406 -0.09863281 0.12207031
v -0.43066406 -0.09863281 0.12207031
v -0.43066406 -0.09863281 0.12207031
v -0.43261719 -0.06347656 0.12011719
v -0.43261719 -0.06347656 0.11230469
v -0.43261719 -0.06347656 0.11230469
v -0.43261719 -0.06347656 0.11230469
v -0.43261719 -0.11425781 0.11230469
v -0.43261719 -0.11425781 0.12011719
v -0.43261719 -0.11425781 0.12011719
v -0.47363281 -0.01074219 0.11816406
v -0.47558594 -0.01464844 0.11621094
v -0.47558594 -0.01074219 0.11621094
v -0.47753906 -0.01074219 0.11230469
v -0.47753906 -0.01464844 0.11425781
v -0.47753906 -0.01464844 0.11425781
v -0.47753906 -0.01660156 0.11621094
v -0.47558594 -0.01464844 0.11816406
v -0.47558594 -0.01464844 0.12011719
v -0.47558594 -0.01074219 0.12207031
v -0.47753906 -0.01074219 0.12402344
v -0.47753906 -0.01074219 0.12402344
v -0.47558594 -0.00683594 0.12011719
v -0.47558594 -0.00683594 0.11816406
v -0.47558594 -0.00683594 0.11621094
v -0.47753906 -0.00683594 0.11425781
v -0.47949219 -0.00683594 0.11425781
v -0.47949219 -0.00683594 0.11425781
v -0.47949219 -0.01074219 0.11230469
v -0.47949219 -0.01464844 0.11230469
v -0.47949219 -0.01464844 0.11230469
v -0.47949219 -0.01660156 0.11621094
v -0.47949219 -0.01660156 0.11621094
v -0.47753906 -0.01660156 0.12011719
v -0.47753906 -0.01464844 0.12402344
v -0.47949219 -0.01464844 0.12402344
v -0.47949219 -0.01464844 0.12402344
v -0.47949219 -0.01074219 0.12402344
v -0.47949219 -0.00683594 0.12402344
v -0.47753906 -0.00683594 0.12402344
v -0.47753906 -0.00683594 0.12402344
v -0.47949219 -0.00292969 0.11816406
v -0.47949219 -0.00292969 0.11816406
v -0.48339844 -0.00488281 0.11621094
v -0.48144531 -0.00683594 0.11425781
v -0.48339844 -0.01074219 0.11230469
v -0.48339844 -0.01074219 0.11230469
v -0.48144531 -0.01464844 0.11425781
v -0.48339844 -0.01660156 0.11621094
v -0.48144531 -0.01660156 0.12207031
v -0.48144531 -0.01660156 0.12207031
v -0.48144531 -0.01464844 0.12402344
v -0.48339844 -0.01074219 0.12402344
v -0.48339844 -0.00683594 0.12402344
v -0.48144531 -0.00488281 0.12207031
v -0.48535156 -0.00683594 0.11816406
v -0.48535156 -0.00878906 0.11621094
v -0.48535156 -0.01269531 0.11621094
v -0.48339844 -0.01464844 0.11621094
v -0.48339844 -0.01464844 0.12011719
v -0.48535156 -0.01074219 0.12207031
v -0.48535156 -0.00878906 0.12207031
v -0.48535156 -0.01074219 0.11816406
v 0.34277344 -0.01660156 0.12402344
v 0.34082031 -0.02246094 0.12207031
v 0.34082031 -0.02246094 0.12207031
v 0.34277344 -0.01464844 0.12011719
v 0.34277344 -0.01464844 0.12011719
v 0.34082031 -0.02050781 0.11035156
v 0.34277344 -0.01074219 0.10839844
v 0.34472656 -0.00683594 0.11816406
v 0.34472656 -0.00683594 0.11621094
v 0.34472656 -0.00683594 0.11230469
v 0.34472656 -0.00683594 0.11230469
v 0.28417969 0.02246094 0.10839844
v 0.28417969 0.02246094 0.10839844
v 0.28417969 0.02246094 0.10839844
v 0.28417969 0.01269531 0.11035156
v 0.28417969 0.01269531 0.11035156
v 0.28417969 0.01269531 0.11035156
v 0.28417969 0.01074219 0.12207031
v 0.28417969 0.01074219 0.12207031
v 0.28417969 0.01074219 0.12207031
v 0.28417969 0.01660156 0.12402344
v 0.28417969 0.01660156 0.12402344
v 0.28417969 0.01660156 0.12402344
v 0.28613281 0.02246094 0.12011719
v 0.28613281 0.02246094 0.12011719
v 0.28613281 0.02246094 0.12011719
v 0.28613281 0.02636719 0.11621094
v 0.28613281 0.02636719 0.11621094
v 0.28613281 0.02636719 0.11621094
v 0.28613281 0.02636719 0.11621094
v 0.28613281 0.02636719 0.11230469
v 0.28613281 0.02636719 0.11230469
v 0.28613281 0.02636719 0.11230469
v 0.28613281 0.02636719 0.11230469
v 0.28613281 0.02636719 0.11230469
v 0.22167969 0.05761719 0.11230469
v 0.22167969 0.05761719 0.11230469
v 0.21972656 0.05371094 0.10839844
v 0.21972656 0.04394531 0.11035156
v 0.21972656 0.04394531 0.11035156
v 0.21972656 0.04199219 0.12207031
v 0.21972656 0.04199219 0.12207031
v 0.22167969 0.04785156 0.12402344
v 0.22167969 0.04785156 0.12402344
v 0.22167969 0.04785156 0.12402344
v 0.22167969 0.05371094 0.12207031
v 0.22167969 0.05371094 0.12207031
v 0.22167969 0.05371094 0.12207031
v 0.22167969 0.05371094 0.12207031
v 0.22167969 0.05371094 0.12207031
v 0.22363281 0.05761719 0.11621094
v 0.22363281 0.05761719 0.11621094
v 0.22363281 0.05761719 0.11621094
v 0.15917969 0.08105469 0.11621094
v 0.15917969 0.08105469 0.11621094
v 0.15722656 0.08105469 0.11230469
v 0.15722656 0.08105469 0.11230469
v 0.15722656 0.07714844 0.10839844
v 0.15722656 0.07714844 0.10839844
v 0.15527344 0.06738281 0.11035156
v 0.15527344 0.06738281 0.11035156
v 0.15527344 0.06542969 0.12207031
v 0.15527344 0.06542969 0.12207031
v 0.15527344 0.06542969 0.12207031
v 0.15722656 0.07128906 0.12402344
v 0.15722656 0.07128906 0.12402344
v 0.15917969 0.07714844 0.12207031
v 0.15917969 0.07714844 0.12207031
v 0.15917969 0.07714844 0.12207031
v 0.15917969 0.07714844 0.12207031
v 0.09472657 0.09472656 0.12207031
v 0.09472657 0.09472656 0.12207031
v 0.09472657 0.09863281 0.11621094
v 0.09277344 0.09863281 0.11230469
v 0.09277344 0.09667969 0.11035156
v 0.09277344 0.08691406 0.11035156
v 0.09277344 0.08496094 0.12207031
v 0.09277344 0.08496094 0.12207031
v 0.09277344 0.08886719 0.12402344
v 0.03027344 0.10253906 0.12402344
v 0.03027344 0.10253906 0.12402344
v 0.03027344 0.10644531 0.12207031
v 0.03027344 0.10644531 0.12207031
v 0.03027344 0.10644531 0.12207031
v 0.03222657 0.11035156 0.11621094
v 0.03027344 0.11035156 0.11230469
v 0.03027344 0.11035156 0.11230469
v -0.03417968 0.11425781 0.11035156
v -0.03417968 0.11621094 0.11230469
v -0.03417968 0.11621094 0.11230469
v 0.02832032 0.10839844 0.10839844
v 0.02832032 0.10839844 0.10839844
v 0.03027344 0.09863281 0.11035156
v 0.03027344 0.09667969 0.12207031
v 0.03027344 0.09667969 0.12207031
v 0.03027344 0.09667969 0.12207031
v -0.03222656 0.10644531 0.12402344
v -0.03222656 0.10644531 0.12402344
v -0.03222656 0.11230469 0.12207031
v -0.03222656 0.11230469 0.12207031
v -0.03222656 0.11621094 0.11621094
v -0.03222656 0.11621094 0.11621094
v -0.03222656 0.11621094 0.11621094
v -0.08691406 0.11621094 0.11621094
v -0.08691406 0.11621094 0.11621094
v -0.08691406 0.11621094 0.11230469
v -0.08691406 0.11425781 0.11035156
v -0.03417968 0.10449219 0.11035156
v -0.03417968 0.10449219 0.11035156
v -0.03417968 0.10449219 0.11035156
v -0.03417968 0.10253906 0.12207031
v -0.08496094 0.10644531 0.12402344
v -0.08496094 0.11230469 0.12207031
v -0.08496094 0.11230469 0.12207031
v -0.08496094 0.11230469 0.12207031
v -0.14160156 0.10839844 0.12207031
v -0.14160156 0.10839844 0.12207031
v -0.14160156 0.11230469 0.11621094
v -0.14160156 0.11230469 0.11621094
v -0.14160156 0.11230469 0.11621094
v -0.14160156 0.11230469 0.11230469
v -0.14160156 0.11230469 0.11230469
v -0.14160156 0.11035156 0.11035156
v -0.14160156 0.11035156 0.11035156
v -0.08496094 0.10449219 0.11035156
v -0.08496094 0.10449219 0.11035156
v -0.08496094 0.10253906 0.12207031
v -0.08496094 0.10253906 0.12207031
v -0.13964844 0.10449219 0.12402344
v -0.13964844 0.10449219 0.12402344
v -0.13964844 0.10449219 0.12402344
v -0.21191406 0.09667969 0.12207031
v -0.21191406 0.09667969 0.12207031
v -0.21191406 0.09667969 0.12207031
v -0.21191406 0.10058594 0.11621094
v -0.21191406 0.10058594 0.11621094
v -0.21191406 0.10058594 0.11230469
v -0.21191406 0.10058594 0.11230469
v -0.21191406 0.10058594 0.11230469
v -0.21191406 0.09863281 0.11035156
v -0.21191406 0.09863281 0.11035156
v -0.13964844 0.10058594 0.11035156
v -0.13964844 0.10058594 0.11035156
v -0.13964844 0.09863281 0.12207031
v -0.13964844 0.09863281 0.12207031
v -0.20996094 0.09082031 0.12402344
v -0.20996094 0.09082031 0.12402344
v -0.28222656 0.07519531 0.12207031
v -0.28222656 0.07519531 0.12207031
v -0.28222656 0.07910156 0.11621094
v -0.28222656 0.07910156 0.11621094
v -0.28222656 0.07910156 0.11230469
v -0.28222656 0.07910156 0.11230469
v -0.28222656 0.07910156 0.11230469
v -0.35058594 0.04980469 0.11230469
v -0.28027344 0.06933594 0.10839844
v -0.28027344 0.06933594 0.10839844
v -0.20996094 0.08886719 0.11035156
v -0.20996094 0.08691406 0.12207031
v -0.20996094 0.08691406 0.12207031
v -0.20996094 0.08691406 0.12207031
v -0.28027344 0.06933594 0.12402344
v -0.28027344 0.06933594 0.12402344
v -0.28027344 0.06933594 0.12402344
v -0.34863281 0.04394531 0.12207031
v -0.35058594 0.04785156 0.11621094
v -0.41503906 0.00488281 0.11230469
v -0.41503906 0.00488281 0.11230469
v -0.41503906 0.00488281 0.11230469
v -0.34863281 0.03808594 0.10839844
v -0.34863281 0.03808594 0.10839844
v -0.28027344 0.06542969 0.11035156
v -0.28027344 0.06542969 0.11035156
v -0.28027344 0.06542969 0.11035156
v -0.28027344 0.06542969 0.12207031
v -0.28027344 0.06542969 0.12207031
v -0.34863281 0.03808594 0.12402344
v -0.41308594 -0.00097656 0.12207031
v -0.41308594 -0.00097656 0.12207031
v -0.41503906 0.00488281 0.11621094
v -0.41503906 0.00488281 0.11621094
v -0.46972656 -0.04003906 0.11621094
v -0.46972656 -0.04003906 0.11230469
v -0.41308594 -0.00683594 0.10839844
v -0.41308594 -0.00683594 0.10839844
v -0.41308594 -0.00683594 0.10839844
v -0.34863281 0.03417969 0.11035156
v -0.34863281 0.03417969 0.12207031
v -0.41308594 -0.00683594 0.12402344
v -0.41308594 -0.00683594 0.12402344
v -0.41308594 -0.00683594 0.12402344
v -0.46972656 -0.04394531 0.12207031
v -0.46972656 -0.05175781 0.10839844
v -0.46972656 -0.05175781 0.10839844
v -0.46972656 -0.05566406 0.11035156
v -0.41308594 -0.01074219 0.11035156
v -0.41308594 -0.01074219 0.11035156
v -0.41308594 -0.01074219 0.12207031
v -0.41308594 -0.01074219 0.12207031
v -0.46972656 -0.05175781 0.12402344
v -0.46972656 -0.05175781 0.12402344
v -0.46972656 -0.05566406 0.12207031
v -0.40332031 -0.08691406 -0.10253906
v -0.40332031 -0.09277344 0.00097656
v -0.40332031 -0.09277344 0.00097656
v -0.39746094 -0.09277344 -0.10253906
v -0.39746094 -0.09277344 -0.10253906
v -0.39746094 -0.09277344 0.11621094
v -0.39746094 -0.09277344 0.11621094
v -0.40136719 -0.08691406 0.11425781
v -0.40527344 -0.08691406 0.11621094
v -0.40722656 -0.09277344 0.00097656
v -0.40722656 -0.09277344 0.00097656
v -0.40722656 -0.09277344 0.00097656
v -0.40722656 -0.09277344 0.00097656
v -0.40917969 -0.08886719 -0.09667969
v -0.40917969 -0.08886719 -0.09667969
v -0.40917969 -0.08886719 -0.09667969
v -0.40917969 -0.08886719 -0.09667969
v -0.44433594 -0.12597656 -0.10253906
v -0.44433594 -0.12207031 -0.10058594
v -0.44042969 -0.12988281 -0.10253906
v -0.44042969 -0.12988281 -0.10253906
v -0.44042969 -0.12988281 -0.10253906
v -0.43847656 -0.11230469 -0.09863281
v -0.43847656 -0.11230469 -0.09863281
v -0.44238281 -0.11816406 0.11425781
v -0.44238281 -0.11816406 0.11425781
v -0.44238281 -0.11816406 0.11425781
v -0.44238281 -0.11816406 0.11425781
v -0.44042969 -0.11816406 0.00097656
v -0.44042969 -0.11816406 0.00097656
v -0.44433594 -0.12597656 0.00097656
v -0.44433594 -0.12597656 0.00097656
v -0.44433594 -0.12597656 0.00097656
v -0.44042969 -0.12988281 0.11621094
v -0.44042969 -0.12988281 0.11621094
v -0.44433594 -0.12597656 0.11425781
v -0.44433594 -0.12597656 0.11425781
v -0.47753906 -0.06347656 -0.10449219
v -0.47753906 -0.06347656 -0.10449219
v -0.47753906 -0.14746094 -0.05371094
v -0.47753906 -0.14746094 -0.05371094
v -0.47753906 -0.14355469 -0.10449219
v -0.47753906 -0.14941406 -0.00097656
v -0.47753906 -0.14941406 -0.00097656
v -0.47753906 -0.14941406 -0.00097656
v -0.47753906 -0.14941406 -0.00097656
v -0.47753906 -0.06933594 -0.00097656
v -0.47753906 -0.06933594 -0.00097656
v -0.47753906 -0.06933594 -0.00097656
v -0.47753906 -0.06933594 -0.05371094
v -0.47753906 -0.06933594 -0.05371094
v -0.47753906 -0.06933594 -0.05371094
v -0.47753906 -0.06933594 0.05371094
v -0.47753906 -0.06933594 0.05371094
v -0.47753906 -0.06933594 0.05371094
v -0.47753906 -0.06933594 0.05371094
v -0.47753906 -0.14160156 0.11035156
v -0.47753906 -0.14160156 0.11035156
v -0.47753906 -0.14746094 0.05371094
v -0.47753906 -0.14746094 0.05371094
v -0.47753906 -0.14746094 0.05371094
v -0.47753906 -0.06347656 0.11035156
v -0.49121094 -0.06347656 -0.10449219
v -0.49121094 -0.06347656 -0.10449219
v -0.49121094 -0.14355469 -0.10449219
v -0.49121094 -0.14355469 -0.10449219
v -0.49121094 -0.14746094 -0.05371094
v -0.49121094 -0.14746094 -0.05371094
v -0.49121094 -0.14746094 -0.05371094
v -0.49121094 -0.14941406 -0.00097656
v -0.49121094 -0.14941406 -0.00097656
v -0.49121094 -0.14941406 -0.00097656
v -0.49121094 -0.06933594 -0.05371094
v -0.49121094 -0.06933594 -0.05371094
v -0.49121094 -0.06933594 -0.05371094
v -0.49121094 -0.06933594 -0.00097656
v -0.49121094 -0.06933594 -0.00097656
v -0.49121094 -0.06347656 0.11035156
v -0.49121094 -0.06347656 0.11035156
v -0.49121094 -0.06933594 0.05371094
v -0.49121094 -0.06933594 0.05371094
v -0.49121094 -0.06933594 0.05371094
v -0.49121094 -0.06933594 0.05371094
v -0.49121094 -0.14746094 0.05371094
v -0.49121094 -0.14160156 0.11035156
v -0.49121094 -0.14160156 0.11035156
v -0.48144531 -0.03613281 0.10839844
v -0.47949219 -0.03417969 0.10644531
v -0.47949219 -0.03613281 0.10839844
v -0.46972656 -0.03222656 0.11425781
v -0.47363281 -0.03613281 0.11230469
v -0.47363281 -0.03222656 0.10839844
v -0.47949219 -0.03027344 0.10839844
v -0.48339844 -0.01855469 0.12597656
v -0.47949219 -0.01464844 0.11816406
v -0.48730469 -0.01855469 0.11816406
v -0.48339844 -0.01855469 0.11035156
v -0.48339844 -0.01855469 0.11035156
v -0.47558594 -0.01855469 0.11425781
v -0.47558594 -0.01855469 0.11425781
v -0.47558594 -0.02246094 0.11035156
v -0.48535156 -0.02246094 0.11035156
v -0.47949219 -0.02441406 0.10839844
v -0.47558594 -0.02636719 0.11035156
v -0.47167969 -0.02636719 0.11425781
v -0.47167969 -0.02246094 0.11425781
v -0.47167969 -0.02246094 0.11425781
v -0.47363281 -0.01855469 0.12207031
v -0.47167969 -0.02246094 0.12402344
v -0.47753906 -0.01855469 0.12597656
v -0.47949219 -0.02246094 0.12792969
v -0.48535156 -0.02246094 0.12597656
v -0.48730469 -0.02246094 0.12402344
v -0.48730469 -0.02636719 0.12207031
v -0.48925781 -0.02441406 0.11816406
v -0.48925781 -0.02441406 0.11816406
v -0.48339844 -0.02636719 0.11230469
v -0.47949219 -0.02636719 0.11230469
v -0.47753906 -0.02636719 0.11230469
v -0.47949219 -0.02832031 0.10839844
v -0.47949219 -0.02832031 0.11035156
v -0.47558594 -0.02832031 0.11035156
v -0.47558594 -0.02636719 0.11425781
v -0.47363281 -0.02636719 0.11621094
v -0.47167969 -0.02636719 0.12207031
v -0.47167969 -0.02636719 0.12207031
v -0.47558594 -0.02246094 0.12597656
v -0.47753906 -0.02636719 0.12597656
v -0.48339844 -0.02636719 0.12597656
v -0.48535156 -0.02636719 0.12402344
v -0.48730469 -0.02636719 0.11816406
v -0.48730469 -0.02636719 0.11816406
v -0.48535156 -0.02636719 0.11425781
v -0.48535156 -0.02636719 0.11425781
v -0.48535156 -0.02832031 0.11035156
v -0.48730469 -0.03222656 0.11035156
v -0.48535156 -0.03613281 0.11230469
v -0.48535156 -0.03613281 0.11230469
v -0.47167969 -0.03613281 0.11621094
v -0.47167969 -0.03613281 0.11621094
v -0.46972656 -0.03613281 0.12011719
v -0.47167969 -0.03613281 0.12207031
v -0.46972656 -0.03222656 0.12402344
v -0.46972656 -0.03027344 0.11816406
v -0.46972656 -0.03027344 0.11816406
v -0.47167969 -0.02832031 0.11425781
v -0.47167969 -0.02832031 0.11425781
v -0.47363281 -0.02636719 0.11816406
v -0.47363281 -0.02636719 0.11816406
v -0.47363281 -0.02636719 0.12207031
v -0.47363281 -0.02636719 0.12207031
v -0.47558594 -0.02636719 0.12402344
v -0.47949219 -0.02832031 0.12792969
v -0.48535156 -0.02832031 0.12402344
v -0.48925781 -0.02832031 0.11816406
v -0.48925781 -0.02832031 0.11816406
v -0.48925781 -0.03027344 0.11425781
v -0.48925781 -0.03027344 0.11425781
v -0.48730469 -0.03613281 0.11621094
v -0.49121094 -0.03222656 0.11816406
v -0.48730469 -0.03613281 0.11816406
v -0.48730469 -0.03613281 0.12207031
v -0.47363281 -0.03613281 0.12402344
v -0.47167969 -0.03417969 0.12597656
v -0.47167969 -0.02832031 0.12402344
v -0.47363281 -0.02832031 0.12597656
v -0.47949219 -0.02832031 0.12988281
v -0.48535156 -0.02832031 0.12597656
v -0.48925781 -0.03027344 0.12402344
v -0.48925781 -0.03222656 0.12402344
v -0.48535156 -0.03613281 0.12402344
v -0.47753906 -0.03613281 0.12792969
v -0.47558594 -0.03222656 0.12792969
v -0.47949219 -0.03027344 0.12792969
v -0.48535156 -0.03222656 0.12792969
v -0.48144531 -0.03613281 0.12792969
v -0.47949219 -0.03417969 0.12988281
v 0.33691406 -0.04394531 0.12402344
v 0.33691406 -0.04394531 0.12402344
v 0.33691406 -0.05761719 0.12597656
v 0.33691406 -0.04199219 0.11035156
v 0.33691406 -0.04199219 0.11035156
v 0.33691406 -0.04394531 0.10253906
v 0.33691406 -0.04394531 0.10253906
v 0.33691406 -0.05761719 0.10058594
v 0.29199219 -0.02832031 0.10058594
v 0.29199219 -0.02832031 0.10058594
v 0.29199219 -0.02832031 0.10058594
v 0.29199219 -0.02832031 0.10058594
v 0.29199219 -0.02832031 0.10058594
v 0.29199219 -0.02832031 0.12597656
v 0.29199219 -0.02832031 0.12597656
v 0.29199219 -0.01855469 0.12402344
v 0.29199219 -0.01855469 0.12402344
v 0.29199219 -0.01855469 0.12402344
v 0.29199219 -0.01855469 0.12402344
v 0.29199219 -0.01464844 0.11425781
v 0.29199219 -0.01464844 0.11425781
v 0.29199219 -0.01464844 0.11425781
v 0.29199219 -0.01464844 0.11425781
v 0.29199219 -0.01464844 0.11425781
v 0.29199219 -0.01464844 0.10253906
v 0.29199219 -0.01464844 0.10253906
v 0.29199219 -0.01464844 0.10253906
v 0.29199219 -0.01464844 0.10253906
v 0.22363281 0.00292969 0.10058594
v 0.22363281 0.00292969 0.10058594
v 0.22363281 0.00292969 0.10058594
v 0.22363281 0.00292969 0.12402344
v 0.22363281 0.00292969 0.12402344
v 0.22363281 0.01464844 0.12402344
v 0.22363281 0.01464844 0.12402344
v 0.22363281 0.01464844 0.12402344
v 0.22363281 0.01660156 0.11425781
v 0.22363281 0.01660156 0.11425781
v 0.22363281 0.01660156 0.10253906
v 0.15332031 0.02832031 0.10058594
v 0.15332031 0.02832031 0.10058594
v 0.15332031 0.02832031 0.12402344
v 0.15332031 0.02832031 0.12402344
v 0.15332031 0.02832031 0.12402344
v 0.15527344 0.04199219 0.12597656
v 0.15527344 0.04199219 0.12597656
v 0.15332031 0.04199219 0.11425781
v 0.15332031 0.04199219 0.11425781
v 0.15332031 0.04199219 0.10253906
v 0.15332031 0.04199219 0.10253906
v 0.15332031 0.04199219 0.10253906
v 0.08105469 0.05957031 0.10253906
v 0.08300782 0.04785156 0.10058594
v 0.08300782 0.04785156 0.10058594
v 0.08300782 0.04785156 0.12597656
v 0.08300782 0.04785156 0.12597656
v 0.08300782 0.04785156 0.12597656
v 0.08300782 0.06152344 0.12597656
v 0.08300782 0.06152344 0.12597656
v 0.08300782 0.06152344 0.12597656
v 0.08300782 0.06152344 0.11425781
v 0.08300782 0.06152344 0.11425781
v 0.01074219 0.07324219 0.11425781
v 0.01074219 0.07324219 0.11425781
v 0.01074219 0.07324219 0.11425781
v 0.00878907 0.07324219 0.10253906
v 0.00878907 0.07324219 0.10253906
v 0.00878907 0.07324219 0.10253906
v 0.00878907 0.07324219 0.10253906
v 0.01074219 0.05957031 0.10058594
v 0.01074219 0.05957031 0.10058594
v 0.01074219 0.05957031 0.10058594
v 0.01074219 0.05957031 0.12597656
v 0.01074219 0.05957031 0.12597656
v 0.01074219 0.07324219 0.12597656
v 0.01074219 0.07324219 0.12597656
v 0.01074219 0.07324219 0.12597656
v 0.01074219 0.07324219 0.12597656
v -0.06152343 0.07714844 0.12597656
v -0.06152343 0.07714844 0.12597656
v -0.06152343 0.07714844 0.11425781
v -0.06152343 0.07714844 0.11425781
v -0.06152343 0.07714844 0.11425781
v -0.06347656 0.07910156 0.10253906
v -0.06152343 0.06542969 0.10253906
v -0.06152343 0.06542969 0.10253906
v -0.06152343 0.06347656 0.12597656
v -0.06152343 0.06347656 0.12597656
v -0.06152343 0.06347656 0.12597656
v -0.06152343 0.06347656 0.12597656
v -0.13378906 0.07324219 0.12597656
v -0.13378906 0.07324219 0.12597656
v -0.13378906 0.07324219 0.11425781
v -0.13378906 0.07324219 0.11425781
v -0.13574219 0.07324219 0.10253906
v -0.13574219 0.07324219 0.10253906
v -0.13574219 0.07324219 0.10253906
v -0.13378906 0.06152344 0.10058594
v -0.13378906 0.06152344 0.10058594
v -0.13378906 0.05957031 0.12597656
v -0.13378906 0.05957031 0.12597656
v -0.13378906 0.05957031 0.12597656
v -0.20605469 0.05957031 0.12597656
v -0.20410156 0.06152344 0.11425781
v -0.20605469 0.05957031 0.10253906
v -0.20605469 0.05957031 0.10253906
v -0.20605469 0.04785156 0.10058594
v -0.20605469 0.04785156 0.12597656
v -0.27636719 0.03613281 0.12402344
v -0.27636719 0.03613281 0.12402344
v -0.27441406 0.04003906 0.11425781
v -0.27441406 0.04003906 0.11425781
v -0.27441406 0.04003906 0.11425781
v -0.27636719 0.03808594 0.10253906
v -0.27636719 0.03808594 0.10253906
v -0.27636719 0.02636719 0.10058594
v -0.27636719 0.02636719 0.10058594
v -0.27636719 0.02441406 0.12597656
v -0.27636719 0.02441406 0.12597656
v -0.27636719 0.02441406 0.12597656
v -0.34472656 0.00683594 0.12402344
v -0.34277344 0.01074219 0.11425781
v -0.34472656 0.00878906 0.10253906
v -0.40722656 -0.03417969 0.10253906
v -0.40722656 -0.03417969 0.10253906
v -0.40722656 -0.03417969 0.10253906
v -0.34472656 -0.00488281 0.10058594
v -0.34472656 -0.00683594 0.12597656
v -0.34472656 -0.00683594 0.12597656
v -0.40722656 -0.03613281 0.12597656
v -0.40722656 -0.03613281 0.12597656
v -0.40722656 -0.03613281 0.12597656
v -0.40722656 -0.03613281 0.12597656
v -0.40722656 -0.03222656 0.11425781
v -0.40722656 -0.03222656 0.11425781
v -0.46386719 -0.08105469 0.11425781
v -0.46386719 -0.08300781 0.10253906
v -0.46386719 -0.08300781 0.10253906
v -0.46386719 -0.09667969 0.10058594
v -0.40917969 -0.04785156 0.10058594
v -0.40917969 -0.04785156 0.10058594
v -0.40722656 -0.04980469 0.12597656
v -0.40722656 -0.04980469 0.12597656
v -0.46386719 -0.08300781 0.12597656
v -0.46386719 -0.08300781 0.12597656
v -0.46386719 -0.09667969 0.12597656
v -0.46386719 -0.09667969 0.12597656
v -0.47363281 -0.05761719 -0.14160156
v -0.47363281 -0.05761719 -0.14160156
v -0.47363281 -0.06347656 -0.14160156
v -0.47363281 -0.06347656 -0.14160156
v -0.49902344 -0.05761719 -0.14160156
v -0.49902344 -0.05761719 -0.14160156
v -0.49902344 -0.06347656 -0.14160156
v -0.49902344 -0.07128906 -0.03222656
v -0.49902344 -0.07128906 -0.03222656
v -0.49902344 -0.07128906 -0.03222656
v -0.49902344 -0.07128906 -0.03222656
v -0.47363281 -0.07128906 -0.05566406
v -0.47363281 -0.07128906 -0.05566406
v -0.47363281 -0.07128906 -0.05566406
v -0.47363281 -0.06347656 -0.05566406
v -0.47363281 -0.06347656 -0.05566406
v -0.47363281 -0.06347656 -0.05566406
v -0.47363281 -0.06347656 -0.05566406
v -0.47363281 -0.05761719 0.14160156
v -0.47363281 -0.05761719 0.14160156
v -0.47363281 -0.05761719 0.14160156
v -0.49902344 -0.06347656 -0.03222656
v -0.49902344 -0.06347656 -0.03222656
v -0.49902344 -0.06347656 -0.03222656
v -0.49902344 -0.06347656 -0.03222656
v -0.49902344 -0.06347656 0.14160156
v -0.49902344 -0.06347656 0.14160156
v -0.47363281 -0.06347656 0.14160156
v -0.47363281 -0.06347656 0.14160156
v -0.49902344 -0.05761719 0.14160156
v -0.49902344 -0.05761719 0.14160156
v -0.49902344 -0.11035156 -0.14160156
v -0.49902344 -0.11035156 -0.14160156
v -0.49902344 -0.11035156 -0.14160156
v -0.49902344 -0.10253906 -0.14160156
v -0.49902344 -0.10253906 -0.14160156
v -0.47363281 -0.11035156 -0.14160156
v -0.47363281 -0.11035156 -0.14160156
v -0.47363281 -0.10253906 -0.14160156
v -0.47363281 -0.10253906 -0.14160156
v -0.47363281 -0.11621094 -0.05566406
v -0.47363281 -0.11035156 -0.05566406
v -0.47363281 -0.11035156 -0.05566406
v -0.49902344 -0.11035156 -0.05566406
v -0.49902344 -0.11035156 -0.05566406
v -0.49902344 -0.11035156 -0.05566406
v -0.49902344 -0.11621094 -0.05566406
v -0.49902344 -0.11621094 -0.05566406
v -0.47363281 -0.11621094 0.04199219
v -0.47363281 -0.11621094 0.04199219
v -0.47363281 -0.10839844 0.04199219
v -0.47363281 -0.10839844 0.04199219
v -0.47363281 -0.10839844 0.04199219
v -0.47363281 -0.10253906 0.14160156
v -0.47363281 -0.10253906 0.14160156
v -0.49902344 -0.10839844 0.04199219
v -0.49902344 -0.11621094 0.04199219
v -0.49902344 -0.11621094 0.04199219
v -0.47363281 -0.11035156 0.14160156
v -0.47363281 -0.11035156 0.14160156
v -0.47363281 -0.11035156 0.14160156
v -0.49902344 -0.10253906 0.14160156
v -0.49902344 -0.10253906 0.14160156
v -0.49902344 -0.11035156 0.14160156
v -0.49902344 -0.11035156 0.14160156
v 0.32519531 -0.13769531 0.08691406
v 0.32714844 -0.13574219 0.13964844
v 0.26855469 -0.10449219 0.13964844
v 0.26855469 -0.10449219 0.13964844
v 0.26855469 -0.10449219 0.13964844
v 0.32910156 -0.10058594 0.13964844
v 0.32910156 -0.10058594 0.13964844
v 0.33300781 -0.09863281 0.14355469
v 0.32910156 -0.10058594 0.09082031
v 0.32910156 -0.10058594 0.09082031
v 0.32519531 -0.10058594 0.08691406
v 0.26660156 -0.10839844 0.08691406
v 0.26660156 -0.10839844 0.08691406
v 0.26660156 -0.10839844 0.08691406
v 0.20410156 -0.07714844 0.13964844
v 0.20410156 -0.07714844 0.13964844
v 0.20410156 -0.07714844 0.13964844
v 0.26855469 -0.06738281 0.13964844
v 0.26855469 -0.06738281 0.13964844
v 0.26855469 -0.06738281 0.13964844
v 0.27441406 -0.06542969 0.14355469
v 0.26855469 -0.06738281 0.08886719
v 0.26855469 -0.06738281 0.08886719
v 0.26855469 -0.06738281 0.08886719
v 0.26660156 -0.06933594 0.08691406
v 0.26660156 -0.06933594 0.08691406
v 0.20410156 -0.08105469 0.08691406
v 0.20410156 -0.08105469 0.08691406
v 0.13964844 -0.05175781 0.13964844
v 0.13964844 -0.05175781 0.13964844
v 0.20605469 -0.04003906 0.13964844
v 0.20996094 -0.03808594 0.14355469
v 0.20996094 -0.03808594 0.14355469
v 0.20605469 -0.04003906 0.08886719
v 0.20605469 -0.04003906 0.08886719
v 0.20605469 -0.04003906 0.08886719
v 0.20410156 -0.04199219 0.08691406
v 0.13769531 -0.05761719 0.08496094
v 0.13769531 -0.05761719 0.08496094
v 0.07324219 -0.03613281 0.13964844
v 0.07324219 -0.03613281 0.13964844
v 0.07324219 -0.03613281 0.13964844
v 0.14160156 -0.01660156 0.13964844
v 0.14160156 -0.01660156 0.13964844
v 0.14355469 -0.01464844 0.14355469
v 0.14160156 -0.01855469 0.08886719
v 0.14160156 -0.01855469 0.08886719
v 0.14160156 -0.01855469 0.08886719
v 0.13964844 -0.01855469 0.08496094
v 0.13964844 -0.01855469 0.08496094
v 0.07324219 -0.04003906 0.08496094
v 0.07324219 -0.04003906 0.08496094
v 0.07324219 -0.04003906 0.08496094
v 0.00488282 -0.02832031 0.08496094
v 0.00488282 -0.02832031 0.08496094
v 0.00488282 -0.02832031 0.08496094
v 0.00488282 -0.02832031 0.08496094
v 0.00488282 -0.02246094 0.13964844
v 0.00488282 -0.02246094 0.13964844
v 0.07519532 0.00097656 0.13964844
v 0.07714844 0.00292969 0.14355469
v 0.07714844 0.00292969 0.14355469
v 0.07714844 0.00292969 0.14355469
v 0.07324219 -0.00097656 0.08886719
v 0.07324219 -0.00097656 0.08886719
v 0.07324219 -0.00097656 0.08496094
v 0.00488282 0.00878906 0.08496094
v 0.00488282 0.00878906 0.08496094
v -0.06152343 0.01269531 0.08496094
v -0.06347656 -0.02441406 0.08496094
v -0.06347656 -0.02441406 0.08496094
v -0.06347656 -0.02441406 0.08496094
v -0.06542969 -0.01855469 0.13964844
v -0.06542969 -0.01855469 0.13964844
v -0.06347656 0.01660156 0.13964844
v 0.00683594 0.01269531 0.13964844
v 0.00683594 0.01269531 0.13964844
v 0.00683594 0.01464844 0.14355469
v 0.00683594 0.01464844 0.14355469
v 0.00683594 0.01464844 0.14355469
v 0.00488282 0.01074219 0.08886719
v 0.00488282 0.01074219 0.08886719
v -0.06347656 0.01464844 0.08691406
v -0.06347656 0.01464844 0.08691406
v -0.12988281 0.00878906 0.08691406
v -0.12988281 0.00878906 0.08691406
v -0.13183594 -0.02636719 0.08691406
v -0.13378906 -0.01855469 0.13964844
v -0.13378906 -0.01855469 0.13964844
v -0.13183594 0.01074219 0.13964844
v -0.13183594 0.01074219 0.13964844
v -0.13183594 0.01074219 0.13964844
v -0.06152343 0.01855469 0.14355469
v -0.05761718 0.02050781 0.10839844
v -0.13183594 0.00878906 0.08691406
v -0.13183594 0.00878906 0.08691406
v -0.19824219 -0.00292969 0.08691406
v -0.19824219 -0.03808594 0.08691406
v -0.20214844 -0.03222656 0.13964844
v -0.20214844 -0.03222656 0.13964844
v -0.20214844 -0.03222656 0.13964844
v -0.20019531 -0.00097656 0.13964844
v -0.13183594 0.01269531 0.14355469
v -0.13183594 0.01269531 0.14355469
v -0.20019531 -0.00292969 0.08886719
v -0.26464844 -0.02246094 0.08691406
v -0.26464844 -0.02246094 0.08691406
v -0.26464844 -0.05761719 0.08691406
v -0.26464844 -0.05761719 0.08691406
v -0.26464844 -0.05761719 0.08691406
v -0.27050781 -0.04980469 0.13964844
v -0.27050781 -0.04980469 0.13964844
v -0.26660156 -0.02050781 0.13964844
v -0.26660156 -0.02050781 0.13964844
v -0.20214844 0.00097656 0.14355469
v -0.26660156 -0.02246094 0.08886719
v -0.26660156 -0.02246094 0.08886719
v -0.32714844 -0.04785156 0.08691406
v -0.32714844 -0.08496094 0.08691406
v -0.32714844 -0.08496094 0.08691406
v -0.37792969 -0.12207031 0.08691406
v -0.37792969 -0.12207031 0.08691406
v -0.33496094 -0.07714844 0.13964844
v -0.33105469 -0.04589844 0.13964844
v -0.26855469 -0.01855469 0.14355469
v -0.26855469 -0.01855469 0.14355469
v -0.33105469 -0.04980469 0.08886719
v -0.38574219 -0.08691406 0.08691406
v -0.38574219 -0.08691406 0.08691406
v -0.38574219 -0.08691406 0.08691406
v -0.38574219 -0.08691406 0.08691406
v -0.43847656 -0.13769531 0.08691406
v -0.43847656 -0.13769531 0.08691406
v -0.42285156 -0.15917969 0.08691406
v -0.43652344 -0.15722656 0.13964844
v -0.38769531 -0.11621094 0.13964844
v -0.38769531 -0.11621094 0.13964844
v -0.39160156 -0.08496094 0.13964844
v -0.39160156 -0.08496094 0.13964844
v -0.39160156 -0.08496094 0.13964844
v -0.33496094 -0.04589844 0.14355469
v -0.38964844 -0.08886719 0.08886719
v -0.38964844 -0.08886719 0.08886719
v -0.44433594 -0.13964844 0.08886719
v -0.45410156 -0.12792969 0.11425781
v -0.45019531 -0.13769531 0.14355469
v -0.44628906 -0.13574219 0.13964844
v -0.44628906 -0.13574219 0.13964844
v -0.39550781 -0.08691406 0.14355469
v -0.39550781 -0.08691406 0.14355469
v 0.28222656 -0.04980469 0.13183594
v 0.28222656 -0.04980469 0.13183594
v 0.28222656 -0.04785156 0.10839844
v 0.28222656 -0.04785156 0.10839844
v 0.21582031 -0.02050781 0.13378906
v 0.21582031 -0.02050781 0.13378906
v 0.21582031 -0.02050781 0.10839844
v 0.14746094 0.00097656 0.13183594
v 0.14746094 0.00097656 0.13183594
v 0.14746094 0.00292969 0.10839844
v 0.14746094 0.00292969 0.10839844
v 0.07714844 0.01855469 0.13183594
v 0.07714844 0.01855469 0.13183594
v 0.07714844 0.02050781 0.10839844
v 0.00683594 0.02832031 0.13183594
v 0.00683594 0.02832031 0.13183594
v 0.00683594 0.03027344 0.10839844
v 0.00683594 0.03027344 0.10839844
v -0.13183594 0.02832031 0.10839844
v -0.13183594 0.02832031 0.10839844
v -0.13183594 0.02832031 0.13378906
v -0.13183594 0.02832031 0.13378906
v -0.20214844 0.01660156 0.13378906
v -0.20214844 0.01855469 0.10839844
v -0.27246094 -0.00292969 0.10839844
v -0.27246094 -0.00292969 0.10839844
v -0.27246094 -0.00488281 0.13183594
v -0.27246094 -0.00488281 0.13183594
v -0.33886719 -0.03417969 0.13183594
v -0.33886719 -0.03027344 0.10839844
v -0.40136719 -0.07519531 0.13183594
v -0.40136719 -0.07519531 0.13183594
v -0.40136719 -0.07519531 0.13183594
v -0.40136719 -0.07324219 0.10839844
v -0.40136719 -0.07324219 0.10839844
v -0.40136719 -0.07324219 0.10839844
v -0.46386719 -0.12597656 0.13378906
v -0.46386719 -0.12597656 0.13378906
v -0.46386719 -0.12597656 0.13378906
v -0.46386719 -0.12402344 0.10839844
v -0.45996094 -0.14550781 0.10644531
v -0.40527344 -0.07714844 0.10839844
v -0.40527344 -0.07714844 0.10839844
v -0.34082031 -0.04003906 0.10839844
v -0.27441406 -0.01269531 0.10839844
v -0.27441406 -0.01269531 0.10839844
v -0.20214844 0.00683594 0.11035156
v -0.13183594 0.00683594 0.10644531
v -0.13183594 0.00683594 0.10644531
v 0.00488282 0.00878906 0.10644531
v 0.00488282 0.00878906 0.10644531
v 0.07519532 -0.00292969 0.10644531
v 0.07519532 -0.00292969 0.10644531
v 0.14355469 -0.01269531 0.10644531
v 0.21191406 -0.04003906 0.10644531
v 0.21191406 -0.04003906 0.10644531
v 0.27832031 -0.06542969 0.10644531
v 0.33691406 -0.09472656 0.10644531
v 0.33886719 -0.07910156 0.10839844
v 0.33886719 -0.07910156 0.13183594
v 0.33691406 -0.10058594 0.13183594
v 0.27832031 -0.07128906 0.13183594
v 0.21191406 -0.04394531 0.13183594
v 0.21191406 -0.04394531 0.13183594
v 0.14550781 -0.01660156 0.12988281
v 0.07519532 0.00097656 0.12988281
v 0.07519532 0.00097656 0.12988281
v 0.00488282 0.01074219 0.12792969
v 0.00488282 0.01074219 0.12792969
v -0.13183594 0.01074219 0.12988281
v -0.13183594 0.01074219 0.12988281
v -0.20214844 -0.00097656 0.12988281
v -0.27050781 -0.02441406 0.13183594
v -0.27050781 -0.02441406 0.13183594
v -0.33691406 -0.05371094 0.13183594
v -0.40136719 -0.09277344 0.13183594
v -0.40136719 -0.09277344 0.13183594
v -0.45996094 -0.14550781 0.13378906
v -0.46972656 -0.03613281 0.10644531
v -0.49121094 -0.03613281 0.10644531
v -0.49121094 -0.03613281 0.12988281
v -0.49121094 -0.03808594 0.10449219
v -0.46777344 -0.15527344 0.10449219
v -0.49121094 -0.15527344 0.10449219
v -0.49121094 -0.15527344 0.10449219
v -0.46777344 -0.03808594 0.10449219
v -0.46777344 -0.03808594 0.10449219
v -0.46972656 -0.03613281 0.12988281
v -0.49121094 -0.03808594 0.13183594
v -0.49121094 -0.03808594 0.13183594
v -0.49121094 -0.15527344 0.13183594
v -0.49121094 -0.15527344 0.13183594
v -0.46777344 -0.15527344 0.13183594
v -0.46777344 -0.15527344 0.13183594
v -0.46777344 -0.03808594 0.13183594
v -0.46777344 -0.03808594 0.13183594
v -0.49902344 -0.15136719 -0.14160156
v -0.49902344 -0.15136719 -0.14160156
v -0.49902344 -0.13769531 -0.14160156
v -0.47363281 -0.15136719 -0.14160156
v -0.47363281 -0.15136719 -0.14160156
v -0.47363281 -0.13769531 -0.14160156
v -0.47363281 -0.15917969 -0.05566406
v -0.47363281 -0.15917969 -0.05566406
v -0.47363281 -0.14355469 -0.05566406
v -0.47363281 -0.14355469 -0.05566406
v -0.47363281 -0.14355469 -0.05566406
v -0.49902344 -0.14355469 -0.05566406
v -0.49902344 -0.14355469 -0.05566406
v -0.49902344 -0.14355469 -0.05566406
v -0.49902344 -0.14355469 -0.05566406
v -0.49902344 -0.14355469 -0.05566406
v -0.49902344 -0.15917969 -0.05566406
v -0.49902344 -0.15917969 -0.05566406
v -0.49902344 -0.15917969 -0.05566406
v -0.47363281 -0.15722656 0.04199219
v -0.47363281 -0.15722656 0.04199219
v -0.47363281 -0.15722656 0.04199219
v -0.47363281 -0.14355469 0.04199219
v -0.47363281 -0.14355469 0.04199219
v -0.47363281 -0.14355469 0.04199219
v -0.47363281 -0.13769531 0.14160156
v -0.47363281 -0.13769531 0.14160156
v -0.49902344 -0.14355469 0.04199219
v -0.49902344 -0.15722656 0.04199219
v -0.49902344 -0.15722656 0.04199219
v -0.49902344 -0.15722656 0.04199219
v -0.47363281 -0.15136719 0.14160156
v -0.49902344 -0.13769531 0.14160156
v -0.49902344 -0.13769531 0.14160156
v -0.49902344 -0.15136719 0.14160156
v -0.49902344 -0.15136719 0.14160156
vt 0.00021363 0.92535287
vt 0.98905927 0.99208057
vt 0.00811780 0.92841995
vt 0.98921186 0.98638898
vt 0.99078357 0.98976117
vt 0.99092090 0.98840314
vt 0.99105823 0.98698407
vt 0.99101245 0.98487830
vt 0.98912030 0.98292518
vt 0.01165789 0.92559701
vt 0.00775158 0.92590219
vt 0.00656138 0.92404056
vt 0.00320439 0.92248416
vt 0.00445563 0.92188907
vt 0.00465400 0.91914243
vt 0.00354009 0.91927975
vt 0.00186160 0.91892880
vt 0.99372852 0.99295032
vt 0.99366748 0.99119556
vt 0.99397266 0.98879987
vt 0.99386585 0.98751813
vt 0.99392688 0.98471045
vt 0.99446100 0.98237586
vt 0.01411460 0.92356753
vt 0.99140918 0.98188752
vt 0.98971540 0.98107880
vt 0.01228351 0.92361331
vt 0.00868238 0.92344546
vt 0.00613413 0.92185855
vt 0.00633249 0.91926450
vt 0.00508125 0.91787595
vt 0.00407416 0.91732663
vt 0.00344854 0.91610587
vt 0.99665827 0.99212635
vt 0.99592584 0.99046314
vt 0.99523920 0.98875409
vt 0.99665827 0.98754865
vt 0.99568170 0.98686200
vt 0.99632257 0.98496985
vt 0.01399252 0.91833371
vt 0.99638361 0.98281837
vt 0.99520868 0.98124665
vt 0.01359579 0.92034793
vt 0.01081865 0.92146182
vt 0.00932326 0.91975284
vt 0.00675975 0.91802853
vt 0.00546273 0.91570914
vt 0.99864197 0.99113452
vt 0.99725336 0.98954755
vt 0.99884033 0.98556495
vt 0.01109331 0.91602957
vt 0.01229877 0.91839474
vt 0.01071183 0.91833371
vt 0.99971008 0.98684675
vt 0.00926223 0.91627377
vt 0.01065080 0.91685361
vt 0.64625007 0.98059052
vt 0.62902266 0.98028535
vt 0.64704359 0.97697413
vt 0.36614022 0.00129700
vt 0.36794078 0.00512701
vt 0.38878462 0.00434881
vt 0.62621498 0.97596705
vt 0.39227894 0.01733422
vt 0.62624550 0.98771650
vt 0.64625007 0.98710614
vt 0.65249103 0.98056000
vt 0.36592659 0.00805676
vt 0.38649577 0.00737011
vt 0.38791487 0.01443505
vt 0.62639809 0.98878461
vt 0.39131761 0.01962310
vt 0.38809797 0.01594567
vt 0.64681470 0.98884565
vt 0.37032121 0.02015716
vt 0.37315938 0.01451135
vt 0.97030592 0.39394218
vt 0.35698482 0.99296558
vt 0.97584498 0.39087510
vt 0.97732508 0.41081864
vt 0.34328222 0.97875947
vt 0.33978790 0.97923249
vt 0.33962005 0.98368812
vt 0.31860837 0.97990388
vt 0.41669336 0.04216069
vt 0.41103226 0.04281682
vt 0.31821164 0.98542762
vt 0.31920347 0.96812391
vt 0.41454184 0.03450066
vt 0.31689936 0.99447626
vt 0.40914014 0.03389031
vt 0.41362631 0.03347832
vt 0.41591516 0.01545739
vt 0.33980316 0.96963453
vt 0.33916229 0.99470514
vt 0.33939117 0.99099720
vt 0.33965057 0.98489356
vt 0.34210727 0.98384070
vt 0.35628289 0.99430841
vt 0.97570765 0.38905931
vt 0.97080952 0.38554972
vt 0.96658272 0.39366752
vt 0.35729000 0.96502632
vt 0.34283972 0.97630274
vt 0.34216830 0.97108418
vt 0.34148166 0.96916151
vt 0.34093234 0.99102771
vt 0.33897918 0.96523994
vt 0.97720301 0.36546886
vt 0.96952772 0.38516825
vt 0.96635383 0.38562602
vt 0.35384145 0.96192873
vt 0.99006635 0.00617993
vt 0.99313343 0.00686657
vt 0.99009687 0.00939953
vt 0.99116504 0.68476391
vt 0.99386585 0.01402307
vt 0.98692304 0.68679333
vt 0.99005109 0.01385522
vt 0.99151599 0.01245135
vt 0.98748761 0.00981158
vt 0.98316932 0.69102007
vt 0.98475623 0.69308007
vt 0.98759443 0.01261920
vt 0.98564124 0.68906689
vt 0.98748761 0.68987560
vt 0.98965436 0.68867016
vt 0.99308765 0.68810558
vt 0.99072254 0.68937206
vt 0.99232471 0.68621349
vt 0.99317920 0.68464184
vt 0.99569696 0.01327533
vt 0.99359119 0.01058978
vt 0.99494928 0.00584424
vt 0.99067676 0.00471503
vt 0.98908979 0.00462347
vt 0.98806745 0.00726330
vt 0.98513770 0.00769055
vt 0.98289466 0.69536889
vt 0.98722821 0.69420922
vt 0.98947126 0.69076067
vt 0.99137866 0.69069964
vt 0.99459833 0.68943310
vt 0.99520868 0.68728161
vt 0.99829102 0.68601513
vt 0.99850464 0.00915539
vt 0.99972534 0.69069964
vt 0.99781793 0.00543219
vt 0.99462885 0.00427252
vt 0.99108875 0.00320441
vt 0.98965436 0.00320441
vt 0.98643476 0.00349432
vt 0.98735029 0.69921416
vt 0.98793012 0.69629967
vt 0.99047840 0.69274437
vt 0.99247730 0.69245446
vt 0.99708551 0.69022655
vt 0.99694818 0.69245446
vt 0.99800104 0.69515526
vt 0.99539179 0.00257879
vt 0.99009687 0.00128174
vt 0.99290454 0.69877166
vt 0.99177539 0.69628441
vt 0.99156177 0.69466698
vt 0.99412525 0.69497216
vt 0.39880979 0.99307239
vt 0.39935911 0.98959333
vt 0.40312809 0.99378955
vt 0.40440986 0.98895246
vt 0.40631723 0.99325550
vt 0.40883496 0.99374378
vt 0.40949112 0.99140918
vt 0.40880445 0.98406959
vt 0.39963380 0.98461890
vt 0.39649042 0.98611426
vt 0.39615473 0.98139924
vt 0.39456779 0.98928815
vt 0.47035936 0.01797515
vt 0.39258412 0.98637372
vt 0.39409477 0.99298084
vt 0.39954224 0.99626154
vt 0.40668344 0.99671930
vt 0.41031510 0.99479669
vt 0.41216144 0.99055469
vt 0.41185626 0.98588538
vt 0.40972000 0.98161286
vt 0.40253299 0.97953767
vt 0.40021363 0.97868317
vt 0.47852293 0.01840240
vt 0.40088502 0.97607386
vt 0.39421684 0.98039216
vt 0.47428092 0.01757842
vt 0.47359425 0.01574731
vt 0.47339588 0.01385522
vt 0.46897078 0.01464868
vt 0.46739909 0.01911956
vt 0.99276721 0.22658122
vt 0.39308766 0.99354541
vt 0.39931333 0.99920654
vt 0.98764020 0.22612345
vt 0.39859617 0.99702448
vt 0.98512244 0.22607768
vt 0.40790418 1.00000000
vt 0.41295490 0.99479669
vt 0.41589990 0.98966962
vt 0.41503012 0.98567176
vt 0.41123065 0.98081940
vt 0.40590525 0.97666895
vt 0.48097962 0.01896697
vt 0.47989625 0.01719689
vt 0.47707331 0.01530480
vt 0.47769895 0.01286334
vt 0.47844663 0.00975049
vt 0.47286183 0.00849926
vt 0.46887922 0.01016253
vt 0.99795526 0.21562523
vt 0.47017625 0.00444037
vt 0.99383533 0.21263444
vt 0.99343860 0.21832609
vt 0.99220264 0.21928740
vt 0.46443886 0.01649499
vt 0.99404895 0.22368199
vt 0.98547339 0.22449070
vt 0.97958344 0.22575724
vt 0.41365683 0.99545282
vt 0.97441059 0.22623026
vt 0.48928055 0.01770049
vt 0.41890591 0.98870832
vt 0.41269550 0.97996491
vt 0.48548105 0.01832610
vt 0.48125428 0.01507592
vt 0.48128480 0.01319903
vt 0.48255131 0.00914013
vt 0.48484015 0.00766003
vt 0.47206837 0.00630200
vt 0.47167161 0.00335699
vt 0.99240100 0.21312279
vt 0.99098194 0.21596092
vt 0.98973066 0.22078282
vt 0.98594642 0.22140843
vt 0.98274207 0.22204930
vt 0.97930878 0.22462809
vt 0.97485316 0.22409397
vt 0.49048600 0.01666284
vt 0.48543528 0.01570153
vt 0.48555735 0.01239032
vt 0.48682383 0.00534064
vt 0.97750819 0.21217668
vt 0.98521399 0.21791410
vt 0.98161286 0.21951628
vt 0.97926301 0.22331578
vt 0.97616541 0.21962309
vt 0.48802930 0.01185626
vt 0.97441059 0.21573204
vt 0.97801173 0.21641868
vt 0.82485694 0.74962997
vt 0.82330054 0.75063705
vt 0.80851454 0.74914169
vt 0.80973524 0.75025558
vt 0.51610589 0.09350729
vt 0.80549324 0.76079959
vt 0.52217901 0.11711299
vt 0.83717096 0.76087588
vt 0.52011901 0.12014955
vt 0.84075683 0.75860226
vt 0.82667279 0.69733727
vt 0.84628063 0.68171203
vt 0.45465782 0.12361336
vt 0.45847258 0.10336459
vt 0.44811168 0.09114212
vt 0.79615474 0.68126953
vt 0.79992372 0.76000607
vt 0.51345080 0.09283590
vt 0.02264439 0.22336155
vt 0.01637293 0.98640424
vt 0.01153582 0.98733503
vt 0.01171893 0.98493934
vt 0.00898756 0.98764020
vt 0.01222248 0.98802167
vt 0.01481651 0.98886091
vt 0.01991302 0.22391087
vt 0.01550317 0.23288321
vt 0.02191196 0.96510261
vt 0.01249714 0.23887998
vt 0.00790417 0.23389030
vt 0.00578317 0.23581290
vt 0.01615930 0.96069276
vt 0.01571679 0.96400398
vt 0.01947051 0.96910048
vt 0.02520790 0.97254902
vt 0.01943999 0.23430228
vt 0.01847867 0.23027390
vt 0.01492332 0.22949570
vt 0.01429770 0.22706950
vt 0.01493858 0.22821391
vt 0.01211566 0.22961777
vt 0.00976577 0.23030442
vt 0.00738537 0.23105210
vt 0.00476081 0.23183030
vt 0.00183108 0.23408866
vt 0.01188678 0.96234071
vt 0.01374838 0.96572822
vt 0.01579309 0.96835279
vt 0.01782254 0.97085530
vt 0.02189670 0.97431904
vt 0.02104219 0.23094529
vt 0.01977569 0.22906846
vt 0.01884489 0.22784770
vt 0.01516747 0.22545207
vt 0.01133745 0.22560465
vt 0.00932326 0.22861069
vt 0.00802625 0.22920579
vt 0.00491341 0.22948045
vt 0.00282292 0.23144883
vt 0.00985733 0.96504158
vt 0.01295491 0.96757460
vt 0.01437400 0.96957350
vt 0.01638819 0.97259480
vt 0.01849394 0.97508204
vt 0.02281224 0.22963303
vt 0.01908904 0.97900361
vt 0.02139315 0.22755778
vt 0.01925689 0.22581828
vt 0.01524376 0.22410923
vt 0.00846876 0.22420079
vt 0.00538643 0.22061491
vt 0.00756847 0.22151524
vt 0.00576791 0.22346836
vt 0.00817884 0.22261387
vt 0.00752270 0.22645915
vt 0.00323491 0.96687269
vt 0.00268559 0.22764933
vt 0.00122072 0.23118943
vt 0.00849927 0.96606392
vt 0.01109331 0.96829176
vt 0.01330587 0.97117573
vt 0.01507591 0.97456324
vt 0.01355001 0.97546351
vt 0.02354467 0.22714579
vt 0.01635767 0.97969025
vt 0.01495384 0.98211640
vt 0.01110857 0.98344398
vt 0.01260395 0.98133820
vt 0.01051347 0.98188752
vt 0.00846876 0.97993439
vt 0.01419089 0.21646446
vt 0.00665293 0.98664838
vt 0.00735485 0.99186695
vt 0.01507591 0.22116429
vt 0.01162737 0.22133213
vt 0.00976577 0.21870756
vt 0.00346380 0.22047758
vt 0.00309758 0.22430760
vt 0.00096132 0.22594035
vt 0.00157168 0.96856642
vt 0.00405890 0.97004652
vt 0.00677501 0.96789503
vt 0.01104753 0.97050428
vt 0.01130693 0.97711146
vt 0.00878920 0.97575343
vt 0.00729381 0.97668421
vt 0.00204471 0.98741132
vt 0.01109331 0.21625084
vt 0.00000000 0.22018766
vt 0.00038148 0.97135884
vt 0.00347906 0.97140461
vt 0.00698863 0.97018385
vt 0.00863661 0.97228962
vt 0.00579843 0.97479212
vt 0.00489815 0.97308308
vt 0.67461663 0.12091249
vt 0.03956664 0.96452278
vt 0.71197069 0.09036392
vt 0.71097887 0.12541389
vt 0.07643244 0.97761500
vt 0.03881895 0.96876478
vt 0.03700313 0.97470057
vt 0.67551690 0.09275961
vt 0.67606622 0.09762722
vt 0.71192491 0.09642178
vt 0.74769205 0.09465170
vt 0.90005338 0.00337225
vt 0.86782634 0.00392157
vt 0.74860764 0.08934158
vt 0.89935148 0.01020831
vt 0.74784464 0.12413216
vt 0.71116197 0.12146181
vt 0.67577630 0.11403066
vt 0.03410392 0.96366829
vt 0.03012131 0.96975660
vt 0.67148852 0.10510415
vt 0.71168077 0.10083163
vt 0.74712747 0.09912258
vt 0.95954835 0.79729915
vt 0.90135044 0.00000000
vt 0.96235597 0.76223391
vt 0.86610210 0.00051880
vt 0.97381550 0.76012814
vt 0.86691082 0.00975049
vt 0.97799647 0.76282901
vt 0.86752117 0.01371789
vt 0.90081638 0.01428246
vt 0.97759974 0.79765010
vt 0.74741739 0.11984438
vt 0.71219957 0.11491567
vt 0.71149766 0.10829329
vt 0.74668497 0.10550088
vt 0.96467537 0.79862666
vt 0.96723890 0.76632333
vt 0.97262532 0.76664376
vt 0.74702066 0.11323720
vt 0.97093159 0.79822993
vt 0.72288090 0.83927673
vt 0.07147326 0.96821547
vt 0.75790036 0.87614250
vt 0.72498667 0.87937742
vt 0.04350347 0.93899441
vt 0.07389944 0.96462959
vt 0.07841612 0.96031129
vt 0.75118637 0.83901733
vt 0.74656290 0.84533453
vt 0.75237662 0.87739378
vt 0.29500267 0.11433583
vt 0.71949339 0.88036925
vt 0.25682458 0.11389333
vt 0.73463035 0.94552529
vt 0.98469520 0.51277947
vt 0.71856260 0.91607535
vt 0.99075305 0.51277947
vt 0.73452353 0.97317463
vt 0.98931867 0.46425575
vt 0.72542918 0.91573966
vt 0.72864884 0.87934691
vt 0.07777523 0.97161824
vt 0.72881669 0.83489740
vt 0.73917753 0.84325933
vt 0.74624246 0.87812620
vt 0.75242239 0.91454947
vt 0.70470738 0.93215841
vt 0.25725186 0.10962081
vt 0.21626611 0.11422902
vt 0.71209276 0.95652705
vt 0.98469520 0.55399406
vt 0.71299309 0.95901430
vt 0.71140611 0.96241701
vt 0.70891887 0.96331733
vt 0.98654157 0.42380404
vt 0.98509192 0.46500343
vt 0.68546575 0.97334248
vt 0.98605323 0.58504617
vt 0.73040360 0.91551077
vt 0.73315024 0.88113225
vt 0.73875028 0.87832457
vt 0.74659342 0.91421378
vt 0.75715268 0.94990462
vt 0.70789653 0.95664912
vt 0.70630962 0.96003664
vt 0.98966962 0.62485695
vt 0.99143970 0.58408487
vt 0.68342108 0.94938582
vt 0.74023038 0.91567862
vt 0.27524224 0.57203019
vt 0.84425116 0.76899368
vt 0.21190204 0.58959335
vt 0.85560387 0.72356755
vt 0.85609215 0.77193868
vt 0.16020447 0.54563212
vt 0.18785381 0.60640877
vt 0.19000535 0.60566109
vt 0.21046770 0.59134817
vt 0.20285344 0.61480129
vt 0.21469444 0.60653090
vt 0.21683070 0.60729384
vt 0.79559016 0.77038223
vt 0.25453573 0.66105133
vt 0.84107727 0.78170443
vt 0.85290301 0.78464943
vt 0.16464485 0.67048144
vt 0.84156555 0.83007550
vt 0.20283818 0.61707485
vt 0.78832686 0.96200502
vt 0.60489815 0.02128631
vt 0.62745100 0.03199816
vt 0.62546730 0.03311205
vt 0.80561531 0.94618142
vt 0.58071262 0.97802699
vt 0.57819486 0.98141450
vt 0.63102162 0.03369194
vt 0.56052488 0.98330665
vt 0.56195927 0.98527503
vt 0.56188297 0.98870832
vt 0.57705045 0.98899823
vt 0.63384449 0.02777141
vt 0.63028914 0.02607769
vt 0.60772109 0.01536584
vt 0.78706032 0.97109944
vt 0.79317921 0.96783400
vt 0.79545283 0.96606392
vt 0.79592586 0.96287477
vt 0.80968946 0.95919740
vt 0.81329060 0.95809871
vt 0.82858014 0.95892274
vt 0.55558097 0.97792017
vt 0.83079273 0.97203022
vt 0.55872434 0.99180591
vt 0.63324940 0.02290380
vt 0.57907987 0.99201953
vt 0.81074238 0.97772181
vt 0.80804151 0.97015333
vt 0.80927747 0.96589607
vt 0.81306171 0.95973146
vt 0.82676435 0.96050966
vt 0.82543677 0.96664375
vt 0.96432441 0.21535057
vt 0.94726479 0.63155568
vt 0.96893263 0.21551841
vt 0.96540779 0.23150986
vt 0.93096817 0.63120472
vt 0.97009230 0.23384452
vt 0.95455861 0.23784238
vt 0.92632943 0.64203858
vt 0.95007247 0.23373771
vt 0.93035781 0.64223695
vt 0.93116653 0.64075685
vt 0.94682229 0.63282216
vt 0.94923323 0.63012135
vt 0.96887159 0.21313804
vt 0.96516365 0.63051808
vt 0.96920729 0.19635308
vt 0.96467537 0.21277177
vt 0.96368355 0.21271074
vt 0.96336311 0.21528953
vt 0.95536739 0.21672386
vt 0.95063704 0.21609825
vt 0.94674599 0.64138246
vt 0.94918746 0.64016175
vt 0.96432441 0.63190663
vt 0.96920729 0.63071644
vt 0.96391243 0.19655144
vt 0.96295112 0.19742125
vt 0.95603877 0.21310753
vt 0.95487905 0.21376365
vt 0.95048445 0.21377891
vt 0.94898909 0.64144349
vt 0.96459907 0.64203858
vt 0.95002669 0.19478142
vt 0.95425344 0.19911498
vt 0.99002057 0.71169603
vt 0.99226367 0.71639585
vt 0.98869306 0.71372545
vt 0.98934919 0.71514457
vt 0.99061573 0.71740294
vt 0.99261463 0.71783018
vt 0.99945068 0.67708862
vt 0.99557489 0.71711302
vt 0.99481195 0.71519035
vt 0.99365222 0.71229112
vt 0.99327075 0.70977342
vt 0.99055469 0.70905626
vt 0.98727399 0.70879686
vt 0.98632789 0.71168077
vt 0.98648053 0.71413749
vt 0.98649579 0.71567863
vt 0.99911499 0.66883343
vt 0.98811322 0.71842527
vt 0.99971008 0.67095447
vt 0.98989850 0.72072935
vt 0.99337757 0.72051573
vt 0.99871826 0.67400622
vt 0.99768060 0.67519647
vt 0.99801630 0.67794311
vt 0.99665827 0.71586180
vt 0.99435419 0.67981994
vt 0.99639887 0.71158922
vt 0.99008161 0.67794311
vt 0.99418634 0.70830858
vt 0.98802167 0.67653924
vt 0.99171436 0.70807970
vt 0.98902875 0.67377734
vt 0.98706037 0.70710307
vt 0.98965436 0.67136645
vt 0.98548865 0.70894945
vt 0.98982221 0.66990161
vt 0.98498511 0.71096361
vt 0.98493934 0.71352708
vt 0.99133289 0.66732281
vt 0.99235523 0.66828412
vt 0.99398792 0.66720074
vt 0.98522925 0.71563286
vt 0.98640424 0.71876097
vt 0.99734491 0.66921496
vt 0.99745172 0.67075610
vt 0.99786371 0.67299914
vt 0.99699396 0.67418933
vt 0.99575800 0.67711914
vt 0.99232471 0.67602044
vt 0.99053943 0.67524225
vt 0.98997480 0.67283130
vt 0.99145496 0.67086291
vt 0.99504083 0.66939807
vt 0.99618524 0.67191577
vt 0.99525446 0.67455554
vt 0.99258411 0.67425036
vt 0.99125659 0.67411304
vt 0.99157703 0.67226672
vt 0.99281299 0.67249560
vt 0.97553980 0.63242543
vt 0.36382085 0.97541773
vt 0.97373921 0.62911421
vt 0.99664301 0.63202870
vt 0.38434425 0.98071259
vt 0.38287938 0.97752345
vt 0.36575875 0.97253376
vt 0.38345921 0.97586024
vt 0.38525978 0.97036695
vt 0.36939040 0.96502632
vt 0.36205080 0.96835279
vt 0.97369343 0.63538563
vt 0.99496454 0.63462269
vt 0.38768595 0.97921723
vt 0.99563593 0.64048219
vt 0.39102769 0.97045851
vt 0.38605326 0.96946669
vt 0.99635309 0.64270997
vt 0.38977647 0.96816969
vt 0.36847487 0.96160829
vt 0.97759974 0.64426643
vt 0.97976655 0.64029908
vt 0.85978484 0.96772718
vt 0.86086822 0.96437019
vt 0.99758905 0.97566187
vt 0.88235295 0.97238117
vt 0.88374150 0.96806288
vt 0.99293506 0.97639430
vt 0.99499506 0.96787977
vt 0.99118030 0.96778822
vt 0.88700694 0.95973146
vt 0.86103606 0.96318001
vt 0.85799956 0.96348518
vt 0.11749447 0.99169910
vt 0.84751660 0.94656289
vt 0.84670788 0.94778365
vt 0.11589227 0.99192798
vt 0.11369497 0.98808271
vt 0.09845121 0.99421686
vt 0.85607690 0.96739149
vt 0.86053252 0.96919203
vt 0.88146794 0.98115510
vt 0.99626154 0.96839857
vt 0.99723810 0.95057601
vt 0.85755706 0.97718775
vt 0.86378270 0.95405507
vt 0.86282140 0.95713741
vt 0.86007476 0.95721370
vt 0.85474938 0.98149079
vt 0.13617150 0.99517816
vt 0.12086672 0.98699933
vt 0.11378653 0.98533607
vt 0.83741510 0.98033112
vt 0.85551232 0.96978712
vt 0.85542077 0.97471583
vt 0.85514611 0.97648585
vt 0.86076140 0.95623714
vt 0.85516137 0.98051423
vt 0.83811706 0.98756391
vt 0.12095827 0.98551917
vt 0.11825742 0.98294044
vt 0.84039062 0.98257422
vt 0.98446631 0.11699092
vt 0.98825055 0.11467153
vt 0.98590064 0.11876094
vt 0.98710614 0.12532234
vt 0.98731977 0.12042421
vt 0.98997480 0.12442207
vt 0.99069202 0.12237734
vt 0.98927289 0.11993593
vt 0.99156177 0.11754024
vt 0.99006635 0.11555660
vt 0.99125659 0.11374074
vt 0.98850995 0.11158925
vt 0.00144961 0.88787669
vt 0.00344854 0.88532847
vt 0.00285344 0.88821238
vt 0.00201419 0.88470280
vt 0.98284888 0.11548030
vt 0.00234989 0.88120854
vt 0.98159760 0.11935610
vt 0.98458838 0.12227052
vt 0.98797590 0.12861830
vt 0.99098194 0.12614632
vt 0.99215686 0.12469673
vt 0.99401844 0.12216371
vt 0.99278247 0.12025636
vt 0.99404895 0.11630428
vt 0.99314868 0.11284047
vt 0.00239567 0.88949418
vt 0.99716181 0.11454946
vt 0.00428778 0.88883805
vt 0.00482185 0.88586253
vt 0.00462348 0.88352787
vt 0.00680552 0.88097966
vt 0.98431373 0.12990004
vt 0.99133289 0.13034254
vt 0.99357593 0.12870985
vt 0.99316394 0.12642097
vt 0.99526972 0.12465096
vt 0.99609369 0.12053102
vt 0.99613947 0.11805904
vt 0.99676508 0.11583126
vt 1.00000000 0.11804378
vt 0.00648508 0.88935685
vt 0.00804150 0.88613719
vt 0.00816358 0.88436711
vt 0.99255359 0.13282979
vt 0.99453729 0.12925917
vt 0.99664301 0.12654305
vt 0.99754328 0.12397957
vt 0.99848938 0.12100405
vt 0.99896240 0.11908138
vt 0.00981155 0.88926530
vt 0.99966431 0.12550545
vt 0.99246204 0.04986650
vt 0.98924237 0.04950029
vt 0.99215686 0.04534984
vt 0.98741132 0.04591441
vt 0.97639430 0.03916991
vt 0.97320515 0.24040592
vt 0.97485316 0.04243535
vt 0.97773707 0.23407340
vt 0.97769129 0.24025333
vt 0.98359656 0.23686582
vt 0.98078889 0.24234378
vt 0.98246741 0.24350345
vt 0.98455787 0.24240482
vt 0.99150074 0.23967344
vt 0.98783857 0.23157090
vt 0.97561610 0.04742503
vt 0.97865266 0.04370183
vt 0.98089570 0.04576182
vt 0.98025483 0.03978026
vt 0.97039747 0.23994809
vt 0.97199970 0.24324405
vt 0.96864271 0.24260318
vt 0.98323035 0.04248112
vt 0.98591590 0.04110783
vt 0.98321509 0.03794920
vt 0.97175556 0.24458688
vt 0.97526515 0.24550241
vt 0.97532618 0.24399173
vt 0.97914094 0.24476999
vt 0.98240632 0.24519724
vt 0.98562598 0.24463266
vt 0.99011213 0.24292362
vt 0.99296558 0.24295413
vt 0.99642938 0.23604178
vt 0.97967499 0.04975969
vt 0.98110932 0.04849315
vt 0.98262000 0.04927140
vt 0.98324561 0.04580760
vt 0.98457313 0.04600596
vt 0.98583961 0.04632640
vt 0.98570228 0.04985124
vt 0.98957807 0.05403221
vt 0.99407947 0.05305564
vt 0.99388111 0.04451054
vt 0.98988324 0.04187077
vt 0.98797590 0.03550774
vt 0.98432899 0.03224230
vt 0.97497523 0.24690622
vt 0.98500037 0.02891582
vt 0.97972077 0.24773020
vt 0.98287940 0.24805069
vt 0.98699933 0.24699777
vt 0.98954755 0.24608225
vt 0.99293506 0.24480051
vt 0.99494928 0.24409854
vt 0.98211640 0.05270463
vt 0.98431373 0.05076677
vt 0.99656671 0.24872208
vt 0.98606849 0.05352867
vt 0.99575800 0.25156021
vt 0.99227893 0.05696195
vt 0.99557489 0.25737393
vt 0.99752802 0.05415428
vt 0.99562067 0.03970397
vt 0.99249256 0.03601128
vt 0.97715724 0.26543069
vt 0.99678034 0.03497368
vt 0.99328601 0.02987719
vt 0.97575343 0.25650418
vt 0.97788966 0.25519186
vt 0.98670942 0.02896160
vt 0.97824061 0.25075150
vt 0.98271155 0.24934769
vt 0.98852521 0.24802011
vt 0.98420691 0.05551231
vt 0.99308765 0.24646372
vt 0.99406421 0.24901199
vt 0.99156177 0.25287253
vt 0.99113452 0.25613797
vt 0.99687189 0.03785765
vt 0.98075837 0.26547647
vt 0.97972077 0.25975430
vt 0.98239106 0.25664151
vt 0.98072785 0.25377280
vt 0.98301673 0.25059891
vt 0.98854047 0.24951553
vt 0.98822004 0.25261313
vt 0.98735029 0.25690091
vt 0.98333716 0.25183487
vt 0.84197760 0.57572293
vt 0.84309149 0.57096207
vt 0.85876250 0.57277787
vt 0.85746551 0.57174027
vt 0.86590374 0.47548640
vt 0.86494237 0.56200504
vt 0.87173265 0.49910736
vt 0.83295947 0.56330204
vt 0.83054858 0.56499577
vt 0.86965746 0.50214386
vt 0.21915007 0.10749984
vt 0.15860227 0.12260622
vt 0.82822919 0.63758296
vt 0.15860227 0.10749984
vt 0.80146486 0.50516522
vt 0.80569160 0.48516059
vt 0.13740750 0.12260622
vt 0.79531550 0.47261769
vt 0.87057298 0.63979554
vt 0.86788738 0.56494999
vt 0.86327916 0.47476923
vt 0.45932707 0.15791559
vt 0.58899826 0.94035250
vt 0.53327233 0.93691921
vt 0.45912871 0.16156250
vt 0.45787746 0.86894023
vt 0.58973068 0.93626308
vt 0.53417259 0.93330282
vt 0.52957964 0.94055086
vt 0.59789425 0.82584882
vt 0.51126879 0.15165943
vt 0.42302588 0.15140003
vt 0.50406653 0.86366063
vt 0.50347143 0.86642253
vt 0.42214084 0.15326160
vt 0.42371252 0.15858704
vt 0.49451438 0.86611736
vt 0.48867017 0.84560919
vt 0.45181963 0.84045166
vt 0.58612955 0.90862900
vt 0.53694969 0.91003281
vt 0.53673607 0.90789652
vt 0.39392692 0.82655072
vt 0.52904552 0.90395969
vt 0.43794918 0.91386282
vt 0.49803922 0.83741510
vt 0.49085221 0.84179449
vt 0.58530557 0.90357822
vt 0.45064470 0.83738458
vt 0.00949111 0.02148473
vt 0.01235981 0.02201879
vt 0.00532540 0.02296484
vt 0.00028992 0.75217819
vt 0.00039673 0.74055088
vt 0.01467918 0.02522314
vt 0.00466926 0.74682230
vt 0.00131228 0.02192724
vt 0.00347906 0.75585568
vt 0.00860609 0.75214767
vt 0.00999466 0.74506748
vt 0.00561532 0.74120700
vt 0.00650034 0.73649192
vt 0.01933318 0.02355993
vt 0.01548791 0.02296484
vt 0.01539635 0.02154577
vt 0.01470970 0.02052337
vt 0.01318379 0.01707482
vt 0.01075761 0.01915008
vt 0.00831617 0.01948577
vt 0.00662242 0.02087432
vt 0.00276188 0.02021819
vt 0.00726329 0.75680172
vt 0.01094072 0.75365835
vt 0.01173419 0.75135422
vt 0.01286336 0.74842453
vt 0.01252766 0.74433506
vt 0.00889601 0.73992527
vt 0.01091020 0.73890287
vt 0.01078813 0.73749906
vt 0.02038605 0.02166784
vt 0.01687648 0.01834136
vt 0.01725795 0.01699853
vt 0.01824979 0.01406884
vt 0.02275120 0.01205462
vt 0.02346838 0.01419091
vt 0.02421607 0.01213092
vt 0.02134737 0.01049823
vt 0.01855497 0.00953686
vt 0.01420615 0.01097125
vt 0.01264973 0.00920117
vt 0.01139849 0.01266497
vt 0.00836194 0.01414514
vt 0.99150074 0.87733275
vt 0.99197376 0.87304497
vt 0.98837262 0.87379265
vt 0.98744184 0.87708855
vt 0.00732433 0.01882964
vt 0.00476081 0.01805145
vt 0.98432899 0.87585258
vt 0.01258869 0.75449759
vt 0.01452659 0.75118637
vt 0.01455711 0.74732590
vt 0.01470970 0.74373996
vt 0.02531472 0.02444494
vt 0.01391623 0.74233615
vt 0.01710536 0.74283969
vt 0.02545205 0.02334630
vt 0.02459754 0.02064544
vt 0.02149996 0.01959258
vt 0.02223239 0.01765472
vt 0.02584878 0.01623559
vt 0.02728313 0.01165789
vt 0.03125048 0.00982684
vt 0.02922103 0.01116961
vt 0.01721218 0.00680554
vt 0.01409934 0.00726330
vt 0.00964370 0.00772107
vt 0.99377429 0.87385368
vt 0.99188221 0.86950481
vt 0.98918134 0.86878765
vt 0.98850995 0.87196153
vt 0.98445106 0.87171739
vt 0.98373389 0.87350273
vt 0.04170291 0.02450597
vt 0.01480125 0.75471121
vt 0.03903258 0.02444494
vt 0.01655604 0.75252920
vt 0.03521782 0.02447546
vt 0.01634241 0.74804306
vt 0.01693751 0.74526590
vt 0.03076219 0.02284276
vt 0.03234912 0.01994354
vt 0.02772564 0.01963836
vt 0.02885481 0.01567101
vt 0.03155566 0.01319903
vt 0.03199817 0.00909436
vt 0.03149462 0.00671399
vt 0.01388571 0.00338751
vt 0.99453729 0.86797893
vt 0.98701459 0.86750591
vt 0.98571754 0.86904705
vt 0.98287940 0.86953533
vt 0.98173493 0.87098497
vt 0.97892731 0.87144274
vt 0.03640803 0.02211034
vt 0.97476161 0.86756694
vt 0.03448539 0.01516747
vt 0.97886628 0.86602581
vt 0.03508049 0.00761425
vt 0.03106737 0.00436407
vt 0.98257422 0.86451513
vt 0.98390174 0.86604106
vt 0.97987336 0.86820781
vt 0.77181661 0.96243227
vt 0.85954070 0.09883267
vt 0.76345462 0.96314949
vt 0.76893264 0.95930421
vt 0.85148394 0.09761196
vt 0.85319293 0.13392842
vt 0.45970854 0.96905470
vt 0.85296404 0.16955823
vt 0.85876250 0.13453877
vt 0.86408788 0.13426411
vt 0.76516366 0.96913099
vt 0.86695659 0.09547567
vt 0.87501335 0.09925991
vt 0.87949950 0.09835964
vt 0.77470052 0.96600288
vt 0.80009156 0.93635464
vt 0.87983519 0.13450825
vt 0.84899670 0.13376057
vt 0.45909819 0.97894257
vt 0.84870678 0.16990924
vt 0.88184941 0.17042804
vt 0.96252382 0.72822154
vt 0.49053177 0.97717249
vt 0.96746778 0.69410241
vt 0.96354622 0.68938732
vt 0.49388877 0.98062104
vt 0.49320212 0.97271687
vt 0.46115816 0.95974672
vt 0.86060882 0.16906995
vt 0.46167696 0.95555049
vt 0.98115510 0.72733653
vt 0.86631572 0.16881055
vt 0.87032884 0.13429463
vt 0.87528801 0.13394368
vt 0.87789732 0.16981763
vt 0.96913099 0.72515452
vt 0.97163349 0.69434655
vt 0.49993134 0.96954298
vt 0.97732508 0.68989086
vt 0.87356377 0.16923779
vt 0.97607386 0.72565806
vt 0.14685282 0.48918897
vt 0.18379492 0.99195850
vt 0.16092165 0.48970777
vt 0.18658732 0.98207062
vt 0.18756390 0.98745710
vt 0.22175936 0.98255897
vt 0.17199969 0.44824904
vt 0.99015790 0.57949185
vt 0.95448232 0.50089264
vt 0.98835737 0.41792935
vt 0.17080949 0.40979630
vt 0.16626230 0.44779128
vt 0.16159303 0.44774550
vt 0.15742733 0.48511481
vt 0.15333791 0.48195618
vt 0.15065232 0.48357368
vt 0.22192721 0.99139392
vt 0.14488441 0.45175862
vt 0.17883573 0.44718087
vt 0.99552912 0.57854581
vt 0.17784390 0.40984207
vt 0.98289466 0.37320518
vt 0.95584041 0.45262837
vt 0.94842452 0.47598994
vt 0.99227893 0.53841460
vt 0.98742658 0.33250934
vt 0.94274813 0.47383839
vt 0.94525063 0.47502863
vt 0.94328219 0.47917908
vt 0.98597693 0.37787443
vt 0.98298621 0.41887540
vt 0.93257040 0.50180817
vt 0.16284429 0.40987259
vt 0.15710689 0.41071182
vt 0.15559624 0.44834059
vt 0.14880598 0.44965285
vt 0.26158541 0.10347140
vt 0.18411537 0.44663155
vt 0.98742658 0.37320518
vt 0.18368810 0.40918595
vt 0.29967192 0.10383767
vt 0.93022048 0.45246053
vt 0.33984894 0.10360879
vt 0.94029146 0.47472346
vt 0.94077975 0.47800410
vt 0.14373998 0.37250322
vt 0.15036240 0.41052872
vt 0.91714352 0.48432136
vt 0.29907683 0.10925460
vt 0.24321355 0.90214390
vt 0.24672313 0.88213933
vt 0.25450522 0.89135575
vt 0.25712979 0.89080644
vt 0.29639125 0.09509420
vt 0.31650263 0.94293123
vt 0.34235141 0.09188986
vt 0.34151217 0.07995725
vt 0.25851834 0.80828565
vt 0.24660106 0.88004881
vt 0.23453116 0.88789195
vt 0.24283208 0.90476847
vt 0.35843444 0.13685817
vt 0.17016861 0.93900967
vt 0.35521477 0.09098953
vt 0.35437551 0.07905698
vt 0.23259327 0.80708015
vt 0.40033570 0.07585257
vt 0.23256275 0.88706797
vt 0.99397266 0.73900968
vt 0.82116425 0.09285116
vt 0.96984816 0.73434043
vt 0.84518194 0.08812088
vt 0.81882966 0.09600979
vt 0.99551386 0.73752958
vt 0.96865797 0.73282981
vt 0.79136342 0.09582669
vt 0.42090487 0.01934844
vt 0.42284274 0.01510644
vt 0.96424812 0.73511863
vt 0.43826962 0.01408410
vt 0.43669796 0.01255816
vt 0.43576714 0.00979632
vt 0.42110324 0.00878918
vt 0.96354622 0.74050510
vt 0.96758986 0.74103916
vt 0.99324024 0.74438083
vt 0.82275122 0.08551157
vt 0.81583887 0.08857864
vt 0.81342793 0.08902115
vt 0.81318378 0.09138626
vt 0.79667354 0.08784616
vt 0.79549861 0.08990616
vt 0.78742659 0.08535898
vt 0.77267110 0.07495230
vt 0.44551766 0.01921111
vt 0.78663307 0.06556803
vt 0.43958190 0.00631726
vt 0.96568245 0.74512857
vt 0.41925690 0.00619519
vt 0.79807734 0.07069504
vt 0.79978639 0.07983518
vt 0.79755855 0.08378726
vt 0.78944075 0.08513010
vt 0.77711147 0.07568473
vt 0.78574806 0.07339591
vt 0.08136111 0.50429541
vt 0.24252689 0.06590372
vt 0.24133669 0.06254673
vt 0.10406653 0.49581140
vt 0.25470358 0.04893571
vt 0.20025940 0.04545665
vt 0.11989014 0.43588924
vt 0.04257267 0.58007169
vt 0.60498971 0.06298923
vt 0.60582894 0.06071568
vt 0.79491872 0.75951779
vt 0.20112917 0.04794383
vt 0.66478980 0.08889908
vt 0.79359120 0.66626990
vt 0.66715497 0.08793777
vt 0.67986572 0.06274509
vt 0.78861678 0.69045550
vt 0.19098192 0.07009995
vt 0.77320516 0.75417715
vt 0.12314031 0.54395366
vt 0.10807965 0.49839020
vt 0.11017014 0.49912262
vt 0.11073472 0.49550623
vt 0.01376364 0.54241246
vt 0.66210419 0.11517507
vt 0.02099641 0.64301515
vt 0.78301668 0.69225603
vt 0.78582436 0.69300377
vt 0.12559702 0.54352635
vt 0.76964980 0.75323111
vt 0.01376364 0.58213168
vt 0.96037233 0.11680782
vt 0.31036851 0.99304187
vt 0.95494008 0.11265737
vt 0.96208131 0.11718929
vt 0.31213856 0.98274207
vt 0.96913099 0.11348134
vt 0.96829176 0.13266194
vt 0.97090107 0.13356221
vt 0.96946669 0.13652247
vt 0.96693373 0.15075916
vt 0.29019609 0.98362708
vt 0.97795069 0.13955903
vt 0.29196611 0.98445106
vt 0.97807276 0.13398945
vt 0.97616541 0.11573970
vt 0.30875105 0.98236060
vt 0.30858320 0.99185169
vt 0.29372090 0.99362171
vt 0.29359883 0.99513239
vt 0.95687801 0.13365376
vt 0.96075380 0.13231099
vt 0.96066225 0.13623255
vt 0.96350044 0.14973676
vt 0.97380024 0.15529108
vt 0.27359426 0.98196381
vt 0.27469292 0.98344398
vt 0.29127946 0.98577857
vt 0.29112688 0.99502558
vt 0.95671016 0.13621730
vt 0.95951784 0.13694972
vt 0.95725948 0.15519953
vt 0.27188525 0.99310291
vt 0.27521172 0.99266040
vt 0.95432973 0.15359730
vt 0.09257649 0.38631266
vt 0.01324483 0.85372698
vt 0.01239033 0.84991229
vt 0.02116426 0.80512702
vt 0.91076523 0.06640726
vt 0.90704203 0.06507975
vt 0.01438926 0.80648506
vt 0.92516977 0.02043182
vt 0.42858014 0.49008924
vt 0.93110549 0.01971465
vt 0.92153811 0.01843292
vt 0.42217135 0.49260700
vt 0.09485008 0.49260700
vt 0.00555428 0.76116580
vt 0.00888075 0.85122454
vt 0.09343099 0.39212632
vt 0.12072938 0.38493937
vt 0.03906310 0.85308611
vt 0.93110549 0.07562369
vt 0.05191119 0.80746168
vt 0.47626460 0.45877773
vt 0.43173876 0.46817732
vt 0.42995346 0.46526283
vt 0.00840772 0.53975737
vt 0.42151523 0.45986116
vt 0.32086670 0.45784694
vt 0.00744640 0.43799496
vt 0.12358282 0.39185166
vt 0.12359808 0.38606852
vt 0.01303121 0.43700314
vt 0.04145876 0.85487145
vt 0.47621882 0.45450521
vt 0.05488670 0.80866712
vt 0.01286336 0.48836499
vt 0.02426185 0.30986494
vt 0.76063174 0.13217366
vt 0.79176015 0.15100330
vt 0.03123522 0.33496606
vt 0.04065003 0.70276952
vt 0.65241474 0.41564047
vt 0.78675514 0.16337836
vt 0.79154652 0.15255970
vt 0.84390020 0.13756007
vt 0.58132297 0.43215078
vt 0.55188829 0.43544668
vt 0.55179673 0.43813229
vt 0.84066528 0.13115132
vt 0.58371860 0.43634701
vt 0.33388266 0.28937209
vt 0.03746090 0.23982602
vt 0.32179752 0.31012434
vt 0.01365682 0.24472421
vt 0.01934844 0.30968183
vt 0.01560998 0.31018537
vt 0.37080950 0.35242236
vt 0.01261921 0.70276952
vt 0.03744564 0.80178529
vt 0.27058825 0.31813532
vt 0.54685283 0.42845809
vt 0.54021513 0.45783168
vt 0.28668651 0.28578621
vt 0.28926528 0.28967726
vt 0.00965896 0.24440378
vt 0.31877622 0.31270313
vt 0.28639659 0.29381245
vt 0.61095595 0.70330358
vt 0.17367819 0.94947737
vt 0.70113677 0.46599525
vt 0.61483175 0.70452428
vt 0.70577556 0.46482033
vt 0.70574504 0.52648205
vt 0.70870525 0.52613103
vt 0.73656827 0.52864885
vt 0.73447776 0.52964067
vt 0.73875028 0.46753645
vt 0.64803541 0.71442741
vt 0.65413898 0.68105590
vt 0.20903334 0.95190358
vt 0.62964827 0.67379260
vt 0.62829024 0.66962695
vt 0.20985733 0.94720376
vt 0.62932783 0.66636145
vt 0.20872816 0.94335854
vt 0.10672160 0.94729531
vt 0.66137177 0.57615018
vt 0.69988555 0.53205156
vt 0.66262305 0.77804226
vt 0.74111545 0.53466088
vt 0.74378574 0.46945906
vt 0.65329975 0.71541923
vt 0.65513086 0.68096435
vt 0.71773863 0.62444496
vt 0.65967804 0.67525750
vt 0.00444038 0.31017011
vt 0.00877394 0.69704735
vt 0.00819409 0.69381249
vt 0.01019303 0.69391930
vt 0.00953689 0.31024641
vt 0.01031510 0.69221026
vt 0.00772107 0.31013960
vt 0.01120012 0.69387352
vt 0.00975052 0.69324791
vt 0.00912490 0.69282067
vt 0.00689708 0.69336998
vt 0.00585946 0.69242394
vt 0.00599680 0.69365990
vt 0.00630198 0.69533837
vt 0.00540169 0.69619286
vt 0.00163272 0.31183338
vt 0.00390631 0.31219959
vt 0.00769055 0.69735253
vt 0.00376898 0.31091785
vt 0.00517281 0.31192493
vt 0.01110857 0.69542992
vt 0.00651560 0.31065845
vt 0.00761425 0.31261158
vt 0.00881971 0.31227589
vt 0.01007095 0.31221485
vt 0.01031510 0.69016552
vt 0.00920119 0.68976879
vt 0.00944533 0.69185930
vt 0.00767529 0.69140154
vt 0.00582895 0.69146258
vt 0.00488289 0.69071490
vt 0.00498970 0.69356835
vt 0.00367742 0.69341576
vt 0.00398260 0.69494164
vt 0.00152590 0.31407642
vt 0.00311284 0.31331348
vt 0.00459297 0.31418324
vt 0.00523384 0.31313038
vt 0.00645457 0.31316090
vt 0.00762951 0.31441212
vt 0.00883497 0.31429005
vt 0.01075761 0.31461054
vt 0.00878920 0.68767834
vt 0.00793469 0.68929577
vt 0.00604257 0.68970776
vt 0.00422675 0.68973827
vt 0.00283818 0.69242394
vt 0.00210575 0.69282067
vt 0.00306706 0.31575495
vt 0.00582895 0.31432056
vt 0.00733959 0.31557184
vt 0.00831617 0.31682307
vt 0.00521859 0.68809032
vt 0.00216678 0.68978405
vt 0.00511177 0.31616694
vt 0.00357061 0.68752575
vt 0.00688182 0.31670099
vt 0.00659190 0.63266957
vt 0.00889601 0.63405812
vt 0.00628672 0.63442433
vt 0.00755322 0.63826966
vt 0.00418097 0.63860536
vt 0.00517281 0.64048219
vt 0.00785840 0.64213014
vt 0.00955215 0.64098573
vt 0.01164263 0.63930726
vt 0.01052872 0.63677424
vt 0.01200885 0.63424122
vt 0.01293965 0.63408864
vt 0.01025406 0.63183033
vt 0.00683604 0.63096058
vt 0.00608835 0.32919812
vt 0.00584421 0.63028920
vt 0.00485237 0.32881665
vt 0.00354009 0.63132679
vt 0.00387579 0.63317311
vt 0.00279240 0.63604182
vt 0.00251774 0.63855958
vt 0.00326543 0.64151978
vt 0.00607309 0.64289308
vt 0.00871290 0.64318299
vt 0.01120012 0.64196229
vt 0.01365682 0.63889527
vt 0.00961318 0.33168536
vt 0.01423667 0.63434803
vt 0.01104753 0.63053334
vt 0.00796521 0.33014423
vt 0.00856031 0.32910657
vt 0.00633249 0.32759595
vt 0.00917067 0.32802320
vt 0.01095598 0.32964063
vt 0.01049821 0.32571906
vt 0.01145953 0.32613105
vt 0.00961318 0.32726026
vt 0.01297017 0.32841992
vt 0.00657664 0.32664990
vt 0.00602731 0.32446784
vt 0.00727855 0.89755094
vt 0.00396735 0.32349128
vt 0.00819409 0.32124817
vt 0.00323491 0.89835966
vt 0.00535592 0.89901578
vt 0.00802625 0.89947355
vt 0.00872816 0.89782560
vt 0.00344854 0.32552069
vt 0.01011673 0.89629972
vt 0.00448615 0.32748914
vt 0.00222782 0.32845044
vt 0.01101701 0.89904630
vt 0.00120546 0.63689631
vt 0.01176471 0.90063322
vt 0.00236515 0.64216065
vt 0.00524910 0.64365608
vt 0.00924697 0.64391547
vt 0.01231403 0.33536279
vt 0.01199359 0.64322877
vt 0.01503014 0.64002442
vt 0.01155108 0.33405054
vt 0.01081865 0.33086139
vt 0.01306172 0.33119708
vt 0.01307698 0.32982373
vt 0.01519799 0.32732129
vt 0.01306172 0.32625318
vt 0.01087968 0.32419318
vt 0.00820935 0.32478827
vt 0.00920119 0.32199585
vt 0.00172427 0.89889371
vt 0.00616464 0.90218967
vt 0.00909438 0.90249485
vt 0.00883497 0.90142673
vt 0.01025406 0.89979398
vt 0.01080339 0.90122837
vt 0.00126650 0.64228272
vt 0.01182574 0.90446329
vt 0.00616464 0.64515144
vt 0.01107805 0.64426643
vt 0.01516747 0.64347291
vt 0.01383993 0.33333331
vt 0.01463340 0.33200580
vt 0.01554894 0.33044940
vt 0.01686122 0.32741284
vt 0.01864653 0.32756543
vt 0.00415045 0.90896469
vt 0.00506600 0.90798807
vt 0.01152056 0.32274359
vt 0.00027466 0.90125889
vt 0.00668345 0.90452433
vt 0.00767529 0.90566874
vt 0.00883497 0.90542459
vt 0.01016251 0.90208286
vt 0.01087968 0.90486002
vt 0.01257343 0.90681314
vt 0.01052872 0.64495307
vt 0.01295491 0.64467841
vt 0.01303121 0.90843058
vt 0.01583887 0.33342487
vt 0.01646448 0.33221942
vt 0.01927214 0.33136493
vt 0.00767529 0.90843058
vt 0.00602731 0.90717936
vt 0.01004044 0.90646219
vt 0.01919585 0.33449304
vt 0.79299611 0.35855651
vt 0.79189748 0.34506750
vt 0.79920655 0.35030138
vt 0.80082399 0.34991992
vt 0.78223848 0.38995957
vt 0.83985656 0.37819487
vt 0.81394672 0.42767984
vt 0.82233924 0.42066073
vt 0.81960785 0.30412757
vt 0.86012053 0.38899827
vt 0.79189748 0.34360266
vt 0.78559548 0.35306323
vt 0.79319447 0.36011291
vt 0.78437477 0.46912336
vt 0.76545358 0.39954221
vt 0.82215607 0.43746090
vt 0.83056384 0.43042648
vt 0.74522012 0.32549018
vt 0.86225682 0.46814680
vt 0.78426796 0.35355157
vt 0.99508661 0.17215228
vt 0.74248874 0.97555506
vt 0.98133820 0.27075607
vt 0.61565578 0.99861145
vt 0.99476618 0.16467535
vt 0.73942167 0.97772181
vt 0.74158847 0.97318989
vt 0.97763026 0.27206838
vt 0.98237580 0.27280080
vt 0.98446631 0.29405659
vt 0.73904020 0.95281911
vt 0.98767072 0.28841078
vt 0.99485773 0.28748000
vt 0.74709696 0.95484853
vt 0.75069809 0.95028609
vt 0.99678034 0.28781569
vt 0.98994428 0.19922179
vt 0.99183643 0.26868087
vt 0.98423743 0.27225149
vt 0.98144501 0.20555431
vt 0.61290914 0.99987793
vt 0.63300526 0.99996948
vt 0.96540779 0.17421228
vt 0.97267109 0.17419702
vt 0.97869843 0.17676049
vt 0.99552912 0.17279315
vt 0.74358737 0.97537196
vt 0.99671930 0.18919659
vt 0.74996567 0.97067213
vt 0.99598688 0.26744485
vt 0.75176620 0.97047377
vt 0.99542230 0.19189745
vt 0.99056995 0.26810104
vt 0.98811322 0.19984740
vt 0.97640955 0.18260473
vt 0.98002595 0.18178076
vt 0.98016328 0.18071258
vt 0.99337757 0.18979174
vt 0.53159380 0.96166933
vt 0.54813457 0.96139467
vt 0.54839396 0.96218812
vt 0.54645610 0.97090107
vt 0.17657740 0.98315406
vt 0.55082017 0.97521937
vt 0.17883573 0.99354541
vt 0.55211717 0.95808345
vt 0.16287480 0.99366748
vt 0.53174639 0.95698482
vt 0.16089113 0.99441522
vt 0.52928966 0.95666438
vt 0.52901500 0.96148622
vt 0.14517434 0.99496454
vt 0.51152819 0.95767146
vt 0.51384759 0.96246278
vt 0.53063250 0.96360725
vt 0.53032732 0.97128254
vt 0.53090715 0.97605860
vt 0.16107424 0.98431373
vt 0.16202030 0.99180591
vt 0.14508279 0.99256885
vt 0.14082551 0.99482721
vt 0.51181811 0.96459907
vt 0.52751964 0.97051954
vt 0.52683300 0.97167927
vt 0.52831310 0.97645533
vt 0.15866330 0.98461890
vt 0.14218357 0.98458838
vt 0.50733197 0.97607386
vt 0.51197070 0.97224385
vt 0.97886628 0.08993667
vt 0.97848475 0.00083923
vt 0.96179140 0.00152588
vt 0.96076906 0.00054932
vt 0.19784848 0.00021362
vt 0.96084535 0.00576788
vt 0.99583429 0.10453957
vt 0.95603877 0.80390632
vt 0.19653620 0.00898755
vt 0.96061647 0.80294502
vt 0.20137331 0.00772107
vt 0.20303655 0.00018311
vt 0.95951784 0.00724804
vt 0.21921110 0.00604260
vt 0.97659266 0.81696802
vt 0.97709620 0.00724804
vt 0.97941560 0.00804150
vt 0.97584498 0.81850922
vt 0.98048371 0.81876862
vt 0.97767603 0.09187460
vt 0.98033112 0.00273138
vt 0.97773707 0.83617914
vt 0.95797664 0.08911270
vt 0.95951784 0.09353781
vt 0.17761502 0.00181580
vt 0.98109406 0.00010681
vt 0.97761500 0.09333944
vt 0.97889680 0.10185397
vt 0.97918671 0.10719460
vt 0.96652168 0.81934845
vt 0.21992828 0.00868237
vt 0.97416645 0.81806672
vt 0.97578394 0.83624017
vt 0.97859162 0.84071106
vt 0.95881587 0.09463644
vt 0.97607386 0.10006869
vt 0.97622645 0.10226595
vt 0.97729456 0.10774398
vt 0.96626228 0.82145417
vt 0.96665901 0.84066528
vt 0.95605403 0.10826278
vt 0.96105897 0.10252535
vt 0.22682536 0.98303199
vt 0.46356907 0.94779891
vt 0.46857405 0.94567788
vt 0.24309148 0.98393226
vt 0.48305485 0.95640498
vt 0.48467231 0.95164418
vt 0.46880293 0.94399941
vt 0.47400627 0.93777370
vt 0.46993211 0.93109024
vt 0.22928207 0.99412525
vt 0.24292363 0.98622108
vt 0.24560922 0.98486304
vt 0.48581675 0.95680171
vt 0.48758680 0.95213246
vt 0.26239413 0.98405433
vt 0.50511938 0.96212709
vt 0.50292212 0.95611507
vt 0.48729685 0.95042342
vt 0.49146259 0.94277865
vt 0.49228656 0.93760586
vt 0.24602121 0.99395740
vt 0.24654001 0.98620582
vt 0.26234835 0.98638898
vt 0.26703289 0.98445106
vt 0.50519568 0.95465016
vt 0.49388877 0.94491494
vt 0.49440756 0.94361794
vt 0.49733731 0.93775845
vt 0.24869154 0.99391162
vt 0.26549172 0.99508661
vt 0.51493096 0.94636452
vt 0.50679791 0.94750899
vt 0.90510416 0.04827952
vt 0.95034713 0.11084151
vt 0.94889754 0.11239797
vt 0.94212252 0.11197072
vt 0.91665524 0.08122379
vt 0.88955522 0.09121841
vt 0.93995577 0.11026168
vt 0.91548026 0.07908750
vt 0.88940263 0.09343100
vt 0.95043868 0.14370948
vt 0.89047074 0.09999239
vt 0.87849241 0.05210954
vt 0.87806517 0.05450523
vt 0.95249867 0.09048599
vt 0.89604026 0.06535441
vt 0.89553672 0.07347220
vt 0.87620354 0.07899594
vt 0.87246507 0.08265811
vt 0.96615547 0.85748076
vt 0.80282295 0.01420617
vt 0.99107349 0.85653466
vt 0.88387883 0.09311056
vt 0.96235597 0.84489202
vt 0.87318230 0.04834056
vt 0.87518120 0.05568016
vt 0.86956590 0.06924546
vt 0.87463188 0.07009995
vt 0.96910048 0.85909820
vt 0.86900127 0.08055240
vt 0.82244605 0.00723279
vt 0.80538642 0.01245135
vt 0.84464788 0.08389407
vt 0.80401313 0.00796521
vt 0.99465936 0.84544134
vt 0.80117494 0.00883496
vt 0.84899670 0.06552225
vt 0.78619057 0.00752270
vt 0.86564434 0.07124436
vt 0.99594110 0.78069735
vt 0.99923706 0.82926679
vt 0.99349964 0.77790493
vt 0.99745172 0.77982759
vt 0.99531549 0.82751203
vt 0.99784845 0.82990766
vt 0.99986267 0.78191805
vt 0.99258411 0.82938886
vt 0.99668878 0.83041120
vt 0.99755853 0.83230335
vt 0.99990845 0.83186084
vt 0.99093616 0.77750820
vt 0.99208057 0.77903414
vt 0.99342334 0.78237581
vt 0.99043262 0.78040743
vt 0.99218738 0.78286409
vt 0.99276721 0.78562599
vt 0.99491876 0.78588539
vt 0.99653620 0.78471047
vt 0.99771112 0.78474098
vt 0.99893188 0.78504616
vt 0.98915082 0.82795453
vt 0.98905927 0.83125049
vt 0.99189746 0.83149463
vt 0.99452204 0.83262378
vt 0.99612421 0.83442438
vt 0.99958801 0.83646905
vt 0.98791486 0.77807277
vt 0.98812848 0.78049898
vt 0.98942548 0.78391701
vt 0.98983747 0.78692305
vt 0.99179065 0.78905928
vt 0.99598688 0.79002059
vt 0.98420691 0.83027387
vt 0.98498511 0.83579767
vt 0.98829633 0.83265430
vt 0.99142444 0.83323413
vt 0.99412525 0.83405817
vt 0.99388111 0.83550775
vt 0.99613947 0.83804071
vt 0.98400855 0.77938509
vt 0.98600745 0.77998018
vt 0.98611426 0.78187227
vt 0.98640424 0.78542763
vt 0.98722821 0.78750288
vt 0.98704511 0.79046309
vt 0.98373389 0.83820856
vt 0.98396277 0.78841841
vt 0.98858625 0.83817804
vt 0.98806745 0.83564508
vt 0.99063098 0.83620965
vt 0.99444574 0.83865112
vt 0.98277259 0.78113985
vt 0.98428321 0.78213167
vt 0.98506141 0.78577858
vt 0.99028003 0.83831537
vt 0.98275733 0.78661788
vt 0.15133898 0.72904551
vt 0.15262073 0.72619212
vt 0.15187305 0.36958879
vt 0.15523003 0.73153281
vt 0.16247806 0.73310447
vt 0.15286489 0.36734569
vt 0.15420768 0.72236210
vt 0.15553521 0.35626763
vt 0.15674067 0.71873045
vt 0.15815976 0.36455327
vt 0.78236055 0.40543222
vt 0.20515755 0.40309757
vt 0.21213092 0.39169908
vt 0.09338521 0.72274357
vt 0.18274204 0.18132293
vt 0.09164569 0.72555125
vt 0.21019302 0.16740674
vt 0.09053177 0.73134965
vt 0.23604181 0.15907532
vt 0.09013505 0.73714805
vt 0.09105058 0.73923856
vt 0.26294348 0.15045398
vt 0.19722286 0.41228354
vt 0.70946825 0.45619899
vt 0.20093080 0.41072708
vt 0.21921110 0.43044174
vt 0.76356143 0.45548183
vt 0.06497291 0.67508966
vt 0.26514077 0.36906993
vt 0.76760513 0.45514613
vt 0.22459754 0.18327612
vt 0.06518655 0.70251012
vt 0.22665751 0.18141448
vt 0.06596475 0.76581979
vt 0.22917525 0.18013275
vt 0.06720074 0.78649575
vt 0.23268482 0.17955291
vt 0.18970016 0.46810102
vt 0.23411918 0.18043792
vt 0.76093692 0.46485084
vt 0.76314944 0.46390480
vt 0.77936983 0.31264210
vt 0.79110402 0.49794763
vt 0.79362172 0.49542993
vt 0.77323568 0.31485468
vt 0.24451056 0.22592509
vt 0.77061111 0.31587702
vt 0.25027847 0.31789118
vt 0.24632639 0.22456700
vt 0.25062943 0.31921875
vt 0.24805066 0.22345310
vt 0.24962234 0.22371250
vt 0.25030899 0.32043946
vt 0.78838789 0.50383765
vt 0.24847791 0.32161438
vt 0.78770125 0.30983442
vt 0.79029524 0.50360876
vt 0.79073775 0.50241852
vt 0.78504616 0.31018537
vt 0.77462423 0.28252077
vt 0.76859695 0.28468758
vt 0.76643014 0.28415352
vt 0.20621042 0.31853211
vt 0.20666820 0.32011902
vt 0.20590524 0.32196534
vt 0.78588539 0.27972841
vt 0.20367743 0.32524604
vt 0.78338295 0.27948427
vt 0.20323491 0.32875562
vt 0.78045321 0.27971315
vt 0.16227970 0.33507288
vt 0.76540780 0.25554281
vt 0.16247806 0.34071869
vt 0.18474098 0.90823221
vt 0.75729001 0.25803006
vt 0.75315481 0.25810635
vt 0.18062104 0.90690470
vt 0.16409552 0.31808954
vt 0.95867854 0.70028234
vt 0.16397345 0.31966126
vt 0.16380560 0.32391852
vt 0.45789272 0.94418252
vt 0.16235599 0.32697034
vt 0.16118105 0.33032733
vt 0.45342183 0.95396352
vt 0.42337683 0.93911648
vt 0.13775845 0.36307317
vt 0.42230868 0.94242769
vt 0.20128176 0.87345695
vt 0.19806211 0.87066454
vt 0.74204624 0.23334098
vt 0.19464408 0.87316704
vt 0.13752957 0.27922481
vt 0.19337758 0.87298393
vt 0.95678645 0.67081714
vt 0.13665980 0.31731135
vt 0.95426869 0.67081714
vt 0.42578775 0.93711758
vt 0.13684291 0.34795147
vt 0.42439917 0.93804836
vt 0.39298084 0.92811477
vt 0.16443121 0.23311210
vt 0.36063173 0.91778439
vt 0.39233997 0.92967117
vt 0.39233997 0.93467611
vt 0.21193255 0.83825433
vt 0.20769055 0.83936828
vt 0.20526436 0.84028381
vt 0.95678645 0.64673841
vt 0.20424201 0.83877319
vt 0.39537650 0.92529184
vt 0.39481193 0.92715341
vt 0.16600290 0.28488594
vt 0.36151674 0.91537344
vt 0.33981842 0.89385825
vt 0.19046311 0.23772031
vt 0.19015794 0.23471427
vt 0.33029678 0.92367435
vt 0.16412604 0.19172961
vt 0.35951781 0.92138553
vt 0.36021972 0.92549020
vt 0.22380407 0.80427253
vt 0.75585562 0.28285646
vt 0.21843290 0.80009156
vt 0.95226979 0.99403369
vt 0.21618982 0.80134279
vt 0.21416037 0.80122072
vt 0.67142749 0.23695737
vt 0.36340886 0.91416800
vt 0.34764630 0.87174791
vt 0.72498667 0.23117417
vt 0.19166857 0.23952085
vt 0.84335089 0.10945296
vt 0.24492256 0.23727781
vt 0.84441900 0.11186391
vt 0.24379340 0.23588920
vt 0.84524298 0.11992067
vt 0.24351873 0.23445487
vt 0.19134814 0.23270011
vt 0.27531853 0.78538185
vt 0.32285038 0.95184255
vt 0.19197376 0.22868699
vt 0.73481345 0.23411918
vt 0.22706951 0.76951247
vt 0.73046464 0.23450065
vt 0.98423743 0.98657209
vt 0.18248264 0.75587094
vt 0.98297095 0.98408484
vt 0.72593272 0.23233384
vt 0.24519722 0.23872739
vt 0.75013351 0.18760967
vt 0.84306097 0.10717934
vt 0.80888075 0.11477834
vt 0.80915540 0.11757076
vt 0.80912489 0.11944765
vt 0.24570078 0.23053330
vt 0.84327459 0.12652779
vt 0.84097046 0.09897000
vt 0.75565726 0.18866253
vt 0.75181198 0.18884563
vt 0.84151977 0.10464638
vt 0.80730909 0.11226064
vt 0.94444191 0.95246816
vt 0.77114516 0.11427480
vt 0.77140456 0.11708248
vt 0.94305331 0.95733577
vt 0.95858699 0.75690854
vt 0.89791715 0.94390786
vt 0.95709163 0.70597386
vt 0.95016402 0.70823228
vt 0.95458913 0.75780880
vt 0.77221334 0.09744412
vt 0.77190816 0.11911190
vt 0.80621040 0.12568855
vt 0.80633247 0.10482949
vt 0.80625618 0.11046004
vt 0.76957351 0.11177236
vt 0.94319063 0.94821090
vt 0.89991605 0.93800259
vt 0.89062333 0.93394369
vt 0.93943691 0.70173192
vt 0.94219881 0.75222397
vt 0.76859695 0.10434121
vt 0.76852065 0.10995650
vt 0.93069351 0.75561154
vt 0.94415200 0.94264132
vt 0.90147251 0.93273824
vt 0.89765775 0.92668039
vt 0.92976272 0.70180821
vt 0.98083466 0.92477304
vt 0.97531092 0.92813003
vt 0.55765623 0.01503015
vt 0.97541773 0.91868466
vt 0.56110477 0.01037616
vt 0.96890211 0.92613107
vt 0.97125202 0.92921340
vt 0.97283894 0.93144119
vt 0.97746241 0.93113601
vt 0.98071259 0.93148696
vt 0.98507667 0.93055618
vt 0.98797590 0.92838943
vt 0.98979169 0.92234683
vt 0.55765623 0.02406347
vt 0.56011289 0.01771575
vt 0.56034178 0.01477075
vt 0.56157780 0.01452661
vt 0.56270695 0.01098651
vt 0.96769667 0.92814529
vt 0.56151676 0.00601208
vt 0.97071791 0.93440145
vt 0.97544825 0.93391317
vt 0.97843897 0.93424886
vt 0.98310828 0.93438619
vt 0.99084461 0.93318075
vt 0.55806822 0.02835125
vt 0.56025022 0.02238500
vt 0.56130314 0.02052337
vt 0.56232548 0.01753259
vt 0.56307316 0.01515222
vt 0.56556040 0.01393151
vt 0.56812388 0.01776153
vt 0.56700999 0.01344317
vt 0.56981766 0.01757842
vt 0.57106888 0.01257342
vt 0.57529563 0.01911956
vt 0.57444113 0.01570153
vt 0.57480735 0.01156634
vt 0.57114518 0.00886548
vt 0.57613486 0.00823987
vt 0.96749830 0.94491494
vt 0.56992447 0.00218207
vt 0.57599753 0.00390631
vt 0.57021439 0.00494391
vt 0.56647593 0.00881970
vt 0.56466013 0.00923169
vt 0.56427860 0.00485235
vt 0.56052488 0.00262457
vt 0.97375447 0.93524069
vt 0.97665370 0.93607998
vt 0.98226899 0.93678188
vt 0.98495460 0.93636990
vt 0.98896772 0.93546963
vt 0.55985349 0.02729839
vt 0.99349964 0.93481344
vt 0.56176090 0.02262914
vt 0.99565119 0.93600368
vt 0.56452280 0.02253759
vt 0.56771189 0.02282751
vt 0.56977189 0.02323949
vt 0.57828641 0.02223241
vt 0.57964444 0.02362096
vt 0.99012738 0.95214772
vt 0.98455787 0.95060652
vt 0.57842374 0.00282294
vt 0.97154194 0.95304799
vt 0.97318989 0.94982833
vt 0.97172505 0.94662392
vt 0.97584498 0.94819564
vt 0.97386128 0.94363320
vt 0.96850538 0.94117647
vt 0.56601816 0.00282294
vt 0.56432438 0.00025940
vt 0.97329670 0.93958956
vt 0.97790492 0.93803310
vt 0.98352027 0.93855190
vt 0.98899823 0.93820095
vt 0.98916608 0.94003206
vt 0.56795603 0.02807659
vt 0.57070267 0.02594036
vt 0.99285877 0.94177157
vt 0.98840314 0.94697487
vt 0.98284888 0.94998091
vt 0.98142976 0.94807357
vt 0.97900361 0.94650185
vt 0.97738612 0.94590676
vt 0.97605860 0.94233614
vt 0.97761500 0.94062716
vt 0.98367286 0.94032198
vt 0.98693830 0.94178683
vt 0.98452735 0.94401467
vt 0.98190278 0.94367898
vt 0.98283362 0.94177157
vt 0.02433814 0.69016552
vt 0.57274741 0.38104832
vt 0.03886473 0.69092852
vt 0.01762417 0.69816124
vt 0.58179599 0.36743724
vt 0.57335776 0.36415654
vt 0.57048905 0.36690319
vt 0.04527352 0.68400091
vt 0.56044859 0.31102467
vt 0.46449989 0.37605858
vt 0.04231327 0.64063478
vt 0.12851149 0.56514835
vt 0.82706952 0.01397729
vt 0.03128099 0.64618909
vt 0.00962844 0.65203327
vt 0.83093005 0.00338751
vt 0.58355075 0.31383228
vt 0.12991531 0.48526740
vt 0.57674527 0.30997175
vt 0.49448386 0.36595714
vt 0.56441593 0.30884260
vt 0.50849164 0.28606087
vt 0.46939802 0.34396887
vt 0.04774548 0.59874880
vt 0.46449989 0.34802777
vt 0.15938048 0.53482872
vt 0.63497370 0.28145266
vt 0.86251622 0.01377892
vt 0.15757991 0.52401006
vt 0.56336308 0.27966738
vt 0.15910582 0.51894408
vt 0.47963685 0.34169525
vt 0.47205311 0.34110016
vt 0.29811552 0.20549327
vt 0.45549706 0.30397499
vt 0.45168230 0.30942243
vt 0.25038528 0.13763636
vt 0.20268559 0.53559166
vt 0.19998474 0.52530706
vt 0.20270085 0.52054632
vt 0.94322115 0.35780883
vt 0.46569008 0.30318153
vt 0.45961699 0.30057222
vt 0.30232701 0.20524913
vt 0.30409706 0.15962464
vt 0.41434348 0.28879225
vt 0.29619288 0.15780878
vt 0.24339665 0.52451360
vt 0.29465172 0.14708173
vt 0.94232088 0.32693982
vt 0.48099488 0.26419473
vt 0.93315023 0.32828259
vt 0.31146714 0.16673535
vt 0.30861372 0.16063172
vt 0.91981381 0.11552608
vt 0.87550163 0.57524991
vt 0.88574046 0.10965133
vt 0.34522012 0.13240254
vt 0.89053178 0.10852218
vt 0.34004730 0.13218892
vt 0.33408102 0.12893873
vt 0.89773405 0.11030746
vt 0.94528115 0.29370564
vt 0.90942246 0.11236745
vt 0.93447775 0.29625392
vt 0.34695965 0.13690394
vt 0.92974746 0.29694057
vt 0.91416800 0.11252004
vt 0.90829331 0.14579993
vt 0.87968260 0.60663772
vt 0.88592356 0.60659194
vt 0.88964677 0.60343325
vt 0.88554209 0.14189363
vt 0.89610130 0.60321963
vt 0.89184403 0.14358741
vt 0.90354770 0.14564735
vt 0.87565422 0.60895705
vt 0.90275425 0.47588313
vt 0.88972306 0.63808656
vt 0.89571983 0.47342640
vt 0.89459068 0.63755244
vt 0.89114213 0.47298390
vt 0.89875638 0.63552296
vt 0.88598460 0.17682153
vt 0.90424961 0.63518727
vt 0.88662547 0.46970320
vt 0.91770810 0.47731745
vt 0.87559319 0.64393073
vt 0.88570994 0.64040589
vt 0.90730143 0.47522700
vt 0.90879685 0.44345772
vt 0.90432596 0.44159609
vt 0.89980924 0.44074160
vt 0.89533836 0.43775082
vt 0.92338443 0.44701302
vt 0.91329825 0.44370186
vt 0.60875869 0.12677193
vt 0.91912717 0.41211569
vt 0.60981154 0.11758602
vt 0.91448843 0.41109329
vt 0.91027695 0.40944535
vt 0.61123061 0.11302358
vt 0.93820095 0.41863126
vt 0.61498433 0.10849166
vt 0.60881972 0.14250398
vt 0.93371481 0.41567099
vt 0.92364383 0.41235983
vt 0.61013198 0.13133442
vt 0.64429694 0.13046461
vt 0.64467841 0.12542915
vt 0.64649427 0.12101930
vt 0.90009916 0.75408560
vt 0.94198519 0.92022586
vt 0.67342639 0.16047913
vt 0.68224615 0.13136494
vt 0.65082783 0.11729610
vt 0.64231324 0.14576942
vt 0.64568549 0.13504237
vt 0.91729611 0.75577939
vt 0.68004882 0.14081025
vt 0.68041503 0.13577479
vt 0.90933090 0.75547421
vt 0.91091782 0.70632488
vt 0.94229037 0.85835052
vt 0.90106052 0.70257115
vt 0.90412754 0.69456017
vt 0.93539327 0.85435265
vt 0.93228048 0.91120774
vt 0.67783630 0.15686274
vt 0.68171209 0.14625770
vt 0.90508890 0.90925461
vt 0.92576486 0.75269705
vt 0.92314029 0.70547032
vt 0.90754557 0.85621423
vt 0.91668576 0.86268407
vt 0.50949872 0.05705351
vt 0.50257117 0.06359959
vt 0.50740826 0.04628062
vt 0.93134964 0.57792020
vt 0.91783017 0.58249789
vt 0.49327841 0.06497294
vt 0.91230643 0.55376518
vt 0.57332724 0.19052416
vt 0.05421530 0.98121613
vt 0.52718395 0.09381247
vt 0.05421530 0.99076831
vt 0.69623864 0.17367816
vt 0.53192949 0.08548105
vt 0.53656822 0.06846726
vt 0.54303807 0.05262834
vt 0.55896848 0.14869916
vt 0.92446786 0.54865336
vt 0.89962614 0.52518499
vt 0.54111546 0.18233007
vt 0.02056916 0.98507667
vt 0.54680705 0.19150072
vt 0.66781110 0.16592658
vt 0.57334250 0.07331961
vt 0.66437781 0.17897308
vt 0.53238726 0.15674067
vt 0.53443199 0.17132831
vt 0.48641184 0.07600516
vt 0.50443274 0.19644463
vt 0.51122302 0.20360112
vt 0.94120699 0.00003052
vt 0.64115357 0.15239185
vt 0.63714045 0.16560614
vt 0.49796292 0.17201495
vt 0.48578623 0.02368200
vt 0.49774930 0.18361181
vt 0.48114747 0.20439458
vt 0.46338597 0.05275047
vt 0.49448386 0.22868699
vt 0.46259251 0.06478983
vt 0.90615702 0.00003052
vt 0.46767375 0.16174561
vt 0.60808730 0.15788507
vt 0.90615702 0.01322955
vt 0.45729762 0.07655454
vt 0.46388954 0.02488744
vt 0.46086824 0.03924620
vt 0.33943695 0.03567559
vt 0.42334631 0.04957658
vt 0.34067291 0.02384984
vt 0.34016937 0.07122910
vt 0.42340735 0.06161594
vt 0.41728848 0.07241935
vt 0.34016937 0.05938810
vt 0.42339209 0.02365148
vt 0.42180514 0.03587395
vt 0.33926910 0.04753184
vt 0.16260013 0.06526285
vt 0.40411994 0.04844737
vt 0.40428779 0.03659111
vt 0.16034180 0.07652402
vt 0.12890822 0.07037461
vt 0.40459296 0.02565044
vt 0.15681697 0.08651865
vt 0.40411994 0.07122910
vt 0.40411994 0.05938810
vt 0.15492485 0.09784085
vt 0.16223392 0.04859996
vt 0.13060197 0.05900663
vt 0.09170672 0.09761196
vt 0.85850310 0.30516517
vt 0.09874113 0.05430686
vt 0.87646294 0.30565345
vt 0.09706264 0.06565958
vt 0.12497139 0.08119327
vt 0.13008316 0.04838634
vt 0.12320134 0.09257650
vt 0.09149309 0.08699167
vt 0.84823376 0.30988020
vt 0.86239415 0.34062713
vt 0.87458611 0.34126800
vt 0.09347676 0.07568473
vt 0.88697642 0.30977339
vt 0.84132141 0.30911726
vt 0.85166705 0.34453344
vt 0.86047149 0.37721831
vt 0.93109024 0.58860147
vt 0.10164034 0.97755396
vt 0.13646144 0.96270692
vt 0.93623257 0.61849391
vt 0.13969634 0.97665370
vt 0.10235752 0.96548408
vt 0.87270921 0.37737089
vt 0.88494700 0.34602886
vt 0.88859385 0.57500571
vt 0.83949035 0.34389257
vt 0.84974444 0.38112462
vt 0.91921872 0.59063095
vt 0.92143130 0.62146944
vt 0.91137558 0.63804078
vt 0.14834821 0.95407033
vt 0.88307011 0.38213170
vt 0.10751507 0.95249867
vt 0.90365452 0.60323489
vt 0.88160527 0.70650798
vt 0.24834058 0.07032883
vt 0.89556724 0.72066832
vt 0.87924010 0.70894945
vt 0.24917983 0.09503317
vt 0.26823834 0.08293277
vt 0.85055315 0.71827269
vt 0.27806515 0.09910733
vt 0.86880291 0.71090257
vt 0.26211947 0.09874111
vt 0.27875182 0.09596401
vt 0.29004347 0.06466776
vt 0.27339590 0.04507518
vt 0.68578625 0.15298694
vt 0.89553672 0.68311590
vt 0.44583809 0.12790114
vt 0.18796062 0.12159914
vt 0.88064390 0.66945910
vt 0.43709469 0.13867402
vt 0.87914854 0.66890973
vt 0.16693370 0.16870373
vt 0.86730754 0.67025256
vt 0.85064471 0.67693603
vt 0.30518043 0.08046085
vt 0.84678417 0.67620355
vt 0.15980774 0.21579307
vt 0.30553138 0.07609671
vt 0.31825742 0.04515147
vt 0.13733120 0.21530479
vt 0.71348137 0.18196386
vt 0.90449381 0.66088349
vt 0.71461052 0.15619135
vt 0.46840620 0.14720380
vt 0.47493705 0.12895399
vt 0.21452659 0.12120241
vt 0.89520103 0.65087354
vt 0.21405356 0.11905086
vt 0.40938431 0.14093232
vt 0.87028307 0.64989698
vt 0.40903333 0.15091175
vt 0.13736172 0.17720300
vt 0.83118945 0.65871668
vt 0.13841459 0.19247729
vt 0.13582055 0.19397271
vt 0.10359350 0.20300603
vt 0.74544901 0.17819488
vt 0.74702066 0.15246814
vt 0.90896469 0.56748307
vt 0.50009918 0.14473182
vt 0.50576025 0.12683296
vt 0.89854276 0.88522166
vt 0.24124514 0.12230104
vt 0.24051270 0.12046999
vt 0.89741361 0.92028689
vt 0.38109407 0.13749903
vt 0.38176546 0.14778364
vt 0.90057224 0.95992982
vt 0.10370031 0.16820019
vt 0.10264744 0.18673992
vt 0.90945297 0.49724573
vt 0.10037385 0.18829632
vt 0.77428854 0.18165869
vt 0.07486076 0.21162736
vt 0.89010453 0.52811474
vt 0.52855724 0.14929426
vt 0.88485545 0.55320060
vt 0.87350273 0.89309531
vt 0.24933241 0.30859846
vt 0.83503473 0.91064316
vt 0.84672314 0.55379570
vt 0.17644008 0.31348133
vt 0.26582742 0.31294727
vt 0.83860534 0.89643705
vt 0.87714964 0.91448843
vt 0.26797894 0.12072939
vt 0.87762266 0.91549551
vt 0.35286489 0.14953840
vt 0.87777525 0.92895401
vt 0.07653926 0.16774243
vt 0.87623405 0.94575417
vt 0.88435185 0.50957501
vt 0.88368046 0.51171130
vt 0.85108721 0.52680248
vt 0.20122072 0.30710310
vt 0.17964447 0.27356374
vt 0.60000002 0.25421530
vt 0.26697186 0.28319216
vt 0.25355917 0.27489126
vt 0.24805066 0.30807966
vt 0.83495843 0.91186392
vt 0.23720150 0.30843061
vt 0.83556879 0.92240787
vt 0.83306628 0.93841457
vt 0.21919584 0.30954450
vt 0.84783703 0.50861371
vt 0.84699780 0.51046002
vt 0.21725795 0.30859846
vt 0.22127108 0.27356374
vt 0.20471504 0.26929122
vt 0.61145955 0.23276114
vt 0.57430381 0.24364078
vt 0.57059586 0.26082247
vt 0.27745479 0.26544595
vt 0.58449686 0.27809566
vt 0.25230792 0.27312124
vt 0.24061951 0.27434194
vt 0.22322424 0.27452505
vt 0.21916533 0.24393070
vt 0.55066758 0.28305483
vt 0.59853512 0.21545738
vt 0.53913176 0.29138631
vt 0.58736551 0.22240025
vt 0.54953843 0.22507060
vt 0.54479283 0.24150455
vt 0.56906998 0.26166171
vt 0.25006485 0.24409854
vt 0.22212557 0.24426645
vt 0.55173570 0.28021669
vt 0.52384222 0.26376748
vt 0.55919737 0.20260930
vt 0.51082629 0.27188528
vt 0.45127031 0.29098952
vt 0.48384833 0.25226218
vt 0.43628594 0.26062411
vt 0.41402304 0.27354848
vt 0.48963150 0.23367667
vt 0.52278936 0.20576793
vt 0.47920957 0.24695200
vt 0.51866943 0.22217137
vt 0.54325169 0.24217594
vt 0.53571373 0.25027847
vt 0.52452886 0.26178378
vt 0.49701685 0.24634165
vt 0.45140764 0.26126498
vt 0.43578240 0.23152512
vt 0.89239335 0.41818875
vt 0.40468451 0.20373845
vt 0.26228732 0.00059509
vt 0.90153354 0.40440989
vt 0.41982147 0.20346379
vt 0.42067596 0.23088425
vt 0.39955750 0.24417490
vt 0.47109178 0.20294499
vt 0.46309605 0.21886015
vt 0.47699702 0.24756235
vt 0.51676202 0.22384983
vt 0.46689555 0.25302511
vt 0.50873578 0.23338675
vt 0.49802396 0.24429697
vt 0.45316243 0.25978488
vt 0.43752193 0.22931260
vt 0.42024872 0.19935912
vt 0.26001373 0.00254828
vt 0.25708401 0.03746092
vt 0.24457160 0.03533989
vt 0.26009002 0.04203862
vt 0.85798430 0.40521860
vt 0.86173803 0.41623563
vt 0.86352330 0.43360037
vt 0.88499278 0.45217061
vt 0.38426796 0.21815825
vt 0.37410545 0.23212022
vt 0.87928587 0.47109181
vt 0.22438392 0.00004578
vt 0.44625008 0.18931866
vt 0.46123445 0.21788359
vt 0.45203325 0.22246128
vt 0.43434805 0.19185168
vt 0.23765926 0.00254828
vt 0.23450065 0.03965819
vt 0.84336615 0.43436331
vt 0.23134203 0.04287785
vt 0.44365606 0.18765545
vt 0.22652018 0.00137329
vt 0.55541313 0.56449223
vt 0.56867325 0.56932938
vt 0.56443119 0.58390176
vt 0.57001603 0.56858170
vt 0.63901734 0.21287858
vt 0.67368579 0.51892883
vt 0.63543147 0.20640880
vt 0.69565880 0.22475016
vt 0.55490959 0.56186771
vt 0.54659343 0.58207065
vt 0.56540781 0.58594644
vt 0.57587546 0.20064086
vt 0.55756468 0.70025182
vt 0.62993819 0.21965361
vt 0.63596553 0.22305638
vt 0.44620430 0.52051580
vt 0.62134737 0.28004885
vt 0.54352635 0.58367288
vt 0.00157168 0.60569161
vt 0.98965436 0.90766764
vt 0.98927289 0.90850693
vt 0.98858625 0.90751505
vt 0.00123598 0.60433352
vt 0.00048829 0.60357058
vt 0.98802167 0.90830851
vt 0.00207523 0.60172427
vt 0.00102235 0.60093081
vt 0.98588538 0.90856797
vt 0.98570228 0.90994126
vt 0.98782331 0.91007859
vt 0.98878461 0.91012436
vt 0.98793012 0.91145188
vt 0.98841840 0.91334403
vt 0.98974591 0.91203177
vt 0.99043262 0.90995651
vt 0.00405890 0.60701919
vt 0.99240100 0.90778971
vt 0.99246204 0.91137558
vt 0.99359119 0.91171128
vt 0.00688182 0.60727859
vt 0.00610361 0.60553902
vt 0.00517281 0.60662246
vt 0.00453193 0.60469979
vt 0.00245670 0.60460824
vt 0.00312810 0.60234988
vt 0.00372320 0.60004580
vt 0.00337224 0.59859616
vt 0.98390174 0.91027695
vt 0.98616004 0.91218436
vt 0.98635846 0.91337454
vt 0.98817426 0.91451895
vt 0.98937970 0.91302359
vt 0.99029529 0.91267264
vt 0.99299610 0.91477835
vt 0.00859083 0.60610360
vt 0.00770581 0.60518807
vt 0.00535592 0.60389102
vt 0.00445563 0.60288393
vt 0.00456245 0.60028994
vt 0.00569161 0.60061038
vt 0.00741588 0.59862667
vt 0.98445106 0.91410697
vt 0.00985733 0.59945071
vt 0.98654157 0.91441214
vt 0.01075761 0.60613412
vt 0.99076831 0.91352713
vt 0.01074235 0.60476083
vt 0.98892194 0.91615164
vt 0.01074235 0.60299075
vt 0.00895705 0.60370791
vt 0.00740063 0.60320437
vt 0.00578317 0.60256350
vt 0.00685130 0.60036623
vt 0.00891127 0.60111392
vt 0.00723278 0.60224307
vt 0.55724424 0.85085833
vt 0.77135879 0.71874571
vt 0.55510795 0.85017169
vt 0.76963454 0.71779966
vt 0.77528036 0.66608679
vt 0.61864650 0.84496832
vt 0.23785764 0.78539711
vt 0.23570611 0.78487831
vt 0.77306783 0.66642249
vt 0.23976502 0.74242771
vt 0.24202335 0.74328220
vt 0.26369116 0.72802317
vt 0.26187533 0.73725486
vt 0.23581292 0.73577476
vt 0.45740443 0.89279008
vt 0.76617074 0.62623024
vt 0.76572824 0.71847105
vt 0.55230027 0.85329974
vt 0.56922257 0.87292290
vt 0.62584877 0.87902647
vt 0.26805523 0.78103304
vt 0.26738384 0.73337913
vt 0.26744488 0.72974747
vt 0.66453040 0.89143205
vt 0.27016097 0.73014420
vt 0.26803997 0.64039063
vt 0.56420231 0.88058287
vt 0.56798655 0.87710381
vt 0.27147326 0.78132296
vt 0.62226290 0.88383305
vt 0.98719770 0.30885786
vt 0.98751813 0.30977339
vt 0.98442054 0.31070423
vt 0.98684675 0.31609064
vt 0.98944074 0.31633478
vt 0.98738080 0.31851685
vt 0.99157703 0.75507742
vt 0.99076831 0.32138550
vt 0.98564124 0.32095826
vt 0.98602271 0.32309455
vt 0.98895246 0.75860226
vt 0.99189746 0.75930417
vt 0.99392688 0.75848019
vt 0.99664301 0.31880677
vt 0.99449152 0.31708246
vt 0.99249256 0.31729609
vt 0.99034107 0.31416798
vt 0.99056995 0.31296253
vt 0.98879987 0.31445795
vt 0.98658735 0.31392384
vt 0.98594642 0.31337452
vt 0.98474097 0.31427479
vt 0.98460364 0.31633478
vt 0.98403907 0.76107424
vt 0.98278785 0.31673151
vt 0.98309302 0.32005799
vt 0.98687726 0.76095217
vt 0.98817426 0.76110476
vt 0.99089038 0.76116580
vt 0.99284351 0.76108950
vt 0.99290454 0.76192874
vt 0.99475092 0.76031131
vt 0.99655145 0.31544977
vt 0.99407947 0.31442738
vt 0.99121082 0.31223011
vt 0.98846418 0.31241322
vt 0.98794538 0.31111622
vt 0.98492408 0.31152821
vt 0.98960859 0.30922407
vt 0.99017316 0.30643165
vt 0.98724347 0.30653846
vt 0.98643476 0.30691999
vt 0.98518348 0.30630958
vt 0.98414588 0.30850691
vt 0.98152131 0.31047529
vt 0.98319983 0.76697946
vt 0.97988862 0.31140614
vt 0.98373389 0.76498055
vt 0.98117036 0.31253529
vt 0.98275733 0.76285952
vt 0.98358130 0.31316090
vt 0.98371863 0.31497675
vt 0.98472571 0.76212710
vt 0.98675519 0.76250857
vt 0.98825055 0.76255435
vt 0.98989850 0.76249331
vt 0.99340808 0.76261538
vt 0.99618524 0.31313038
vt 0.99459833 0.76256961
vt 0.99525446 0.31296253
vt 0.99340808 0.31226063
vt 0.99058521 0.31012434
vt 0.99247730 0.30840009
vt 0.99147022 0.30719465
vt 0.99609369 0.77299154
vt 0.99110401 0.30252534
vt 0.98860151 0.30400550
vt 0.98355079 0.30585182
vt 0.98159760 0.30690473
vt 0.97970551 0.30745405
vt 0.98263526 0.77112997
vt 0.98422217 0.76981765
vt 0.98548865 0.76700997
vt 0.98666364 0.76720834
vt 0.98587012 0.76380563
vt 0.98725873 0.76368356
vt 0.99084461 0.76383615
vt 0.99436945 0.76359200
vt 0.99707025 0.76308841
vt 0.99459833 0.30968183
vt 0.99812317 0.76441598
vt 0.99439996 0.30807966
vt 0.99435419 0.30643165
vt 0.99896240 0.76908523
vt 0.99546808 0.77245748
vt 0.99517816 0.77117574
vt 0.99365222 0.77087051
vt 0.98030061 0.30080110
vt 0.98677045 0.77296102
vt 0.98780805 0.76733041
vt 0.98970014 0.77015334
vt 0.99082935 0.76884109
vt 0.99079883 0.76801705
vt 0.98811322 0.76589608
vt 0.99087512 0.76528573
vt 0.99348438 0.76475167
vt 0.99678034 0.30765241
vt 0.99592584 0.76508737
vt 0.99645990 0.30611122
vt 0.99650568 0.76574349
vt 0.99468988 0.76795602
vt 0.99285877 0.77010757
vt 0.99206531 0.76673532
vt 0.79481190 0.91630429
vt 0.80888075 0.91953915
vt 0.80105287 0.92515451
vt 0.80097657 0.92697030
vt 0.75753415 0.14955366
vt 0.75948727 0.95709163
vt 0.79176015 0.19028002
vt 0.80082399 0.18268102
vt 0.84121460 0.96099794
vt 0.84162658 0.14851606
vt 0.81031507 0.92004275
vt 0.80280769 0.91021591
vt 0.79314870 0.91592276
vt 0.75983828 0.23500419
vt 0.76232547 0.87495232
vt 0.80064088 0.20083922
vt 0.80970472 0.19324023
vt 0.84402227 0.87884337
vt 0.84393072 0.23396659
vt 0.80274665 0.90864426
vt 0.74515909 0.35951781
vt 0.68908215 0.71375597
vt 0.74593729 0.39871824
vt 0.74287021 0.36119628
vt 0.74145114 0.39609367
vt 0.69111162 0.71371019
vt 0.68906689 0.66265357
vt 0.69111162 0.66353858
vt 0.68096435 0.96559089
vt 0.71502250 0.66271460
vt 0.68856335 0.65622950
vt 0.75916684 0.45101088
vt 0.69733733 0.55255973
vt 0.08123903 0.55251396
vt 0.75872433 0.34369421
vt 0.11599909 0.54654765
vt 0.71506828 0.34523535
vt 0.71493095 0.71468681
vt 0.70293736 0.39171433
vt 0.12162966 0.60216677
vt 0.63053328 0.96612495
vt 0.68007934 0.97001600
vt 0.71821165 0.65647364
vt 0.68004882 0.97364765
vt 0.11764706 0.65523767
vt 0.71505302 0.33449304
vt 0.11033799 0.55048448
vt 0.11419852 0.55022508
vt 0.63053328 0.97053480
vt 0.11696041 0.60265505
vt 0.60820937 0.97792017
vt 0.71793699 0.98199433
vt 0.58878464 0.97834742
vt 0.69898528 0.99098194
vt 0.58530557 0.97975129
vt 0.69950408 0.98782331
vt 0.58937973 0.98222321
vt 0.69958037 0.97976655
vt 0.69269854 0.97714198
vt 0.58834213 0.99362171
vt 0.58944076 0.98445106
vt 0.60698861 0.98153657
vt 0.72228581 0.98237586
vt 0.60938430 0.98046845
vt 0.78538185 0.99264514
vt 0.98609900 0.81603724
vt 0.99426264 0.80067140
vt 0.76153201 0.99282825
vt 0.99748224 0.80263984
vt 0.98393226 0.81300068
vt 0.72008848 0.98001069
vt 0.98040742 0.81028461
vt 0.71708250 0.97625697
vt 0.97627223 0.80885023
vt 0.71296257 0.97282368
vt 0.71230638 0.97076368
vt 0.97550929 0.80790418
vt 0.60938430 0.99508661
vt 0.97283894 0.80654609
vt 0.78474098 0.97779810
vt 0.60886550 0.99180591
vt 0.60846877 0.99044788
vt 0.78429848 0.97944611
vt 0.78332192 0.98091096
vt 0.60737008 0.98294044
vt 0.78767073 0.99043262
vt 0.76530099 0.99102771
vt 0.76168460 0.97734034
vt 0.99256885 0.79591060
vt 0.97714198 0.80639350
vt 0.77936983 0.97300678
vt 0.78194857 0.97824061
vt 0.77161825 0.98365760
vt 0.77027541 0.98051423
vt 0.97505152 0.41593039
vt 0.40949112 0.05603111
vt 0.41100174 0.05662620
vt 0.97163349 0.43750668
vt 0.94280916 0.43030441
vt 0.41086441 0.07548636
vt 0.95342946 0.41091019
vt 0.41475546 0.05517662
vt 0.40910962 0.04721141
vt 0.96548408 0.41405356
vt 0.96287477 0.43506521
vt 0.96919203 0.43700314
vt 0.97212178 0.44034487
vt 0.97541773 0.45371175
vt 0.97129780 0.36157781
vt 0.98039216 0.45653468
vt 0.97679102 0.44261843
vt 0.97486842 0.43923092
vt 0.94782943 0.43053329
vt 0.41570154 0.05484092
vt 0.95498586 0.41049820
vt 0.96165407 0.41541159
vt 0.95642024 0.43424124
vt 0.95779353 0.43474478
vt 0.96136415 0.43578243
vt 0.96374458 0.43906307
vt 0.96443123 0.45682460
vt 0.96887159 0.35271227
vt 0.96908522 0.36096740
vt 0.97856110 0.44187075
vt 0.96214235 0.37827116
vt 0.94909590 0.43553829
vt 0.95667964 0.43733883
vt 0.96014345 0.43901730
vt 0.96372932 0.33459985
vt 0.96545357 0.35155261
vt 0.96227968 0.35564202
vt 0.94322115 0.44721138
vt 0.15060654 0.79424733
vt 0.07446402 0.56040287
vt 0.14473182 0.79617000
vt 0.06895552 0.56217289
vt 0.07423514 0.52484930
vt 0.16571298 0.76716256
vt 0.62446022 0.75152206
vt 0.32970169 0.56467533
vt 0.40088502 0.63086903
vt 0.07161059 0.45653468
vt 0.40335700 0.62862593
vt 0.15844968 0.88671702
vt 0.15646601 0.79714656
vt 0.51715875 0.57373923
vt 0.59815365 0.69365990
vt 0.43500420 0.69799340
vt 0.57653165 0.70720989
vt 0.62256807 0.75191879
vt 0.32880139 0.56659800
vt 0.68374151 0.51393914
vt 0.40161747 0.63369191
vt 0.38165864 0.65812159
vt 0.35971618 0.71233690
vt 0.32387275 0.76700997
vt 0.07664607 0.67031360
vt 0.57627225 0.70777446
vt 0.61618984 0.76824600
vt 0.31960022 0.58162814
vt 0.37853056 0.65731287
vt 0.37708095 0.65920502
vt 0.68537420 0.89240861
vt 0.07365530 0.56710154
vt 0.57537192 0.71338975
vt 0.07087816 0.67203784
vt 0.07364004 0.67356372
vt 0.57552451 0.70957506
vt 0.31789121 0.58377969
vt 0.61675441 0.77111471
vt 0.31380180 0.67803466
vt 0.58913559 0.43599606
vt 0.31369498 0.63584346
vt 0.31633478 0.67757690
vt 0.31847104 0.63299000
vt 0.58910507 0.43865108
vt 0.63778132 0.43738461
vt 0.63691157 0.43865108
vt 0.95089644 0.87496758
vt 0.63613337 0.46630043
vt 0.64324409 0.43741512
vt 0.30472267 0.58947128
vt 0.74134433 0.44174868
vt 0.30562294 0.68482494
vt 0.30281529 0.34216833
vt 0.34264132 0.68857861
vt 0.58756387 0.46239412
vt 0.35306326 0.63938355
vt 0.24197757 0.34460974
vt 0.95263600 0.92654306
vt 0.95306325 0.87573051
vt 0.64205384 0.46814680
vt 0.95896846 0.87463188
vt 0.18591592 0.33707178
vt 0.31194019 0.78722823
vt 0.33765164 0.69481957
vt 0.29988557 0.33450830
vt 0.30002290 0.34094757
vt 0.95594722 0.92533761
vt 0.24097048 0.34094757
vt 0.21355002 0.97351032
vt 0.96002138 0.17000079
vt 0.95632869 0.16937512
vt 0.25793850 0.97337300
vt 0.95524532 0.16841382
vt 0.94798201 0.18510717
vt 0.23840696 0.96562141
vt 0.96276796 0.25447470
vt 0.23869687 0.96163881
vt 0.23404288 0.96226442
vt 0.21252766 0.97215229
vt 0.96102846 0.16911572
vt 0.97828639 0.03076220
vt 0.96023500 0.16000611
vt 0.95634395 0.15956360
vt 0.97834742 0.03456169
vt 0.94378579 0.24351871
vt 0.26186007 0.96922255
vt 0.23959716 0.96336311
vt 0.96050966 0.25387961
vt 0.96963453 0.27196157
vt 0.96672004 0.25363547
vt 0.95941103 0.01960784
vt 0.23538567 0.95857173
vt 0.97930878 0.16148621
vt 0.23384450 0.96002138
vt 0.96145570 0.02140838
vt 0.95959413 0.02993822
vt 0.94862288 0.26041049
vt 0.95280385 0.25902188
vt 0.95477223 0.26173800
vt 0.96842909 0.27301443
vt 0.97326618 0.27324331
vt 0.94026095 0.01985198
vt 0.94111544 0.02174413
vt 0.95657283 0.02909893
vt 0.95684749 0.03141832
vt 0.94906539 0.26332492
vt 0.95289540 0.26272982
vt 0.96179140 0.28218508
vt 0.93562222 0.02978563
vt 0.93858242 0.03282213
vt 0.95669490 0.28186464
vt 0.31393912 0.52724499
vt 0.09604029 0.65429163
vt 0.30702677 0.46668190
vt 0.31662470 0.52809948
vt 0.37694362 0.53766692
vt 0.09147783 0.65362024
vt 0.09071489 0.68973827
vt 0.09555200 0.68975353
vt 0.12355230 0.66395056
vt 0.63759822 0.84057373
vt 0.28480965 0.46881819
vt 0.29021135 0.53041887
vt 0.28546578 0.52988482
vt 0.67783630 0.89286643
vt 0.28400090 0.53293657
vt 0.31607538 0.53284502
vt 0.49636072 0.76816970
vt 0.08775464 0.59765011
vt 0.60364693 0.78171968
vt 0.08442817 0.69431603
vt 0.11714351 0.70847642
vt 0.60714120 0.80888075
vt 0.60563058 0.81387043
vt 0.28085756 0.46916914
vt 0.63254750 0.84721142
vt 0.28429085 0.63691157
vt 0.59740597 0.81615931
vt 0.60320437 0.81597620
vt 0.43234912 0.95996034
vt 0.44823375 0.96345466
vt 0.44808117 0.96537727
vt 0.97271687 0.32655835
vt 0.44869155 0.97430378
vt 0.97735560 0.32901502
vt 0.96221864 0.33005261
vt 0.45261312 0.96102846
vt 0.96263063 0.31140614
vt 0.43331045 0.95434499
vt 0.96343940 0.30936140
vt 0.43057907 0.95634395
vt 0.42914474 0.96000612
vt 0.96363777 0.29155415
vt 0.41156635 0.95066756
vt 0.41147479 0.95494008
vt 0.42949569 0.96227968
vt 0.42629129 0.97061110
vt 0.42496377 0.97497523
vt 0.97402912 0.30896467
vt 0.96481270 0.31017011
vt 0.96639961 0.29181355
vt 0.96435493 0.28668648
vt 0.40871289 0.95640498
vt 0.42337683 0.96797132
vt 0.42314795 0.96995497
vt 0.42151523 0.97528040
vt 0.97387654 0.30620277
vt 0.97570765 0.28848708
vt 0.40190738 0.96849012
vt 0.40691233 0.96635383
vt 0.73760587 0.40321964
vt 0.39279774 0.28812087
vt 0.39632258 0.28883803
vt 0.41788357 0.32698560
vt 0.50363928 0.46608680
vt 0.75800717 0.61525905
vt 0.56424809 0.49347675
vt 0.56464487 0.46904707
vt 0.75220877 0.61367208
vt 0.57004654 0.49500269
vt 0.56852067 0.46436256
vt 0.62240022 0.42925155
vt 0.45996797 0.36984819
vt 0.56464487 0.46623939
vt 0.39772642 0.28574044
vt 0.73177689 0.40337223
vt 0.74238193 0.40869766
vt 0.39108872 0.29434651
vt 0.41414511 0.32881665
vt 0.50362402 0.46904707
vt 0.50327307 0.49089801
vt 0.38309300 0.34322119
vt 0.27515069 0.95231557
vt 0.80724806 0.57923245
vt 0.21445030 0.94737160
vt 0.75622189 0.61289388
vt 0.67502862 0.48975354
vt 0.75635922 0.50879681
vt 0.31833372 0.94781417
vt 0.73841459 0.43648434
vt 0.31830320 0.95118642
vt 0.73865873 0.43283743
vt 0.37508202 0.30208284
vt 0.74145114 0.42948043
vt 0.31627375 0.95403981
vt 0.80613410 0.57772183
vt 0.27522698 0.95045394
vt 0.92596322 0.17595178
vt 0.85168231 0.02125579
vt 0.85539025 0.02487218
vt 0.85532922 0.02630657
vt 0.87748533 0.02485693
vt 0.87779051 0.02113372
vt 0.92639047 0.20152593
vt 0.92776382 0.17738611
vt 0.92993057 0.20128179
vt 0.93907070 0.18187231
vt 0.94334322 0.17657739
vt 0.85043108 0.03770506
vt 0.87750059 0.02653545
vt 0.88235295 0.02531469
vt 0.92454416 0.20706493
vt 0.92932022 0.20506597
vt 0.93769741 0.20712596
vt 0.94319063 0.20553905
vt 0.88505381 0.04345769
vt 0.88381779 0.03791869
vt 0.88696116 0.03598076
vt 0.99145496 0.07348746
vt 0.90975815 0.03118944
vt 0.91087204 0.02095062
vt 0.98695356 0.06337070
vt 0.93972689 0.23009080
vt 0.94120699 0.21008623
vt 0.88856333 0.03724730
vt 0.94537270 0.20981157
vt 0.99633783 0.09170669
vt 0.99313343 0.06680399
vt 0.99668878 0.06169224
vt 0.94323641 0.23927671
vt 0.00752270 0.72668040
vt 0.01004044 0.72573435
vt 0.00865187 0.72794688
vt 0.01063554 0.72961015
vt 0.01008621 0.61164260
vt 0.01161212 0.72654307
vt 0.01127642 0.72483408
vt 0.00910964 0.72477305
vt 0.00810254 0.72382700
vt 0.00527962 0.72492564
vt 0.01060502 0.62342262
vt 0.00372320 0.72384226
vt 0.00479133 0.72788584
vt 0.00584421 0.72884715
vt 0.00704967 0.72973222
vt 0.00823987 0.73109025
vt 0.00158694 0.61635768
vt 0.00848402 0.73229575
vt 0.01123064 0.73043412
vt 0.01297017 0.72787058
vt 0.00819409 0.61173415
vt 0.01097124 0.61355001
vt 0.01208515 0.72411692
vt 0.00915541 0.72265202
vt 0.00625620 0.72220951
vt 0.00598154 0.72120237
vt 0.01283284 0.62034029
vt 0.01034562 0.62250710
vt 0.00743114 0.62378883
vt 0.00704967 0.62491798
vt 0.00238041 0.72639048
vt 0.00434882 0.73173118
vt 0.00047303 0.62282753
vt 0.00306706 0.61893642
vt 0.00282292 0.61609828
vt 0.01286336 0.73180747
vt 0.00431830 0.61286336
vt 0.00834669 0.61327535
vt 0.00968948 0.61487758
vt 0.00900282 0.72007322
vt 0.01226825 0.61783779
vt 0.01179522 0.61959255
vt 0.00944533 0.62082857
vt 0.00704967 0.62183565
vt 0.00466926 0.62243080
vt 0.00500496 0.61899745
vt 0.00521859 0.61730373
vt 0.00703441 0.61556423
vt 0.00852979 0.61509120
vt 0.01010147 0.61739528
vt 0.00828565 0.61956203
vt 0.00727855 0.62020296
vt 0.00698863 0.61742580
vt 0.55834287 0.17669946
vt 0.03823911 0.34596783
vt 0.55642021 0.18051422
vt 0.04734875 0.35060656
vt 0.55576408 0.17218280
vt 0.04541085 0.34224463
vt 0.05238422 0.34099334
vt 0.56043333 0.16755933
vt 0.56017393 0.16623181
vt 0.55851072 0.16340888
vt 0.05653468 0.34198523
vt 0.55654228 0.96963453
vt 0.09991608 0.10220492
vt 0.05420005 0.29622340
vt 0.12930495 0.10058749
vt 0.31027696 0.95851070
vt 0.04742504 0.29871058
vt 0.03402762 0.30063325
vt 0.31015489 0.96676588
vt 0.60137331 0.17705041
vt 0.30803388 0.97051954
vt 0.14825666 0.10580605
vt 0.60340273 0.17386132
vt 0.92251468 0.01387048
vt 0.62589455 0.96574348
vt 0.60308230 0.16797131
vt 0.62478065 0.96942091
vt 0.94926375 0.01361102
vt 0.96807814 0.56536198
vt 0.60334170 0.16121155
vt 0.05714504 0.29755092
vt 0.60276186 0.15698481
vt 0.96536201 0.56536198
vt 0.06587320 0.10421914
vt 0.55649650 0.97370869
vt 0.60642403 0.97370869
vt 0.10115205 0.12172121
vt 0.10516518 0.12281984
vt 0.05918974 0.25282675
vt 0.11117724 0.12092775
vt 0.26042572 0.96243227
vt 0.11822690 0.12065309
vt 0.64711988 0.17784393
vt 0.12074464 0.12175173
vt 0.95426869 0.00636303
vt 0.57596701 0.96574348
vt 0.95455861 0.00347906
vt 0.12234684 0.12324715
vt 0.09726100 0.12251467
vt 0.98213166 0.01704431
vt 0.96807814 0.51674676
vt 0.98213166 0.01361102
vt 0.09909209 0.12254518
vt 0.09593347 0.89692533
vt 0.09925994 0.16272223
vt 0.09466697 0.89573509
vt 0.10138094 0.16322577
vt 0.09169146 0.89604026
vt 0.10366979 0.16263068
vt 0.08763256 0.89700162
vt 0.10815595 0.16124207
vt 0.08380255 0.89748991
vt 0.73900968 0.65398645
vt 0.11439689 0.16122681
vt 0.74102390 0.65401697
vt 0.11763180 0.16278327
vt 0.09642176 0.16279852
vt 0.11989014 0.16429389
vt 0.74340427 0.65496302
vt 0.09863432 0.89790189
vt 0.72394902 0.71392387
vt 0.09861906 0.85922027
vt 0.09568933 0.85841155
vt 0.09394979 0.85723662
vt 0.09277485 0.85729766
vt 0.08873121 0.85986114
vt 0.08410773 0.85900664
vt 0.72172123 0.71250474
vt 0.72248417 0.71306932
vt 0.27689022 0.83981079
vt 0.70247960 0.77137411
vt 0.70550090 0.77076370
vt 0.29199666 0.79511714
vt 0.09996185 0.82133210
vt 0.09596399 0.82182038
vt 0.35403982 0.40668344
vt 0.09440757 0.82061493
vt 0.32050049 0.41789883
vt 0.09182879 0.79382008
vt 0.32086670 0.41670865
vt 0.35323110 0.41910428
vt 0.09108111 0.81985199
vt 0.08706798 0.82287329
vt 0.08128481 0.82269013
vt 0.26239413 0.88638133
vt 0.70127416 0.76946670
vt 0.63776606 0.79392689
vt 0.30739298 0.85188067
vt 0.74276340 0.83009076
vt 0.30862898 0.84734875
vt 0.12771802 0.79549861
vt 0.31010911 0.84493780
vt 0.32198063 0.41518271
vt 0.92564279 0.17070270
vt 0.28882277 0.41869229
vt 0.28857863 0.42040133
vt 0.28831923 0.42162204
vt 0.05770962 0.79530025
vt 0.31989014 0.42206454
vt 0.30878156 0.85853362
vt 0.30855268 0.85398638
vt 0.34479287 0.86347753
vt 0.29124895 0.41647977
vt 0.34595254 0.86164641
vt 0.92915237 0.17135882
vt 0.38667887 0.87510490
vt 0.92779434 0.14366370
vt 0.92436105 0.14396888
vt 0.77297628 0.63239491
vt 0.25506982 0.42130160
vt 0.75345999 0.62038606
vt 0.25471884 0.42258334
vt 0.04156557 0.29425496
vt 0.25464255 0.42420083
vt 0.28871596 0.42676431
vt 0.34119174 0.86736858
vt 0.28780040 0.43295950
vt 0.34477761 0.86498821
vt 0.25772488 0.44161135
vt 0.81176472 0.65020216
vt 0.38442054 0.87591362
vt 0.92793167 0.10887313
vt 0.43739986 0.89251542
vt 0.79914552 0.62337685
vt 0.22690165 0.39790952
vt 0.79508662 0.62096590
vt 0.22723736 0.40424198
vt 0.79417104 0.61982143
vt 0.05557336 0.23982602
vt 0.05496300 0.23852903
vt 0.22891584 0.42320895
vt 0.00831617 0.20383000
vt 0.25569543 0.43152511
vt 0.82853436 0.65452051
vt 0.25661096 0.43916988
vt 0.24005494 0.47965211
vt 0.80286872 0.62482643
vt 0.88404667 0.84774548
vt 0.82037079 0.57862210
vt 0.88538951 0.85110247
vt 0.81788355 0.57715726
vt 0.10501259 0.22171360
vt 0.81695276 0.57590604
vt 0.88593882 0.85340655
vt 0.85201800 0.85816741
vt 0.88595408 0.85952544
vt 0.10548562 0.21861601
vt 0.05603113 0.23370719
vt 0.23468375 0.45973909
vt 0.05528343 0.22858018
vt 0.80460823 0.62464333
vt 0.82305640 0.57932401
vt 0.10586710 0.21101701
vt 0.88296330 0.84431219
vt 0.85061419 0.85165179
vt 0.85128558 0.85598534
vt 0.94398415 0.08570993
vt 0.81142902 0.83566034
vt 0.81579310 0.86480510
vt 0.84722668 0.83520257
vt 0.85069048 0.86433202
vt 0.88575572 0.86187536
vt 0.88114750 0.83408868
vt 0.10640116 0.21673912
vt 0.10643168 0.21330589
vt 0.88201725 0.84115356
vt 0.84875256 0.84795910
vt 0.95295644 0.08484018
vt 0.81455714 0.85616845
vt 0.81570154 0.86269933
vt 0.94697487 0.08537424
vt 0.94650185 0.04562449
vt 0.94349587 0.04553294
vt 0.93569851 0.08250552
vt 0.15098803 0.97329670
vt 0.81016248 0.84086365
vt 0.84663159 0.83765924
vt 0.84757763 0.84513617
vt 0.81274128 0.85154498
vt 0.15345998 0.95471120
vt 0.95777828 0.08316165
vt 0.95243764 0.04342717
vt 0.93936062 0.03801024
vt 0.19633783 0.96943617
vt 0.19458304 0.96638435
vt 0.15245289 0.97088581
vt 0.80976576 0.84348822
vt 0.81138325 0.84921038
vt 0.15593195 0.95739681
vt 0.95611507 0.03887999
vt 0.19604792 0.95648128
vt 0.19365224 0.95973146
vt 0.51937133 0.38536662
vt 0.43038070 0.81417561
vt 0.48833448 0.39546806
vt 0.52101928 0.37850004
vt 0.38228428 0.81631190
vt 0.60614938 0.39197373
vt 0.48424506 0.82227814
vt 0.48224613 0.81814301
vt 0.48442817 0.81707484
vt 0.42848858 0.81145954
vt 0.94134432 0.69051653
vt 0.55046922 0.04251164
vt 0.48812085 0.39880979
vt 0.58493936 0.81744105
vt 0.52135497 0.38889146
vt 0.50519568 0.04078734
vt 0.71322197 0.76658273
vt 0.50292212 0.01608300
vt 0.50380713 0.01753259
vt 0.50017548 0.01393151
vt 0.86080718 0.18310827
vt 0.73894864 0.77376974
vt 0.73083085 0.77048904
vt 0.50191498 0.02133209
vt 0.48569468 0.79478145
vt 0.75094223 0.67043567
vt 0.86468297 0.26077670
vt 0.91252005 0.64258790
vt 0.92266726 0.69388878
vt 0.55048448 0.02061492
vt 0.55208665 0.01268023
vt 0.91830319 0.69538414
vt 0.85325396 0.21945524
vt 0.85461205 0.25960171
vt 0.90397495 0.64245057
vt 0.85256732 0.25899136
vt 0.90656900 0.64377815
vt 0.79684138 0.01374841
vt 0.53617150 0.09042495
vt 0.75184250 0.01522851
vt 0.60444039 0.08944839
vt 0.57134354 0.10621804
vt 0.61344320 0.08961624
vt 0.71821165 0.04885942
vt 0.19046311 0.01464868
vt 0.73495078 0.03732359
vt 0.77050430 0.05372703
vt 0.22201876 0.01838714
vt 0.98852521 0.08462656
vt 0.74355686 0.01043719
vt 0.57248801 0.15599298
vt 0.78583962 0.03227282
vt 0.96234071 0.08462656
vt 0.92961013 0.33673608
vt 0.14784466 0.01739526
vt 0.69192034 0.01043719
vt 0.94547951 0.41194779
vt 0.18516824 0.06817728
vt 0.96234071 0.04728770
vt 0.18899825 0.04165715
vt 0.88345158 0.39192796
vt 0.92248416 0.37701994
vt 0.05461204 0.01477075
vt 0.90794230 0.51494622
vt 0.85638207 0.05125505
vt 0.94352639 0.52959490
vt 0.93595791 0.55283439
vt 0.09959564 0.01625085
vt 0.83941406 0.03776610
vt 0.11648738 0.03834593
vt 0.39897764 0.13311970
vt 0.82105744 0.02465856
vt 0.06561379 0.03329521
vt 0.91985959 0.49349201
vt 0.82049286 0.07554740
vt 0.44083315 0.13347065
vt 0.08093385 0.05474937
vt 0.96801710 0.57209122
vt 0.44364080 0.08026248
vt 0.77991915 0.05192643
vt 0.36681163 0.09968722
vt 0.93365377 0.56093693
vt 0.44083315 0.10733193
vt 0.40343329 0.10733193
vt 0.40624094 0.08026248
vt 0.94793624 0.61731899
vt 0.99543756 0.14413673
vt 0.99343860 0.14496070
vt 0.99356067 0.14328223
vt 0.98612952 0.14372474
vt 0.98899823 0.14070344
vt 0.98954755 0.14464027
vt 0.99206531 0.14772260
vt 0.31735712 0.01608300
vt 0.31346607 0.01904327
vt 0.31285572 0.01286334
vt 0.30771345 0.01521325
vt 0.99137866 0.15925843
vt 0.98446631 0.15864807
vt 0.31316090 0.02473485
vt 0.98675519 0.15568781
vt 0.99250782 0.15646601
vt 0.98947126 0.15472651
vt 0.98771650 0.15312427
vt 0.98489356 0.15274280
vt 0.98342872 0.15490961
vt 0.31892881 0.02819866
vt 0.31799802 0.02404821
vt 0.32126343 0.02272069
vt 0.31866941 0.02011138
vt 0.32056153 0.01774627
vt 0.31853208 0.01365685
vt 0.31706721 0.01188678
vt 0.31818113 0.00956738
vt 0.31398490 0.00718701
vt 0.99685663 0.15671015
vt 0.99285877 0.15388721
vt 0.99073780 0.15199512
vt 0.98904401 0.15202564
vt 0.99157703 0.14908063
vt 0.99111927 0.15031660
vt 0.98887616 0.14906538
vt 0.98701459 0.15101856
vt 0.98530555 0.15126270
vt 0.98159760 0.15129322
vt 0.32497138 0.02359045
vt 0.32159916 0.02017242
vt 0.32321659 0.01751733
vt 0.32101929 0.01313800
vt 0.31976807 0.01092547
vt 0.99716181 0.15426868
vt 0.31834897 0.00724804
vt 0.31645685 0.00543219
vt 0.99441522 0.15419239
vt 0.99501032 0.15077442
vt 0.99714655 0.14830244
vt 0.33229572 0.00041199
vt 0.99871826 0.14273292
vt 0.98687726 0.13835353
vt 0.33777371 0.01705956
vt 0.33492026 0.01763946
vt 0.33443198 0.01644921
vt 0.33209735 0.01858550
vt 0.33334860 0.02174413
vt 0.98382545 0.14489967
vt 0.33174640 0.02381933
vt 0.98553443 0.14801252
vt 0.32695505 0.02281225
vt 0.98448157 0.15078968
vt 0.98199433 0.15033185
vt 0.32536814 0.02125579
vt 0.32439154 0.01963836
vt 0.32372016 0.01541162
vt 0.32111084 0.01052874
vt 0.32069886 0.00585949
vt 0.99897766 0.15310901
vt 0.99894714 0.15085071
vt 0.32297245 0.00242621
vt 0.32916763 0.00248724
vt 0.32475775 0.00427252
vt 0.32924393 0.00440985
vt 0.32889295 0.00640881
vt 0.33379111 0.01400781
vt 0.33171588 0.01669335
vt 0.32791638 0.02008086
vt 0.32668039 0.01861602
vt 0.32477301 0.01499963
vt 0.32277408 0.01109332
vt 0.32285038 0.00814831
vt 0.32484931 0.00758374
vt 0.32938126 0.00836194
vt 0.33105975 0.01329058
vt 0.32904553 0.01562524
vt 0.32639048 0.01452661
vt 0.32610056 0.01028460
vt 0.32948807 0.01115435
vt 0.32875562 0.01303118
vt 0.33003739 0.16105896
vt 0.03874266 0.13820094
vt 0.04556344 0.14506751
vt 0.97230488 0.97503626
vt 0.03743038 0.15436029
vt 0.97326618 0.98056000
vt 0.04188602 0.16539252
vt 0.05172808 0.15652704
vt 0.94145113 0.98991376
vt 0.95779353 0.81766993
vt 0.71616691 0.84628063
vt 0.26764324 0.04069579
vt 0.08328374 0.16241705
vt 0.27260244 0.02372777
vt 0.08534371 0.13205159
vt 0.08770886 0.12709242
vt 0.27725643 0.01860076
vt 0.74277866 0.94363320
vt 0.36598763 0.16105896
vt 0.00346380 0.12945753
vt 0.36733043 0.15385669
vt 0.10457008 0.82629132
vt 0.94880599 0.76243228
vt 0.93557644 0.97389179
vt 0.93592739 0.98204011
vt 0.95696956 0.76243228
vt 0.14157321 0.81528956
vt 0.94900435 0.82157624
vt 0.95754939 0.86996263
vt 0.14076447 0.84757763
vt 0.69010454 0.89710844
vt 0.32251468 0.03965819
vt 0.69625390 0.90652323
vt 0.41895169 0.16215765
vt 0.69504845 0.91035324
vt 0.12588693 0.85595483
vt 0.94880599 0.81472492
vt 0.13067827 0.85441369
vt 0.13609521 0.85360491
vt 0.15223926 0.89147782
vt 0.63958192 0.92086673
vt 0.64493781 0.92620736
vt 0.31148240 0.26170748
vt 0.13208209 0.89999235
vt 0.93034256 0.22809184
vt 0.13826200 0.90012968
vt 0.36775768 0.34126800
vt 0.14506753 0.89883268
vt 0.63553828 0.91662472
vt 0.15013352 0.89674222
vt 0.34041351 0.30319679
vt 0.35999084 0.28847182
vt 0.59433889 0.93670559
vt 0.35295644 0.28488594
vt 0.10849164 0.93371481
vt 0.34784466 0.27458608
vt 0.93057144 0.25853360
vt 0.15042344 0.92764175
vt 0.94071871 0.25801480
vt 0.36807811 0.29744411
vt 0.18641947 0.91728085
vt 0.36292058 0.29544520
vt 0.05850309 0.98425269
vt 0.26655984 0.00601208
vt 0.40006104 0.26648355
vt 0.26755169 0.00009155
vt 0.06955062 0.05090410
vt 0.96113527 0.65030897
vt 0.39826047 0.26149386
vt 0.39230946 0.25909817
vt 0.96797132 0.64859998
vt 0.92744333 0.29146260
vt 0.98078889 0.64866102
vt 0.93836880 0.28902113
vt 0.40369269 0.26941329
vt 0.94451821 0.28912795
vt 0.98767072 0.64907300
vt 0.05880827 0.98997480
vt 0.03863584 0.03590447
vt 0.09414817 0.98806745
vt 0.30310521 0.00601208
vt 0.09384298 0.98236060
vt 0.04019227 0.04193181
vt 0.03878843 0.04817271
vt 0.03968872 0.05540550
vt 0.96874952 0.68514538
vt 0.09414817 0.99473566
vt 0.98062104 0.68514538
vt 0.03790341 0.06674296
vt 0.03747616 0.02879375
vt 0.00796521 0.11148244
vt 0.00396735 0.03698784
vt 0.00436408 0.10714883
vt 0.00537118 0.04324406
vt 0.00148013 0.10222018
vt 0.02174411 0.12675667
vt 0.00450141 0.05003434
vt 0.01853971 0.12195009
vt 0.00473030 0.05683988
vt 0.00152590 0.03085375
vt 0.00114443 0.06834519
vt 0.01301595 0.11567867
vt 0.03523308 0.08900589
vt 0.03076219 0.08532846
vt 0.02729839 0.08084232
vt 0.04992752 0.10698098
vt 0.04757763 0.10179293
vt 0.03956664 0.09259176
vt 0.21046770 0.13756007
vt 0.06152438 0.06631571
vt 0.05725185 0.06344700
vt 0.21159686 0.14300758
vt 0.07943847 0.08886856
vt 0.20956741 0.14894331
vt 0.07661555 0.08383304
vt 0.20653085 0.15432978
vt 0.07426566 0.07862973
vt 0.06643778 0.06923020
vt 0.20491341 0.16746777
vt 0.20869765 0.13163960
vt 0.17140460 0.13331807
vt 0.17309834 0.13861293
vt 0.17106889 0.14454871
vt 0.10226596 0.90342563
vt 0.63855952 0.05503929
vt 0.13250935 0.14253449
vt 0.16752881 0.15080494
vt 0.16591135 0.16394293
vt 0.16786450 0.12706190
vt 0.13006790 0.16701001
vt 0.63941407 0.01855499
vt 0.08389410 0.90225071
vt 0.13200580 0.13000685
vt 0.13249409 0.13636988
vt 0.09295796 0.90241855
vt 0.09216449 0.94325173
vt 0.09980926 0.94633400
vt 0.69091326 0.05435264
vt 0.68673229 0.04499888
vt 0.64525825 0.04834056
vt 0.12729076 0.14758527
vt 0.12651256 0.16084534
vt 0.64721143 0.02565044
vt 0.69047076 0.02191198
vt 0.08317693 0.94395363
vt 0.08317693 0.95107961
vt 0.69445336 0.03193712
vt 0.76166934 0.56662852
vt 0.06210422 0.21976042
vt 0.76243228 0.57167923
vt 0.05856413 0.21812773
vt 0.76191348 0.54569316
vt 0.07145800 0.19781798
vt 0.06564431 0.19969481
vt 0.07568475 0.82560462
vt 0.50812542 0.78506142
vt 0.73891813 0.62961775
vt 0.00331121 0.15539789
vt 0.00527962 0.18304724
vt 0.72417790 0.63712519
vt 0.82484168 0.57067215
vt 0.82330054 0.56281376
vt 0.72060728 0.63596553
vt 0.31667048 0.84164190
vt 0.75890744 0.78199434
vt 0.41033036 0.79139388
vt 0.05972381 0.92851150
vt 0.75448233 0.68776989
vt 0.00891127 0.14842451
vt 0.84081787 0.54213780
vt 0.74624246 0.77138937
vt 0.06546120 0.82685590
vt 0.07858396 0.92646676
vt 0.41553369 0.77521932
vt 0.74970627 0.54625773
vt 0.41298541 0.79510188
vt 0.41283283 0.77131307
vt 0.07408255 0.92718393
vt 0.23636225 0.71190965
vt 0.22491798 0.68694592
vt 0.98313880 0.74978256
vt 0.23500420 0.70888841
vt 0.98313880 0.75577939
vt 0.96362251 0.74978256
vt 0.22520791 0.69750512
vt 0.22714581 0.70052648
vt 0.96362251 0.75577939
vt 0.17494468 0.70890367
vt 0.37361714 0.45365071
vt 0.17460899 0.71262681
vt 0.18260472 0.72117186
vt 0.41681543 0.33492029
vt 0.17042802 0.69214922
vt 0.40030518 0.39021897
vt 0.16983292 0.69474328
vt 0.14230564 0.71097887
vt 0.36908522 0.39237046
vt 0.15808347 0.76687264
vt 0.36665905 0.39441520
vt 0.36987868 0.36063170
vt 0.00526436 0.07269400
vt 0.30832380 0.34427404
vt 0.36894789 0.37158769
vt 0.14067292 0.64562452
vt 0.37000075 0.37553978
vt 0.30757609 0.33946747
vt 0.30780500 0.36685741
vt 0.00526436 0.07763791
vt 0.02136263 0.07269400
vt 0.30838484 0.35194933
vt 0.02136263 0.07763791
vt 0.30890363 0.35536736
vt 0.66361487 0.35942626
vt 0.68432134 0.35640496
vt 0.98374915 0.88480961
vt 0.59464407 0.07342643
vt 0.68183416 0.38478678
vt 0.70482945 0.34790570
vt 0.56688792 0.05999845
vt 0.56818491 0.05717558
vt 0.55539787 0.04269475
vt 0.66535437 0.33809417
vt 0.66250098 0.34096283
vt 0.63265431 0.37808806
vt 0.36142519 0.22207981
vt 0.96464485 0.86875713
vt 0.34042877 0.24911880
vt 0.74399936 0.80686653
vt 0.96234071 0.90991074
vt 0.99159229 0.90043485
vt 0.73379111 0.78724349
vt 0.60100710 0.05497825
vt 0.59742123 0.04971391
vt 0.59482718 0.02369726
vt 0.79063094 0.76427865
vt 0.62378883 0.35751891
vt 0.34578469 0.19934386
vt 0.62354469 0.35945678
vt 0.61068130 0.39876401
vt 0.33101395 0.22307163
vt 0.30251011 0.25819790
vt 0.76212710 0.83837640
vt 0.76267642 0.80462348
vt 0.63315785 0.04551768
vt 0.76409554 0.80207521
vt 0.58719766 0.33661401
vt 0.78974593 0.79468989
vt 0.31830320 0.20808727
vt 0.31807432 0.20970476
vt 0.91061264 0.32397956
vt 0.29263753 0.23320365
vt 0.28242925 0.28017092
vt 0.87985045 0.29265279
vt 0.76229495 0.86709392
vt 0.84464788 0.30005342
vt 0.77701992 0.83860534
vt 0.77875942 0.83633173
vt 0.80721754 0.82766461
vt 0.86416417 0.80032045
vt 0.28236821 0.21345848
vt 0.91230643 0.76755929
vt 0.28171206 0.21545738
vt 0.26810101 0.22777140
vt 0.92332339 0.79209584
vt 0.90597391 0.29662013
vt 0.93812466 0.82247651
vt 0.13609521 0.34035248
vt 0.13809414 0.24460214
vt 0.91972226 0.26147860
vt 0.13054094 0.27154958
vt 0.89207292 0.25601590
vt 0.86681926 0.28108644
vt 0.79732966 0.86015105
vt 0.86446935 0.28085756
vt 0.87782103 0.82124054
vt 0.25435263 0.19336236
vt 0.90107578 0.80424201
vt 0.90330356 0.80363166
vt 0.92854202 0.83393610
vt 0.13179217 0.32286566
vt 0.09701686 0.32712293
vt 0.10457008 0.34415197
vt 0.64019227 0.27908748
vt 0.09637598 0.24661630
vt 0.63738459 0.25365072
vt 0.08978409 0.27421987
vt 0.09350729 0.29182881
vt 0.13022049 0.29082167
vt 0.87827879 0.24667734
vt 0.87655449 0.24570078
vt 0.13003738 0.29338521
vt 0.91061264 0.85052264
vt 0.92695504 0.83511102
vt 0.13093767 0.32068360
vt 0.64602119 0.30708784
vt 0.09504845 0.32565802
vt 0.08233768 0.34961474
vt 0.66718549 0.29567409
vt 0.66958112 0.27733272
vt 0.69118792 0.33624780
vt 0.66511023 0.25218588
vt 0.65697718 0.24200809
vt 0.68224615 0.32439154
vt 0.06169223 0.28975356
vt 0.09480430 0.29422444
vt 0.09764248 0.31352711
vt 0.06245518 0.32393378
vt 0.66791791 0.29555202
vt 0.69945830 0.28577095
vt 0.70200658 0.26746011
vt 0.69988555 0.24161136
vt 0.11052109 0.37303734
vt 0.72619212 0.32520026
vt 0.71641105 0.31325245
vt 0.06213474 0.29298848
vt 0.68148315 0.32224000
vt 0.70176244 0.28639656
vt 0.08882277 0.42606241
vt 0.73310447 0.27687496
vt 0.73498130 0.25725186
vt 0.08363470 0.44359505
vt 0.07180896 0.35088122
vt 0.07418936 0.37868315
vt 0.75915158 0.31450373
vt 0.08442817 0.39015794
vt 0.74866867 0.30472267
vt 0.71653312 0.31082630
vt 0.73403525 0.27762264
vt 0.08778515 0.42507058
vt 0.05384909 0.42949569
vt 0.04049744 0.44591439
vt 0.04040589 0.35776305
vt 0.90783548 0.19853514
vt 0.00766003 0.35643548
vt 0.03839170 0.38571757
vt 0.04921035 0.39803159
vt 0.74842453 0.30214387
vt 0.08479439 0.39668882
vt 0.05148394 0.42870224
vt 0.01588464 0.33958954
vt 0.01411460 0.43050277
vt 0.99549860 0.46645302
vt 0.90817118 0.18103302
vt 0.99403369 0.50756085
vt 0.86884868 0.19945067
vt 0.88392460 0.20848399
vt 0.87679863 0.22735941
vt 0.90684366 0.23385978
vt 0.00421149 0.38428319
vt 0.91273367 0.24954605
vt 0.95741206 0.46697187
vt 0.01167315 0.39888608
vt 0.04754711 0.40038145
vt 0.01184100 0.42949569
vt 0.99441522 0.47016096
vt 0.99079883 0.50553143
vt 0.97726405 0.50173187
vt 0.96426338 0.50429541
vt 0.86803997 0.23683530
vt 0.96107423 0.50827801
vt 0.00944533 0.40097660
vt 0.95918214 0.46985579
vt 0.00619516 0.85943389
vt 0.81684595 0.28479439
vt 0.05108720 0.85816741
vt 0.82343787 0.29607081
vt 0.79870296 0.29959565
vt 0.02612345 0.88755625
vt 0.03878843 0.88961625
vt 0.68444341 0.08050662
vt 0.02737468 0.92816055
vt 0.68537420 0.06204319
vt 0.04138247 0.92947280
vt 0.02830549 0.95425344
vt 0.71883726 0.07598990
vt 0.71996641 0.06480509
vt 0.75410086 0.07512015
vt 0.87026781 0.72559702
vt 0.88213933 0.72541392
vt 0.75393301 0.06388950
vt 0.24170291 0.09341574
vt 0.88308537 0.79531550
vt 0.87026781 0.79549861
vt 0.24042115 0.08130008
vt 0.20633249 0.08490121
vt 0.20593576 0.09712368
vt 0.76162356 0.51287103
vt 0.17064165 0.09518576
vt 0.17097734 0.08390933
vt 0.76183718 0.53040361
vt 0.79943544 0.52632940
vt 0.79902345 0.51398492
vt 0.83833069 0.52855730
vt 0.93099868 0.98196381
vt 0.94967574 0.16636914
vt 0.93560696 0.17131305
vt 0.12133974 0.00253302
vt 0.83848327 0.51631951
vt 0.12129396 0.04345769
vt 0.93644619 0.11708248
vt 0.89245439 0.98345923
vt 0.13275349 0.03929198
vt 0.14303806 0.04138249
vt 0.84133667 0.51596856
vt 0.12237736 0.00495917
vt 0.80296028 0.51059735
vt 0.16812390 0.09925991
vt 0.76462960 0.50865948
vt 0.20399787 0.10247958
vt 0.89398032 0.79531550
vt 0.23953612 0.10395974
vt 0.75315481 0.05355918
vt 0.89303428 0.72640574
vt 0.07463188 0.94929427
vt 0.71903563 0.05355918
vt 0.04887465 0.92764175
vt 0.83410394 0.33302814
vt 0.04922561 0.88719004
vt 0.83163196 0.29904634
vt 0.86060882 0.27402151
vt 0.85284197 0.27168691
vt 0.84707409 0.26243991
vt 0.84747082 0.25200278
vt 0.81591517 0.27504385
vt 0.01564050 0.88570994
vt 0.78695351 0.26619363
vt 0.02052338 0.92561227
vt 0.71882200 0.08448923
vt 0.00117494 0.95095748
vt 0.86117339 0.72654307
vt 0.75280386 0.08409250
vt 0.23813230 0.07295340
vt 0.86117339 0.79546809
vt 0.20404364 0.07656980
vt 0.76604867 0.53971159
vt 0.16934462 0.07463187
vt 0.80364692 0.53563744
vt 0.92544442 0.97566187
vt 0.84290838 0.53647673
vt 0.88767833 0.97521937
vt 0.41829556 0.52384222
vt 0.40958267 0.53093767
vt 0.40045777 0.52166021
vt 0.40961319 0.53218889
vt 0.23614863 0.49187458
vt 0.40631723 0.62067598
vt 0.23898681 0.50029755
vt 0.17056535 0.47679865
vt 0.42056915 0.52481878
vt 0.40993363 0.50981915
vt 0.39873350 0.52156866
vt 0.27081713 0.56530094
vt 0.32104981 0.46451515
vt 0.25423056 0.49536890
vt 0.24426642 0.48531318
vt 0.49863431 0.46648353
vt 0.29663539 0.43601131
vt 0.41017777 0.50696576
vt 0.40032044 0.94389260
vt 0.03024338 0.55303276
vt 0.03439384 0.54709697
vt 0.40035096 0.95909059
vt 0.05326924 0.54909587
vt 0.04371710 0.54213780
vt 0.35860229 0.95606929
vt 0.04476997 0.49835968
vt 0.48525214 0.46619362
vt 0.96308845 0.96952772
vt 0.04005493 0.49980927
vt 0.01638819 0.50672162
vt 0.95088118 0.96952772
vt 0.61295491 0.94470131
vt 0.33470663 0.07557791
vt 0.36133364 0.93432516
vt 0.32718396 0.07557791
vt 0.53174639 0.35613030
vt 0.35965514 0.94549477
vt 0.05224689 0.45033950
vt 0.31480888 0.96093690
vt 0.47351795 0.39734495
vt 0.96308845 0.92266726
vt 0.46985582 0.40146488
vt 0.65597010 0.95111012
vt 0.40869763 0.37557030
vt 0.69956511 0.93867397
vt 0.65477991 0.93748379
vt 0.32813001 0.02871746
vt 0.65185016 0.93090713
vt 0.47331959 0.38588542
vt 0.41348898 0.37222856
vt 0.40474555 0.36025023
vt 0.69626915 0.92458993
vt 0.69443810 0.91857785
vt 0.41295490 0.36177617
f 2/2 4/4 5/5
f 5/5 4/4 6/6
f 6/6 4/4 7/7
f 7/7 4/4 8/8
f 8/8 4/4 9/9
f 10/10 3/3 11/11
f 3/3 1/1 11/11
f 11/11 1/1 12/12
f 1/1 13/13 12/12
f 12/12 13/13 14/14
f 14/14 13/13 15/15
f 15/15 13/13 16/16
f 13/13 1/1 16/16
f 16/16 1/1 17/17
f 2/2 5/5 18/18
f 18/18 5/5 19/19
f 5/5 6/6 19/19
f 19/19 6/6 20/20
f 20/20 6/6 21/21
f 6/6 7/7 21/21
f 21/21 7/7 22/22
f 7/7 8/8 22/22
f 22/22 8/8 23/23
f 23/23 8/8 25/25
f 8/8 9/9 25/25
f 25/25 9/9 26/26
f 27/27 10/10 28/28
f 10/10 11/11 28/28
f 11/11 12/12 28/28
f 28/28 12/12 29/29
f 12/12 14/14 29/29
f 29/29 14/14 30/30
f 14/14 15/15 30/30
f 30/30 15/15 31/31
f 31/31 15/15 32/32
f 15/15 16/16 32/32
f 16/16 17/17 32/32
f 32/32 17/17 33/33
f 18/18 19/19 34/34
f 34/34 19/19 35/35
f 19/19 20/20 35/35
f 35/35 20/20 36/36
f 37/37 36/36 38/38
f 36/36 20/20 38/38
f 20/20 21/21 38/38
f 38/38 21/21 39/39
f 21/21 22/22 39/39
f 39/39 22/22 41/41
f 22/22 23/23 41/41
f 41/41 23/23 42/42
f 23/23 25/25 42/42
f 24/24 27/27 43/43
f 43/43 27/27 44/44
f 27/27 28/28 44/44
f 44/44 28/28 45/45
f 28/28 29/29 45/45
f 29/29 30/30 45/45
f 45/45 30/30 46/46
f 30/30 31/31 46/46
f 46/46 31/31 47/47
f 31/31 32/32 47/47
f 32/32 33/33 47/47
f 34/34 35/35 48/48
f 48/48 35/35 49/49
f 35/35 36/36 49/49
f 36/36 37/37 49/49
f 49/49 37/37 50/50
f 37/37 38/38 50/50
f 38/38 39/39 50/50
f 39/39 41/41 50/50
f 51/51 40/40 52/52
f 40/40 43/43 52/52
f 43/43 44/44 52/52
f 52/52 44/44 53/53
f 44/44 45/45 53/53
f 45/45 46/46 53/53
f 53/53 46/46 55/55
f 46/46 47/47 55/55
f 48/48 49/49 54/54
f 49/49 50/50 54/54
f 55/55 51/51 56/56
f 51/51 52/52 56/56
f 52/52 53/53 56/56
f 57/57 58/58 59/59
f 61/61 60/60 62/62
f 59/59 58/58 63/63
f 63/63 58/58 65/65
f 58/58 57/57 65/65
f 65/65 57/57 66/66
f 66/66 57/57 67/67
f 57/57 59/59 67/67
f 60/60 61/61 68/68
f 61/61 62/62 68/68
f 68/68 62/62 69/69
f 62/62 64/64 69/69
f 69/69 64/64 70/70
f 64/64 72/72 70/70
f 70/70 72/72 73/73
f 73/73 72/72 75/75
f 71/71 65/65 74/74
f 65/65 66/66 74/74
f 66/66 67/67 74/74
f 75/75 68/68 76/76
f 68/68 69/69 76/76
f 69/69 70/70 76/76
f 70/70 73/73 76/76
f 77/77 79/79 80/80
f 82/82 83/83 84/84
f 83/83 87/87 84/84
f 85/85 86/86 89/89
f 86/86 91/91 89/89
f 91/91 92/92 89/89
f 89/89 92/92 93/93
f 92/92 91/91 93/93
f 95/95 90/90 96/96
f 96/96 90/90 97/97
f 90/90 87/87 97/97
f 87/87 83/83 97/97
f 97/97 83/83 98/98
f 83/83 82/82 98/98
f 82/82 81/81 98/98
f 81/81 78/78 98/98
f 98/98 78/78 99/99
f 101/101 100/100 102/102
f 100/100 79/79 102/102
f 79/79 77/77 102/102
f 77/77 80/80 102/102
f 103/103 81/81 104/104
f 81/81 82/82 104/104
f 82/82 84/84 104/104
f 84/84 88/88 104/104
f 104/104 88/88 105/105
f 88/88 94/94 105/105
f 105/105 94/94 106/106
f 106/106 94/94 108/108
f 95/95 96/96 107/107
f 96/96 97/97 107/107
f 97/97 98/98 107/107
f 98/98 99/99 107/107
f 100/100 101/101 109/109
f 109/109 101/101 110/110
f 101/101 102/102 110/110
f 110/110 102/102 111/111
f 103/103 104/104 112/112
f 104/104 105/105 112/112
f 105/105 106/106 112/112
f 106/106 108/108 112/112
f 113/113 114/114 115/115
f 117/117 119/119 120/120
f 115/115 120/120 121/121
f 123/123 122/122 125/125
f 121/121 120/120 124/124
f 120/120 119/119 124/124
f 125/125 118/118 126/126
f 126/126 118/118 127/127
f 118/118 116/116 127/127
f 128/128 129/129 130/130
f 129/129 127/127 130/130
f 127/127 116/116 130/130
f 130/130 116/116 131/131
f 117/117 120/120 132/132
f 132/132 120/120 133/133
f 120/120 115/115 133/133
f 115/115 114/114 133/133
f 133/133 114/114 134/134
f 134/134 114/114 135/135
f 114/114 113/113 135/135
f 135/135 113/113 136/136
f 136/136 113/113 137/137
f 113/113 115/115 137/137
f 115/115 121/121 137/137
f 137/137 121/121 138/138
f 122/122 123/123 139/139
f 139/139 123/123 140/140
f 123/123 125/125 140/140
f 125/125 126/126 140/140
f 140/140 126/126 141/141
f 126/126 127/127 141/141
f 127/127 129/129 141/141
f 141/141 129/129 142/142
f 129/129 128/128 142/142
f 142/142 128/128 143/143
f 143/143 128/128 144/144
f 128/128 130/130 144/144
f 130/130 131/131 144/144
f 144/144 131/131 145/145
f 132/132 133/133 146/146
f 133/133 134/134 146/146
f 146/146 134/134 148/148
f 148/148 134/134 149/149
f 149/149 134/134 150/150
f 134/134 135/135 150/150
f 135/135 136/136 150/150
f 150/150 136/136 151/151
f 151/151 136/136 152/152
f 136/136 137/137 152/152
f 137/137 138/138 152/152
f 153/153 139/139 154/154
f 139/139 140/140 154/154
f 154/154 140/140 155/155
f 140/140 141/141 155/155
f 141/141 142/142 155/155
f 155/155 142/142 156/156
f 142/142 143/143 156/156
f 156/156 143/143 157/157
f 143/143 144/144 157/157
f 144/144 145/145 157/157
f 145/145 147/147 157/157
f 157/157 147/147 158/158
f 158/158 147/147 159/159
f 148/148 149/149 160/160
f 149/149 150/150 160/160
f 160/160 150/150 161/161
f 150/150 151/151 161/161
f 151/151 152/152 161/161
f 162/162 153/153 163/163
f 153/153 154/154 163/163
f 163/163 154/154 164/164
f 154/154 155/155 164/164
f 155/155 156/156 164/164
f 164/164 156/156 165/165
f 156/156 157/157 165/165
f 157/157 158/158 165/165
f 158/158 159/159 165/165
f 159/159 162/162 165/165
f 162/162 163/163 165/165
f 166/166 167/167 168/168
f 167/167 169/169 168/168
f 168/168 169/169 170/170
f 170/170 169/169 171/171
f 171/171 169/169 172/172
f 172/172 169/169 173/173
f 173/173 169/169 174/174
f 169/169 167/167 174/174
f 167/167 175/175 174/174
f 174/174 175/175 176/176
f 176/176 175/175 177/177
f 175/175 167/167 177/177
f 167/167 166/166 177/177
f 179/179 177/177 180/180
f 180/180 177/177 181/181
f 177/177 166/166 181/181
f 166/166 168/168 181/181
f 181/181 168/168 182/182
f 168/168 170/170 182/182
f 170/170 171/171 182/182
f 182/182 171/171 183/183
f 183/183 171/171 184/184
f 171/171 172/172 184/184
f 184/184 172/172 185/185
f 172/172 173/173 185/185
f 185/185 173/173 186/186
f 186/186 173/173 187/187
f 173/173 174/174 187/187
f 174/174 176/176 187/187
f 176/176 188/188 187/187
f 187/187 188/188 190/190
f 190/190 188/188 191/191
f 188/188 176/176 191/191
f 176/176 177/177 191/191
f 177/177 179/179 191/191
f 192/192 178/178 193/193
f 194/194 193/193 195/195
f 193/193 178/178 195/195
f 195/195 178/178 196/196
f 179/179 180/180 198/198
f 199/199 198/198 201/201
f 198/198 180/180 201/201
f 180/180 181/181 201/201
f 201/201 181/181 203/203
f 181/181 182/182 203/203
f 182/182 183/183 203/203
f 203/203 183/183 204/204
f 183/183 184/184 204/204
f 204/204 184/184 205/205
f 184/184 185/185 205/205
f 205/205 185/185 206/206
f 185/185 186/186 206/206
f 206/206 186/186 207/207
f 207/207 186/186 208/208
f 186/186 187/187 208/208
f 187/187 190/190 208/208
f 209/209 189/189 210/210
f 189/189 192/192 210/210
f 192/192 193/193 210/210
f 210/210 193/193 211/211
f 211/211 193/193 212/212
f 193/193 194/194 212/212
f 213/213 212/212 214/214
f 212/212 194/194 214/214
f 214/214 194/194 215/215
f 194/194 195/195 215/215
f 218/218 216/216 219/219
f 220/220 219/219 222/222
f 219/219 216/216 222/222
f 215/215 195/195 221/221
f 195/195 196/196 221/221
f 197/197 200/200 222/222
f 222/222 200/200 223/223
f 200/200 202/202 223/223
f 223/223 202/202 224/224
f 203/203 204/204 225/225
f 225/225 204/204 228/228
f 204/204 205/205 228/228
f 205/205 206/206 228/228
f 228/228 206/206 229/229
f 206/206 207/207 229/229
f 207/207 208/208 229/229
f 209/209 210/210 230/230
f 230/230 210/210 231/231
f 210/210 211/211 231/231
f 231/231 211/211 232/232
f 211/211 212/212 232/232
f 212/212 213/213 232/232
f 232/232 213/213 233/233
f 234/234 233/233 235/235
f 233/233 213/213 235/235
f 213/213 214/214 235/235
f 214/214 215/215 235/235
f 215/215 217/217 235/235
f 235/235 217/217 236/236
f 218/218 219/219 237/237
f 237/237 219/219 238/238
f 219/219 220/220 238/238
f 238/238 220/220 239/239
f 220/220 222/222 239/239
f 222/222 223/223 239/239
f 239/239 223/223 240/240
f 240/240 223/223 241/241
f 241/241 223/223 242/242
f 223/223 224/224 242/242
f 224/224 226/226 242/242
f 242/242 226/226 243/243
f 227/227 230/230 244/244
f 244/244 230/230 245/245
f 230/230 231/231 245/245
f 245/245 231/231 246/246
f 231/231 232/232 246/246
f 232/232 233/233 246/246
f 233/233 234/234 246/246
f 246/246 234/234 247/247
f 234/234 235/235 247/247
f 235/235 236/236 247/247
f 237/237 238/238 248/248
f 248/248 238/238 249/249
f 238/238 239/239 249/249
f 239/239 240/240 249/249
f 249/249 240/240 250/250
f 240/240 241/241 250/250
f 250/250 241/241 251/251
f 241/241 242/242 251/251
f 242/242 243/243 251/251
f 251/251 243/243 252/252
f 252/252 243/243 254/254
f 244/244 245/245 253/253
f 245/245 246/246 253/253
f 246/246 247/247 253/253
f 254/254 248/248 255/255
f 248/248 249/249 255/255
f 249/249 250/250 255/255
f 250/250 251/251 255/255
f 251/251 252/252 255/255
f 256/256 257/257 258/258
f 257/257 259/259 258/258
f 258/258 259/259 261/261
f 259/259 257/257 261/261
f 261/261 257/257 263/263
f 257/257 256/256 263/263
f 263/263 256/256 265/265
f 256/256 266/266 265/265
f 265/265 266/266 267/267
f 269/269 268/268 270/270
f 267/267 266/266 271/271
f 266/266 256/256 271/271
f 256/256 258/258 271/271
f 271/271 258/258 272/272
f 258/258 261/261 272/272
f 260/260 262/262 273/273
f 262/262 264/264 273/273
f 264/264 268/268 273/273
f 268/268 269/269 273/273
f 275/275 276/276 277/277
f 277/277 276/276 278/278
f 278/278 276/276 279/279
f 276/276 275/275 279/279
f 279/279 275/275 280/280
f 282/282 284/284 285/285
f 285/285 284/284 286/286
f 287/287 283/283 288/288
f 288/288 283/283 289/289
f 289/289 283/283 290/290
f 284/284 282/282 291/291
f 291/291 282/282 292/292
f 292/292 282/282 293/293
f 294/294 295/295 296/296
f 295/295 293/293 296/296
f 293/293 282/282 296/296
f 282/282 285/285 296/296
f 296/296 285/285 297/297
f 297/297 285/285 298/298
f 285/285 286/286 298/298
f 298/298 286/286 299/299
f 299/299 286/286 300/300
f 287/287 288/288 301/301
f 301/301 288/288 302/302
f 302/302 288/288 303/303
f 288/288 289/289 303/303
f 303/303 289/289 304/304
f 289/289 290/290 304/304
f 304/304 290/290 305/305
f 291/291 292/292 306/306
f 306/306 292/292 307/307
f 307/307 292/292 308/308
f 292/292 293/293 308/308
f 293/293 295/295 308/308
f 295/295 294/294 308/308
f 308/308 294/294 309/309
f 309/309 294/294 310/310
f 310/310 294/294 311/311
f 294/294 296/296 311/311
f 296/296 297/297 311/311
f 297/297 298/298 311/311
f 298/298 312/312 311/311
f 311/311 312/312 313/313
f 312/312 298/298 313/313
f 298/298 299/299 313/313
f 313/313 299/299 314/314
f 299/299 300/300 314/314
f 315/315 301/301 316/316
f 301/301 302/302 316/316
f 302/302 303/303 316/316
f 316/316 303/303 317/317
f 303/303 304/304 317/317
f 317/317 304/304 318/318
f 318/318 304/304 319/319
f 304/304 305/305 319/319
f 306/306 307/307 320/320
f 307/307 308/308 320/320
f 320/320 308/308 322/322
f 322/322 308/308 323/323
f 308/308 309/309 323/323
f 281/281 323/323 324/324
f 323/323 309/309 324/324
f 309/309 310/310 324/324
f 324/324 310/310 325/325
f 326/326 327/327 328/328
f 327/327 329/329 328/328
f 329/329 325/325 328/328
f 328/328 325/325 330/330
f 325/325 310/310 330/330
f 310/310 311/311 330/330
f 311/311 313/313 330/330
f 330/330 313/313 332/332
f 332/332 313/313 333/333
f 313/313 314/314 333/333
f 315/315 316/316 334/334
f 334/334 316/316 335/335
f 335/335 316/316 336/336
f 316/316 317/317 336/336
f 336/336 317/317 337/337
f 317/317 318/318 337/337
f 318/318 319/319 337/337
f 319/319 321/321 337/337
f 338/338 337/337 340/340
f 337/337 321/321 340/340
f 322/322 323/323 339/339
f 323/323 281/281 339/339
f 281/281 274/274 339/339
f 340/340 275/275 341/341
f 275/275 277/277 341/341
f 277/277 342/342 341/341
f 341/341 342/342 343/343
f 342/342 344/344 343/343
f 343/343 344/344 345/345
f 345/345 344/344 347/347
f 344/344 342/342 347/347
f 342/342 277/277 347/347
f 277/277 278/278 347/347
f 347/347 278/278 348/348
f 278/278 279/279 348/348
f 279/279 280/280 348/348
f 281/281 324/324 349/349
f 349/349 324/324 350/350
f 324/324 325/325 350/350
f 325/325 329/329 350/350
f 350/350 329/329 351/351
f 329/329 327/327 351/351
f 327/327 326/326 351/351
f 351/351 326/326 352/352
f 326/326 328/328 352/352
f 352/352 328/328 353/353
f 328/328 330/330 353/353
f 330/330 332/332 353/353
f 353/353 332/332 354/354
f 356/356 355/355 357/357
f 355/355 331/331 357/357
f 331/331 334/334 357/357
f 357/357 334/334 358/358
f 334/334 335/335 358/358
f 335/335 336/336 358/358
f 336/336 337/337 358/358
f 337/337 338/338 358/358
f 358/358 338/338 359/359
f 338/338 340/340 359/359
f 340/340 341/341 359/359
f 341/341 343/343 359/359
f 343/343 345/345 359/359
f 359/359 345/345 360/360
f 360/360 345/345 361/361
f 361/361 345/345 362/362
f 345/345 347/347 362/362
f 346/346 349/349 363/363
f 349/349 350/350 363/363
f 350/350 351/351 363/363
f 351/351 352/352 363/363
f 363/363 352/352 364/364
f 352/352 353/353 364/364
f 353/353 354/354 364/364
f 355/355 356/356 365/365
f 365/365 356/356 366/366
f 366/366 356/356 367/367
f 356/356 357/357 367/367
f 357/357 358/358 367/367
f 367/367 358/358 368/368
f 358/358 359/359 368/368
f 359/359 360/360 368/368
f 368/368 360/360 369/369
f 360/360 361/361 369/369
f 361/361 362/362 369/369
f 362/362 365/365 369/369
f 369/369 365/365 370/370
f 365/365 366/366 370/370
f 366/366 367/367 370/370
f 367/367 368/368 370/370
f 372/372 375/375 376/376
f 376/376 375/375 377/377
f 379/379 378/378 380/380
f 378/378 373/373 380/380
f 380/380 373/373 381/381
f 383/383 382/382 385/385
f 381/381 373/373 384/384
f 386/386 374/374 387/387
f 374/374 371/371 387/387
f 387/387 371/371 388/388
f 372/372 376/376 389/389
f 389/389 376/376 390/390
f 376/376 377/377 390/390
f 378/378 379/379 391/391
f 391/391 379/379 392/392
f 379/379 380/380 392/392
f 392/392 380/380 393/393
f 380/380 381/381 393/393
f 395/395 382/382 397/397
f 382/382 383/383 397/397
f 397/397 383/383 399/399
f 383/383 385/385 399/399
f 399/399 385/385 401/401
f 401/401 385/385 402/402
f 386/386 387/387 404/404
f 404/404 387/387 405/405
f 387/387 388/388 405/405
f 405/405 388/388 406/406
f 388/388 391/391 406/406
f 391/391 392/392 406/406
f 406/406 392/392 407/407
f 392/392 393/393 407/407
f 408/408 394/394 409/409
f 394/394 396/396 409/409
f 396/396 398/398 409/409
f 409/409 398/398 410/410
f 398/398 400/400 410/410
f 400/400 403/403 410/410
f 410/410 403/403 412/412
f 404/404 405/405 411/411
f 405/405 406/406 411/411
f 406/406 407/407 411/411
f 408/408 409/409 412/412
f 414/414 417/417 418/418
f 418/418 417/417 419/419
f 421/421 420/420 422/422
f 420/420 415/415 422/422
f 424/424 416/416 428/428
f 428/428 416/416 432/432
f 432/432 416/416 433/433
f 416/416 413/413 433/433
f 433/433 413/413 435/435
f 414/414 418/418 434/434
f 418/418 419/419 434/434
f 435/435 420/420 436/436
f 420/420 421/421 436/436
f 436/436 421/421 437/437
f 421/421 422/422 437/437
f 437/437 422/422 438/438
f 423/423 425/425 440/440
f 440/440 425/425 441/441
f 442/442 426/426 444/444
f 427/427 429/429 443/443
f 444/444 430/430 445/445
f 445/445 430/430 446/446
f 447/447 431/431 448/448
f 432/432 433/433 451/451
f 451/451 433/433 452/452
f 433/433 435/435 452/452
f 452/452 435/435 453/453
f 435/435 436/436 453/453
f 436/436 437/437 453/453
f 453/453 437/437 454/454
f 437/437 438/438 454/454
f 454/454 438/438 455/455
f 439/439 442/442 456/456
f 442/442 444/444 456/456
f 456/456 444/444 457/457
f 444/444 445/445 457/457
f 445/445 446/446 457/457
f 446/446 449/449 457/457
f 458/458 450/450 459/459
f 451/451 452/452 461/461
f 452/452 453/453 461/461
f 453/453 454/454 461/461
f 454/454 455/455 461/461
f 463/463 465/465 466/466
f 467/467 464/464 468/468
f 468/468 464/464 469/469
f 464/464 470/470 469/469
f 469/469 470/470 471/471
f 471/471 470/470 472/472
f 472/472 470/470 473/473
f 470/470 464/464 473/473
f 464/464 462/462 473/473
f 474/474 463/463 476/476
f 463/463 466/466 476/476
f 476/476 466/466 477/477
f 467/467 468/468 478/478
f 478/478 468/468 480/480
f 468/468 469/469 480/480
f 469/469 471/471 480/480
f 471/471 472/472 480/480
f 472/472 473/473 480/480
f 473/473 475/475 480/480
f 482/482 483/483 484/484
f 483/483 488/488 484/484
f 486/486 487/487 489/489
f 489/489 487/487 490/490
f 491/491 490/490 492/492
f 490/490 487/487 492/492
f 493/493 488/488 494/494
f 488/488 483/483 494/494
f 494/494 483/483 495/495
f 483/483 482/482 495/495
f 496/496 481/481 497/497
f 498/498 497/497 499/499
f 497/497 481/481 499/499
f 481/481 485/485 499/499
f 499/499 485/485 500/500
f 500/500 485/485 501/501
f 501/501 485/485 502/502
f 486/486 489/489 503/503
f 503/503 489/489 505/505
f 489/489 490/490 505/505
f 490/490 491/491 505/505
f 491/491 492/492 505/505
f 505/505 492/492 507/507
f 493/493 494/494 506/506
f 494/494 495/495 506/506
f 496/496 497/497 508/508
f 508/508 497/497 509/509
f 497/497 498/498 509/509
f 509/509 498/498 510/510
f 498/498 499/499 510/510
f 499/499 500/500 510/510
f 510/510 500/500 511/511
f 500/500 501/501 511/511
f 511/511 501/501 512/512
f 501/501 502/502 512/512
f 502/502 504/504 512/512
f 512/512 504/504 513/513
f 504/504 508/508 513/513
f 508/508 509/509 513/513
f 509/509 510/510 513/513
f 510/510 511/511 513/513
f 514/514 516/516 517/517
f 516/516 519/519 517/517
f 517/517 519/519 520/520
f 523/523 521/521 524/524
f 521/521 518/518 524/524
f 524/524 518/518 525/525
f 518/518 515/515 525/525
f 525/525 515/515 526/526
f 516/516 514/514 527/527
f 529/529 527/527 530/530
f 527/527 514/514 530/530
f 530/530 514/514 531/531
f 531/531 514/514 532/532
f 514/514 517/517 532/532
f 517/517 520/520 532/532
f 532/532 520/520 533/533
f 520/520 522/522 533/533
f 533/533 522/522 534/534
f 523/523 524/524 535/535
f 524/524 525/525 535/535
f 535/535 525/525 536/536
f 536/536 525/525 537/537
f 525/525 526/526 537/537
f 526/526 528/528 537/537
f 537/537 528/528 538/538
f 529/529 530/530 539/539
f 539/539 530/530 540/540
f 530/530 531/531 540/540
f 540/540 531/531 541/541
f 531/531 532/532 541/541
f 532/532 533/533 541/541
f 541/541 533/533 542/542
f 533/533 534/534 542/542
f 542/542 534/534 543/543
f 535/535 536/536 544/544
f 544/544 536/536 545/545
f 536/536 537/537 545/545
f 537/537 538/538 545/545
f 539/539 540/540 546/546
f 546/546 540/540 547/547
f 540/540 541/541 547/547
f 541/541 542/542 547/547
f 542/542 543/543 547/547
f 548/548 549/549 550/550
f 550/550 549/549 551/551
f 551/551 549/549 552/552
f 552/552 549/549 553/553
f 555/555 553/553 556/556
f 553/553 549/549 556/556
f 556/556 549/549 557/557
f 549/549 548/548 557/557
f 557/557 548/548 558/558
f 558/558 548/548 559/559
f 559/559 548/548 560/560
f 560/560 548/548 561/561
f 548/548 550/550 561/561
f 561/561 550/550 562/562
f 550/550 551/551 562/562
f 562/562 551/551 563/563
f 563/563 551/551 565/565
f 551/551 552/552 565/565
f 565/565 552/552 567/567
f 552/552 553/553 567/567
f 567/567 553/553 568/568
f 553/553 555/555 568/568
f 569/569 554/554 570/570
f 570/570 554/554 571/571
f 555/555 556/556 572/572
f 572/572 556/556 574/574
f 556/556 557/557 574/574
f 557/557 558/558 574/574
f 574/574 558/558 576/576
f 576/576 558/558 578/578
f 558/558 559/559 578/578
f 578/578 559/559 580/580
f 559/559 560/560 580/580
f 580/580 560/560 582/582
f 560/560 561/561 582/582
f 582/582 561/561 584/584
f 561/561 562/562 584/584
f 584/584 562/562 585/585
f 562/562 563/563 585/585
f 587/587 586/586 588/588
f 585/585 563/563 589/589
f 589/589 563/563 590/590
f 563/563 565/565 590/590
f 591/591 564/564 592/592
f 564/564 566/566 592/592
f 592/592 566/566 593/593
f 566/566 569/569 593/593
f 569/569 570/570 593/593
f 593/593 570/570 594/594
f 594/594 570/570 595/595
f 570/570 571/571 595/595
f 571/571 573/573 595/595
f 595/595 573/573 596/596
f 573/573 575/575 596/596
f 596/596 575/575 597/597
f 575/575 577/577 597/597
f 577/577 579/579 597/597
f 597/597 579/579 598/598
f 579/579 581/581 598/598
f 598/598 581/581 599/599
f 581/581 583/583 599/599
f 583/583 586/586 599/599
f 586/586 587/587 599/599
f 599/599 587/587 600/600
f 587/587 588/588 600/600
f 588/588 591/591 600/600
f 600/600 591/591 601/601
f 591/591 592/592 601/601
f 592/592 593/593 601/601
f 593/593 594/594 601/601
f 601/601 594/594 602/602
f 594/594 595/595 602/602
f 595/595 596/596 602/602
f 602/602 596/596 603/603
f 603/603 596/596 604/604
f 596/596 597/597 604/604
f 597/597 598/598 604/604
f 604/604 598/598 605/605
f 598/598 599/599 605/605
f 605/605 599/599 606/606
f 599/599 600/600 606/606
f 600/600 601/601 606/606
f 601/601 602/602 606/606
f 602/602 603/603 606/606
f 603/603 604/604 606/606
f 607/607 609/609 610/610
f 611/611 608/608 612/612
f 608/608 613/613 612/612
f 612/612 613/613 614/614
f 615/615 614/614 616/616
f 614/614 613/613 616/616
f 616/616 613/613 617/617
f 613/613 608/608 617/617
f 609/609 607/607 618/618
f 607/607 610/610 618/618
f 618/618 610/610 619/619
f 611/611 612/612 620/620
f 612/612 614/614 620/620
f 614/614 615/615 620/620
f 620/620 615/615 622/622
f 615/615 623/623 622/622
f 622/622 623/623 625/625
f 625/625 623/623 626/626
f 623/623 615/615 626/626
f 615/615 616/616 626/626
f 616/616 617/617 626/626
f 627/627 618/618 628/628
f 618/618 619/619 628/628
f 619/619 621/621 628/628
f 621/621 624/624 628/628
f 629/629 630/630 632/632
f 632/632 630/630 633/633
f 635/635 634/634 636/636
f 637/637 633/633 638/638
f 633/633 630/630 638/638
f 638/638 630/630 639/639
f 630/630 629/629 639/639
f 641/641 639/639 642/642
f 644/644 643/643 645/645
f 642/642 639/639 646/646
f 639/639 629/629 646/646
f 646/646 629/629 647/647
f 629/629 632/632 647/647
f 647/647 632/632 648/648
f 631/631 634/634 649/649
f 634/634 635/635 649/649
f 649/649 635/635 650/650
f 635/635 636/636 650/650
f 652/652 637/637 653/653
f 637/637 638/638 653/653
f 638/638 639/639 653/653
f 653/653 639/639 654/654
f 639/639 641/641 654/654
f 656/656 640/640 657/657
f 657/657 640/640 658/658
f 640/640 643/643 658/658
f 643/643 644/644 658/658
f 644/644 645/645 658/658
f 659/659 646/646 660/660
f 646/646 647/647 660/660
f 647/647 648/648 660/660
f 660/660 648/648 661/661
f 648/648 651/651 661/661
f 661/661 651/651 662/662
f 662/662 651/651 664/664
f 652/652 653/653 663/663
f 653/653 654/654 663/663
f 664/664 655/655 665/665
f 656/656 657/657 666/666
f 657/657 658/658 666/666
f 666/666 658/658 667/667
f 659/659 660/660 668/668
f 660/660 661/661 668/668
f 661/661 662/662 668/668
f 662/662 664/664 668/668
f 669/669 670/670 671/671
f 672/672 673/673 674/674
f 674/674 673/673 675/675
f 675/675 673/673 676/676
f 673/673 671/671 676/676
f 677/677 676/676 678/678
f 676/676 671/671 678/678
f 671/671 670/670 678/678
f 678/678 670/670 679/679
f 679/679 670/670 680/680
f 670/670 669/669 680/680
f 682/682 683/683 684/684
f 683/683 681/681 684/684
f 680/680 669/669 685/685
f 685/685 669/669 687/687
f 669/669 671/671 687/687
f 687/687 671/671 688/688
f 671/671 673/673 688/688
f 673/673 672/672 688/688
f 688/688 672/672 689/689
f 689/689 672/672 690/690
f 672/672 674/674 690/690
f 690/690 674/674 691/691
f 674/674 675/675 691/691
f 691/691 675/675 692/692
f 692/692 675/675 693/693
f 675/675 676/676 693/693
f 676/676 677/677 693/693
f 693/693 677/677 694/694
f 677/677 678/678 694/694
f 678/678 679/679 694/694
f 694/694 679/679 695/695
f 679/679 680/680 695/695
f 681/681 683/683 696/696
f 696/696 683/683 698/698
f 683/683 682/682 698/698
f 698/698 682/682 699/699
f 699/699 682/682 700/700
f 682/682 684/684 700/700
f 684/684 686/686 700/700
f 700/700 686/686 701/701
f 687/687 688/688 702/702
f 688/688 689/689 702/702
f 702/702 689/689 703/703
f 703/703 689/689 704/704
f 704/704 689/689 705/705
f 689/689 690/690 705/705
f 690/690 691/691 705/705
f 705/705 691/691 706/706
f 691/691 692/692 706/706
f 706/706 692/692 707/707
f 692/692 693/693 707/707
f 707/707 693/693 708/708
f 693/693 694/694 708/708
f 708/708 694/694 709/709
f 694/694 695/695 709/709
f 695/695 697/697 709/709
f 709/709 697/697 710/710
f 711/711 698/698 712/712
f 698/698 699/699 712/712
f 712/712 699/699 713/713
f 699/699 700/700 713/713
f 700/700 701/701 713/713
f 702/702 703/703 714/714
f 714/714 703/703 715/715
f 703/703 704/704 715/715
f 715/715 704/704 716/716
f 704/704 705/705 716/716
f 705/705 706/706 716/716
f 716/716 706/706 717/717
f 706/706 707/707 717/717
f 717/717 707/707 718/718
f 707/707 708/708 718/718
f 718/718 708/708 719/719
f 708/708 709/709 719/719
f 709/709 710/710 719/719
f 719/719 710/710 721/721
f 711/711 712/712 720/720
f 712/712 713/713 720/720
f 714/714 715/715 721/721
f 715/715 716/716 721/721
f 716/716 717/717 721/721
f 717/717 718/718 721/721
f 722/722 723/723 724/724
f 724/724 723/723 725/725
f 727/727 729/729 730/730
f 729/729 731/731 730/730
f 730/730 731/731 732/732
f 732/732 731/731 733/733
f 733/733 731/731 734/734
f 734/734 731/731 735/735
f 735/735 731/731 736/736
f 731/731 729/729 736/736
f 728/728 738/738 737/737
f 737/737 738/738 739/739
f 739/739 738/738 740/740
f 738/738 728/728 740/740
f 728/728 726/726 740/740
f 741/741 742/742 743/743
f 745/745 744/744 746/746
f 743/743 742/742 747/747
f 747/747 742/742 748/748
f 748/748 742/742 749/749
f 742/742 741/741 749/749
f 741/741 727/727 749/749
f 727/727 730/730 749/749
f 749/749 730/730 750/750
f 730/730 732/732 750/750
f 732/732 733/733 750/750
f 750/750 733/733 751/751
f 751/751 733/733 752/752
f 733/733 734/734 752/752
f 752/752 734/734 753/753
f 734/734 735/735 753/753
f 753/753 735/735 754/754
f 754/754 735/735 755/755
f 735/735 736/736 755/755
f 737/737 739/739 756/756
f 739/739 757/757 756/756
f 756/756 757/757 758/758
f 758/758 757/757 759/759
f 757/757 739/739 759/759
f 739/739 740/740 759/759
f 740/740 744/744 759/759
f 759/759 744/744 760/760
f 744/744 745/745 760/760
f 760/760 745/745 761/761
f 745/745 725/725 761/761
f 725/725 723/723 761/761
f 761/761 723/723 762/762
f 762/762 723/723 763/763
f 723/723 722/722 763/763
f 763/763 722/722 764/764
f 764/764 722/722 765/765
f 722/722 724/724 765/765
f 765/765 724/724 766/766
f 724/724 725/725 766/766
f 725/725 745/745 766/766
f 766/766 745/745 767/767
f 745/745 746/746 767/767
f 767/767 746/746 768/768
f 747/747 748/748 769/769
f 769/769 748/748 771/771
f 748/748 749/749 771/771
f 749/749 750/750 771/771
f 750/750 751/751 771/771
f 771/771 751/751 772/772
f 751/751 752/752 772/772
f 772/772 752/752 773/773
f 752/752 753/753 773/773
f 773/773 753/753 774/774
f 753/753 754/754 774/774
f 774/774 754/754 775/775
f 775/775 754/754 776/776
f 754/754 755/755 776/776
f 756/756 758/758 777/777
f 777/777 758/758 778/778
f 758/758 759/759 778/778
f 759/759 760/760 778/778
f 760/760 761/761 778/778
f 761/761 762/762 778/778
f 778/778 762/762 780/780
f 762/762 763/763 780/780
f 780/780 763/763 782/782
f 763/763 764/764 782/782
f 782/782 764/764 784/784
f 764/764 765/765 784/784
f 784/784 765/765 785/785
f 765/765 766/766 785/785
f 785/785 766/766 786/786
f 766/766 767/767 786/786
f 788/788 786/786 789/789
f 786/786 767/767 789/789
f 791/791 790/790 793/793
f 789/789 767/767 792/792
f 767/767 768/768 792/792
f 768/768 770/770 792/792
f 793/793 771/771 794/794
f 771/771 772/772 794/794
f 794/794 772/772 795/795
f 772/772 773/773 795/795
f 773/773 774/774 795/795
f 795/795 774/774 797/797
f 774/774 775/775 797/797
f 775/775 776/776 797/797
f 777/777 778/778 796/796
f 778/778 780/780 796/796
f 797/797 779/779 798/798
f 779/779 781/781 798/798
f 798/798 781/781 799/799
f 799/799 781/781 800/800
f 781/781 783/783 800/800
f 800/800 783/783 802/802
f 784/784 785/785 801/801
f 785/785 786/786 801/801
f 786/786 788/788 801/801
f 802/802 787/787 803/803
f 787/787 790/790 803/803
f 790/790 791/791 803/803
f 803/803 791/791 804/804
f 804/804 791/791 805/805
f 791/791 793/793 805/805
f 805/805 793/793 806/806
f 793/793 794/794 806/806
f 794/794 795/795 806/806
f 806/806 795/795 807/807
f 795/795 797/797 807/807
f 797/797 798/798 807/807
f 798/798 799/799 807/807
f 807/807 799/799 808/808
f 808/808 799/799 809/809
f 799/799 800/800 809/809
f 800/800 802/802 809/809
f 802/802 803/803 809/809
f 803/803 804/804 809/809
f 809/809 804/804 810/810
f 804/804 805/805 810/810
f 805/805 806/806 810/810
f 806/806 807/807 810/810
f 807/807 808/808 810/810
f 811/811 812/812 813/813
f 812/812 814/814 813/813
f 813/813 814/814 816/816
f 814/814 812/812 816/816
f 816/816 812/812 818/818
f 812/812 811/811 818/818
f 818/818 811/811 819/819
f 811/811 823/823 819/819
f 821/821 822/822 824/824
f 826/826 825/825 828/828
f 824/824 822/822 827/827
f 823/823 811/811 829/829
f 811/811 813/813 829/829
f 829/829 813/813 830/830
f 813/813 816/816 830/830
f 815/815 817/817 831/831
f 817/817 820/820 831/831
f 820/820 825/825 831/831
f 825/825 826/826 831/831
f 833/833 834/834 837/837
f 837/837 834/834 838/838
f 838/838 834/834 839/839
f 834/834 833/833 839/839
f 841/841 832/832 842/842
f 832/832 845/845 842/842
f 843/843 844/844 847/847
f 845/845 832/832 846/846
f 832/832 835/835 846/846
f 847/847 836/836 848/848
f 848/848 836/836 849/849
f 837/837 838/838 850/850
f 838/838 851/851 850/850
f 850/850 851/851 852/852
f 852/852 851/851 854/854
f 851/851 838/838 854/854
f 838/838 839/839 854/854
f 854/854 839/839 855/855
f 840/840 843/843 856/856
f 843/843 847/847 856/856
f 847/847 848/848 856/856
f 856/856 848/848 857/857
f 857/857 848/848 859/859
f 848/848 849/849 859/859
f 850/850 852/852 858/858
f 852/852 854/854 858/858
f 853/853 856/856 859/859
f 860/860 861/861 862/862
f 861/861 865/865 862/862
f 864/864 866/866 863/863
f 863/863 866/866 868/868
f 868/868 866/866 869/869
f 869/869 866/866 870/870
f 870/870 866/866 871/871
f 866/866 864/864 871/871
f 871/871 864/864 872/872
f 873/873 865/865 874/874
f 865/865 861/861 874/874
f 874/874 861/861 875/875
f 875/875 861/861 876/876
f 877/877 876/876 878/878
f 876/876 861/861 878/878
f 861/861 860/860 878/878
f 879/879 878/878 880/880
f 878/878 860/860 880/880
f 860/860 862/862 880/880
f 862/862 867/867 880/880
f 880/880 867/867 881/881
f 882/882 868/868 883/883
f 868/868 869/869 883/883
f 883/883 869/869 884/884
f 884/884 869/869 885/885
f 869/869 870/870 885/885
f 885/885 870/870 886/886
f 870/870 871/871 886/886
f 886/886 871/871 887/887
f 871/871 872/872 887/887
f 887/887 872/872 888/888
f 888/888 872/872 889/889
f 873/873 874/874 890/890
f 874/874 875/875 890/890
f 875/875 876/876 890/890
f 890/890 876/876 891/891
f 876/876 877/877 891/891
f 891/891 877/877 892/892
f 893/893 894/894 895/895
f 895/895 894/894 896/896
f 896/896 894/894 897/897
f 894/894 893/893 897/897
f 897/897 893/893 898/898
f 898/898 893/893 899/899
f 893/893 892/892 899/899
f 900/900 899/899 901/901
f 899/899 892/892 901/901
f 892/892 877/877 901/901
f 901/901 877/877 902/902
f 877/877 878/878 902/902
f 904/904 903/903 905/905
f 905/905 903/903 906/906
f 902/902 878/878 907/907
f 878/878 879/879 907/907
f 879/879 880/880 907/907
f 880/880 881/881 907/907
f 907/907 881/881 908/908
f 882/882 883/883 910/910
f 910/910 883/883 911/911
f 883/883 884/884 911/911
f 884/884 885/885 911/911
f 911/911 885/885 912/912
f 885/885 886/886 912/912
f 912/912 886/886 913/913
f 913/913 886/886 915/915
f 886/886 887/887 915/915
f 887/887 888/888 915/915
f 888/888 889/889 915/915
f 914/914 890/890 917/917
f 917/917 890/890 918/918
f 918/918 890/890 919/919
f 890/890 891/891 919/919
f 891/891 892/892 919/919
f 919/919 892/892 920/920
f 892/892 893/893 920/920
f 893/893 895/895 920/920
f 920/920 895/895 921/921
f 895/895 896/896 921/921
f 921/921 896/896 922/922
f 896/896 897/897 922/922
f 923/923 924/924 925/925
f 924/924 922/922 925/925
f 922/922 897/897 925/925
f 897/897 898/898 925/925
f 898/898 899/899 925/925
f 899/899 900/900 925/925
f 925/925 900/900 926/926
f 926/926 900/900 927/927
f 900/900 901/901 927/927
f 901/901 902/902 927/927
f 903/903 904/904 928/928
f 928/928 904/904 929/929
f 929/929 904/904 930/930
f 930/930 904/904 931/931
f 904/904 905/905 931/931
f 931/931 905/905 932/932
f 932/932 905/905 933/933
f 905/905 906/906 933/933
f 906/906 909/909 933/933
f 910/910 911/911 935/935
f 935/935 911/911 937/937
f 937/937 911/911 939/939
f 911/911 912/912 939/939
f 939/939 912/912 940/940
f 912/912 913/913 940/940
f 913/913 916/916 940/940
f 917/917 918/918 941/941
f 942/942 941/941 943/943
f 941/941 918/918 943/943
f 918/918 919/919 943/943
f 919/919 920/920 943/943
f 920/920 921/921 943/943
f 943/943 921/921 944/944
f 921/921 922/922 944/944
f 922/922 924/924 944/944
f 944/944 924/924 945/945
f 924/924 923/923 945/945
f 945/945 923/923 946/946
f 923/923 925/925 946/946
f 946/946 925/925 947/947
f 947/947 925/925 948/948
f 925/925 926/926 948/948
f 926/926 927/927 948/948
f 928/928 929/929 949/949
f 929/929 930/930 949/949
f 949/949 930/930 950/950
f 950/950 930/930 951/951
f 930/930 931/931 951/951
f 931/931 932/932 951/951
f 951/951 932/932 952/952
f 952/952 932/932 953/953
f 932/932 933/933 953/953
f 953/953 933/933 954/954
f 934/934 936/936 955/955
f 936/936 938/938 955/955
f 938/938 941/941 955/955
f 941/941 942/942 955/955
f 955/955 942/942 957/957
f 942/942 943/943 957/957
f 943/943 944/944 957/957
f 944/944 945/945 957/957
f 945/945 946/946 957/957
f 957/957 946/946 959/959
f 946/946 947/947 959/959
f 959/959 947/947 960/960
f 947/947 948/948 960/960
f 961/961 949/949 962/962
f 949/949 950/950 962/962
f 950/950 951/951 962/962
f 951/951 952/952 962/962
f 962/962 952/952 963/963
f 952/952 953/953 963/963
f 953/953 954/954 963/963
f 954/954 956/956 963/963
f 956/956 958/958 963/963
f 958/958 961/961 963/963
f 964/964 966/966 967/967
f 968/968 965/965 969/969
f 971/971 969/969 972/972
f 969/969 965/965 972/972
f 972/972 965/965 973/973
f 973/973 965/965 975/975
f 966/966 964/964 974/974
f 976/976 975/975 977/977
f 974/974 964/964 978/978
f 978/978 964/964 979/979
f 964/964 967/967 979/979
f 968/968 969/969 981/981
f 981/981 969/969 983/983
f 969/969 971/971 983/983
f 970/970 986/986 982/982
f 987/987 985/985 988/988
f 982/982 986/986 989/989
f 989/989 986/986 990/990
f 986/986 970/970 990/990
f 990/990 970/970 991/991
f 971/971 972/972 992/992
f 972/972 973/973 992/992
f 992/992 973/973 995/995
f 995/995 973/973 996/996
f 973/973 975/975 996/996
f 975/975 976/976 996/996
f 996/996 976/976 997/997
f 976/976 977/977 997/997
f 977/977 980/980 997/997
f 997/997 980/980 998/998
f 980/980 984/984 998/998
f 985/985 987/987 999/999
f 999/999 987/987 1000/1000
f 1000/1000 987/987 1002/1002
f 987/987 988/988 1002/1002
f 989/989 990/990 1001/1001
f 990/990 991/991 1001/1001
f 991/991 993/993 1001/1001
f 1002/1002 994/994 1004/1004
f 995/995 996/996 1003/1003
f 996/996 997/997 1003/1003
f 997/997 998/998 1003/1003
f 999/999 1000/1000 1004/1004
f 1006/1006 1008/1008 1009/1009
f 1009/1009 1008/1008 1010/1010
f 1015/1015 1011/1011 1016/1016
f 1011/1011 1007/1007 1016/1016
f 1016/1016 1007/1007 1017/1017
f 1017/1017 1007/1007 1018/1018
f 1007/1007 1005/1005 1018/1018
f 1019/1019 1018/1018 1020/1020
f 1018/1018 1005/1005 1020/1020
f 1020/1020 1005/1005 1022/1022
f 1006/1006 1009/1009 1021/1021
f 1009/1009 1010/1010 1021/1021
f 1023/1023 1011/1011 1025/1025
f 1011/1011 1015/1015 1025/1025
f 1012/1012 1029/1029 1024/1024
f 1031/1031 1027/1027 1032/1032
f 1027/1027 1028/1028 1032/1032
f 1032/1032 1028/1028 1033/1033
f 1028/1028 1013/1013 1033/1033
f 1034/1034 1014/1014 1035/1035
f 1015/1015 1016/1016 1037/1037
f 1016/1016 1017/1017 1037/1037
f 1037/1037 1017/1017 1038/1038
f 1038/1038 1017/1017 1039/1039
f 1017/1017 1018/1018 1039/1039
f 1018/1018 1019/1019 1039/1039
f 1039/1039 1019/1019 1040/1040
f 1019/1019 1020/1020 1040/1040
f 1020/1020 1022/1022 1040/1040
f 1042/1042 1023/1023 1044/1044
f 1023/1023 1025/1025 1044/1044
f 1026/1026 1030/1030 1043/1043
f 1046/1046 1031/1031 1048/1048
f 1048/1048 1031/1031 1049/1049
f 1031/1031 1032/1032 1049/1049
f 1032/1032 1033/1033 1049/1049
f 1033/1033 1036/1036 1049/1049
f 1037/1037 1038/1038 1050/1050
f 1050/1050 1038/1038 1051/1051
f 1038/1038 1039/1039 1051/1051
f 1039/1039 1040/1040 1051/1051
f 1041/1041 1045/1045 1053/1053
f 1045/1045 1047/1047 1053/1053
f 1054/1054 1055/1055 1056/1056
f 1056/1056 1055/1055 1057/1057
f 1060/1060 1058/1058 1061/1061
f 1062/1062 1057/1057 1063/1063
f 1057/1057 1055/1055 1063/1063
f 1063/1063 1055/1055 1064/1064
f 1055/1055 1054/1054 1064/1064
f 1064/1064 1054/1054 1065/1065
f 1054/1054 1056/1056 1065/1065
f 1056/1056 1057/1057 1065/1065
f 1057/1057 1059/1059 1065/1065
f 1066/1066 1060/1060 1068/1068
f 1060/1060 1061/1061 1068/1068
f 1068/1068 1061/1061 1069/1069
f 1062/1062 1063/1063 1070/1070
f 1070/1070 1063/1063 1072/1072
f 1063/1063 1064/1064 1072/1072
f 1064/1064 1065/1065 1072/1072
f 1065/1065 1067/1067 1072/1072
f 1074/1074 1076/1076 1077/1077
f 1078/1078 1075/1075 1079/1079
f 1075/1075 1083/1083 1079/1079
f 1081/1081 1082/1082 1084/1084
f 1084/1084 1082/1082 1085/1085
f 1086/1086 1085/1085 1087/1087
f 1085/1085 1082/1082 1087/1087
f 1088/1088 1083/1083 1089/1089
f 1083/1083 1075/1075 1089/1089
f 1089/1089 1075/1075 1090/1090
f 1075/1075 1073/1073 1090/1090
f 1091/1091 1074/1074 1092/1092
f 1074/1074 1077/1077 1092/1092
f 1093/1093 1092/1092 1094/1094
f 1092/1092 1077/1077 1094/1094
f 1077/1077 1080/1080 1094/1094
f 1095/1095 1094/1094 1096/1096
f 1094/1094 1080/1080 1096/1096
f 1096/1096 1080/1080 1097/1097
f 1097/1097 1080/1080 1098/1098
f 1081/1081 1084/1084 1099/1099
f 1099/1099 1084/1084 1101/1101
f 1084/1084 1085/1085 1101/1101
f 1085/1085 1086/1086 1101/1101
f 1086/1086 1087/1087 1101/1101
f 1101/1101 1087/1087 1103/1103
f 1088/1088 1089/1089 1102/1102
f 1089/1089 1090/1090 1102/1102
f 1091/1091 1092/1092 1104/1104
f 1104/1104 1092/1092 1105/1105
f 1092/1092 1093/1093 1105/1105
f 1105/1105 1093/1093 1106/1106
f 1093/1093 1094/1094 1106/1106
f 1094/1094 1095/1095 1106/1106
f 1106/1106 1095/1095 1107/1107
f 1095/1095 1096/1096 1107/1107
f 1096/1096 1097/1097 1107/1107
f 1107/1107 1097/1097 1108/1108
f 1097/1097 1098/1098 1108/1108
f 1098/1098 1100/1100 1108/1108
f 1108/1108 1100/1100 1109/1109
f 1100/1100 1104/1104 1109/1109
f 1104/1104 1105/1105 1109/1109
f 1105/1105 1106/1106 1109/1109
f 1106/1106 1107/1107 1109/1109
f 1111/1111 1112/1112 1114/1114
f 1114/1114 1112/1112 1115/1115
f 1112/1112 1111/1111 1115/1115
f 1111/1111 1121/1121 1115/1115
f 1122/1122 1118/1118 1124/1124
f 1118/1118 1119/1119 1124/1124
f 1124/1124 1119/1119 1125/1125
f 1126/1126 1120/1120 1128/1128
f 1121/1121 1111/1111 1127/1127
f 1110/1110 1113/1113 1129/1129
f 1129/1129 1113/1113 1130/1130
f 1131/1131 1130/1130 1132/1132
f 1130/1130 1113/1113 1132/1132
f 1113/1113 1116/1116 1132/1132
f 1133/1133 1117/1117 1135/1135
f 1118/1118 1122/1122 1134/1134
f 1122/1122 1124/1124 1134/1134
f 1123/1123 1126/1126 1136/1136
f 1136/1136 1126/1126 1137/1137
f 1126/1126 1128/1128 1137/1137
f 1137/1137 1128/1128 1139/1139
f 1129/1129 1130/1130 1138/1138
f 1130/1130 1131/1131 1138/1138
f 1131/1131 1132/1132 1138/1138
f 1133/1133 1135/1135 1140/1140
f 1141/1141 1143/1143 1144/1144
f 1143/1143 1146/1146 1144/1144
f 1144/1144 1146/1146 1147/1147
f 1146/1146 1148/1148 1147/1147
f 1147/1147 1148/1148 1149/1149
f 1150/1150 1149/1149 1152/1152
f 1152/1152 1149/1149 1154/1154
f 1149/1149 1148/1148 1154/1154
f 1154/1154 1148/1148 1155/1155
f 1148/1148 1146/1146 1155/1155
f 1156/1156 1145/1145 1157/1157
f 1145/1145 1142/1142 1157/1157
f 1158/1158 1157/1157 1159/1159
f 1157/1157 1142/1142 1159/1159
f 1143/1143 1141/1141 1160/1160
f 1160/1160 1141/1141 1161/1161
f 1141/1141 1144/1144 1161/1161
f 1144/1144 1147/1147 1161/1161
f 1161/1161 1147/1147 1162/1162
f 1162/1162 1147/1147 1163/1163
f 1147/1147 1149/1149 1163/1163
f 1149/1149 1150/1150 1163/1163
f 1163/1163 1150/1150 1164/1164
f 1150/1150 1152/1152 1164/1164
f 1165/1165 1151/1151 1166/1166
f 1166/1166 1151/1151 1167/1167
f 1151/1151 1153/1153 1167/1167
f 1153/1153 1156/1156 1167/1167
f 1156/1156 1157/1157 1167/1167
f 1157/1157 1158/1158 1167/1167
f 1167/1167 1158/1158 1168/1168
f 1158/1158 1159/1159 1168/1168
f 1160/1160 1161/1161 1169/1169
f 1169/1169 1161/1161 1170/1170
f 1161/1161 1162/1162 1170/1170
f 1170/1170 1162/1162 1171/1171
f 1162/1162 1163/1163 1171/1171
f 1163/1163 1164/1164 1171/1171
f 1165/1165 1166/1166 1172/1172
f 1172/1172 1166/1166 1173/1173
f 1166/1166 1167/1167 1173/1173
f 1167/1167 1168/1168 1173/1173
f 1169/1169 1170/1170 1174/1174
f 1176/1176 1177/1177 1178/1178
f 1177/1177 1181/1181 1178/1178
f 1180/1180 1182/1182 1179/1179
f 1179/1179 1182/1182 1184/1184
f 1184/1184 1182/1182 1185/1185
f 1182/1182 1180/1180 1185/1185
f 1188/1188 1181/1181 1189/1189
f 1181/1181 1177/1177 1189/1189
f 1177/1177 1176/1176 1189/1189
f 1190/1190 1175/1175 1191/1191
f 1176/1176 1178/1178 1192/1192
f 1192/1192 1178/1178 1194/1194
f 1179/1179 1184/1184 1193/1193
f 1195/1195 1183/1183 1196/1196
f 1197/1197 1196/1196 1199/1199
f 1196/1196 1183/1183 1199/1199
f 1183/1183 1186/1186 1199/1199
f 1199/1199 1186/1186 1200/1200
f 1187/1187 1190/1190 1202/1202
f 1190/1190 1191/1191 1202/1202
f 1202/1202 1191/1191 1203/1203
f 1205/1205 1192/1192 1207/1207
f 1192/1192 1194/1194 1207/1207
f 1195/1195 1196/1196 1206/1206
f 1196/1196 1197/1197 1206/1206
f 1197/1197 1199/1199 1206/1206
f 1198/1198 1201/1201 1208/1208
f 1210/1210 1211/1211 1215/1215
f 1211/1211 1216/1216 1215/1215
f 1215/1215 1216/1216 1217/1217
f 1219/1219 1218/1218 1220/1220
f 1220/1220 1218/1218 1222/1222
f 1217/1217 1216/1216 1221/1221
f 1216/1216 1211/1211 1221/1221
f 1211/1211 1210/1210 1221/1221
f 1224/1224 1209/1209 1226/1226
f 1226/1226 1209/1209 1227/1227
f 1227/1227 1209/1209 1228/1228
f 1209/1209 1212/1212 1228/1228
f 1230/1230 1213/1213 1231/1231
f 1214/1214 1218/1218 1233/1233
f 1218/1218 1219/1219 1233/1233
f 1219/1219 1220/1220 1233/1233
f 1233/1233 1220/1220 1234/1234
f 1220/1220 1222/1222 1234/1234
f 1223/1223 1225/1225 1235/1235
f 1235/1235 1225/1225 1236/1236
f 1236/1236 1225/1225 1238/1238
f 1226/1226 1227/1227 1237/1237
f 1227/1227 1228/1228 1237/1237
f 1238/1238 1229/1229 1239/1239
f 1229/1229 1232/1232 1239/1239
f 1232/1232 1235/1235 1239/1239
f 1235/1235 1236/1236 1239/1239
f 1242/1242 1244/1244 1245/1245
f 1245/1245 1244/1244 1246/1246
f 1247/1247 1248/1248 1249/1249
f 1248/1248 1246/1246 1249/1249
f 1246/1246 1244/1244 1249/1249
f 1251/1251 1250/1250 1253/1253
f 1250/1250 1243/1243 1253/1253
f 1243/1243 1240/1240 1253/1253
f 1241/1241 1255/1255 1252/1252
f 1253/1253 1254/1254 1256/1256
f 1255/1255 1241/1241 1257/1257
f 1257/1257 1241/1241 1258/1258
f 1242/1242 1245/1245 1260/1260
f 1245/1245 1246/1246 1260/1260
f 1246/1246 1248/1248 1260/1260
f 1260/1260 1248/1248 1262/1262
f 1248/1248 1247/1247 1262/1262
f 1262/1262 1247/1247 1263/1263
f 1247/1247 1249/1249 1263/1263
f 1250/1250 1251/1251 1264/1264
f 1264/1264 1251/1251 1265/1265
f 1265/1265 1251/1251 1267/1267
f 1251/1251 1253/1253 1267/1267
f 1253/1253 1256/1256 1267/1267
f 1256/1256 1259/1259 1267/1267
f 1260/1260 1262/1262 1266/1266
f 1261/1261 1264/1264 1267/1267
f 1269/1269 1270/1270 1271/1271
f 1273/1273 1275/1275 1276/1276
f 1275/1275 1271/1271 1276/1276
f 1271/1271 1270/1270 1276/1276
f 1276/1276 1270/1270 1277/1277
f 1277/1277 1270/1270 1278/1278
f 1279/1279 1278/1278 1280/1280
f 1278/1278 1270/1270 1280/1280
f 1280/1280 1270/1270 1281/1281
f 1270/1270 1269/1269 1281/1281
f 1281/1281 1269/1269 1282/1282
f 1284/1284 1283/1283 1286/1286
f 1282/1282 1269/1269 1285/1285
f 1286/1286 1268/1268 1287/1287
f 1287/1287 1268/1268 1289/1289
f 1269/1269 1271/1271 1288/1288
f 1271/1271 1275/1275 1288/1288
f 1289/1289 1274/1274 1290/1290
f 1290/1290 1274/1274 1291/1291
f 1274/1274 1272/1272 1291/1291
f 1291/1291 1272/1272 1292/1292
f 1293/1293 1273/1273 1294/1294
f 1294/1294 1273/1273 1295/1295
f 1273/1273 1276/1276 1295/1295
f 1276/1276 1277/1277 1295/1295
f 1295/1295 1277/1277 1296/1296
f 1277/1277 1278/1278 1296/1296
f 1296/1296 1278/1278 1297/1297
f 1278/1278 1279/1279 1297/1297
f 1297/1297 1279/1279 1298/1298
f 1298/1298 1279/1279 1299/1299
f 1279/1279 1280/1280 1299/1299
f 1300/1300 1299/1299 1301/1301
f 1299/1299 1280/1280 1301/1301
f 1280/1280 1281/1281 1301/1301
f 1281/1281 1282/1282 1301/1301
f 1302/1302 1283/1283 1303/1303
f 1283/1283 1284/1284 1303/1303
f 1304/1304 1303/1303 1305/1305
f 1303/1303 1284/1284 1305/1305
f 1284/1284 1286/1286 1305/1305
f 1286/1286 1287/1287 1305/1305
f 1305/1305 1287/1287 1306/1306
f 1287/1287 1289/1289 1306/1306
f 1289/1289 1290/1290 1306/1306
f 1306/1306 1290/1290 1307/1307
f 1307/1307 1290/1290 1308/1308
f 1290/1290 1291/1291 1308/1308
f 1291/1291 1292/1292 1308/1308
f 1308/1308 1292/1292 1309/1309
f 1293/1293 1294/1294 1310/1310
f 1310/1310 1294/1294 1311/1311
f 1294/1294 1295/1295 1311/1311
f 1295/1295 1296/1296 1311/1311
f 1311/1311 1296/1296 1312/1312
f 1296/1296 1297/1297 1312/1312
f 1297/1297 1298/1298 1312/1312
f 1312/1312 1298/1298 1313/1313
f 1313/1313 1298/1298 1314/1314
f 1298/1298 1299/1299 1314/1314
f 1299/1299 1300/1300 1314/1314
f 1314/1314 1300/1300 1315/1315
f 1300/1300 1301/1301 1315/1315
f 1302/1302 1303/1303 1316/1316
f 1303/1303 1304/1304 1316/1316
f 1316/1316 1304/1304 1317/1317
f 1304/1304 1305/1305 1317/1317
f 1305/1305 1306/1306 1317/1317
f 1306/1306 1307/1307 1317/1317
f 1317/1317 1307/1307 1318/1318
f 1307/1307 1308/1308 1318/1318
f 1318/1318 1308/1308 1319/1319
f 1308/1308 1309/1309 1319/1319
f 1310/1310 1311/1311 1320/1320
f 1311/1311 1312/1312 1320/1320
f 1312/1312 1313/1313 1320/1320
f 1320/1320 1313/1313 1321/1321
f 1313/1313 1314/1314 1321/1321
f 1314/1314 1315/1315 1321/1321
f 1316/1316 1317/1317 1322/1322
f 1322/1322 1317/1317 1324/1324
f 1317/1317 1318/1318 1324/1324
f 1318/1318 1319/1319 1324/1324
f 1325/1325 1326/1326 1327/1327
f 1326/1326 1328/1328 1327/1327
f 1327/1327 1328/1328 1329/1329
f 1329/1329 1328/1328 1330/1330
f 1330/1330 1328/1328 1331/1331
f 1331/1331 1328/1328 1332/1332
f 1332/1332 1328/1328 1333/1333
f 1333/1333 1328/1328 1334/1334
f 1328/1328 1326/1326 1334/1334
f 1334/1334 1326/1326 1335/1335
f 1336/1336 1335/1335 1337/1337
f 1335/1335 1326/1326 1337/1337
f 1326/1326 1325/1325 1337/1337
f 1337/1337 1325/1325 1338/1338
f 1340/1340 1338/1338 1342/1342
f 1342/1342 1338/1338 1343/1343
f 1338/1338 1325/1325 1343/1343
f 1325/1325 1327/1327 1343/1343
f 1327/1327 1329/1329 1343/1343
f 1343/1343 1329/1329 1344/1344
f 1344/1344 1329/1329 1345/1345
f 1329/1329 1330/1330 1345/1345
f 1345/1345 1330/1330 1346/1346
f 1346/1346 1330/1330 1347/1347
f 1330/1330 1331/1331 1347/1347
f 1347/1347 1331/1331 1348/1348
f 1348/1348 1331/1331 1349/1349
f 1331/1331 1332/1332 1349/1349
f 1332/1332 1333/1333 1349/1349
f 1349/1349 1333/1333 1350/1350
f 1333/1333 1334/1334 1350/1350
f 1334/1334 1335/1335 1350/1350
f 1335/1335 1336/1336 1350/1350
f 1350/1350 1336/1336 1352/1352
f 1352/1352 1336/1336 1353/1353
f 1336/1336 1337/1337 1353/1353
f 1337/1337 1338/1338 1353/1353
f 1338/1338 1340/1340 1353/1353
f 1354/1354 1339/1339 1355/1355
f 1339/1339 1356/1356 1355/1355
f 1355/1355 1357/1357 1358/1358
f 1359/1359 1360/1360 1361/1361
f 1360/1360 1362/1362 1361/1361
f 1362/1362 1358/1358 1361/1361
f 1358/1358 1357/1357 1361/1361
f 1361/1361 1357/1357 1363/1363
f 1357/1357 1355/1355 1363/1363
f 1355/1355 1356/1356 1363/1363
f 1364/1364 1366/1366 1367/1367
f 1368/1368 1365/1365 1369/1369
f 1369/1369 1365/1365 1370/1370
f 1370/1370 1365/1365 1371/1371
f 1366/1366 1364/1364 1372/1372
f 1364/1364 1363/1363 1372/1372
f 1372/1372 1363/1363 1374/1374
f 1363/1363 1356/1356 1374/1374
f 1356/1356 1339/1339 1374/1374
f 1339/1339 1341/1341 1374/1374
f 1374/1374 1341/1341 1375/1375
f 1342/1342 1343/1343 1377/1377
f 1343/1343 1344/1344 1377/1377
f 1344/1344 1345/1345 1377/1377
f 1345/1345 1346/1346 1377/1377
f 1377/1377 1346/1346 1379/1379
f 1379/1379 1346/1346 1380/1380
f 1346/1346 1347/1347 1380/1380
f 1380/1380 1347/1347 1381/1381
f 1347/1347 1348/1348 1381/1381
f 1348/1348 1349/1349 1381/1381
f 1381/1381 1349/1349 1383/1383
f 1349/1349 1350/1350 1383/1383
f 1383/1383 1350/1350 1384/1384
f 1350/1350 1352/1352 1384/1384
f 1385/1385 1351/1351 1386/1386
f 1351/1351 1354/1354 1386/1386
f 1354/1354 1355/1355 1386/1386
f 1355/1355 1358/1358 1386/1386
f 1386/1386 1358/1358 1387/1387
f 1387/1387 1358/1358 1388/1388
f 1358/1358 1362/1362 1388/1388
f 1388/1388 1362/1362 1389/1389
f 1389/1389 1362/1362 1390/1390
f 1362/1362 1360/1360 1390/1390
f 1390/1390 1360/1360 1391/1391
f 1360/1360 1359/1359 1391/1391
f 1391/1391 1359/1359 1392/1392
f 1359/1359 1361/1361 1392/1392
f 1361/1361 1363/1363 1392/1392
f 1363/1363 1364/1364 1392/1392
f 1392/1392 1364/1364 1393/1393
f 1364/1364 1367/1367 1393/1393
f 1394/1394 1368/1368 1395/1395
f 1368/1368 1369/1369 1395/1395
f 1369/1369 1370/1370 1395/1395
f 1396/1396 1395/1395 1397/1397
f 1395/1395 1370/1370 1397/1397
f 1397/1397 1370/1370 1398/1398
f 1370/1370 1371/1371 1398/1398
f 1371/1371 1373/1373 1398/1398
f 1373/1373 1376/1376 1398/1398
f 1398/1398 1376/1376 1399/1399
f 1376/1376 1378/1378 1399/1399
f 1400/1400 1379/1379 1402/1402
f 1379/1379 1380/1380 1402/1402
f 1380/1380 1381/1381 1402/1402
f 1402/1402 1381/1381 1403/1403
f 1381/1381 1383/1383 1403/1403
f 1403/1403 1383/1383 1404/1404
f 1382/1382 1385/1385 1405/1405
f 1385/1385 1386/1386 1405/1405
f 1386/1386 1387/1387 1405/1405
f 1405/1405 1387/1387 1406/1406
f 1387/1387 1388/1388 1406/1406
f 1406/1406 1388/1388 1407/1407
f 1388/1388 1389/1389 1407/1407
f 1389/1389 1408/1408 1407/1407
f 1407/1407 1408/1408 1409/1409
f 1411/1411 1410/1410 1413/1413
f 1409/1409 1408/1408 1412/1412
f 1408/1408 1389/1389 1412/1412
f 1389/1389 1390/1390 1412/1412
f 1390/1390 1391/1391 1412/1412
f 1391/1391 1392/1392 1412/1412
f 1392/1392 1393/1393 1412/1412
f 1394/1394 1395/1395 1413/1413
f 1413/1413 1395/1395 1414/1414
f 1395/1395 1396/1396 1414/1414
f 1415/1415 1414/1414 1416/1416
f 1414/1414 1396/1396 1416/1416
f 1416/1416 1396/1396 1417/1417
f 1396/1396 1397/1397 1417/1417
f 1397/1397 1398/1398 1417/1417
f 1398/1398 1399/1399 1417/1417
f 1417/1417 1399/1399 1418/1418
f 1399/1399 1401/1401 1418/1418
f 1418/1418 1401/1401 1419/1419
f 1402/1402 1403/1403 1420/1420
f 1420/1420 1403/1403 1421/1421
f 1403/1403 1404/1404 1421/1421
f 1405/1405 1406/1406 1423/1423
f 1423/1423 1406/1406 1424/1424
f 1406/1406 1407/1407 1424/1424
f 1407/1407 1409/1409 1424/1424
f 1424/1424 1409/1409 1425/1425
f 1410/1410 1411/1411 1426/1426
f 1426/1426 1411/1411 1427/1427
f 1411/1411 1413/1413 1427/1427
f 1413/1413 1414/1414 1427/1427
f 1414/1414 1415/1415 1427/1427
f 1427/1427 1415/1415 1428/1428
f 1415/1415 1416/1416 1428/1428
f 1416/1416 1417/1417 1428/1428
f 1417/1417 1418/1418 1428/1428
f 1418/1418 1419/1419 1428/1428
f 1419/1419 1422/1422 1428/1428
f 1423/1423 1424/1424 1429/1429
f 1424/1424 1425/1425 1429/1429
f 1430/1430 1431/1431 1432/1432
f 1432/1432 1431/1431 1433/1433
f 1436/1436 1434/1434 1437/1437
f 1438/1438 1433/1433 1440/1440
f 1433/1433 1431/1431 1440/1440
f 1440/1440 1431/1431 1441/1441
f 1431/1431 1430/1430 1441/1441
f 1441/1441 1430/1430 1442/1442
f 1430/1430 1432/1432 1442/1442
f 1432/1432 1433/1433 1442/1442
f 1433/1433 1435/1435 1442/1442
f 1443/1443 1436/1436 1445/1445
f 1436/1436 1437/1437 1445/1445
f 1445/1445 1437/1437 1446/1446
f 1437/1437 1439/1439 1446/1446
f 1447/1447 1440/1440 1449/1449
f 1440/1440 1441/1441 1449/1449
f 1441/1441 1442/1442 1449/1449
f 1442/1442 1444/1444 1449/1449
f 1451/1451 1455/1455 1456/1456
f 1452/1452 1458/1458 1457/1457
f 1457/1457 1458/1458 1459/1459
f 1458/1458 1461/1461 1459/1459
f 1461/1461 1462/1462 1459/1459
f 1463/1463 1460/1460 1464/1464
f 1459/1459 1462/1462 1465/1465
f 1465/1465 1462/1462 1467/1467
f 1467/1467 1462/1462 1468/1468
f 1462/1462 1461/1461 1468/1468
f 1461/1461 1458/1458 1468/1468
f 1458/1458 1452/1452 1468/1468
f 1470/1470 1453/1453 1471/1471
f 1472/1472 1454/1454 1473/1473
f 1454/1454 1450/1450 1473/1473
f 1473/1473 1450/1450 1474/1474
f 1474/1474 1450/1450 1475/1475
f 1451/1451 1456/1456 1476/1476
f 1476/1476 1456/1456 1478/1478
f 1456/1456 1460/1460 1478/1478
f 1460/1460 1463/1463 1478/1478
f 1478/1478 1463/1463 1480/1480
f 1463/1463 1464/1464 1480/1480
f 1465/1465 1467/1467 1479/1479
f 1481/1481 1466/1466 1483/1483
f 1467/1467 1468/1468 1482/1482
f 1469/1469 1472/1472 1483/1483
f 1472/1472 1484/1484 1483/1483
f 1483/1483 1484/1484 1485/1485
f 1484/1484 1472/1472 1485/1485
f 1485/1485 1472/1472 1486/1486
f 1472/1472 1473/1473 1486/1486
f 1473/1473 1474/1474 1486/1486
f 1474/1474 1475/1475 1486/1486
f 1475/1475 1477/1477 1486/1486
f 1486/1486 1477/1477 1487/1487
f 1477/1477 1481/1481 1487/1487
f 1481/1481 1483/1483 1487/1487
f 1483/1483 1485/1485 1487/1487
f 1488/1488 1489/1489 1490/1490
f 1491/1491 1490/1490 1493/1493
f 1493/1493 1490/1490 1495/1495
f 1490/1490 1489/1489 1495/1495
f 1495/1495 1489/1489 1497/1497
f 1489/1489 1488/1488 1497/1497
f 1497/1497 1488/1488 1499/1499
f 1488/1488 1500/1500 1499/1499
f 1499/1499 1500/1500 1502/1502
f 1502/1502 1500/1500 1503/1503
f 1503/1503 1500/1500 1504/1504
f 1500/1500 1488/1488 1504/1504
f 1488/1488 1490/1490 1504/1504
f 1490/1490 1491/1491 1504/1504
f 1504/1504 1491/1491 1505/1505
f 1505/1505 1491/1491 1506/1506
f 1491/1491 1493/1493 1506/1506
f 1507/1507 1492/1492 1508/1508
f 1492/1492 1494/1494 1508/1508
f 1494/1494 1496/1496 1508/1508
f 1496/1496 1498/1498 1508/1508
f 1498/1498 1501/1501 1508/1508
f 1508/1508 1501/1501 1509/1509
f 1509/1509 1501/1501 1510/1510
f 1502/1502 1503/1503 1511/1511
f 1503/1503 1504/1504 1511/1511
f 1511/1511 1504/1504 1512/1512
f 1504/1504 1505/1505 1512/1512
f 1512/1512 1505/1505 1513/1513
f 1513/1513 1505/1505 1514/1514
f 1505/1505 1506/1506 1514/1514
f 1507/1507 1508/1508 1515/1515
f 1508/1508 1509/1509 1515/1515
f 1515/1515 1509/1509 1516/1516
f 1509/1509 1510/1510 1516/1516
f 1517/1517 1511/1511 1518/1518
f 1511/1511 1512/1512 1518/1518
f 1512/1512 1513/1513 1518/1518
f 1513/1513 1514/1514 1518/1518
f 1520/1520 1521/1521 1522/1522
f 1521/1521 1524/1524 1522/1522
f 1527/1527 1523/1523 1529/1529
f 1529/1529 1523/1523 1530/1530
f 1522/1522 1524/1524 1531/1531
f 1531/1531 1524/1524 1534/1534
f 1524/1524 1521/1521 1534/1534
f 1521/1521 1520/1520 1534/1534
f 1534/1534 1520/1520 1535/1535
f 1520/1520 1539/1539 1535/1535
f 1536/1536 1537/1537 1540/1540
f 1541/1541 1538/1538 1542/1542
f 1542/1542 1538/1538 1545/1545
f 1538/1538 1519/1519 1545/1545
f 1520/1520 1522/1522 1544/1544
f 1523/1523 1527/1527 1543/1543
f 1545/1545 1525/1525 1546/1546
f 1546/1546 1525/1525 1547/1547
f 1526/1526 1528/1528 1548/1548
f 1548/1548 1528/1528 1550/1550
f 1529/1529 1530/1530 1549/1549
f 1530/1530 1532/1532 1549/1549
f 1533/1533 1536/1536 1550/1550
f 1536/1536 1540/1540 1550/1550
f 1550/1550 1540/1540 1551/1551
f 1551/1551 1540/1540 1552/1552
f 1541/1541 1542/1542 1553/1553
f 1542/1542 1545/1545 1553/1553
f 1553/1553 1545/1545 1554/1554
f 1545/1545 1546/1546 1554/1554
f 1554/1554 1546/1546 1555/1555
f 1555/1555 1546/1546 1556/1556
f 1546/1546 1547/1547 1556/1556
f 1548/1548 1550/1550 1557/1557
f 1550/1550 1551/1551 1557/1557
f 1557/1557 1551/1551 1558/1558
f 1551/1551 1552/1552 1558/1558
f 1559/1559 1553/1553 1560/1560
f 1553/1553 1554/1554 1560/1560
f 1554/1554 1555/1555 1560/1560
f 1555/1555 1556/1556 1560/1560
f 1562/1562 1563/1563 1565/1565
f 1565/1565 1563/1563 1566/1566
f 1566/1566 1563/1563 1567/1567
f 1563/1563 1562/1562 1567/1567
f 1568/1568 1567/1567 1569/1569
f 1567/1567 1562/1562 1569/1569
f 1570/1570 1561/1561 1571/1571
f 1561/1561 1564/1564 1571/1571
f 1571/1571 1564/1564 1572/1572
f 1565/1565 1566/1566 1573/1573
f 1566/1566 1574/1574 1573/1573
f 1573/1573 1574/1574 1576/1576
f 1576/1576 1574/1574 1577/1577
f 1577/1577 1574/1574 1578/1578
f 1574/1574 1566/1566 1578/1578
f 1566/1566 1567/1567 1578/1578
f 1567/1567 1568/1568 1578/1578
f 1578/1578 1568/1568 1579/1579
f 1579/1579 1568/1568 1580/1580
f 1568/1568 1569/1569 1580/1580
f 1570/1570 1571/1571 1581/1581
f 1581/1581 1571/1571 1582/1582
f 1571/1571 1572/1572 1582/1582
f 1572/1572 1575/1575 1582/1582
f 1582/1582 1575/1575 1583/1583
f 1583/1583 1575/1575 1584/1584
f 1576/1576 1577/1577 1585/1585
f 1577/1577 1578/1578 1585/1585
f 1585/1585 1578/1578 1586/1586
f 1578/1578 1579/1579 1586/1586
f 1586/1586 1579/1579 1587/1587
f 1587/1587 1579/1579 1588/1588
f 1579/1579 1580/1580 1588/1588
f 1581/1581 1582/1582 1589/1589
f 1582/1582 1583/1583 1589/1589
f 1589/1589 1583/1583 1590/1590
f 1583/1583 1584/1584 1590/1590
f 1591/1591 1585/1585 1592/1592
f 1585/1585 1586/1586 1592/1592
f 1586/1586 1587/1587 1592/1592
f 1587/1587 1588/1588 1592/1592
f 1594/1594 1595/1595 1596/1596
f 1598/1598 1600/1600 1601/1601
f 1600/1600 1597/1597 1601/1601
f 1601/1601 1597/1597 1603/1603
f 1596/1596 1595/1595 1602/1602
f 1595/1595 1594/1594 1602/1602
f 1604/1604 1593/1593 1605/1605
f 1605/1605 1593/1593 1607/1607
f 1594/1594 1596/1596 1606/1606
f 1596/1596 1599/1599 1606/1606
f 1607/1607 1600/1600 1608/1608
f 1600/1600 1598/1598 1608/1608
f 1609/1609 1608/1608 1610/1610
f 1608/1608 1598/1598 1610/1610
f 1613/1613 1611/1611 1615/1615
f 1610/1610 1598/1598 1614/1614
f 1598/1598 1601/1601 1614/1614
f 1601/1601 1603/1603 1614/1614
f 1616/1616 1604/1604 1617/1617
f 1604/1604 1605/1605 1617/1617
f 1617/1617 1605/1605 1618/1618
f 1605/1605 1607/1607 1618/1618
f 1618/1618 1607/1607 1619/1619
f 1607/1607 1608/1608 1619/1619
f 1608/1608 1609/1609 1619/1619
f 1619/1619 1609/1609 1621/1621
f 1609/1609 1610/1610 1621/1621
f 1611/1611 1613/1613 1620/1620
f 1612/1612 1623/1623 1622/1622
f 1622/1622 1623/1623 1625/1625
f 1625/1625 1623/1623 1627/1627
f 1623/1623 1612/1612 1627/1627
f 1613/1613 1615/1615 1626/1626
f 1616/1616 1617/1617 1628/1628
f 1617/1617 1618/1618 1628/1628
f 1628/1628 1618/1618 1630/1630
f 1618/1618 1619/1619 1630/1630
f 1619/1619 1621/1621 1630/1630
f 1621/1621 1624/1624 1630/1630
f 1631/1631 1633/1633 1634/1634
f 1632/1632 1636/1636 1635/1635
f 1638/1638 1635/1635 1639/1639
f 1635/1635 1636/1636 1639/1639
f 1639/1639 1636/1636 1640/1640
f 1640/1640 1636/1636 1641/1641
f 1636/1636 1632/1632 1641/1641
f 1642/1642 1633/1633 1643/1643
f 1633/1633 1631/1631 1643/1643
f 1631/1631 1644/1644 1643/1643
f 1643/1643 1644/1644 1645/1645
f 1645/1645 1644/1644 1646/1646
f 1647/1647 1646/1646 1648/1648
f 1646/1646 1644/1644 1648/1648
f 1648/1648 1644/1644 1649/1649
f 1644/1644 1631/1631 1649/1649
f 1649/1649 1631/1631 1650/1650
f 1631/1631 1634/1634 1650/1650
f 1634/1634 1637/1637 1650/1650
f 1650/1650 1637/1637 1651/1651
f 1653/1653 1652/1652 1654/1654
f 1652/1652 1638/1638 1654/1654
f 1654/1654 1638/1638 1655/1655
f 1638/1638 1639/1639 1655/1655
f 1639/1639 1640/1640 1655/1655
f 1655/1655 1640/1640 1656/1656
f 1656/1656 1640/1640 1657/1657
f 1640/1640 1641/1641 1657/1657
f 1642/1642 1643/1643 1658/1658
f 1643/1643 1645/1645 1658/1658
f 1658/1658 1645/1645 1659/1659
f 1659/1659 1645/1645 1660/1660
f 1645/1645 1646/1646 1660/1660
f 1646/1646 1647/1647 1660/1660
f 1660/1660 1647/1647 1661/1661
f 1661/1661 1647/1647 1662/1662
f 1647/1647 1648/1648 1662/1662
f 1662/1662 1648/1648 1663/1663
f 1648/1648 1649/1649 1663/1663
f 1649/1649 1650/1650 1663/1663
f 1650/1650 1651/1651 1663/1663
f 1652/1652 1653/1653 1664/1664
f 1665/1665 1664/1664 1666/1666
f 1664/1664 1653/1653 1666/1666
f 1666/1666 1653/1653 1667/1667
f 1653/1653 1654/1654 1667/1667
f 1667/1667 1654/1654 1668/1668
f 1654/1654 1655/1655 1668/1668
f 1655/1655 1656/1656 1668/1668
f 1668/1668 1656/1656 1669/1669
f 1669/1669 1656/1656 1670/1670
f 1656/1656 1657/1657 1670/1670
f 1671/1671 1658/1658 1672/1672
f 1658/1658 1659/1659 1672/1672
f 1672/1672 1659/1659 1673/1673
f 1673/1673 1659/1659 1674/1674
f 1659/1659 1660/1660 1674/1674
f 1660/1660 1661/1661 1674/1674
f 1674/1674 1661/1661 1675/1675
f 1661/1661 1662/1662 1675/1675
f 1675/1675 1662/1662 1676/1676
f 1662/1662 1663/1663 1676/1676
f 1664/1664 1665/1665 1677/1677
f 1677/1677 1665/1665 1679/1679
f 1679/1679 1665/1665 1680/1680
f 1665/1665 1666/1666 1680/1680
f 1680/1680 1666/1666 1681/1681
f 1666/1666 1667/1667 1681/1681
f 1667/1667 1668/1668 1681/1681
f 1668/1668 1669/1669 1681/1681
f 1681/1681 1669/1669 1682/1682
f 1669/1669 1670/1670 1682/1682
f 1671/1671 1672/1672 1683/1683
f 1683/1683 1672/1672 1684/1684
f 1672/1672 1673/1673 1684/1684
f 1684/1684 1673/1673 1685/1685
f 1673/1673 1674/1674 1685/1685
f 1674/1674 1675/1675 1685/1685
f 1675/1675 1676/1676 1685/1685
f 1676/1676 1678/1678 1685/1685
f 1685/1685 1678/1678 1687/1687
f 1679/1679 1680/1680 1686/1686
f 1680/1680 1681/1681 1686/1686
f 1681/1681 1682/1682 1686/1686
f 1683/1683 1684/1684 1687/1687
f 1688/1688 1689/1689 1691/1691
f 1691/1691 1689/1689 1692/1692
f 1689/1689 1694/1694 1692/1692
f 1694/1694 1696/1696 1692/1692
f 1695/1695 1697/1697 1693/1693
f 1693/1693 1697/1697 1699/1699
f 1699/1699 1697/1697 1700/1700
f 1697/1697 1695/1695 1700/1700
f 1696/1696 1694/1694 1701/1701
f 1701/1701 1694/1694 1703/1703
f 1694/1694 1689/1689 1703/1703
f 1703/1703 1689/1689 1705/1705
f 1689/1689 1688/1688 1705/1705
f 1705/1705 1688/1688 1707/1707
f 1688/1688 1691/1691 1707/1707
f 1707/1707 1691/1691 1708/1708
f 1710/1710 1690/1690 1712/1712
f 1690/1690 1693/1693 1712/1712
f 1693/1693 1699/1699 1712/1712
f 1712/1712 1699/1699 1713/1713
f 1714/1714 1698/1698 1717/1717
f 1699/1699 1700/1700 1716/1716
f 1701/1701 1703/1703 1715/1715
f 1718/1718 1702/1702 1720/1720
f 1703/1703 1705/1705 1719/1719
f 1720/1720 1704/1704 1722/1722
f 1705/1705 1707/1707 1721/1721
f 1722/1722 1706/1706 1724/1724
f 1707/1707 1708/1708 1723/1723
f 1724/1724 1709/1709 1726/1726
f 1710/1710 1712/1712 1725/1725
f 1727/1727 1711/1711 1728/1728
f 1711/1711 1714/1714 1728/1728
f 1728/1728 1714/1714 1730/1730
f 1730/1730 1714/1714 1731/1731
f 1714/1714 1717/1717 1731/1731
f 1718/1718 1720/1720 1733/1733
f 1733/1733 1720/1720 1736/1736
f 1720/1720 1722/1722 1736/1736
f 1736/1736 1722/1722 1738/1738
f 1722/1722 1724/1724 1738/1738
f 1738/1738 1724/1724 1739/1739
f 1724/1724 1726/1726 1739/1739
f 1741/1741 1727/1727 1744/1744
f 1727/1727 1728/1728 1744/1744
f 1744/1744 1728/1728 1745/1745
f 1728/1728 1730/1730 1745/1745
f 1746/1746 1729/1729 1747/1747
f 1747/1747 1729/1729 1748/1748
f 1729/1729 1732/1732 1748/1748
f 1732/1732 1734/1734 1748/1748
f 1748/1748 1734/1734 1749/1749
f 1735/1735 1737/1737 1750/1750
f 1750/1750 1737/1737 1751/1751
f 1737/1737 1740/1740 1751/1751
f 1751/1751 1740/1740 1752/1752
f 1740/1740 1742/1742 1752/1752
f 1753/1753 1743/1743 1755/1755
f 1743/1743 1746/1746 1755/1755
f 1755/1755 1746/1746 1757/1757
f 1746/1746 1747/1747 1757/1757
f 1757/1757 1747/1747 1759/1759
f 1759/1759 1747/1747 1762/1762
f 1747/1747 1748/1748 1762/1762
f 1748/1748 1749/1749 1762/1762
f 1762/1762 1749/1749 1763/1763
f 1750/1750 1751/1751 1765/1765
f 1765/1765 1751/1751 1767/1767
f 1751/1751 1752/1752 1767/1767
f 1767/1767 1752/1752 1768/1768
f 1752/1752 1754/1754 1768/1768
f 1768/1768 1754/1754 1770/1770
f 1754/1754 1756/1756 1770/1770
f 1770/1770 1756/1756 1771/1771
f 1756/1756 1758/1758 1771/1771
f 1773/1773 1772/1772 1775/1775
f 1771/1771 1758/1758 1774/1774
f 1758/1758 1760/1760 1774/1774
f 1776/1776 1761/1761 1777/1777
f 1777/1777 1761/1761 1779/1779
f 1762/1762 1763/1763 1778/1778
f 1779/1779 1764/1764 1781/1781
f 1765/1765 1767/1767 1780/1780
f 1782/1782 1766/1766 1784/1784
f 1767/1767 1768/1768 1783/1783
f 1768/1768 1770/1770 1783/1783
f 1785/1785 1769/1769 1787/1787
f 1770/1770 1771/1771 1786/1786
f 1772/1772 1773/1773 1787/1787
f 1787/1787 1773/1773 1788/1788
f 1790/1790 1788/1788 1791/1791
f 1788/1788 1773/1773 1791/1791
f 1773/1773 1775/1775 1791/1791
f 1791/1791 1775/1775 1792/1792
f 1776/1776 1777/1777 1793/1793
f 1793/1793 1777/1777 1794/1794
f 1794/1794 1777/1777 1795/1795
f 1777/1777 1779/1779 1795/1795
f 1779/1779 1781/1781 1795/1795
f 1795/1795 1781/1781 1797/1797
f 1782/1782 1784/1784 1796/1796
f 1798/1798 1785/1785 1799/1799
f 1785/1785 1787/1787 1799/1799
f 1787/1787 1788/1788 1799/1799
f 1799/1799 1788/1788 1801/1801
f 1788/1788 1790/1790 1801/1801
f 1801/1801 1790/1790 1802/1802
f 1803/1803 1789/1789 1804/1804
f 1805/1805 1790/1790 1807/1807
f 1790/1790 1791/1791 1807/1807
f 1807/1807 1791/1791 1808/1808
f 1791/1791 1792/1792 1808/1808
f 1809/1809 1793/1793 1811/1811
f 1793/1793 1794/1794 1811/1811
f 1794/1794 1795/1795 1811/1811
f 1811/1811 1795/1795 1813/1813
f 1795/1795 1797/1797 1813/1813
f 1813/1813 1797/1797 1814/1814
f 1798/1798 1799/1799 1816/1816
f 1799/1799 1801/1801 1816/1816
f 1816/1816 1801/1801 1817/1817
f 1800/1800 1803/1803 1819/1819
f 1819/1819 1803/1803 1821/1821
f 1821/1821 1803/1803 1823/1823
f 1803/1803 1804/1804 1823/1823
f 1823/1823 1804/1804 1825/1825
f 1825/1825 1804/1804 1826/1826
f 1804/1804 1806/1806 1826/1826
f 1826/1826 1806/1806 1829/1829
f 1807/1807 1808/1808 1828/1828
f 1809/1809 1811/1811 1827/1827
f 1830/1830 1810/1810 1832/1832
f 1811/1811 1813/1813 1831/1831
f 1833/1833 1812/1812 1835/1835
f 1813/1813 1814/1814 1834/1834
f 1815/1815 1818/1818 1836/1836
f 1836/1836 1818/1818 1838/1838
f 1819/1819 1821/1821 1837/1837
f 1839/1839 1820/1820 1840/1840
f 1840/1840 1820/1820 1841/1841
f 1820/1820 1822/1822 1841/1841
f 1822/1822 1824/1824 1841/1841
f 1841/1841 1824/1824 1842/1842
f 1842/1842 1824/1824 1844/1844
f 1825/1825 1826/1826 1843/1843
f 1826/1826 1829/1829 1843/1843
f 1830/1830 1832/1832 1846/1846
f 1846/1846 1832/1832 1847/1847
f 1832/1832 1836/1836 1847/1847
f 1836/1836 1838/1838 1847/1847
f 1848/1848 1839/1839 1849/1849
f 1839/1839 1840/1840 1849/1849
f 1849/1849 1840/1840 1851/1851
f 1851/1851 1840/1840 1852/1852
f 1840/1840 1841/1841 1852/1852
f 1841/1841 1842/1842 1852/1852
f 1856/1856 1854/1854 1857/1857
f 1857/1857 1854/1854 1858/1858
f 1852/1852 1842/1842 1860/1860
f 1860/1860 1842/1842 1861/1861
f 1842/1842 1844/1844 1861/1861
f 1845/1845 1848/1848 1862/1862
f 1862/1862 1848/1848 1863/1863
f 1848/1848 1849/1849 1863/1863
f 1863/1863 1849/1849 1864/1864
f 1849/1849 1851/1851 1864/1864
f 1865/1865 1850/1850 1866/1866
f 1850/1850 1853/1853 1866/1866
f 1853/1853 1855/1855 1866/1866
f 1866/1866 1855/1855 1867/1867
f 1856/1856 1857/1857 1868/1868
f 1868/1868 1857/1857 1869/1869
f 1857/1857 1858/1858 1869/1869
f 1859/1859 1862/1862 1870/1870
f 1870/1870 1862/1862 1871/1871
f 1862/1862 1863/1863 1871/1871
f 1863/1863 1864/1864 1871/1871
f 1873/1873 1865/1865 1874/1874
f 1865/1865 1866/1866 1874/1874
f 1866/1866 1867/1867 1874/1874
f 1874/1874 1867/1867 1875/1875
f 1868/1868 1869/1869 1876/1876
f 1869/1869 1872/1872 1876/1876
f 1877/1877 1878/1878 1880/1880
f 1880/1880 1878/1878 1882/1882
f 1882/1882 1878/1878 1883/1883
f 1883/1883 1878/1878 1884/1884
f 1884/1884 1878/1878 1885/1885
f 1878/1878 1877/1877 1885/1885
f 1885/1885 1877/1877 1886/1886
f 1886/1886 1877/1877 1887/1887
f 1887/1887 1877/1877 1888/1888
f 1888/1888 1877/1877 1889/1889
f 1877/1877 1880/1880 1889/1889
f 1890/1890 1879/1879 1891/1891
f 1891/1891 1879/1879 1892/1892
f 1879/1879 1881/1881 1892/1892
f 1892/1892 1881/1881 1893/1893
f 1893/1893 1881/1881 1894/1894
f 1895/1895 1882/1882 1897/1897
f 1882/1882 1883/1883 1897/1897
f 1883/1883 1884/1884 1897/1897
f 1897/1897 1884/1884 1898/1898
f 1884/1884 1885/1885 1898/1898
f 1898/1898 1885/1885 1899/1899
f 1885/1885 1886/1886 1899/1899
f 1899/1899 1886/1886 1900/1900
f 1886/1886 1887/1887 1900/1900
f 1900/1900 1887/1887 1901/1901
f 1887/1887 1888/1888 1901/1901
f 1888/1888 1889/1889 1901/1901
f 1902/1902 1890/1890 1903/1903
f 1890/1890 1891/1891 1903/1903
f 1903/1903 1891/1891 1904/1904
f 1904/1904 1891/1891 1905/1905
f 1891/1891 1892/1892 1905/1905
f 1892/1892 1893/1893 1905/1905
f 1905/1905 1893/1893 1906/1906
f 1893/1893 1894/1894 1906/1906
f 1906/1906 1907/1907 1908/1908
f 1907/1907 1909/1909 1908/1908
f 1908/1908 1909/1909 1910/1910
f 1909/1909 1911/1911 1910/1910
f 1912/1912 1910/1910 1913/1913
f 1910/1910 1911/1911 1913/1913
f 1913/1913 1911/1911 1914/1914
f 1911/1911 1915/1915 1914/1914
f 1914/1914 1915/1915 1916/1916
f 1918/1918 1919/1919 1920/1920
f 1919/1919 1916/1916 1920/1920
f 1916/1916 1915/1915 1920/1920
f 1920/1920 1915/1915 1921/1921
f 1915/1915 1911/1911 1921/1921
f 1911/1911 1909/1909 1921/1921
f 1921/1921 1909/1909 1922/1922
f 1909/1909 1907/1907 1922/1922
f 1907/1907 1906/1906 1922/1922
f 1906/1906 1894/1894 1922/1922
f 1894/1894 1896/1896 1922/1922
f 1922/1922 1896/1896 1923/1923
f 1923/1923 1896/1896 1924/1924
f 1897/1897 1898/1898 1925/1925
f 1925/1925 1898/1898 1926/1926
f 1898/1898 1899/1899 1926/1926
f 1926/1926 1899/1899 1927/1927
f 1899/1899 1900/1900 1927/1927
f 1927/1927 1900/1900 1928/1928
f 1900/1900 1901/1901 1928/1928
f 1928/1928 1901/1901 1929/1929
f 1930/1930 1902/1902 1932/1932
f 1902/1902 1903/1903 1932/1932
f 1903/1903 1904/1904 1932/1932
f 1904/1904 1905/1905 1932/1932
f 1932/1932 1905/1905 1934/1934
f 1905/1905 1906/1906 1934/1934
f 1906/1906 1908/1908 1934/1934
f 1934/1934 1908/1908 1935/1935
f 1935/1935 1908/1908 1936/1936
f 1908/1908 1910/1910 1936/1936
f 1910/1910 1912/1912 1936/1936
f 1936/1936 1912/1912 1937/1937
f 1912/1912 1913/1913 1937/1937
f 1913/1913 1914/1914 1937/1937
f 1914/1914 1916/1916 1937/1937
f 1937/1937 1916/1916 1938/1938
f 1940/1940 1939/1939 1942/1942
f 1938/1938 1916/1916 1941/1941
f 1916/1916 1919/1919 1941/1941
f 1919/1919 1918/1918 1941/1941
f 1942/1942 1917/1917 1943/1943
f 1917/1917 1944/1944 1943/1943
f 1943/1943 1944/1944 1945/1945
f 1945/1945 1944/1944 1946/1946
f 1946/1946 1944/1944 1947/1947
f 1944/1944 1917/1917 1947/1947
f 1918/1918 1920/1920 1948/1948
f 1920/1920 1921/1921 1948/1948
f 1921/1921 1922/1922 1948/1948
f 1922/1922 1923/1923 1948/1948
f 1948/1948 1923/1923 1949/1949
f 1923/1923 1924/1924 1949/1949
f 1950/1950 1925/1925 1951/1951
f 1925/1925 1926/1926 1951/1951
f 1926/1926 1927/1927 1951/1951
f 1951/1951 1927/1927 1952/1952
f 1927/1927 1928/1928 1952/1952
f 1952/1952 1928/1928 1953/1953
f 1928/1928 1929/1929 1953/1953
f 1929/1929 1931/1931 1953/1953
f 1931/1931 1933/1933 1953/1953
f 1953/1953 1933/1933 1954/1954
f 1934/1934 1935/1935 1955/1955
f 1955/1955 1935/1935 1956/1956
f 1935/1935 1936/1936 1956/1956
f 1936/1936 1937/1937 1956/1956
f 1937/1937 1938/1938 1956/1956
f 1957/1957 1939/1939 1958/1958
f 1939/1939 1940/1940 1958/1958
f 1958/1958 1940/1940 1959/1959
f 1940/1940 1942/1942 1959/1959
f 1942/1942 1943/1943 1959/1959
f 1943/1943 1945/1945 1959/1959
f 1959/1959 1945/1945 1960/1960
f 1960/1960 1945/1945 1961/1961
f 1945/1945 1962/1962 1961/1961
f 1961/1961 1962/1962 1963/1963
f 1962/1962 1945/1945 1963/1963
f 1945/1945 1946/1946 1963/1963
f 1946/1946 1947/1947 1963/1963
f 1947/1947 1950/1950 1963/1963
f 1963/1963 1950/1950 1964/1964
f 1950/1950 1951/1951 1964/1964
f 1951/1951 1952/1952 1964/1964
f 1964/1964 1952/1952 1965/1965
f 1952/1952 1953/1953 1965/1965
f 1953/1953 1954/1954 1965/1965
f 1965/1965 1954/1954 1966/1966
f 1954/1954 1957/1957 1966/1966
f 1957/1957 1958/1958 1966/1966
f 1966/1966 1958/1958 1967/1967
f 1958/1958 1959/1959 1967/1967
f 1959/1959 1960/1960 1967/1967
f 1960/1960 1961/1961 1967/1967
f 1967/1967 1961/1961 1968/1968
f 1961/1961 1963/1963 1968/1968
f 1968/1968 1963/1963 1969/1969
f 1963/1963 1964/1964 1969/1969
f 1964/1964 1965/1965 1969/1969
f 1965/1965 1966/1966 1969/1969
f 1966/1966 1967/1967 1969/1969
f 1970/1970 1972/1972 1973/1973
f 1974/1974 1971/1971 1975/1975
f 1975/1975 1971/1971 1976/1976
f 1980/1980 1977/1977 1983/1983
f 1977/1977 1972/1972 1983/1983
f 1983/1983 1972/1972 1984/1984
f 1972/1972 1970/1970 1984/1984
f 1970/1970 1973/1973 1984/1984
f 1986/1986 1974/1974 1988/1988
f 1974/1974 1975/1975 1988/1988
f 1988/1988 1975/1975 1990/1990
f 1975/1975 1976/1976 1990/1990
f 1976/1976 1978/1978 1990/1990
f 1990/1990 1978/1978 1991/1991
f 1992/1992 1979/1979 1994/1994
f 1980/1980 1983/1983 1993/1993
f 1995/1995 1981/1981 1998/1998
f 1982/1982 1985/1985 1997/1997
f 1986/1986 1988/1988 1996/1996
f 1998/1998 1987/1987 2000/2000
f 1988/1988 1990/1990 1999/1999
f 2001/2001 1989/1989 2002/2002
f 1989/1989 1992/1992 2002/2002
f 2002/2002 1992/1992 2004/2004
f 2004/2004 1992/1992 2005/2005
f 1992/1992 1994/1994 2005/2005
f 2007/2007 1995/1995 2008/2008
f 1995/1995 1998/1998 2008/2008
f 1998/1998 2000/2000 2008/2008
f 2008/2008 2000/2000 2009/2009
f 2001/2001 2002/2002 2011/2011
f 2011/2011 2002/2002 2012/2012
f 2002/2002 2004/2004 2012/2012
f 2013/2013 2003/2003 2014/2014
f 2014/2014 2003/2003 2016/2016
f 2004/2004 2005/2005 2015/2015
f 2016/2016 2006/2006 2018/2018
f 2007/2007 2008/2008 2017/2017
f 2008/2008 2009/2009 2017/2017
f 2019/2019 2010/2010 2021/2021
f 2011/2011 2012/2012 2020/2020
f 2022/2022 2013/2013 2023/2023
f 2013/2013 2014/2014 2023/2023
f 2027/2027 2023/2023 2029/2029
f 2023/2023 2014/2014 2029/2029
f 2029/2029 2014/2014 2030/2030
f 2014/2014 2016/2016 2030/2030
f 2016/2016 2018/2018 2030/2030
f 2032/2032 2019/2019 2034/2034
f 2019/2019 2021/2021 2034/2034
f 2034/2034 2021/2021 2036/2036
f 2022/2022 2023/2023 2035/2035
f 2023/2023 2027/2027 2035/2035
f 2037/2037 2024/2024 2038/2038
f 2039/2039 2025/2025 2040/2040
f 2040/2040 2025/2025 2041/2041
f 2026/2026 2028/2028 2042/2042
f 2042/2042 2028/2028 2044/2044
f 2028/2028 2031/2031 2044/2044
f 2031/2031 2033/2033 2044/2044
f 2044/2044 2033/2033 2045/2045
f 2033/2033 2037/2037 2045/2045
f 2037/2037 2038/2038 2045/2045
f 2046/2046 2039/2039 2048/2048
f 2039/2039 2040/2040 2048/2048
f 2048/2048 2040/2040 2050/2050
f 2050/2050 2040/2040 2052/2052
f 2040/2040 2041/2041 2052/2052
f 2041/2041 2043/2043 2052/2052
f 2052/2052 2043/2043 2054/2054
f 2044/2044 2045/2045 2053/2053
f 2057/2057 2046/2046 2058/2058
f 2046/2046 2048/2048 2058/2058
f 2059/2059 2047/2047 2060/2060
f 2047/2047 2049/2049 2060/2060
f 2060/2060 2049/2049 2061/2061
f 2049/2049 2051/2051 2061/2061
f 2061/2061 2051/2051 2062/2062
f 2051/2051 2055/2055 2062/2062
f 2062/2062 2055/2055 2063/2063
f 2056/2056 2059/2059 2064/2064
f 2064/2064 2059/2059 2065/2065
f 2059/2059 2060/2060 2065/2065
f 2065/2065 2060/2060 2067/2067
f 2060/2060 2061/2061 2067/2067
f 2067/2067 2061/2061 2069/2069
f 2061/2061 2062/2062 2069/2069
f 2069/2069 2062/2062 2070/2070
f 2062/2062 2063/2063 2070/2070
f 2072/2072 2064/2064 2075/2075
f 2064/2064 2065/2065 2075/2075
f 2075/2075 2065/2065 2076/2076
f 2065/2065 2067/2067 2076/2076
f 2077/2077 2066/2066 2078/2078
f 2066/2066 2068/2068 2078/2078
f 2078/2078 2068/2068 2079/2079
f 2068/2068 2071/2071 2079/2079
f 2079/2079 2071/2071 2080/2080
f 2071/2071 2073/2073 2080/2080
f 2084/2084 2080/2080 2085/2085
f 2080/2080 2073/2073 2085/2085
f 2074/2074 2077/2077 2086/2086
f 2086/2086 2077/2077 2087/2087
f 2077/2077 2078/2078 2087/2087
f 2087/2087 2078/2078 2089/2089
f 2078/2078 2079/2079 2089/2089
f 2089/2089 2079/2079 2090/2090
f 2079/2079 2080/2080 2090/2090
f 2080/2080 2084/2084 2090/2090
f 2091/2091 2081/2081 2092/2092
f 2081/2081 2094/2094 2092/2092
f 2092/2092 2094/2094 2095/2095
f 2096/2096 2093/2093 2097/2097
f 2093/2093 2082/2082 2097/2097
f 2083/2083 2086/2086 2098/2098
f 2086/2086 2087/2087 2098/2098
f 2098/2098 2087/2087 2099/2099
f 2087/2087 2089/2089 2099/2099
f 2101/2101 2088/2088 2102/2102
f 2088/2088 2091/2091 2102/2102
f 2091/2091 2092/2092 2102/2102
f 2092/2092 2095/2095 2102/2102
f 2103/2103 2096/2096 2104/2104
f 2096/2096 2097/2097 2104/2104
f 2097/2097 2100/2100 2104/2104
f 2105/2105 2106/2106 2107/2107
f 2106/2106 2110/2110 2107/2107
f 2108/2108 2109/2109 2111/2111
f 2114/2114 2110/2110 2117/2117
f 2110/2110 2106/2106 2117/2117
f 2117/2117 2106/2106 2118/2118
f 2106/2106 2105/2105 2118/2118
f 2105/2105 2107/2107 2118/2118
f 2118/2118 2107/2107 2119/2119
f 2108/2108 2111/2111 2121/2121
f 2121/2121 2111/2111 2122/2122
f 2123/2123 2112/2112 2125/2125
f 2113/2113 2115/2115 2124/2124
f 2126/2126 2116/2116 2128/2128
f 2117/2117 2118/2118 2127/2127
f 2118/2118 2119/2119 2127/2127
f 2129/2129 2120/2120 2130/2130
f 2120/2120 2123/2123 2130/2130
f 2130/2130 2123/2123 2132/2132
f 2132/2132 2123/2123 2133/2133
f 2123/2123 2125/2125 2133/2133
f 2135/2135 2126/2126 2136/2136
f 2126/2126 2128/2128 2136/2136
f 2129/2129 2130/2130 2137/2137
f 2137/2137 2130/2130 2139/2139
f 2130/2130 2132/2132 2139/2139
f 2139/2139 2132/2132 2140/2140
f 2141/2141 2131/2131 2143/2143
f 2132/2132 2133/2133 2142/2142
f 2144/2144 2134/2134 2147/2147
f 2135/2135 2136/2136 2146/2146
f 2137/2137 2139/2139 2145/2145
f 2149/2149 2138/2138 2150/2150
f 2138/2138 2141/2141 2150/2150
f 2150/2150 2141/2141 2152/2152
f 2152/2152 2141/2141 2155/2155
f 2141/2141 2143/2143 2155/2155
f 2143/2143 2148/2148 2155/2155
f 2155/2155 2148/2148 2156/2156
f 2149/2149 2150/2150 2158/2158
f 2158/2158 2150/2150 2159/2159
f 2150/2150 2152/2152 2159/2159
f 2162/2162 2160/2160 2163/2163
f 2160/2160 2151/2151 2163/2163
f 2165/2165 2164/2164 2167/2167
f 2163/2163 2151/2151 2166/2166
f 2151/2151 2153/2153 2166/2166
f 2154/2154 2157/2157 2168/2168
f 2168/2168 2157/2157 2169/2169
f 2157/2157 2160/2160 2169/2169
f 2160/2160 2162/2162 2169/2169
f 2171/2171 2161/2161 2172/2172
f 2161/2161 2164/2164 2172/2172
f 2164/2164 2165/2165 2172/2172
f 2172/2172 2165/2165 2175/2175
f 2175/2175 2165/2165 2177/2177
f 2177/2177 2165/2165 2178/2178
f 2165/2165 2167/2167 2178/2178
f 2167/2167 2170/2170 2178/2178
f 2178/2178 2170/2170 2180/2180
f 2171/2171 2172/2172 2179/2179
f 2172/2172 2175/2175 2179/2179
f 2180/2180 2173/2173 2181/2181
f 2182/2182 2174/2174 2183/2183
f 2174/2174 2176/2176 2183/2183
f 2183/2183 2176/2176 2184/2184
f 2184/2184 2176/2176 2186/2186
f 2177/2177 2178/2178 2185/2185
f 2178/2178 2180/2180 2185/2185
f 2180/2180 2181/2181 2185/2185
f 2187/2187 2182/2182 2188/2188
f 2182/2182 2183/2183 2188/2188
f 2188/2188 2183/2183 2189/2189
f 2183/2183 2184/2184 2189/2189
f 2192/2192 2194/2194 2195/2195
f 2194/2194 2191/2191 2195/2195
f 2189/2189 2184/2184 2196/2196
f 2196/2196 2184/2184 2197/2197
f 2184/2184 2186/2186 2197/2197
f 2187/2187 2188/2188 2199/2199
f 2199/2199 2188/2188 2200/2200
f 2188/2188 2189/2189 2200/2200
f 2190/2190 2193/2193 2201/2201
f 2201/2201 2193/2193 2202/2202
f 2202/2202 2193/2193 2203/2203
f 2194/2194 2192/2192 2204/2204
f 2204/2204 2192/2192 2206/2206
f 2192/2192 2195/2195 2206/2206
f 2196/2196 2197/2197 2205/2205
f 2198/2198 2201/2201 2207/2207
f 2201/2201 2202/2202 2207/2207
f 2208/2208 2210/2210 2211/2211
f 2209/2209 2213/2213 2212/2212
f 2215/2215 2217/2217 2218/2218
f 2217/2217 2212/2212 2218/2218
f 2212/2212 2213/2213 2218/2218
f 2218/2218 2213/2213 2219/2219
f 2213/2213 2209/2209 2219/2219
f 2219/2219 2209/2209 2220/2220
f 2210/2210 2208/2208 2222/2222
f 2222/2222 2208/2208 2225/2225
f 2225/2225 2208/2208 2227/2227
f 2208/2208 2211/2211 2227/2227
f 2227/2227 2211/2211 2229/2229
f 2211/2211 2216/2216 2229/2229
f 2229/2229 2216/2216 2230/2230
f 2216/2216 2214/2214 2230/2230
f 2215/2215 2218/2218 2231/2231
f 2231/2231 2218/2218 2234/2234
f 2218/2218 2219/2219 2234/2234
f 2234/2234 2219/2219 2235/2235
f 2219/2219 2220/2220 2235/2235
f 2237/2237 2221/2221 2239/2239
f 2222/2222 2225/2225 2238/2238
f 2240/2240 2223/2223 2241/2241
f 2242/2242 2224/2224 2244/2244
f 2225/2225 2227/2227 2243/2243
f 2245/2245 2226/2226 2247/2247
f 2227/2227 2229/2229 2246/2246
f 2248/2248 2228/2228 2250/2250
f 2229/2229 2230/2230 2249/2249
f 2230/2230 2232/2232 2249/2249
f 2250/2250 2233/2233 2251/2251
f 2233/2233 2236/2236 2251/2251
f 2251/2251 2236/2236 2252/2252
f 2237/2237 2239/2239 2253/2253
f 2253/2253 2239/2239 2254/2254
f 2240/2240 2241/2241 2256/2256
f 2256/2256 2241/2241 2257/2257
f 2259/2259 2242/2242 2260/2260
f 2242/2242 2244/2244 2260/2260
f 2262/2262 2245/2245 2263/2263
f 2245/2245 2247/2247 2263/2263
f 2265/2265 2248/2248 2266/2266
f 2248/2248 2250/2250 2266/2266
f 2250/2250 2251/2251 2266/2266
f 2266/2266 2251/2251 2268/2268
f 2251/2251 2252/2252 2268/2268
f 2268/2268 2252/2252 2270/2270
f 2253/2253 2254/2254 2269/2269
f 2271/2271 2255/2255 2273/2273
f 2256/2256 2257/2257 2272/2272
f 2276/2276 2280/2280 2281/2281
f 2280/2280 2274/2274 2281/2281
f 2274/2274 2258/2258 2281/2281
f 2281/2281 2258/2258 2283/2283
f 2259/2259 2260/2260 2282/2282
f 2283/2283 2261/2261 2285/2285
f 2262/2262 2263/2263 2284/2284
f 2285/2285 2264/2264 2287/2287
f 2265/2265 2266/2266 2286/2286
f 2266/2266 2268/2268 2286/2286
f 2288/2288 2267/2267 2289/2289
f 2267/2267 2271/2271 2289/2289
f 2289/2289 2271/2271 2290/2290
f 2271/2271 2273/2273 2290/2290
f 2273/2273 2277/2277 2290/2290
f 2291/2291 2278/2278 2292/2292
f 2294/2294 2279/2279 2295/2295
f 2279/2279 2275/2275 2295/2295
f 2295/2295 2275/2275 2296/2296
f 2276/2276 2281/2281 2297/2297
f 2281/2281 2283/2283 2297/2297
f 2297/2297 2283/2283 2299/2299
f 2283/2283 2285/2285 2299/2299
f 2299/2299 2285/2285 2300/2300
f 2285/2285 2287/2287 2300/2300
f 2288/2288 2289/2289 2302/2302
f 2302/2302 2289/2289 2303/2303
f 2289/2289 2290/2290 2303/2303
f 2304/2304 2291/2291 2305/2305
f 2305/2305 2291/2291 2306/2306
f 2291/2291 2292/2292 2306/2306
f 2307/2307 2293/2293 2308/2308
f 2308/2308 2293/2293 2309/2309
f 2294/2294 2295/2295 2310/2310
f 2310/2310 2295/2295 2312/2312
f 2295/2295 2296/2296 2312/2312
f 2312/2312 2296/2296 2313/2313
f 2296/2296 2298/2298 2313/2313
f 2313/2313 2298/2298 2314/2314
f 2298/2298 2301/2301 2314/2314
f 2301/2301 2304/2304 2314/2314
f 2304/2304 2305/2305 2314/2314
f 2314/2314 2305/2305 2315/2315
f 2305/2305 2306/2306 2315/2315
f 2317/2317 2307/2307 2319/2319
f 2307/2307 2308/2308 2319/2319
f 2319/2319 2308/2308 2320/2320
f 2320/2320 2308/2308 2321/2321
f 2308/2308 2309/2309 2321/2321
f 2321/2321 2309/2309 2322/2322
f 2309/2309 2311/2311 2322/2322
f 2312/2312 2313/2313 2323/2323
f 2323/2323 2313/2313 2324/2324
f 2313/2313 2314/2314 2324/2324
f 2314/2314 2315/2315 2324/2324
f 2325/2325 2316/2316 2326/2326
f 2316/2316 2318/2318 2326/2326
f 2326/2326 2318/2318 2328/2328
f 2319/2319 2320/2320 2327/2327
f 2331/2331 2329/2329 2332/2332
f 2327/2327 2320/2320 2334/2334
f 2334/2334 2320/2320 2336/2336
f 2320/2320 2321/2321 2336/2336
f 2336/2336 2321/2321 2337/2337
f 2321/2321 2322/2322 2337/2337
f 2337/2337 2322/2322 2338/2338
f 2322/2322 2325/2325 2338/2338
f 2338/2338 2325/2325 2339/2339
f 2325/2325 2326/2326 2339/2339
f 2339/2339 2326/2326 2340/2340
f 2326/2326 2328/2328 2340/2340
f 2328/2328 2330/2330 2340/2340
f 2341/2341 2331/2331 2342/2342
f 2344/2344 2347/2347 2348/2348
f 2347/2347 2342/2342 2348/2348
f 2342/2342 2331/2331 2348/2348
f 2348/2348 2331/2331 2349/2349
f 2331/2331 2332/2332 2349/2349
f 2350/2350 2333/2333 2351/2351
f 2333/2333 2335/2335 2351/2351
f 2351/2351 2335/2335 2352/2352
f 2336/2336 2337/2337 2353/2353
f 2337/2337 2338/2338 2353/2353
f 2353/2353 2338/2338 2355/2355
f 2338/2338 2339/2339 2355/2355
f 2355/2355 2339/2339 2356/2356
f 2339/2339 2340/2340 2356/2356
f 2341/2341 2342/2342 2357/2357
f 2357/2357 2342/2342 2358/2358
f 2342/2342 2347/2347 2358/2358
f 2358/2358 2347/2347 2359/2359
f 2360/2360 2361/2361 2362/2362
f 2362/2362 2361/2361 2363/2363
f 2361/2361 2360/2360 2363/2363
f 2360/2360 2345/2345 2363/2363
f 2346/2346 2343/2343 2364/2364
f 2364/2364 2343/2343 2365/2365
f 2365/2365 2343/2343 2366/2366
f 2366/2366 2343/2343 2367/2367
f 2344/2344 2348/2348 2368/2368
f 2348/2348 2349/2349 2368/2368
f 2368/2368 2349/2349 2369/2369
f 2350/2350 2351/2351 2372/2372
f 2372/2372 2351/2351 2373/2373
f 2351/2351 2352/2352 2373/2373
f 2352/2352 2354/2354 2373/2373
f 2373/2373 2354/2354 2374/2374
f 2354/2354 2357/2357 2374/2374
f 2357/2357 2358/2358 2374/2374
f 2374/2374 2358/2358 2375/2375
f 2358/2358 2359/2359 2375/2375
f 2360/2360 2362/2362 2376/2376
f 2376/2376 2362/2362 2377/2377
f 2362/2362 2363/2363 2377/2377
f 2377/2377 2363/2363 2379/2379
f 2364/2364 2365/2365 2378/2378
f 2365/2365 2366/2366 2378/2378
f 2366/2366 2367/2367 2378/2378
f 2367/2367 2370/2370 2378/2378
f 2379/2379 2371/2371 2381/2381
f 2372/2372 2373/2373 2380/2380
f 2373/2373 2374/2374 2380/2380
f 2374/2374 2375/2375 2380/2380
f 2376/2376 2377/2377 2381/2381
f 2382/2382 2383/2383 2384/2384
f 2384/2384 2383/2383 2385/2385
f 2383/2383 2382/2382 2385/2385
f 2386/2386 2388/2388 2389/2389
f 2387/2387 2385/2385 2390/2390
f 2385/2385 2382/2382 2390/2390
f 2390/2390 2382/2382 2391/2391
f 2382/2382 2384/2384 2391/2391
f 2391/2391 2384/2384 2392/2392
f 2384/2384 2385/2385 2392/2392
f 2385/2385 2387/2387 2392/2392
f 2393/2393 2388/2388 2395/2395
f 2388/2388 2386/2386 2395/2395
f 2395/2395 2386/2386 2396/2396
f 2386/2386 2389/2389 2396/2396
f 2397/2397 2390/2390 2399/2399
f 2390/2390 2391/2391 2399/2399
f 2391/2391 2392/2392 2399/2399
f 2392/2392 2394/2394 2399/2399
f 2401/2401 2402/2402 2403/2403
f 2402/2402 2406/2406 2403/2403
f 2404/2404 2405/2405 2407/2407
f 2407/2407 2405/2405 2408/2408
f 2409/2409 2406/2406 2410/2410
f 2410/2410 2406/2406 2411/2411
f 2406/2406 2402/2402 2411/2411
f 2402/2402 2412/2412 2411/2411
f 2411/2411 2412/2412 2413/2413
f 2414/2414 2413/2413 2415/2415
f 2413/2413 2412/2412 2415/2415
f 2415/2415 2412/2412 2416/2416
f 2412/2412 2402/2402 2416/2416
f 2402/2402 2401/2401 2416/2416
f 2401/2401 2418/2418 2416/2416
f 2416/2416 2418/2418 2419/2419
f 2419/2419 2418/2418 2420/2420
f 2422/2422 2421/2421 2423/2423
f 2421/2421 2417/2417 2423/2423
f 2423/2423 2417/2417 2424/2424
f 2424/2424 2417/2417 2425/2425
f 2417/2417 2400/2400 2425/2425
f 2400/2400 2404/2404 2425/2425
f 2425/2425 2404/2404 2426/2426
f 2404/2404 2407/2407 2426/2426
f 2426/2426 2407/2407 2427/2427
f 2407/2407 2408/2408 2427/2427
f 2427/2427 2408/2408 2428/2428
f 2409/2409 2410/2410 2429/2429
f 2429/2429 2410/2410 2430/2430
f 2410/2410 2411/2411 2430/2430
f 2411/2411 2413/2413 2430/2430
f 2430/2430 2413/2413 2431/2431
f 2413/2413 2414/2414 2431/2431
f 2431/2431 2414/2414 2432/2432
f 2432/2432 2414/2414 2433/2433
f 2414/2414 2415/2415 2433/2433
f 2433/2433 2415/2415 2434/2434
f 2415/2415 2416/2416 2434/2434
f 2416/2416 2419/2419 2434/2434
f 2434/2434 2419/2419 2435/2435
f 2419/2419 2420/2420 2435/2435
f 2436/2436 2421/2421 2437/2437
f 2421/2421 2422/2422 2437/2437
f 2437/2437 2422/2422 2438/2438
f 2422/2422 2423/2423 2438/2438
f 2423/2423 2424/2424 2438/2438
f 2438/2438 2424/2424 2439/2439
f 2424/2424 2425/2425 2439/2439
f 2425/2425 2426/2426 2439/2439
f 2439/2439 2426/2426 2440/2440
f 2426/2426 2427/2427 2440/2440
f 2441/2441 2440/2440 2442/2442
f 2440/2440 2427/2427 2442/2442
f 2427/2427 2428/2428 2442/2442
f 2429/2429 2430/2430 2443/2443
f 2430/2430 2431/2431 2443/2443
f 2443/2443 2431/2431 2445/2445
f 2431/2431 2432/2432 2445/2445
f 2445/2445 2432/2432 2449/2449
f 2449/2449 2432/2432 2447/2447
f 2432/2432 2433/2433 2447/2447
f 2433/2433 2434/2434 2447/2447
f 2434/2434 2435/2435 2447/2447
f 2446/2446 2436/2436 2448/2448
f 2450/2450 2448/2448 2451/2451
f 2448/2448 2436/2436 2451/2451
f 2436/2436 2437/2437 2451/2451
f 2451/2451 2437/2437 2452/2452
f 2437/2437 2438/2438 2452/2452
f 2452/2452 2438/2438 2453/2453
f 2438/2438 2439/2439 2453/2453
f 2439/2439 2440/2440 2453/2453
f 2440/2440 2441/2441 2453/2453
f 2453/2453 2441/2441 2454/2454
f 2441/2441 2442/2442 2454/2454
f 2454/2454 2442/2442 2455/2455
f 2442/2442 2444/2444 2455/2455
f 2444/2444 2450/2450 2455/2455
f 2450/2450 2451/2451 2455/2455
f 2455/2455 2451/2451 2456/2456
f 2451/2451 2452/2452 2456/2456
f 2452/2452 2453/2453 2456/2456
f 2453/2453 2454/2454 2456/2456
f 2458/2458 2460/2460 2461/2461
f 2460/2460 2465/2465 2461/2461
f 2464/2464 2466/2466 2463/2463
f 2463/2463 2466/2466 2467/2467
f 2468/2468 2469/2469 2470/2470
f 2469/2469 2467/2467 2470/2470
f 2467/2467 2466/2466 2470/2470
f 2466/2466 2464/2464 2470/2470
f 2472/2472 2465/2465 2473/2473
f 2465/2465 2460/2460 2473/2473
f 2459/2459 2457/2457 2474/2474
f 2474/2474 2457/2457 2475/2475
f 2457/2457 2462/2462 2475/2475
f 2475/2475 2462/2462 2476/2476
f 2463/2463 2467/2467 2477/2477
f 2467/2467 2469/2469 2477/2477
f 2477/2477 2469/2469 2478/2478
f 2469/2469 2468/2468 2478/2478
f 2468/2468 2479/2479 2478/2478
f 2478/2478 2479/2479 2481/2481
f 2481/2481 2479/2479 2482/2482
f 2479/2479 2468/2468 2482/2482
f 2468/2468 2470/2470 2482/2482
f 2471/2471 2474/2474 2483/2483
f 2474/2474 2475/2475 2483/2483
f 2483/2483 2475/2475 2484/2484
f 2475/2475 2476/2476 2484/2484
f 2484/2484 2476/2476 2486/2486
f 2477/2477 2478/2478 2485/2485
f 2478/2478 2481/2481 2485/2485
f 2480/2480 2483/2483 2486/2486
f 2487/2487 2488/2488 2489/2489
f 2490/2490 2491/2491 2492/2492
f 2491/2491 2494/2494 2492/2492
f 2492/2492 2494/2494 2495/2495
f 2495/2495 2494/2494 2496/2496
f 2497/2497 2493/2493 2498/2498
f 2498/2498 2493/2493 2499/2499
f 2500/2500 2494/2494 2501/2501
f 2501/2501 2494/2494 2502/2502
f 2494/2494 2491/2491 2502/2502
f 2502/2502 2491/2491 2503/2503
f 2504/2504 2503/2503 2505/2505
f 2503/2503 2491/2491 2505/2505
f 2491/2491 2490/2490 2505/2505
f 2505/2505 2490/2490 2506/2506
f 2507/2507 2506/2506 2508/2508
f 2508/2508 2506/2506 2509/2509
f 2506/2506 2490/2490 2509/2509
f 2490/2490 2492/2492 2509/2509
f 2492/2492 2495/2495 2509/2509
f 2509/2509 2495/2495 2511/2511
f 2511/2511 2495/2495 2512/2512
f 2495/2495 2496/2496 2512/2512
f 2513/2513 2497/2497 2514/2514
f 2514/2514 2497/2497 2515/2515
f 2497/2497 2498/2498 2515/2515
f 2498/2498 2516/2516 2515/2515
f 2515/2515 2516/2516 2517/2517
f 2517/2517 2516/2516 2518/2518
f 2516/2516 2498/2498 2518/2518
f 2498/2498 2499/2499 2518/2518
f 2500/2500 2501/2501 2519/2519
f 2519/2519 2501/2501 2520/2520
f 2501/2501 2502/2502 2520/2520
f 2502/2502 2503/2503 2520/2520
f 2503/2503 2504/2504 2520/2520
f 2520/2520 2504/2504 2521/2521
f 2521/2521 2504/2504 2522/2522
f 2504/2504 2505/2505 2522/2522
f 2505/2505 2506/2506 2522/2522
f 2506/2506 2507/2507 2522/2522
f 2522/2522 2507/2507 2523/2523
f 2507/2507 2524/2524 2523/2523
f 2524/2524 2489/2489 2523/2523
f 2489/2489 2488/2488 2523/2523
f 2523/2523 2488/2488 2525/2525
f 2488/2488 2487/2487 2525/2525
f 2525/2525 2487/2487 2526/2526
f 2526/2526 2487/2487 2527/2527
f 2487/2487 2528/2528 2527/2527
f 2527/2527 2528/2528 2529/2529
f 2529/2529 2528/2528 2530/2530
f 2528/2528 2487/2487 2530/2530
f 2487/2487 2489/2489 2530/2530
f 2530/2530 2489/2489 2531/2531
f 2533/2533 2531/2531 2535/2535
f 2531/2531 2489/2489 2535/2535
f 2535/2535 2489/2489 2537/2537
f 2489/2489 2524/2524 2537/2537
f 2524/2524 2507/2507 2537/2537
f 2507/2507 2508/2508 2537/2537
f 2537/2537 2508/2508 2538/2538
f 2508/2508 2509/2509 2538/2538
f 2509/2509 2511/2511 2538/2538
f 2510/2510 2513/2513 2539/2539
f 2539/2539 2513/2513 2540/2540
f 2540/2540 2513/2513 2541/2541
f 2513/2513 2514/2514 2541/2541
f 2541/2541 2514/2514 2542/2542
f 2514/2514 2515/2515 2542/2542
f 2515/2515 2517/2517 2542/2542
f 2542/2542 2517/2517 2543/2543
f 2517/2517 2518/2518 2543/2543
f 2544/2544 2519/2519 2546/2546
f 2519/2519 2520/2520 2546/2546
f 2546/2546 2520/2520 2547/2547
f 2520/2520 2521/2521 2547/2547
f 2547/2547 2521/2521 2548/2548
f 2521/2521 2522/2522 2548/2548
f 2522/2522 2523/2523 2548/2548
f 2523/2523 2525/2525 2548/2548
f 2548/2548 2525/2525 2549/2549
f 2549/2549 2525/2525 2550/2550
f 2525/2525 2526/2526 2550/2550
f 2550/2550 2526/2526 2552/2552
f 2552/2552 2526/2526 2553/2553
f 2526/2526 2527/2527 2553/2553
f 2527/2527 2529/2529 2553/2553
f 2553/2553 2529/2529 2554/2554
f 2529/2529 2530/2530 2554/2554
f 2554/2554 2530/2530 2555/2555
f 2530/2530 2531/2531 2555/2555
f 2555/2555 2531/2531 2556/2556
f 2531/2531 2533/2533 2556/2556
f 2557/2557 2532/2532 2558/2558
f 2558/2558 2532/2532 2559/2559
f 2532/2532 2534/2534 2559/2559
f 2560/2560 2559/2559 2561/2561
f 2559/2559 2534/2534 2561/2561
f 2534/2534 2536/2536 2561/2561
f 2536/2536 2539/2539 2561/2561
f 2561/2561 2539/2539 2562/2562
f 2539/2539 2540/2540 2562/2562
f 2540/2540 2541/2541 2562/2562
f 2562/2562 2541/2541 2563/2563
f 2541/2541 2542/2542 2563/2563
f 2542/2542 2543/2543 2563/2563
f 2563/2563 2543/2543 2564/2564
f 2543/2543 2545/2545 2564/2564
f 2564/2564 2545/2545 2565/2565
f 2546/2546 2547/2547 2566/2566
f 2547/2547 2548/2548 2566/2566
f 2548/2548 2549/2549 2566/2566
f 2566/2566 2549/2549 2568/2568
f 2549/2549 2550/2550 2568/2568
f 2568/2568 2550/2550 2569/2569
f 2550/2550 2552/2552 2569/2569
f 2551/2551 2571/2571 2570/2570
f 2570/2570 2571/2571 2572/2572
f 2573/2573 2572/2572 2575/2575
f 2572/2572 2571/2571 2575/2575
f 2571/2571 2551/2551 2575/2575
f 2552/2552 2553/2553 2574/2574
f 2553/2553 2554/2554 2574/2574
f 2554/2554 2555/2555 2574/2574
f 2555/2555 2556/2556 2574/2574
f 2557/2557 2558/2558 2575/2575
f 2558/2558 2559/2559 2575/2575
f 2559/2559 2560/2560 2575/2575
f 2560/2560 2576/2576 2575/2575
f 2575/2575 2576/2576 2577/2577
f 2578/2578 2577/2577 2579/2579
f 2577/2577 2576/2576 2579/2579
f 2579/2579 2576/2576 2580/2580
f 2576/2576 2560/2560 2580/2580
f 2560/2560 2561/2561 2580/2580
f 2561/2561 2562/2562 2580/2580
f 2580/2580 2562/2562 2581/2581
f 2562/2562 2563/2563 2581/2581
f 2581/2581 2563/2563 2582/2582
f 2563/2563 2564/2564 2582/2582
f 2582/2582 2564/2564 2584/2584
f 2564/2564 2565/2565 2584/2584
f 2566/2566 2568/2568 2583/2583
f 2584/2584 2567/2567 2586/2586
f 2568/2568 2569/2569 2585/2585
f 2570/2570 2572/2572 2586/2586
f 2586/2586 2572/2572 2587/2587
f 2572/2572 2573/2573 2587/2587
f 2587/2587 2573/2573 2588/2588
f 2573/2573 2575/2575 2588/2588
f 2575/2575 2577/2577 2588/2588
f 2577/2577 2578/2578 2588/2588
f 2588/2588 2578/2578 2589/2589
f 2578/2578 2579/2579 2589/2589
f 2579/2579 2580/2580 2589/2589
f 2580/2580 2581/2581 2589/2589
f 2581/2581 2582/2582 2589/2589
f 2582/2582 2584/2584 2589/2589
f 2584/2584 2586/2586 2589/2589
f 2586/2586 2587/2587 2589/2589
f 2590/2590 2591/2591 2592/2592
f 2592/2592 2591/2591 2593/2593
f 2596/2596 2594/2594 2597/2597
f 2598/2598 2593/2593 2600/2600
f 2593/2593 2591/2591 2600/2600
f 2600/2600 2591/2591 2601/2601
f 2591/2591 2590/2590 2601/2601
f 2601/2601 2590/2590 2602/2602
f 2590/2590 2592/2592 2602/2602
f 2592/2592 2593/2593 2602/2602
f 2593/2593 2595/2595 2602/2602
f 2603/2603 2596/2596 2605/2605
f 2596/2596 2597/2597 2605/2605
f 2605/2605 2597/2597 2606/2606
f 2597/2597 2599/2599 2606/2606
f 2607/2607 2600/2600 2609/2609
f 2600/2600 2601/2601 2609/2609
f 2601/2601 2602/2602 2609/2609
f 2602/2602 2604/2604 2609/2609
f 2610/2610 2612/2612 2613/2613
f 2613/2613 2612/2612 2614/2614
f 2611/2611 2616/2616 2615/2615
f 2615/2615 2616/2616 2617/2617
f 2619/2619 2617/2617 2620/2620
f 2617/2617 2616/2616 2620/2620
f 2616/2616 2611/2611 2620/2620
f 2621/2621 2612/2612 2624/2624
f 2612/2612 2610/2610 2624/2624
f 2610/2610 2613/2613 2624/2624
f 2624/2624 2613/2613 2626/2626
f 2613/2613 2614/2614 2626/2626
f 2626/2626 2614/2614 2628/2628
f 2615/2615 2617/2617 2627/2627
f 2617/2617 2619/2619 2627/2627
f 2630/2630 2618/2618 2631/2631
f 2631/2631 2618/2618 2633/2633
f 2619/2619 2620/2620 2632/2632
f 2620/2620 2622/2622 2632/2632
f 2634/2634 2623/2623 2636/2636
f 2624/2624 2626/2626 2635/2635
f 2636/2636 2625/2625 2637/2637
f 2637/2637 2625/2625 2639/2639
f 2625/2625 2629/2629 2639/2639
f 2630/2630 2631/2631 2638/2638
f 2631/2631 2633/2633 2638/2638
f 2634/2634 2636/2636 2639/2639
f 2641/2641 2643/2643 2645/2645
f 2642/2642 2646/2646 2644/2644
f 2647/2647 2645/2645 2648/2648
f 2649/2649 2644/2644 2650/2650
f 2644/2644 2646/2646 2650/2650
f 2650/2650 2646/2646 2651/2651
f 2646/2646 2642/2642 2651/2651
f 2642/2642 2640/2640 2651/2651
f 2651/2651 2640/2640 2653/2653
f 2656/2656 2658/2658 2659/2659
f 2658/2658 2655/2655 2659/2659
f 2652/2652 2641/2641 2660/2660
f 2660/2660 2641/2641 2662/2662
f 2641/2641 2645/2645 2662/2662
f 2662/2662 2645/2645 2664/2664
f 2645/2645 2647/2647 2664/2664
f 2664/2664 2647/2647 2665/2665
f 2647/2647 2648/2648 2665/2665
f 2667/2667 2649/2649 2670/2670
f 2670/2670 2649/2649 2671/2671
f 2649/2649 2650/2650 2671/2671
f 2673/2673 2672/2672 2675/2675
f 2671/2671 2650/2650 2674/2674
f 2650/2650 2651/2651 2674/2674
f 2651/2651 2653/2653 2674/2674
f 2675/2675 2654/2654 2676/2676
f 2654/2654 2657/2657 2676/2676
f 2676/2676 2657/2657 2677/2677
f 2658/2658 2656/2656 2678/2678
f 2656/2656 2659/2659 2678/2678
f 2659/2659 2661/2661 2678/2678
f 2678/2678 2661/2661 2679/2679
f 2661/2661 2663/2663 2679/2679
f 2663/2663 2666/2666 2679/2679
f 2666/2666 2668/2668 2679/2679
f 2680/2680 2669/2669 2681/2681
f 2669/2669 2672/2672 2681/2681
f 2672/2672 2673/2673 2681/2681
f 2681/2681 2673/2673 2682/2682
f 2673/2673 2675/2675 2682/2682
f 2675/2675 2676/2676 2682/2682
f 2676/2676 2677/2677 2682/2682
f 2682/2682 2677/2677 2683/2683
f 2677/2677 2680/2680 2683/2683
f 2680/2680 2681/2681 2683/2683
f 2685/2685 2686/2686 2689/2689
f 2689/2689 2686/2686 2691/2691
f 2686/2686 2685/2685 2691/2691
f 2691/2691 2685/2685 2692/2692
f 2693/2693 2684/2684 2694/2694
f 2694/2694 2684/2684 2695/2695
f 2684/2684 2687/2687 2695/2695
f 2687/2687 2696/2696 2695/2695
f 2695/2695 2696/2696 2697/2697
f 2699/2699 2697/2697 2700/2700
f 2697/2697 2696/2696 2700/2700
f 2700/2700 2696/2696 2701/2701
f 2696/2696 2687/2687 2701/2701
f 2688/2688 2690/2690 2702/2702
f 2702/2702 2690/2690 2704/2704
f 2691/2691 2692/2692 2703/2703
f 2693/2693 2705/2705 2704/2704
f 2704/2704 2705/2705 2706/2706
f 2706/2706 2705/2705 2707/2707
f 2705/2705 2693/2693 2707/2707
f 2707/2707 2693/2693 2708/2708
f 2693/2693 2694/2694 2708/2708
f 2708/2708 2694/2694 2709/2709
f 2694/2694 2695/2695 2709/2709
f 2709/2709 2695/2695 2710/2710
f 2695/2695 2697/2697 2710/2710
f 2697/2697 2699/2699 2710/2710
f 2711/2711 2698/2698 2712/2712
f 2712/2712 2698/2698 2714/2714
f 2699/2699 2700/2700 2713/2713
f 2700/2700 2701/2701 2713/2713
f 2702/2702 2704/2704 2715/2715
f 2704/2704 2706/2706 2715/2715
f 2715/2715 2706/2706 2716/2716
f 2706/2706 2707/2707 2716/2716
f 2707/2707 2708/2708 2716/2716
f 2716/2716 2708/2708 2717/2717
f 2708/2708 2709/2709 2717/2717
f 2709/2709 2710/2710 2717/2717
f 2718/2718 2711/2711 2719/2719
f 2719/2719 2711/2711 2720/2720
f 2711/2711 2712/2712 2720/2720
f 2712/2712 2714/2714 2720/2720
f 2715/2715 2716/2716 2721/2721
f 2716/2716 2717/2717 2721/2721
f 2723/2723 2725/2725 2726/2726
f 2730/2730 2729/2729 2732/2732
f 2726/2726 2725/2725 2731/2731
f 2733/2733 2724/2724 2734/2734
f 2724/2724 2722/2722 2734/2734
f 2722/2722 2727/2727 2734/2734
f 2738/2738 2736/2736 2739/2739
f 2736/2736 2728/2728 2739/2739
f 2729/2729 2730/2730 2740/2740
f 2740/2740 2730/2730 2742/2742
f 2730/2730 2732/2732 2742/2742
f 2732/2732 2735/2735 2742/2742
f 2736/2736 2738/2738 2741/2741
f 2742/2742 2737/2737 2743/2743
f 2744/2744 2738/2738 2747/2747
f 2747/2747 2738/2738 2748/2748
f 2738/2738 2739/2739 2748/2748
f 2740/2740 2742/2742 2749/2749
f 2742/2742 2743/2743 2749/2749
f 2749/2749 2743/2743 2750/2750
f 2750/2750 2743/2743 2751/2751
f 2743/2743 2745/2745 2751/2751
f 2753/2753 2746/2746 2755/2755
f 2755/2755 2746/2746 2756/2756
f 2757/2757 2747/2747 2759/2759
f 2747/2747 2748/2748 2759/2759
f 2749/2749 2750/2750 2758/2758
f 2750/2750 2751/2751 2758/2758
f 2752/2752 2754/2754 2759/2759
f 2760/2760 2762/2762 2763/2763
f 2763/2763 2762/2762 2764/2764
f 2761/2761 2766/2766 2765/2765
f 2765/2765 2766/2766 2767/2767
f 2769/2769 2767/2767 2770/2770
f 2767/2767 2766/2766 2770/2770
f 2766/2766 2761/2761 2770/2770
f 2771/2771 2762/2762 2773/2773
f 2762/2762 2760/2760 2773/2773
f 2760/2760 2763/2763 2773/2773
f 2773/2773 2763/2763 2775/2775
f 2763/2763 2764/2764 2775/2775
f 2775/2775 2764/2764 2777/2777
f 2765/2765 2767/2767 2776/2776
f 2767/2767 2769/2769 2776/2776
f 2779/2779 2768/2768 2780/2780
f 2780/2780 2768/2768 2782/2782
f 2769/2769 2770/2770 2781/2781
f 2770/2770 2772/2772 2781/2781
f 2784/2784 2773/2773 2785/2785
f 2773/2773 2775/2775 2785/2785
f 2786/2786 2774/2774 2787/2787
f 2774/2774 2778/2778 2787/2787
f 2787/2787 2778/2778 2789/2789
f 2779/2779 2780/2780 2788/2788
f 2780/2780 2782/2782 2788/2788
f 2783/2783 2786/2786 2789/2789
f 2791/2791 2792/2792 2794/2794
f 2794/2794 2792/2792 2795/2795
f 2792/2792 2791/2791 2795/2795
f 2798/2798 2796/2796 2799/2799
f 2796/2796 2790/2790 2799/2799
f 2799/2799 2790/2790 2800/2800
f 2803/2803 2801/2801 2804/2804
f 2801/2801 2791/2791 2804/2804
f 2791/2791 2794/2794 2804/2804
f 2807/2807 2793/2793 2808/2808
f 2793/2793 2796/2796 2808/2808
f 2796/2796 2798/2798 2808/2808
f 2809/2809 2797/2797 2810/2810
f 2810/2810 2797/2797 2811/2811
f 2798/2798 2799/2799 2813/2813
f 2813/2813 2799/2799 2815/2815
f 2799/2799 2800/2800 2815/2815
f 2801/2801 2803/2803 2814/2814
f 2816/2816 2802/2802 2817/2817
f 2802/2802 2805/2805 2817/2817
f 2818/2818 2806/2806 2819/2819
f 2806/2806 2809/2809 2819/2819
f 2819/2819 2809/2809 2820/2820
f 2820/2820 2809/2809 2821/2821
f 2809/2809 2810/2810 2821/2821
f 2821/2821 2810/2810 2822/2822
f 2810/2810 2811/2811 2822/2822
f 2812/2812 2816/2816 2823/2823
f 2823/2823 2816/2816 2824/2824
f 2824/2824 2816/2816 2825/2825
f 2816/2816 2817/2817 2825/2825
f 2825/2825 2817/2817 2826/2826
f 2818/2818 2819/2819 2827/2827
f 2827/2827 2819/2819 2828/2828
f 2819/2819 2820/2820 2828/2828
f 2828/2828 2820/2820 2829/2829
f 2820/2820 2821/2821 2829/2829
f 2821/2821 2822/2822 2829/2829
f 2823/2823 2824/2824 2830/2830
f 2830/2830 2824/2824 2831/2831
f 2824/2824 2825/2825 2831/2831
f 2825/2825 2826/2826 2831/2831
f 2827/2827 2828/2828 2832/2832
f 2833/2833 2835/2835 2836/2836
f 2836/2836 2835/2835 2837/2837
f 2839/2839 2838/2838 2840/2840
f 2838/2838 2834/2834 2840/2840
f 2840/2840 2834/2834 2841/2841
f 2835/2835 2833/2833 2843/2843
f 2843/2843 2833/2833 2844/2844
f 2845/2845 2844/2844 2847/2847
f 2847/2847 2844/2844 2848/2848
f 2844/2844 2833/2833 2848/2848
f 2833/2833 2836/2836 2848/2848
f 2836/2836 2837/2837 2848/2848
f 2850/2850 2838/2838 2852/2852
f 2838/2838 2839/2839 2852/2852
f 2839/2839 2840/2840 2852/2852
f 2852/2852 2840/2840 2853/2853
f 2840/2840 2841/2841 2853/2853
f 2854/2854 2842/2842 2855/2855
f 2855/2855 2842/2842 2857/2857
f 2843/2843 2844/2844 2856/2856
f 2844/2844 2845/2845 2856/2856
f 2845/2845 2847/2847 2856/2856
f 2857/2857 2846/2846 2859/2859
f 2847/2847 2848/2848 2858/2858
f 2849/2849 2851/2851 2859/2859
f 2851/2851 2854/2854 2859/2859
f 2854/2854 2855/2855 2859/2859
f 2859/2859 2855/2855 2860/2860
f 2855/2855 2857/2857 2860/2860
f 2861/2861 2862/2862 2863/2863
f 2864/2864 2866/2866 2867/2867
f 2865/2865 2863/2863 2868/2868
f 2863/2863 2862/2862 2868/2868
f 2868/2868 2862/2862 2870/2870
f 2862/2862 2861/2861 2870/2870
f 2870/2870 2861/2861 2872/2872
f 2861/2861 2873/2873 2872/2872
f 2872/2872 2873/2873 2875/2875
f 2875/2875 2873/2873 2876/2876
f 2876/2876 2873/2873 2877/2877
f 2873/2873 2861/2861 2877/2877
f 2861/2861 2863/2863 2877/2877
f 2863/2863 2865/2865 2877/2877
f 2877/2877 2865/2865 2878/2878
f 2878/2878 2865/2865 2879/2879
f 2866/2866 2864/2864 2880/2880
f 2880/2880 2864/2864 2881/2881
f 2864/2864 2867/2867 2881/2881
f 2867/2867 2869/2869 2881/2881
f 2869/2869 2871/2871 2881/2881
f 2871/2871 2874/2874 2881/2881
f 2881/2881 2874/2874 2882/2882
f 2882/2882 2874/2874 2883/2883
f 2875/2875 2876/2876 2884/2884
f 2876/2876 2877/2877 2884/2884
f 2884/2884 2877/2877 2885/2885
f 2877/2877 2878/2878 2885/2885
f 2885/2885 2878/2878 2886/2886
f 2886/2886 2878/2878 2887/2887
f 2878/2878 2879/2879 2887/2887
f 2880/2880 2881/2881 2888/2888
f 2881/2881 2882/2882 2888/2888
f 2888/2888 2882/2882 2889/2889
f 2882/2882 2883/2883 2889/2889
f 2890/2890 2884/2884 2891/2891
f 2884/2884 2885/2885 2891/2891
f 2885/2885 2886/2886 2891/2891
f 2886/2886 2887/2887 2891/2891
f 2893/2893 2894/2894 2895/2895
f 2898/2898 2899/2899 2901/2901
f 2901/2901 2899/2899 2902/2902
f 2899/2899 2905/2905 2902/2902
f 2905/2905 2896/2896 2902/2902
f 2904/2904 2895/2895 2906/2906
f 2895/2895 2894/2894 2906/2906
f 2894/2894 2893/2893 2906/2906
f 2907/2907 2892/2892 2908/2908
f 2893/2893 2895/2895 2909/2909
f 2909/2909 2895/2895 2910/2910
f 2896/2896 2905/2905 2911/2911
f 2905/2905 2899/2899 2911/2911
f 2911/2911 2899/2899 2912/2912
f 2899/2899 2898/2898 2912/2912
f 2915/2915 2897/2897 2917/2917
f 2897/2897 2900/2900 2917/2917
f 2917/2917 2900/2900 2919/2919
f 2901/2901 2902/2902 2918/2918
f 2921/2921 2903/2903 2923/2923
f 2903/2903 2907/2907 2923/2923
f 2923/2923 2907/2907 2925/2925
f 2907/2907 2908/2908 2925/2925
f 2909/2909 2910/2910 2924/2924
f 2910/2910 2913/2913 2924/2924
f 2926/2926 2914/2914 2928/2928
f 2915/2915 2917/2917 2927/2927
f 2916/2916 2920/2920 2928/2928
f 2920/2920 2922/2922 2928/2928
f 2930/2930 2931/2931 2932/2932
f 2932/2932 2931/2931 2933/2933
f 2933/2933 2931/2931 2934/2934
f 2931/2931 2930/2930 2934/2934
f 2929/2929 2936/2936 2935/2935
f 2935/2935 2936/2936 2937/2937
f 2937/2937 2936/2936 2938/2938
f 2938/2938 2936/2936 2939/2939
f 2936/2936 2929/2929 2939/2939
f 2930/2930 2932/2932 2940/2940
f 2940/2940 2932/2932 2941/2941
f 2932/2932 2933/2933 2941/2941
f 2941/2941 2933/2933 2942/2942
f 2933/2933 2934/2934 2942/2942
f 2943/2943 2935/2935 2944/2944
f 2935/2935 2937/2937 2944/2944
f 2944/2944 2937/2937 2945/2945
f 2937/2937 2938/2938 2945/2945
f 2945/2945 2938/2938 2946/2946
f 2938/2938 2939/2939 2946/2946
f 2947/2947 2940/2940 2948/2948
f 2948/2948 2940/2940 2949/2949
f 2940/2940 2941/2941 2949/2949
f 2941/2941 2942/2942 2949/2949
f 2949/2949 2942/2942 2951/2951
f 2951/2951 2942/2942 2952/2952
f 2943/2943 2944/2944 2954/2954
f 2944/2944 2945/2945 2954/2954
f 2954/2954 2945/2945 2955/2955
f 2945/2945 2946/2946 2955/2955
f 2955/2955 2946/2946 2957/2957
f 2947/2947 2948/2948 2956/2956
f 2948/2948 2949/2949 2956/2956
f 2949/2949 2951/2951 2956/2956
f 2958/2958 2950/2950 2959/2959
f 2950/2950 2953/2953 2959/2959
f 2959/2959 2953/2953 2960/2960
f 2954/2954 2955/2955 2961/2961
f 2955/2955 2957/2957 2961/2961
f 2962/2962 2963/2963 2964/2964
f 2965/2965 2964/2964 2967/2967
f 2964/2964 2963/2963 2967/2967
f 2967/2967 2963/2963 2968/2968
f 2968/2968 2963/2963 2969/2969
f 2963/2963 2962/2962 2969/2969
f 2969/2969 2962/2962 2970/2970
f 2970/2970 2962/2962 2971/2971
f 2973/2973 2971/2971 2974/2974
f 2974/2974 2971/2971 2975/2975
f 2971/2971 2962/2962 2975/2975
f 2962/2962 2964/2964 2975/2975
f 2975/2975 2964/2964 2976/2976
f 2964/2964 2965/2965 2976/2976
f 2976/2976 2965/2965 2977/2977
f 2979/2979 2977/2977 2980/2980
f 2977/2977 2965/2965 2980/2980
f 2980/2980 2965/2965 2981/2981
f 2965/2965 2967/2967 2981/2981
f 2982/2982 2966/2966 2983/2983
f 2967/2967 2968/2968 2984/2984
f 2984/2984 2968/2968 2985/2985
f 2968/2968 2969/2969 2985/2985
f 2969/2969 2970/2970 2985/2985
f 2985/2985 2970/2970 2986/2986
f 2970/2970 2971/2971 2986/2986
f 2971/2971 2973/2973 2986/2986
f 2986/2986 2973/2973 2987/2987
f 2988/2988 2972/2972 2989/2989
f 2990/2990 2989/2989 2991/2991
f 2989/2989 2972/2972 2991/2991
f 2973/2973 2974/2974 2992/2992
f 2992/2992 2974/2974 2993/2993
f 2974/2974 2975/2975 2993/2993
f 2975/2975 2976/2976 2993/2993
f 2976/2976 2977/2977 2993/2993
f 2977/2977 2979/2979 2993/2993
f 2994/2994 2978/2978 2995/2995
f 2995/2995 2978/2978 2996/2996
f 2996/2996 2978/2978 2998/2998
f 2979/2979 2980/2980 2997/2997
f 2980/2980 2981/2981 2997/2997
f 2998/2998 2982/2982 2999/2999
f 2982/2982 2983/2983 2999/2999
f 2999/2999 2983/2983 3000/3000
f 3000/3000 2983/2983 3002/3002
f 2984/2984 2985/2985 3001/3001
f 2985/2985 2986/2986 3001/3001
f 2986/2986 2987/2987 3001/3001
f 3002/3002 2988/2988 3003/3003
f 3003/3003 2988/2988 3004/3004
f 2988/2988 2989/2989 3004/3004
f 2989/2989 2990/2990 3004/3004
f 3004/3004 2990/2990 3005/3005
f 3005/3005 2990/2990 3006/3006
f 2990/2990 2991/2991 3006/3006
f 2991/2991 2994/2994 3006/3006
f 3006/3006 2994/2994 3007/3007
f 2994/2994 2995/2995 3007/3007
f 3007/3007 2995/2995 3008/3008
f 2995/2995 2996/2996 3008/3008
f 3008/3008 2996/2996 3009/3009
f 2996/2996 2998/2998 3009/3009
f 2998/2998 2999/2999 3009/3009
f 3009/3009 2999/2999 3010/3010
f 2999/2999 3000/3000 3010/3010
f 3010/3010 3000/3000 3011/3011
f 3000/3000 3002/3002 3011/3011
f 3002/3002 3003/3003 3011/3011
f 3003/3003 3004/3004 3011/3011
f 3011/3011 3004/3004 3012/3012
f 3004/3004 3005/3005 3012/3012
f 3012/3012 3005/3005 3013/3013
f 3005/3005 3006/3006 3013/3013
f 3006/3006 3007/3007 3013/3013
f 3013/3013 3007/3007 3014/3014
f 3007/3007 3008/3008 3014/3014
f 3008/3008 3009/3009 3014/3014
f 3009/3009 3010/3010 3014/3014
f 3010/3010 3011/3011 3014/3014
f 3011/3011 3012/3012 3014/3014
f 3015/3015 3017/3017 3019/3019
f 3016/3016 3020/3020 3018/3018
f 3020/3020 3021/3021 3018/3018
f 3022/3022 3019/3019 3023/3023
f 3023/3023 3019/3019 3024/3024
f 3018/3018 3021/3021 3025/3025
f 3025/3025 3021/3021 3028/3028
f 3028/3028 3021/3021 3031/3031
f 3021/3021 3020/3020 3031/3031
f 3031/3031 3020/3020 3032/3032
f 3020/3020 3016/3016 3032/3032
f 3017/3017 3015/3015 3034/3034
f 3034/3034 3015/3015 3037/3037
f 3037/3037 3015/3015 3040/3040
f 3015/3015 3019/3019 3040/3040
f 3019/3019 3022/3022 3040/3040
f 3022/3022 3023/3023 3040/3040
f 3040/3040 3023/3023 3044/3044
f 3044/3044 3023/3023 3046/3046
f 3023/3023 3024/3024 3046/3046
f 3025/3025 3028/3028 3045/3045
f 3049/3049 3026/3026 3050/3050
f 3051/3051 3027/3027 3052/3052
f 3052/3052 3027/3027 3054/3054
f 3028/3028 3031/3031 3053/3053
f 3054/3054 3029/3029 3056/3056
f 3030/3030 3033/3033 3055/3055
f 3033/3033 3035/3035 3055/3055
f 3056/3056 3036/3036 3058/3058
f 3037/3037 3040/3040 3057/3057
f 3059/3059 3038/3038 3061/3061
f 3039/3039 3041/3041 3060/3060
f 3064/3064 3042/3042 3066/3066
f 3043/3043 3047/3047 3065/3065
f 3048/3048 3051/3051 3067/3067
f 3067/3067 3051/3051 3069/3069
f 3069/3069 3051/3051 3071/3071
f 3051/3051 3052/3052 3071/3071
f 3071/3071 3052/3052 3073/3073
f 3073/3073 3052/3052 3075/3075
f 3052/3052 3054/3054 3075/3075
f 3075/3075 3054/3054 3078/3078
f 3054/3054 3056/3056 3078/3078
f 3056/3056 3058/3058 3078/3078
f 3078/3078 3058/3058 3080/3080
f 3058/3058 3062/3062 3080/3080
f 3080/3080 3062/3062 3082/3082
f 3063/3063 3067/3067 3081/3081
f 3067/3067 3069/3069 3081/3081
f 3084/3084 3068/3068 3086/3086
f 3086/3086 3068/3068 3087/3087
f 3068/3068 3070/3070 3087/3087
f 3087/3087 3070/3070 3088/3088
f 3070/3070 3072/3072 3088/3088
f 3088/3088 3072/3072 3089/3089
f 3089/3089 3072/3072 3090/3090
f 3072/3072 3074/3074 3090/3090
f 3074/3074 3076/3076 3090/3090
f 3090/3090 3076/3076 3091/3091
f 3077/3077 3079/3079 3092/3092
f 3092/3092 3079/3079 3093/3093
f 3079/3079 3083/3083 3093/3093
f 3083/3083 3085/3085 3093/3093
f 3093/3093 3085/3085 3095/3095
f 3095/3095 3085/3085 3096/3096
f 3086/3086 3087/3087 3098/3098
f 3098/3098 3087/3087 3099/3099
f 3087/3087 3088/3088 3099/3099
f 3099/3099 3088/3088 3101/3101
f 3088/3088 3089/3089 3101/3101
f 3102/3102 3104/3104 3105/3105
f 3103/3103 3101/3101 3106/3106
f 3101/3101 3089/3089 3106/3106
f 3106/3106 3089/3089 3107/3107
f 3089/3089 3090/3090 3107/3107
f 3090/3090 3091/3091 3107/3107
f 3107/3107 3091/3091 3108/3108
f 3092/3092 3093/3093 3110/3110
f 3093/3093 3095/3095 3110/3110
f 3110/3110 3095/3095 3111/3111
f 3112/3112 3094/3094 3114/3114
f 3095/3095 3096/3096 3113/3113
f 3114/3114 3097/3097 3116/3116
f 3098/3098 3099/3099 3115/3115
f 3099/3099 3101/3101 3115/3115
f 3100/3100 3104/3104 3117/3117
f 3117/3117 3104/3104 3119/3119
f 3119/3119 3104/3104 3120/3120
f 3104/3104 3102/3102 3120/3120
f 3120/3120 3102/3102 3121/3121
f 3121/3121 3102/3102 3123/3123
f 3102/3102 3105/3105 3123/3123
f 3106/3106 3107/3107 3122/3122
f 3107/3107 3108/3108 3122/3122
f 3124/3124 3109/3109 3125/3125
f 3109/3109 3112/3112 3125/3125
f 3125/3125 3112/3112 3126/3126
f 3126/3126 3112/3112 3128/3128
f 3112/3112 3114/3114 3128/3128
f 3114/3114 3116/3116 3128/3128
f 3117/3117 3119/3119 3127/3127
f 3129/3129 3118/3118 3131/3131
f 3131/3131 3118/3118 3132/3132
f 3119/3119 3120/3120 3134/3134
f 3134/3134 3120/3120 3136/3136
f 3120/3120 3121/3121 3136/3136
f 3136/3136 3121/3121 3138/3138
f 3138/3138 3121/3121 3139/3139
f 3121/3121 3123/3123 3139/3139
f 3124/3124 3125/3125 3140/3140
f 3140/3140 3125/3125 3142/3142
f 3125/3125 3126/3126 3142/3142
f 3142/3142 3126/3126 3145/3145
f 3126/3126 3128/3128 3145/3145
f 3128/3128 3130/3130 3145/3145
f 3145/3145 3130/3130 3147/3147
f 3131/3131 3132/3132 3146/3146
f 3148/3148 3133/3133 3150/3150
f 3134/3134 3136/3136 3149/3149
f 3150/3150 3135/3135 3152/3152
f 3136/3136 3138/3138 3151/3151
f 3153/3153 3137/3137 3154/3154
f 3155/3155 3138/3138 3157/3157
f 3138/3138 3139/3139 3157/3157
f 3157/3157 3139/3139 3159/3159
f 3139/3139 3141/3141 3159/3159
f 3141/3141 3143/3143 3159/3159
f 3159/3159 3143/3143 3160/3160
f 3144/3144 3148/3148 3161/3161
f 3161/3161 3148/3148 3163/3163
f 3148/3148 3150/3150 3163/3163
f 3163/3163 3150/3150 3165/3165
f 3150/3150 3152/3152 3165/3165
f 3165/3165 3152/3152 3167/3167
f 3153/3153 3154/3154 3166/3166
f 3169/3169 3168/3168 3170/3170
f 3166/3166 3154/3154 3171/3171
f 3171/3171 3154/3154 3172/3172
f 3154/3154 3156/3156 3172/3172
f 3172/3172 3156/3156 3174/3174
f 3157/3157 3159/3159 3173/3173
f 3158/3158 3161/3161 3175/3175
f 3175/3175 3161/3161 3176/3176
f 3161/3161 3163/3163 3176/3176
f 3178/3178 3162/3162 3179/3179
f 3162/3162 3164/3164 3179/3179
f 3179/3179 3164/3164 3180/3180
f 3164/3164 3168/3168 3180/3180
f 3168/3168 3169/3169 3180/3180
f 3180/3180 3169/3169 3183/3183
f 3183/3183 3169/3169 3185/3185
f 3169/3169 3170/3170 3185/3185
f 3185/3185 3170/3170 3186/3186
f 3171/3171 3172/3172 3188/3188
f 3188/3188 3172/3172 3189/3189
f 3172/3172 3174/3174 3189/3189
f 3174/3174 3177/3177 3189/3189
f 3190/3190 3178/3178 3191/3191
f 3178/3178 3179/3179 3191/3191
f 3191/3191 3179/3179 3193/3193
f 3193/3193 3179/3179 3194/3194
f 3179/3179 3180/3180 3194/3194
f 3180/3180 3183/3183 3194/3194
f 3196/3196 3195/3195 3197/3197
f 3195/3195 3181/3181 3197/3197
f 3197/3197 3181/3181 3198/3198
f 3182/3182 3184/3184 3200/3200
f 3200/3200 3184/3184 3201/3201
f 3184/3184 3187/3187 3201/3201
f 3201/3201 3187/3187 3202/3202
f 3187/3187 3190/3190 3202/3202
f 3190/3190 3191/3191 3202/3202
f 3202/3202 3191/3191 3203/3203
f 3191/3191 3193/3193 3203/3203
f 3205/3205 3192/3192 3206/3206
f 3192/3192 3195/3195 3206/3206
f 3195/3195 3196/3196 3206/3206
f 3206/3206 3196/3196 3207/3207
f 3196/3196 3197/3197 3207/3207
f 3197/3197 3198/3198 3207/3207
f 3209/3209 3208/3208 3210/3210
f 3208/3208 3199/3199 3210/3210
f 3200/3200 3201/3201 3211/3211
f 3211/3211 3201/3201 3212/3212
f 3201/3201 3202/3202 3212/3212
f 3202/3202 3203/3203 3212/3212
f 3213/3213 3204/3204 3215/3215
f 3205/3205 3206/3206 3214/3214
f 3206/3206 3207/3207 3214/3214
f 3208/3208 3209/3209 3215/3215
f 3215/3215 3209/3209 3216/3216
f 3209/3209 3210/3210 3216/3216
f 3210/3210 3213/3213 3216/3216
f 3217/3217 3219/3219 3220/3220
f 3221/3221 3218/3218 3223/3223
f 3218/3218 3224/3224 3223/3223
f 3223/3223 3224/3224 3225/3225
f 3225/3225 3224/3224 3226/3226
f 3224/3224 3218/3218 3226/3226
f 3219/3219 3217/3217 3229/3229
f 3229/3229 3217/3217 3231/3231
f 3217/3217 3220/3220 3231/3231
f 3220/3220 3222/3222 3231/3231
f 3223/3223 3225/3225 3230/3230
f 3234/3234 3235/3235 3236/3236
f 3235/3235 3240/3240 3236/3236
f 3238/3238 3239/3239 3242/3242
f 3239/3239 3233/3233 3242/3242
f 3230/3230 3225/3225 3241/3241
f 3225/3225 3226/3226 3241/3241
f 3244/3244 3227/3227 3245/3245
f 3228/3228 3232/3232 3246/3246
f 3232/3232 3240/3240 3246/3246
f 3240/3240 3235/3235 3246/3246
f 3246/3246 3235/3235 3247/3247
f 3235/3235 3234/3234 3247/3247
f 3234/3234 3236/3236 3247/3247
f 3249/3249 3237/3237 3250/3250
f 3237/3237 3243/3243 3250/3250
f 3251/3251 3244/3244 3253/3253
f 3244/3244 3245/3245 3253/3253
f 3245/3245 3248/3248 3253/3253
f 3255/3255 3257/3257 3258/3258
f 3258/3258 3257/3257 3259/3259
f 3262/3262 3256/3256 3263/3263
f 3263/3263 3256/3256 3268/3268
f 3256/3256 3254/3254 3268/3268
f 3255/3255 3258/3258 3267/3267
f 3258/3258 3259/3259 3267/3267
f 3266/3266 3260/3260 3272/3272
f 3271/3271 3261/3261 3274/3274
f 3274/3274 3261/3261 3276/3276
f 3261/3261 3264/3264 3276/3276
f 3265/3265 3269/3269 3275/3275
f 3277/3277 3270/3270 3278/3278
f 3270/3270 3273/3273 3278/3278
f 3280/3280 3282/3282 3283/3283
f 3285/3285 3281/3281 3288/3288
f 3296/3296 3288/3288 3291/3291
f 3288/3288 3281/3281 3291/3291
f 3282/3282 3280/3280 3290/3290
f 3279/3279 3284/3284 3289/3289
f 3289/3289 3284/3284 3293/3293
f 3284/3284 3286/3286 3293/3293
f 3295/3295 3299/3299 3300/3300
f 3299/3299 3292/3292 3300/3300
f 3292/3292 3287/3287 3300/3300
f 3300/3300 3287/3287 3301/3301
f 3287/3287 3297/3297 3301/3301
f 3298/3298 3294/3294 3302/3302
f 3303/3303 3304/3304 3305/3305
f 3306/3306 3307/3307 3308/3308
f 3307/3307 3305/3305 3308/3308
f 3305/3305 3304/3304 3308/3308
f 3308/3308 3304/3304 3309/3309
f 3310/3310 3311/3311 3312/3312
f 3312/3312 3311/3311 3313/3313
f 3311/3311 3316/3316 3313/3313
f 3315/3315 3317/3317 3314/3314
f 3318/3318 3314/3314 3319/3319
f 3314/3314 3317/3317 3319/3319
f 3319/3319 3317/3317 3320/3320
f 3321/3321 3320/3320 3322/3322
f 3320/3320 3317/3317 3322/3322
f 3317/3317 3315/3315 3322/3322
f 3323/3323 3316/3316 3324/3324
f 3316/3316 3311/3311 3324/3324
f 3325/3325 3324/3324 3326/3326
f 3324/3324 3311/3311 3326/3326
f 3311/3311 3310/3310 3326/3326
f 3326/3326 3310/3310 3327/3327
f 3327/3327 3310/3310 3328/3328
f 3328/3328 3310/3310 3329/3329
f 3310/3310 3312/3312 3329/3329
f 3330/3330 3329/3329 3331/3331
f 3329/3329 3312/3312 3331/3331
f 3312/3312 3313/3313 3331/3331
f 3314/3314 3318/3318 3332/3332
f 3332/3332 3318/3318 3333/3333
f 3333/3333 3318/3318 3334/3334
f 3318/3318 3319/3319 3334/3334
f 3319/3319 3320/3320 3334/3334
f 3320/3320 3335/3335 3334/3334
f 3336/3336 3337/3337 3338/3338
f 3338/3338 3337/3337 3339/3339
f 3337/3337 3334/3334 3339/3339
f 3334/3334 3335/3335 3339/3339
f 3335/3335 3320/3320 3339/3339
f 3339/3339 3320/3320 3340/3340
f 3320/3320 3321/3321 3340/3340
f 3340/3340 3321/3321 3341/3341
f 3321/3321 3322/3322 3341/3341
f 3323/3323 3324/3324 3342/3342
f 3324/3324 3325/3325 3342/3342
f 3342/3342 3325/3325 3343/3343
f 3325/3325 3326/3326 3343/3343
f 3326/3326 3327/3327 3343/3343
f 3343/3343 3327/3327 3344/3344
f 3327/3327 3328/3328 3344/3344
f 3344/3344 3328/3328 3345/3345
f 3328/3328 3329/3329 3345/3345
f 3345/3345 3329/3329 3346/3346
f 3329/3329 3330/3330 3346/3346
f 3346/3346 3330/3330 3348/3348
f 3348/3348 3330/3330 3349/3349
f 3330/3330 3331/3331 3349/3349
f 3332/3332 3333/3333 3350/3350
f 3333/3333 3334/3334 3350/3350
f 3350/3350 3334/3334 3351/3351
f 3334/3334 3337/3337 3351/3351
f 3337/3337 3336/3336 3351/3351
f 3351/3351 3336/3336 3352/3352
f 3336/3336 3309/3309 3352/3352
f 3309/3309 3304/3304 3352/3352
f 3304/3304 3303/3303 3352/3352
f 3352/3352 3303/3303 3354/3354
f 3303/3303 3305/3305 3354/3354
f 3305/3305 3307/3307 3354/3354
f 3354/3354 3307/3307 3355/3355
f 3307/3307 3306/3306 3355/3355
f 3356/3356 3357/3357 3358/3358
f 3358/3358 3357/3357 3359/3359
f 3359/3359 3357/3357 3360/3360
f 3357/3357 3356/3356 3360/3360
f 3355/3355 3306/3306 3361/3361
f 3361/3361 3306/3306 3363/3363
f 3306/3306 3308/3308 3363/3363
f 3308/3308 3309/3309 3363/3363
f 3309/3309 3336/3336 3363/3363
f 3336/3336 3338/3338 3363/3363
f 3338/3338 3339/3339 3363/3363
f 3363/3363 3339/3339 3365/3365
f 3339/3339 3340/3340 3365/3365
f 3340/3340 3341/3341 3365/3365
f 3365/3365 3341/3341 3366/3366
f 3367/3367 3342/3342 3368/3368
f 3342/3342 3343/3343 3368/3368
f 3343/3343 3344/3344 3368/3368
f 3368/3368 3344/3344 3369/3369
f 3344/3344 3345/3345 3369/3369
f 3369/3369 3345/3345 3370/3370
f 3345/3345 3346/3346 3370/3370
f 3370/3370 3346/3346 3371/3371
f 3346/3346 3348/3348 3371/3371
f 3372/3372 3347/3347 3373/3373
f 3347/3347 3350/3350 3373/3373
f 3350/3350 3351/3351 3373/3373
f 3351/3351 3352/3352 3373/3373
f 3352/3352 3354/3354 3373/3373
f 3353/3353 3375/3375 3374/3374
f 3374/3374 3375/3375 3376/3376
f 3375/3375 3377/3377 3376/3376
f 3376/3376 3377/3377 3378/3378
f 3378/3378 3377/3377 3379/3379
f 3377/3377 3375/3375 3379/3379
f 3375/3375 3353/3353 3379/3379
f 3353/3353 3356/3356 3379/3379
f 3356/3356 3358/3358 3379/3379
f 3358/3358 3359/3359 3379/3379
f 3379/3379 3359/3359 3380/3380
f 3380/3380 3359/3359 3381/3381
f 3359/3359 3360/3360 3381/3381
f 3360/3360 3362/3362 3381/3381
f 3362/3362 3364/3364 3381/3381
f 3364/3364 3367/3367 3381/3381
f 3367/3367 3368/3368 3381/3381
f 3381/3381 3368/3368 3382/3382
f 3368/3368 3369/3369 3382/3382
f 3382/3382 3369/3369 3383/3383
f 3383/3383 3369/3369 3384/3384
f 3369/3369 3370/3370 3384/3384
f 3384/3384 3370/3370 3385/3385
f 3370/3370 3371/3371 3385/3385
f 3371/3371 3374/3374 3385/3385
f 3374/3374 3376/3376 3385/3385
f 3385/3385 3376/3376 3386/3386
f 3376/3376 3378/3378 3386/3386
f 3386/3386 3378/3378 3387/3387
f 3378/3378 3379/3379 3387/3387
f 3387/3387 3379/3379 3388/3388
f 3379/3379 3380/3380 3388/3388
f 3388/3388 3380/3380 3389/3389
f 3380/3380 3381/3381 3389/3389
f 3389/3389 3381/3381 3390/3390
f 3381/3381 3382/3382 3390/3390
f 3382/3382 3383/3383 3390/3390
f 3383/3383 3384/3384 3390/3390
f 3384/3384 3385/3385 3390/3390
f 3390/3390 3385/3385 3391/3391
f 3385/3385 3386/3386 3391/3391
f 3386/3386 3387/3387 3391/3391
f 3391/3391 3387/3387 3392/3392
f 3387/3387 3388/3388 3392/3392
f 3392/3392 3388/3388 3393/3393
f 3388/3388 3389/3389 3393/3393
f 3389/3389 3390/3390 3393/3393
f 3390/3390 3391/3391 3393/3393
f 3395/3395 3396/3396 3398/3398
f 3398/3398 3396/3396 3400/3400
f 3396/3396 3401/3401 3400/3400
f 3400/3400 3401/3401 3406/3406
f 3406/3406 3401/3401 3408/3408
f 3401/3401 3396/3396 3408/3408
f 3396/3396 3395/3395 3408/3408
f 3408/3408 3395/3395 3409/3409
f 3412/3412 3394/3394 3414/3414
f 3395/3395 3398/3398 3413/3413
f 3417/3417 3397/3397 3418/3418
f 3397/3397 3399/3399 3418/3418
f 3399/3399 3402/3402 3418/3418
f 3421/3421 3403/3403 3422/3422
f 3424/3424 3404/3404 3426/3426
f 3405/3405 3407/3407 3425/3425
f 3407/3407 3410/3410 3425/3425
f 3426/3426 3411/3411 3428/3428
f 3412/3412 3414/3414 3427/3427
f 3429/3429 3415/3415 3431/3431
f 3416/3416 3419/3419 3430/3430
f 3431/3431 3420/3420 3432/3432
f 3420/3420 3423/3423 3432/3432
f 3432/3432 3423/3423 3433/3433
f 3424/3424 3426/3426 3434/3434
f 3434/3434 3426/3426 3435/3435
f 3426/3426 3428/3428 3435/3435
f 3437/3437 3429/3429 3439/3439
f 3429/3429 3431/3431 3439/3439
f 3439/3439 3431/3431 3441/3441
f 3431/3431 3432/3432 3441/3441
f 3441/3441 3432/3432 3443/3443
f 3432/3432 3433/3433 3443/3443
f 3445/3445 3444/3444 3447/3447
f 3442/3442 3434/3434 3446/3446
f 3434/3434 3435/3435 3446/3446
f 3447/3447 3436/3436 3449/3449
f 3437/3437 3439/3439 3448/3448
f 3450/3450 3438/3438 3452/3452
f 3439/3439 3441/3441 3451/3451
f 3453/3453 3440/3440 3455/3455
f 3441/3441 3443/3443 3454/3454
f 3444/3444 3445/3445 3455/3455
f 3455/3455 3445/3445 3458/3458
f 3458/3458 3445/3445 3462/3462
f 3462/3462 3445/3445 3463/3463
f 3445/3445 3447/3447 3463/3463
f 3447/3447 3449/3449 3463/3463
f 3465/3465 3450/3450 3467/3467
f 3450/3450 3452/3452 3467/3467
f 3467/3467 3452/3452 3469/3469
f 3453/3453 3455/3455 3468/3468
f 3455/3455 3458/3458 3468/3468
f 3471/3471 3456/3456 3473/3473
f 3473/3473 3456/3456 3475/3475
f 3457/3457 3459/3459 3474/3474
f 3476/3476 3460/3460 3477/3477
f 3477/3477 3460/3460 3478/3478
f 3461/3461 3464/3464 3479/3479
f 3464/3464 3466/3466 3479/3479
f 3479/3479 3466/3466 3481/3481
f 3466/3466 3470/3470 3481/3481
f 3471/3471 3473/3473 3480/3480
f 3483/3483 3472/3472 3485/3485
f 3485/3485 3472/3472 3487/3487
f 3472/3472 3476/3476 3487/3487
f 3476/3476 3477/3477 3487/3487
f 3487/3487 3477/3477 3490/3490
f 3477/3477 3478/3478 3490/3490
f 3490/3490 3478/3478 3492/3492
f 3478/3478 3482/3482 3492/3492
f 3492/3492 3482/3482 3494/3494
f 3483/3483 3485/3485 3493/3493
f 3495/3495 3484/3484 3496/3496
f 3496/3496 3484/3484 3497/3497
f 3484/3484 3486/3486 3497/3497
f 3486/3486 3488/3488 3497/3497
f 3497/3497 3488/3488 3498/3498
f 3489/3489 3491/3491 3499/3499
f 3499/3499 3491/3491 3500/3500
f 3491/3491 3495/3495 3500/3500
f 3500/3500 3495/3495 3501/3501
f 3495/3495 3496/3496 3501/3501
f 3501/3501 3496/3496 3503/3503
f 3503/3503 3496/3496 3504/3504
f 3496/3496 3497/3497 3504/3504
f 3497/3497 3498/3498 3504/3504
f 3506/3506 3499/3499 3508/3508
f 3499/3499 3500/3500 3508/3508
f 3508/3508 3500/3500 3510/3510
f 3510/3510 3500/3500 3511/3511
f 3500/3500 3501/3501 3511/3511
f 3501/3501 3503/3503 3511/3511
f 3513/3513 3502/3502 3514/3514
f 3514/3514 3502/3502 3515/3515
f 3502/3502 3505/3505 3515/3515
f 3505/3505 3507/3507 3515/3515
f 3515/3515 3507/3507 3516/3516
f 3507/3507 3509/3509 3516/3516
f 3519/3519 3516/3516 3520/3520
f 3516/3516 3509/3509 3520/3520
f 3520/3520 3509/3509 3521/3521
f 3509/3509 3512/3512 3521/3521
f 3513/3513 3514/3514 3522/3522
f 3522/3522 3514/3514 3526/3526
f 3514/3514 3515/3515 3526/3526
f 3526/3526 3515/3515 3527/3527
f 3515/3515 3516/3516 3527/3527
f 3516/3516 3519/3519 3527/3527
f 3528/3528 3517/3517 3529/3529
f 3529/3529 3517/3517 3530/3530
f 3532/3532 3531/3531 3533/3533
f 3531/3531 3518/3518 3533/3533
f 3519/3519 3520/3520 3534/3534
f 3534/3534 3520/3520 3535/3535
f 3520/3520 3521/3521 3535/3535
f 3521/3521 3523/3523 3535/3535
f 3536/3536 3524/3524 3537/3537
f 3525/3525 3528/3528 3538/3538
f 3528/3528 3529/3529 3538/3538
f 3538/3538 3529/3529 3539/3539
f 3529/3529 3530/3530 3539/3539
f 3531/3531 3532/3532 3540/3540
f 3532/3532 3533/3533 3540/3540
f 3533/3533 3536/3536 3540/3540
f 3542/3542 3544/3544 3546/3546
f 3546/3546 3544/3544 3547/3547
f 3551/3551 3547/3547 3552/3552
f 3547/3547 3544/3544 3552/3552
f 3554/3554 3543/3543 3555/3555
f 3543/3543 3541/3541 3555/3555
f 3541/3541 3545/3545 3555/3555
f 3561/3561 3558/3558 3564/3564
f 3555/3555 3545/3545 3563/3563
f 3546/3546 3547/3547 3562/3562
f 3547/3547 3551/3551 3562/3562
f 3565/3565 3548/3548 3566/3566
f 3567/3567 3549/3549 3569/3569
f 3550/3550 3553/3553 3568/3568
f 3553/3553 3556/3556 3568/3568
f 3557/3557 3559/3559 3569/3569
f 3569/3569 3559/3559 3570/3570
f 3560/3560 3565/3565 3571/3571
f 3565/3565 3566/3566 3571/3571
f 3574/3574 3576/3576 3577/3577
f 3576/3576 3580/3580 3577/3577
f 3581/3581 3578/3578 3583/3583
f 3578/3578 3579/3579 3583/3583
f 3583/3583 3579/3579 3584/3584
f 3579/3579 3575/3575 3584/3584
f 3575/3575 3572/3572 3584/3584
f 3586/3586 3573/3573 3588/3588
f 3573/3573 3578/3578 3588/3588
f 3578/3578 3581/3581 3588/3588
f 3588/3588 3581/3581 3589/3589
f 3581/3581 3583/3583 3589/3589
f 3590/3590 3582/3582 3592/3592
f 3583/3583 3584/3584 3591/3591
f 3595/3595 3593/3593 3596/3596
f 3593/3593 3585/3585 3596/3596
f 3596/3596 3585/3585 3598/3598
f 3586/3586 3588/3588 3597/3597
f 3587/3587 3590/3590 3598/3598
f 3598/3598 3590/3590 3600/3600
f 3590/3590 3592/3592 3600/3600
f 3593/3593 3595/3595 3599/3599
f 3601/3601 3594/3594 3602/3602
f 3595/3595 3596/3596 3603/3603
f 3603/3603 3596/3596 3605/3605
f 3596/3596 3598/3598 3605/3605
f 3598/3598 3600/3600 3605/3605
f 3606/3606 3607/3607 3610/3610
f 3610/3610 3607/3607 3611/3611
f 3613/3613 3612/3612 3614/3614
f 3615/3615 3611/3611 3616/3616
f 3611/3611 3607/3607 3616/3616
f 3607/3607 3606/3606 3616/3616
f 3616/3616 3606/3606 3617/3617
f 3606/3606 3610/3610 3617/3617
f 3619/3619 3608/3608 3622/3622
f 3622/3622 3608/3608 3623/3623
f 3609/3609 3612/3612 3625/3625
f 3625/3625 3612/3612 3626/3626
f 3612/3612 3613/3613 3626/3626
f 3613/3613 3614/3614 3626/3626
f 3626/3626 3614/3614 3627/3627
f 3615/3615 3616/3616 3629/3629
f 3629/3629 3616/3616 3631/3631
f 3616/3616 3617/3617 3631/3631
f 3631/3631 3617/3617 3632/3632
f 3618/3618 3620/3620 3633/3633
f 3633/3633 3620/3620 3634/3634
f 3635/3635 3621/3621 3636/3636
f 3621/3621 3624/3624 3636/3636
f 3636/3636 3624/3624 3638/3638
f 3625/3625 3626/3626 3637/3637
f 3626/3626 3627/3627 3637/3637
f 3638/3638 3628/3628 3640/3640
f 3629/3629 3631/3631 3639/3639
f 3641/3641 3630/3630 3642/3642
f 3630/3630 3633/3633 3642/3642
f 3642/3642 3633/3633 3644/3644
f 3633/3633 3634/3634 3644/3644
f 3644/3644 3634/3634 3645/3645
f 3647/3647 3635/3635 3649/3649
f 3635/3635 3636/3636 3649/3649
f 3649/3649 3636/3636 3650/3650
f 3636/3636 3638/3638 3650/3650
f 3638/3638 3640/3640 3650/3650
f 3650/3650 3640/3640 3651/3651
f 3641/3641 3642/3642 3653/3653
f 3653/3653 3642/3642 3655/3655
f 3642/3642 3644/3644 3655/3655
f 3655/3655 3644/3644 3656/3656
f 3643/3643 3646/3646 3658/3658
f 3662/3662 3658/3658 3664/3664
f 3658/3658 3646/3646 3664/3664
f 3664/3664 3646/3646 3665/3665
f 3646/3646 3648/3648 3665/3665
f 3665/3665 3648/3648 3667/3667
f 3649/3649 3650/3650 3666/3666
f 3650/3650 3651/3651 3666/3666
f 3668/3668 3652/3652 3670/3670
f 3653/3653 3655/3655 3669/3669
f 3670/3670 3654/3654 3671/3671
f 3654/3654 3657/3657 3671/3671
f 3657/3657 3659/3659 3671/3671
f 3671/3671 3659/3659 3672/3672
f 3673/3673 3660/3660 3674/3674
f 3674/3674 3660/3660 3675/3675
f 3661/3661 3663/3663 3677/3677
f 3677/3677 3663/3663 3679/3679
f 3679/3679 3663/3663 3680/3680
f 3680/3680 3663/3663 3681/3681
f 3664/3664 3665/3665 3682/3682
f 3682/3682 3665/3665 3683/3683
f 3665/3665 3667/3667 3683/3683
f 3668/3668 3670/3670 3685/3685
f 3685/3685 3670/3670 3686/3686
f 3670/3670 3671/3671 3686/3686
f 3671/3671 3672/3672 3686/3686
f 3673/3673 3674/3674 3687/3687
f 3687/3687 3674/3674 3689/3689
f 3689/3689 3674/3674 3690/3690
f 3674/3674 3675/3675 3690/3690
f 3691/3691 3676/3676 3692/3692
f 3676/3676 3678/3678 3692/3692
f 3692/3692 3678/3678 3694/3694
f 3694/3694 3678/3678 3695/3695
f 3679/3679 3680/3680 3697/3697
f 3697/3697 3680/3680 3698/3698
f 3680/3680 3681/3681 3698/3698
f 3681/3681 3684/3684 3698/3698
f 3698/3698 3684/3684 3699/3699
f 3684/3684 3687/3687 3699/3699
f 3687/3687 3689/3689 3699/3699
f 3699/3699 3689/3689 3700/3700
f 3688/3688 3691/3691 3701/3701
f 3701/3701 3691/3691 3702/3702
f 3691/3691 3692/3692 3702/3702
f 3702/3702 3692/3692 3703/3703
f 3692/3692 3694/3694 3703/3703
f 3703/3703 3694/3694 3704/3704
f 3706/3706 3693/3693 3707/3707
f 3693/3693 3696/3696 3707/3707
f 3707/3707 3696/3696 3709/3709
f 3697/3697 3698/3698 3708/3708
f 3698/3698 3699/3699 3708/3708
f 3699/3699 3700/3700 3708/3708
f 3709/3709 3701/3701 3710/3710
f 3701/3701 3702/3702 3710/3710
f 3710/3710 3702/3702 3712/3712
f 3702/3702 3703/3703 3712/3712
f 3712/3712 3703/3703 3713/3713
f 3703/3703 3704/3704 3713/3713
f 3715/3715 3705/3705 3716/3716
f 3717/3717 3706/3706 3719/3719
f 3706/3706 3707/3707 3719/3719
f 3719/3719 3707/3707 3720/3720
f 3707/3707 3709/3709 3720/3720
f 3709/3709 3710/3710 3720/3720
f 3720/3720 3710/3710 3721/3721
f 3710/3710 3712/3712 3721/3721
f 3722/3722 3711/3711 3723/3723
f 3711/3711 3714/3714 3723/3723
f 3723/3723 3714/3714 3724/3724
f 3715/3715 3716/3716 3725/3725
f 3727/3727 3725/3725 3728/3728
f 3725/3725 3716/3716 3728/3728
f 3728/3728 3716/3716 3729/3729
f 3716/3716 3718/3718 3729/3729
f 3729/3729 3718/3718 3731/3731
f 3719/3719 3720/3720 3730/3730
f 3720/3720 3721/3721 3730/3730
f 3731/3731 3722/3722 3732/3732
f 3722/3722 3723/3723 3732/3732
f 3732/3732 3723/3723 3734/3734
f 3723/3723 3724/3724 3734/3734
f 3725/3725 3727/3727 3733/3733
f 3736/3736 3726/3726 3738/3738
f 3726/3726 3739/3739 3738/3738
f 3738/3738 3739/3739 3740/3740
f 3740/3740 3739/3739 3741/3741
f 3739/3739 3726/3726 3741/3741
f 3727/3727 3728/3728 3742/3742
f 3742/3742 3728/3728 3745/3745
f 3728/3728 3729/3729 3745/3745
f 3745/3745 3729/3729 3746/3746
f 3729/3729 3731/3731 3746/3746
f 3731/3731 3732/3732 3746/3746
f 3746/3746 3732/3732 3747/3747
f 3732/3732 3734/3734 3747/3747
f 3735/3735 3737/3737 3748/3748
f 3737/3737 3749/3749 3748/3748
f 3748/3748 3749/3749 3750/3750
f 3751/3751 3750/3750 3753/3753
f 3750/3750 3749/3749 3753/3753
f 3749/3749 3737/3737 3753/3753
f 3738/3738 3740/3740 3752/3752
f 3740/3740 3741/3741 3752/3752
f 3741/3741 3743/3743 3752/3752
f 3753/3753 3744/3744 3755/3755
f 3745/3745 3746/3746 3754/3754
f 3746/3746 3747/3747 3754/3754
f 3748/3748 3750/3750 3755/3755
f 3750/3750 3751/3751 3755/3755
f 3757/3757 3759/3759 3760/3760
f 3758/3758 3762/3762 3761/3761
f 3761/3761 3762/3762 3764/3764
f 3762/3762 3766/3766 3764/3764
f 3764/3764 3766/3766 3767/3767
f 3765/3765 3769/3769 3768/3768
f 3768/3768 3769/3769 3770/3770
f 3769/3769 3773/3773 3770/3770
f 3772/3772 3775/3775 3771/3771
f 3771/3771 3775/3775 3776/3776
f 3777/3777 3774/3774 3778/3778
f 3774/3774 3779/3779 3778/3778
f 3779/3779 3781/3781 3778/3778
f 3778/3778 3781/3781 3782/3782
f 3783/3783 3780/3780 3784/3784
f 3780/3780 3785/3785 3784/3784
f 3784/3784 3785/3785 3786/3786
f 3785/3785 3791/3791 3786/3786
f 3788/3788 3789/3789 3793/3793
f 3792/3792 3790/3790 3795/3795
f 3796/3796 3795/3795 3798/3798
f 3795/3795 3790/3790 3798/3798
f 3797/3797 3791/3791 3799/3799
f 3791/3791 3785/3785 3799/3799
f 3799/3799 3785/3785 3801/3801
f 3785/3785 3780/3780 3801/3801
f 3800/3800 3781/3781 3802/3802
f 3781/3781 3779/3779 3802/3802
f 3802/3802 3779/3779 3804/3804
f 3779/3779 3774/3774 3804/3804
f 3775/3775 3772/3772 3803/3803
f 3803/3803 3772/3772 3806/3806
f 3773/3773 3769/3769 3805/3805
f 3805/3805 3769/3769 3808/3808
f 3769/3769 3765/3765 3808/3808
f 3807/3807 3766/3766 3809/3809
f 3766/3766 3762/3762 3809/3809
f 3809/3809 3762/3762 3811/3811
f 3762/3762 3758/3758 3811/3811
f 3810/3810 3759/3759 3812/3812
f 3813/3813 3812/3812 3814/3814
f 3812/3812 3759/3759 3814/3814
f 3759/3759 3757/3757 3814/3814
f 3814/3814 3757/3757 3815/3815
f 3816/3816 3815/3815 3817/3817
f 3815/3815 3757/3757 3817/3817
f 3817/3817 3757/3757 3819/3819
f 3756/3756 3761/3761 3818/3818
f 3818/3818 3761/3761 3820/3820
f 3761/3761 3764/3764 3820/3820
f 3820/3820 3764/3764 3822/3822
f 3763/3763 3768/3768 3821/3821
f 3768/3768 3770/3770 3821/3821
f 3821/3821 3770/3770 3824/3824
f 3771/3771 3776/3776 3823/3823
f 3823/3823 3776/3776 3826/3826
f 3777/3777 3778/3778 3825/3825
f 3825/3825 3778/3778 3827/3827
f 3778/3778 3782/3782 3827/3827
f 3827/3827 3782/3782 3829/3829
f 3783/3783 3784/3784 3828/3828
f 3828/3828 3784/3784 3830/3830
f 3784/3784 3786/3786 3830/3830
f 3830/3830 3786/3786 3832/3832
f 3787/3787 3794/3794 3831/3831
f 3831/3831 3794/3794 3833/3833
f 3834/3834 3835/3835 3836/3836
f 3836/3836 3835/3835 3837/3837
f 3835/3835 3834/3834 3837/3837
f 3838/3838 3840/3840 3841/3841
f 3839/3839 3837/3837 3842/3842
f 3837/3837 3834/3834 3842/3842
f 3842/3842 3834/3834 3843/3843
f 3834/3834 3836/3836 3843/3843
f 3843/3843 3836/3836 3844/3844
f 3836/3836 3837/3837 3844/3844
f 3837/3837 3839/3839 3844/3844
f 3845/3845 3840/3840 3847/3847
f 3840/3840 3838/3838 3847/3847
f 3847/3847 3838/3838 3848/3848
f 3838/3838 3841/3841 3848/3848
f 3849/3849 3842/3842 3851/3851
f 3842/3842 3843/3843 3851/3851
f 3843/3843 3844/3844 3851/3851
f 3844/3844 3846/3846 3851/3851
f 3853/3853 3854/3854 3856/3856
f 3854/3854 3857/3857 3856/3856
f 3859/3859 3856/3856 3862/3862
f 3856/3856 3857/3857 3862/3862
f 3862/3862 3857/3857 3863/3863
f 3857/3857 3854/3854 3863/3863
f 3854/3854 3853/3853 3863/3863
f 3867/3867 3852/3852 3870/3870
f 3852/3852 3855/3855 3870/3870
f 3855/3855 3858/3858 3870/3870
f 3870/3870 3858/3858 3872/3872
f 3859/3859 3862/3862 3871/3871
f 3873/3873 3860/3860 3875/3875
f 3861/3861 3864/3864 3874/3874
f 3878/3878 3876/3876 3879/3879
f 3876/3876 3865/3865 3879/3879
f 3879/3879 3865/3865 3881/3881
f 3866/3866 3868/3868 3880/3880
f 3869/3869 3873/3873 3882/3882
f 3882/3882 3873/3873 3883/3883
f 3873/3873 3875/3875 3883/3883
f 3875/3875 3877/3877 3883/3883
f 3883/3883 3877/3877 3884/3884
f 3878/3878 3879/3879 3885/3885
f 3885/3885 3879/3879 3886/3886
f 3879/3879 3881/3881 3886/3886
f 3882/3882 3883/3883 3887/3887
f 3884/3884 3887/3887 3883/3883
f 3848/3848 3850/3850 3847/3847
f 3753/3753 3755/3755 3751/3751
f 3602/3602 3604/3604 3601/3601
f 3569/3569 3570/3570 3567/3567
f 3537/3537 3540/3540 3536/3536
f 3392/3392 3393/3393 3391/3391
f 3300/3300 3301/3301 3295/3295
f 3277/3277 3278/3278 3273/3273
f 3250/3250 3252/3252 3249/3249
f 3215/3215 3216/3216 3213/3213
f 3013/3013 3014/3014 3012/3012
f 2959/2959 2960/2960 2958/2958
f 2926/2926 2928/2928 2922/2922
f 2890/2890 2891/2891 2887/2887
f 2859/2859 2860/2860 2857/2857
f 2829/2829 2832/2832 2828/2828
f 2787/2787 2789/2789 2786/2786
f 2757/2757 2759/2759 2754/2754
f 2719/2719 2720/2720 2718/2718
f 2682/2682 2683/2683 2681/2681
f 2637/2637 2639/2639 2636/2636
f 2606/2606 2608/2608 2605/2605
f 2588/2588 2589/2589 2587/2587
f 2484/2484 2486/2486 2483/2483
f 2455/2455 2456/2456 2454/2454
f 2396/2396 2398/2398 2395/2395
f 2379/2379 2381/2381 2377/2377
f 2203/2203 2207/2207 2202/2202
f 2103/2103 2104/2104 2100/2100
f 1968/1968 1969/1969 1967/1967
f 1874/1874 1875/1875 1873/1873
f 1685/1685 1687/1687 1684/1684
f 1627/1627 1629/1629 1625/1625
f 1591/1591 1592/1592 1588/1588
f 1559/1559 1560/1560 1556/1556
f 1517/1517 1518/1518 1514/1514
f 1486/1486 1487/1487 1485/1485
f 1446/1446 1448/1448 1445/1445
f 1427/1427 1428/1428 1426/1426
f 1321/1321 1323/1323 1320/1320
f 1265/1265 1267/1267 1264/1264
f 1238/1238 1239/1239 1236/1236
f 1204/1204 1208/1208 1201/1201
f 1171/1171 1174/1174 1170/1170
f 1137/1137 1139/1139 1136/1136
f 1108/1108 1109/1109 1107/1107
f 1069/1069 1071/1071 1068/1068
f 1049/1049 1052/1052 1048/1048
f 1002/1002 1004/1004 1000/1000
f 962/962 963/963 961/961
f 857/857 859/859 856/856
f 828/828 831/831 826/826
f 809/809 810/810 808/808
f 719/719 721/721 718/718
f 665/665 668/668 664/664
f 627/627 628/628 624/624
f 605/605 606/606 604/604
f 546/546 547/547 543/543
f 512/512 513/513 511/511
f 477/477 479/479 476/476
f 457/457 460/460 456/456
f 410/410 412/412 409/409
f 369/369 370/370 368/368
f 270/270 273/273 269/269
f 254/254 255/255 252/252
f 164/164 165/165 163/163
f 110/110 111/111 109/109
f 75/75 76/76 73/73
f 55/55 56/56 53/53

