# https://github.com/mikedh/trimesh
mtllib material.mtl

o Crimson Berry Blossom Bush Mesh
usemtl Crimson Berry Blossom Bush Material
v 0.15136722 0.34082028 -0.15527344
v 0.16503909 0.33496091 -0.15332031
v 0.16503909 0.33496091 -0.15332031
v 0.16503909 0.33496091 -0.15332031
v 0.16503909 0.33496091 -0.16894531
v 0.16503909 0.33496091 -0.16894531
v 0.17285159 0.32519528 -0.16308594
v 0.16699222 0.32324216 -0.14160156
v 0.16699222 0.32324216 -0.14160156
v 0.17089847 0.29785153 -0.16699219
v 0.17089847 0.29785153 -0.16699219
v 0.17480472 0.32128903 -0.16894531
v 0.17480472 0.32128903 -0.16894531
v 0.17480472 0.32128903 -0.16894531
v 0.17675784 0.31152341 -0.15722656
v 0.17675784 0.31152341 -0.15722656
v 0.17675784 0.31152341 -0.15722656
v 0.17480472 0.31933591 -0.14941406
v 0.17480472 0.31933591 -0.14941406
v 0.17285159 0.30957028 -0.14160156
v 0.16113284 0.30566403 -0.13183594
v 0.16113284 0.30566403 -0.13183594
v 0.15917972 0.32128903 -0.13378906
v 0.15917972 0.32128903 -0.13378906
v 0.15332034 0.33300778 -0.14160156
v 0.15332034 0.33300778 -0.14160156
v 0.13964847 0.33886716 -0.14550781
v 0.14160159 0.34277341 -0.16503906
v 0.15136722 0.34082028 -0.17089844
v 0.15136722 0.34082028 -0.17089844
v 0.14941409 0.33886716 -0.17675781
v 0.14941409 0.33886716 -0.17675781
v 0.14941409 0.33886716 -0.17675781
v 0.16503909 0.32910153 -0.17675781
v 0.16503909 0.32910153 -0.17675781
v 0.16503909 0.32910153 -0.17675781
v 0.15722659 0.31738278 -0.18652344
v 0.15722659 0.31738278 -0.18652344
v 0.16699222 0.30761716 -0.17871094
v 0.16699222 0.30761716 -0.17871094
v 0.16113284 0.29980466 -0.18066406
v 0.16113284 0.29980466 -0.18066406
v 0.16308597 0.29199216 -0.17285156
v 0.16308597 0.29199216 -0.17285156
v 0.16308597 0.29199216 -0.17285156
v 0.15917972 0.28613278 -0.16308594
v 0.15917972 0.28613278 -0.16308594
v 0.16503909 0.29003903 -0.15527344
v 0.16503909 0.29003903 -0.15527344
v 0.17285159 0.30175778 -0.14550781
v 0.17285159 0.30175778 -0.14550781
v 0.17285159 0.30175778 -0.14550781
v 0.16113284 0.29980466 -0.13378906
v 0.16113284 0.29980466 -0.13378906
v 0.15136722 0.31152341 -0.12792969
v 0.15136722 0.31152341 -0.12792969
v 0.15136722 0.31152341 -0.12792969
v 0.14746097 0.32324216 -0.13183594
v 0.14746097 0.32324216 -0.13183594
v 0.13964847 0.33105466 -0.13574219
v 0.13964847 0.33105466 -0.13574219
v 0.13964847 0.33105466 -0.13574219
v 0.12792972 0.33496091 -0.14355469
v 0.12792972 0.33496091 -0.14355469
v 0.12792972 0.33496091 -0.14355469
v 0.12988284 0.34082028 -0.15722656
v 0.12988284 0.34082028 -0.15722656
v 0.13574222 0.34082028 -0.17089844
v 0.13574222 0.34082028 -0.17089844
v 0.13574222 0.34082028 -0.17089844
v 0.13574222 0.34082028 -0.17089844
v 0.12988284 0.32910153 -0.17871094
v 0.12988284 0.32910153 -0.17871094
v 0.14550784 0.32714841 -0.18457031
v 0.14355472 0.31347653 -0.18847656
v 0.14355472 0.31347653 -0.18847656
v 0.14355472 0.31347653 -0.18847656
v 0.15136722 0.30761716 -0.18652344
v 0.15136722 0.30761716 -0.18652344
v 0.15527347 0.29394528 -0.17871094
v 0.15527347 0.29394528 -0.17871094
v 0.15527347 0.29394528 -0.17871094
v 0.15332034 0.28613278 -0.16699219
v 0.15332034 0.28613278 -0.16699219
v 0.14550784 0.28417966 -0.15332031
v 0.15722659 0.28808591 -0.14355469
v 0.15722659 0.28808591 -0.14355469
v 0.15722659 0.28808591 -0.14355469
v 0.14160159 0.29003903 -0.13769531
v 0.14160159 0.29003903 -0.13769531
v 0.14160159 0.29003903 -0.13769531
v 0.14746097 0.30175778 -0.12792969
v 0.14746097 0.30175778 -0.12792969
v 0.13574222 0.31347653 -0.12792969
v 0.12792972 0.32324216 -0.13378906
v 0.12792972 0.32324216 -0.13378906
v 0.12011722 0.32910153 -0.14746094
v 0.12402347 0.33496091 -0.16113281
v 0.12402347 0.33496091 -0.16113281
v 0.12011722 0.32128903 -0.17089844
v 0.13183597 0.31542966 -0.18457031
v 0.13183597 0.31542966 -0.18457031
v 0.13183597 0.31542966 -0.18457031
v 0.13769534 0.30566403 -0.18457031
v 0.13769534 0.29589841 -0.17285156
v 0.13769534 0.28613278 -0.15917969
v 0.13769534 0.28613278 -0.15917969
v 0.13964847 0.28613278 -0.14941406
v 0.12792972 0.29394528 -0.14160156
v 0.12792972 0.29394528 -0.14160156
v 0.13183597 0.30761716 -0.12988281
v 0.13183597 0.30761716 -0.12988281
v 0.13183597 0.30761716 -0.12988281
v 0.12207035 0.31738278 -0.13574219
v 0.12207035 0.31738278 -0.13574219
v 0.12207035 0.31738278 -0.13574219
v 0.11621097 0.31542966 -0.16113281
v 0.11621097 0.31542966 -0.16113281
v 0.12011722 0.31152341 -0.17480469
v 0.12011722 0.31152341 -0.17480469
v 0.12207035 0.30371091 -0.17285156
v 0.12207035 0.30371091 -0.17285156
v 0.12402347 0.29589841 -0.16308594
v 0.12402347 0.29589841 -0.16308594
v 0.12792972 0.29003903 -0.15136719
v 0.12792972 0.29003903 -0.15136719
v 0.11816410 0.30566403 -0.14746094
v 0.11816410 0.30566403 -0.14746094
v 0.11816410 0.30566403 -0.14746094
v 0.11621097 0.30566403 -0.16503906
v 0.11621097 0.30566403 -0.16503906
v 0.11816410 0.29785153 -0.15722656
v 0.11816410 0.29785153 -0.15722656
v 0.11816410 0.29785153 -0.15722656
v 0.11816410 0.29785153 -0.15722656
v 0.20214847 0.29980466 -0.20605469
v 0.20214847 0.29980466 -0.20605469
v 0.20605472 0.29785153 -0.20605469
v 0.20605472 0.29785153 -0.20605469
v 0.20605472 0.29785153 -0.20605469
v 0.20605472 0.29785153 -0.20605469
v 0.20800784 0.29394528 -0.20410156
v 0.20800784 0.29394528 -0.20410156
v 0.20800784 0.29003903 -0.20019531
v 0.20800784 0.29003903 -0.20019531
v 0.20800784 0.29003903 -0.20019531
v 0.20605472 0.28222653 -0.19433594
v 0.20605472 0.28222653 -0.19433594
v 0.20605472 0.28222653 -0.19433594
v 0.20605472 0.28222653 -0.19433594
v 0.20410159 0.27636716 -0.18652344
v 0.20410159 0.27636716 -0.18652344
v 0.19238284 0.29785153 -0.20019531
v 0.19238284 0.29785153 -0.20019531
v 0.20019534 0.27050778 -0.18066406
v 0.20019534 0.27050778 -0.18066406
v 0.20019534 0.27050778 -0.18066406
v 0.19433597 0.33886716 -0.23535156
v 0.19433597 0.33886716 -0.23535156
v 0.19433597 0.33886716 -0.23535156
v 0.19042972 0.33886716 -0.23339844
v 0.19042972 0.33886716 -0.23339844
v 0.19042972 0.33886716 -0.23339844
v 0.19433597 0.33691403 -0.23339844
v 0.19433597 0.33691403 -0.23339844
v 0.19628909 0.33300778 -0.23144531
v 0.19628909 0.33300778 -0.23144531
v 0.19628909 0.33300778 -0.23144531
v 0.19628909 0.33300778 -0.23144531
v 0.19238284 0.32910153 -0.22558594
v 0.19238284 0.32910153 -0.22558594
v 0.18847659 0.33886716 -0.23339844
v 0.18847659 0.33886716 -0.23339844
v 0.18847659 0.33886716 -0.23339844
v 0.18847659 0.33886716 -0.23339844
v 0.17480472 0.36425778 -0.24707031
v 0.17480472 0.36425778 -0.24707031
v 0.16894534 0.37011716 -0.24707031
v 0.16894534 0.37011716 -0.24707031
v 0.16894534 0.37011716 -0.24707031
v 0.16894534 0.37011716 -0.24707031
v 0.16894534 0.37011716 -0.24707031
v 0.18066409 0.36035153 -0.24511719
v 0.18066409 0.36035153 -0.24511719
v 0.18066409 0.36035153 -0.24511719
v 0.18652347 0.35253903 -0.24316406
v 0.18652347 0.35253903 -0.24316406
v 0.18652347 0.35253903 -0.24316406
v 0.18847659 0.34667966 -0.23925781
v 0.18847659 0.34667966 -0.23925781
v 0.18847659 0.34667966 -0.23925781
v 0.18847659 0.34667966 -0.23925781
v 0.16113284 0.37207028 -0.24707031
v 0.16113284 0.37207028 -0.24707031
v 0.16113284 0.37207028 -0.24707031
v 0.14746097 0.37402341 -0.23925781
v 0.14746097 0.37402341 -0.23925781
v 0.15527347 0.37402341 -0.24511719
v 0.15527347 0.37402341 -0.24511719
v 0.14160159 0.36621091 -0.23144531
v 0.14160159 0.36621091 -0.23144531
v 0.18847659 0.33886716 -0.23339844
v 0.18847659 0.33886716 -0.23339844
v 0.13964847 0.37792966 -0.23925781
v 0.13964847 0.37792966 -0.23925781
v 0.13574222 0.37792966 -0.23730469
v 0.13574222 0.37792966 -0.23730469
v 0.14160159 0.37597653 -0.23925781
v 0.14160159 0.37597653 -0.23925781
v 0.13183597 0.37792966 -0.23535156
v 0.13183597 0.37792966 -0.23535156
v 0.14160159 0.36621091 -0.23144531
v 0.14160159 0.36621091 -0.23144531
v 0.13183597 0.37011716 -0.22949219
v 0.13183597 0.37011716 -0.22949219
v 0.09863285 0.37207028 -0.21386719
v 0.09863285 0.37207028 -0.21386719
v 0.09472660 0.37207028 -0.21191406
v 0.09472660 0.37207028 -0.21191406
v 0.10253910 0.36816403 -0.21191406
v 0.10253910 0.36816403 -0.21191406
v 0.10253910 0.36816403 -0.21191406
v 0.10253910 0.36816403 -0.21191406
v 0.09082035 0.37011716 -0.20800781
v 0.09082035 0.37011716 -0.20800781
v 0.08496097 0.36425778 -0.20214844
v 0.08496097 0.36425778 -0.20214844
v 0.08496097 0.36425778 -0.20214844
v 0.10449222 0.35644528 -0.20410156
v 0.10449222 0.35644528 -0.20410156
v 0.08300785 0.35839841 -0.19433594
v 0.08300785 0.35839841 -0.19433594
v 0.08300785 0.35839841 -0.19433594
v 0.13574222 0.29199216 -0.17675781
v 0.19238284 0.32910153 -0.22558594
v 0.19238284 0.32910153 -0.22558594
v 0.19238284 0.32910153 -0.22558594
v 0.19238284 0.29785153 -0.20019531
v 0.19238284 0.29785153 -0.20019531
v 0.19238284 0.29785153 -0.20019531
v 0.20019534 0.27050778 -0.18066406
v 0.20019534 0.27050778 -0.18066406
v 0.13574222 0.29199216 -0.17675781
v 0.19628909 0.26269528 -0.17285156
v 0.19628909 0.26269528 -0.17285156
v 0.19042972 0.25878903 -0.16699219
v 0.19042972 0.25878903 -0.16699219
v 0.18261722 0.25488278 -0.15917969
v 0.18261722 0.25488278 -0.15917969
v 0.18261722 0.25488278 -0.15917969
v 0.16894534 0.25292966 -0.14941406
v 0.16894534 0.25292966 -0.14941406
v 0.15136722 0.25292966 -0.13964844
v 0.15136722 0.25292966 -0.13964844
v 0.12988284 0.25292966 -0.12792969
v 0.12988284 0.25292966 -0.12792969
v 0.20019534 0.32128903 -0.22363281
v 0.20019534 0.32128903 -0.22363281
v 0.19824222 0.31152341 -0.21582031
v 0.19824222 0.31152341 -0.21582031
v 0.19238284 0.29785153 -0.20019531
v 0.19238284 0.29785153 -0.20019531
v 0.19238284 0.32910153 -0.22558594
v 0.19238284 0.32910153 -0.22558594
v 0.18847659 0.33886716 -0.23339844
v 0.14160159 0.36621091 -0.23144531
v 0.13183597 0.37011716 -0.22949219
v 0.13183597 0.37011716 -0.22949219
v 0.12011722 0.37597653 -0.22949219
v 0.12011722 0.37597653 -0.22949219
v 0.11425785 0.37011716 -0.21972656
v 0.11425785 0.37011716 -0.21972656
v 0.10449222 0.35644528 -0.20410156
v 0.10449222 0.35644528 -0.20410156
v 0.08300785 0.35839841 -0.19433594
v 0.08300785 0.35839841 -0.19433594
v 0.07910160 0.35253903 -0.18847656
v 0.07910160 0.35253903 -0.18847656
v 0.07714847 0.34472653 -0.18066406
v 0.07714847 0.34472653 -0.18066406
v 0.07519535 0.33691403 -0.17285156
v 0.07519535 0.33691403 -0.17285156
v 0.07519535 0.33691403 -0.17285156
v 0.07714847 0.32519528 -0.16699219
v 0.07714847 0.32519528 -0.16699219
v 0.07714847 0.32519528 -0.16699219
v 0.08105472 0.31152341 -0.15722656
v 0.08105472 0.31152341 -0.15722656
v 0.08886722 0.29394528 -0.14550781
v 0.08886722 0.29394528 -0.14550781
v 0.10058597 0.27246091 -0.13183594
v 0.10058597 0.27246091 -0.13183594
v 0.11230472 0.25488278 -0.12207031
v 0.11230472 0.25488278 -0.12207031
v 0.11230472 0.25488278 -0.12207031
v 0.11230472 0.25488278 -0.12207031
v 0.11230472 0.25488278 -0.12207031
v 0.11230472 0.25488278 -0.12207031
v 0.11230472 0.25488278 -0.12207031
v 0.18847659 0.33886716 -0.23339844
v 0.18847659 0.33886716 -0.23339844
v 0.14160159 0.36621091 -0.23144531
v 0.30175784 0.20605466 -0.19628906
v 0.29589847 0.21191403 -0.19433594
v 0.29589847 0.21191403 -0.19433594
v 0.30761722 0.19824216 -0.19433594
v 0.30761722 0.19824216 -0.19433594
v 0.30761722 0.19042966 -0.19042969
v 0.30371097 0.18261716 -0.18652344
v 0.28613284 0.21386716 -0.19238281
v 0.29785159 0.17480466 -0.18066406
v 0.27636722 0.21386716 -0.18652344
v 0.26660159 0.21191403 -0.18066406
v 0.25292972 0.20214841 -0.17285156
v 0.31738284 0.16894528 -0.18847656
v 0.31347659 0.17089841 -0.18652344
v 0.31347659 0.17089841 -0.18652344
v 0.31933597 0.16699216 -0.18847656
v 0.31933597 0.16113278 -0.18652344
v 0.31933597 0.16113278 -0.18652344
v 0.31933597 0.16113278 -0.18652344
v 0.30957034 0.17285153 -0.18652344
v 0.30957034 0.17285153 -0.18652344
v 0.31738284 0.15332028 -0.18261719
v 0.31347659 0.14550778 -0.17675781
v 0.30371097 0.17285153 -0.18261719
v 0.30761722 0.13964841 -0.17285156
v 0.29785159 0.13183591 -0.16503906
v 0.28417972 0.12597653 -0.15722656
v 0.24121097 0.18847653 -0.15917969
v 0.30371097 0.09863279 -0.15332031
v 0.30175784 0.09472654 -0.15136719
v 0.30371097 0.10253904 -0.15527344
v 0.30175784 0.10839842 -0.15722656
v 0.29785159 0.09082029 -0.14746094
v 0.29785159 0.11230467 -0.15722656
v 0.29199222 0.08496092 -0.14355469
v 0.28417972 0.08105467 -0.13769531
v 0.29199222 0.11816404 -0.15722656
v 0.27636722 0.07714842 -0.13183594
v 0.28417972 0.12597653 -0.15722656
v 0.26855472 0.07714842 -0.12792969
v 0.25683597 0.07910154 -0.12402344
v 0.24511722 0.08496092 -0.12207031
v 0.23730472 0.12988278 -0.13769531
v 0.24121097 0.18847653 -0.15917969
v 0.22949222 0.19824216 -0.15917969
v 0.23339847 0.19824216 -0.16113281
v 0.22753909 0.19433591 -0.15722656
v 0.23535159 0.19628903 -0.16113281
v 0.23925784 0.19433591 -0.16113281
v 0.22558597 0.19042966 -0.15332031
v 0.22363284 0.18261716 -0.14941406
v 0.22363284 0.16503903 -0.14160156
v 0.19433597 0.16113278 -0.12597656
v 0.17675784 0.15527341 -0.11425781
v 0.16113284 0.14550778 -0.10449219
v 0.15332034 0.13378903 -0.09472656
v 0.14746097 0.11816404 -0.08691406
v 0.23535159 0.07324217 -0.11230469
v 0.14746097 0.10253904 -0.08105469
v 0.22558597 0.06347654 -0.10253906
v 0.15136722 0.08691404 -0.07714844
v 0.21386722 0.05761716 -0.09472656
v 0.16113284 0.07324217 -0.07519531
v 0.20214847 0.05566404 -0.08691406
v 0.18652347 0.05761716 -0.08105469
v 0.17285159 0.06347654 -0.07714844
v 0.28417972 -0.11816409 -0.04589843
v 0.28417972 -0.11816409 -0.04589843
v 0.27832034 -0.12011722 -0.04003906
v 0.27832034 -0.12011722 -0.04003906
v 0.29003909 -0.11425784 -0.05175781
v 0.29003909 -0.11425784 -0.05175781
v 0.26855472 -0.11816409 -0.03027344
v 0.26855472 -0.11816409 -0.03027344
v 0.27832034 -0.17675784 -0.06542969
v 0.28613284 -0.19824222 -0.06933594
v 0.26660159 -0.25488284 -0.04394531
v 0.04589847 0.27050778 0.09667969
v 0.04589847 0.27050778 0.09667969
v 0.01660160 0.28613278 0.06152344
v 0.01660160 0.28613278 0.06152344
v 0.01660160 0.28613278 0.06152344
v 0.04785160 0.27246091 0.09667969
v 0.04785160 0.27246091 0.09667969
v 0.04589847 0.27246091 0.09863282
v 0.04589847 0.27246091 0.09863282
v 0.06542972 0.25488278 0.12011719
v 0.06542972 0.25488278 0.12011719
v 0.06933597 0.25683591 0.12011719
v 0.06933597 0.25683591 0.12011719
v 0.06542972 0.25683591 0.12402344
v 0.06542972 0.25683591 0.12402344
v 0.06542972 0.25683591 0.12402344
v 0.08105472 0.23925778 0.14355469
v 0.08105472 0.23925778 0.14355469
v 0.08105472 0.23925778 0.14355469
v 0.07910160 0.23535153 0.13769531
v 0.07910160 0.23535153 0.13769531
v 0.08496097 0.23730466 0.13964844
v 0.08496097 0.23730466 0.13964844
v 0.08496097 0.23730466 0.13964844
v 0.08496097 0.23730466 0.13964844
v 0.09082035 0.21777341 0.15527344
v 0.09082035 0.21777341 0.15527344
v 0.08886722 0.21386716 0.14941406
v 0.08886722 0.21386716 0.14941406
v 0.09472660 0.21582028 0.15136719
v 0.09472660 0.21582028 0.15136719
v 0.09667972 0.19238278 0.16113281
v 0.09667972 0.19238278 0.16113281
v 0.09667972 0.19238278 0.16113281
v 0.09472660 0.19238278 0.15527344
v 0.09472660 0.19238278 0.15527344
v 0.10058597 0.19238278 0.15917969
v 0.10058597 0.19238278 0.15917969
v 0.09863285 0.16699216 0.16308594
v 0.09863285 0.16699216 0.16308594
v 0.10253910 0.16699216 0.16113281
v 0.10253910 0.16699216 0.16113281
v 0.09277347 0.14550778 0.15332031
v 0.09277347 0.14550778 0.15332031
v 0.09277347 0.14550778 0.15332031
v 0.10058597 0.14355466 0.15722656
v 0.10058597 0.14355466 0.15722656
v 0.10058597 0.14355466 0.15722656
v 0.09667972 0.14355466 0.16113281
v 0.09667972 0.14355466 0.16113281
v 0.09667972 0.14355466 0.16113281
v 0.09667972 0.14355466 0.16113281
v 0.09472660 0.16699216 0.15722656
v 0.09472660 0.16699216 0.15722656
v 0.09472660 0.16699216 0.15722656
v 0.09472660 0.16699216 0.15722656
v 0.09863285 0.13769528 0.18847656
v 0.11621097 0.13769528 0.18457031
v 0.11621097 0.13769528 0.18457031
v 0.10058597 0.14746091 0.15332031
v 0.12988284 0.13964841 0.17089844
v 0.12988284 0.13964841 0.17089844
v 0.13378909 0.14160153 0.15332031
v 0.13378909 0.14160153 0.15332031
v 0.12988284 0.13964841 0.13574219
v 0.12988284 0.13964841 0.13574219
v 0.11621097 0.13964841 0.12402344
v 0.11621097 0.13964841 0.12402344
v 0.09863285 0.13964841 0.12011719
v 0.08300785 0.14160153 0.12402344
v 0.08300785 0.14160153 0.12402344
v 0.06933597 0.14160153 0.13574219
v 0.06933597 0.14160153 0.13574219
v 0.06542972 0.14355466 0.15332031
v 0.06542972 0.14355466 0.15332031
v 0.00878910 0.15917966 0.13964844
v 0.00878910 0.15917966 0.13964844
v 0.00878910 0.15917966 0.13964844
v 0.04394535 0.14160153 0.13183594
v 0.04394535 0.14160153 0.13183594
v 0.04394535 0.14160153 0.13183594
v 0.04394535 0.14160153 0.13183594
v 0.04394535 0.14160153 0.13183594
v 0.01855472 0.15722653 0.11816407
v 0.01855472 0.15722653 0.11816407
v 0.01855472 0.15722653 0.11816407
v 0.05371097 0.14160153 0.10644532
v 0.05371097 0.14160153 0.10644532
v 0.05371097 0.14160153 0.10644532
v 0.05371097 0.14160153 0.10644532
v 0.05957035 0.15722653 0.06542969
v 0.05957035 0.15722653 0.06542969
v 0.05957035 0.15722653 0.06542969
v 0.07714847 0.13964841 0.09863282
v 0.07714847 0.13964841 0.09863282
v 0.07714847 0.13964841 0.09863282
v 0.07714847 0.13964841 0.09863282
v 0.09863285 0.14160153 0.09667969
v 0.09863285 0.14160153 0.09667969
v 0.12207035 0.13769528 0.09863282
v 0.12207035 0.13769528 0.09863282
v 0.12207035 0.13769528 0.09863282
v 0.12207035 0.13769528 0.09863282
v 0.14160159 0.15136716 0.06542969
v 0.14160159 0.15136716 0.06542969
v 0.14160159 0.15136716 0.06542969
v 0.14550784 0.13769528 0.10644532
v 0.14550784 0.13769528 0.10644532
v 0.18066409 0.14941403 0.11816407
v 0.18066409 0.14941403 0.11816407
v 0.18066409 0.14941403 0.11816407
v 0.15332034 0.13574216 0.13183594
v 0.15332034 0.13574216 0.13183594
v 0.15332034 0.13574216 0.13183594
v 0.15332034 0.13574216 0.13183594
v 0.15332034 0.13574216 0.13183594
v 0.19238284 0.14941403 0.13964844
v 0.19238284 0.14941403 0.13964844
v 0.19238284 0.14941403 0.13964844
v 0.15527347 0.13769528 0.15332031
v 0.15527347 0.13769528 0.15332031
v 0.15527347 0.13769528 0.15332031
v 0.15527347 0.13769528 0.15332031
v 0.15332034 0.13574216 0.17480469
v 0.15332034 0.13574216 0.17480469
v 0.15332034 0.13574216 0.17480469
v 0.15332034 0.13574216 0.17480469
v 0.18066409 0.14941403 0.19042969
v 0.18066409 0.14941403 0.19042969
v 0.18066409 0.14941403 0.19042969
v 0.14550784 0.13378903 0.20214844
v 0.14550784 0.13378903 0.20214844
v 0.14160159 0.14550778 0.23730469
v 0.14160159 0.14550778 0.23730469
v 0.14160159 0.14550778 0.23730469
v 0.12207035 0.13378903 0.20996094
v 0.12207035 0.13378903 0.20996094
v 0.12207035 0.13378903 0.20996094
v 0.09863285 0.13769528 0.20996094
v 0.09863285 0.13769528 0.20996094
v 0.09863285 0.13769528 0.20996094
v 0.07714847 0.13574216 0.20996094
v 0.07714847 0.13574216 0.20996094
v 0.07714847 0.13574216 0.20996094
v 0.07714847 0.13574216 0.20996094
v 0.05957035 0.14941403 0.23730469
v 0.05957035 0.14941403 0.23730469
v 0.05957035 0.14941403 0.23730469
v 0.08300785 0.13964841 0.18457031
v 0.08300785 0.13964841 0.18457031
v 0.06933597 0.14160153 0.17089844
v 0.06933597 0.14160153 0.17089844
v 0.04394535 0.14355466 0.15332031
v 0.04394535 0.14355466 0.15332031
v 0.04394535 0.14355466 0.15332031
v 0.04394535 0.14355466 0.15332031
v 0.04394535 0.14355466 0.15332031
v 0.10058597 0.10644529 0.15332031
v 0.10058597 0.10644529 0.15332031
v 0.10058597 0.10644529 0.15332031
v 0.10058597 0.10644529 0.15332031
v 0.10058597 0.10644529 0.15332031
v 0.10058597 0.10644529 0.15332031
v 0.10058597 0.10644529 0.15332031
v 0.10058597 0.10644529 0.15332031
v 0.10058597 0.10644529 0.15332031
v 0.10058597 0.10644529 0.15332031
v 0.05371097 0.13964841 0.20214844
v 0.05371097 0.13964841 0.20214844
v 0.05371097 0.13964841 0.20214844
v 0.05371097 0.13964841 0.20214844
v 0.01855472 0.15527341 0.19042969
v 0.01855472 0.15527341 0.19042969
v 0.01855472 0.15527341 0.19042969
v 0.04394535 0.13964841 0.17480469
v 0.04394535 0.13964841 0.17480469
v 0.04394535 0.13964841 0.17480469
v 0.04394535 0.13964841 0.17480469
v 0.04394535 0.13964841 0.17480469
v 0.27636722 -0.02636721 0.06542969
v 0.27636722 -0.02636721 0.06542969
v 0.28808597 -0.02246096 0.07519531
v 0.28808597 -0.02246096 0.07519531
v 0.28808597 -0.02246096 0.07519531
v 0.28613284 -0.03808596 0.07128906
v 0.29394534 -0.02832034 0.08105469
v 0.29394534 -0.02832034 0.08105469
v 0.29394534 -0.02832034 0.08105469
v 0.28613284 -0.01464846 0.08300781
v 0.28613284 -0.01464846 0.08300781
v 0.27441409 -0.01464846 0.07519531
v 0.27441409 -0.01464846 0.07519531
v 0.27441409 -0.01464846 0.07519531
v 0.26464847 -0.02246096 0.06738281
v 0.26464847 -0.02246096 0.06738281
v 0.25878909 -0.03613284 0.06542969
v 0.25878909 -0.03613284 0.06542969
v 0.25878909 -0.03613284 0.06542969
v 0.27050784 -0.03808596 0.06347656
v 0.27050784 -0.03808596 0.06347656
v 0.27050784 -0.03808596 0.06347656
v 0.27050784 -0.04785159 0.06542969
v 0.27050784 -0.04785159 0.06542969
v 0.28027347 -0.05371096 0.07519531
v 0.28027347 -0.05371096 0.07519531
v 0.28027347 -0.05371096 0.07519531
v 0.28027347 -0.05371096 0.07519531
v 0.29199222 -0.04785159 0.08300781
v 0.29199222 -0.04785159 0.08300781
v 0.29589847 -0.03808596 0.08496094
v 0.29589847 -0.03808596 0.08496094
v 0.29589847 -0.03808596 0.08496094
v 0.29589847 -0.03808596 0.08496094
v 0.29394534 -0.03613284 0.09667969
v 0.29394534 -0.03613284 0.09667969
v 0.29394534 -0.03613284 0.09667969
v 0.29003909 -0.02441409 0.09277344
v 0.29003909 -0.02441409 0.09277344
v 0.29003909 -0.02441409 0.09277344
v 0.29003909 -0.02441409 0.09277344
v 0.28222659 -0.02246096 0.10253907
v 0.28222659 -0.02246096 0.10253907
v 0.28222659 -0.02246096 0.10253907
v 0.27636722 -0.01269534 0.09472656
v 0.27636722 -0.01269534 0.09472656
v 0.27636722 -0.01269534 0.09472656
v 0.26660159 -0.01269534 0.08691406
v 0.26660159 -0.01269534 0.08691406
v 0.25878909 -0.01660159 0.07910156
v 0.25878909 -0.01660159 0.07910156
v 0.25878909 -0.01660159 0.07910156
v 0.25878909 -0.01660159 0.07910156
v 0.25097659 -0.03222659 0.07714844
v 0.25097659 -0.03222659 0.07714844
v 0.25097659 -0.04394534 0.08105469
v 0.25097659 -0.04394534 0.08105469
v 0.25097659 -0.04394534 0.08105469
v 0.26074222 -0.04785159 0.07128906
v 0.26074222 -0.04785159 0.07128906
v 0.26660159 -0.05761721 0.07714844
v 0.26660159 -0.05761721 0.07714844
v 0.27832034 -0.05761721 0.08691406
v 0.27832034 -0.05761721 0.08691406
v 0.28808597 -0.04980471 0.09667969
v 0.28808597 -0.04980471 0.09667969
v 0.28808597 -0.04980471 0.09667969
v 0.28808597 -0.04980471 0.09667969
v 0.28027347 -0.04394534 0.10644532
v 0.28027347 -0.04394534 0.10644532
v 0.28027347 -0.04394534 0.10644532
v 0.28417972 -0.03417971 0.10644532
v 0.28417972 -0.03417971 0.10644532
v 0.27050784 -0.02441409 0.10449219
v 0.26269534 -0.01855471 0.09667969
v 0.26269534 -0.01855471 0.09667969
v 0.26269534 -0.01855471 0.09667969
v 0.25292972 -0.02636721 0.08886719
v 0.25292972 -0.02636721 0.08886719
v 0.25292972 -0.03808596 0.09277344
v 0.25292972 -0.03808596 0.09277344
v 0.25292972 -0.03808596 0.09277344
v 0.25292972 -0.03808596 0.09277344
v 0.25683597 -0.05371096 0.08691406
v 0.25683597 -0.05371096 0.08691406
v 0.25683597 -0.05371096 0.08691406
v 0.27050784 -0.05566409 0.09863282
v 0.27050784 -0.05566409 0.09863282
v 0.27050784 -0.05566409 0.09863282
v 0.27050784 -0.05566409 0.09863282
v 0.27050784 -0.03613284 0.10644532
v 0.25878909 -0.03222659 0.10058594
v 0.25878909 -0.03222659 0.10058594
v 0.26074222 -0.04785159 0.09863282
v 0.26074222 -0.04785159 0.09863282
v 0.27636722 -0.02246096 0.08105469
v 0.27636722 -0.02246096 0.08105469
v 0.27636722 -0.02246096 0.08105469
v 0.28808597 -0.00683596 0.07128906
v 0.28808597 -0.00683596 0.07128906
v 0.28808597 -0.00683596 0.07128906
v 0.28417972 -0.00878909 0.06542969
v 0.28417972 -0.00878909 0.06542969
v 0.28417972 -0.00878909 0.06542969
v 0.28417972 -0.00878909 0.06542969
v 0.28417972 -0.00878909 0.06542969
v 0.31152347 -0.00292971 0.04980469
v 0.31152347 -0.00292971 0.04980469
v 0.31152347 -0.00292971 0.04980469
v 0.31152347 -0.00878909 0.05566407
v 0.31152347 -0.00878909 0.05566407
v 0.31152347 -0.00878909 0.05566407
v 0.31152347 -0.00878909 0.05566407
v 0.30761722 -0.00878909 0.04785157
v 0.30761722 -0.00878909 0.04785157
v 0.30761722 -0.00878909 0.04785157
v 0.33496097 -0.01855471 0.03222657
v 0.33496097 -0.01855471 0.03222657
v 0.33300784 -0.02441409 0.03808594
v 0.33300784 -0.02441409 0.03808594
v 0.32910159 -0.02441409 0.03222657
v 0.32910159 -0.02441409 0.03222657
v 0.35058597 -0.04589846 0.01660157
v 0.35058597 -0.04589846 0.01660157
v 0.34863284 -0.04980471 0.02441407
v 0.34863284 -0.04980471 0.02441407
v 0.34277347 -0.04980471 0.01660157
v 0.34277347 -0.04980471 0.01660157
v 0.35839847 -0.07714847 0.00683594
v 0.35839847 -0.07714847 0.00683594
v 0.35644534 -0.07910159 0.01269532
v 0.35644534 -0.07910159 0.01269532
v 0.35058597 -0.07714847 0.00683594
v 0.35058597 -0.07714847 0.00683594
v 0.36035159 -0.10253909 0.00097657
v 0.36035159 -0.10253909 0.00097657
v 0.35644534 -0.10449222 0.00683594
v 0.35644534 -0.10449222 0.00683594
v 0.35253909 -0.10253909 0.00097657
v 0.35253909 -0.10253909 0.00097657
v 0.35253909 -0.10253909 0.00097657
v 0.35839847 -0.12402347 -0.00292968
v 0.35839847 -0.12402347 -0.00292968
v 0.35839847 -0.12402347 -0.00292968
v 0.35058597 -0.12402347 -0.00292968
v 0.35058597 -0.12402347 -0.00292968
v 0.35058597 -0.12402347 -0.00292968
v 0.35644534 -0.12597659 0.00292969
v 0.35644534 -0.12597659 0.00292969
v 0.35644534 -0.12597659 0.00292969
v 0.35644534 -0.12597659 0.00292969
v 0.32519534 -0.12597659 -0.01074218
v 0.32519534 -0.12597659 -0.01074218
v 0.29394534 -0.12011722 -0.01855468
v 0.29394534 -0.12011722 -0.01855468
v 0.29394534 -0.12011722 -0.01855468
v 0.31347659 -0.12988284 -0.01074218
v 0.31347659 -0.12988284 -0.01074218
v 0.31347659 -0.12988284 -0.01074218
v 0.31347659 -0.12988284 -0.01074218
v 0.31738284 -0.12792972 -0.02441406
v 0.31738284 -0.12792972 -0.02441406
v 0.31738284 -0.12792972 -0.02441406
v 0.31738284 -0.12792972 -0.02441406
v 0.33300784 -0.12597659 -0.01855468
v 0.33300784 -0.12597659 -0.01855468
v 0.33300784 -0.12597659 -0.01855468
v 0.30566409 -0.11425784 -0.04394531
v 0.30566409 -0.11425784 -0.04394531
v 0.30566409 -0.11425784 -0.04394531
v 0.32714847 -0.12597659 -0.03613281
v 0.32714847 -0.12597659 -0.03613281
v 0.32714847 -0.12597659 -0.03613281
v 0.32714847 -0.12597659 -0.03613281
v 0.32714847 -0.12597659 -0.03613281
v 0.32714847 -0.12597659 -0.03613281
v 0.34082034 -0.12597659 -0.02441406
v 0.34082034 -0.12597659 -0.02441406
v 0.34082034 -0.12597659 -0.02441406
v 0.33105472 -0.10839847 -0.06347656
v 0.33105472 -0.10839847 -0.06347656
v 0.33105472 -0.10839847 -0.06347656
v 0.34277347 -0.12597659 -0.04199218
v 0.34277347 -0.12597659 -0.04199218
v 0.34277347 -0.12597659 -0.04199218
v 0.34277347 -0.12597659 -0.04199218
v 0.35253909 -0.12597659 -0.02832031
v 0.35449222 -0.12597659 -0.04003906
v 0.35449222 -0.12597659 -0.04003906
v 0.36816409 -0.12207034 -0.03808593
v 0.36816409 -0.12207034 -0.03808593
v 0.36816409 -0.12207034 -0.03808593
v 0.36816409 -0.12207034 -0.03808593
v 0.36425784 -0.12597659 -0.02441406
v 0.36425784 -0.12597659 -0.02441406
v 0.37597659 -0.10253909 -0.05957031
v 0.37597659 -0.10253909 -0.05957031
v 0.37597659 -0.10253909 -0.05957031
v 0.37988284 -0.12207034 -0.03222656
v 0.37988284 -0.12207034 -0.03222656
v 0.37988284 -0.12207034 -0.03222656
v 0.37988284 -0.12207034 -0.03222656
v 0.37988284 -0.12207034 -0.03222656
v 0.37402347 -0.12402347 -0.01464843
v 0.37402347 -0.12402347 -0.01464843
v 0.37402347 -0.12402347 -0.01464843
v 0.40332034 -0.10644534 -0.02246093
v 0.40332034 -0.10644534 -0.02246093
v 0.40332034 -0.10644534 -0.02246093
v 0.38574222 -0.12402347 -0.01269531
v 0.38574222 -0.12402347 -0.01269531
v 0.38574222 -0.12402347 -0.01269531
v 0.37792972 -0.12402347 0.00097657
v 0.38769534 -0.12402347 -0.00292968
v 0.38769534 -0.12402347 -0.00292968
v 0.38769534 -0.12597659 0.01269532
v 0.38769534 -0.12597659 0.01269532
v 0.38769534 -0.12597659 0.01269532
v 0.37597659 -0.12597659 0.01269532
v 0.37597659 -0.12597659 0.01269532
v 0.37597659 -0.12597659 0.01269532
v 0.40722659 -0.11425784 0.02246094
v 0.40722659 -0.11425784 0.02246094
v 0.40722659 -0.11425784 0.02246094
v 0.38378909 -0.12792972 0.02636719
v 0.38378909 -0.12792972 0.02636719
v 0.38378909 -0.12792972 0.02636719
v 0.38378909 -0.12792972 0.02636719
v 0.38378909 -0.12792972 0.02636719
v 0.38378909 -0.12792972 0.02636719
v 0.36816409 -0.12597659 0.02050782
v 0.36816409 -0.12597659 0.02050782
v 0.36816409 -0.12597659 0.02050782
v 0.39160159 -0.11816409 0.04589844
v 0.39160159 -0.11816409 0.04589844
v 0.39160159 -0.11816409 0.04589844
v 0.37402347 -0.13183597 0.03808594
v 0.37402347 -0.13183597 0.03808594
v 0.37402347 -0.13183597 0.03808594
v 0.37402347 -0.13183597 0.03808594
v 0.36035159 -0.12792972 0.02636719
v 0.36035159 -0.12792972 0.02636719
v 0.37011722 -0.12792972 0.06738281
v 0.37011722 -0.12792972 0.06738281
v 0.37011722 -0.12792972 0.06738281
v 0.35839847 -0.13378909 0.04199219
v 0.35839847 -0.13378909 0.04199219
v 0.35839847 -0.13378909 0.04199219
v 0.34667972 -0.13378909 0.04199219
v 0.34667972 -0.13378909 0.04199219
v 0.34863284 -0.12792972 0.03027344
v 0.35058597 -0.12011722 0.00292969
v 0.32324222 -0.12597659 0.00292969
v 0.32324222 -0.12597659 0.00292969
v 0.31152347 -0.13183597 0.00488282
v 0.31152347 -0.13183597 0.00488282
v 0.35449222 -0.14941409 -0.00292968
v 0.35449222 -0.14941409 -0.00292968
v 0.35449222 -0.14941409 -0.00292968
v 0.35449222 -0.14941409 -0.00292968
v 0.33300784 -0.13574222 0.04003907
v 0.33300784 -0.13574222 0.04003907
v 0.33300784 -0.13574222 0.04003907
v 0.32128909 -0.13378909 0.06152344
v 0.32128909 -0.13378909 0.06152344
v 0.32128909 -0.13378909 0.06152344
v 0.33691409 -0.12597659 0.02636719
v 0.33691409 -0.12597659 0.02636719
v 0.33691409 -0.12597659 0.02636719
v 0.32714847 -0.12402347 0.01660157
v 0.32714847 -0.12402347 0.01660157
v 0.32714847 -0.12402347 0.01660157
v 0.31347659 -0.13378909 0.01855469
v 0.31347659 -0.13378909 0.01855469
v 0.31347659 -0.13378909 0.01855469
v 0.31933597 -0.13574222 0.03417969
v 0.31933597 -0.13574222 0.03417969
v 0.31933597 -0.13574222 0.03417969
v 0.29785159 -0.12988284 0.03222657
v 0.29785159 -0.12988284 0.03222657
v 0.29785159 -0.12988284 0.03222657
v 0.40917972 -0.17871097 -0.02441406
v 0.40917972 -0.17871097 -0.02441406
v 0.40917972 -0.17871097 -0.02441406
v 0.40332034 -0.15136722 -0.02050781
v 0.40527347 -0.15332034 0.00097657
v 0.40527347 -0.15332034 0.00097657
v 0.39355472 -0.13964847 0.00097657
v 0.39355472 -0.13964847 0.00097657
v 0.38964847 -0.13769534 -0.01464843
v 0.38964847 -0.13769534 -0.01464843
v 0.39355472 -0.15136722 -0.04003906
v 0.39355472 -0.15136722 -0.04003906
v 0.39746097 -0.17871097 -0.04589843
v 0.39746097 -0.17871097 -0.04589843
v 0.39355472 -0.21582034 -0.04394531
v 0.39355472 -0.21582034 -0.04394531
v 0.40332034 -0.21582034 -0.02636718
v 0.40332034 -0.21582034 -0.02636718
v 0.41308597 -0.18066409 -0.00097656
v 0.41308597 -0.18066409 -0.00097656
v 0.41308597 -0.18066409 -0.00097656
v 0.40136722 -0.15527347 0.02050782
v 0.40136722 -0.15527347 0.02050782
v 0.38574222 -0.13964847 0.01855469
v 0.38574222 -0.13964847 0.01855469
v 0.38574222 -0.13964847 0.01855469
v 0.37597659 -0.13378909 0.00488282
v 0.37597659 -0.13183597 -0.01074218
v 0.38183597 -0.13574222 -0.03027344
v 0.38183597 -0.13574222 -0.03027344
v 0.37207034 -0.13574222 -0.03808593
v 0.37207034 -0.13574222 -0.03808593
v 0.37207034 -0.13574222 -0.03808593
v 0.37597659 -0.14941409 -0.05175781
v 0.37597659 -0.14941409 -0.05175781
v 0.37597659 -0.14941409 -0.05175781
v 0.37792972 -0.17675784 -0.05957031
v 0.37792972 -0.17675784 -0.05957031
v 0.37597659 -0.21386722 -0.05761718
v 0.37011722 -0.24902347 -0.04589843
v 0.38183597 -0.25097659 -0.03613281
v 0.38183597 -0.25097659 -0.03613281
v 0.38964847 -0.25097659 -0.02441406
v 0.39160159 -0.25292972 -0.00878906
v 0.40722659 -0.21777347 -0.00488281
v 0.40722659 -0.21777347 -0.00488281
v 0.40136722 -0.21972659 0.01464844
v 0.40136722 -0.21972659 0.01464844
v 0.40527347 -0.18261722 0.02050782
v 0.39160159 -0.18457034 0.04003907
v 0.39160159 -0.18457034 0.04003907
v 0.38964847 -0.15722659 0.03808594
v 0.38964847 -0.15722659 0.03808594
v 0.36425784 -0.14355472 0.03613282
v 0.35839847 -0.13574222 0.02246094
v 0.36621097 -0.13183597 -0.02441406
v 0.33691409 -0.13574222 -0.04003906
v 0.33691409 -0.13574222 -0.04003906
v 0.34082034 -0.13183597 -0.02636718
v 0.35449222 -0.13574222 -0.04394531
v 0.35449222 -0.13574222 -0.04394531
v 0.35449222 -0.14941409 -0.05761718
v 0.35449222 -0.14941409 -0.05761718
v 0.35449222 -0.17675784 -0.06542969
v 0.35449222 -0.17675784 -0.06542969
v 0.35449222 -0.17675784 -0.06542969
v 0.35449222 -0.21386722 -0.06347656
v 0.35449222 -0.21386722 -0.06347656
v 0.35449222 -0.24902347 -0.04980468
v 0.35449222 -0.24902347 -0.04980468
v 0.36621097 -0.27246097 -0.03222656
v 0.36621097 -0.27246097 -0.03222656
v 0.36621097 -0.27246097 -0.03222656
v 0.35839847 -0.28222659 -0.02246093
v 0.35839847 -0.28222659 -0.02246093
v 0.35839847 -0.28222659 -0.02246093
v 0.36230472 -0.28222659 -0.01269531
v 0.36230472 -0.28222659 -0.01269531
v 0.37402347 -0.27441409 -0.01269531
v 0.38769534 -0.25292972 0.00683594
v 0.38769534 -0.25292972 0.00683594
v 0.38769534 -0.25292972 0.00683594
v 0.37792972 -0.25488284 0.01855469
v 0.37792972 -0.25488284 0.01855469
v 0.38769534 -0.22167972 0.03222657
v 0.38769534 -0.22167972 0.03222657
v 0.38769534 -0.22167972 0.03222657
v 0.38769534 -0.22167972 0.03222657
v 0.37011722 -0.22363284 0.04394532
v 0.37011722 -0.22363284 0.04394532
v 0.37011722 -0.18652347 0.05175782
v 0.37011722 -0.18652347 0.05175782
v 0.37011722 -0.18652347 0.05175782
v 0.37011722 -0.18652347 0.05175782
v 0.37011722 -0.18652347 0.05175782
v 0.36816409 -0.15722659 0.04980469
v 0.36816409 -0.15722659 0.04980469
v 0.36816409 -0.15722659 0.04980469
v 0.34667972 -0.14355472 0.04003907
v 0.34667972 -0.14355472 0.04003907
v 0.33300784 -0.14355472 0.03808594
v 0.33300784 -0.14355472 0.03808594
v 0.33300784 -0.14355472 0.03808594
v 0.34082034 -0.13574222 0.02441407
v 0.32324222 -0.13378909 -0.01074218
v 0.30957034 -0.13769534 -0.01855468
v 0.30957034 -0.13769534 -0.01855468
v 0.30957034 -0.13769534 -0.01855468
v 0.32128909 -0.13769534 -0.03222656
v 0.32128909 -0.13769534 -0.03222656
v 0.32128909 -0.13769534 -0.03222656
v 0.32128909 -0.13769534 -0.03222656
v 0.33300784 -0.14941409 -0.05566406
v 0.33105472 -0.17675784 -0.06347656
v 0.33105472 -0.17675784 -0.06347656
v 0.33300784 -0.21386722 -0.05957031
v 0.33886722 -0.24902347 -0.04785156
v 0.34472659 -0.27441409 -0.03222656
v 0.34667972 -0.28222659 -0.02246093
v 0.34667972 -0.28222659 -0.02246093
v 0.35058597 -0.28613284 -0.01269531
v 0.35839847 -0.28417972 -0.00488281
v 0.35839847 -0.28417972 -0.00488281
v 0.35839847 -0.28417972 -0.00488281
v 0.34863284 -0.28417972 -0.00292968
v 0.34863284 -0.28417972 -0.00292968
v 0.34863284 -0.28417972 -0.00292968
v 0.36425784 -0.27636722 0.00488282
v 0.36425784 -0.27636722 0.00488282
v 0.36425784 -0.25488284 0.02636719
v 0.34863284 -0.22363284 0.04589844
v 0.34863284 -0.22363284 0.04589844
v 0.34667972 -0.18652347 0.05566407
v 0.34667972 -0.18652347 0.05566407
v 0.34472659 -0.15917972 0.05175782
v 0.32519534 -0.15917972 0.04589844
v 0.32519534 -0.15917972 0.04589844
v 0.30957034 -0.15722659 0.03417969
v 0.30957034 -0.15722659 0.03417969
v 0.31933597 -0.14355472 0.02636719
v 0.31933597 -0.14355472 0.02636719
v 0.31542972 -0.14160159 0.01074219
v 0.31542972 -0.14160159 0.01074219
v 0.30761722 -0.13964847 -0.00488281
v 0.30761722 -0.13964847 -0.00488281
v 0.29980472 -0.15332034 -0.02636718
v 0.29980472 -0.15332034 -0.02636718
v 0.29980472 -0.15332034 -0.02636718
v 0.29980472 -0.15332034 -0.02636718
v 0.31152347 -0.15136722 -0.04199218
v 0.31152347 -0.15136722 -0.04199218
v 0.31152347 -0.15136722 -0.04199218
v 0.30957034 -0.17871097 -0.04980468
v 0.30957034 -0.17871097 -0.04980468
v 0.30957034 -0.17871097 -0.04980468
v 0.31542972 -0.21582034 -0.04980468
v 0.31542972 -0.21582034 -0.04980468
v 0.31542972 -0.21582034 -0.04980468
v 0.31542972 -0.21582034 -0.04980468
v 0.32519534 -0.25097659 -0.04003906
v 0.32519534 -0.25097659 -0.04003906
v 0.33105472 -0.27441409 -0.01855468
v 0.33105472 -0.27441409 -0.01855468
v 0.33105472 -0.27441409 -0.01855468
v 0.34082034 -0.28222659 -0.01660156
v 0.34082034 -0.28222659 -0.01660156
v 0.34082034 -0.28222659 -0.01660156
v 0.34082034 -0.28417972 -0.00878906
v 0.34082034 -0.28417972 -0.00878906
v 0.34863284 -0.27636722 0.01074219
v 0.34863284 -0.27636722 0.01074219
v 0.35058597 -0.25683597 0.02832032
v 0.32714847 -0.22363284 0.04003907
v 0.32714847 -0.22363284 0.04003907
v 0.32714847 -0.22363284 0.04003907
v 0.32324222 -0.18652347 0.04980469
v 0.30566409 -0.18457034 0.03613282
v 0.30566409 -0.18457034 0.03613282
v 0.30566409 -0.18457034 0.03613282
v 0.29785159 -0.15722659 0.01464844
v 0.29785159 -0.15722659 0.01464844
v 0.29589847 -0.15527347 -0.00683593
v 0.29589847 -0.15527347 -0.00683593
v 0.29589847 -0.15527347 -0.00683593
v 0.29589847 -0.15527347 -0.00683593
v 0.29589847 -0.18066409 -0.03222656
v 0.30175784 -0.21777347 -0.03222656
v 0.30175784 -0.21777347 -0.03222656
v 0.31738284 -0.25097659 -0.02832031
v 0.31738284 -0.25097659 -0.02832031
v 0.31738284 -0.25097659 -0.02832031
v 0.31738284 -0.25097659 -0.02832031
v 0.31347659 -0.25292972 -0.01269531
v 0.31347659 -0.25292972 -0.01269531
v 0.32714847 -0.27441409 -0.00292968
v 0.33496097 -0.25488284 0.02441407
v 0.33496097 -0.25488284 0.02441407
v 0.30957034 -0.22167972 0.02832032
v 0.30957034 -0.22167972 0.02832032
v 0.29394534 -0.18457034 0.01464844
v 0.29394534 -0.18457034 0.01464844
v 0.29394534 -0.18457034 0.01464844
v 0.29394534 -0.18457034 0.01464844
v 0.29003909 -0.18261722 -0.00878906
v 0.29003909 -0.18261722 -0.00878906
v 0.29003909 -0.18261722 -0.00878906
v 0.29589847 -0.21972659 -0.01074218
v 0.29589847 -0.21972659 -0.01074218
v 0.31542972 -0.25488284 0.00097657
v 0.32324222 -0.25488284 0.01464844
v 0.29980472 -0.22167972 0.00878907
v 0.30175784 -0.06152346 0.08105469
v 0.30175784 -0.06152346 0.08105469
v 0.30175784 -0.06152346 0.08105469
v 0.28613284 -0.06933597 0.06738281
v 0.28613284 -0.06933597 0.06738281
v 0.28613284 -0.06933597 0.06738281
v 0.28613284 -0.06933597 0.06738281
v 0.29785159 -0.04199221 0.05957032
v 0.29785159 -0.04199221 0.05957032
v 0.29785159 -0.04199221 0.05957032
v 0.29785159 -0.04199221 0.05957032
v 0.30761722 -0.02441409 0.08105469
v 0.30761722 -0.02441409 0.08105469
v 0.30761722 -0.02441409 0.08105469
v 0.30761722 -0.02441409 0.08105469
v 0.30761722 -0.02441409 0.08105469
v 0.30761722 -0.02441409 0.08105469
v 0.30761722 -0.02441409 0.08105469
v 0.30761722 -0.02441409 0.08105469
v 0.30761722 -0.02441409 0.08105469
v 0.29199222 -0.01464846 0.06152344
v 0.29199222 -0.01464846 0.06152344
v 0.29199222 -0.01464846 0.06152344
v 0.29199222 -0.01464846 0.06152344
v 0.29199222 -0.01464846 0.06152344
v 0.29589847 0.00488279 0.06152344
v 0.29589847 0.00488279 0.06152344
v 0.29589847 0.00488279 0.06152344
v 0.28222659 -0.00878909 0.06152344
v 0.28222659 -0.00878909 0.06152344
v 0.28222659 -0.00878909 0.06152344
v 0.27832034 -0.01074221 0.05957032
v 0.27832034 -0.01074221 0.05957032
v 0.27832034 -0.01074221 0.05957032
v 0.27832034 -0.01074221 0.05957032
v 0.27832034 -0.01074221 0.05957032
v 0.27832034 -0.01074221 0.05957032
v 0.27636722 -0.00097659 0.04394532
v 0.27636722 -0.00097659 0.04394532
v 0.27636722 -0.00097659 0.04394532
v 0.27636722 -0.00097659 0.04394532
v 0.27246097 -0.01660159 0.05371094
v 0.27246097 -0.01660159 0.05371094
v 0.27246097 -0.01660159 0.05371094
v 0.27246097 -0.01660159 0.05371094
v 0.27246097 -0.01660159 0.05371094
v 0.26269534 -0.02246096 0.03417969
v 0.26269534 -0.02246096 0.03417969
v 0.26269534 -0.02246096 0.03417969
v 0.27636722 -0.02832034 0.04785157
v 0.27636722 -0.02832034 0.04785157
v 0.27636722 -0.02832034 0.04785157
v 0.27636722 -0.02832034 0.04785157
v 0.27636722 -0.02832034 0.04785157
v 0.27246097 -0.04394534 0.04785157
v 0.27246097 -0.04394534 0.04785157
v 0.27246097 -0.04394534 0.04785157
v 0.27246097 -0.04394534 0.04785157
v 0.27246097 -0.04394534 0.04785157
v 0.27636722 -0.06152346 0.05566407
v 0.27636722 -0.06152346 0.05566407
v 0.27636722 -0.06152346 0.05566407
v 0.26855472 -0.07910159 0.05175782
v 0.26855472 -0.07910159 0.05175782
v 0.26855472 -0.07910159 0.05175782
v 0.26855472 -0.07910159 0.05175782
v 0.27832034 -0.07128909 0.07128906
v 0.27832034 -0.07128909 0.07128906
v 0.27832034 -0.07128909 0.07128906
v 0.27832034 -0.07128909 0.07128906
v 0.27832034 -0.07128909 0.07128906
v 0.27832034 -0.07128909 0.07128906
v 0.28613284 -0.08691409 0.07128906
v 0.28613284 -0.08691409 0.07128906
v 0.28613284 -0.08691409 0.07128906
v 0.27441409 -0.07519534 0.07128906
v 0.27441409 -0.07519534 0.07128906
v 0.27441409 -0.07519534 0.07128906
v 0.27441409 -0.07519534 0.07128906
v 0.27441409 -0.07519534 0.07128906
v 0.27050784 -0.08105472 0.08105469
v 0.27050784 -0.08105472 0.08105469
v 0.27050784 -0.08105472 0.08105469
v 0.28808597 -0.07324222 0.08496094
v 0.28808597 -0.07324222 0.08496094
v 0.28808597 -0.07324222 0.08496094
v 0.28808597 -0.07324222 0.08496094
v 0.28808597 -0.07324222 0.08496094
v 0.28417972 -0.07910159 0.09472656
v 0.28417972 -0.07910159 0.09472656
v 0.28417972 -0.07910159 0.09472656
v 0.29394534 -0.06933597 0.08691406
v 0.29394534 -0.06933597 0.08691406
v 0.29394534 -0.06933597 0.08691406
v 0.30566409 -0.07910159 0.08886719
v 0.30566409 -0.07910159 0.08886719
v 0.30566409 -0.07910159 0.08886719
v 0.29785159 -0.06542972 0.08886719
v 0.29785159 -0.06542972 0.08886719
v 0.29785159 -0.06542972 0.08886719
v 0.29785159 -0.06542972 0.08886719
v 0.29785159 -0.06738284 0.10644532
v 0.29785159 -0.06738284 0.10644532
v 0.29785159 -0.06738284 0.10644532
v 0.30175784 -0.05957034 0.09472656
v 0.30175784 -0.05957034 0.09472656
v 0.30175784 -0.05957034 0.09472656
v 0.30566409 -0.05371096 0.11035157
v 0.30566409 -0.05371096 0.11035157
v 0.30566409 -0.05371096 0.11035157
v 0.30957034 -0.04394534 0.08496094
v 0.30957034 -0.04394534 0.08496094
v 0.30957034 -0.04394534 0.08496094
v 0.30957034 -0.04394534 0.08496094
v 0.30957034 -0.04394534 0.08496094
v 0.30957034 -0.04394534 0.08496094
v 0.32324222 -0.04589846 0.09863282
v 0.32324222 -0.04589846 0.09863282
v 0.32324222 -0.04589846 0.09863282
v 0.30761722 -0.03417971 0.09277344
v 0.30761722 -0.03417971 0.09277344
v 0.30761722 -0.03417971 0.09277344
v 0.30761722 -0.03417971 0.09277344
v 0.30761722 -0.03417971 0.09277344
v 0.30761722 -0.03027346 0.10839844
v 0.30761722 -0.03027346 0.10839844
v 0.30761722 -0.03027346 0.10839844
v 0.30957034 -0.03027346 0.09472656
v 0.30957034 -0.03027346 0.09472656
v 0.30957034 -0.03027346 0.09472656
v 0.30957034 -0.03027346 0.09472656
v 0.30566409 -0.02832034 0.08886719
v 0.30566409 -0.02832034 0.08886719
v 0.30566409 -0.02832034 0.08886719
v 0.30566409 -0.02832034 0.08886719
v 0.30566409 -0.02832034 0.08886719
v 0.32324222 -0.02246096 0.09472656
v 0.32324222 -0.02246096 0.09472656
v 0.32324222 -0.02246096 0.09472656
v 0.30566409 -0.02441409 0.08886719
v 0.30566409 -0.02441409 0.08886719
v 0.30566409 -0.02441409 0.08886719
v 0.30566409 -0.02441409 0.08886719
v 0.30761722 -0.02050784 0.09082031
v 0.30761722 -0.02050784 0.09082031
v 0.30761722 -0.02050784 0.09082031
v 0.30566409 -0.01074221 0.10253907
v 0.30566409 -0.01074221 0.10253907
v 0.30566409 -0.01074221 0.10253907
v 0.30175784 -0.01464846 0.08300781
v 0.30175784 -0.01464846 0.08300781
v 0.30175784 -0.01464846 0.08300781
v 0.30175784 -0.01464846 0.08300781
v 0.30175784 -0.01464846 0.08300781
v 0.30175784 -0.01464846 0.08300781
v 0.31347659 -0.00097659 0.08105469
v 0.31347659 -0.00097659 0.08105469
v 0.31347659 -0.00097659 0.08105469
v 0.29199222 0.00683591 0.08496094
v 0.29199222 0.00683591 0.08496094
v 0.29199222 0.00683591 0.08496094
v 0.29394534 -0.00683596 0.07324219
v 0.29394534 -0.00683596 0.07324219
v 0.29394534 -0.00683596 0.07324219
v 0.29394534 -0.00683596 0.07324219
v 0.29394534 -0.00683596 0.07324219
v 0.29394534 -0.00683596 0.07324219
v 0.29394534 -0.00683596 0.07324219
v 0.29394534 -0.00683596 0.07324219
v 0.29394534 -0.00683596 0.07324219
v 0.28417972 -0.00097659 0.06933594
v 0.28417972 -0.00097659 0.06933594
v 0.28417972 -0.00097659 0.06933594
v 0.28417972 -0.00097659 0.06933594
v 0.27050784 0.00683591 0.06347656
v 0.27050784 0.00683591 0.06347656
v 0.27050784 0.00683591 0.06347656
v 0.27050784 0.00683591 0.06347656
v 0.27636722 -0.00878909 0.05761719
v 0.27636722 -0.00878909 0.05761719
v 0.27636722 -0.00878909 0.05761719
v 0.27636722 -0.00878909 0.05761719
v 0.27050784 -0.01464846 0.05371094
v 0.27050784 -0.01464846 0.05371094
v 0.25488284 -0.01074221 0.04980469
v 0.25488284 -0.01074221 0.04980469
v 0.26269534 -0.03222659 0.04980469
v 0.26269534 -0.03222659 0.04980469
v 0.26269534 -0.03222659 0.04980469
v 0.26269534 -0.03222659 0.04980469
v 0.26269534 -0.03222659 0.04980469
v 0.26269534 -0.03222659 0.04980469
v 0.26269534 -0.03222659 0.04980469
v 0.26269534 -0.03222659 0.04980469
v 0.25878909 -0.04589846 0.03417969
v 0.25878909 -0.04589846 0.03417969
v 0.25878909 -0.04589846 0.03417969
v 0.26074222 -0.04394534 0.04980469
v 0.26074222 -0.04394534 0.04980469
v 0.26074222 -0.04394534 0.04980469
v 0.24707034 -0.04003909 0.04980469
v 0.24707034 -0.04003909 0.04980469
v 0.24707034 -0.04003909 0.04980469
v 0.25878909 -0.04394534 0.04980469
v 0.25878909 -0.04394534 0.04980469
v 0.25878909 -0.04394534 0.04980469
v 0.25878909 -0.04394534 0.04980469
v 0.26074222 -0.05175784 0.05175782
v 0.26074222 -0.05175784 0.05175782
v 0.26074222 -0.05175784 0.05175782
v 0.26074222 -0.05175784 0.05175782
v 0.26074222 -0.05175784 0.05175782
v 0.26074222 -0.05175784 0.05175782
v 0.26074222 -0.05175784 0.05175782
v 0.26464847 -0.06347659 0.05957032
v 0.26464847 -0.06347659 0.05957032
v 0.26464847 -0.06347659 0.05957032
v 0.26464847 -0.06347659 0.05957032
v 0.26464847 -0.06347659 0.05957032
v 0.26464847 -0.06347659 0.05957032
v 0.26464847 -0.06347659 0.05957032
v 0.26464847 -0.06347659 0.05957032
v 0.26269534 -0.08105472 0.07324219
v 0.26269534 -0.08105472 0.07324219
v 0.26269534 -0.08105472 0.07324219
v 0.28808597 -0.04003909 0.06933594
v 0.28808597 -0.04003909 0.06933594
v 0.28808597 -0.04003909 0.06933594
v 0.28808597 -0.04003909 0.06933594
v 0.28808597 -0.04003909 0.06933594
v 0.28808597 -0.04003909 0.06933594
v 0.28808597 -0.04003909 0.06933594
v 0.28808597 -0.04003909 0.06933594
v 0.28808597 -0.04003909 0.06933594
v 0.28808597 -0.04003909 0.06933594
v 0.28808597 -0.04003909 0.06933594
v 0.28808597 -0.04003909 0.06933594
v 0.28808597 -0.04003909 0.06933594
v 0.28808597 -0.04003909 0.06933594
v 0.28808597 -0.04003909 0.06933594
v 0.28808597 -0.04003909 0.06933594
v 0.28808597 -0.04003909 0.06933594
v 0.28808597 -0.04003909 0.06933594
v 0.28808597 -0.04003909 0.06933594
v 0.28808597 -0.04003909 0.06933594
v 0.28808597 -0.04003909 0.06933594
v 0.28808597 -0.04003909 0.06933594
v 0.28808597 -0.04003909 0.06933594
v 0.28808597 -0.04003909 0.06933594
v 0.28808597 -0.04003909 0.06933594
v 0.28808597 -0.04003909 0.06933594
v 0.24902347 -0.06347659 0.05566407
v 0.24902347 -0.06347659 0.05566407
v 0.24902347 -0.06347659 0.05566407
v 0.29199222 -0.04980471 -0.09082031
v 0.29199222 -0.04980471 -0.09082031
v 0.28808597 -0.04589846 -0.08886719
v 0.28808597 -0.04589846 -0.08886719
v 0.28808597 -0.04589846 -0.08886719
v 0.28808597 -0.04589846 -0.08886719
v 0.29394534 -0.05371096 -0.09082031
v 0.29394534 -0.05371096 -0.09082031
v 0.29394534 -0.05371096 -0.09082031
v 0.29394534 -0.05371096 -0.09082031
v 0.28613284 -0.04394534 -0.08691406
v 0.28613284 -0.04394534 -0.08691406
v 0.28613284 -0.04394534 -0.08691406
v 0.28613284 -0.04394534 -0.08691406
v 0.28222659 -0.04394534 -0.08496094
v 0.28222659 -0.04394534 -0.08496094
v 0.29589847 -0.05957034 -0.08886719
v 0.29589847 -0.05957034 -0.08886719
v 0.29785159 -0.07324222 -0.08300781
v 0.29785159 -0.07324222 -0.08300781
v 0.28222659 -0.04785159 -0.08300781
v 0.28222659 -0.04785159 -0.08300781
v 0.28222659 -0.04785159 -0.08300781
v 0.28222659 -0.04785159 -0.08300781
v 0.27636722 -0.04785159 -0.07714844
v 0.27636722 -0.04785159 -0.07714844
v 0.29785159 -0.08886722 -0.07519531
v 0.29785159 -0.08886722 -0.07519531
v 0.29589847 -0.10253909 -0.06347656
v 0.29589847 -0.10253909 -0.06347656
v 0.29394534 -0.11035159 -0.05761718
v 0.29394534 -0.11035159 -0.05761718
v 0.29003909 -0.11425784 -0.05175781
v 0.29003909 -0.11425784 -0.05175781
v 0.26855472 -0.11816409 -0.03027344
v 0.26269534 -0.04589846 -0.06542969
v 0.26269534 -0.04589846 -0.06542969
v 0.26855472 -0.11816409 -0.03027344
v 0.19628909 -0.16113284 0.05957032
v 0.19042972 -0.15722659 0.06152344
v 0.19042972 -0.15722659 0.06152344
v 0.20214847 -0.16503909 0.05566407
v 0.20214847 -0.16503909 0.05566407
v 0.20800784 -0.16699222 0.04980469
v 0.21582034 -0.16699222 0.04394532
v 0.18652347 -0.15136722 0.06152344
v 0.09082035 0.03613279 0.02246094
v 0.09082035 0.03613279 0.02246094
v 0.09863285 0.04785154 0.00878907
v 0.09863285 0.04785154 0.00878907
v 0.17480472 -0.04589846 0.00097657
v 0.10839847 0.05566404 -0.00292968
v 0.10839847 0.05566404 -0.00292968
v 0.11816410 0.05957029 -0.01464843
v 0.11816410 0.05957029 -0.01464843
v 0.13183597 0.05761716 -0.02246093
v 0.13183597 0.05761716 -0.02246093
v 0.13183597 0.05761716 -0.02246093
v 0.14550784 0.05175779 -0.03027344
v 0.14550784 0.05175779 -0.03027344
v 0.16308597 0.04199216 -0.03613281
v 0.26855472 -0.11816409 -0.03027344
v 0.26074222 -0.11425784 -0.02636718
v 0.26269534 -0.04589846 -0.06542969
v 0.25292972 -0.10839847 -0.02246093
v 0.24511722 -0.04589846 -0.04980468
v 0.25488284 0.03222654 -0.10449219
v 0.25878909 0.02441404 -0.10449219
v 0.24902347 0.03613279 -0.10253906
v 0.24316409 0.04003904 -0.10058594
v 0.26269534 0.01464841 -0.10253906
v 0.23535159 0.04199216 -0.09667969
v 0.26464847 0.00292966 -0.09667969
v 0.22753909 0.04394529 -0.09082031
v 0.26464847 -0.01269534 -0.08691406
v 0.22167972 0.04394529 -0.08496094
v 0.21386722 0.04003904 -0.07714844
v 0.26074222 -0.02636721 -0.07519531
v 0.20996097 0.04589841 -0.07714844
v 0.21191409 0.04394529 -0.07714844
v 0.20605472 0.04785154 -0.07519531
v 0.20019534 0.04785154 -0.07128906
v 0.19628909 0.04589841 -0.06542969
v 0.19042972 0.04003904 -0.05761718
v 0.18652347 0.03222654 -0.04785156
v 0.18652347 0.03222654 -0.04785156
v 0.18652347 0.03222654 -0.04785156
v 0.12597659 -0.01855471 0.00683594
v 0.08496097 0.01660154 0.03613282
v 0.08496097 0.01660154 0.03613282
v 0.18066409 -0.11230472 0.04394532
v 0.25488284 -0.12597659 -0.01464843
v 0.25292972 -0.13378909 -0.00878906
v 0.24902347 -0.14355472 0.00097657
v 0.24121097 -0.15332034 0.01269532
v 0.18066409 -0.12792972 0.05371094
v 0.23339847 -0.16113284 0.02636719
v 0.22363284 -0.16503909 0.03613282
v 0.18261722 -0.14160159 0.05957032
v 0.29394534 -0.18652347 -0.07714844
v 0.29394534 -0.18652347 -0.07714844
v 0.29394534 -0.18652347 -0.07714844
v 0.29394534 -0.19628909 -0.07519531
v 0.29394534 -0.19628909 -0.07519531
v 0.29589847 -0.18847659 -0.07910156
v 0.29589847 -0.18847659 -0.07910156
v 0.29589847 -0.18847659 -0.07910156
v 0.29785159 -0.19238284 -0.07910156
v 0.29785159 -0.19238284 -0.07910156
v 0.29003909 -0.19824222 -0.07324219
v 0.29003909 -0.19824222 -0.07324219
v 0.29003909 -0.19824222 -0.07324219
v 0.29003909 -0.18261722 -0.07324219
v 0.29003909 -0.18261722 -0.07324219
v 0.27832034 -0.17675784 -0.06542969
v 0.27832034 -0.17675784 -0.06542969
v 0.27832034 -0.17675784 -0.06542969
v 0.28613284 -0.19824222 -0.06933594
v 0.28613284 -0.19824222 -0.06933594
v 0.30761722 -0.23144534 -0.08105469
v 0.30761722 -0.23144534 -0.08105469
v 0.30761722 -0.22167972 -0.08300781
v 0.30761722 -0.22167972 -0.08300781
v 0.30175784 -0.20605472 -0.08105469
v 0.30175784 -0.20605472 -0.08105469
v 0.30175784 -0.20605472 -0.08105469
v 0.30566409 -0.21386722 -0.08300781
v 0.30566409 -0.21386722 -0.08300781
v 0.30566409 -0.21386722 -0.08300781
v 0.28808597 -0.25292972 -0.06152343
v 0.28808597 -0.25292972 -0.06152343
v 0.28808597 -0.25292972 -0.06152343
v 0.28808597 -0.25292972 -0.06152343
v 0.28808597 -0.25292972 -0.06152343
v 0.30371097 -0.24121097 -0.07519531
v 0.30371097 -0.24121097 -0.07519531
v 0.29785159 -0.24902347 -0.06933594
v 0.29785159 -0.24902347 -0.06933594
v 0.29589847 -0.20214847 -0.07714844
v 0.29589847 -0.20214847 -0.07714844
v 0.29589847 -0.20214847 -0.07714844
v 0.28027347 -0.25488284 -0.05371093
v 0.28027347 -0.25488284 -0.05371093
v 0.28613284 -0.19824222 -0.06933594
v 0.28613284 -0.19824222 -0.06933594
v 0.25097659 -0.25683597 -0.03222656
v 0.25097659 -0.25683597 -0.03222656
v 0.25097659 -0.25683597 -0.03222656
v 0.26660159 -0.25488284 -0.04394531
v 0.26660159 -0.25488284 -0.04394531
v 0.27832034 -0.17675784 -0.06542969
v 0.28613284 -0.19824222 -0.06933594
v 0.28027347 -0.25488284 -0.05371093
v 0.28027347 -0.25488284 -0.05371093
v 0.28613284 -0.19824222 -0.06933594
v 0.28613284 -0.19824222 -0.06933594
v 0.27832034 -0.17675784 -0.06542969
v 0.27832034 -0.17675784 -0.06542969
v 0.25488284 -0.17480472 -0.04785156
v 0.25097659 -0.25683597 -0.03222656
v 0.25097659 -0.26074222 -0.03027344
v 0.25097659 -0.26074222 -0.03027344
v 0.25097659 -0.26074222 -0.03027344
v 0.24707034 -0.26464847 -0.02832031
v 0.24707034 -0.26464847 -0.02832031
v 0.24707034 -0.26464847 -0.02832031
v 0.24707034 -0.26464847 -0.02832031
v 0.24316409 -0.26464847 -0.02441406
v 0.24316409 -0.26464847 -0.02441406
v 0.24316409 -0.26464847 -0.02441406
v 0.23730472 -0.26464847 -0.02246093
v 0.23730472 -0.26464847 -0.02246093
v 0.23730472 -0.26464847 -0.02246093
v 0.23730472 -0.26464847 -0.02246093
v 0.23339847 -0.26269534 -0.01855468
v 0.23339847 -0.26269534 -0.01855468
v 0.23339847 -0.26269534 -0.01855468
v 0.23339847 -0.26269534 -0.01855468
v 0.23339847 -0.26269534 -0.01855468
v 0.23339847 -0.26269534 -0.01855468
v 0.22949222 -0.26074222 -0.01660156
v 0.22949222 -0.26074222 -0.01660156
v 0.22558597 -0.25683597 -0.01464843
v 0.22558597 -0.25683597 -0.01464843
v 0.20605472 -0.24707034 -0.00097656
v 0.20605472 -0.24707034 -0.00097656
v 0.25097659 -0.25683597 -0.03222656
v 0.25097659 -0.25683597 -0.03222656
v 0.25097659 -0.25683597 -0.03222656
v 0.25097659 -0.25683597 -0.03222656
v 0.21777347 -0.15917972 -0.02246093
v 0.21777347 -0.15917972 -0.02246093
v 0.23144534 -0.15917972 -0.03222656
v 0.23144534 -0.15917972 -0.03222656
v 0.23144534 -0.15917972 -0.03222656
v 0.22363284 -0.20996097 -0.02246093
v 0.22363284 -0.20996097 -0.02246093
v 0.22363284 -0.20996097 -0.02246093
v 0.22363284 -0.20996097 -0.02246093
v 0.22363284 -0.20996097 -0.02246093
v 0.22363284 -0.20996097 -0.02246093
v 0.24121097 -0.15917972 -0.04003906
v 0.24121097 -0.15917972 -0.04003906
v 0.24121097 -0.15917972 -0.04003906
v 0.24707034 -0.16113284 -0.04394531
v 0.24707034 -0.16113284 -0.04394531
v 0.25097659 -0.16308597 -0.04589843
v 0.25097659 -0.16308597 -0.04589843
v 0.25097659 -0.16308597 -0.04589843
v 0.25292972 -0.16699222 -0.04785156
v 0.25292972 -0.16699222 -0.04785156
v 0.25292972 -0.16699222 -0.04785156
v 0.25488284 -0.16894534 -0.04785156
v 0.25488284 -0.16894534 -0.04785156
v 0.25488284 -0.16894534 -0.04785156
v 0.25488284 -0.17480472 -0.04785156
v 0.25488284 -0.17480472 -0.04785156
v 0.25488284 -0.17480472 -0.04785156
v 0.25097659 -0.25683597 -0.03222656
v 0.25097659 -0.25683597 -0.03222656
v 0.20605472 -0.24707034 -0.00097656
v 0.20605472 -0.24707034 -0.00097656
v 0.19238284 -0.16308597 -0.00488281
v 0.19238284 -0.16308597 -0.00488281
v 0.17285159 -0.23339847 0.01855469
v 0.17285159 -0.23339847 0.01855469
v 0.16699222 -0.19824222 0.00878907
v 0.16699222 -0.19824222 0.00878907
v 0.17089847 -0.21386722 0.01269532
v 0.17285159 -0.23339847 0.01855469
v 0.17285159 -0.23339847 0.01855469
v 0.19238284 -0.16308597 -0.00488281
v 0.19238284 -0.16308597 -0.00488281
v 0.25878909 0.01660154 -0.01464843
v 0.25878909 0.01660154 -0.01464843
v 0.25878909 0.01074216 -0.01074218
v 0.25878909 0.01074216 -0.01074218
v 0.25292972 0.02441404 -0.01855468
v 0.25292972 0.02441404 -0.01855468
v 0.25683597 0.00488279 -0.00488281
v 0.25683597 0.00488279 -0.00488281
v 0.24511722 0.03027341 -0.01855468
v 0.24511722 0.03027341 -0.01855468
v 0.24511722 0.03027341 -0.01855468
v 0.23339847 0.03808591 -0.01855468
v 0.23339847 0.03808591 -0.01855468
v 0.25097659 0.00097654 0.00097657
v 0.25097659 0.00097654 0.00097657
v 0.21582034 0.04785154 -0.01855468
v 0.21582034 0.04785154 -0.01855468
v 0.21582034 0.04785154 -0.01855468
v 0.24707034 0.12597653 -0.09082031
v 0.24707034 0.12597653 -0.09082031
v 0.23730472 0.13378903 -0.09277344
v 0.23730472 0.13378903 -0.09277344
v 0.25292972 0.11816404 -0.08691406
v 0.25292972 0.11816404 -0.08691406
v 0.22949222 0.13964841 -0.09277344
v 0.22949222 0.13964841 -0.09277344
v 0.21972659 0.14355466 -0.09082031
v 0.21972659 0.14355466 -0.09082031
v 0.21972659 0.14355466 -0.09082031
v 0.25878909 0.10644529 -0.08105469
v 0.25878909 0.10644529 -0.08105469
v 0.25878909 0.10644529 -0.08105469
v 0.25878909 0.10644529 -0.08105469
v 0.21191409 0.14355466 -0.08886719
v 0.21191409 0.14355466 -0.08886719
v 0.21191409 0.14355466 -0.08886719
v 0.20214847 0.14160153 -0.08300781
v 0.20214847 0.14160153 -0.08300781
v 0.19238284 0.13574216 -0.07519531
v 0.19238284 0.13574216 -0.07519531
v 0.18261722 0.12792966 -0.06347656
v 0.18261722 0.12792966 -0.06347656
v 0.25878909 0.09472654 -0.07324219
v 0.25878909 0.09472654 -0.07324219
v 0.25488284 0.08300779 -0.06347656
v 0.25488284 0.08300779 -0.06347656
v 0.24902347 0.07128904 -0.05175781
v 0.24902347 0.07128904 -0.05175781
v 0.17480472 0.11816404 -0.05371093
v 0.17480472 0.11816404 -0.05371093
v 0.22949222 0.05371091 -0.03027344
v 0.22949222 0.05371091 -0.03027344
v 0.23925784 0.06152341 -0.04199218
v 0.23925784 0.06152341 -0.04199218
v 0.16699222 0.10644529 -0.04199218
v 0.16699222 0.10644529 -0.04199218
v 0.21582034 0.04785154 -0.01855468
v 0.21582034 0.04785154 -0.01855468
v 0.16113284 0.08886717 -0.02441406
v 0.16113284 0.08886717 -0.02441406
v 0.13769534 -0.03222659 0.08496094
v 0.12597659 -0.02832034 0.08886719
v 0.14746097 -0.03027346 0.07910156
v 0.11230472 -0.02050784 0.08886719
v 0.15332034 -0.02441409 0.07128906
v 0.25488284 -0.01464846 0.01074219
v 0.25488284 -0.01464846 0.01074219
v 0.25488284 -0.02636721 0.02246094
v 0.25488284 -0.02636721 0.02246094
v 0.16503909 0.02441404 0.01269532
v 0.25292972 -0.03613284 0.03222657
v 0.25292972 -0.03613284 0.03222657
v 0.24707034 -0.04394534 0.04003907
v 0.24707034 -0.04394534 0.04003907
v 0.23925784 -0.04785159 0.04785157
v 0.23925784 -0.04785159 0.04785157
v 0.22753909 -0.04980471 0.05566407
v 0.22753909 -0.04980471 0.05566407
v 0.21582034 -0.04785159 0.06152344
v 0.21582034 -0.04785159 0.06152344
v 0.19824222 -0.04199221 0.06542969
v 0.19824222 -0.04199221 0.06542969
v 0.17871097 -0.03222659 0.06542969
v 0.17871097 -0.03222659 0.06542969
v 0.15917972 -0.01855471 0.06347656
v 0.15917972 -0.01855471 0.06347656
v 0.21582034 0.04785154 -0.01855468
v 0.25097659 0.00097654 0.00097657
v 0.25097659 0.00097654 0.00097657
v 0.21582034 0.04785154 -0.01855468
v 0.16113284 0.08886717 -0.02441406
v 0.14160159 0.11230467 -0.03222656
v 0.14941409 0.10644529 -0.03222656
v 0.14941409 0.10644529 -0.03222656
v 0.13378909 0.11621092 -0.03222656
v 0.13378909 0.11621092 -0.03222656
v 0.12597659 0.11621092 -0.02636718
v 0.11621097 0.11230467 -0.02050781
v 0.15527347 0.09863279 -0.02832031
v 0.10839847 0.10644529 -0.01269531
v 0.10058597 0.09863279 -0.00097656
v 0.09082035 0.08496092 0.01269532
v 0.08496097 0.06933592 0.03027344
v 0.08105472 0.05371091 0.04394532
v 0.07910160 0.03808591 0.05761719
v 0.08105472 0.02246091 0.06933594
v 0.08691410 0.00683591 0.07714844
v 0.09863285 -0.00683596 0.08496094
v 0.17285159 -0.13769534 0.15332031
v 0.17285159 -0.13769534 0.15332031
v 0.17285159 -0.13769534 0.15332031
v 0.18066409 -0.13769534 0.15722656
v 0.18066409 -0.13769534 0.15722656
v 0.18066409 -0.13769534 0.15722656
v 0.17480472 -0.13964847 0.15917969
v 0.17480472 -0.13964847 0.15917969
v 0.17480472 -0.13964847 0.15917969
v 0.17285159 -0.12011722 0.16503906
v 0.17285159 -0.12011722 0.16503906
v 0.17285159 -0.12011722 0.16503906
v 0.17675784 -0.12011722 0.16308594
v 0.17675784 -0.12011722 0.16308594
v 0.17675784 -0.12011722 0.16308594
v 0.17089847 -0.12011722 0.15917969
v 0.17089847 -0.12011722 0.15917969
v 0.17089847 -0.12011722 0.15917969
v 0.16699222 -0.10058597 0.16699219
v 0.16699222 -0.10058597 0.16699219
v 0.16699222 -0.10058597 0.16699219
v 0.16699222 -0.10058597 0.16699219
v 0.17285159 -0.09863284 0.16308594
v 0.17285159 -0.09863284 0.16308594
v 0.16699222 -0.10058597 0.16113281
v 0.16699222 -0.10058597 0.16113281
v 0.16699222 -0.10058597 0.16113281
v 0.15917972 -0.07910159 0.16308594
v 0.15917972 -0.07910159 0.16308594
v 0.16308597 -0.07910159 0.15917969
v 0.16308597 -0.07910159 0.15917969
v 0.15917972 -0.08105472 0.15722656
v 0.15917972 -0.08105472 0.15722656
v 0.14746097 -0.06542972 0.14746094
v 0.14746097 -0.06542972 0.14746094
v 0.14941409 -0.06347659 0.15136719
v 0.14941409 -0.06347659 0.15136719
v 0.14941409 -0.06347659 0.15136719
v 0.15136722 -0.06152346 0.14746094
v 0.15136722 -0.06152346 0.14746094
v 0.15136722 -0.06152346 0.14746094
v 0.13574222 -0.04980471 0.12988281
v 0.13574222 -0.04980471 0.12988281
v 0.13378909 -0.05371096 0.12988281
v 0.13378909 -0.05371096 0.12988281
v 0.13378909 -0.04980471 0.13183594
v 0.13378909 -0.04980471 0.13183594
v 0.11230472 -0.04003909 0.10058594
v 0.11230472 -0.04003909 0.10058594
v 0.11230472 -0.04003909 0.10058594
v 0.11230472 -0.04003909 0.10058594
v 0.11035160 -0.04394534 0.10253907
v 0.11035160 -0.04394534 0.10253907
v 0.11035160 -0.04394534 0.10253907
v 0.10839847 -0.04003909 0.10253907
v 0.10839847 -0.04003909 0.10253907
v 0.10839847 -0.04003909 0.10253907
v 0.08496097 -0.03613284 0.07324219
v 0.08496097 -0.03613284 0.07324219
v 0.08496097 -0.03613284 0.07324219
v 0.08496097 -0.04003909 0.07324219
v 0.08496097 -0.04003909 0.07324219
v 0.08496097 -0.04003909 0.07324219
v 0.08496097 -0.04003909 0.07324219
v 0.06933597 -0.04199221 0.06738281
v 0.06933597 -0.04199221 0.06738281
v 0.06933597 -0.04199221 0.06738281
v 0.06933597 -0.03808596 0.06542969
v 0.06933597 -0.03808596 0.06542969
v 0.06933597 -0.03808596 0.06542969
v 0.07324222 -0.04003909 0.06347656
v 0.07324222 -0.04003909 0.06347656
v 0.07324222 -0.04003909 0.06347656
v 0.07324222 -0.04003909 0.06347656
v 0.08496097 -0.03613284 0.07324219
v 0.08496097 -0.03613284 0.07324219
v 0.08496097 -0.03613284 0.07324219
v 0.08496097 -0.04003909 0.07324219
v 0.08496097 -0.04003909 0.07324219
v 0.08496097 -0.04003909 0.07324219
v 0.16699222 -0.19824222 0.00878907
v 0.16699222 -0.19824222 0.00878907
v 0.16699222 -0.19824222 0.00878907
v 0.19238284 -0.16308597 -0.00488281
v 0.19238284 -0.16308597 -0.00488281
v 0.19238284 -0.16308597 -0.00488281
v 0.16894534 -0.17285159 0.00878907
v 0.16894534 -0.17285159 0.00878907
v 0.16894534 -0.18457034 0.01074219
v 0.16894534 -0.18457034 0.01074219
v 0.16894534 -0.18457034 0.01074219
v 0.15332034 -0.19433597 0.01855469
v 0.15332034 -0.19433597 0.01855469
v 0.15527347 -0.18652347 0.02050782
v 0.15527347 -0.18652347 0.02050782
v 0.15527347 -0.18652347 0.02050782
v 0.12011722 -0.19042972 0.04199219
v 0.12011722 -0.19042972 0.04199219
v 0.12011722 -0.19042972 0.04199219
v 0.13769534 -0.18847659 0.03027344
v 0.13769534 -0.18847659 0.03027344
v 0.15332034 -0.19433597 0.01855469
v 0.15332034 -0.19433597 0.01855469
v 0.15527347 -0.18652347 0.02050782
v 0.15527347 -0.18652347 0.02050782
v 0.15527347 -0.18652347 0.02050782
v 0.13378909 0.12988278 0.15527344
v 0.12402347 0.12988278 0.18261719
v 0.14746097 0.12402342 0.17675781
v 0.14746097 0.12402342 0.17675781
v 0.14746097 0.12402342 0.17675781
v 0.13574222 0.12402342 0.19042969
v 0.13574222 0.12402342 0.19042969
v 0.12011722 0.12402342 0.20214844
v 0.12011722 0.12402342 0.20214844
v 0.12011722 0.12402342 0.20214844
v 0.09863285 0.12988278 0.19238281
v 0.07324222 0.12988278 0.18261719
v 0.06152347 0.12988278 0.15527344
v 0.06933597 0.12988278 0.12988281
v 0.09863285 0.12988278 0.11621094
v 0.12792972 0.12988278 0.12988281
v 0.13964847 0.12402342 0.11816407
v 0.13964847 0.12402342 0.11816407
v 0.13964847 0.12402342 0.11816407
v 0.14746097 0.12402342 0.13183594
v 0.14746097 0.12402342 0.13183594
v 0.14941409 0.12402342 0.15527344
v 0.14941409 0.12402342 0.15527344
v 0.15917972 0.10644529 0.17871094
v 0.15917972 0.10644529 0.17871094
v 0.15917972 0.10644529 0.17871094
v 0.15917972 0.10644529 0.17871094
v 0.16503909 0.10644529 0.15527344
v 0.16503909 0.10644529 0.15527344
v 0.17285159 0.08105467 0.15527344
v 0.17285159 0.08105467 0.15527344
v 0.17285159 0.08105467 0.15527344
v 0.17285159 0.08105467 0.15527344
v 0.17285159 0.08105467 0.15527344
v 0.16699222 0.08105467 0.18261719
v 0.16699222 0.08105467 0.18261719
v 0.15136722 0.08105467 0.20605469
v 0.14550784 0.10644529 0.20019531
v 0.12402347 0.10839842 0.21386719
v 0.12402347 0.10839842 0.21386719
v 0.12402347 0.10839842 0.21386719
v 0.12402347 0.10839842 0.21386719
v 0.09863285 0.10839842 0.21972656
v 0.09863285 0.10839842 0.21972656
v 0.09863285 0.12402342 0.20410156
v 0.09863285 0.12402342 0.20410156
v 0.09863285 0.12402342 0.20410156
v 0.09863285 0.12402342 0.20410156
v 0.07714847 0.12402342 0.20214844
v 0.07714847 0.12402342 0.20214844
v 0.07714847 0.12402342 0.20214844
v 0.05957035 0.12402342 0.19042969
v 0.05957035 0.12402342 0.19042969
v 0.04980472 0.12402342 0.17675781
v 0.04980472 0.12402342 0.17675781
v 0.04785160 0.12402342 0.15527344
v 0.04785160 0.12402342 0.15527344
v 0.04980472 0.12402342 0.13183594
v 0.04980472 0.12402342 0.13183594
v 0.04980472 0.12402342 0.13183594
v 0.04980472 0.12402342 0.13183594
v 0.05761722 0.12402342 0.11816407
v 0.05761722 0.12402342 0.11816407
v 0.05761722 0.12402342 0.11816407
v 0.07714847 0.12402342 0.10644532
v 0.07714847 0.12402342 0.10644532
v 0.09863285 0.12402342 0.10449219
v 0.09863285 0.12402342 0.10449219
v 0.12011722 0.12402342 0.10644532
v 0.12011722 0.12402342 0.10644532
v 0.12402347 0.10644529 0.09472656
v 0.12402347 0.10644529 0.09472656
v 0.14550784 0.10644529 0.10839844
v 0.14550784 0.10644529 0.10839844
v 0.14550784 0.10644529 0.10839844
v 0.15917972 0.10644529 0.12988281
v 0.16699222 0.08105467 0.12597656
v 0.16699222 0.08105467 0.12597656
v 0.16699222 0.08105467 0.12597656
v 0.16503909 0.04785154 0.12792969
v 0.16503909 0.04785154 0.12792969
v 0.17089847 0.04785154 0.15527344
v 0.17089847 0.04785154 0.15527344
v 0.16503909 0.04785154 0.18066406
v 0.16503909 0.04785154 0.18066406
v 0.14941409 0.04980466 0.20410156
v 0.12597659 0.04980466 0.21972656
v 0.12597659 0.04980466 0.21972656
v 0.12597659 0.08105467 0.22167969
v 0.12597659 0.08105467 0.22167969
v 0.12597659 0.08105467 0.22167969
v 0.09863285 0.08105467 0.22753906
v 0.09863285 0.08105467 0.22753906
v 0.06933597 0.08105467 0.22167969
v 0.07324222 0.10839842 0.21386719
v 0.07324222 0.10839842 0.21386719
v 0.05175785 0.10839842 0.20019531
v 0.05175785 0.10839842 0.20019531
v 0.03613285 0.10839842 0.17871094
v 0.03222660 0.10839842 0.15527344
v 0.03222660 0.10839842 0.15527344
v 0.03613285 0.10839842 0.12988281
v 0.03613285 0.10839842 0.12988281
v 0.03613285 0.10839842 0.12988281
v 0.05175785 0.10839842 0.10839844
v 0.05175785 0.10839842 0.10839844
v 0.05175785 0.10839842 0.10839844
v 0.05175785 0.10839842 0.10839844
v 0.07324222 0.10644529 0.09472656
v 0.09863285 0.10644529 0.08886719
v 0.12597659 0.08105467 0.08691406
v 0.12597659 0.08105467 0.08691406
v 0.15136722 0.07910154 0.10253907
v 0.15136722 0.07910154 0.10253907
v 0.14941409 0.04785154 0.10449219
v 0.15722659 0.01855466 0.12988281
v 0.15722659 0.01855466 0.12988281
v 0.16113284 0.01855466 0.15527344
v 0.15722659 0.01855466 0.17871094
v 0.15722659 0.01855466 0.17871094
v 0.15722659 0.01855466 0.17871094
v 0.14355472 0.01855466 0.19824219
v 0.14355472 0.01855466 0.19824219
v 0.12207035 0.01855466 0.21191406
v 0.09863285 0.04980466 0.22558594
v 0.09863285 0.04980466 0.22558594
v 0.06933597 0.04980466 0.21972656
v 0.04589847 0.04980466 0.20410156
v 0.04589847 0.04980466 0.20410156
v 0.04589847 0.08105467 0.20605469
v 0.04589847 0.08105467 0.20605469
v 0.03027347 0.08105467 0.18261719
v 0.03027347 0.08105467 0.18261719
v 0.03027347 0.08105467 0.18261719
v 0.03027347 0.08105467 0.18261719
v 0.02441410 0.08105467 0.15527344
v 0.02441410 0.08105467 0.15527344
v 0.03027347 0.08105467 0.12597656
v 0.04589847 0.08105467 0.10253907
v 0.04589847 0.08105467 0.10253907
v 0.04589847 0.08105467 0.10253907
v 0.06933597 0.08105467 0.08691406
v 0.06933597 0.08105467 0.08691406
v 0.09863285 0.08105467 0.08105469
v 0.09863285 0.08105467 0.08105469
v 0.09863285 0.08105467 0.08105469
v 0.12597659 0.04785154 0.08886719
v 0.14355472 0.01855466 0.11035157
v 0.14355472 0.01855466 0.11035157
v 0.14160159 -0.01074221 0.14550781
v 0.13574222 -0.01074221 0.17871094
v 0.13574222 -0.01074221 0.17871094
v 0.11621097 -0.01074221 0.19628906
v 0.09863285 0.01855466 0.21582031
v 0.09863285 0.01855466 0.21582031
v 0.07324222 0.01855466 0.21191406
v 0.07324222 0.01855466 0.21191406
v 0.07324222 0.01855466 0.21191406
v 0.05371097 0.01855466 0.19824219
v 0.05371097 0.01855466 0.19824219
v 0.03027347 0.04980466 0.18066406
v 0.03027347 0.04980466 0.18066406
v 0.02441410 0.04980466 0.15527344
v 0.02441410 0.04980466 0.15527344
v 0.03027347 0.04980466 0.12792969
v 0.04589847 0.04980466 0.10449219
v 0.04589847 0.04980466 0.10449219
v 0.06933597 0.04785154 0.08886719
v 0.09863285 0.04785154 0.08300781
v 0.09863285 0.04785154 0.08300781
v 0.09863285 0.01855466 0.09277344
v 0.09863285 0.01855466 0.09277344
v 0.12207035 0.01855466 0.09667969
v 0.12207035 0.01855466 0.09667969
v 0.12402347 -0.01074221 0.11816407
v 0.12402347 -0.01074221 0.11816407
v 0.12402347 -0.01074221 0.11816407
v 0.09472660 -0.02441409 0.12988281
v 0.09472660 -0.02441409 0.12988281
v 0.11425785 -0.02441409 0.13378906
v 0.11425785 -0.02441409 0.13378906
v 0.11425785 -0.02441409 0.13378906
v 0.12402347 -0.02441409 0.14941406
v 0.12402347 -0.02441409 0.14941406
v 0.12011722 -0.02441409 0.17285156
v 0.12011722 -0.02441409 0.17285156
v 0.12011722 -0.02441409 0.17285156
v 0.09863285 -0.02441409 0.17871094
v 0.09863285 -0.02441409 0.17871094
v 0.09082035 -0.00878909 0.19628906
v 0.06542972 -0.00878909 0.18652344
v 0.06542972 -0.00878909 0.18652344
v 0.04003910 0.01855466 0.17871094
v 0.03417972 0.01855466 0.15527344
v 0.03417972 0.01855466 0.15527344
v 0.04003910 0.01855466 0.12988281
v 0.04003910 0.01855466 0.12988281
v 0.04003910 0.01855466 0.12988281
v 0.05371097 0.01855466 0.11035157
v 0.05371097 0.01855466 0.11035157
v 0.07324222 0.01855466 0.09667969
v 0.09082035 -0.01074221 0.11230469
v 0.07714847 -0.02441409 0.13964844
v 0.07714847 -0.02441409 0.13964844
v 0.07714847 -0.02441409 0.13964844
v 0.09863285 -0.02832034 0.15527344
v 0.08496097 -0.02441409 0.17480469
v 0.08496097 -0.02441409 0.17480469
v 0.08496097 -0.02441409 0.17480469
v 0.05566410 -0.00878909 0.16308594
v 0.06152347 -0.00878909 0.12988281
v 0.06152347 -0.00878909 0.12988281
v 0.07324222 -0.02441409 0.15527344
v 0.07324222 -0.02441409 0.15527344
v 0.23730472 -0.12988284 0.13574219
v 0.23730472 -0.12988284 0.13574219
v 0.23730472 -0.12988284 0.13574219
v 0.22558597 -0.12792972 0.11230469
v 0.22558597 -0.12792972 0.11230469
v 0.22558597 -0.12792972 0.11230469
v 0.20019534 -0.14160159 0.13769531
v 0.20019534 -0.14160159 0.13769531
v 0.20019534 -0.14160159 0.13769531
v 0.20019534 -0.14160159 0.13769531
v 0.15136722 -0.14550784 0.13769531
v 0.15136722 -0.14550784 0.13769531
v 0.15136722 -0.14550784 0.13769531
v 0.15136722 -0.14550784 0.13769531
v 0.15136722 -0.14550784 0.13769531
v 0.12402347 -0.13378909 0.11230469
v 0.12402347 -0.13378909 0.11230469
v 0.12402347 -0.13378909 0.11230469
v 0.13574222 -0.14941409 0.13574219
v 0.13574222 -0.14941409 0.13574219
v 0.13574222 -0.14941409 0.13574219
v 0.13574222 -0.14941409 0.13574219
v 0.14746097 -0.14746097 0.11816407
v 0.14746097 -0.14746097 0.11816407
v 0.14746097 -0.14746097 0.11816407
v 0.16113284 -0.14355472 0.12597656
v 0.16113284 -0.14355472 0.12597656
v 0.15722659 -0.14550784 0.11230469
v 0.15722659 -0.14550784 0.11230469
v 0.15722659 -0.14550784 0.11230469
v 0.14355472 -0.12402347 0.09472656
v 0.14355472 -0.12402347 0.09472656
v 0.14355472 -0.12402347 0.09472656
v 0.16894534 -0.14355472 0.10839844
v 0.16894534 -0.14355472 0.10839844
v 0.16894534 -0.14355472 0.10839844
v 0.17675784 -0.14160159 0.12207032
v 0.17675784 -0.14160159 0.12207032
v 0.17675784 -0.14160159 0.12207032
v 0.17871097 -0.12792972 0.08300781
v 0.17871097 -0.12792972 0.08300781
v 0.17871097 -0.12792972 0.08300781
v 0.18261722 -0.14355472 0.10839844
v 0.18261722 -0.14355472 0.10839844
v 0.18261722 -0.14355472 0.10839844
v 0.19042972 -0.14160159 0.12597656
v 0.19433597 -0.14355472 0.11230469
v 0.19433597 -0.14355472 0.11230469
v 0.19433597 -0.14355472 0.11230469
v 0.20410159 -0.14355472 0.11816407
v 0.20410159 -0.14355472 0.11816407
v 0.20410159 -0.14355472 0.11816407
v 0.20410159 -0.14355472 0.11816407
v 0.21582034 -0.14550784 0.13574219
v 0.21582034 -0.14550784 0.13574219
v 0.21582034 -0.14550784 0.13574219
v 0.20410159 -0.14550784 0.15136719
v 0.21777347 -0.14746097 0.14941406
v 0.21777347 -0.14746097 0.14941406
v 0.21582034 -0.15136722 0.16503906
v 0.21582034 -0.15136722 0.16503906
v 0.21582034 -0.15136722 0.16503906
v 0.20019534 -0.14746097 0.16503906
v 0.20019534 -0.14746097 0.16503906
v 0.20019534 -0.14746097 0.16503906
v 0.20019534 -0.14746097 0.16503906
v 0.20019534 -0.14746097 0.16503906
v 0.23535159 -0.14160159 0.17871094
v 0.23535159 -0.14160159 0.17871094
v 0.23535159 -0.14160159 0.17871094
v 0.21191409 -0.15527347 0.17480469
v 0.21191409 -0.15527347 0.17480469
v 0.21191409 -0.15527347 0.17480469
v 0.21191409 -0.15527347 0.17480469
v 0.22363284 -0.14941409 0.19238281
v 0.22363284 -0.14941409 0.19238281
v 0.22363284 -0.14941409 0.19238281
v 0.20800784 -0.15722659 0.18457031
v 0.20800784 -0.15722659 0.18457031
v 0.20800784 -0.15722659 0.18457031
v 0.20800784 -0.15722659 0.18457031
v 0.19042972 -0.15332034 0.17480469
v 0.19042972 -0.15332034 0.17480469
v 0.19042972 -0.15332034 0.17480469
v 0.20996097 -0.14746097 0.20800781
v 0.20996097 -0.14746097 0.20800781
v 0.20996097 -0.14746097 0.20800781
v 0.19433597 -0.15917972 0.18652344
v 0.19433597 -0.15917972 0.18652344
v 0.19433597 -0.15917972 0.18652344
v 0.18261722 -0.16113284 0.19042969
v 0.18261722 -0.16113284 0.19042969
v 0.18261722 -0.16113284 0.19042969
v 0.17285159 -0.15722659 0.21972656
v 0.17285159 -0.15722659 0.21972656
v 0.17285159 -0.15722659 0.21972656
v 0.16894534 -0.16113284 0.19042969
v 0.16894534 -0.16113284 0.19042969
v 0.16894534 -0.16113284 0.19042969
v 0.17675784 -0.15527347 0.17871094
v 0.17675784 -0.15527347 0.17871094
v 0.17675784 -0.15527347 0.17871094
v 0.17675784 -0.13574222 0.15332031
v 0.17675784 -0.13574222 0.15332031
v 0.14746097 -0.14941409 0.15136719
v 0.14746097 -0.14941409 0.15136719
v 0.14746097 -0.14941409 0.15136719
v 0.14746097 -0.14941409 0.15136719
v 0.11230472 -0.14160159 0.15332031
v 0.11230472 -0.14160159 0.15332031
v 0.11230472 -0.14160159 0.15332031
v 0.13574222 -0.15332034 0.14941406
v 0.13574222 -0.15332034 0.14941406
v 0.13574222 -0.15332034 0.14941406
v 0.13574222 -0.15332034 0.14941406
v 0.17675784 -0.17285159 0.14550781
v 0.17675784 -0.17285159 0.14550781
v 0.17675784 -0.17285159 0.14550781
v 0.17675784 -0.17285159 0.14550781
v 0.17675784 -0.17285159 0.14550781
v 0.17675784 -0.17285159 0.14550781
v 0.17675784 -0.17285159 0.14550781
v 0.15722659 -0.16113284 0.18652344
v 0.15722659 -0.16113284 0.18652344
v 0.14746097 -0.16113284 0.18066406
v 0.14746097 -0.16113284 0.18066406
v 0.16113284 -0.15527347 0.17480469
v 0.16113284 -0.15527347 0.17480469
v 0.15136722 -0.15332034 0.16503906
v 0.15136722 -0.15332034 0.16503906
v 0.15136722 -0.15332034 0.16503906
v 0.15136722 -0.15332034 0.16503906
v 0.13574222 -0.14550784 0.16113281
v 0.13574222 -0.14550784 0.16113281
v 0.13574222 -0.14550784 0.16113281
v 0.13964847 -0.15917972 0.17480469
v 0.13964847 -0.15917972 0.17480469
v 0.13964847 -0.15917972 0.17480469
v 0.13964847 -0.15917972 0.17480469
v 0.12011722 -0.14746097 0.17871094
v 0.12011722 -0.14746097 0.17871094
v 0.12011722 -0.14746097 0.17871094
v 0.03222660 -0.21582034 0.14160156
v 0.03222660 -0.21582034 0.14160156
v 0.03222660 -0.21582034 0.14160156
v 0.06152347 -0.22753909 0.12597656
v 0.06152347 -0.22753909 0.12597656
v 0.03808597 -0.22363284 0.14160156
v 0.04589847 -0.22949222 0.14160156
v 0.05566410 -0.23339847 0.13964844
v 0.07128910 -0.23925784 0.13574219
v 0.08300785 -0.23925784 0.13183594
v 0.09082035 -0.23730472 0.12597656
v 0.09863285 -0.23144534 0.12207032
v 0.10449222 -0.22558597 0.11621094
v 0.11035160 -0.21386722 0.11035157
v 0.11230472 -0.20019534 0.10253907
v 0.11230472 -0.20019534 0.10253907
v 0.11230472 -0.20019534 0.10253907
v 0.11230472 -0.18457034 0.09863282
v 0.02636722 -0.20800784 0.14160156
v 0.10839847 -0.16894534 0.09277344
v 0.10058597 -0.15136722 0.08886719
v 0.10253910 -0.13574222 0.08105469
v 0.10058597 -0.13964847 0.08300781
v 0.10058597 -0.13964847 0.08300781
v 0.10058597 -0.13964847 0.08300781
v 0.10253910 -0.13183597 0.08105469
v 0.10253910 -0.13183597 0.08105469
v 0.10058597 -0.12792972 0.07910156
v 0.10058597 -0.12792972 0.07910156
v 0.09667972 -0.12597659 0.08105469
v 0.09472660 -0.14355472 0.08691406
v 0.08496097 -0.12988284 0.08496094
v 0.01269535 -0.17871097 0.13378906
v 0.01660160 -0.18847659 0.13574219
v 0.02050785 -0.19824222 0.13964844
v 0.18261722 -0.15332034 0.11035157
v 0.18261722 -0.15332034 0.11035157
v 0.18457034 -0.14550784 0.12402344
v 0.18457034 -0.14550784 0.12402344
v 0.19824222 -0.15332034 0.11425782
v 0.19824222 -0.15332034 0.11425782
v 0.19824222 -0.15332034 0.11425782
v 0.19824222 -0.14746097 0.13769531
v 0.19824222 -0.14746097 0.13769531
v 0.20996097 -0.15527347 0.12597656
v 0.20996097 -0.15527347 0.12597656
v 0.21582034 -0.15722659 0.14160156
v 0.20214847 -0.14941409 0.15136719
v 0.20214847 -0.14941409 0.15136719
v 0.21582034 -0.16113284 0.15917969
v 0.21582034 -0.16113284 0.15917969
v 0.20214847 -0.15136722 0.15722656
v 0.20214847 -0.15136722 0.15722656
v 0.20996097 -0.16308597 0.17285156
v 0.20996097 -0.16308597 0.17285156
v 0.20996097 -0.16308597 0.17285156
v 0.19824222 -0.15332034 0.16699219
v 0.19042972 -0.15527347 0.17480469
v 0.14941409 -0.15332034 0.15136719
v 0.14941409 -0.15332034 0.15136719
v 0.15332034 -0.14941409 0.13769531
v 0.15332034 -0.14941409 0.13769531
v 0.16113284 -0.14746097 0.12988281
v 0.16113284 -0.14746097 0.12988281
v 0.17480472 -0.14746097 0.12402344
v 0.17480472 -0.14746097 0.12402344
v 0.17480472 -0.14746097 0.12402344
v 0.17480472 -0.14746097 0.12402344
v 0.16699222 -0.15527347 0.11035157
v 0.16699222 -0.15527347 0.11035157
v 0.18652347 -0.16699222 0.09277344
v 0.20605472 -0.16699222 0.10058594
v 0.20605472 -0.16699222 0.10058594
v 0.20605472 -0.16699222 0.10058594
v 0.20605472 -0.16699222 0.10058594
v 0.21972659 -0.16894534 0.11230469
v 0.21972659 -0.16894534 0.11230469
v 0.22949222 -0.17089847 0.13574219
v 0.22949222 -0.17480472 0.15917969
v 0.22949222 -0.17480472 0.15917969
v 0.22167972 -0.17871097 0.17871094
v 0.22167972 -0.17871097 0.17871094
v 0.19824222 -0.16699222 0.18457031
v 0.19824222 -0.16699222 0.18457031
v 0.18457034 -0.16699222 0.19042969
v 0.18457034 -0.16699222 0.19042969
v 0.18457034 -0.16699222 0.19042969
v 0.18261722 -0.15722659 0.17871094
v 0.17089847 -0.15722659 0.17871094
v 0.15917972 -0.15527347 0.17480469
v 0.15917972 -0.15527347 0.17480469
v 0.15332034 -0.15527347 0.16699219
v 0.15332034 -0.15527347 0.16699219
v 0.14941409 -0.15332034 0.15722656
v 0.14941409 -0.15332034 0.15722656
v 0.13574222 -0.16113284 0.14160156
v 0.14160159 -0.15917972 0.12792969
v 0.14160159 -0.15917972 0.12792969
v 0.15136722 -0.15722659 0.11621094
v 0.15136722 -0.15722659 0.11621094
v 0.15136722 -0.15722659 0.11621094
v 0.15136722 -0.15722659 0.11621094
v 0.15136722 -0.15722659 0.11621094
v 0.16503909 -0.16699222 0.09277344
v 0.18847659 -0.18457034 0.08496094
v 0.18847659 -0.18457034 0.08496094
v 0.20996097 -0.18652347 0.09277344
v 0.20996097 -0.18652347 0.09277344
v 0.20996097 -0.18652347 0.09277344
v 0.22558597 -0.18652347 0.10839844
v 0.22558597 -0.18652347 0.10839844
v 0.22558597 -0.18652347 0.10839844
v 0.22558597 -0.18652347 0.10839844
v 0.22558597 -0.18652347 0.10839844
v 0.23535159 -0.19042972 0.13183594
v 0.23535159 -0.19042972 0.13183594
v 0.23535159 -0.19433597 0.15527344
v 0.23535159 -0.19433597 0.15527344
v 0.23535159 -0.19433597 0.15527344
v 0.22753909 -0.20019534 0.17871094
v 0.20800784 -0.18261722 0.19433594
v 0.18652347 -0.18457034 0.20214844
v 0.18652347 -0.18457034 0.20214844
v 0.16699222 -0.16894534 0.19238281
v 0.16699222 -0.16894534 0.19238281
v 0.16699222 -0.16894534 0.19238281
v 0.14550784 -0.16699222 0.17871094
v 0.14550784 -0.16699222 0.17871094
v 0.13574222 -0.16503909 0.15917969
v 0.12207035 -0.17675784 0.13769531
v 0.12207035 -0.17675784 0.13769531
v 0.12988284 -0.17285159 0.11621094
v 0.12988284 -0.17285159 0.11621094
v 0.14355472 -0.16894534 0.10253907
v 0.14355472 -0.16894534 0.10253907
v 0.14355472 -0.16894534 0.10253907
v 0.16308597 -0.18652347 0.08300781
v 0.16308597 -0.18652347 0.08300781
v 0.16308597 -0.18652347 0.08300781
v 0.18847659 -0.21972659 0.08496094
v 0.18847659 -0.21972659 0.08496094
v 0.20800784 -0.21972659 0.09277344
v 0.21972659 -0.22167972 0.10644532
v 0.21972659 -0.22167972 0.10644532
v 0.23144534 -0.22558597 0.12792969
v 0.23144534 -0.22558597 0.12792969
v 0.23144534 -0.22753909 0.14941406
v 0.23144534 -0.22753909 0.14941406
v 0.22363284 -0.23144534 0.16894531
v 0.22363284 -0.23144534 0.16894531
v 0.22363284 -0.23144534 0.16894531
v 0.20800784 -0.23535159 0.18261719
v 0.20800784 -0.23535159 0.18261719
v 0.21191409 -0.20214847 0.19433594
v 0.21191409 -0.20214847 0.19433594
v 0.18847659 -0.20605472 0.20410156
v 0.18847659 -0.20605472 0.20410156
v 0.18847659 -0.20605472 0.20410156
v 0.16699222 -0.20605472 0.20410156
v 0.16699222 -0.20605472 0.20410156
v 0.16503909 -0.18652347 0.20214844
v 0.14550784 -0.18457034 0.19433594
v 0.14550784 -0.18457034 0.19433594
v 0.12988284 -0.18457034 0.18066406
v 0.12988284 -0.18457034 0.18066406
v 0.12988284 -0.18457034 0.18066406
v 0.12207035 -0.18066409 0.15917969
v 0.12207035 -0.18066409 0.15917969
v 0.12207035 -0.18066409 0.15917969
v 0.12207035 -0.18066409 0.15917969
v 0.11816410 -0.19628909 0.13183594
v 0.12597659 -0.19238284 0.11035157
v 0.14160159 -0.18847659 0.09472656
v 0.14160159 -0.18847659 0.09472656
v 0.14160159 -0.18847659 0.09472656
v 0.16503909 -0.21972659 0.08496094
v 0.16503909 -0.21972659 0.08496094
v 0.18652347 -0.24316409 0.09277344
v 0.18652347 -0.24316409 0.09277344
v 0.20214847 -0.24316409 0.10058594
v 0.21582034 -0.24511722 0.11816407
v 0.21582034 -0.24511722 0.11816407
v 0.22167972 -0.24902347 0.14355469
v 0.21582034 -0.25292972 0.15917969
v 0.21582034 -0.25292972 0.15917969
v 0.19628909 -0.25683597 0.17285156
v 0.18847659 -0.23730472 0.19238281
v 0.16894534 -0.23925784 0.19042969
v 0.16894534 -0.23925784 0.19042969
v 0.16894534 -0.23925784 0.19042969
v 0.14355472 -0.20605472 0.19433594
v 0.14355472 -0.20605472 0.19433594
v 0.12792972 -0.20410159 0.17675781
v 0.12792972 -0.20410159 0.17675781
v 0.12792972 -0.20410159 0.17675781
v 0.12792972 -0.20410159 0.17675781
v 0.11816410 -0.20019534 0.15527344
v 0.11816410 -0.20019534 0.15527344
v 0.11816410 -0.20019534 0.15527344
v 0.12597659 -0.22949222 0.12792969
v 0.12597659 -0.22949222 0.12792969
v 0.13378909 -0.22558597 0.10839844
v 0.13378909 -0.22558597 0.10839844
v 0.14746097 -0.22167972 0.09472656
v 0.14746097 -0.22167972 0.09472656
v 0.16503909 -0.24316409 0.09472656
v 0.17871097 -0.27050784 0.11035157
v 0.17871097 -0.27050784 0.11035157
v 0.19433597 -0.27050784 0.11425782
v 0.19433597 -0.27050784 0.11425782
v 0.19433597 -0.27050784 0.11425782
v 0.19433597 -0.27050784 0.11425782
v 0.20019534 -0.27246097 0.12988281
v 0.20019534 -0.27246097 0.12988281
v 0.19628909 -0.27636722 0.14550781
v 0.19628909 -0.27636722 0.14550781
v 0.19628909 -0.27636722 0.14550781
v 0.18066409 -0.27832034 0.15136719
v 0.18066409 -0.27832034 0.15136719
v 0.17285159 -0.25683597 0.17675781
v 0.15722659 -0.25683597 0.17089844
v 0.15722659 -0.25683597 0.17089844
v 0.14941409 -0.23730472 0.18261719
v 0.14941409 -0.23730472 0.18261719
v 0.13378909 -0.23535159 0.16894531
v 0.12597659 -0.23339847 0.14941406
v 0.12597659 -0.23339847 0.14941406
v 0.13769534 -0.25097659 0.12597656
v 0.13769534 -0.25097659 0.12597656
v 0.13769534 -0.25097659 0.12597656
v 0.14355472 -0.24707034 0.11035157
v 0.14355472 -0.24707034 0.11035157
v 0.16503909 -0.27246097 0.11621094
v 0.16503909 -0.27246097 0.11621094
v 0.18066409 -0.28027347 0.12988281
v 0.16699222 -0.27832034 0.14746094
v 0.16699222 -0.27832034 0.14746094
v 0.16699222 -0.27832034 0.14746094
v 0.14550784 -0.25683597 0.15917969
v 0.13769534 -0.25292972 0.14355469
v 0.15917972 -0.27441409 0.13183594
v 0.15917972 -0.27441409 0.13183594
v 0.15917972 -0.27441409 0.13183594
v 0.05175785 -0.29589847 0.18261719
v 0.05371097 -0.29785159 0.18261719
v 0.04980472 -0.29394534 0.18066406
v 0.04980472 -0.29394534 0.18066406
v 0.04785160 -0.27832034 0.17285156
v 0.08886722 -0.28027347 0.15332031
v 0.08886722 -0.28027347 0.15332031
v 0.08886722 -0.28027347 0.15332031
v 0.08886722 -0.28027347 0.15332031
v 0.04785160 -0.26855472 0.16699219
v 0.04980472 -0.25878909 0.16113281
v 0.06152347 -0.24902347 0.15332031
v 0.06738285 -0.24707034 0.14941406
v 0.06738285 -0.24707034 0.14941406
v 0.06738285 -0.24707034 0.14941406
v 0.06542972 -0.23339847 0.13769531
v 0.06738285 -0.24121097 0.14355469
v 0.06738285 -0.24121097 0.14355469
v 0.06738285 -0.24121097 0.14355469
v 0.07128910 -0.23925784 0.14160156
v 0.07128910 -0.23925784 0.14160156
v 0.07128910 -0.24316409 0.14550781
v 0.07128910 -0.24316409 0.14550781
v 0.07128910 -0.24511722 0.14550781
v 0.07128910 -0.24511722 0.14550781
v 0.07519535 -0.24316409 0.14746094
v 0.07519535 -0.24316409 0.14746094
v 0.07519535 -0.24316409 0.14746094
v 0.07519535 -0.24316409 0.14746094
v 0.08300785 -0.24316409 0.14550781
v 0.08300785 -0.24316409 0.14550781
v 0.10058597 -0.24121097 0.14160156
v 0.11035160 -0.24511722 0.14160156
v 0.11816410 -0.25097659 0.14355469
v 0.12597659 -0.25683597 0.14550781
v 0.12597659 -0.25683597 0.14550781
v 0.13574222 -0.27246097 0.15136719
v 0.13574222 -0.27050784 0.14941406
v 0.13574222 -0.27050784 0.14941406
v 0.13574222 -0.27441409 0.15136719
v 0.13574222 -0.27441409 0.15136719
v 0.13574222 -0.26660159 0.14941406
v 0.13574222 -0.26660159 0.14941406
v 0.13574222 -0.27636722 0.15332031
v 0.13574222 -0.27636722 0.15332031
v 0.13378909 -0.27636722 0.15332031
v 0.13378909 -0.26464847 0.14746094
v 0.13183597 -0.27832034 0.15332031
v 0.13183597 -0.27832034 0.15332031
v 0.13183597 -0.27832034 0.15332031
v 0.12988284 -0.26074222 0.14550781
v 0.12988284 -0.26074222 0.14550781
v 0.13769534 -0.32324222 0.17675781
v 0.13964847 -0.32128909 0.17480469
v 0.13964847 -0.32128909 0.17480469
v 0.13378909 -0.32714847 0.17871094
v 0.13378909 -0.32714847 0.17871094
v 0.14160159 -0.31738284 0.17285156
v 0.14160159 -0.31738284 0.17285156
v 0.12988284 -0.32910159 0.18066406
v 0.12597659 -0.33105472 0.18261719
v 0.12597659 -0.33105472 0.18261719
v 0.14160159 -0.31347659 0.16894531
v 0.14160159 -0.31347659 0.16894531
v 0.12207035 -0.33300784 0.18457031
v 0.11816410 -0.33105472 0.18457031
v 0.11621097 -0.33105472 0.18457031
v 0.11621097 -0.33105472 0.18457031
v 0.11621097 -0.33105472 0.18457031
v 0.11621097 -0.33105472 0.18457031
v 0.14160159 -0.30761722 0.16699219
v 0.14160159 -0.30761722 0.16699219
v 0.13769534 -0.29394534 0.16113281
v 0.13769534 -0.29394534 0.16113281
v 0.13769534 -0.29394534 0.16113281
v 0.11425785 -0.32714847 0.18457031
v 0.11425785 -0.32714847 0.18457031
v 0.11035160 -0.32910159 0.18652344
v 0.11035160 -0.32910159 0.18652344
v 0.11035160 -0.32910159 0.18652344
v 0.11035160 -0.32910159 0.18652344
v 0.10253910 -0.33691409 0.19238281
v 0.10449222 -0.33496097 0.19042969
v 0.10449222 -0.33496097 0.19042969
v 0.10058597 -0.33691409 0.19238281
v 0.10058597 -0.33691409 0.19238281
v 0.10058597 -0.33691409 0.19238281
v 0.10449222 -0.33300784 0.19042969
v 0.10449222 -0.33300784 0.19042969
v 0.09667972 -0.33691409 0.19238281
v 0.10449222 -0.33105472 0.18847656
v 0.10449222 -0.33105472 0.18847656
v 0.09277347 -0.33496097 0.19238281
v 0.09277347 -0.33496097 0.19238281
v 0.08886722 -0.33105472 0.19238281
v 0.08886722 -0.33105472 0.19238281
v 0.08105472 -0.32519534 0.19042969
v 0.07128910 -0.31347659 0.18652344
v 0.07128910 -0.31347659 0.18652344
v 0.06152347 -0.29785159 0.18066406
v 0.06152347 -0.29785159 0.18066406
v 0.04785160 -0.28417972 0.17675781
v 0.04980472 -0.28808597 0.17871094
v 0.04980472 -0.28808597 0.17871094
v 0.05761722 -0.29980472 0.18261719
v 0.04980472 -0.29199222 0.18066406
v 0.05566410 -0.29980472 0.18261719
v 0.05566410 -0.29980472 0.18261719
v -0.23730466 0.32910153 -0.20800781
v -0.23730466 0.32910153 -0.20800781
v -0.23730466 0.32910153 -0.20800781
v -0.22363278 0.32324216 -0.19824219
v -0.22363278 0.32324216 -0.19824219
v -0.22363278 0.32324216 -0.19824219
v -0.23339841 0.32519528 -0.21191406
v -0.23339841 0.32519528 -0.21191406
v -0.23339841 0.32519528 -0.21191406
v -0.23339841 0.32519528 -0.21191406
v -0.23339841 0.32519528 -0.21191406
v -0.23339841 0.32519528 -0.21191406
v -0.23730466 0.33691403 -0.21972656
v -0.23730466 0.33691403 -0.21972656
v -0.23730466 0.33691403 -0.21972656
v -0.23730466 0.33691403 -0.21972656
v -0.23730466 0.33691403 -0.21972656
v -0.23730466 0.33691403 -0.21972656
v -0.23730466 0.33691403 -0.21972656
v -0.23730466 0.33691403 -0.21972656
v -0.24511716 0.33886716 -0.23144531
v -0.24511716 0.33886716 -0.23144531
v -0.24511716 0.33886716 -0.23144531
v -0.23730466 0.35253903 -0.22363281
v -0.23730466 0.35253903 -0.22363281
v -0.23730466 0.35253903 -0.22363281
v -0.23730466 0.35253903 -0.22363281
v -0.24902341 0.34472653 -0.22753906
v -0.24902341 0.34472653 -0.22753906
v -0.24902341 0.34472653 -0.22753906
v -0.25292966 0.34277341 -0.23144531
v -0.25292966 0.34277341 -0.23144531
v -0.25292966 0.34277341 -0.23144531
v -0.25292966 0.34277341 -0.23144531
v -0.25292966 0.34277341 -0.23144531
v -0.25097653 0.35058591 -0.23925781
v -0.25097653 0.35058591 -0.23925781
v -0.25097653 0.35058591 -0.23925781
v -0.25097653 0.35058591 -0.23925781
v -0.25683591 0.34082028 -0.23535156
v -0.25683591 0.34082028 -0.23535156
v -0.25683591 0.34082028 -0.23535156
v -0.25683591 0.34082028 -0.23535156
v -0.25292966 0.33496091 -0.23925781
v -0.25292966 0.33496091 -0.23925781
v -0.25292966 0.33496091 -0.23925781
v -0.25292966 0.33496091 -0.23925781
v -0.26464841 0.33691403 -0.25097656
v -0.26464841 0.33691403 -0.25097656
v -0.26464841 0.33691403 -0.25097656
v -0.25878903 0.32324216 -0.24316406
v -0.25878903 0.32324216 -0.24316406
v -0.25878903 0.32324216 -0.24316406
v -0.25878903 0.32324216 -0.24316406
v -0.26855466 0.31542966 -0.25097656
v -0.26855466 0.31542966 -0.25097656
v -0.26855466 0.31542966 -0.25097656
v -0.26855466 0.31542966 -0.25097656
v -0.25878903 0.31347653 -0.24121094
v -0.25878903 0.31347653 -0.24121094
v -0.25878903 0.31347653 -0.24121094
v -0.25878903 0.31347653 -0.24121094
v -0.26855466 0.30761716 -0.23730469
v -0.26855466 0.30761716 -0.23730469
v -0.26855466 0.30761716 -0.23730469
v -0.26660153 0.29785153 -0.24316406
v -0.26660153 0.29785153 -0.24316406
v -0.26660153 0.29785153 -0.24316406
v -0.26660153 0.29785153 -0.24316406
v -0.25488278 0.29980466 -0.23144531
v -0.25488278 0.29980466 -0.23144531
v -0.25488278 0.29980466 -0.23144531
v -0.25488278 0.29980466 -0.23144531
v -0.25488278 0.29980466 -0.23144531
v -0.24121091 0.31738278 -0.23144531
v -0.24121091 0.31738278 -0.23144531
v -0.24121091 0.31738278 -0.23144531
v -0.23730466 0.30761716 -0.21191406
v -0.23730466 0.30761716 -0.21191406
v -0.23730466 0.30761716 -0.21191406
v -0.23730466 0.30761716 -0.21191406
v -0.23730466 0.30761716 -0.21191406
v -0.23730466 0.30761716 -0.21191406
v -0.22949216 0.30175778 -0.19824219
v -0.22949216 0.30175778 -0.19824219
v -0.22949216 0.30175778 -0.19824219
v -0.24121091 0.30761716 -0.20410156
v -0.24121091 0.30761716 -0.20410156
v -0.24121091 0.30761716 -0.20410156
v -0.24121091 0.30761716 -0.20410156
v -0.24121091 0.30761716 -0.20410156
v -0.24121091 0.30761716 -0.20410156
v -0.24121091 0.31542966 -0.19238281
v -0.24121091 0.31542966 -0.19238281
v -0.24121091 0.31542966 -0.19238281
v -0.23925778 0.31933591 -0.20410156
v -0.23925778 0.31933591 -0.20410156
v -0.23925778 0.31933591 -0.20410156
v -0.23925778 0.31933591 -0.20410156
v -0.23925778 0.31933591 -0.20410156
v -0.23925778 0.31933591 -0.20410156
v -0.23925778 0.31933591 -0.20410156
v -0.23925778 0.31933591 -0.20410156
v -0.23925778 0.31933591 -0.20410156
v -0.23925778 0.32714841 -0.19433594
v -0.23925778 0.32714841 -0.19433594
v -0.23925778 0.32714841 -0.19433594
v -0.23730466 0.33105466 -0.20605469
v -0.23730466 0.33105466 -0.20605469
v -0.23730466 0.33105466 -0.20605469
v -0.23925778 0.33300778 -0.21191406
v -0.23925778 0.33300778 -0.21191406
v -0.23925778 0.33300778 -0.21191406
v -0.23925778 0.33300778 -0.21191406
v -0.23925778 0.33300778 -0.21191406
v -0.22753903 0.34277341 -0.20800781
v -0.22753903 0.34277341 -0.20800781
v -0.22753903 0.34277341 -0.20800781
v -0.23925778 0.33691403 -0.21191406
v -0.23925778 0.33691403 -0.21191406
v -0.23925778 0.33691403 -0.21191406
v -0.23925778 0.33691403 -0.21191406
v -0.23730466 0.33886716 -0.20996094
v -0.23730466 0.33886716 -0.20996094
v -0.23730466 0.33886716 -0.20996094
v -0.24121091 0.34863278 -0.20410156
v -0.24121091 0.34863278 -0.20410156
v -0.24121091 0.34863278 -0.20410156
v -0.24511716 0.34277341 -0.21972656
v -0.24511716 0.34277341 -0.21972656
v -0.24511716 0.34277341 -0.21972656
v -0.24511716 0.34277341 -0.21972656
v -0.24511716 0.34277341 -0.21972656
v -0.24511716 0.34277341 -0.21972656
v -0.25097653 0.35449216 -0.21582031
v -0.25097653 0.35449216 -0.21582031
v -0.25097653 0.35449216 -0.21582031
v -0.25097653 0.34863278 -0.22363281
v -0.25097653 0.34863278 -0.22363281
v -0.25097653 0.34863278 -0.22363281
v -0.25097653 0.34863278 -0.22363281
v -0.25097653 0.34863278 -0.22363281
v -0.26269528 0.35449216 -0.22949219
v -0.26269528 0.35449216 -0.22949219
v -0.26269528 0.35449216 -0.22949219
v -0.25683591 0.34277341 -0.23535156
v -0.25683591 0.34277341 -0.23535156
v -0.25683591 0.34277341 -0.23535156
v -0.25683591 0.34277341 -0.23535156
v -0.26074216 0.33886716 -0.23730469
v -0.26074216 0.33886716 -0.23730469
v -0.26074216 0.33886716 -0.23730469
v -0.26074216 0.33886716 -0.23730469
v -0.26074216 0.33886716 -0.23730469
v -0.27441403 0.34667966 -0.24121094
v -0.27441403 0.34667966 -0.24121094
v -0.27441403 0.34667966 -0.24121094
v -0.26660153 0.32910153 -0.24121094
v -0.26660153 0.32910153 -0.24121094
v -0.26660153 0.32910153 -0.24121094
v -0.26660153 0.32910153 -0.24121094
v -0.26660153 0.32910153 -0.24121094
v -0.26660153 0.32910153 -0.24121094
v -0.26660153 0.32910153 -0.24121094
v -0.26660153 0.32910153 -0.24121094
v -0.28027341 0.33105466 -0.24316406
v -0.28027341 0.33105466 -0.24316406
v -0.28027341 0.33105466 -0.24316406
v -0.26855466 0.31933591 -0.24121094
v -0.26855466 0.31933591 -0.24121094
v -0.26855466 0.31933591 -0.24121094
v -0.26855466 0.31933591 -0.24121094
v -0.26855466 0.31933591 -0.24121094
v -0.26855466 0.31933591 -0.24121094
v -0.26855466 0.31933591 -0.24121094
v -0.28027341 0.31542966 -0.23925781
v -0.28027341 0.31542966 -0.23925781
v -0.28027341 0.31542966 -0.23925781
v -0.27050778 0.31347653 -0.23925781
v -0.27050778 0.31347653 -0.23925781
v -0.27050778 0.31347653 -0.23925781
v -0.27050778 0.31347653 -0.23925781
v -0.27050778 0.31347653 -0.23925781
v -0.27050778 0.31347653 -0.23925781
v -0.28027341 0.30175778 -0.23535156
v -0.28027341 0.30175778 -0.23535156
v -0.28027341 0.30175778 -0.23535156
v -0.26660153 0.30175778 -0.23339844
v -0.26660153 0.30175778 -0.23339844
v -0.26660153 0.30175778 -0.23339844
v -0.26660153 0.30175778 -0.23339844
v -0.26660153 0.30175778 -0.23339844
v -0.26464841 0.29980466 -0.22949219
v -0.26464841 0.29980466 -0.22949219
v -0.26464841 0.29980466 -0.22949219
v -0.26464841 0.29980466 -0.22949219
v -0.26464841 0.29980466 -0.22949219
v -0.26269528 0.29394528 -0.22753906
v -0.26269528 0.29394528 -0.22753906
v -0.26269528 0.29394528 -0.22753906
v -0.25683591 0.28613278 -0.22753906
v -0.25683591 0.28613278 -0.22753906
v -0.25683591 0.28613278 -0.22753906
v -0.25683591 0.28613278 -0.22753906
v -0.24511716 0.29980466 -0.21972656
v -0.24511716 0.29980466 -0.21972656
v -0.24511716 0.29980466 -0.21972656
v -0.24511716 0.29980466 -0.21972656
v -0.24511716 0.29980466 -0.21972656
v -0.24316403 0.29003903 -0.20996094
v -0.24316403 0.29003903 -0.20996094
v -0.24316403 0.29003903 -0.20996094
v -0.24902341 0.29980466 -0.21191406
v -0.24902341 0.29980466 -0.21191406
v -0.24902341 0.29980466 -0.21191406
v -0.24902341 0.29980466 -0.21191406
v -0.24902341 0.29980466 -0.21191406
v -0.24902341 0.29980466 -0.21191406
v -0.24902341 0.29980466 -0.21191406
v -0.25097653 0.32128903 -0.22167969
v -0.25097653 0.32128903 -0.22167969
v -0.25097653 0.32128903 -0.22167969
v -0.25097653 0.32128903 -0.22167969
v -0.25097653 0.32128903 -0.22167969
v -0.25097653 0.32128903 -0.22167969
v -0.25097653 0.32128903 -0.22167969
v -0.25097653 0.32128903 -0.22167969
v -0.25097653 0.32128903 -0.22167969
v -0.25097653 0.32128903 -0.22167969
v -0.25097653 0.32128903 -0.22167969
v -0.25097653 0.32128903 -0.22167969
v -0.25097653 0.32128903 -0.22167969
v -0.25097653 0.32128903 -0.22167969
v -0.25097653 0.32128903 -0.22167969
v -0.25097653 0.32128903 -0.22167969
v -0.25097653 0.32128903 -0.22167969
v -0.25097653 0.32128903 -0.22167969
v -0.25097653 0.32128903 -0.22167969
v -0.25097653 0.32128903 -0.22167969
v -0.25097653 0.32128903 -0.22167969
v -0.25097653 0.32128903 -0.22167969
v -0.25097653 0.32128903 -0.22167969
v -0.25097653 0.32128903 -0.22167969
v -0.25097653 0.32128903 -0.22167969
v -0.27246091 0.29199216 -0.22167969
v -0.27246091 0.29199216 -0.22167969
v -0.27246091 0.29199216 -0.22167969
v -0.25683591 0.29589841 -0.21972656
v -0.25683591 0.29589841 -0.21972656
v -0.25683591 0.29589841 -0.21972656
v -0.25683591 0.29589841 -0.21972656
v -0.25683591 0.29589841 -0.21972656
v -0.25683591 0.29589841 -0.21972656
v -0.25683591 0.29589841 -0.21972656
v -0.25683591 0.29589841 -0.21972656
v -0.25683591 0.29394528 -0.20605469
v -0.25683591 0.29394528 -0.20605469
v -0.25683591 0.29394528 -0.20605469
v -0.24511716 0.33105466 -0.21777344
v -0.24511716 0.33105466 -0.21777344
v -0.24511716 0.33105466 -0.21777344
v -0.25488278 0.33496091 -0.22753906
v -0.25488278 0.33496091 -0.22753906
v -0.25488278 0.33496091 -0.22753906
v -0.25292966 0.34082028 -0.21582031
v -0.25292966 0.34082028 -0.21582031
v -0.26074216 0.34082028 -0.22363281
v -0.26074216 0.34082028 -0.22363281
v -0.26074216 0.34082028 -0.22363281
v -0.26074216 0.34277341 -0.20800781
v -0.26074216 0.34277341 -0.20800781
v -0.26074216 0.34277341 -0.20800781
v -0.26660153 0.34277341 -0.21582031
v -0.26855466 0.33691403 -0.22949219
v -0.26855466 0.33691403 -0.22949219
v -0.26855466 0.33691403 -0.22949219
v -0.26074216 0.32910153 -0.23144531
v -0.26074216 0.32910153 -0.23144531
v -0.24902341 0.32910153 -0.22753906
v -0.24902341 0.32910153 -0.22753906
v -0.24902341 0.32910153 -0.22753906
v -0.24511716 0.32324216 -0.21386719
v -0.24511716 0.32324216 -0.21386719
v -0.24707028 0.33300778 -0.20800781
v -0.24707028 0.33300778 -0.20800781
v -0.25683591 0.33691403 -0.20214844
v -0.25683591 0.33691403 -0.20214844
v -0.25683591 0.33691403 -0.20214844
v -0.25683591 0.33691403 -0.20214844
v -0.25683591 0.33691403 -0.20214844
v -0.26660153 0.33300778 -0.19824219
v -0.26660153 0.33300778 -0.19824219
v -0.27050778 0.33886716 -0.20605469
v -0.27050778 0.33886716 -0.20605469
v -0.27050778 0.33886716 -0.20605469
v -0.27050778 0.33886716 -0.20605469
v -0.27050778 0.33886716 -0.20605469
v -0.27636716 0.33886716 -0.21582031
v -0.27636716 0.33886716 -0.21582031
v -0.27636716 0.33886716 -0.21582031
v -0.28027341 0.32714841 -0.22167969
v -0.28027341 0.32714841 -0.22167969
v -0.27050778 0.32519528 -0.22949219
v -0.27050778 0.32519528 -0.22949219
v -0.27050778 0.32519528 -0.22949219
v -0.26464841 0.32128903 -0.23144531
v -0.26464841 0.32128903 -0.23144531
v -0.26464841 0.32128903 -0.23144531
v -0.25292966 0.31152341 -0.22558594
v -0.25292966 0.31152341 -0.22558594
v -0.25292966 0.31152341 -0.22558594
v -0.25292966 0.31152341 -0.22558594
v -0.24902341 0.31347653 -0.21386719
v -0.24902341 0.31347653 -0.21386719
v -0.24902341 0.32324216 -0.20410156
v -0.25683591 0.32910153 -0.19628906
v -0.25683591 0.32910153 -0.19628906
v -0.27050778 0.32128903 -0.19824219
v -0.27441403 0.32910153 -0.20214844
v -0.27441403 0.32910153 -0.20214844
v -0.28027341 0.32714841 -0.20996094
v -0.28027341 0.32714841 -0.20996094
v -0.28027341 0.32714841 -0.20996094
v -0.28222653 0.31738278 -0.21386719
v -0.28222653 0.31738278 -0.21386719
v -0.28222653 0.31738278 -0.21386719
v -0.27441403 0.31347653 -0.22558594
v -0.27441403 0.31347653 -0.22558594
v -0.27441403 0.31347653 -0.22558594
v -0.26464841 0.31347653 -0.22949219
v -0.26464841 0.31347653 -0.22949219
v -0.26074216 0.30761716 -0.22363281
v -0.26074216 0.30761716 -0.22363281
v -0.25488278 0.30761716 -0.21777344
v -0.25488278 0.30761716 -0.21777344
v -0.25488278 0.30761716 -0.21777344
v -0.25292966 0.31347653 -0.20605469
v -0.25292966 0.31347653 -0.20605469
v -0.25292966 0.31347653 -0.20605469
v -0.26074216 0.31542966 -0.19628906
v -0.26074216 0.31542966 -0.19628906
v -0.26074216 0.31542966 -0.19628906
v -0.26074216 0.31542966 -0.19628906
v -0.27246091 0.31542966 -0.20019531
v -0.27246091 0.31542966 -0.20019531
v -0.27246091 0.31542966 -0.20019531
v -0.27636716 0.31152341 -0.20996094
v -0.27636716 0.31152341 -0.20996094
v -0.26855466 0.30761716 -0.21777344
v -0.26855466 0.30761716 -0.21777344
v -0.26855466 0.30761716 -0.21777344
v -0.26074216 0.30761716 -0.20996094
v -0.26074216 0.30761716 -0.20996094
v -0.31933591 0.24511716 -0.28027344
v -0.31933591 0.24511716 -0.28027344
v -0.31347653 0.23730466 -0.27441406
v -0.31347653 0.23730466 -0.27441406
v -0.32324216 0.25683591 -0.28417969
v -0.32324216 0.25683591 -0.28417969
v -0.32324216 0.26855466 -0.28808594
v -0.32324216 0.26855466 -0.28808594
v -0.30566403 0.23144528 -0.26660156
v -0.30566403 0.23144528 -0.26660156
v -0.30957028 0.30566403 -0.28417969
v -0.30957028 0.30566403 -0.28417969
v -0.29785153 0.22753903 -0.25878906
v -0.29785153 0.22753903 -0.25878906
v -0.32128903 0.28222653 -0.29003906
v -0.32128903 0.28222653 -0.29003906
v -0.31738278 0.29394528 -0.28808594
v -0.31738278 0.29394528 -0.28808594
v -0.25292966 0.24902341 -0.24707031
v -0.30175778 0.31347653 -0.28027344
v -0.30175778 0.31347653 -0.28027344
v -0.29199216 0.31738278 -0.27441406
v -0.29199216 0.31738278 -0.27441406
v -0.28222653 0.31933591 -0.26660156
v -0.28222653 0.31933591 -0.26660156
v -0.25683591 0.30371091 -0.24511719
v -0.25683591 0.30371091 -0.24511719
v -0.26464841 0.31152341 -0.25097656
v -0.26464841 0.31152341 -0.25097656
v -0.27246091 0.31738278 -0.25878906
v -0.27246091 0.31738278 -0.25878906
v -0.28808591 0.22363278 -0.25097656
v -0.28808591 0.22363278 -0.25097656
v -0.27246091 0.20996091 -0.23339844
v -0.22753903 0.24511716 -0.21777344
v -0.22753903 0.24511716 -0.21777344
v -0.27246091 0.20996091 -0.23339844
v -0.27246091 0.20996091 -0.23339844
v -0.28027341 0.20605466 -0.23925781
v -0.28808591 0.22363278 -0.25097656
v -0.28027341 0.20605466 -0.23925781
v -0.28027341 0.20605466 -0.23925781
v -0.28808591 0.22363278 -0.25097656
v -0.28808591 0.22363278 -0.25097656
v -0.28808591 0.22363278 -0.25097656
v -0.28417966 0.20605466 -0.24316406
v -0.28417966 0.20605466 -0.24316406
v -0.29003903 0.20996091 -0.24902344
v -0.29003903 0.20996091 -0.24902344
v -0.29003903 0.20996091 -0.24902344
v -0.29003903 0.21582028 -0.24902344
v -0.29003903 0.21582028 -0.24902344
v -0.28808591 0.20605466 -0.24511719
v -0.28808591 0.20605466 -0.24511719
v -0.19824216 0.18261716 -0.16503906
v -0.20019528 0.17675778 -0.16503906
v -0.19824216 0.18847653 -0.16699219
v -0.19824216 0.19433591 -0.16894531
v -0.20410153 0.16894528 -0.16699219
v -0.20019528 0.20019528 -0.17285156
v -0.21191403 0.16113278 -0.17089844
v -0.22167966 0.15527341 -0.17675781
v -0.22949216 0.15136716 -0.18261719
v -0.20214841 0.20605466 -0.17480469
v -0.23925778 0.15332028 -0.19042969
v -0.24707028 0.15722653 -0.19824219
v -0.20410153 0.21777341 -0.18066406
v -0.25488278 0.16503903 -0.20800781
v -0.15136716 0.25683591 -0.14160156
v -0.15332028 0.24902341 -0.13964844
v -0.15332028 0.24902341 -0.13964844
v -0.15136716 0.26464841 -0.14355469
v -0.15136716 0.26464841 -0.14355469
v -0.15332028 0.27050778 -0.14550781
v -0.15722653 0.27636716 -0.15136719
v -0.16113278 0.28027341 -0.15722656
v -0.15722653 0.23925778 -0.14355469
v -0.16699216 0.22949216 -0.14941406
v -0.16894528 0.28222653 -0.16503906
v -0.17675778 0.22363278 -0.15722656
v -0.17675778 0.28417966 -0.17285156
v -0.18457028 0.28222653 -0.17871094
v -0.19433591 0.27832028 -0.18652344
v -0.19042966 0.21972653 -0.16894531
v -0.19824216 0.30371091 -0.19628906
v -0.19628903 0.30175778 -0.19433594
v -0.19628903 0.30175778 -0.19433594
v -0.20019528 0.30566403 -0.20019531
v -0.20019528 0.30566403 -0.20019531
v -0.19824216 0.29589841 -0.19433594
v -0.20019528 0.29199216 -0.19628906
v -0.20605466 0.30761716 -0.20410156
v -0.21191403 0.30566403 -0.20800781
v -0.19628903 0.28417966 -0.19238281
v -0.21777341 0.30371091 -0.21386719
v -0.22558591 0.29785153 -0.21777344
v -0.23339841 0.29003903 -0.22167969
v -0.24902341 0.27246091 -0.23144531
v -0.24902341 0.27246091 -0.23144531
v -0.25097653 0.29003903 -0.23730469
v -0.25097653 0.29003903 -0.23730469
v -0.25683591 0.30371091 -0.24511719
v -0.25683591 0.30371091 -0.24511719
v -0.22753903 0.24511716 -0.21777344
v -0.22753903 0.24511716 -0.21777344
v -0.22753903 0.24511716 -0.21777344
v -0.27246091 0.20996091 -0.23339844
v -0.26855466 0.19433591 -0.22558594
v -0.26269528 0.17871091 -0.21582031
v -0.26855466 0.30761716 -0.23535156
v -0.26855466 0.30761716 -0.23535156
v -0.26855466 0.30761716 -0.23535156
v -0.26464841 0.30566403 -0.23535156
v -0.26464841 0.30566403 -0.23535156
v -0.26464841 0.30566403 -0.23535156
v -0.26660153 0.30566403 -0.24316406
v -0.26660153 0.30566403 -0.24316406
v -0.26660153 0.30566403 -0.24316406
v -0.28027341 0.21972653 -0.22363281
v -0.28027341 0.21972653 -0.22363281
v -0.28222653 0.22167966 -0.22558594
v -0.28222653 0.22167966 -0.22558594
v -0.28222653 0.21777341 -0.22753906
v -0.28222653 0.21777341 -0.22753906
v -0.29589841 0.18847653 -0.20996094
v -0.29589841 0.18847653 -0.20996094
v -0.30175778 0.19042966 -0.20996094
v -0.30175778 0.19042966 -0.20996094
v -0.29785153 0.18847653 -0.21386719
v -0.29785153 0.18847653 -0.21386719
v -0.30371091 0.15527341 -0.19824219
v -0.30371091 0.15527341 -0.19824219
v -0.30371091 0.15527341 -0.19824219
v -0.30761716 0.15527341 -0.20019531
v -0.30761716 0.15527341 -0.20019531
v -0.30371091 0.15332028 -0.20410156
v -0.30371091 0.15332028 -0.20410156
v -0.30371091 0.15332028 -0.20410156
v -0.30371091 0.15332028 -0.20410156
v -0.30371091 0.15332028 -0.20410156
v -0.29980466 0.12207029 -0.18847656
v -0.29980466 0.12207029 -0.18847656
v -0.29980466 0.12207029 -0.18847656
v -0.29980466 0.12207029 -0.18847656
v -0.30175778 0.12011717 -0.19433594
v -0.30175778 0.12011717 -0.19433594
v -0.30175778 0.12011717 -0.19433594
v -0.30175778 0.12011717 -0.19433594
v -0.29003903 0.08691404 -0.18457031
v -0.29003903 0.08691404 -0.18457031
v -0.29003903 0.08691404 -0.18457031
v -0.29199216 0.08691404 -0.18066406
v -0.29199216 0.08691404 -0.18066406
v -0.29199216 0.08691404 -0.18066406
v -0.29199216 0.08691404 -0.18066406
v -0.29003903 0.08886717 -0.18066406
v -0.29003903 0.08886717 -0.18066406
v -0.29003903 0.08886717 -0.18066406
v -0.30566403 0.12011717 -0.19042969
v -0.30566403 0.12011717 -0.19042969
v -0.30566403 0.12011717 -0.19042969
v -0.27832028 0.12402342 -0.16113281
v -0.27246091 0.11230467 -0.16113281
v -0.27246091 0.11230467 -0.16113281
v -0.28027341 0.11816404 -0.17480469
v -0.28027341 0.11816404 -0.17480469
v -0.28027341 0.11816404 -0.17480469
v -0.28027341 0.11816404 -0.17480469
v -0.27636716 0.10449217 -0.17480469
v -0.27636716 0.10449217 -0.17480469
v -0.27636716 0.10449217 -0.17480469
v -0.28808591 0.11035154 -0.18652344
v -0.28808591 0.11035154 -0.18652344
v -0.28808591 0.11035154 -0.18652344
v -0.28222653 0.10058592 -0.18066406
v -0.27832028 0.09667967 -0.17480469
v -0.27832028 0.09667967 -0.17480469
v -0.27246091 0.10449217 -0.15917969
v -0.27246091 0.11035154 -0.14941406
v -0.27246091 0.11035154 -0.14941406
v -0.27246091 0.11035154 -0.14941406
v -0.28027341 0.12011717 -0.14550781
v -0.28027341 0.12011717 -0.14550781
v -0.28808591 0.13183591 -0.16113281
v -0.28808591 0.13183591 -0.16113281
v -0.29199216 0.12792966 -0.17675781
v -0.29199216 0.12792966 -0.17675781
v -0.29199216 0.12792966 -0.17675781
v -0.29199216 0.12792966 -0.17675781
v -0.30175778 0.13378903 -0.16113281
v -0.30175778 0.13183591 -0.17285156
v -0.30175778 0.13183591 -0.17285156
v -0.30566403 0.12207029 -0.18457031
v -0.29785153 0.11816404 -0.18652344
v -0.29785153 0.11816404 -0.18652344
v -0.29785153 0.11816404 -0.18652344
v -0.30761716 0.10644529 -0.19042969
v -0.30761716 0.10644529 -0.19042969
v -0.30761716 0.10644529 -0.19042969
v -0.29589841 0.09667967 -0.18847656
v -0.29589841 0.09667967 -0.18847656
v -0.28808591 0.09082029 -0.18261719
v -0.28808591 0.09082029 -0.18261719
v -0.28808591 0.09082029 -0.18261719
v -0.28808591 0.09082029 -0.18261719
v -0.29003903 0.08105467 -0.16894531
v -0.29003903 0.08105467 -0.16894531
v -0.29589841 0.07714842 -0.15722656
v -0.29589841 0.07714842 -0.15722656
v -0.29003903 0.07910154 -0.14746094
v -0.29003903 0.07910154 -0.14746094
v -0.29003903 0.07910154 -0.14746094
v -0.28027341 0.09472654 -0.14355469
v -0.28027341 0.09472654 -0.14355469
v -0.28027341 0.09472654 -0.14355469
v -0.28027341 0.10449217 -0.13964844
v -0.28417966 0.11230467 -0.13574219
v -0.29003903 0.12988278 -0.14550781
v -0.29003903 0.12988278 -0.14550781
v -0.29003903 0.12988278 -0.14550781
v -0.29980466 0.13183591 -0.14746094
v -0.29980466 0.13183591 -0.14746094
v -0.30566403 0.12597653 -0.13769531
v -0.30566403 0.12597653 -0.13769531
v -0.30566403 0.12597653 -0.13769531
v -0.31152341 0.12988278 -0.15527344
v -0.31152341 0.12988278 -0.15527344
v -0.31347653 0.12792966 -0.16699219
v -0.31347653 0.12792966 -0.16699219
v -0.31347653 0.12792966 -0.16699219
v -0.31738278 0.12011717 -0.17480469
v -0.31738278 0.12011717 -0.17480469
v -0.31738278 0.12011717 -0.17480469
v -0.31738278 0.11230467 -0.18457031
v -0.31738278 0.11230467 -0.18457031
v -0.31738278 0.11230467 -0.18457031
v -0.32324216 0.10058592 -0.18261719
v -0.32324216 0.10058592 -0.18261719
v -0.31542966 0.09277342 -0.18457031
v -0.30566403 0.08691404 -0.18457031
v -0.30566403 0.08691404 -0.18457031
v -0.29589841 0.08105467 -0.17871094
v -0.29589841 0.08105467 -0.17871094
v -0.29589841 0.08105467 -0.17871094
v -0.29980466 0.07519529 -0.16894531
v -0.29980466 0.07519529 -0.16894531
v -0.29980466 0.07519529 -0.16894531
v -0.29980466 0.07519529 -0.15332031
v -0.29785153 0.07714842 -0.14550781
v -0.29785153 0.07714842 -0.14550781
v -0.29589841 0.08105467 -0.13964844
v -0.28613278 0.09472654 -0.13574219
v -0.28613278 0.09472654 -0.13574219
v -0.29589841 0.10253904 -0.12988281
v -0.29589841 0.10253904 -0.12988281
v -0.29785153 0.12207029 -0.13378906
v -0.29785153 0.12207029 -0.13378906
v -0.29785153 0.12207029 -0.13378906
v -0.31542966 0.11621092 -0.13378906
v -0.31542966 0.11621092 -0.13378906
v -0.31738278 0.12207029 -0.14550781
v -0.32128903 0.12207029 -0.15527344
v -0.32324216 0.12011717 -0.16308594
v -0.32910153 0.10839842 -0.15917969
v -0.32910153 0.10839842 -0.15917969
v -0.32714841 0.11035154 -0.17089844
v -0.32714841 0.11035154 -0.17089844
v -0.32910153 0.09472654 -0.17089844
v -0.32910153 0.09472654 -0.17089844
v -0.32324216 0.08496092 -0.17285156
v -0.32324216 0.08496092 -0.17285156
v -0.32324216 0.08496092 -0.17285156
v -0.32324216 0.08496092 -0.17285156
v -0.30957028 0.07714842 -0.17089844
v -0.30957028 0.07714842 -0.17089844
v -0.30957028 0.07519529 -0.15722656
v -0.30957028 0.07519529 -0.15722656
v -0.31152341 0.08105467 -0.14355469
v -0.31152341 0.08105467 -0.14355469
v -0.31152341 0.08105467 -0.14355469
v -0.30371091 0.08886717 -0.13378906
v -0.30566403 0.10839842 -0.12792969
v -0.30566403 0.10839842 -0.12792969
v -0.30566403 0.10839842 -0.12792969
v -0.32324216 0.10644529 -0.13574219
v -0.32324216 0.10644529 -0.13574219
v -0.32324216 0.10644529 -0.13574219
v -0.32714841 0.11035154 -0.14941406
v -0.33105466 0.09667967 -0.15722656
v -0.33105466 0.09667967 -0.15722656
v -0.33105466 0.09667967 -0.15722656
v -0.32519528 0.08300779 -0.15722656
v -0.32519528 0.08300779 -0.15722656
v -0.32128903 0.08691404 -0.14160156
v -0.32128903 0.08691404 -0.14160156
v -0.31542966 0.09667967 -0.13183594
v -0.31542966 0.09667967 -0.13183594
v -0.31542966 0.09667967 -0.13183594
v -0.32714841 0.09472654 -0.14550781
v -0.32714841 0.09472654 -0.14550781
v -0.29980466 0.07324217 -0.17480469
v -0.29980466 0.07324217 -0.17480469
v -0.29980466 0.07324217 -0.17480469
v -0.33300778 0.05566404 -0.18066406
v -0.33300778 0.05566404 -0.18066406
v -0.33300778 0.05566404 -0.18066406
v -0.31152341 0.05761716 -0.17480469
v -0.31152341 0.05761716 -0.17480469
v -0.31152341 0.05761716 -0.17480469
v -0.31152341 0.05761716 -0.17480469
v -0.30957028 0.05957029 -0.19238281
v -0.30957028 0.05957029 -0.19238281
v -0.30957028 0.05957029 -0.19238281
v -0.30957028 0.05957029 -0.19238281
v -0.29394528 0.07910154 -0.18847656
v -0.29394528 0.07910154 -0.18847656
v -0.29394528 0.07910154 -0.18847656
v -0.29980466 0.06933592 -0.20019531
v -0.29980466 0.06933592 -0.20019531
v -0.29980466 0.06933592 -0.20019531
v -0.31542966 0.07128904 -0.21972656
v -0.31542966 0.07128904 -0.21972656
v -0.31542966 0.07128904 -0.21972656
v -0.29199216 0.07910154 -0.20800781
v -0.29199216 0.07910154 -0.20800781
v -0.29199216 0.07910154 -0.20800781
v -0.28417966 0.09082029 -0.19238281
v -0.28417966 0.09082029 -0.19238281
v -0.28417966 0.09082029 -0.19238281
v -0.28417966 0.09082029 -0.19238281
v -0.29980466 0.08496092 -0.22558594
v -0.29980466 0.08496092 -0.22558594
v -0.29980466 0.08496092 -0.22558594
v -0.28808591 0.08691404 -0.21191406
v -0.28808591 0.08691404 -0.21191406
v -0.28808591 0.08691404 -0.21191406
v -0.28808591 0.08691404 -0.21191406
v -0.29394528 0.10253904 -0.22949219
v -0.29394528 0.10253904 -0.22949219
v -0.29394528 0.10253904 -0.22949219
v -0.28027341 0.09472654 -0.20800781
v -0.28027341 0.09472654 -0.20800781
v -0.28027341 0.09472654 -0.20800781
v -0.28027341 0.09472654 -0.20800781
v -0.27636716 0.10253904 -0.18847656
v -0.27636716 0.10253904 -0.18847656
v -0.27246091 0.10644529 -0.20410156
v -0.27246091 0.10644529 -0.20410156
v -0.27246091 0.10644529 -0.20410156
v -0.26660153 0.13183591 -0.21582031
v -0.26660153 0.13183591 -0.21582031
v -0.26660153 0.13183591 -0.21582031
v -0.26464841 0.11621092 -0.19628906
v -0.26464841 0.11621092 -0.19628906
v -0.27050778 0.11035154 -0.17675781
v -0.26074216 0.12402342 -0.18652344
v -0.26074216 0.12402342 -0.18652344
v -0.25878903 0.12597653 -0.16894531
v -0.25878903 0.12597653 -0.16894531
v -0.25878903 0.12597653 -0.16894531
v -0.25878903 0.12597653 -0.16894531
v -0.26855466 0.11425779 -0.16699219
v -0.26855466 0.11425779 -0.16699219
v -0.25878903 0.14941403 -0.17089844
v -0.25878903 0.14941403 -0.17089844
v -0.25878903 0.14941403 -0.17089844
v -0.26074216 0.12597653 -0.15136719
v -0.26074216 0.12597653 -0.15136719
v -0.26074216 0.12597653 -0.15136719
v -0.26074216 0.12597653 -0.15136719
v -0.26074216 0.12597653 -0.15136719
v -0.27050778 0.11230467 -0.15136719
v -0.27050778 0.11230467 -0.15136719
v -0.26074216 0.14941403 -0.14746094
v -0.26074216 0.14941403 -0.14746094
v -0.26074216 0.14941403 -0.14746094
v -0.26464841 0.12207029 -0.13378906
v -0.26464841 0.12207029 -0.13378906
v -0.26464841 0.12207029 -0.13378906
v -0.27246091 0.11425779 -0.12597656
v -0.27246091 0.11425779 -0.12597656
v -0.27246091 0.11425779 -0.12597656
v -0.27246091 0.11425779 -0.12597656
v -0.27832028 0.12988278 -0.10839844
v -0.27832028 0.12988278 -0.10839844
v -0.27832028 0.12988278 -0.10839844
v -0.28027341 0.10449217 -0.11816406
v -0.28027341 0.10449217 -0.11816406
v -0.28027341 0.10449217 -0.11816406
v -0.28027341 0.10449217 -0.11816406
v -0.27636716 0.10449217 -0.13964844
v -0.27636716 0.10449217 -0.13964844
v -0.27636716 0.10449217 -0.13964844
v -0.28222653 0.09082029 -0.15917969
v -0.28222653 0.09082029 -0.15917969
v -0.30175778 0.07128904 -0.15917969
v -0.30175778 0.07128904 -0.15917969
v -0.31347653 0.05761716 -0.15917969
v -0.31347653 0.05761716 -0.15917969
v -0.31347653 0.05761716 -0.15917969
v -0.31347653 0.05761716 -0.15917969
v -0.33496091 0.05371091 -0.15917969
v -0.33496091 0.05371091 -0.15917969
v -0.33496091 0.05371091 -0.15917969
v -0.31347653 0.05761716 -0.13964844
v -0.31347653 0.05761716 -0.13964844
v -0.31347653 0.05761716 -0.13964844
v -0.27832028 0.08691404 -0.16113281
v -0.29003903 0.09082029 -0.11816406
v -0.29003903 0.09082029 -0.11816406
v -0.29003903 0.09082029 -0.11816406
v -0.29003903 0.09082029 -0.11816406
v -0.30761716 0.10058592 -0.09863281
v -0.30761716 0.10058592 -0.09863281
v -0.30761716 0.10058592 -0.09863281
v -0.28613278 0.09277342 -0.13574219
v -0.28613278 0.09277342 -0.13574219
v -0.28613278 0.09277342 -0.13574219
v -0.29394528 0.08496092 -0.13769531
v -0.29394528 0.08496092 -0.13769531
v -0.29394528 0.08496092 -0.13769531
v -0.30761716 0.06738279 -0.12988281
v -0.30761716 0.06738279 -0.12988281
v -0.30761716 0.06738279 -0.12988281
v -0.30761716 0.06738279 -0.12988281
v -0.30175778 0.07714842 -0.11816406
v -0.30175778 0.07714842 -0.11816406
v -0.30175778 0.07714842 -0.11816406
v -0.30175778 0.07714842 -0.11816406
v -0.30175778 0.07714842 -0.11816406
v -0.30175778 0.07714842 -0.11816406
v -0.32128903 0.07324217 -0.11230469
v -0.32128903 0.07324217 -0.11230469
v -0.32128903 0.07324217 -0.11230469
v -0.19238278 -0.01269534 -0.03027344
v -0.19238278 -0.01269534 -0.03027344
v -0.19238278 -0.01269534 -0.03027344
v -0.20800778 -0.01660159 -0.03613281
v -0.20800778 -0.01660159 -0.03613281
v -0.22363278 -0.02050784 -0.04003906
v -0.22363278 -0.02050784 -0.04003906
v -0.22363278 -0.02050784 -0.04003906
v -0.21972653 -0.02636721 -0.03417968
v -0.21972653 -0.02636721 -0.03417968
v -0.23535153 -0.02441409 -0.04394531
v -0.23535153 -0.02441409 -0.04394531
v -0.34277341 -0.11035159 -0.05957031
v -0.32714841 -0.04589846 -0.06933594
v -0.32714841 -0.04589846 -0.06933594
v -0.35058591 -0.05566409 -0.07519531
v -0.35058591 -0.05566409 -0.07519531
v -0.28222653 -0.06738284 -0.04785156
v -0.27636716 -0.13378909 -0.03027344
v -0.27832028 -0.12988284 -0.03222656
v -0.27246091 -0.13378909 -0.02832031
v -0.26074216 -0.12988284 -0.02636718
v -0.28222653 -0.12597659 -0.03417968
v -0.25488278 -0.12597659 -0.02441406
v -0.24707028 -0.12011722 -0.02441406
v -0.24121091 -0.11230472 -0.02441406
v -0.28613278 -0.11816409 -0.03808593
v -0.29003903 -0.10839847 -0.04003906
v -0.23535153 -0.10253909 -0.02441406
v -0.22949216 -0.08886722 -0.02441406
v -0.28222653 -0.06738284 -0.04785156
v -0.22363278 -0.07519534 -0.02636718
v -0.21972653 -0.05761721 -0.03027344
v -0.21972653 -0.05761721 -0.03027344
v -0.27636716 -0.02050784 -0.05957031
v -0.22558591 -0.04589846 -0.03417968
v -0.22558591 -0.04589846 -0.03417968
v -0.23144528 -0.03417971 -0.03613281
v -0.27636716 -0.02050784 -0.05957031
v -0.27636716 -0.02050784 -0.05957031
v -0.24121091 -0.01660159 -0.04785156
v -0.24121091 -0.01660159 -0.04785156
v -0.30566403 -0.03027346 -0.06542969
v -0.30566403 -0.03027346 -0.06542969
v -0.31542966 -0.03027346 -0.06933594
v -0.33496091 -0.04003909 -0.07324219
v -0.33496091 -0.03613284 -0.07519531
v -0.33496091 -0.03613284 -0.07519531
v -0.33300778 -0.04199221 -0.07324219
v -0.33300778 -0.04199221 -0.07324219
v -0.33300778 -0.03222659 -0.07519531
v -0.32910153 -0.03222659 -0.07324219
v -0.32324216 -0.03027346 -0.07128906
v -0.32714841 -0.04589846 -0.06933594
v -0.34277341 -0.11035159 -0.05957031
v -0.30175778 -0.12011722 -0.04199218
v -0.31347653 -0.12988284 -0.04394531
v -0.34472653 -0.11621097 -0.05957031
v -0.32324216 -0.13378909 -0.04785156
v -0.34667966 -0.12207034 -0.05761718
v -0.33105466 -0.13378909 -0.04980468
v -0.34082028 -0.13574222 -0.05371093
v -0.34863278 -0.12597659 -0.05761718
v -0.34863278 -0.12597659 -0.05761718
v -0.34667966 -0.13378909 -0.05566406
v -0.34667966 -0.13378909 -0.05566406
v -0.34863278 -0.13183597 -0.05566406
v -0.35058591 -0.05566409 -0.07519531
v -0.35058591 -0.05566409 -0.07519531
v -0.34277341 -0.11035159 -0.05957031
v -0.34277341 -0.11035159 -0.05957031
v -0.36425778 -0.06738284 -0.07910156
v -0.36425778 -0.06738284 -0.07910156
v -0.35253903 -0.11425784 -0.06347656
v -0.35253903 -0.11425784 -0.06347656
v -0.36230466 -0.11621097 -0.06542969
v -0.36230466 -0.11621097 -0.06542969
v -0.37792966 -0.10644534 -0.07324219
v -0.37792966 -0.10644534 -0.07324219
v -0.37207028 -0.11230472 -0.06933594
v -0.37207028 -0.11230472 -0.06933594
v -0.37988278 -0.09667972 -0.07714844
v -0.37988278 -0.09667972 -0.07714844
v -0.37988278 -0.09667972 -0.07714844
v -0.37792966 -0.08691409 -0.07714844
v -0.37792966 -0.08691409 -0.07714844
v -0.37207028 -0.07714847 -0.07910156
v -0.37207028 -0.07714847 -0.07910156
v -0.37207028 -0.07714847 -0.07910156
v -0.08691403 0.24121091 0.13378906
v -0.08691403 0.24121091 0.13378906
v -0.08691403 0.24121091 0.13378906
v -0.06347653 0.24707028 0.07324219
v -0.06347653 0.24707028 0.07324219
v -0.06347653 0.24707028 0.07324219
v -0.06347653 0.24707028 0.07324219
v -0.08300778 0.23925778 0.13378906
v -0.08300778 0.23925778 0.13378906
v -0.08300778 0.23925778 0.13378906
v -0.08300778 0.24121091 0.13574219
v -0.08300778 0.24121091 0.13574219
v -0.08300778 0.24121091 0.13574219
v -0.08496091 0.24316403 0.13574219
v -0.08496091 0.24316403 0.13574219
v -0.08496091 0.24316403 0.13574219
v -0.08496091 0.24316403 0.13574219
v -0.09277341 0.23144528 0.15332031
v -0.09277341 0.23144528 0.15332031
v -0.09277341 0.23144528 0.15332031
v -0.09277341 0.23144528 0.15332031
v -0.09277341 0.23144528 0.15332031
v -0.09472653 0.22949216 0.14941406
v -0.09472653 0.22949216 0.14941406
v -0.09082028 0.22753903 0.14941406
v -0.09082028 0.22753903 0.14941406
v -0.08886716 0.23144528 0.15332031
v -0.08886716 0.23144528 0.15332031
v -0.08886716 0.23144528 0.15332031
v -0.08886716 0.23144528 0.15332031
v -0.09472653 0.21582028 0.16308594
v -0.09472653 0.21582028 0.16308594
v -0.09472653 0.21582028 0.16308594
v -0.09472653 0.21582028 0.16308594
v -0.09863278 0.21777341 0.16308594
v -0.09863278 0.21777341 0.16308594
v -0.09863278 0.21777341 0.16308594
v -0.10253903 0.20019528 0.16699219
v -0.10253903 0.20019528 0.16699219
v -0.10253903 0.20019528 0.16699219
v -0.09863278 0.21582028 0.15917969
v -0.09863278 0.21582028 0.15917969
v -0.09863278 0.21582028 0.15917969
v -0.09863278 0.21582028 0.15917969
v -0.09472653 0.21386716 0.15917969
v -0.09472653 0.21386716 0.15917969
v -0.09863278 0.19824216 0.16699219
v -0.09863278 0.19824216 0.16699219
v -0.10449216 0.16308591 0.16699219
v -0.10449216 0.16308591 0.16699219
v -0.10449216 0.16308591 0.16699219
v -0.10253903 0.18066403 0.16894531
v -0.10253903 0.18066403 0.16894531
v -0.10644528 0.18066403 0.16894531
v -0.10644528 0.18066403 0.16894531
v -0.10644528 0.18066403 0.16894531
v -0.10449216 0.19824216 0.16308594
v -0.10449216 0.19824216 0.16308594
v -0.10449216 0.19824216 0.16308594
v -0.10449216 0.19824216 0.16308594
v -0.10058591 0.19824216 0.16308594
v -0.10058591 0.19824216 0.16308594
v -0.10058591 0.19824216 0.16308594
v -0.10253903 0.18066403 0.16503906
v -0.10253903 0.18066403 0.16503906
v -0.10253903 0.18066403 0.16503906
v -0.10644528 0.16308591 0.16308594
v -0.10644528 0.16308591 0.16308594
v -0.10644528 0.16308591 0.16308594
v -0.11035153 0.16308591 0.16308594
v -0.11035153 0.16308591 0.16308594
v -0.11035153 0.16308591 0.16308594
v -0.10839841 0.16308591 0.16699219
v -0.10839841 0.16308591 0.16699219
v -0.10839841 0.16308591 0.16699219
v -0.10839841 0.16308591 0.16699219
v -0.10644528 0.18066403 0.16503906
v -0.10644528 0.18066403 0.16503906
v -0.10644528 0.18066403 0.16503906
v -0.10644528 0.18066403 0.16503906
v -0.13378903 0.40136716 0.03027344
v -0.13378903 0.39746091 0.03027344
v -0.13378903 0.39746091 0.03027344
v -0.12988278 0.40527341 0.02832032
v -0.12988278 0.40527341 0.02832032
v -0.12597653 0.40332028 0.02832032
v -0.13378903 0.38964841 0.03222657
v -0.11816403 0.39355466 0.03027344
v -0.13378903 0.37597653 0.03808594
v -0.12988278 0.35839841 0.04199219
v -0.12402341 0.34277341 0.04589844
v -0.11816403 0.32910153 0.04980469
v -0.11035153 0.31542966 0.05371094
v -0.08691403 0.44238278 0.01660157
v -0.09472653 0.44042966 0.01660157
v -0.07519528 0.44042966 0.01660157
v -0.10449216 0.43457028 0.01855469
v -0.11425778 0.42871091 0.02050782
v -0.11816403 0.42089841 0.02246094
v -0.12011716 0.41113278 0.02636719
v -0.12011716 0.40332028 0.02832032
v -0.06152340 0.43457028 0.01855469
v -0.04785153 0.42285153 0.02050782
v -0.03613278 0.40917966 0.02441407
v -0.02636715 0.39160153 0.02832032
v -0.01660153 0.37011716 0.03417969
v -0.15722653 0.30566403 0.05957032
v -0.15917966 0.29980466 0.06152344
v -0.15917966 0.29980466 0.06152344
v -0.15527341 0.30957028 0.05761719
v -0.15527341 0.30957028 0.05761719
v -0.14941403 0.30957028 0.05761719
v -0.14355466 0.31152341 0.05761719
v -0.15917966 0.29003903 0.06542969
v -0.15917966 0.27832028 0.06933594
v -0.12792966 0.31152341 0.05566407
v -0.15332028 0.26464841 0.07324219
v -0.14355466 0.25292966 0.07714844
v -0.11035153 0.31542966 0.05371094
v -0.13183591 0.24316403 0.07910156
v -0.11816403 0.32910153 0.04980469
v -0.01660153 0.37011716 0.03417969
v -0.04980465 0.29199216 0.04980469
v 0.03222660 0.39160153 0.02636719
v 0.02050785 0.39550778 0.02636719
v 0.04199222 0.38378903 0.02832032
v 0.04589847 0.37402341 0.03027344
v 0.04785160 0.36230466 0.03417969
v 0.00878910 0.39746091 0.02441407
v -0.00097653 0.39355466 0.02636719
v -0.00878903 0.38769528 0.02832032
v 0.04589847 0.35058591 0.03808594
v -0.01464840 0.37988278 0.03027344
v 0.04003910 0.33886716 0.04003907
v 0.03222660 0.32714841 0.04394532
v 0.01464847 0.30957028 0.04980469
v 0.06933597 0.26074216 0.06542969
v 0.06933597 0.27050778 0.06347656
v 0.06933597 0.27050778 0.06347656
v 0.06542972 0.25292966 0.06933594
v 0.06542972 0.25292966 0.06933594
v 0.06542972 0.25292966 0.06933594
v 0.06542972 0.25292966 0.06933594
v 0.06738285 0.27832028 0.05957032
v 0.06738285 0.27832028 0.05957032
v 0.06152347 0.28808591 0.05761719
v 0.06152347 0.28808591 0.05761719
v 0.05761722 0.24511716 0.07128906
v 0.05371097 0.29589841 0.05371094
v 0.04785160 0.23925778 0.07324219
v 0.03613285 0.23730466 0.07519531
v 0.04199222 0.30175778 0.05175782
v 0.03027347 0.30761716 0.04980469
v 0.02246097 0.23535153 0.07519531
v 0.00683597 0.23730466 0.07519531
v -0.01074215 0.24121091 0.07519531
v -0.06152340 0.18066403 0.10058594
v -0.05175778 0.17871091 0.10253907
v -0.05175778 0.17871091 0.10253907
v -0.07128903 0.18457028 0.10058594
v -0.07128903 0.18457028 0.10058594
v -0.07128903 0.18457028 0.10058594
v -0.04199215 0.17871091 0.10058594
v -0.04199215 0.17871091 0.10058594
v -0.03222653 0.18261716 0.09863282
v -0.07910153 0.19238278 0.09667969
v -0.02441403 0.19042966 0.09667969
v -0.08691403 0.20019528 0.09277344
v -0.01855465 0.19824216 0.09277344
v -0.09277341 0.21191403 0.08886719
v -0.01464840 0.21191403 0.08691406
v -0.01074215 0.22363278 0.08105469
v -0.09667966 0.22167966 0.08496094
v -0.09863278 0.23339841 0.08105469
v -0.11621091 0.23730466 0.08105469
v -0.12597653 0.05957029 0.05761719
v 0.05371097 -0.04394534 0.06347656
v 0.08496097 0.01660154 0.03613282
v -0.12011716 0.10253904 0.03417969
v -0.12011716 0.10253904 0.03417969
v -0.12011716 0.10253904 0.03417969
v -0.12402341 0.09667967 0.03808594
v -0.12402341 0.09667967 0.03808594
v -0.12402341 0.09667967 0.03808594
v -0.12402341 0.09667967 0.03808594
v -0.12402341 0.08105467 0.04394532
v -0.12402341 0.08105467 0.04394532
v -0.12402341 0.08105467 0.04394532
v -0.12402341 0.08105467 0.04394532
v -0.12402341 0.08105467 0.04394532
v -0.12597653 0.08886717 0.04003907
v -0.12597653 0.08886717 0.04003907
v -0.11621091 0.10839842 0.03222657
v -0.11621091 0.10839842 0.03222657
v -0.11621091 0.10839842 0.03222657
v -0.11621091 0.10839842 0.03222657
v -0.12011716 0.07324217 0.05175782
v -0.12011716 0.07324217 0.05175782
v -0.11035153 0.11230467 0.03222657
v -0.11035153 0.11230467 0.03222657
v -0.04394528 0.07324217 0.06738281
v -0.04394528 0.07324217 0.06738281
v -0.12597653 0.05957029 0.05761719
v -0.12597653 0.05957029 0.05761719
v -0.04589840 0.09472654 0.05371094
v -0.04589840 0.09472654 0.05371094
v -0.05175778 0.10449217 0.04785157
v -0.05175778 0.10449217 0.04785157
v -0.10253903 0.11621092 0.03027344
v -0.10253903 0.11621092 0.03027344
v -0.10253903 0.11621092 0.03027344
v -0.08886716 0.12207029 0.03027344
v -0.08886716 0.12207029 0.03027344
v -0.07519528 0.12402342 0.03222657
v -0.07519528 0.12402342 0.03222657
v -0.07519528 0.12402342 0.03222657
v -0.07519528 0.12402342 0.03222657
v -0.05761715 0.11425779 0.04003907
v -0.05761715 0.11425779 0.04003907
v -0.06542966 0.12011717 0.03613282
v -0.06542966 0.12011717 0.03613282
v -0.12011716 0.07324217 0.05175782
v -0.12011716 0.07324217 0.05175782
v -0.11035153 0.11230467 0.03222657
v -0.11035153 0.11230467 0.03222657
v -0.11035153 0.11230467 0.03222657
v -0.21777341 0.09472654 0.01660157
v -0.21777341 0.09472654 0.01660157
v -0.21777341 0.09472654 0.01660157
v -0.22167966 0.08300779 0.02246094
v -0.22167966 0.08300779 0.02246094
v -0.22167966 0.08300779 0.02246094
v -0.22167966 0.08300779 0.02246094
v -0.22167966 0.09082029 0.01660157
v -0.22167966 0.09082029 0.01660157
v -0.22167966 0.09082029 0.01660157
v -0.22167966 0.08691404 0.01855469
v -0.22167966 0.08691404 0.01855469
v -0.22167966 0.08691404 0.01855469
v -0.21582028 0.08105467 0.02441407
v -0.21582028 0.08105467 0.02441407
v -0.21582028 0.08105467 0.02441407
v -0.21191403 0.09863279 0.01464844
v -0.21191403 0.09863279 0.01464844
v -0.20605466 0.10058592 0.01464844
v -0.20605466 0.10058592 0.01464844
v -0.19628903 0.10253904 0.01464844
v -0.19628903 0.10253904 0.01464844
v -0.18652341 0.10253904 0.01660157
v -0.18652341 0.10253904 0.01660157
v -0.17480466 0.10058592 0.02050782
v -0.17480466 0.10058592 0.02050782
v -0.17480466 0.10058592 0.02050782
v -0.20996091 0.07714842 0.02832032
v -0.20996091 0.07714842 0.02832032
v -0.20605466 0.07128904 0.03222657
v -0.16308591 0.10058592 0.02246094
v -0.16308591 0.10058592 0.02246094
v -0.16308591 0.10058592 0.02246094
v -0.15332028 0.09667967 0.02832032
v -0.15332028 0.09667967 0.02832032
v -0.15332028 0.09667967 0.02832032
v -0.15332028 0.09667967 0.02832032
v -0.14355466 0.08886717 0.03613282
v -0.14355466 0.08886717 0.03613282
v -0.13378903 0.07714842 0.04394532
v -0.13378903 0.07714842 0.04394532
v -0.13378903 0.07714842 0.04394532
v -0.12011716 0.07324217 0.05175782
v -0.12011716 0.07324217 0.05175782
v -0.20019528 0.06152341 0.04003907
v -0.20019528 0.06152341 0.04003907
v -0.20019528 0.06152341 0.04003907
v -0.20019528 0.06152341 0.04003907
v -0.12597653 0.05957029 0.05761719
v -0.12597653 0.05957029 0.05761719
v -0.12597653 0.05957029 0.05761719
v -0.15527341 0.15722653 0.14355469
v -0.15527341 0.15722653 0.14355469
v -0.15527341 0.15722653 0.14355469
v -0.15527341 0.15722653 0.14355469
v -0.15527341 0.15722653 0.14355469
v -0.18066403 0.18261716 0.13378906
v -0.18066403 0.18261716 0.13378906
v -0.18066403 0.18261716 0.13378906
v -0.16113278 0.17089841 0.11816407
v -0.16113278 0.17089841 0.11816407
v -0.16113278 0.17089841 0.11816407
v -0.16113278 0.17089841 0.11816407
v -0.16113278 0.17089841 0.11816407
v -0.07910153 0.15527341 0.16308594
v -0.08300778 0.15527341 0.14746094
v -0.08300778 0.15527341 0.14746094
v -0.08300778 0.15527341 0.17675781
v -0.08300778 0.15527341 0.17675781
v -0.09277341 0.15527341 0.13574219
v -0.09277341 0.15527341 0.13574219
v -0.09277341 0.15527341 0.13574219
v -0.10839841 0.15722653 0.13183594
v -0.10839841 0.15722653 0.13183594
v -0.14160153 0.17871091 0.09277344
v -0.14160153 0.17871091 0.09277344
v -0.14160153 0.17871091 0.09277344
v -0.14160153 0.17871091 0.09277344
v -0.12402341 0.15917966 0.13574219
v -0.12402341 0.15917966 0.13574219
v -0.12402341 0.15917966 0.13574219
v -0.13964841 0.15136716 0.11425782
v -0.13964841 0.15136716 0.11425782
v -0.13964841 0.15136716 0.11425782
v -0.13964841 0.15136716 0.11425782
v -0.13964841 0.15136716 0.11425782
v -0.12402341 0.15136716 0.10839844
v -0.12402341 0.15136716 0.10839844
v -0.12402341 0.15136716 0.10839844
v -0.12402341 0.15136716 0.10839844
v -0.11035153 0.14941403 0.10644532
v -0.11035153 0.14941403 0.10644532
v -0.08886716 0.14746091 0.10644532
v -0.08886716 0.14746091 0.10644532
v -0.08886716 0.14746091 0.10644532
v -0.08886716 0.14746091 0.10644532
v -0.07324216 0.16699216 0.08691406
v -0.07324216 0.16699216 0.08691406
v -0.07324216 0.16699216 0.08691406
v -0.07324216 0.14746091 0.11035157
v -0.07324216 0.14746091 0.11035157
v -0.07324216 0.14746091 0.11035157
v -0.07324216 0.14746091 0.11035157
v -0.05371090 0.15527341 0.11816407
v -0.05371090 0.15527341 0.11816407
v -0.03417965 0.16503903 0.13378906
v -0.03417965 0.16503903 0.13378906
v -0.03417965 0.16503903 0.13378906
v -0.06152340 0.14941403 0.14355469
v -0.06152340 0.14941403 0.14355469
v -0.06152340 0.14941403 0.14355469
v -0.05957028 0.14941403 0.16308594
v -0.05957028 0.14941403 0.16308594
v -0.06152340 0.14941403 0.18066406
v -0.06152340 0.14941403 0.18066406
v -0.06152340 0.14941403 0.18066406
v -0.03417965 0.16308591 0.19238281
v -0.03417965 0.16308591 0.19238281
v -0.03417965 0.16308591 0.19238281
v -0.05371090 0.15332028 0.20996094
v -0.05371090 0.15332028 0.20996094
v -0.09277341 0.15527341 0.18847656
v -0.09277341 0.15527341 0.18847656
v -0.09277341 0.15527341 0.18847656
v -0.07324216 0.14550778 0.21386719
v -0.07324216 0.14550778 0.21386719
v -0.07324216 0.14550778 0.21386719
v -0.07324216 0.14550778 0.21386719
v -0.07324216 0.15917966 0.23535156
v -0.07324216 0.15917966 0.23535156
v -0.07324216 0.15917966 0.23535156
v -0.08886716 0.14746091 0.21777344
v -0.08886716 0.14746091 0.21777344
v -0.08886716 0.14746091 0.21777344
v -0.08886716 0.14746091 0.21777344
v -0.14160153 0.17089841 0.23144531
v -0.14160153 0.17089841 0.23144531
v -0.14160153 0.17089841 0.23144531
v -0.14160153 0.17089841 0.23144531
v -0.12402341 0.14941403 0.21582031
v -0.12402341 0.14941403 0.21582031
v -0.12402341 0.14941403 0.21582031
v -0.12402341 0.14941403 0.21582031
v -0.10839841 0.15722653 0.19238281
v -0.10839841 0.15722653 0.19238281
v -0.11035153 0.14941403 0.21777344
v -0.11035153 0.14941403 0.21777344
v -0.13378903 0.16113278 0.14746094
v -0.13378903 0.16113278 0.14746094
v -0.13769528 0.16113278 0.16308594
v -0.15722653 0.15917966 0.16308594
v -0.15722653 0.15917966 0.16308594
v -0.10839841 0.12597653 0.16113281
v -0.10839841 0.12597653 0.16113281
v -0.10839841 0.12597653 0.16113281
v -0.10839841 0.12597653 0.16113281
v -0.13964841 0.14941403 0.20996094
v -0.13964841 0.14941403 0.20996094
v -0.13964841 0.14941403 0.20996094
v -0.13964841 0.14941403 0.20996094
v -0.13964841 0.14941403 0.20996094
v -0.12402341 0.15722653 0.18847656
v -0.12402341 0.15722653 0.18847656
v -0.12402341 0.15722653 0.18847656
v -0.13378903 0.16113278 0.17675781
v -0.13378903 0.16113278 0.17675781
v -0.15527341 0.15722653 0.18066406
v -0.15527341 0.15722653 0.18066406
v -0.15527341 0.15722653 0.18066406
v -0.16113278 0.16894528 0.20800781
v -0.16113278 0.16894528 0.20800781
v -0.16113278 0.16894528 0.20800781
v -0.18066403 0.18261716 0.19238281
v -0.18066403 0.18261716 0.19238281
v -0.18066403 0.18261716 0.19238281
v 0.11425785 0.27246091 -0.14746094
v 0.11425785 0.27246091 -0.14746094
v 0.11425785 0.27246091 -0.14746094
v 0.11816410 0.27636716 -0.14355469
v 0.11816410 0.27636716 -0.14355469
v 0.11816410 0.27636716 -0.14355469
v 0.12011722 0.27050778 -0.14550781
v 0.12011722 0.27050778 -0.14550781
v 0.12011722 0.27050778 -0.14550781
v 0.12011722 0.27050778 -0.14550781
v 0.11230472 0.25683591 -0.11621094
v 0.11230472 0.25683591 -0.11621094
v 0.11035160 0.26269528 -0.11425781
v 0.11035160 0.26269528 -0.11425781
v 0.10644535 0.25878903 -0.11621094
v 0.10644535 0.25878903 -0.11621094
v 0.10644535 0.25878903 -0.11621094
v 0.09472660 0.22558591 -0.07128906
v 0.09472660 0.22558591 -0.07128906
v 0.09277347 0.22949216 -0.06738281
v 0.09277347 0.22949216 -0.06738281
v 0.08886722 0.22558591 -0.07128906
v 0.08886722 0.22558591 -0.07128906
v 0.07324222 0.17675778 -0.03417968
v 0.07324222 0.17675778 -0.03417968
v 0.07324222 0.17675778 -0.03417968
v 0.07128910 0.18066403 -0.03027344
v 0.07128910 0.18066403 -0.03027344
v 0.06933597 0.17871091 -0.03613281
v 0.06933597 0.17871091 -0.03613281
v 0.06933597 0.17871091 -0.03613281
v 0.04394535 0.10839842 -0.01269531
v 0.04394535 0.10839842 -0.01269531
v 0.04980472 0.10644529 -0.01074218
v 0.04980472 0.10644529 -0.01074218
v 0.04589847 0.10839842 -0.00683593
v 0.04589847 0.10839842 -0.00683593
v 0.01855472 0.01855466 0.00488282
v 0.01855472 0.01855466 0.00488282
v -0.01464840 -0.08496097 0.00097657
v -0.01464840 -0.08496097 0.00097657
v -0.01464840 -0.08496097 0.00097657
v 0.01660160 0.01855466 -0.00097656
v 0.01660160 0.01855466 -0.00097656
v 0.02246097 0.01660154 0.00097657
v 0.02246097 0.01660154 0.00097657
v -0.01269528 -0.08496097 0.00488282
v -0.01269528 -0.08496097 0.00488282
v -0.01269528 -0.08496097 0.00488282
v -0.00878903 -0.08691409 0.00292969
v -0.00878903 -0.08691409 0.00292969
v -0.00878903 -0.08691409 0.00292969
v -0.26855466 0.08105467 -0.16308594
v -0.26855466 0.08105467 -0.16308594
v -0.26855466 0.08105467 -0.16308594
v -0.26855466 0.08105467 -0.16308594
v -0.27636716 0.08886717 -0.17089844
v -0.27636716 0.08886717 -0.17089844
v -0.28222653 0.08886717 -0.16699219
v -0.28222653 0.08886717 -0.16699219
v -0.28222653 0.08886717 -0.16699219
v -0.28222653 0.08886717 -0.16699219
v -0.26855466 0.06738279 -0.15136719
v -0.26855466 0.06738279 -0.15136719
v -0.26855466 0.06738279 -0.15136719
v -0.26855466 0.06738279 -0.15136719
v -0.24707028 0.04589841 -0.12988281
v -0.24707028 0.04589841 -0.12988281
v -0.24707028 0.04589841 -0.12988281
v -0.24707028 0.04589841 -0.12988281
v -0.24707028 0.04589841 -0.12988281
v -0.26269528 0.06738279 -0.15722656
v -0.26269528 0.06738279 -0.15722656
v -0.26269528 0.06738279 -0.15722656
v -0.26269528 0.06738279 -0.15722656
v -0.26269528 0.06738279 -0.15722656
v -0.26269528 0.06738279 -0.15722656
v -0.24316403 0.04394529 -0.13378906
v -0.24316403 0.04394529 -0.13378906
v -0.24316403 0.04394529 -0.13378906
v -0.24316403 0.04394529 -0.13378906
v -0.24316403 0.04394529 -0.13378906
v -0.21386716 0.01855466 -0.10449219
v -0.21386716 0.01855466 -0.10449219
v -0.21386716 0.01855466 -0.10449219
v -0.18261716 -0.00878909 -0.06347656
v -0.18261716 -0.00878909 -0.06347656
v -0.18261716 -0.00878909 -0.06347656
v -0.18261716 -0.00878909 -0.06347656
v -0.21972653 0.02050779 -0.09863281
v -0.21972653 0.02050779 -0.09863281
v -0.21972653 0.02050779 -0.09863281
v -0.21972653 0.02050779 -0.09863281
v -0.21972653 0.02050779 -0.09863281
v -0.21972653 0.02050779 -0.09863281
v -0.17871091 -0.00878909 -0.06933594
v -0.17871091 -0.00878909 -0.06933594
v -0.17871091 -0.00878909 -0.06933594
v -0.17871091 -0.00878909 -0.06933594
v -0.13769528 -0.04199221 -0.02050781
v -0.13769528 -0.04199221 -0.02050781
v -0.13769528 -0.04199221 -0.02050781
v -0.08105466 -0.07519534 0.02636719
v -0.08105466 -0.07519534 0.02636719
v -0.07519528 -0.07714847 0.02050782
v -0.07519528 -0.07714847 0.02050782
v -0.07519528 -0.07714847 0.02050782
v -0.07519528 -0.07714847 0.02050782
v -0.13378903 -0.04199221 -0.02636718
v -0.13378903 -0.04199221 -0.02636718
v -0.13378903 -0.04199221 -0.02636718
v -0.13378903 -0.04199221 -0.02636718
v -0.13574216 0.24511716 -0.12207031
v -0.13574216 0.24511716 -0.12207031
v -0.13574216 0.26074216 -0.18066406
v -0.13574216 0.26074216 -0.18066406
v -0.13574216 0.26074216 -0.18066406
v -0.13574216 0.26074216 -0.18066406
v -0.13964841 0.24902341 -0.12207031
v -0.13964841 0.24902341 -0.12207031
v -0.13964841 0.24902341 -0.12207031
v -0.14355466 0.24511716 -0.12207031
v -0.14355466 0.24511716 -0.12207031
v -0.13769528 0.24121091 -0.12402344
v -0.13769528 0.24121091 -0.12402344
v -0.13574216 0.20800778 -0.07714844
v -0.13574216 0.20800778 -0.07714844
v -0.13574216 0.20800778 -0.07714844
v -0.13183591 0.21191403 -0.07519531
v -0.13183591 0.21191403 -0.07519531
v -0.13183591 0.21191403 -0.07519531
v -0.13183591 0.21191403 -0.07519531
v -0.13183591 0.21191403 -0.07519531
v -0.13769528 0.21386716 -0.07324219
v -0.13769528 0.21386716 -0.07324219
v -0.13769528 0.21386716 -0.07324219
v -0.13964841 0.21191403 -0.07519531
v -0.13964841 0.21191403 -0.07519531
v -0.13378903 0.16308591 -0.03808593
v -0.13378903 0.16308591 -0.03808593
v -0.13378903 0.16308591 -0.03808593
v -0.13378903 0.16308591 -0.03808593
v -0.12988278 0.16113278 -0.04199218
v -0.12988278 0.16113278 -0.04199218
v -0.12988278 0.16113278 -0.04199218
v -0.12988278 0.16113278 -0.04199218
v -0.12597653 0.16308591 -0.03808593
v -0.12597653 0.16308591 -0.03808593
v -0.12988278 0.16503903 -0.03417968
v -0.12988278 0.16503903 -0.03417968
v -0.12988278 0.16503903 -0.03417968
v -0.12207028 0.10058592 -0.01074218
v -0.12207028 0.10058592 -0.01074218
v -0.12207028 0.10058592 -0.01074218
v -0.11816403 0.10058592 -0.01464843
v -0.11816403 0.10058592 -0.01464843
v -0.11816403 0.10058592 -0.01464843
v -0.10253903 0.03027341 0.00488282
v -0.10253903 0.03027341 0.00488282
v -0.11425778 0.10253904 -0.01074218
v -0.11425778 0.10253904 -0.01074218
v -0.11816403 0.10253904 -0.00683593
v -0.11816403 0.10253904 -0.00683593
v -0.10644528 0.03222654 0.00878907
v -0.10644528 0.03222654 0.00878907
v -0.10644528 0.03222654 0.00878907
v -0.10644528 0.03222654 0.00878907
v -0.08691403 -0.04394534 0.01855469
v -0.08691403 -0.04394534 0.01855469
v -0.08691403 -0.04394534 0.01855469
v -0.09863278 0.03222654 0.00878907
v -0.09863278 0.03222654 0.00878907
v -0.10253903 0.03222654 0.01269532
v -0.10253903 0.03222654 0.01269532
v -0.09082028 -0.04589846 0.02246094
v -0.09082028 -0.04589846 0.02246094
v -0.06738278 -0.12011722 0.02441407
v -0.06738278 -0.12011722 0.02441407
v -0.06738278 -0.12011722 0.02441407
v -0.06347653 -0.12011722 0.02832032
v -0.06347653 -0.12011722 0.02832032
v -0.06347653 -0.12011722 0.02832032
v -0.08300778 -0.04394534 0.02246094
v -0.08300778 -0.04394534 0.02246094
v -0.08691403 -0.04394534 0.02636719
v -0.08691403 -0.04394534 0.02636719
v -0.07128903 -0.12207034 0.02832032
v -0.07128903 -0.12207034 0.02832032
v -0.07128903 -0.12207034 0.02832032
v -0.06738278 -0.12011722 0.03222657
v -0.06738278 -0.12011722 0.03222657
v -0.06738278 -0.12011722 0.03222657
v -0.00292965 0.28808591 0.03808594
v -0.01074215 0.28027341 0.02636719
v -0.01269528 0.28222653 0.02441407
v -0.01464840 0.26855466 0.02050782
v -0.01464840 0.26855466 0.02050782
v -0.01660153 0.27050778 0.01660157
v -0.01660153 0.27050778 0.01660157
v -0.01660153 0.27050778 0.01660157
v -0.01464840 0.25292966 0.01464844
v -0.01464840 0.25292966 0.01464844
v -0.01855465 0.25292966 0.01074219
v -0.01269528 0.23144528 0.01074219
v -0.01660153 0.23144528 0.00683594
v -0.01464840 0.20605466 0.00292969
v -0.01074215 0.20605466 0.00878907
v -0.01074215 0.17871091 0.00097657
v -0.00683590 0.17871091 0.00683594
v -0.00878903 0.14941403 0.00097657
v -0.00292965 0.14941403 0.00488282
v -0.00683590 0.11621092 0.00097657
v -0.00292965 0.11621092 0.00488282
v -0.00878903 0.07714842 0.00097657
v -0.00488278 0.07714842 0.00683594
v -0.01074215 0.01855466 0.00878907
v -0.01464840 0.01855466 0.00488282
v -0.02246090 -0.05566409 0.00683594
v -0.01660153 -0.05566409 0.01074219
v -0.03027340 -0.12792972 0.00878907
v -0.02636715 -0.12792972 0.01269532
v -0.07128903 0.14746091 0.19042969
v -0.06152340 0.14941403 0.17675781
v -0.10449216 0.14746091 0.11816407
v -0.05957028 0.14941403 0.15722656
v -0.06152340 0.14941403 0.14355469
v -0.07128903 0.14941403 0.12988281
v -0.08496091 0.14746091 0.12011719
v -0.07714841 0.13964841 0.10058594
v -0.07714841 0.13964841 0.10058594
v -0.05566403 0.13964841 0.11425782
v -0.05566403 0.13964841 0.11425782
v -0.05566403 0.13964841 0.11425782
v -0.04199215 0.13964841 0.13574219
v -0.04199215 0.13964841 0.13574219
v -0.03808590 0.13964841 0.15917969
v -0.03808590 0.13964841 0.15917969
v -0.04199215 0.13964841 0.18457031
v -0.04199215 0.13964841 0.18457031
v -0.05566403 0.13964841 0.20605469
v -0.05566403 0.13964841 0.20605469
v -0.05566403 0.13964841 0.20605469
v -0.08496091 0.14746091 0.19824219
v -0.09863278 0.14746091 0.20214844
v -0.11816403 0.14550778 0.19824219
v -0.13183591 0.14550778 0.19042969
v -0.13964841 0.14550778 0.17675781
v -0.13964841 0.14550778 0.17675781
v -0.14355466 0.14550778 0.16308594
v -0.14355466 0.14550778 0.16308594
v -0.13964841 0.14550778 0.14355469
v -0.13183591 0.14550778 0.12988281
v -0.11816403 0.14746091 0.12011719
v -0.10058591 0.13769528 0.09667969
v -0.10058591 0.13769528 0.09667969
v -0.10058591 0.12207029 0.08105469
v -0.06933591 0.12207029 0.08691406
v -0.06933591 0.12207029 0.08691406
v -0.04394528 0.12402342 0.10449219
v -0.04394528 0.12402342 0.10449219
v -0.04394528 0.12402342 0.10449219
v -0.02636715 0.12402342 0.12988281
v -0.02636715 0.12402342 0.12988281
v -0.02050778 0.12402342 0.15917969
v -0.02050778 0.12402342 0.15917969
v -0.02636715 0.12402342 0.19042969
v -0.02636715 0.12402342 0.19042969
v -0.04394528 0.12402342 0.21582031
v -0.04394528 0.12402342 0.21582031
v -0.04394528 0.12402342 0.21582031
v -0.04394528 0.12402342 0.21582031
v -0.07714841 0.13769528 0.21972656
v -0.07714841 0.13769528 0.21972656
v -0.07714841 0.13769528 0.21972656
v -0.07714841 0.13769528 0.21972656
v -0.10058591 0.13769528 0.22363281
v -0.10058591 0.13769528 0.22363281
v -0.12597653 0.13769528 0.21972656
v -0.12597653 0.13769528 0.21972656
v -0.12597653 0.13769528 0.21972656
v -0.14550778 0.13574216 0.20605469
v -0.14550778 0.13574216 0.20605469
v -0.16113278 0.13574216 0.18457031
v -0.16113278 0.13574216 0.18457031
v -0.16503903 0.13574216 0.15917969
v -0.16503903 0.13574216 0.15917969
v -0.16503903 0.13574216 0.15917969
v -0.16503903 0.13574216 0.15917969
v -0.16113278 0.13574216 0.13574219
v -0.16113278 0.13574216 0.13574219
v -0.16113278 0.13574216 0.13574219
v -0.14550778 0.13574216 0.11425782
v -0.14550778 0.13574216 0.11425782
v -0.12597653 0.13769528 0.10058594
v -0.12597653 0.13769528 0.10058594
v -0.12988278 0.12011717 0.08691406
v -0.13183591 0.10644529 0.08300781
v -0.13183591 0.10644529 0.08300781
v -0.10058591 0.10644529 0.07714844
v -0.10058591 0.10644529 0.07714844
v -0.10058591 0.10644529 0.07714844
v -0.06738278 0.10839842 0.08300781
v -0.06738278 0.10839842 0.08300781
v -0.04199215 0.10839842 0.10058594
v -0.04199215 0.10839842 0.10058594
v -0.02441403 0.10839842 0.12792969
v -0.02441403 0.10839842 0.12792969
v -0.02441403 0.10839842 0.12792969
v -0.02441403 0.09277342 0.12792969
v -0.02441403 0.09277342 0.12792969
v -0.01660153 0.11035154 0.15917969
v -0.01660153 0.11035154 0.15917969
v -0.01660153 0.11035154 0.15917969
v -0.02441403 0.10839842 0.19238281
v -0.04199215 0.10839842 0.21777344
v -0.06933591 0.12207029 0.23339844
v -0.06933591 0.12207029 0.23339844
v -0.06933591 0.12207029 0.23339844
v -0.10058591 0.12011717 0.23925781
v -0.10058591 0.12011717 0.23925781
v -0.12988278 0.12011717 0.23339844
v -0.12988278 0.12011717 0.23339844
v -0.15722653 0.11816404 0.21582031
v -0.15722653 0.11816404 0.21582031
v -0.17285153 0.11816404 0.19042969
v -0.17285153 0.11816404 0.19042969
v -0.17871091 0.11816404 0.15917969
v -0.17871091 0.11816404 0.15917969
v -0.17285153 0.11816404 0.12988281
v -0.17285153 0.11816404 0.12988281
v -0.15722653 0.12011717 0.10449219
v -0.15722653 0.12011717 0.10449219
v -0.15722653 0.12011717 0.10449219
v -0.15722653 0.10449217 0.10058594
v -0.15722653 0.10449217 0.10058594
v -0.15722653 0.10449217 0.10058594
v -0.12988278 0.08886717 0.08496094
v -0.09863278 0.09082029 0.07910156
v -0.09863278 0.09082029 0.07910156
v -0.06738278 0.09082029 0.08496094
v -0.04199215 0.09277342 0.10253907
v -0.05175778 0.04589841 0.11425782
v -0.05175778 0.04589841 0.11425782
v -0.03808590 0.04785154 0.13574219
v -0.03417965 0.04785154 0.15917969
v -0.01855465 0.09277342 0.15917969
v -0.01855465 0.09277342 0.15917969
v -0.02441403 0.09277342 0.19042969
v -0.02441403 0.09277342 0.19042969
v -0.04199215 0.09082029 0.21777344
v -0.04199215 0.09082029 0.21777344
v -0.06738278 0.10644529 0.23535156
v -0.06738278 0.10644529 0.23535156
v -0.06738278 0.10644529 0.23535156
v -0.10058591 0.10644529 0.24316406
v -0.10058591 0.10644529 0.24316406
v -0.13183591 0.10449217 0.23535156
v -0.15722653 0.10449217 0.21777344
v -0.17675778 0.10253904 0.19238281
v -0.17675778 0.10253904 0.19238281
v -0.17675778 0.10253904 0.19238281
v -0.18261716 0.10253904 0.15917969
v -0.18261716 0.10253904 0.15917969
v -0.18261716 0.10253904 0.15917969
v -0.17675778 0.10449217 0.12792969
v -0.17480466 0.08691404 0.12792969
v -0.17480466 0.08691404 0.12792969
v -0.15722653 0.08886717 0.10253907
v -0.15722653 0.08886717 0.10253907
v -0.15722653 0.08886717 0.10253907
v -0.15722653 0.08886717 0.10253907
v -0.12207028 0.04394529 0.10058594
v -0.09667966 0.04589841 0.09667969
v -0.09667966 0.04589841 0.09667969
v -0.09667966 0.04589841 0.09667969
v -0.09667966 0.04589841 0.09667969
v -0.07324216 0.04589841 0.10058594
v -0.07324216 0.04589841 0.10058594
v -0.06933591 0.01269529 0.12988281
v -0.06933591 0.01269529 0.12988281
v -0.06347653 0.01269529 0.13769531
v -0.05761715 0.01269529 0.14746094
v -0.05761715 0.01269529 0.15917969
v -0.05761715 0.01269529 0.17089844
v -0.05761715 0.01269529 0.17089844
v -0.03808590 0.04785154 0.18457031
v -0.03808590 0.04785154 0.18457031
v -0.05175778 0.04589841 0.20410156
v -0.05175778 0.04589841 0.20410156
v -0.05175778 0.04589841 0.20410156
v -0.06738278 0.09082029 0.23535156
v -0.06738278 0.09082029 0.23535156
v -0.09863278 0.08886717 0.24121094
v -0.09863278 0.08886717 0.24121094
v -0.09863278 0.08886717 0.24121094
v -0.09863278 0.08886717 0.24121094
v -0.12988278 0.08886717 0.23535156
v -0.12988278 0.08886717 0.23535156
v -0.15722653 0.08691404 0.21777344
v -0.15722653 0.08691404 0.21777344
v -0.17480466 0.08691404 0.19042969
v -0.18066403 0.08691404 0.15917969
v -0.18066403 0.08691404 0.15917969
v -0.15527341 0.04199216 0.13574219
v -0.15527341 0.04199216 0.13574219
v -0.15527341 0.04199216 0.13574219
v -0.15527341 0.04199216 0.13574219
v -0.15527341 0.04199216 0.13574219
v -0.14160153 0.04394529 0.11425782
v -0.14160153 0.04394529 0.11425782
v -0.12207028 0.01074216 0.12988281
v -0.11230466 0.01074216 0.12402344
v -0.10253903 0.01074216 0.12011719
v -0.09082028 0.01269529 0.12011719
v -0.09082028 0.01269529 0.12011719
v -0.07910153 0.01269529 0.12402344
v -0.07910153 0.01269529 0.12402344
v -0.07910153 0.01269529 0.12402344
v -0.07910153 0.01269529 0.12402344
v -0.07910153 0.01269529 0.12402344
v -0.08300778 -0.00292971 0.14160156
v -0.08300778 -0.00292971 0.14160156
v -0.08300778 -0.00292971 0.14160156
v -0.08496091 -0.00488284 0.14941406
v -0.07519528 -0.00292971 0.15332031
v -0.07519528 -0.00292971 0.15332031
v -0.07519528 -0.00292971 0.16894531
v -0.07519528 -0.00292971 0.16894531
v -0.07519528 -0.00292971 0.16894531
v -0.06347653 0.01269529 0.18066406
v -0.06347653 0.01269529 0.18066406
v -0.06933591 0.01269529 0.18847656
v -0.07324216 0.04589841 0.21777344
v -0.09667966 0.04394529 0.22363281
v -0.09667966 0.04394529 0.22363281
v -0.12207028 0.04394529 0.21777344
v -0.12207028 0.04394529 0.21777344
v -0.12207028 0.04394529 0.21777344
v -0.12207028 0.04394529 0.21777344
v -0.12207028 0.04394529 0.21777344
v -0.14160153 0.04199216 0.20410156
v -0.15527341 0.04199216 0.18457031
v -0.16113278 0.04199216 0.15917969
v -0.16113278 0.04199216 0.15917969
v -0.13378903 0.01074216 0.14746094
v -0.13378903 0.01074216 0.14746094
v -0.12792966 0.01074216 0.13769531
v -0.10839841 -0.00292971 0.14160156
v -0.10839841 -0.00292971 0.14160156
v -0.09472653 -0.00292971 0.13964844
v -0.09472653 -0.00292971 0.13964844
v -0.09472653 -0.00683596 0.14941406
v -0.09472653 -0.00878909 0.15917969
v -0.08496091 -0.00683596 0.15917969
v -0.08496091 -0.00488284 0.16894531
v -0.08300778 -0.00292971 0.17675781
v -0.08300778 -0.00292971 0.17675781
v -0.07910153 0.01074216 0.19433594
v -0.09082028 0.01074216 0.19824219
v -0.10253903 0.01074216 0.19824219
v -0.11230466 0.01074216 0.19433594
v -0.11230466 0.01074216 0.19433594
v -0.12207028 0.01074216 0.18847656
v -0.12792966 0.01074216 0.18066406
v -0.13378903 0.00878904 0.17089844
v -0.13574216 0.00878904 0.15917969
v -0.11425778 -0.00488284 0.14941406
v -0.11425778 -0.00488284 0.14941406
v -0.11425778 -0.00488284 0.14941406
v -0.10644528 -0.00683596 0.14941406
v -0.10644528 -0.00683596 0.15917969
v -0.09472653 -0.00683596 0.16894531
v -0.09472653 -0.00488284 0.17871094
v -0.09472653 -0.00488284 0.17871094
v -0.10839841 -0.00488284 0.17675781
v -0.10839841 -0.00488284 0.17675781
v -0.10839841 -0.00488284 0.17675781
v -0.11425778 -0.00488284 0.16894531
v -0.11425778 -0.00488284 0.16894531
v -0.11425778 -0.00488284 0.15917969
v -0.11425778 -0.00488284 0.15917969
v -0.10644528 -0.00683596 0.16894531
v -0.06933591 -0.07324222 0.14746094
v -0.06933591 -0.07324222 0.14746094
v -0.06542966 -0.06933597 0.14550781
v -0.06542966 -0.06933597 0.14550781
v -0.06542966 -0.06933597 0.14550781
v -0.06542966 -0.06933597 0.14550781
v -0.06933591 -0.06933597 0.14355469
v -0.06933591 -0.06933597 0.14355469
v -0.06542966 -0.06542972 0.14355469
v -0.06542966 -0.06542972 0.14355469
v -0.06738278 -0.06347659 0.14160156
v -0.06738278 -0.06347659 0.14160156
v -0.07519528 -0.06738284 0.14160156
v -0.07519528 -0.06738284 0.14160156
v -0.07128903 -0.07324222 0.14550781
v -0.07128903 -0.07324222 0.14550781
v -0.07128903 -0.07324222 0.14550781
v -0.07128903 -0.07324222 0.14550781
v -0.00878903 -0.21386722 0.15722656
v -0.00878903 -0.21386722 0.15722656
v -0.00292965 -0.21777347 0.15722656
v -0.00292965 -0.21777347 0.15722656
v -0.00292965 -0.21777347 0.15722656
v -0.01269528 -0.21582034 0.15917969
v -0.01269528 -0.21582034 0.15917969
v -0.01269528 -0.21582034 0.15917969
v -0.01269528 -0.22167972 0.16113281
v -0.01269528 -0.22167972 0.16113281
v -0.01269528 -0.22167972 0.16113281
v -0.00292965 -0.21972659 0.15917969
v -0.00292965 -0.21972659 0.15917969
v -0.00292965 -0.21972659 0.15917969
v -0.01074215 -0.22363284 0.16113281
v -0.01074215 -0.22363284 0.16113281
v -0.01074215 -0.22363284 0.16113281
v -0.00488278 -0.22363284 0.16113281
v -0.00488278 -0.22363284 0.16113281
v -0.00683590 -0.21972659 0.15917969
v -0.00683590 -0.21972659 0.15917969
v -0.00683590 -0.21972659 0.15917969
v -0.00683590 -0.21972659 0.15917969
v -0.00683590 -0.21972659 0.15917969
v -0.06152340 -0.02832034 0.16503906
v -0.06152340 -0.03808596 0.17089844
v -0.06152340 -0.03808596 0.17089844
v -0.05761715 -0.01855471 0.15917969
v -0.05761715 -0.01855471 0.15917969
v -0.05761715 -0.04394534 0.17285156
v -0.04785153 -0.04980471 0.17285156
v -0.04980465 -0.00878909 0.15136719
v -0.03222653 -0.05175784 0.16699219
v -0.04003903 -0.00097659 0.14355469
v -0.02832028 0.00292966 0.13769531
v 0.03417972 -0.06347659 0.13964844
v 0.03417972 -0.06347659 0.13964844
v -0.01464840 0.00488279 0.13183594
v -0.00097653 0.00488279 0.12597656
v -0.00097653 0.08496092 0.08300781
v -0.00097653 0.07714842 0.08496094
v -0.00097653 0.07714842 0.08496094
v 0.00097660 0.09082029 0.07910156
v 0.00097660 0.09082029 0.07910156
v 0.00097660 0.09082029 0.07910156
v 0.00097660 0.06933592 0.08886719
v 0.00097660 0.06933592 0.08886719
v 0.00097660 0.06933592 0.08886719
v 0.00488285 0.09472654 0.07519531
v 0.00488285 0.09472654 0.07519531
v 0.00683597 0.06152341 0.09277344
v 0.00683597 0.06152341 0.09277344
v 0.00878910 0.10058592 0.07128906
v 0.00878910 0.10058592 0.07128906
v 0.00878910 0.10058592 0.07128906
v 0.00683597 0.04589841 0.10058594
v 0.00683597 0.04589841 0.10058594
v 0.00683597 0.04589841 0.10058594
v 0.00683597 0.04589841 0.10058594
v 0.00683597 0.04589841 0.10058594
v 0.00683597 0.04589841 0.10058594
v 0.00683597 0.04589841 0.10058594
v 0.01660160 0.11035154 0.06542969
v 0.02636722 0.11816404 0.05957032
v 0.02636722 0.11816404 0.05957032
v 0.03613285 0.12402342 0.05371094
v 0.04980472 0.12402342 0.04980469
v 0.04980472 0.12402342 0.04980469
v 0.06347660 0.12207029 0.04785157
v 0.06347660 0.12207029 0.04785157
v 0.06347660 0.12207029 0.04785157
v 0.10449222 0.07128904 0.06152344
v 0.09863285 0.09082029 0.05371094
v 0.10644535 0.05175779 0.07128906
v 0.10644535 0.05175779 0.07128906
v 0.10644535 0.05175779 0.07128906
v 0.10644535 0.05175779 0.07128906
v 0.08886722 0.10449217 0.04980469
v 0.07714847 0.11621092 0.04785157
v 0.07714847 0.11621092 0.04785157
v 0.10253910 0.03222654 0.08300781
v 0.10253910 0.03222654 0.08300781
v 0.09667972 0.01074216 0.09472656
v 0.10449222 0.00488279 0.09277344
v 0.10449222 0.00488279 0.09277344
v 0.13183597 0.00488279 0.08300781
v 0.12988284 0.00878904 0.08300781
v 0.12988284 0.00878904 0.08300781
v 0.12988284 0.00878904 0.08300781
v 0.13183597 0.00292966 0.08496094
v 0.13183597 0.00292966 0.08496094
v 0.12792972 -0.00097659 0.08691406
v 0.12792972 -0.00097659 0.08691406
v 0.12597659 0.01074216 0.08496094
v 0.12597659 0.01074216 0.08496094
v 0.11035160 -0.00292971 0.09472656
v 0.11035160 -0.00292971 0.09472656
v 0.10839847 -0.02636721 0.10644532
v 0.10253910 -0.06152346 0.12792969
v 0.10253910 -0.06152346 0.12792969
v 0.13964847 -0.07519534 0.12402344
v 0.13378909 -0.06738284 0.12207032
v 0.13378909 -0.06738284 0.12207032
v 0.14355472 -0.08496097 0.12792969
v 0.14355472 -0.08496097 0.12792969
v 0.14355472 -0.08496097 0.12792969
v 0.12597659 -0.06347659 0.12207032
v 0.12597659 -0.06347659 0.12207032
v 0.14355472 -0.09863284 0.13574219
v 0.14160159 -0.11425784 0.14746094
v 0.11621097 -0.06152346 0.12402344
v 0.13574222 -0.12597659 0.15722656
v 0.12792972 -0.13183597 0.16503906
v 0.12792972 -0.13183597 0.16503906
v 0.12792972 -0.13183597 0.16503906
v 0.12402347 -0.15136722 0.18066406
v 0.11621097 -0.16699222 0.19628906
v 0.10644535 -0.17871097 0.20996094
v 0.09667972 -0.18457034 0.21972656
v 0.08496097 -0.18847659 0.22753906
v 0.07128910 -0.18652347 0.23144531
v 0.05566410 -0.18261722 0.23339844
v 0.04003910 -0.17480472 0.23339844
v 0.02636722 -0.16503909 0.22949219
v 0.01269535 -0.15136722 0.22363281
v 0.00292972 -0.13574222 0.21386719
v -0.00488278 -0.11621097 0.20214844
v -0.00488278 -0.11621097 0.20214844
v -0.00488278 -0.11621097 0.20214844
v -0.00488278 -0.11621097 0.20214844
v -0.00488278 -0.11621097 0.20214844
v -0.04589840 -0.05371096 0.17480469
v -0.04589840 -0.05371096 0.17480469
v -0.05957028 -0.05761721 0.18066406
v -0.05957028 -0.05761721 0.18066406
v -0.06738278 -0.06347659 0.18847656
v -0.07519528 -0.07324222 0.19628906
v -0.07519528 -0.07324222 0.19628906
v -0.07714841 -0.08691409 0.20410156
v -0.07714841 -0.08691409 0.20410156
v -0.07714841 -0.10058597 0.21386719
v -0.01074215 -0.12011722 0.20605469
v -0.07324216 -0.11230472 0.21972656
v -0.06738278 -0.12207034 0.22363281
v -0.05761715 -0.12792972 0.22363281
v -0.01660153 -0.12402347 0.20996094
v -0.02636715 -0.12988284 0.21582031
v -0.02050778 -0.12792972 0.21191406
v -0.02050778 -0.12792972 0.21191406
v -0.03613278 -0.13183597 0.21972656
v -0.03613278 -0.13183597 0.21972656
v -0.04785153 -0.13183597 0.22363281
v 0.08496097 -0.12988284 0.08496094
v 0.08496097 -0.12988284 0.08496094
v 0.08496097 -0.12988284 0.08496094
v 0.07519535 -0.09472659 0.07714844
v 0.07519535 -0.09472659 0.07714844
v 0.07519535 -0.09472659 0.07714844
v -0.00878903 -0.10449222 0.10058594
v -0.00878903 -0.10449222 0.10058594
v -0.00878903 -0.10449222 0.10058594
v -0.00878903 -0.10449222 0.10058594
v -0.00878903 -0.10449222 0.10058594
v 0.06933597 -0.05566409 0.06933594
v 0.06933597 -0.05566409 0.06933594
v 0.06933597 -0.05566409 0.06933594
v 0.05371097 -0.04394534 0.06347656
v 0.05371097 -0.04394534 0.06347656
v 0.01269535 -0.17871097 0.13378906
v 0.01269535 -0.17871097 0.13378906
v 0.00683597 -0.19042972 0.14160156
v 0.00683597 -0.19042972 0.14160156
v 0.00097660 -0.19824222 0.14746094
v 0.00097660 -0.19824222 0.14746094
v 0.00097660 -0.19824222 0.14746094
v 0.00097660 -0.19824222 0.14746094
v -0.08496091 -0.10449222 0.12988281
v -0.08496091 -0.10449222 0.12988281
v -0.08496091 -0.10449222 0.12988281
v -0.10644528 -0.13183597 0.14550781
v -0.10644528 -0.13183597 0.14550781
v -0.10644528 -0.13183597 0.14550781
v -0.10644528 -0.13183597 0.14550781
v -0.11230466 -0.16113284 0.15917969
v -0.11230466 -0.16113284 0.15917969
v -0.11230466 -0.16113284 0.15917969
v -0.10058591 -0.21777347 0.18066406
v -0.10058591 -0.21777347 0.18066406
v -0.10839841 -0.19238284 0.17285156
v -0.10839841 -0.19238284 0.17285156
v -0.10839841 -0.19238284 0.17285156
v -0.00878903 -0.20996097 0.15527344
v -0.00878903 -0.20996097 0.15527344
v -0.00878903 -0.20996097 0.15527344
v -0.01464840 -0.21582034 0.15917969
v -0.01464840 -0.21582034 0.15917969
v -0.01464840 -0.21582034 0.15917969
v -0.01464840 -0.21582034 0.15917969
v -0.02832028 -0.23535159 0.17089844
v -0.02832028 -0.23535159 0.17089844
v -0.05566403 -0.24707034 0.18457031
v -0.05566403 -0.24707034 0.18457031
v -0.04394528 -0.24316409 0.17871094
v -0.04394528 -0.24316409 0.17871094
v -0.09082028 -0.23339847 0.18457031
v -0.09082028 -0.23339847 0.18457031
v -0.09082028 -0.23339847 0.18457031
v -0.06542966 -0.24902347 0.18652344
v -0.06542966 -0.24902347 0.18652344
v -0.06542966 -0.24902347 0.18652344
v -0.08105466 -0.24316409 0.18652344
v -0.08105466 -0.24316409 0.18652344
v -0.08105466 -0.24316409 0.18652344
v -0.07324216 -0.24707034 0.18847656
v -0.07324216 -0.24707034 0.18847656
v -0.07324216 -0.24707034 0.18847656
v -0.16113278 -0.05761721 0.06542969
v -0.16113278 -0.05761721 0.06542969
v -0.16113278 -0.05761721 0.06542969
v -0.16308591 -0.06542972 0.06152344
v -0.16308591 -0.06542972 0.06152344
v -0.16308591 -0.06542972 0.06152344
v -0.15917966 -0.05761721 0.06347656
v -0.15917966 -0.05761721 0.06347656
v -0.16113278 -0.05761721 0.06347656
v -0.16113278 -0.05761721 0.06347656
v -0.16113278 -0.05761721 0.06347656
v -0.15917966 -0.04980471 0.06933594
v -0.15917966 -0.04980471 0.06933594
v -0.15917966 -0.04980471 0.06933594
v -0.15917966 -0.04980471 0.06933594
v -0.15917966 -0.04980471 0.06933594
v -0.15917966 -0.05175784 0.06933594
v -0.15917966 -0.05175784 0.06933594
v -0.15917966 -0.05175784 0.06933594
v -0.15722653 -0.05175784 0.06933594
v -0.15722653 -0.05175784 0.06933594
v -0.15722653 -0.05175784 0.06933594
v -0.15722653 -0.05175784 0.06933594
v -0.15917966 -0.04199221 0.07714844
v -0.15917966 -0.04199221 0.07714844
v -0.15917966 -0.04589846 0.07910156
v -0.15917966 -0.04589846 0.07910156
v -0.15917966 -0.04589846 0.07910156
v -0.15722653 -0.04589846 0.07910156
v -0.15722653 -0.04589846 0.07910156
v -0.15722653 -0.04589846 0.07910156
v -0.15722653 -0.04589846 0.07910156
v -0.16113278 -0.04003909 0.09277344
v -0.16113278 -0.04003909 0.09277344
v -0.16113278 -0.04003909 0.09277344
v -0.16113278 -0.04199221 0.09277344
v -0.16113278 -0.04199221 0.09277344
v -0.16113278 -0.04199221 0.09277344
v -0.16113278 -0.04003909 0.09277344
v -0.16113278 -0.04003909 0.09277344
v -0.16113278 -0.04003909 0.09277344
v -0.16113278 -0.04199221 0.09277344
v -0.16113278 -0.04199221 0.09277344
v -0.16113278 -0.04199221 0.09277344
v -0.17089841 -0.04785159 0.11621094
v -0.17089841 -0.04785159 0.11621094
v -0.17089841 -0.04785159 0.11621094
v -0.17089841 -0.04785159 0.11621094
v -0.16894528 -0.04785159 0.11621094
v -0.16894528 -0.04785159 0.11621094
v -0.16894528 -0.04785159 0.11621094
v -0.16894528 -0.04785159 0.11621094
v -0.16894528 -0.04394534 0.11816407
v -0.16894528 -0.04394534 0.11816407
v -0.16894528 -0.04394534 0.11816407
v -0.16894528 -0.04394534 0.11816407
v -0.18457028 -0.06542972 0.14550781
v -0.18457028 -0.06542972 0.14550781
v -0.18457028 -0.06542972 0.14550781
v -0.18261716 -0.06738284 0.14550781
v -0.18261716 -0.06738284 0.14550781
v -0.18066403 -0.06542972 0.14746094
v -0.18066403 -0.06542972 0.14746094
v -0.18066403 -0.06542972 0.14746094
v -0.18066403 -0.06542972 0.14746094
v -0.18457028 -0.06347659 0.14746094
v -0.18457028 -0.06347659 0.14746094
v -0.18457028 -0.06347659 0.14746094
v -0.19042966 -0.07714847 0.15722656
v -0.19042966 -0.07714847 0.15722656
v -0.18847653 -0.07910159 0.15722656
v -0.18847653 -0.07910159 0.15722656
v -0.18652341 -0.07714847 0.15917969
v -0.18652341 -0.07714847 0.15917969
v -0.19042966 -0.07519534 0.15917969
v -0.19042966 -0.07519534 0.15917969
v -0.19433591 -0.08691409 0.16894531
v -0.19433591 -0.08691409 0.16894531
v -0.19433591 -0.08691409 0.16894531
v -0.19433591 -0.08691409 0.16894531
v -0.19433591 -0.08886722 0.16503906
v -0.19433591 -0.08886722 0.16503906
v -0.19238278 -0.09082034 0.16503906
v -0.19238278 -0.09082034 0.16503906
v -0.19042966 -0.08886722 0.16894531
v -0.19042966 -0.08886722 0.16894531
v -0.19042966 -0.08886722 0.16894531
v -0.19433591 -0.10058597 0.17480469
v -0.19433591 -0.10058597 0.17480469
v -0.19824216 -0.10058597 0.17480469
v -0.19824216 -0.10058597 0.17480469
v -0.19824216 -0.10058597 0.17480469
v -0.19824216 -0.10058597 0.17089844
v -0.19824216 -0.10058597 0.17089844
v -0.19824216 -0.10058597 0.17089844
v -0.19824216 -0.10058597 0.17089844
v -0.19824216 -0.10058597 0.17089844
v -0.19433591 -0.10253909 0.17089844
v -0.19433591 -0.10253909 0.17089844
v -0.19824216 -0.11621097 0.17675781
v -0.19824216 -0.11621097 0.17675781
v -0.19824216 -0.11425784 0.17285156
v -0.19824216 -0.11425784 0.17285156
v -0.19824216 -0.11425784 0.17285156
v -0.20214841 -0.12988284 0.16894531
v -0.20214841 -0.12988284 0.16894531
v -0.20214841 -0.12988284 0.16894531
v -0.20214841 -0.13183597 0.17285156
v -0.20214841 -0.13183597 0.17285156
v -0.20214841 -0.13183597 0.17285156
v -0.20214841 -0.13183597 0.17285156
v -0.20019528 -0.11425784 0.17675781
v -0.20019528 -0.11425784 0.17675781
v -0.20019528 -0.11425784 0.17675781
v -0.20019528 -0.11425784 0.17675781
v -0.20214841 -0.11425784 0.17285156
v -0.20214841 -0.11425784 0.17285156
v -0.20214841 -0.11425784 0.17285156
v -0.20605466 -0.12988284 0.16894531
v -0.20605466 -0.12988284 0.16894531
v -0.20605466 -0.12988284 0.16894531
v -0.20605466 -0.13183597 0.17285156
v -0.20605466 -0.13183597 0.17285156
v -0.20605466 -0.13183597 0.17285156
v 0.00097660 -0.20996097 0.16308594
v -0.00097653 -0.21191409 0.16699219
v -0.00097653 -0.21191409 0.16699219
v 0.00097660 -0.21582034 0.17285156
v 0.00097660 -0.21582034 0.17285156
v 0.00097660 -0.21582034 0.17285156
v -0.00097653 -0.21777347 0.17285156
v -0.00097653 -0.21777347 0.17285156
v -0.00097653 -0.21777347 0.17285156
v 0.00097660 -0.22363284 0.17871094
v 0.00097660 -0.22363284 0.17871094
v 0.00097660 -0.22363284 0.17871094
v 0.00097660 -0.22363284 0.17871094
v -0.00097653 -0.22363284 0.17871094
v -0.00097653 -0.22363284 0.17871094
v -0.00097653 -0.22949222 0.18261719
v -0.00097653 -0.22949222 0.18261719
v 0.00097660 -0.23144534 0.18261719
v -0.00292965 -0.23730472 0.18652344
v -0.00292965 -0.23730472 0.18652344
v -0.00097653 -0.23925784 0.18652344
v -0.00097653 -0.23925784 0.18652344
v -0.00488278 -0.24511722 0.18652344
v -0.00488278 -0.24511722 0.18652344
v -0.00292965 -0.24707034 0.18652344
v -0.00683590 -0.25488284 0.18457031
v -0.00683590 -0.25488284 0.18457031
v -0.00878903 -0.25488284 0.18457031
v -0.00878903 -0.25488284 0.18457031
v -0.01074215 -0.26464847 0.18261719
v -0.01074215 -0.26464847 0.18261719
v -0.01269528 -0.26269534 0.18261719
v -0.01269528 -0.26269534 0.18261719
v -0.01269528 -0.27050784 0.18066406
v -0.01269528 -0.27050784 0.18066406
v -0.01269528 -0.27050784 0.18066406
v -0.01464840 -0.27050784 0.18066406
v -0.01464840 -0.27050784 0.18066406
v -0.01464840 -0.27636722 0.18066406
v -0.01464840 -0.27636722 0.18066406
v -0.01074215 -0.27636722 0.18066406
v -0.01074215 -0.27636722 0.18066406
v -0.01074215 -0.27832034 0.17871094
v -0.01074215 -0.27832034 0.17871094
v -0.01269528 -0.28027347 0.17871094
v -0.01269528 -0.28027347 0.17871094
v -0.00878903 -0.28417972 0.17871094
v -0.00878903 -0.28417972 0.17871094
v -0.00683590 -0.28222659 0.17871094
v -0.00683590 -0.28222659 0.17871094
v -0.00292965 -0.28613284 0.17675781
v -0.00292965 -0.28613284 0.17675781
v -0.00292965 -0.28613284 0.17675781
v -0.00488278 -0.28808597 0.17675781
v -0.00488278 -0.28808597 0.17675781
v -0.00292965 -0.29199222 0.17675781
v -0.00292965 -0.29199222 0.17675781
v -0.00292965 -0.29199222 0.17675781
v -0.00292965 -0.29199222 0.17675781
v -0.00292965 -0.29199222 0.17675781
v -0.00097653 -0.28808597 0.17480469
v -0.00097653 -0.28808597 0.17480469
v -0.00097653 -0.29003909 0.17675781
v -0.00097653 -0.29003909 0.17675781
v -0.00097653 -0.29003909 0.17480469
v -0.00097653 -0.29003909 0.17480469
v -0.00097653 -0.29003909 0.17480469
v -0.00097653 -0.29003909 0.17480469
v -0.00097653 -0.29199222 0.17675781
v -0.00097653 -0.29199222 0.17675781
v 0.05957035 -0.22753909 0.13183594
v 0.04785160 -0.22949222 0.13574219
v 0.06152347 -0.22949222 0.13378906
v 0.04980472 -0.23144534 0.13769531
v 0.03808597 -0.23339847 0.13964844
v 0.03808597 -0.23339847 0.13964844
v 0.04003910 -0.23535159 0.14160156
v 0.04003910 -0.23535159 0.14160156
v 0.04003910 -0.23535159 0.14160156
v 0.03027347 -0.24121097 0.14550781
v 0.03027347 -0.24121097 0.14550781
v 0.03222660 -0.24316409 0.14550781
v 0.02441410 -0.24902347 0.14941406
v 0.02636722 -0.25097659 0.14941406
v 0.02050785 -0.25878909 0.15527344
v 0.02246097 -0.25878909 0.15332031
v 0.01855472 -0.26464847 0.15917969
v 0.02050785 -0.26660159 0.15917969
v 0.01464847 -0.27246097 0.16308594
v 0.01660160 -0.27441409 0.16308594
v 0.01074222 -0.27832034 0.16699219
v 0.01269535 -0.28027347 0.16699219
v 0.00683597 -0.28417972 0.17089844
v 0.00878910 -0.28613284 0.16894531
v 0.00488285 -0.29003909 0.17285156
v 0.00292972 -0.28808597 0.17285156
v 0.00292972 -0.29199222 0.17480469
v 0.00292972 -0.29199222 0.17480469
v 0.00097660 -0.29003909 0.17480469
v 0.00097660 -0.29003909 0.17480469
v 0.00097660 -0.29199222 0.17480469
v 0.00097660 -0.29199222 0.17480469
v -0.00097653 -0.29589847 0.17675781
v -0.00097653 -0.29589847 0.17675781
v 0.00097660 -0.29589847 0.17480469
v 0.00097660 -0.30175784 0.17675781
v 0.00097660 -0.30175784 0.17675781
v 0.00097660 -0.30175784 0.17675781
v -0.00097653 -0.30175784 0.17675781
v -0.00097653 -0.31152347 0.17871094
v -0.00097653 -0.31152347 0.17871094
v 0.00097660 -0.31152347 0.17675781
v -0.00097653 -0.32519534 0.17871094
v -0.00292965 -0.32324222 0.18066406
v -0.00488278 -0.33496097 0.18457031
v -0.00488278 -0.33496097 0.18457031
v -0.00292965 -0.33691409 0.18261719
v -0.00488278 -0.34472659 0.18847656
v -0.00488278 -0.34472659 0.18847656
v -0.00683590 -0.34472659 0.18847656
v -0.06933591 -0.30175784 0.20214844
v -0.06933591 -0.30371097 0.20214844
v -0.06933591 -0.30371097 0.20214844
v -0.06933591 -0.29980472 0.20019531
v -0.06933591 -0.29980472 0.20019531
v -0.06738278 -0.30371097 0.20214844
v -0.06542966 -0.30371097 0.20214844
v -0.06347653 -0.29003909 0.19238281
v -0.06347653 -0.29003909 0.19238281
v -0.06347653 -0.29003909 0.19238281
v -0.06347653 -0.30566409 0.20410156
v -0.06347653 -0.30566409 0.20410156
v -0.06152340 -0.30761722 0.20410156
v -0.06152340 -0.30761722 0.20410156
v -0.06152340 -0.30761722 0.20410156
v -0.06152340 -0.30761722 0.20410156
v -0.06152340 -0.30761722 0.20410156
v -0.06152340 -0.30761722 0.20410156
v -0.05371090 -0.27832034 0.18457031
v -0.05371090 -0.27832034 0.18457031
v -0.05371090 -0.27832034 0.18457031
v -0.05175778 -0.27050784 0.17871094
v -0.05371090 -0.27246097 0.18066406
v -0.04980465 -0.27050784 0.17871094
v -0.04980465 -0.27050784 0.17871094
v -0.04980465 -0.27050784 0.17871094
v -0.05566403 -0.27441409 0.18261719
v -0.05566403 -0.27441409 0.18261719
v -0.05566403 -0.27636722 0.18261719
v -0.05566403 -0.27636722 0.18261719
v -0.04589840 -0.27050784 0.17871094
v -0.04589840 -0.27050784 0.17871094
v -0.04199215 -0.27050784 0.17675781
v -0.04199215 -0.27050784 0.17675781
v -0.01269528 -0.28027347 0.18066406
v -0.01464840 -0.27832034 0.17871094
v -0.01269528 -0.28222659 0.18261719
v -0.01269528 -0.28222659 0.18261719
v -0.01855465 -0.27441409 0.17675781
v -0.02832028 -0.26855472 0.17480469
v -0.02832028 -0.26855472 0.17480469
v -0.01074215 -0.28613284 0.18457031
v -0.03613278 -0.26855472 0.17480469
v -0.00878903 -0.29785159 0.19238281
v -0.01855465 -0.31542972 0.20605469
v -0.01855465 -0.31347659 0.20605469
v -0.01855465 -0.31347659 0.20605469
v -0.01855465 -0.31347659 0.20605469
v -0.02050778 -0.31542972 0.20800781
v -0.02050778 -0.31542972 0.20800781
v -0.02246090 -0.31542972 0.20800781
v -0.02246090 -0.31542972 0.20800781
v -0.02246090 -0.31542972 0.20800781
v -0.01660153 -0.31347659 0.20410156
v -0.01660153 -0.31347659 0.20410156
v -0.01660153 -0.31347659 0.20410156
v -0.02441403 -0.31542972 0.20800781
v -0.02441403 -0.31542972 0.20605469
v -0.02441403 -0.31542972 0.20605469
v -0.02441403 -0.31542972 0.20605469
v -0.01464840 -0.31152347 0.20410156
v -0.01464840 -0.31152347 0.20410156
v -0.01464840 -0.31152347 0.20410156
v -0.02636715 -0.31347659 0.20605469
v -0.02636715 -0.31347659 0.20605469
v -0.02636715 -0.31347659 0.20605469
v -0.01269528 -0.30761722 0.20019531
v -0.01074215 -0.30371097 0.19628906
v -0.01074215 -0.30371097 0.19628906
v -0.03417965 -0.31738284 0.20996094
v -0.04199215 -0.31933597 0.21191406
v -0.04589840 -0.32128909 0.21191406
v -0.04589840 -0.32128909 0.21191406
v -0.04980465 -0.32128909 0.21386719
v -0.04980465 -0.32128909 0.21386719
v -0.04980465 -0.32128909 0.21386719
v -0.05175778 -0.32128909 0.21386719
v -0.05566403 -0.31933597 0.21191406
v -0.05566403 -0.31933597 0.21191406
v -0.05566403 -0.31933597 0.21191406
v -0.05566403 -0.31933597 0.21191406
v -0.05761715 -0.31738284 0.21191406
v -0.05957028 -0.31542972 0.20996094
v -0.05957028 -0.31542972 0.20996094
v -0.05957028 -0.31542972 0.20996094
v -0.05957028 -0.31542972 0.20996094
v -0.05957028 -0.31542972 0.20996094
v -0.06347653 -0.30957034 0.20605469
v -0.06347653 -0.30957034 0.20605469
v -0.06152340 -0.31347659 0.20996094
v -0.06347653 -0.31152347 0.20800781
v -0.06347653 -0.31152347 0.20800781
v -0.18652341 -0.09863284 0.06738281
v -0.18652341 -0.09863284 0.06738281
v -0.18457028 -0.09277347 0.06542969
v -0.18457028 -0.09277347 0.06542969
v -0.18066403 -0.08886722 0.06542969
v -0.18066403 -0.08886722 0.06542969
v -0.18457028 -0.10449222 0.06933594
v -0.18457028 -0.10449222 0.06933594
v -0.18457028 -0.10449222 0.06933594
v -0.18457028 -0.10449222 0.06933594
v -0.18066403 -0.08886722 0.06542969
v -0.18066403 -0.08886722 0.06542969
v -0.16894528 -0.08496097 0.06542969
v -0.16894528 -0.08496097 0.06542969
v -0.17871091 -0.11621097 0.07324219
v -0.17871091 -0.11621097 0.07324219
v -0.10058591 -0.29785159 0.12597656
v -0.10058591 -0.29785159 0.12597656
v -0.09863278 -0.29394534 0.12597656
v -0.09863278 -0.29394534 0.12597656
v -0.10644528 -0.29980472 0.12597656
v -0.10644528 -0.29980472 0.12597656
v -0.10644528 -0.29980472 0.12597656
v -0.11230466 -0.29785159 0.12597656
v -0.11230466 -0.29785159 0.12597656
v -0.11425778 -0.29589847 0.12597656
v -0.11425778 -0.29589847 0.12597656
v -0.09667966 -0.28613284 0.12402344
v -0.09667966 -0.28613284 0.12402344
v -0.09667966 -0.28613284 0.12402344
v -0.16308591 -0.06542972 0.06152344
v -0.16308591 -0.06542972 0.06152344
v -0.05957028 -0.24902347 0.11230469
v -0.05957028 -0.24902347 0.11230469
v -0.05957028 -0.24902347 0.11230469
v -0.16894528 -0.08496097 0.06542969
v -0.16894528 -0.08496097 0.06542969
v -0.16894528 -0.08496097 0.06542969
v -0.17871091 -0.11621097 0.07324219
v -0.17871091 -0.11621097 0.07324219
v -0.18066403 -0.12402347 0.07519531
v -0.18066403 -0.12402347 0.07519531
v -0.18261716 -0.19433597 0.09472656
v -0.18261716 -0.19433597 0.09472656
v -0.07324216 -0.26464847 0.11621094
v -0.07324216 -0.26464847 0.11621094
v -0.17871091 -0.23339847 0.10449219
v -0.17871091 -0.23339847 0.10449219
v -0.16699216 -0.27050784 0.11621094
v -0.16699216 -0.27050784 0.11621094
v -0.16699216 -0.27050784 0.11621094
v -0.16699216 -0.27050784 0.11621094
v -0.16699216 -0.27050784 0.11621094
v -0.13769528 -0.29785159 0.12402344
v -0.13769528 -0.29785159 0.12402344
v -0.13769528 -0.29785159 0.12402344
v -0.15332028 -0.29199222 0.12207032
v -0.15332028 -0.29199222 0.12207032
v -0.14355466 -0.17871097 0.09082031
v 0.12597659 -0.01855471 0.00683594
v 0.12597659 -0.01855471 0.00683594
v -0.17089841 0.01074216 0.03222657
v -0.17089841 0.01074216 0.03222657
v 0.08496097 0.01660154 0.03613282
v 0.08496097 0.01660154 0.03613282
v 0.08496097 0.01660154 0.03613282
v -0.16894528 -0.11425784 0.03027344
v -0.16894528 -0.11425784 0.03027344
v -0.16894528 -0.11425784 0.03027344
v -0.23144528 -0.33105472 0.14550781
v -0.23144528 -0.33105472 0.14746094
v -0.23144528 -0.33105472 0.14746094
v -0.23144528 -0.33105472 0.14746094
v -0.23339841 -0.32910159 0.14355469
v -0.23339841 -0.32910159 0.14355469
v -0.23339841 -0.32714847 0.14160156
v -0.23339841 -0.32714847 0.14160156
v -0.22949216 -0.33105472 0.14746094
v -0.23144528 -0.32519534 0.13964844
v -0.23144528 -0.32519534 0.13964844
v -0.22753903 -0.33105472 0.14746094
v -0.22753903 -0.33105472 0.14746094
v -0.22753903 -0.33105472 0.14746094
v -0.23144528 -0.32128909 0.13769531
v -0.23144528 -0.32128909 0.13769531
v -0.22558591 -0.31738284 0.13183594
v -0.22558591 -0.31738284 0.13183594
v -0.22558591 -0.33105472 0.14746094
v -0.22363278 -0.33300784 0.14941406
v -0.22363278 -0.33300784 0.14941406
v -0.22363278 -0.33300784 0.14941406
v -0.22363278 -0.33300784 0.14941406
v -0.18847653 -0.31738284 0.12597656
v -0.18847653 -0.31738284 0.12597656
v -0.18847653 -0.31738284 0.12597656
v -0.21582028 -0.30566409 0.12207032
v -0.21777341 -0.29980472 0.11816407
v -0.21777341 -0.30175784 0.11816407
v -0.21777341 -0.30175784 0.11816407
v -0.21777341 -0.29980472 0.11621094
v -0.21777341 -0.29980472 0.11621094
v -0.21777341 -0.29980472 0.11621094
v -0.21777341 -0.30175784 0.12011719
v -0.21777341 -0.30175784 0.12011719
v -0.21777341 -0.30175784 0.12011719
v -0.21582028 -0.29785159 0.11425782
v -0.21582028 -0.29785159 0.11425782
v -0.21582028 -0.29785159 0.11425782
v -0.21777341 -0.30371097 0.12011719
v -0.21777341 -0.30371097 0.12011719
v -0.21777341 -0.30371097 0.12011719
v -0.21191403 -0.29589847 0.11425782
v -0.21191403 -0.29589847 0.11425782
v -0.20996091 -0.29589847 0.11425782
v -0.20410153 -0.29394534 0.11230469
v -0.19628903 -0.29199222 0.11035157
v -0.18847653 -0.29003909 0.10839844
v -0.17675778 -0.29394534 0.11425782
v -0.17285153 -0.29589847 0.11621094
v -0.17285153 -0.29589847 0.11621094
v -0.15917966 -0.28027347 0.09472656
v -0.16503903 -0.28808597 0.10449219
v -0.16699216 -0.29394534 0.11230469
v -0.16894528 -0.29394534 0.11230469
v -0.16894528 -0.29394534 0.11230469
v -0.16894528 -0.29785159 0.11816407
v -0.16894528 -0.29785159 0.11816407
v -0.17089841 -0.29785159 0.11621094
v -0.17089841 -0.29785159 0.11621094
v -0.16894528 -0.29980472 0.12011719
v -0.16894528 -0.29980472 0.12011719
v -0.16894528 -0.29980472 0.12011719
v -0.16503903 -0.30371097 0.12402344
v -0.16503903 -0.30371097 0.12402344
v -0.16113278 -0.31347659 0.13574219
v -0.16308591 -0.31933597 0.14160156
v -0.16308591 -0.31933597 0.14160156
v -0.17285153 -0.33300784 0.15527344
v -0.17285153 -0.33105472 0.15332031
v -0.17285153 -0.33105472 0.15332031
v -0.17480466 -0.33300784 0.15527344
v -0.17480466 -0.33300784 0.15527344
v -0.17480466 -0.33300784 0.15527344
v -0.17089841 -0.33105472 0.15332031
v -0.17089841 -0.33105472 0.15332031
v -0.17675778 -0.33300784 0.15527344
v -0.16894528 -0.32910159 0.15136719
v -0.16894528 -0.32910159 0.15136719
v -0.17871091 -0.33300784 0.15527344
v -0.17871091 -0.33300784 0.15332031
v -0.17871091 -0.33300784 0.15332031
v -0.16894528 -0.32714847 0.14941406
v -0.16894528 -0.32714847 0.14941406
v -0.18066403 -0.33105472 0.15136719
v -0.18066403 -0.33105472 0.15136719
v -0.16503903 -0.32324222 0.14550781
v -0.19042966 -0.33691409 0.15722656
v -0.19628903 -0.34082034 0.16113281
v -0.19628903 -0.34082034 0.16113281
v -0.20214841 -0.34277347 0.16113281
v -0.20214841 -0.34277347 0.16113281
v -0.20605466 -0.34472659 0.16308594
v -0.20605466 -0.34472659 0.16308594
v -0.20605466 -0.34472659 0.16308594
v -0.22167966 -0.33496097 0.15136719
v -0.22167966 -0.33496097 0.15136719
v -0.22167966 -0.33496097 0.15136719
v -0.22167966 -0.33496097 0.15136719
v -0.22167966 -0.33496097 0.15136719
v -0.20996091 -0.34472659 0.16308594
v -0.20996091 -0.34472659 0.16308594
v -0.20996091 -0.34472659 0.16308594
v -0.21582028 -0.34472659 0.16113281
v -0.21191403 -0.34472659 0.16113281
v -0.21191403 -0.34472659 0.16113281
v -0.21777341 -0.34277347 0.15917969
v -0.21777341 -0.34277347 0.15917969
v -0.21777341 -0.34277347 0.15917969
v -0.21777341 -0.34277347 0.15917969
v -0.22167966 -0.34082034 0.15722656
v -0.22167966 -0.34082034 0.15722656
v -0.22167966 -0.34082034 0.15722656
v -0.22167966 -0.34082034 0.15722656
v -0.22363278 -0.33691409 0.15136719
v -0.22363278 -0.33691409 0.15136719
v -0.22363278 -0.33691409 0.15332031
v -0.22363278 -0.33691409 0.15332031
v -0.22363278 -0.33886722 0.15527344
v -0.12207028 -0.12011722 0.16894531
v -0.12207028 -0.12011722 0.16894531
v -0.12207028 -0.12011722 0.16894531
v -0.12207028 -0.12207034 0.17089844
v -0.12207028 -0.12207034 0.17089844
v -0.12207028 -0.12207034 0.17089844
v -0.12011716 -0.12402347 0.17089844
v -0.12011716 -0.12402347 0.17089844
v -0.12011716 -0.12402347 0.17089844
v -0.12011716 -0.11425784 0.16503906
v -0.12011716 -0.11425784 0.16503906
v -0.12011716 -0.11425784 0.16503906
v -0.29785153 0.00292966 0.05566407
v -0.29199216 0.00292966 0.05761719
v -0.30175778 0.00488279 0.05371094
v -0.28613278 0.00683591 0.05566407
v -0.30566403 0.00878904 0.04980469
v -0.27636716 0.00878904 0.05566407
v -0.30566403 0.01464841 0.04589844
v -0.30761716 0.01855466 0.04394532
v -0.30566403 0.03222654 0.03613282
v -0.26660153 0.00878904 0.05761719
v -0.29980466 0.04589841 0.02832032
v -0.29003903 0.05957029 0.02246094
v -0.26269528 0.07324217 0.01855469
v -0.27246091 0.07128904 0.01855469
v -0.27246091 0.07128904 0.01855469
v -0.25488278 0.07324217 0.02050782
v -0.25488278 0.07324217 0.02050782
v -0.28027341 0.06738279 0.01855469
v -0.24707028 0.07324217 0.02246094
v -0.23339841 0.07128904 0.02636719
v -0.21777341 0.06738279 0.03222657
v -0.25292966 0.00878904 0.06152344
v -0.20019528 0.06152341 0.04003907
v -0.12597653 0.05957029 0.05761719
v -0.15527341 -0.00488284 0.07910156
v -0.09667966 -0.11816409 0.17089844
v -0.08886716 -0.11230472 0.17089844
v -0.10839841 -0.11816409 0.17089844
v -0.12011716 -0.12402347 0.17089844
v -0.11621091 -0.12402347 0.17285156
v -0.12011716 -0.11425784 0.16503906
v -0.08105466 -0.10644534 0.16699219
v -0.13183591 -0.11816409 0.16503906
v -0.12011716 -0.12402347 0.17089844
v -0.13378903 -0.12402347 0.16894531
v -0.14160153 -0.12011722 0.16503906
v -0.14746091 -0.11621097 0.16113281
v -0.15527341 -0.10839847 0.15527344
v -0.16308591 -0.09863284 0.14746094
v -0.17089841 -0.08691409 0.13964844
v -0.07324216 -0.09667972 0.16308594
v -0.06933591 -0.08300784 0.15332031
v -0.07519528 -0.06738284 0.14160156
v -0.07128903 -0.04980471 0.13183594
v -0.17871091 -0.07519534 0.12988281
v -0.19628903 -0.05371096 0.11230469
v -0.27246091 -0.00488284 0.06542969
v -0.27832028 -0.01074221 0.06933594
v -0.28417966 -0.01855471 0.07324219
v -0.28808591 -0.03027346 0.08105469
v -0.22949216 -0.07324222 0.12011719
v -0.29199216 -0.04199221 0.08691406
v -0.29394528 -0.05371096 0.09472656
v -0.29394528 -0.06152346 0.10058594
v -0.25097653 -0.08105472 0.12207032
v -0.29199216 -0.06933597 0.10449219
v -0.28808591 -0.07519534 0.10839844
v -0.27832028 -0.08300784 0.11621094
v -0.27246091 -0.08496097 0.11816407
v -0.27246091 -0.08496097 0.11816407
v -0.28417966 -0.07910159 0.11230469
v -0.28417966 -0.07910159 0.11230469
v -0.26464841 -0.08496097 0.12011719
v -0.15917966 -0.17675784 0.04589844
v -0.15917966 -0.17675784 0.04589844
v -0.14550778 -0.17871097 0.04785157
v -0.14550778 -0.17871097 0.04785157
v -0.14550778 -0.17871097 0.04785157
v -0.17285153 -0.17285159 0.04199219
v -0.17285153 -0.17285159 0.04199219
v -0.17285153 -0.17285159 0.04199219
v -0.17285153 -0.18261722 0.04785157
v -0.17285153 -0.18261722 0.04785157
v -0.17285153 -0.17285159 0.04199219
v -0.17285153 -0.17285159 0.04199219
v -0.17285153 -0.17285159 0.04199219
v -0.17285153 -0.18261722 0.04785157
v -0.17285153 -0.18261722 0.04785157
v -0.17285153 -0.18261722 0.04785157
v -0.18652341 -0.17285159 0.04003907
v -0.18652341 -0.17285159 0.04003907
v -0.18652341 -0.17285159 0.04003907
v -0.18652341 -0.17285159 0.04003907
v -0.20605466 -0.15527347 0.03417969
v -0.20605466 -0.15527347 0.03417969
v -0.20605466 -0.15527347 0.03417969
v -0.18652341 -0.18457034 0.04589844
v -0.18652341 -0.18457034 0.04589844
v -0.18652341 -0.18457034 0.04589844
v -0.18652341 -0.16308597 0.03808594
v -0.18652341 -0.16308597 0.03808594
v -0.26269528 -0.16503909 0.02636719
v -0.28417966 -0.16894534 0.02441407
v -0.25488278 -0.24316409 0.04785157
v -0.29980466 -0.18652347 0.02636719
v -0.29980466 -0.18652347 0.02636719
v -0.30371091 -0.18261722 0.02441407
v -0.30371091 -0.18261722 0.02441407
v -0.30371091 -0.18261722 0.02441407
v -0.29589841 -0.18847659 0.02636719
v -0.29589841 -0.18847659 0.02636719
v -0.29589841 -0.18847659 0.02636719
v -0.30175778 -0.17871097 0.02441407
v -0.30175778 -0.17871097 0.02441407
v -0.29980466 -0.17675784 0.02441407
v -0.29980466 -0.17675784 0.02441407
v -0.29980466 -0.17675784 0.02441407
v -0.29589841 -0.17285159 0.02441407
v -0.29589841 -0.17285159 0.02441407
v -0.28417966 -0.16894534 0.02441407
v -0.28417966 -0.16894534 0.02441407
v -0.28417966 -0.16894534 0.02441407
v -0.29199216 -0.18847659 0.02832032
v -0.29199216 -0.18847659 0.02832032
v -0.29199216 -0.18847659 0.02832032
v -0.28222653 -0.24121097 0.04199219
v -0.28222653 -0.24121097 0.04199219
v -0.28417966 -0.16894534 0.02441407
v -0.28417966 -0.16894534 0.02441407
v -0.26855466 -0.24121097 0.04589844
v -0.26855466 -0.24121097 0.04589844
v -0.25488278 -0.24316409 0.04785157
v -0.25488278 -0.24316409 0.04785157
v -0.29199216 -0.18847659 0.02832032
v -0.31152341 -0.21972659 0.03222657
v -0.31152341 -0.21972659 0.03222657
v -0.31152341 -0.21972659 0.03222657
v -0.31152341 -0.21972659 0.03222657
v -0.31152341 -0.21191409 0.03027344
v -0.31152341 -0.21191409 0.03027344
v -0.30566403 -0.19628909 0.02832032
v -0.30566403 -0.19628909 0.02832032
v -0.30566403 -0.19628909 0.02832032
v -0.30566403 -0.19628909 0.02832032
v -0.30957028 -0.20410159 0.02832032
v -0.30957028 -0.20410159 0.02832032
v -0.28222653 -0.24121097 0.04199219
v -0.28222653 -0.24121097 0.04199219
v -0.29003903 -0.23925784 0.04003907
v -0.29003903 -0.23925784 0.04003907
v -0.29199216 -0.18847659 0.02832032
v -0.29199216 -0.18847659 0.02832032
v -0.29199216 -0.18847659 0.02832032
v -0.29785153 -0.23535159 0.03808594
v -0.29785153 -0.23535159 0.03808594
v -0.29785153 -0.23535159 0.03808594
v -0.30566403 -0.22753909 0.03613282
v -0.30566403 -0.22753909 0.03613282
v -0.30566403 -0.22753909 0.03613282
v -0.30175778 -0.19238284 0.02636719
v -0.30175778 -0.19238284 0.02636719
v -0.30175778 -0.19238284 0.02636719
v -0.30175778 -0.19238284 0.02636719
v -0.30175778 -0.19238284 0.02636719
v -0.18261716 -0.13769534 0.17871094
v -0.18261716 -0.13769534 0.17871094
v -0.18261716 -0.13769534 0.17871094
v -0.18261716 -0.13769534 0.17871094
v -0.13964841 -0.12988284 0.19238281
v -0.13964841 -0.12988284 0.19238281
v -0.13964841 -0.12988284 0.19238281
v -0.17871091 -0.13574222 0.16503906
v -0.17871091 -0.13574222 0.16503906
v -0.23144528 -0.13769534 0.15136719
v -0.23144528 -0.13769534 0.15136719
v -0.23144528 -0.13769534 0.15136719
v -0.27050778 -0.12597659 0.13378906
v -0.27050778 -0.12597659 0.13378906
v -0.27050778 -0.12597659 0.13378906
v -0.25097653 -0.14355472 0.14746094
v -0.25097653 -0.14355472 0.14746094
v -0.25097653 -0.14355472 0.14746094
v -0.25097653 -0.14355472 0.14746094
v -0.25292966 -0.13964847 0.13574219
v -0.25292966 -0.13964847 0.13574219
v -0.25292966 -0.13964847 0.13574219
v -0.25292966 -0.13964847 0.13574219
v -0.25292966 -0.13964847 0.13574219
v -0.22167966 -0.13769534 0.13964844
v -0.22167966 -0.13769534 0.13964844
v -0.23730466 -0.12792972 0.09863282
v -0.23730466 -0.12792972 0.09863282
v -0.23730466 -0.12792972 0.09863282
v -0.22363278 -0.14355472 0.12011719
v -0.22363278 -0.14355472 0.12011719
v -0.22363278 -0.14355472 0.12011719
v -0.22363278 -0.14355472 0.12011719
v -0.20800778 -0.13769534 0.13574219
v -0.20800778 -0.13964847 0.12011719
v -0.20800778 -0.13964847 0.12011719
v -0.19042966 -0.14160159 0.12011719
v -0.19042966 -0.14160159 0.12011719
v -0.19042966 -0.14160159 0.12011719
v -0.19238278 -0.13769534 0.13964844
v -0.19238278 -0.13769534 0.13964844
v -0.17675778 -0.12988284 0.09863282
v -0.17675778 -0.12988284 0.09863282
v -0.17675778 -0.12988284 0.09863282
v -0.17675778 -0.14160159 0.12597656
v -0.17675778 -0.14160159 0.12597656
v -0.17675778 -0.14160159 0.12597656
v -0.18261716 -0.13769534 0.15136719
v -0.14941403 -0.12792972 0.12792969
v -0.14941403 -0.12792972 0.12792969
v -0.16308591 -0.14160159 0.14746094
v -0.16308591 -0.14160159 0.14746094
v -0.16308591 -0.14160159 0.14746094
v -0.16113278 -0.14160159 0.16503906
v -0.16113278 -0.14160159 0.16503906
v -0.16308591 -0.14355472 0.18066406
v -0.16308591 -0.14355472 0.18066406
v -0.16308591 -0.14355472 0.18066406
v -0.16308591 -0.14355472 0.18066406
v -0.16308591 -0.14355472 0.18066406
v -0.15527341 -0.13378909 0.20996094
v -0.15527341 -0.13378909 0.20996094
v -0.15527341 -0.13378909 0.20996094
v -0.17675778 -0.14550784 0.20410156
v -0.17675778 -0.14550784 0.20410156
v -0.17675778 -0.14550784 0.20410156
v -0.17675778 -0.14550784 0.20410156
v -0.19238278 -0.13964847 0.19042969
v -0.19238278 -0.13964847 0.19042969
v -0.19238278 -0.13964847 0.19042969
v -0.17285153 -0.13769534 0.22949219
v -0.17285153 -0.13769534 0.22949219
v -0.17285153 -0.13769534 0.22949219
v -0.19042966 -0.14550784 0.20800781
v -0.19042966 -0.14550784 0.20800781
v -0.19042966 -0.14550784 0.20800781
v -0.19042966 -0.14550784 0.20800781
v -0.20800778 -0.13964847 0.19238281
v -0.20800778 -0.13964847 0.19238281
v -0.20800778 -0.13964847 0.19238281
v -0.20019528 -0.13183597 0.23730469
v -0.20019528 -0.13183597 0.23730469
v -0.20019528 -0.13183597 0.23730469
v -0.20800778 -0.14355472 0.20996094
v -0.20800778 -0.14355472 0.20996094
v -0.20800778 -0.14355472 0.20996094
v -0.22363278 -0.14550784 0.20800781
v -0.22363278 -0.14550784 0.20800781
v -0.22363278 -0.14550784 0.20800781
v -0.23730466 -0.13964847 0.22753906
v -0.23730466 -0.13964847 0.22753906
v -0.23730466 -0.13964847 0.22753906
v -0.22167966 -0.13964847 0.19042969
v -0.22167966 -0.13964847 0.19042969
v -0.22167966 -0.13964847 0.19042969
v -0.20605466 -0.12597659 0.16503906
v -0.23535153 -0.13769534 0.16503906
v -0.25292966 -0.14160159 0.16503906
v -0.25292966 -0.14160159 0.16503906
v -0.20605466 -0.16308597 0.16308594
v -0.23730466 -0.14550784 0.20410156
v -0.23730466 -0.14550784 0.20410156
v -0.23730466 -0.14550784 0.20410156
v -0.23144528 -0.13769534 0.17871094
v -0.23144528 -0.13769534 0.17871094
v -0.25097653 -0.14355472 0.18066406
v -0.25097653 -0.14355472 0.18066406
v -0.25097653 -0.14355472 0.18066406
v -0.25683591 -0.13964847 0.20605469
v -0.25683591 -0.13964847 0.20605469
v -0.27636716 -0.13183597 0.19238281
v -0.27636716 -0.13183597 0.19238281
v -0.27636716 -0.13183597 0.19238281
v -0.19238278 -0.14746097 0.13378906
v -0.17871091 -0.14746097 0.13769531
v -0.17871091 -0.14746097 0.13769531
v -0.17089841 -0.15332034 0.12988281
v -0.17089841 -0.15332034 0.12988281
v -0.17089841 -0.15332034 0.12988281
v -0.17089841 -0.15332034 0.12988281
v -0.17089841 -0.15332034 0.12988281
v -0.20800778 -0.29003909 0.16308594
v -0.19628903 -0.28808597 0.16308594
v -0.19628903 -0.28808597 0.16308594
v -0.20019528 -0.28808597 0.17089844
v -0.20019528 -0.28808597 0.17089844
v -0.20019528 -0.28808597 0.17089844
v -0.18457028 -0.28027347 0.16308594
v -0.18457028 -0.28027347 0.16308594
v -0.15332028 -0.22753909 0.18457031
v -0.15332028 -0.22753909 0.18457031
v -0.15332028 -0.22753909 0.18457031
v -0.14941403 -0.22753909 0.16308594
v -0.13964841 -0.19238284 0.16308594
v -0.13964841 -0.19238284 0.16308594
v -0.13964841 -0.19238284 0.16308594
v -0.15332028 -0.22753909 0.14160156
v -0.15332028 -0.22753909 0.14160156
v -0.14550778 -0.19238284 0.13769531
v -0.14550778 -0.19238284 0.13769531
v -0.14550778 -0.19238284 0.13769531
v -0.15917966 -0.19238284 0.11816407
v -0.16503903 -0.22558597 0.12207032
v -0.16503903 -0.22558597 0.12207032
v -0.19042966 -0.25683597 0.12597656
v -0.19042966 -0.25683597 0.12597656
v -0.17675778 -0.25683597 0.13378906
v -0.17675778 -0.25683597 0.13378906
v -0.16894528 -0.25683597 0.14746094
v -0.16503903 -0.25683597 0.16308594
v -0.16894528 -0.25683597 0.17871094
v -0.16894528 -0.25683597 0.17871094
v -0.16894528 -0.25683597 0.17871094
v -0.17675778 -0.25683597 0.19238281
v -0.17675778 -0.25683597 0.19238281
v -0.17675778 -0.25683597 0.19238281
v -0.16503903 -0.22558597 0.20214844
v -0.16503903 -0.22558597 0.20214844
v -0.16503903 -0.22558597 0.20214844
v -0.16503903 -0.22558597 0.20214844
v -0.14550778 -0.19238284 0.18652344
v -0.14550778 -0.19238284 0.18652344
v -0.14355466 -0.16894534 0.16308594
v -0.14355466 -0.16894534 0.16308594
v -0.14941403 -0.16894534 0.13769531
v -0.14941403 -0.16894534 0.13769531
v -0.16113278 -0.16894534 0.12011719
v -0.16113278 -0.16894534 0.12011719
v -0.18066403 -0.19042972 0.10253907
v -0.18457028 -0.22558597 0.11035157
v -0.18457028 -0.22558597 0.11035157
v -0.20605466 -0.22558597 0.10644532
v -0.20605466 -0.22558597 0.10644532
v -0.20605466 -0.25683597 0.12207032
v -0.20605466 -0.25683597 0.12207032
v -0.19238278 -0.27832034 0.14355469
v -0.19238278 -0.27832034 0.14355469
v -0.19238278 -0.27832034 0.14355469
v -0.20214841 -0.28808597 0.15332031
v -0.20214841 -0.28808597 0.15332031
v -0.20214841 -0.28808597 0.15332031
v -0.21386716 -0.28613284 0.15527344
v -0.21386716 -0.28613284 0.15527344
v -0.21777341 -0.28613284 0.16113281
v -0.21777341 -0.28613284 0.16113281
v -0.21777341 -0.28613284 0.16113281
v -0.21777341 -0.28613284 0.17089844
v -0.21777341 -0.28613284 0.17089844
v -0.20996091 -0.28808597 0.17480469
v -0.20996091 -0.28808597 0.17480469
v -0.20996091 -0.28808597 0.17480469
v -0.19238278 -0.27832034 0.18066406
v -0.19238278 -0.27832034 0.18066406
v -0.19042966 -0.25683597 0.20019531
v -0.18457028 -0.22558597 0.21386719
v -0.18066403 -0.19042972 0.22167969
v -0.18066403 -0.19042972 0.22167969
v -0.18066403 -0.19042972 0.22167969
v -0.18066403 -0.19042972 0.22167969
v -0.15917966 -0.19042972 0.20800781
v -0.15917966 -0.19042972 0.20800781
v -0.16113278 -0.16894534 0.20410156
v -0.14941403 -0.16894534 0.18847656
v -0.14941403 -0.16894534 0.18847656
v -0.15917966 -0.15332034 0.16308594
v -0.15917966 -0.15332034 0.16308594
v -0.17871091 -0.16894534 0.10839844
v -0.17871091 -0.16894534 0.10839844
v -0.17871091 -0.16894534 0.10839844
v -0.20410153 -0.16699222 0.10253907
v -0.20410153 -0.16699222 0.10253907
v -0.20410153 -0.19042972 0.09863282
v -0.20410153 -0.19042972 0.09863282
v -0.20410153 -0.19042972 0.09863282
v -0.22949216 -0.19042972 0.10253907
v -0.22949216 -0.19042972 0.10253907
v -0.22949216 -0.19042972 0.10253907
v -0.22753903 -0.22558597 0.11035157
v -0.22167966 -0.25683597 0.12597656
v -0.23535153 -0.25683597 0.13378906
v -0.23535153 -0.25683597 0.13378906
v -0.21972653 -0.27832034 0.14160156
v -0.21972653 -0.27832034 0.14160156
v -0.22949216 -0.27832034 0.15917969
v -0.22949216 -0.27832034 0.15917969
v -0.22949216 -0.27832034 0.15917969
v -0.22949216 -0.27832034 0.15917969
v -0.22753903 -0.27832034 0.17675781
v -0.21191403 -0.27832034 0.18652344
v -0.21191403 -0.27832034 0.18652344
v -0.20605466 -0.25683597 0.20410156
v -0.20605466 -0.22558597 0.21972656
v -0.20605466 -0.22558597 0.21972656
v -0.20410153 -0.19042972 0.22753906
v -0.20410153 -0.19042972 0.22753906
v -0.20410153 -0.19042972 0.22753906
v -0.20410153 -0.16699222 0.22363281
v -0.20410153 -0.16699222 0.22363281
v -0.20410153 -0.16699222 0.22363281
v -0.20410153 -0.16699222 0.22363281
v -0.17871091 -0.16699222 0.21777344
v -0.17871091 -0.16699222 0.21777344
v -0.17871091 -0.16699222 0.21777344
v -0.16699216 -0.15527347 0.19238281
v -0.16699216 -0.15527347 0.19238281
v -0.16699216 -0.15527347 0.19238281
v -0.16699216 -0.15527347 0.19238281
v -0.16699216 -0.15527347 0.19238281
v -0.17871091 -0.14746097 0.18847656
v -0.17871091 -0.14746097 0.18847656
v -0.19042966 -0.14746097 0.19238281
v -0.20410153 -0.14550784 0.19433594
v -0.17480466 -0.14746097 0.17480469
v -0.17480466 -0.14746097 0.17480469
v -0.17285153 -0.14746097 0.16308594
v -0.17480466 -0.14746097 0.15136719
v -0.17480466 -0.14746097 0.15136719
v -0.20410153 -0.14746097 0.13183594
v -0.22753903 -0.14550784 0.13769531
v -0.21582028 -0.14550784 0.13378906
v -0.21582028 -0.14550784 0.13378906
v -0.20410153 -0.15332034 0.11816407
v -0.20410153 -0.15332034 0.11816407
v -0.22949216 -0.16699222 0.10839844
v -0.22949216 -0.16699222 0.10839844
v -0.24707028 -0.16699222 0.12011719
v -0.24707028 -0.16699222 0.12011719
v -0.24902341 -0.18847659 0.11816407
v -0.24902341 -0.18847659 0.11816407
v -0.24902341 -0.18847659 0.11816407
v -0.24902341 -0.18847659 0.11816407
v -0.24511716 -0.22363284 0.12402344
v -0.24511716 -0.22363284 0.12402344
v -0.25683591 -0.22363284 0.14160156
v -0.24316403 -0.25488284 0.14746094
v -0.24316403 -0.25488284 0.14746094
v -0.24316403 -0.25488284 0.14746094
v -0.24707028 -0.25488284 0.16308594
v -0.24707028 -0.25488284 0.16308594
v -0.24316403 -0.25488284 0.17871094
v -0.23535153 -0.25488284 0.19238281
v -0.23535153 -0.25488284 0.19238281
v -0.22167966 -0.25683597 0.20019531
v -0.22167966 -0.25683597 0.20019531
v -0.22167966 -0.25683597 0.20019531
v -0.22167966 -0.25683597 0.20019531
v -0.22753903 -0.22363284 0.21582031
v -0.22753903 -0.22363284 0.21582031
v -0.22753903 -0.22363284 0.21582031
v -0.22949216 -0.18847659 0.22167969
v -0.22949216 -0.16699222 0.21777344
v -0.22949216 -0.16699222 0.21777344
v -0.22949216 -0.16699222 0.21777344
v -0.20410153 -0.15332034 0.20800781
v -0.21582028 -0.14550784 0.19238281
v -0.22753903 -0.14550784 0.18847656
v -0.23339841 -0.14550784 0.17480469
v -0.23339841 -0.14550784 0.17480469
v -0.23535153 -0.14550784 0.16308594
v -0.23339841 -0.14550784 0.15136719
v -0.23730466 -0.15136722 0.12988281
v -0.23730466 -0.15136722 0.12988281
v -0.23730466 -0.15136722 0.12988281
v -0.25878903 -0.16503909 0.13769531
v -0.25878903 -0.16503909 0.13769531
v -0.25878903 -0.16503909 0.13769531
v -0.26464841 -0.18847659 0.13769531
v -0.26855466 -0.18847659 0.16308594
v -0.26855466 -0.18847659 0.16308594
v -0.26855466 -0.18847659 0.16308594
v -0.26269528 -0.22363284 0.16308594
v -0.26269528 -0.22363284 0.16308594
v -0.25683591 -0.22363284 0.18457031
v -0.24511716 -0.22363284 0.20214844
v -0.24511716 -0.22363284 0.20214844
v -0.24511716 -0.22363284 0.20214844
v -0.24511716 -0.22363284 0.20214844
v -0.24902341 -0.18847659 0.20800781
v -0.24902341 -0.18847659 0.20800781
v -0.24707028 -0.16503909 0.20605469
v -0.24707028 -0.16503909 0.20605469
v -0.23730466 -0.15136722 0.19628906
v -0.23730466 -0.15136722 0.19628906
v -0.24902341 -0.15136722 0.16308594
v -0.24902341 -0.15136722 0.16308594
v -0.26464841 -0.16503909 0.16308594
v -0.26464841 -0.16503909 0.16308594
v -0.26464841 -0.18847659 0.18652344
v -0.26464841 -0.18847659 0.18652344
v -0.26464841 -0.18847659 0.18652344
v -0.25878903 -0.16503909 0.18847656
v -0.25878903 -0.16503909 0.18847656
v -0.18652341 -0.20214847 0.04785157
v -0.18652341 -0.20214847 0.04785157
v -0.18652341 -0.18457034 0.04589844
v -0.18652341 -0.18457034 0.04589844
v -0.18652341 -0.18457034 0.04589844
v -0.18652341 -0.22167972 0.04980469
v -0.18652341 -0.22167972 0.04980469
v -0.18652341 -0.22167972 0.04980469
v -0.20605466 -0.15527347 0.03417969
v -0.20605466 -0.15527347 0.03417969
v -0.18652341 -0.22167972 0.04980469
v -0.18652341 -0.22167972 0.04980469
v -0.23339841 -0.19824222 0.04003907
v -0.20605466 -0.15527347 0.03417969
v -0.20605466 -0.15527347 0.03417969
v -0.22753903 -0.15136722 0.03027344
v -0.22753903 -0.15136722 0.03027344
v -0.23925778 -0.14941409 0.02832032
v -0.23925778 -0.14941409 0.02832032
v -0.24902341 -0.14941409 0.02636719
v -0.24902341 -0.14941409 0.02636719
v -0.25878903 -0.15527347 0.02636719
v -0.25878903 -0.15527347 0.02636719
v -0.26269528 -0.15917972 0.02636719
v -0.26269528 -0.15917972 0.02636719
v -0.26269528 -0.16503909 0.02636719
v -0.26269528 -0.16503909 0.02636719
v -0.25488278 -0.24316409 0.04785157
v -0.25488278 -0.24316409 0.04785157
v -0.21386716 -0.23339847 0.04980469
v -0.21386716 -0.23339847 0.04980469
v -0.21386716 -0.23339847 0.04980469
v -0.21386716 -0.23339847 0.04980469
v -0.23144528 -0.24316409 0.04980469
v -0.23144528 -0.24316409 0.04980469
v -0.25488278 -0.24316409 0.04785157
v -0.25488278 -0.24316409 0.04785157
v -0.23535153 -0.24707034 0.04980469
v -0.23535153 -0.24707034 0.04980469
v -0.24316403 -0.25097659 0.04980469
v -0.24316403 -0.25097659 0.04980469
v -0.24316403 -0.25097659 0.04980469
v -0.24707028 -0.25292972 0.04980469
v -0.24707028 -0.25292972 0.04980469
v -0.25097653 -0.25097659 0.04785157
v -0.25097653 -0.25097659 0.04785157
v -0.25097653 -0.25097659 0.04785157
v -0.25097653 -0.25097659 0.04785157
v -0.25292966 -0.24707034 0.04785157
v -0.25292966 -0.24707034 0.04785157
v -0.23925778 -0.25097659 0.04980469
v -0.23925778 -0.25097659 0.04980469
v -0.23925778 -0.25097659 0.04980469
v -0.11621091 -0.42675784 -0.38183594
v 0.01660160 -0.42675784 -0.40136719
v -0.11621091 -0.43847659 -0.38378906
v -0.11621091 -0.43847659 -0.38378906
v 0.01855472 -0.43652347 -0.40332031
v 0.01855472 -0.43652347 -0.40332031
v 0.10058597 -0.42675784 -0.39941406
v 0.09277347 -0.41699222 -0.38964844
v 0.09277347 -0.41699222 -0.38964844
v 0.01464847 -0.41894534 -0.39160156
v 0.01464847 -0.41894534 -0.39160156
v -0.05566403 -0.39550784 -0.29785156
v -0.11230466 -0.41894534 -0.37207031
v -0.11230466 -0.41894534 -0.37207031
v -0.19433591 -0.41894534 -0.34667969
v -0.19433591 -0.41894534 -0.34667969
v -0.20214841 -0.42871097 -0.35644531
v -0.20410153 -0.43847659 -0.35839844
v -0.20410153 -0.43847659 -0.35839844
v 0.10058597 -0.43652347 -0.40136719
v 0.10058597 -0.43652347 -0.40136719
v 0.18847659 -0.43652347 -0.38769531
v 0.18847659 -0.43652347 -0.38769531
v 0.18847659 -0.43652347 -0.38769531
v 0.18652347 -0.42480472 -0.38574219
v 0.18652347 -0.42480472 -0.38574219
v 0.18652347 -0.42480472 -0.38574219
v 0.17675784 -0.41699222 -0.37597656
v 0.17675784 -0.41699222 -0.37597656
v 0.07324222 -0.39355472 -0.32910156
v -0.04980465 -0.35839847 -0.21582031
v -0.16503903 -0.39746097 -0.26464844
v -0.27832028 -0.42089847 -0.30957031
v -0.27832028 -0.42089847 -0.30957031
v -0.28808591 -0.42871097 -0.31542969
v -0.28808591 -0.42871097 -0.31542969
v -0.28808591 -0.44042972 -0.31738281
v -0.28808591 -0.44042972 -0.31738281
v -0.28808591 -0.44042972 -0.31738281
v 0.25097659 -0.43652347 -0.36425781
v 0.25097659 -0.43652347 -0.36425781
v 0.24902347 -0.42480472 -0.36425781
v 0.24902347 -0.42480472 -0.36425781
v 0.23730472 -0.41699222 -0.35449219
v 0.30566409 -0.37792972 -0.23144531
v 0.16699222 -0.37011722 -0.24121094
v 0.07519535 -0.33886722 -0.20019531
v 0.07519535 -0.33886722 -0.20019531
v 0.11621097 -0.11230472 0.00683594
v 0.11621097 -0.11230472 0.00683594
v 0.11621097 -0.11230472 0.00683594
v 0.11621097 -0.11230472 0.00683594
v 0.06152347 -0.15332034 -0.02832031
v 0.06152347 -0.15332034 -0.02832031
v -0.02636715 -0.04589846 0.01464844
v -0.02636715 -0.04589846 0.01464844
v -0.03027340 -0.15332034 -0.03613281
v 0.07519535 -0.26660159 -0.07324219
v 0.07519535 -0.26660159 -0.07324219
v 0.07519535 -0.26660159 -0.07324219
v 0.07519535 -0.26660159 -0.07324219
v -0.03222653 -0.26660159 -0.08496094
v -0.03808590 -0.31933597 -0.13574219
v -0.03808590 -0.31933597 -0.13574219
v -0.14550778 -0.33691409 -0.09667969
v -0.14550778 -0.33691409 -0.09667969
v -0.15332028 -0.35058597 -0.16699219
v -0.27441403 -0.38964847 -0.18261719
v -0.34472653 -0.42089847 -0.26074219
v -0.34472653 -0.42089847 -0.26074219
v -0.35644528 -0.42871097 -0.26660156
v -0.35644528 -0.42871097 -0.26660156
v -0.35644528 -0.42871097 -0.26660156
v -0.35644528 -0.42871097 -0.26660156
v -0.35839841 -0.44042972 -0.26855469
v -0.35839841 -0.44042972 -0.26855469
v -0.35839841 -0.44042972 -0.26855469
v -0.35839841 -0.44042972 -0.26855469
v 0.37597659 -0.43652347 -0.28222656
v 0.37597659 -0.43652347 -0.28222656
v 0.37402347 -0.42480472 -0.28222656
v 0.37402347 -0.42480472 -0.28222656
v 0.36035159 -0.41699222 -0.27441406
v 0.36035159 -0.41699222 -0.27441406
v 0.43261722 -0.41699222 -0.19824219
v 0.43261722 -0.41699222 -0.19824219
v 0.46972659 -0.41699222 -0.11425781
v 0.46972659 -0.41699222 -0.11425781
v 0.30957034 -0.37011722 -0.12988281
v 0.18652347 -0.33886722 -0.12011719
v 0.18652347 -0.33886722 -0.12011719
v 0.21191409 -0.31347659 -0.00488281
v 0.21191409 -0.31347659 -0.00488281
v 0.15917972 -0.26660159 0.00292969
v 0.15917972 -0.26660159 0.00292969
v 0.15917972 -0.26660159 0.00292969
v 0.15917972 -0.26660159 0.00292969
v 0.08300785 -0.26660159 0.08691406
v 0.08300785 -0.26660159 0.08691406
v -0.02050778 -0.32128909 0.15722656
v -0.02050778 -0.32128909 0.15722656
v -0.02050778 -0.32128909 0.15722656
v 0.08691410 -0.33691409 0.13574219
v 0.08691410 -0.33691409 0.13574219
v -0.02246090 -0.26660159 0.11816407
v -0.02246090 -0.26660159 0.11816407
v -0.02246090 -0.11425784 0.06542969
v -0.02246090 -0.11425784 0.06542969
v -0.02246090 -0.11425784 0.06542969
v 0.08496097 0.01660154 0.03613282
v 0.08496097 0.01660154 0.03613282
v 0.08496097 0.01660154 0.03613282
v 0.08496097 0.01660154 0.03613282
v -0.16894528 -0.11425784 0.03027344
v -0.16894528 -0.11425784 0.03027344
v -0.16894528 -0.11425784 0.03027344
v -0.16894528 -0.11425784 0.03027344
v -0.11816403 -0.15332034 -0.01464843
v -0.11816403 -0.15332034 -0.01464843
v -0.13769528 -0.26660159 -0.05566406
v -0.13769528 -0.26660159 -0.05566406
v -0.25488278 -0.34277347 -0.05566406
v -0.25488278 -0.34277347 -0.05566406
v -0.25488278 -0.34277347 -0.05566406
v -0.26660153 -0.36425784 -0.11816406
v -0.36621091 -0.38964847 -0.10644531
v -0.43847653 -0.42089847 -0.15527344
v -0.43847653 -0.42089847 -0.15527344
v -0.43847653 -0.42089847 -0.15527344
v -0.45019528 -0.43066409 -0.15917969
v -0.45019528 -0.43066409 -0.15917969
v -0.45019528 -0.43066409 -0.15917969
v -0.45214841 -0.44042972 -0.15917969
v -0.45214841 -0.44042972 -0.15917969
v 0.44628909 -0.43652347 -0.20410156
v 0.44628909 -0.43652347 -0.20410156
v 0.44628909 -0.43652347 -0.20410156
v 0.44433597 -0.42480472 -0.20214844
v 0.44433597 -0.42480472 -0.20214844
v 0.44433597 -0.42480472 -0.20214844
v 0.48144534 -0.42480472 -0.11621094
v 0.48535159 -0.41699222 -0.02246093
v 0.48535159 -0.41699222 -0.02246093
v 0.31347659 -0.34277347 -0.01074218
v 0.19433597 -0.33886722 0.08496094
v 0.19433597 -0.33886722 0.08496094
v 0.19433597 -0.33886722 0.08496094
v 0.19433597 -0.33886722 0.08496094
v 0.19824222 -0.35058597 0.20996094
v 0.08886722 -0.35253909 0.21777344
v -0.02050778 -0.38378909 0.30957031
v 0.08886722 -0.38378909 0.30175781
v -0.02050778 -0.35839847 0.22558594
v -0.12988278 -0.33691409 0.15332031
v -0.12988278 -0.33691409 0.15332031
v -0.12988278 -0.26855472 0.10449219
v -0.12988278 -0.26855472 0.10449219
v -0.21191403 -0.26855472 0.03417969
v -0.21191403 -0.26855472 0.03417969
v -0.21191403 -0.26855472 0.03417969
v -0.21191403 -0.26855472 0.03417969
v -0.26074216 -0.32128909 0.04003907
v -0.26074216 -0.32128909 0.04003907
v -0.36035153 -0.37597659 -0.02832031
v -0.48730466 -0.42285159 0.01269532
v -0.48730466 -0.42285159 0.01269532
v -0.47558591 -0.42285159 -0.07128906
v -0.47558591 -0.42285159 -0.07128906
v -0.48535153 -0.43066409 -0.07324219
v -0.48535153 -0.43066409 -0.07324219
v -0.48730466 -0.44238284 -0.07324219
v -0.48730466 -0.44238284 -0.07324219
v 0.48535159 -0.43652347 -0.11621094
v 0.48535159 -0.43652347 -0.11621094
v 0.49902347 -0.43652347 -0.02050781
v 0.49902347 -0.43652347 -0.02050781
v 0.49707034 -0.42675784 -0.02050781
v 0.47363284 -0.41894534 0.06933594
v 0.47363284 -0.41894534 0.06933594
v 0.31738284 -0.37207034 0.08105469
v 0.32128909 -0.38183597 0.20019531
v 0.20019534 -0.38378909 0.29394531
v 0.18652347 -0.42089847 0.35253906
v 0.08300785 -0.42089847 0.37792969
v -0.04003903 -0.42089847 0.38574219
v -0.18066403 -0.43066409 0.40136719
v -0.18066403 -0.43066409 0.40136719
v -0.04199215 -0.43066409 0.39746094
v -0.04199215 -0.43066409 0.39746094
v -0.17480466 -0.42285159 0.38964844
v -0.12792966 -0.38574222 0.31738281
v -0.12988278 -0.35253909 0.23339844
v -0.24707028 -0.34472659 0.13183594
v -0.24707028 -0.34472659 0.13183594
v -0.24707028 -0.34472659 0.13183594
v -0.35644528 -0.35644534 0.05175782
v -0.35644528 -0.35644534 0.05175782
v -0.48144528 -0.42285159 0.10253907
v -0.48144528 -0.42285159 0.10253907
v -0.49707028 -0.43066409 0.01464844
v -0.49707028 -0.43066409 0.01464844
v -0.49902341 -0.44238284 0.01464844
v -0.49902341 -0.44238284 0.01464844
v 0.48925784 -0.43652347 0.07324219
v 0.48925784 -0.43652347 0.07324219
v 0.48925784 -0.43652347 0.07324219
v 0.48535159 -0.42675784 0.07324219
v 0.48535159 -0.42675784 0.07324219
v 0.48535159 -0.42675784 0.07324219
v 0.44042972 -0.41894534 0.15527344
v 0.36621097 -0.41894534 0.25097656
v 0.28613284 -0.41894534 0.31347656
v 0.19433597 -0.42871097 0.36425781
v 0.19433597 -0.42871097 0.36425781
v 0.19433597 -0.42871097 0.36425781
v 0.08691410 -0.42871097 0.38964844
v 0.08691410 -0.42871097 0.38964844
v 0.08691410 -0.44042972 0.39160156
v 0.08691410 -0.44042972 0.39160156
v -0.04199215 -0.44042972 0.39941406
v -0.04199215 -0.44042972 0.39941406
v -0.18066403 -0.44238284 0.40332031
v -0.18066403 -0.44238284 0.40332031
v -0.26074216 -0.43066409 0.38769531
v -0.26074216 -0.43066409 0.38769531
v -0.25292966 -0.42285159 0.37597656
v -0.25488278 -0.38378909 0.25683594
v -0.35253903 -0.37792972 0.13574219
v -0.45996091 -0.42285159 0.18261719
v -0.45996091 -0.42285159 0.18261719
v -0.49316403 -0.43066409 0.10644532
v -0.49316403 -0.43066409 0.10644532
v -0.49511716 -0.44238284 0.10644532
v -0.49511716 -0.44238284 0.10644532
v -0.49511716 -0.44238284 0.10644532
v 0.45410159 -0.43847659 0.16308594
v 0.45410159 -0.43847659 0.16308594
v 0.45214847 -0.42675784 0.16308594
v 0.45214847 -0.42675784 0.16308594
v 0.37792972 -0.42675784 0.26074219
v 0.37792972 -0.42675784 0.26074219
v 0.29589847 -0.42871097 0.32324219
v 0.29589847 -0.42871097 0.32324219
v 0.19433597 -0.44042972 0.36621094
v 0.19433597 -0.44042972 0.36621094
v 0.19433597 -0.44042972 0.36621094
v -0.26269528 -0.44238284 0.38964844
v -0.26269528 -0.44238284 0.38964844
v -0.35839841 -0.43066409 0.33105469
v -0.35839841 -0.43066409 0.33105469
v -0.34863278 -0.42285159 0.31933594
v -0.34863278 -0.42285159 0.31933594
v -0.41699216 -0.42285159 0.25292969
v -0.41699216 -0.42285159 0.25292969
v -0.46972653 -0.43066409 0.19042969
v -0.46972653 -0.43066409 0.19042969
v -0.47167966 -0.44238284 0.19042969
v -0.47167966 -0.44238284 0.19042969
v -0.47167966 -0.44238284 0.19042969
v -0.47167966 -0.44238284 0.19042969
v 0.37988284 -0.43847659 0.26074219
v 0.37988284 -0.43847659 0.26074219
v 0.29785159 -0.43847659 0.32519531
v 0.29785159 -0.43847659 0.32519531
v -0.36035153 -0.44238284 0.33105469
v -0.36035153 -0.44238284 0.33105469
v -0.42675778 -0.43261722 0.26269531
v -0.42675778 -0.43261722 0.26269531
v -0.42675778 -0.43261722 0.26269531
v -0.42675778 -0.43261722 0.26269531
v -0.42675778 -0.43261722 0.26269531
v -0.42871091 -0.44238284 0.26464844
v -0.42871091 -0.44238284 0.26464844
v -0.42871091 -0.44238284 0.26464844
vt 0.88972962 0.22694290
vt 0.45718291 0.86995888
vt 0.86258310 0.11371052
vt 0.89711797 0.22938031
vt 0.89317244 0.23721045
vt 0.45142457 0.86354554
vt 0.44845399 0.87072062
vt 0.86884415 0.10836351
vt 0.45661926 0.87842888
vt 0.92653435 0.80978566
vt 0.71839577 0.12509012
vt 0.44443229 0.86989796
vt 0.93704563 0.81804234
vt 0.70939267 0.13369721
vt 0.70860052 0.12565380
vt 0.87647629 0.11788458
vt 0.44463032 0.87783474
vt 0.45087615 0.87842888
vt 0.87173861 0.11421329
vt 0.87681144 0.10946035
vt 0.60117221 0.23585463
vt 0.87796921 0.10094470
vt 0.93051034 0.66276491
vt 0.86919457 0.10214812
vt 0.86258310 0.10443318
vt 0.89419311 0.22052950
vt 0.88631725 0.21906710
vt 0.88235652 0.22938031
vt 0.88578409 0.23477304
vt 0.45535487 0.85740632
vt 0.88333148 0.23721045
vt 0.49887764 0.96964848
vt 0.45276514 0.85498416
vt 0.44627556 0.86190027
vt 0.49767420 0.97906291
vt 0.94455582 0.81456906
vt 0.48824450 0.97839266
vt 0.94280398 0.80552018
vt 0.71973634 0.13287461
vt 0.93436450 0.80839938
vt 0.89879370 0.02875203
vt 0.93246025 0.80317420
vt 0.92677808 0.80343318
vt 0.87786257 0.43561465
vt 0.72459590 0.12490737
vt 0.87402362 0.43125778
vt 0.72459590 0.11818928
vt 0.86856997 0.43218702
vt 0.71900517 0.11663544
vt 0.70937741 0.11684871
vt 0.61011440 0.24008960
vt 0.88129014 0.11072475
vt 0.88129014 0.10144740
vt 0.60403615 0.23427033
vt 0.87399316 0.09631360
vt 0.59541386 0.23267078
vt 0.93696946 0.66259730
vt 0.93183565 0.65746355
vt 0.86735129 0.09750187
vt 0.86265928 0.09715146
vt 0.92953539 0.65130913
vt 0.88881558 0.21411610
vt 0.93023610 0.64315903
vt 0.68864429 0.46745312
vt 0.88095498 0.21510631
vt 0.68864429 0.47586215
vt 0.87845665 0.22249466
vt 0.87795395 0.23084277
vt 0.68792832 0.48305249
vt 0.81660771 0.89279425
vt 0.49835971 0.96131563
vt 0.80940211 0.89264196
vt 0.48982882 0.96131563
vt 0.49074283 0.97065389
vt 0.48309550 0.97225344
vt 0.90286112 0.01647359
vt 0.94455582 0.79825372
vt 0.93957442 0.80014271
vt 0.90165764 0.02189684
vt 0.93067789 0.79944193
vt 0.89457393 0.02760947
vt 0.88273734 0.43314677
vt 0.88707894 0.02875203
vt 0.87746644 0.42929262
vt 0.87260693 0.42194998
vt 0.71799970 0.10971934
vt 0.86468536 0.42533183
vt 0.61101317 0.22889280
vt 0.86566031 0.41599357
vt 0.65532815 0.25015914
vt 0.60470641 0.22187006
vt 0.59817117 0.22822255
vt 0.94286489 0.66276491
vt 0.93917835 0.65499568
vt 0.93593353 0.64795768
vt 0.68638974 0.45969915
vt 0.68279457 0.46763593
vt 0.68351054 0.47615159
vt 0.81660771 0.88447666
vt 0.80783308 0.88519263
vt 0.48250139 0.96526116
vt 0.80097789 0.89271814
vt 0.89967728 0.01021254
vt 0.89722461 0.01586425
vt 0.88940972 0.01851493
vt 0.88093978 0.02111989
vt 0.87748170 0.41948211
vt 0.87208897 0.41800445
vt 0.87099212 0.41008288
vt 0.65557188 0.24278599
vt 0.59320498 0.22187006
vt 0.64589846 0.24254227
vt 0.94312388 0.65389884
vt 0.94027519 0.64596206
vt 0.64527386 0.23413324
vt 0.68166727 0.45899838
vt 0.67344105 0.47107875
vt 0.80719322 0.87847459
vt 0.80198330 0.88484228
vt 0.89221275 0.00555104
vt 0.79822057 0.88254195
vt 0.88896793 0.00873488
vt 0.88301152 0.01178163
vt 0.88273734 0.41351050
vt 0.87595832 0.41256601
vt 0.66133022 0.24164349
vt 0.67344105 0.46190804
vt 0.65433794 0.23372191
vt 0.80489296 0.87020266
vt 0.80134350 0.87810898
vt 0.88572317 0.00521588
vt 0.88124442 0.40907747
vt 0.88043708 0.00829309
vt 0.79881471 0.87305135
vt 0.66133022 0.23390472
vt 0.57353818 0.11336017
vt 0.88756645 0.86182410
vt 0.54704672 0.07332593
vt 0.51756948 0.24324298
vt 0.57521391 0.11392385
vt 0.88950109 0.86330175
vt 0.88995814 0.86595243
vt 0.54776269 0.07116270
vt 0.54704672 0.06839019
vt 0.88895273 0.86883163
vt 0.51660973 0.24839199
vt 0.51756948 0.25303829
vt 0.88639343 0.87381303
vt 0.35941282 0.06182444
vt 0.58040863 0.10492069
vt 0.35880345 0.05626410
vt 0.58129215 0.09963459
vt 0.88116825 0.86290568
vt 0.57146639 0.10772371
vt 0.58222145 0.09456176
vt 0.35941282 0.05117607
vt 0.87991911 0.88211542
vt 0.00396404 0.14952505
vt 0.89135963 0.83447957
vt 0.06406113 0.03160071
vt 0.35737148 0.02695441
vt 0.00431442 0.14708769
vt 0.06613292 0.03088474
vt 0.06523412 0.03240812
vt 0.89085692 0.83592677
vt 0.89129871 0.83856219
vt 0.06470095 0.02182066
vt 0.35798085 0.03163117
vt 0.06613292 0.03451037
vt 0.06180654 0.01833212
vt 0.88784063 0.84139568
vt 0.88791680 0.83417487
vt 0.00396404 0.14605176
vt 0.35798085 0.02617753
vt 0.06180654 0.02444088
vt 0.88473296 0.81656468
vt 0.44501117 0.36851001
vt 0.68864429 0.49808818
vt 0.66708857 0.64440823
vt 0.60763133 0.49149197
vt 0.88188428 0.81293905
vt 0.44568145 0.36398560
vt 0.44568145 0.37236416
vt 0.88717037 0.81976378
vt 0.68795878 0.50634485
vt 0.68864429 0.51181376
vt 0.88953161 0.82483661
vt 0.66527575 0.65537649
vt 0.66708857 0.65845370
vt 0.88947064 0.82891923
vt 0.51516253 0.10182822
vt 0.60958123 0.50893462
vt 0.60958123 0.48795772
vt 0.49944130 0.10495114
vt 0.87795395 0.81091297
vt 0.49406379 0.09873581
vt 0.86917931 0.81005985
vt 0.49692774 0.10316879
vt 0.87454158 0.80964851
vt 0.86418265 0.81499559
vt 0.49488643 0.09175873
vt 0.51756948 0.09722763
vt 0.88791680 0.83417487
vt 0.86529469 0.80710453
vt 0.49066669 0.09776086
vt 0.86284208 0.80705881
vt 0.48946321 0.09593278
vt 0.86623919 0.80830801
vt 0.49199200 0.09771514
vt 0.86038947 0.80701309
vt 0.48825973 0.09410471
vt 0.49488643 0.09175873
vt 0.86418265 0.81499559
vt 0.85883564 0.81225353
vt 0.49066669 0.08948892
vt 0.83828533 0.81068444
vt 0.42176449 0.14807785
vt 0.83583266 0.81063873
vt 0.42130747 0.14592987
vt 0.83971727 0.81360930
vt 0.48187682 0.07402664
vt 0.55781698 0.03882152
vt 0.42411047 0.14807785
vt 0.83287734 0.81202501
vt 0.42177972 0.14271557
vt 0.42411047 0.13758183
vt 0.55527294 0.02780753
vt 0.82838339 0.81552875
vt 0.48609656 0.06803983
vt 0.83862042 0.82150042
vt 0.82541281 0.82006842
vt 0.55781698 0.02401429
vt 0.47873867 0.05893004
vt 0.84664863 0.86381972
vt 0.88784063 0.84139568
vt 0.56147307 0.12652212
vt 0.57794076 0.56542128
vt 0.57146639 0.10772371
vt 0.88116825 0.86290568
vt 0.88116825 0.86290568
vt 0.87991911 0.88211542
vt 0.58222145 0.09456176
vt 0.84664863 0.86381972
vt 0.58369911 0.08817881
vt 0.87591261 0.88732535
vt 0.58330303 0.08310598
vt 0.87146437 0.88988465
vt 0.95721507 0.49168998
vt 0.58216047 0.07670778
vt 0.86555368 0.89265716
vt 0.95849472 0.48232126
vt 0.85624588 0.89419580
vt 0.95873845 0.47103304
vt 0.84498817 0.89424151
vt 0.95893651 0.45729226
vt 0.83127779 0.89424151
vt 0.56631738 0.12577569
vt 0.89119208 0.84674269
vt 0.56912041 0.11940795
vt 0.88813007 0.85315609
vt 0.57146639 0.10772371
vt 0.88116825 0.86290568
vt 0.88784063 0.84139568
vt 0.56147307 0.12652212
vt 0.88791680 0.83417487
vt 0.86418265 0.81499559
vt 0.49066669 0.08948892
vt 0.85883564 0.81225353
vt 0.48556337 0.08802646
vt 0.85300112 0.80780530
vt 0.48501495 0.08086663
vt 0.84757787 0.81229925
vt 0.83862042 0.82150042
vt 0.48609656 0.06803983
vt 0.47873867 0.05893004
vt 0.82541281 0.82006842
vt 0.47943941 0.05382675
vt 0.82190901 0.82383114
vt 0.48102373 0.04791605
vt 0.81889278 0.82931530
vt 0.48260802 0.04200536
vt 0.93134820 0.27520341
vt 0.81587648 0.83478421
vt 0.93305439 0.28222615
vt 0.96467960 0.49600118
vt 0.81523663 0.84218782
vt 0.96324766 0.48762262
vt 0.81461209 0.85180032
vt 0.81544995 0.86432242
vt 0.96271443 0.47706562
vt 0.96306485 0.46434546
vt 0.81770450 0.87976944
vt 0.93134820 0.33210140
vt 0.51756948 0.00795794
vt 0.57362962 0.49165952
vt 0.56147307 0.04205108
vt 0.95721507 0.44702470
vt 0.82097977 0.89235252
vt 0.96467960 0.45416933
vt 0.57362962 0.56788915
vt 0.51756948 0.09722763
vt 0.49488643 0.09175873
vt 0.02774390 0.45311821
vt 0.02874933 0.44856328
vt 0.94837952 0.72234404
vt 0.94748074 0.73114908
vt 0.02874933 0.45861757
vt 0.95069504 0.73469853
vt 0.95511281 0.73769963
vt 0.95182234 0.71967810
vt 0.96094733 0.74015224
vt 0.95732170 0.71748447
vt 0.96320194 0.71631145
vt 0.97267729 0.71841371
vt 0.04862935 0.06199199
vt 0.05032030 0.06019443
vt 0.53962791 0.28871572
vt 0.04838561 0.06328690
vt 0.95456439 0.75115103
vt 0.54057240 0.29471779
vt 0.05032030 0.06613559
vt 0.54057240 0.28672010
vt 0.95523471 0.74364078
vt 0.95837283 0.75442624
vt 0.96361327 0.75715309
vt 0.95870799 0.74226975
vt 0.96824431 0.75884402
vt 0.97612011 0.76047409
vt 0.98480338 0.76053500
vt 0.98480338 0.72200882
vt 0.71470922 0.87966281
vt 0.71364290 0.87728631
vt 0.71650684 0.88130802
vt 0.71982777 0.88274002
vt 0.71309447 0.87352359
vt 0.72287452 0.88228297
vt 0.71248513 0.86852694
vt 0.71318585 0.86266196
vt 0.72742939 0.88159752
vt 0.71388662 0.85679698
vt 0.73352289 0.88068348
vt 0.71640021 0.85257721
vt 0.72113788 0.84741300
vt 0.72768837 0.84387875
vt 0.75053900 0.85768050
vt 0.77518719 0.88130802
vt 0.78353524 0.87943429
vt 0.78228611 0.88155180
vt 0.78246891 0.87705785
vt 0.78076273 0.88178027
vt 0.77850813 0.88274002
vt 0.78118926 0.87402630
vt 0.77832532 0.87000459
vt 0.77035809 0.86289048
vt 0.77803588 0.84575248
vt 0.78097600 0.83379400
vt 0.78179860 0.82220113
vt 0.77890420 0.81303042
vt 0.77390754 0.80424058
vt 0.72554040 0.83397681
vt 0.76693046 0.79828417
vt 0.72416937 0.82459283
vt 0.75870425 0.79443002
vt 0.72532713 0.81610763
vt 0.74928981 0.79392731
vt 0.72808444 0.80864310
vt 0.73408657 0.80134618
vt 0.74115497 0.79645610
vt 0.37035063 0.92138803
vt 0.77332866 0.15211481
vt 0.36632892 0.91892016
vt 0.77284116 0.14768177
vt 0.77491295 0.15670013
vt 0.37403721 0.92490697
vt 0.35868159 0.91756433
vt 0.77491295 0.14071995
vt 0.95174617 0.14664590
vt 0.94292581 0.13765800
vt 0.94383985 0.10134077
vt 0.01669944 0.09239852
vt 0.02326518 0.43072462
vt 0.45102850 0.31668484
vt 0.00733070 0.11788458
vt 0.00992043 0.40811771
vt 0.02471239 0.43040466
vt 0.44958130 0.34316111
vt 0.45111990 0.34332865
vt 0.01822282 0.09248996
vt 0.02120863 0.07372200
vt 0.03036410 0.44809103
vt 0.03255776 0.44830436
vt 0.44834736 0.36106074
vt 0.45142457 0.36142635
vt 0.41417807 0.10297078
vt 0.02361556 0.07328022
vt 0.41692016 0.11992592
vt 0.65852720 0.84270573
vt 0.02588539 0.05647743
vt 0.02201602 0.05754375
vt 0.03258823 0.46426928
vt 0.41417807 0.12076378
vt 0.44834736 0.37522811
vt 0.03593965 0.46544230
vt 0.65540427 0.84366548
vt 0.65989822 0.85525835
vt 0.02356986 0.04272133
vt 0.01971572 0.04378772
vt 0.03136953 0.47893935
vt 0.03472095 0.48011237
vt 0.65677536 0.85621810
vt 0.65983731 0.86974561
vt 0.38910335 0.74057877
vt 0.01747636 0.03074759
vt 0.01493233 0.03307837
vt 0.02740876 0.49124825
vt 0.03050121 0.49371612
vt 0.65764368 0.86968470
vt 0.38910335 0.75489849
vt 0.65934986 0.88406533
vt 0.02282340 0.50581169
vt 0.65715617 0.88400441
vt 0.00992043 0.51083881
vt 0.43705916 0.01089805
vt 0.44999260 0.37896037
vt 0.65540427 0.89698356
vt 0.01308905 0.51469296
vt 0.44999260 0.38386565
vt 0.65848154 0.89710546
vt 0.44705248 0.38286018
vt 0.43248904 0.01293939
vt 0.39190635 0.76772529
vt 0.00733070 0.02434945
vt 0.39248523 0.75433487
vt 0.43248904 0.00174260
vt 0.01898450 0.50281060
vt 0.85249835 0.06813121
vt 0.44481313 0.00136173
vt 0.85028946 0.07800269
vt 0.83267927 0.06919760
vt 0.38098377 0.50418168
vt 0.84258121 0.08568048
vt 0.77786833 0.23321921
vt 0.83269453 0.08785892
vt 0.90794915 0.57258117
vt 0.82283831 0.08566523
vt 0.43274802 0.04538727
vt 0.81625730 0.07797223
vt 0.81407887 0.06810075
vt 0.02588539 0.48737884
vt 0.81625730 0.05931085
vt 0.31503692 0.57794344
vt 0.82285351 0.05164832
vt 0.43963367 0.10783035
vt 0.83270973 0.04945463
vt 0.43963367 0.07487977
vt 0.25894633 0.62728548
vt 0.82495576 0.01761615
vt 0.31916526 0.56479669
vt 0.82067508 0.03737432
vt 0.27028021 0.64414924
vt 0.39967558 0.72932106
vt 0.18321942 0.91674173
vt 0.18321942 0.90065491
vt 0.81289065 0.02308506
vt 0.31503692 0.54683614
vt 0.80640107 0.04284322
vt 0.19839221 0.91506600
vt 0.08625668 0.73753202
vt 0.25515312 0.58132529
vt 0.26884824 0.56286204
vt 0.02588539 0.45084834
vt 0.78324580 0.04610324
vt 0.02085825 0.47359234
vt 0.26884824 0.58370179
vt 0.07396305 0.73101199
vt 0.80201375 0.05602038
vt 0.06363458 0.72586298
vt 0.80090171 0.06808549
vt 0.42833021 0.05786365
vt 0.80201375 0.08124745
vt 0.05466191 0.71685988
vt 0.50644881 0.94635612
vt 0.51469028 0.96611428
vt 0.78324580 0.09220052
vt 0.43274802 0.07906902
vt 0.80638587 0.09442466
vt 0.49506924 0.95432335
vt 0.47785512 0.96611428
vt 0.90794915 0.59520328
vt 0.81287545 0.11416757
vt 0.82065988 0.09882718
vt 0.91293061 0.58233070
vt 0.48103896 0.94937235
vt 0.65989822 0.66276491
vt 0.94598782 0.31545091
vt 0.94598782 0.33785975
vt 0.77786833 0.26021338
vt 0.82494056 0.12076378
vt 0.78210330 0.24333441
vt 0.93437970 0.31901562
vt 0.64801592 0.66031224
vt 0.83270973 0.09993923
vt 0.37581953 0.51566792
vt 0.84479010 0.09884244
vt 0.63720000 0.65502614
vt 0.96467960 0.43220228
vt 0.96467960 0.44999528
vt 0.85347331 0.11421329
vt 0.38098377 0.53338474
vt 0.86017621 0.09447032
vt 0.94924784 0.43617827
vt 0.93093687 0.44438928
vt 0.44481313 0.03451037
vt 0.87984294 0.09229189
vt 0.44999260 0.01520920
vt 0.93879747 0.42705327
vt 0.86457872 0.08130836
vt 0.93206418 0.41573459
vt 0.51231384 0.17377716
vt 0.86456347 0.06814647
vt 0.86457872 0.05606610
vt 0.52331257 0.16919184
vt 0.92968774 0.22439885
vt 0.51612222 0.19630784
vt 0.92968774 0.20593560
vt 0.87985814 0.04619461
vt 0.51089710 0.17843872
vt 0.51089710 0.20846438
vt 0.85028946 0.05934137
vt 0.24153416 0.74903351
vt 0.84259647 0.05166352
vt 0.25894633 0.64839947
vt 0.44280228 0.09744090
vt 0.83272499 0.03738952
vt 0.53626126 0.57683134
vt 0.38881391 0.73334277
vt 0.52331257 0.20558518
vt 0.96053600 0.40030283
vt 0.65989822 0.63148999
vt 0.48940226 0.91873735
vt 0.08625668 0.70016372
vt 0.18771337 0.95030165
vt 0.39967558 0.76772529
vt 0.52511013 0.60670471
vt 0.62251467 0.32204711
vt 0.93584216 0.25878143
vt 0.86017621 0.04290414
vt 0.94312388 0.22098655
vt 0.60624504 0.28774077
vt 0.23568439 0.57724267
vt 0.25158843 0.56391317
vt 0.24153416 0.71753013
vt 0.85350382 0.02313077
vt 0.84482056 0.03740478
vt 0.23608048 0.73562783
vt 0.25158843 0.58082259
vt 0.62251467 0.28743607
vt 0.52511013 0.57241356
vt 0.35959560 0.71871841
vt 0.82201564 0.97365493
vt 0.71432841 0.28662866
vt 0.36450088 0.72458339
vt 0.81513000 0.97906291
vt 0.81349999 0.97031879
vt 0.80960017 0.97785944
vt 0.52779126 0.56542128
vt 0.71463305 0.29231089
vt 0.02640333 0.97475177
vt 0.72051328 0.28563851
vt 0.71809113 0.27959073
vt 0.02069068 0.96926761
vt 0.36805034 0.71724069
vt 0.35470557 0.98015976
vt 0.36188066 0.71218312
vt 0.35211584 0.97287804
vt 0.55039817 0.96258003
vt 0.35467511 0.70863366
vt 0.35333455 0.71524513
vt 0.55638504 0.96561152
vt 0.82235080 0.96622092
vt 0.55490732 0.97063869
vt 0.81953257 0.96140701
vt 0.55638504 0.97761571
vt 0.28466088 0.63989902
vt 0.69152349 0.54423118
vt 0.81121492 0.96140701
vt 0.68989348 0.55195463
vt 0.80534995 0.96763766
vt 0.53193486 0.56932116
vt 0.80538040 0.97365493
vt 0.69152349 0.55763686
vt 0.06098391 0.58082259
vt 0.68593270 0.56069887
vt 0.63689530 0.00913095
vt 0.06756489 0.58082259
vt 0.53193486 0.55989146
vt 0.06736685 0.57390648
vt 0.63601178 0.01581854
vt 0.72161013 0.29328585
vt 0.62891281 0.01552910
vt 0.29870635 0.98017502
vt 0.72745985 0.29313350
vt 0.72745985 0.28547090
vt 0.29119614 0.98049492
vt 0.03162850 0.96795756
vt 0.93367898 0.96093476
vt 0.02615959 0.96355498
vt 0.36805034 0.70819187
vt 0.02094966 0.96021879
vt 0.93332857 0.95442998
vt 0.36274898 0.98049492
vt 0.93946779 0.94708729
vt 0.36014402 0.97202492
vt 0.29185119 0.85882306
vt 0.54162353 0.96794230
vt 0.35959560 0.96516979
vt 0.35211584 0.96582484
vt 0.54860055 0.96978557
vt 0.54888999 0.97693020
vt 0.28466088 0.63216031
vt 0.27835411 0.63796437
vt 0.68454641 0.54485571
vt 0.68224615 0.55329525
vt 0.27204734 0.64264107
vt 0.32490841 0.03018397
vt 0.63643831 0.00134653
vt 0.31815985 0.02655834
vt 0.30766380 0.97179645
vt 0.62891281 0.00320500
vt 0.62914133 0.00875008
vt 0.30493698 0.97703683
vt 0.29610139 0.97517830
vt 0.03108009 0.96021879
vt 0.28955090 0.97325885
vt 0.94033611 0.96180308
vt 0.94170713 0.95365304
vt 0.36660314 0.97304559
vt 0.36605471 0.96619040
vt 0.94743502 0.95208400
vt 0.29354212 0.96148318
vt 0.28450853 0.85995036
vt 0.54189771 0.97507167
vt 0.29185119 0.86580008
vt 0.27987745 0.62597537
vt 0.32490841 0.01973361
vt 0.27238247 0.63272393
vt 0.28671741 0.87410247
vt 0.30766380 0.96242768
vt 0.30129611 0.97100431
vt 0.94743502 0.95845169
vt 0.29466942 0.96710443
vt 0.28449330 0.86765862
vt 0.30129611 0.96163553
vt 0.85397607 0.64050841
vt 0.04389166 0.46039993
vt 0.82091886 0.22936505
vt 0.44424948 0.13063520
vt 0.84195662 0.64061499
vt 0.82235080 0.24153686
vt 0.81825292 0.24153686
vt 0.05032030 0.47097212
vt 0.66364574 0.23527575
vt 0.51983929 0.00207776
vt 0.44030395 0.13037628
vt 0.44030395 0.14807785
vt 0.53391528 0.01097423
vt 0.82842904 0.65199459
vt 0.04389166 0.48593163
vt 0.83270973 0.65240592
vt 0.57874817 0.45442832
vt 0.66364574 0.25159109
vt 0.66852057 0.25099701
vt 0.58356202 0.45541847
vt 0.53038102 0.01300031
vt 0.54057240 0.02831024
vt 0.82414842 0.66965055
vt 0.82884037 0.66955912
vt 0.57909852 0.47063696
vt 0.58298314 0.47117019
vt 0.53618509 0.02928519
vt 0.54054195 0.04796177
vt 0.82693619 0.68918014
vt 0.83146060 0.68770254
vt 0.57832158 0.48900884
vt 0.58369911 0.48955727
vt 0.53566712 0.04765707
vt 0.53603274 0.06557196
vt 0.83488816 0.70633334
vt 0.83798063 0.70471859
vt 0.57853484 0.50689328
vt 0.58319640 0.50610113
vt 0.53213292 0.06368297
vt 0.53030485 0.07820070
vt 0.84294683 0.71845937
vt 0.84646583 0.71635711
vt 0.57868719 0.51982671
vt 0.52640504 0.07629651
vt 0.58276987 0.51946115
vt 0.07353652 0.03123510
vt 0.48737618 0.11063331
vt 0.85088360 0.72746253
vt 0.52373910 0.08769131
vt 0.07763439 0.04253852
vt 0.48428375 0.10751045
vt 0.51983929 0.08580232
vt 0.48428375 0.11214149
vt 0.07353652 0.04456460
vt 0.57832158 0.53050554
vt 0.85397607 0.72586298
vt 0.88281351 0.60268301
vt 0.83764547 0.56932116
vt 0.30726773 0.85283619
vt 0.89998192 0.59690940
vt 0.83764547 0.55139101
vt 0.84104258 0.56388271
vt 0.88937926 0.60221076
vt 0.59832346 0.65661043
vt 0.31256905 0.86334747
vt 0.13514175 0.90396059
vt 0.88660669 0.59470057
vt 0.31933284 0.85915816
vt 0.68964976 0.54043794
vt 0.13011461 0.91005409
vt 0.27603856 0.58225453
vt 0.87810630 0.59864604
vt 0.69728184 0.52962202
vt 0.27603856 0.56115586
vt 0.13011461 0.89192593
vt 0.44711342 0.79543549
vt 0.88061982 0.58854610
vt 0.27060011 0.57340378
vt 0.69728184 0.54343903
vt 0.32778758 0.85800040
vt 0.35729530 0.68363512
vt 0.44097424 0.80222970
vt 0.80941737 0.02587283
vt 0.87347525 0.59570599
vt 0.36660314 0.66905642
vt 0.80941737 0.00174260
vt 0.44097424 0.77812994
vt 0.80443591 0.01775324
vt 0.36660314 0.68462527
vt 0.86203468 0.72156709
vt 0.87161672 0.58594114
vt 0.86674190 0.59401500
vt 0.86768639 0.71800238
vt 0.86514241 0.58754069
vt 0.23481607 0.63599920
vt 0.85757118 0.58920115
vt 0.87419122 0.71376741
vt 0.22427434 0.64172709
vt 0.23722301 0.62813854
vt 0.86034375 0.59671140
vt 0.22427434 0.65845370
vt 0.85226989 0.57736456
vt 0.23722301 0.65271056
vt 0.32961562 0.62050653
vt 0.85126442 0.59297913
vt 0.21872926 0.64175755
vt 0.88129014 0.71183276
vt 0.69648969 0.22866434
vt 0.33928904 0.62050653
vt 0.63145685 0.64442348
vt 0.85530138 0.60259163
vt 0.70159298 0.24348676
vt 0.63145685 0.66133291
vt 0.33106282 0.63689798
vt 0.63544810 0.64942014
vt 0.68867475 0.23686010
vt 0.84881181 0.60419118
vt 0.85377800 0.61150336
vt 0.68495774 0.24101889
vt 0.84814155 0.60973620
vt 0.02730212 0.06142837
vt 0.84881181 0.61851084
vt 0.67782837 0.24624407
vt 0.03019653 0.05559385
vt 0.92191851 0.57156050
vt 0.85537755 0.61800814
vt 0.68095130 0.25878143
vt 0.92191851 0.58944488
vt 0.03019653 0.07475787
vt 0.67488825 0.12254614
vt 0.85159957 0.62600589
vt 0.92874324 0.57683134
vt 0.67089701 0.24973255
vt 0.32778758 0.90534687
vt 0.37236148 0.57929921
vt 0.68002200 0.11611748
vt 0.88025427 0.02506542
vt 0.86010003 0.62204510
vt 0.37236148 0.59232408
vt 0.88025427 0.04456460
vt 0.68002200 0.13226521
vt 0.85757118 0.63217556
vt 0.88704848 0.03329164
vt 0.36504927 0.58193469
vt 0.31936333 0.90648943
vt 0.82647914 0.72536027
vt 0.86473107 0.62500048
vt 0.30662790 0.91724443
vt 0.82647914 0.74903351
vt 0.86102927 0.64839947
vt 0.83097309 0.73363221
vt 0.31141129 0.90217829
vt 0.86649817 0.63371414
vt 0.30653650 0.89776051
vt 0.87304866 0.63319618
vt 0.87146437 0.62667614
vt 0.86919457 0.61139667
vt 0.88450444 0.61025417
vt 0.59360105 0.66500425
vt 0.60034955 0.66501945
vt 0.30589670 0.86907536
vt 0.67089701 0.22413993
vt 0.88129014 0.73322093
vt 0.36209396 0.70733881
vt 0.32694972 0.88184124
vt 0.88063508 0.63153571
vt 0.30161601 0.89175838
vt 0.00574639 0.73765391
vt 0.28860641 0.89629805
vt 0.52762371 0.85510600
vt 0.00186178 0.72458339
vt 0.00186178 0.74615431
vt 0.52762371 0.87554967
vt 0.87784731 0.62397981
vt 0.88290489 0.61806905
vt 0.77060181 0.01868248
vt 0.59180343 0.67283440
vt 0.60094368 0.67283440
vt 0.76569653 0.01098949
vt 0.30157030 0.87547350
vt 0.51964122 0.86790234
vt 0.29812747 0.88415676
vt 0.88803869 0.62765110
vt 0.89998192 0.62559456
vt 0.28985557 0.87530595
vt 0.77060181 0.00096565
vt 0.54134929 0.88653320
vt 0.90721798 0.10711432
vt 0.95811385 0.14998209
vt 0.97304291 0.15048480
vt 0.57312691 0.90485942
vt 0.97375894 0.16245848
vt 0.31104571 0.94100904
vt 0.98359990 0.16037148
vt 0.31002504 0.93200594
vt 0.98404169 0.15127695
vt 0.55574518 0.89998460
vt 0.97388077 0.13848060
vt 0.95931733 0.13662207
vt 0.55333829 0.88520789
vt 0.91436255 0.08348680
vt 0.55131221 0.86432242
vt 0.54141027 0.86541927
vt 0.90453684 0.08784366
vt 0.95846426 0.16329634
vt 0.89402556 0.10926229
vt 0.57644784 0.92039782
vt 0.58286124 0.90182787
vt 0.97599828 0.17252803
vt 0.98768252 0.16873479
vt 0.58299834 0.89169747
vt 0.31861687 0.94871736
vt 0.32105425 0.93956184
vt 0.31797704 0.93132043
vt 0.31104571 0.92222583
vt 0.98564124 0.14161873
vt 0.31464085 0.91619331
vt 0.36948231 0.56130815
vt 0.98768252 0.13595182
vt 0.97872514 0.12949270
vt 0.35898626 0.56414163
vt 0.56764275 0.89923817
vt 0.34363064 0.56500995
vt 0.56674397 0.88424814
vt 0.56380385 0.86354554
vt 0.55985832 0.84361976
vt 0.55126649 0.84377211
vt 0.90657812 0.06415522
vt 0.90001237 0.06744570
vt 0.89116162 0.06837493
vt 0.89244121 0.08983928
vt 0.58529866 0.93902868
vt 0.88151866 0.08874243
vt 0.59561187 0.93567723
vt 0.58814734 0.91639131
vt 0.03781340 0.85210496
vt 0.60076088 0.91177553
vt 0.59408849 0.89788234
vt 0.32044491 0.95988363
vt 0.33339357 0.95374447
vt 0.33377442 0.94535065
vt 0.32041445 0.92221063
vt 0.36835501 0.54193091
vt 0.33275378 0.90824127
vt 0.33339357 0.91617805
vt 0.32274520 0.90964282
vt 0.36748669 0.55200040
vt 0.57938796 0.89705974
vt 0.35692972 0.55267066
vt 0.34154364 0.55244219
vt 0.92586404 0.59852421
vt 0.57938796 0.88187170
vt 0.92586404 0.61692655
vt 0.57554907 0.86136711
vt 0.92328954 0.63753784
vt 0.56828254 0.84203547
vt 0.55544055 0.83038163
vt 0.92580312 0.65479761
vt 0.90238887 0.04971361
vt 0.91975534 0.66133291
vt 0.85540801 0.33854526
vt 0.89608210 0.04358965
vt 0.84992385 0.34072369
vt 0.89064366 0.04555482
vt 0.89131391 0.05272990
vt 0.88256979 0.06846637
vt 0.90216035 0.27860051
vt 0.60423416 0.95174885
vt 0.90825385 0.27433509
vt 0.61244518 0.94912863
vt 0.04888833 0.86835939
vt 0.60741800 0.93141180
vt 0.89841288 0.25629830
vt 0.21763243 0.63832998
vt 0.90871084 0.25130165
vt 0.22715351 0.63238883
vt 0.04888833 0.84436625
vt 0.21763243 0.61366653
vt 0.90322673 0.23279268
vt 0.07044406 0.96219921
vt 0.61244518 0.90728158
vt 0.60531574 0.89238298
vt 0.06901209 0.97862113
vt 0.33406386 0.96180308
vt 0.05577398 0.98625326
vt 0.34341738 0.95234299
vt 0.04838561 0.98600954
vt 0.91125488 0.98317605
vt 0.35022685 0.94862592
vt 0.34340215 0.94291329
vt 0.34571767 0.92094624
vt 0.91125488 0.94891536
vt 0.67571086 0.19606411
vt 0.35138464 0.91416723
vt 0.34251860 0.90927720
vt 0.66899282 0.20127404
vt 0.19121712 0.61820614
vt 0.36948231 0.53257740
vt 0.35715821 0.54057503
vt 0.34175691 0.53928018
vt 0.91329622 0.59663522
vt 0.91389036 0.61576879
vt 0.91477388 0.63645619
vt 0.91469771 0.65351796
vt 0.91367704 0.66012943
vt 0.85542327 0.33194906
vt 0.85000002 0.33415794
vt 0.92228413 0.29328585
vt 0.88618016 0.04409236
vt 0.84558225 0.33853000
vt 0.84448540 0.33304590
vt 0.90609068 0.22715616
vt 0.92761594 0.29167104
vt 0.88151866 0.05030775
vt 0.91835380 0.28704000
vt 0.91596210 0.27026767
vt 0.05811997 0.94123757
vt 0.92034942 0.24859005
vt 0.91600782 0.22921276
vt 0.05958241 0.96140701
vt 0.05766296 0.97685403
vt 0.04635953 0.97668648
vt 0.92147672 0.98625326
vt 0.03558928 0.97801179
vt 0.92478245 0.97746336
vt 0.91475868 0.97470605
vt 0.35510164 0.93975991
vt 0.91373801 0.96565723
vt 0.35408100 0.93075675
vt 0.35510164 0.92099190
vt 0.91404265 0.95599908
vt 0.66899282 0.18704575
vt 0.92066932 0.94324839
vt 0.79666674 0.82940674
vt 0.19121712 0.60355133
vt 0.18455999 0.60975146
vt 0.80737603 0.82936102
vt 0.35991552 0.52750456
vt 0.34451422 0.52620965
vt 0.80941737 0.84505177
vt 0.89922023 0.59907258
vt 0.80857950 0.86587626
vt 0.35366967 0.95747674
vt 0.84535378 0.59089208
vt 0.90267831 0.61753589
vt 0.83852905 0.57223082
vt 0.90601450 0.63811672
vt 0.79259932 0.89710546
vt 0.91724175 0.21827489
vt 0.90464348 0.65581828
vt 0.90936589 0.66110438
vt 0.91468251 0.22479492
vt 0.85213274 0.32865858
vt 0.84777594 0.32865858
vt 0.91072172 0.22513008
vt 0.89851952 0.22257084
vt 0.92702180 0.28349054
vt 0.92371607 0.26912510
vt 0.93162239 0.24868143
vt 0.88467205 0.18940699
vt 0.04582635 0.94102430
vt 0.04631383 0.96114808
vt 0.03406590 0.96253431
vt 0.88889176 0.16495681
vt 0.93831003 0.97804224
vt 0.88416934 0.64716554
vt 0.92689997 0.96509361
vt 0.92467582 0.95318079
vt 0.87601924 0.65414256
vt 0.09015652 0.71164989
vt 0.78565276 0.82936102
vt 0.79727608 0.84496033
vt 0.79643822 0.86578488
vt 0.34197018 0.95747674
vt 0.89941829 0.64047790
vt 0.84535378 0.56849849
vt 0.34222916 0.97761571
vt 0.79596597 0.88435477
vt 0.78696287 0.88452238
vt 0.91654098 0.20246232
vt 0.90986860 0.21592891
vt 0.93162239 0.26822633
vt 0.89295918 0.20739800
vt 0.03406590 0.94230390
vt 0.89420837 0.18386191
vt 0.87601924 0.63407975
vt 0.94024467 0.96462137
vt 0.90246505 0.16285455
vt 0.10351650 0.69771105
vt 0.09012605 0.69771105
vt 0.91536802 0.16241282
vt 0.78382468 0.84467089
vt 0.78399229 0.86560208
vt 0.91724175 0.18150067
vt 0.90912217 0.20298022
vt 0.90040845 0.20444268
vt 0.90636486 0.18221664
vt 0.35366967 0.55976957
vt 0.05319947 0.48305249
vt 0.83577174 0.01175117
vt 0.04605485 0.48903936
vt 0.39967558 0.67857748
vt 0.57794076 0.57172805
vt 0.82963252 0.00177306
vt 0.04335848 0.50505000
vt 0.84678572 0.00123990
vt 0.70387805 0.23104078
vt 0.46006209 0.97475177
vt 0.71452641 0.24082083
vt 0.55493778 0.53050554
vt 0.53050292 0.28735989
vt 0.44165975 0.38226610
vt 0.33497790 0.02168357
vt 0.25877875 0.69152617
vt 0.41548818 0.01857585
vt 0.68661821 0.24234420
vt 0.46006209 0.96003598
vt 0.67787403 0.14664590
vt 0.04599392 0.52005523
vt 0.44715911 0.96760714
vt 0.25877875 0.59070933
vt 0.61518723 0.00314409
vt 0.25131422 0.59806716
vt 0.22130375 0.59232408
vt 0.61518723 0.01293939
vt 0.22130375 0.58150816
vt 0.52453125 0.14139026
vt 0.62096083 0.00421047
vt 0.68290120 0.14071995
vt 0.62251467 0.00210822
vt 0.52130175 0.09919280
vt 0.05751062 0.04313266
vt 0.72348386 0.01437134
vt 0.46437326 0.35515004
vt 0.45893481 0.36372662
vt 0.88234127 0.21277553
vt 0.05894259 0.52762640
vt 0.67787403 0.13334686
vt 0.88704848 0.20330018
vt 0.45893481 0.35347432
vt 0.72177768 0.00908524
vt 0.03784387 0.84966755
vt 0.24153416 0.59520328
vt 0.03784387 0.83697784
vt 0.01532841 0.51472342
vt 0.23615664 0.58446348
vt 0.88234127 0.19729805
vt 0.23394775 0.59520328
vt 0.02300621 0.52229458
vt 0.12939863 0.56213081
vt 0.05729735 0.51220989
vt 0.12248251 0.55812430
vt 0.48771134 0.10783035
vt 0.24129042 0.58735788
vt 0.35654888 0.58524036
vt 0.05888166 0.50331336
vt 0.35645747 0.59623915
vt 0.38386294 0.60894406
vt 0.05435724 0.49338096
vt 0.05894259 0.48335713
vt 0.38386294 0.61963814
vt 0.18833795 0.85850316
vt 0.39967558 0.66526318
vt 0.09920536 0.57794344
vt 0.57292885 0.57172805
vt 0.39513591 0.67677987
vt 0.18833795 0.87123853
vt 0.33209872 0.03163117
vt 0.36660314 0.59081590
vt 0.09026316 0.57424164
vt 0.82081223 0.00244331
vt 0.57506156 0.58082259
vt 0.32915860 0.03163117
vt 0.16704118 0.77497655
vt 0.00431442 0.58729696
vt 0.56087899 0.48337239
vt 0.36576527 0.58790630
vt 0.56500733 0.47801012
vt 0.63133502 0.31601459
vt 0.35936710 0.58581924
vt 0.09920536 0.56848323
vt 0.35936710 0.59520328
vt 0.63977450 0.32286972
vt 0.55892903 0.13523585
vt 0.82596123 0.01121795
vt 0.56212813 0.12929463
vt 0.55350584 0.22351533
vt 0.82081223 0.01552910
vt 0.34823126 0.56405026
vt 0.82914507 0.01332021
vt 0.54799122 0.21950883
vt 0.54480737 0.22715616
vt 0.05319947 0.47273922
vt 0.35366967 0.57075310
vt 0.04894926 0.47985339
vt 0.54480737 0.21873194
vt 0.09775815 0.85378069
vt 0.83179575 0.01517874
vt 0.09248728 0.86116904
vt 0.78065610 0.86548018
vt 0.82852048 0.02454752
vt 0.77686286 0.85961521
vt 0.03593965 0.51551557
vt 0.83484250 0.01932234
vt 0.03031840 0.52331525
vt 0.58944219 0.45287442
vt 0.83657914 0.02875203
vt 0.55493778 0.51938498
vt 0.70387805 0.24440080
vt 0.84567368 0.01629078
vt 0.58181012 0.44055039
vt 0.42698964 0.01651931
vt 0.58607554 0.88487273
vt 0.42599946 0.02732003
vt 0.52331257 0.60094637
vt 0.59232140 0.89279425
vt 0.03473619 0.02300888
vt 0.59232140 0.88171935
vt 0.51717335 0.59144050
vt 0.01005753 0.63040841
vt 0.41189304 0.45127493
vt 0.00612723 0.63832998
vt 0.25015646 0.68864697
vt 0.41189304 0.46004951
vt 0.41405621 0.45282876
vt 0.24573867 0.68227929
vt 0.40974507 0.47085023
vt 0.03738686 0.02300888
vt 0.52654213 0.28938597
vt 0.55102271 0.52782440
vt 0.59166634 0.87789571
vt 0.03630526 0.01933753
vt 0.40758187 0.46789491
vt 0.40700299 0.47874135
vt 0.44165975 0.39391989
vt 0.53050292 0.29904419
vt 0.33302796 0.02550721
vt 0.44568145 0.38433784
vt 0.40547961 0.46847379
vt 0.54742759 0.04456460
vt 0.54776269 0.04721528
vt 0.25877875 0.68561548
vt 0.33497790 0.02732003
vt 0.54358870 0.05463409
vt 0.06756489 0.56644195
vt 0.25599098 0.67748070
vt 0.55493778 0.28646111
vt 0.41094854 0.02192730
vt 0.25305086 0.68846416
vt 0.06176084 0.55687517
vt 0.53193486 0.18372482
vt 0.50606799 0.23865765
vt 0.55455697 0.29616499
vt 0.68661821 0.25590223
vt 0.41548818 0.03018397
vt 0.52500349 0.19408375
vt 0.24880065 0.73314476
vt 0.50606799 0.22549570
vt 0.22858548 0.58670282
vt 0.25131422 0.58886600
vt 0.44679353 0.95988363
vt 0.69726658 0.25014389
vt 0.54706198 0.28646111
vt 0.49979168 0.23323447
vt 0.25303563 0.74228501
vt 0.17500843 0.77640855
vt 0.52453125 0.14952505
vt 0.62199670 0.01022780
vt 0.52907091 0.14501590
vt 0.17928910 0.77122909
vt 0.52907091 0.09919280
vt 0.52584136 0.09049433
vt 0.18545878 0.76414537
vt 0.24316417 0.72202408
vt 0.05751062 0.03219485
vt 0.05604818 0.04191393
vt 0.24727727 0.73098153
vt 0.64498442 0.20255369
vt 0.72500724 0.01325929
vt 0.64819872 0.19862342
vt 0.72305733 0.00850636
vt 0.64620310 0.18977261
vt 0.72745985 0.00090474
vt 0.48064288 0.25346482
vt 0.49599847 0.10563666
vt 0.12939863 0.55411786
vt 0.01532841 0.52331525
vt 0.04600915 0.84317803
vt 0.71507484 0.00090474
vt 0.65800929 0.19370288
vt 0.38817409 0.08769131
vt 0.48880816 0.26021338
vt 0.24410866 0.59663522
vt 0.48771134 0.09830922
vt 0.38361922 0.08408093
vt 0.33785707 0.02168357
vt 0.48106942 0.26006103
vt 0.66277742 0.18581182
vt 0.77858430 0.13646972
vt 0.38817409 0.07794172
vt 0.38403052 0.08307552
vt 0.78210330 0.14116174
vt 0.91989243 0.20601177
vt 0.33688211 0.02133316
vt 0.24872448 0.58735788
vt 0.48064288 0.26453978
vt 0.33688211 0.02587283
vt 0.92443210 0.20704764
vt 0.58139879 0.52834237
vt 0.48161784 0.11099893
vt 0.34952611 0.58846992
vt 0.17252533 0.78353792
vt 0.32929569 0.02101326
vt 0.18009649 0.86398727
vt 0.37763235 0.61183846
vt 0.34952611 0.59663522
vt 0.47473219 0.11502063
vt 0.00574639 0.65820998
vt 0.82611352 0.71829188
vt 0.83385229 0.70909065
vt 0.00108486 0.58158427
vt 0.17252533 0.77098531
vt 0.91989243 0.22570896
vt 0.77858430 0.15814734
vt 0.66277742 0.21134359
vt 0.24316417 0.74903351
vt 0.18545878 0.79216021
vt 0.24880065 0.76053500
vt 0.52500349 0.16794264
vt 0.06756489 0.54062080
vt 0.54358870 0.02878249
vt 0.40974507 0.45310295
vt 0.25015646 0.66418159
vt 0.00612723 0.61365128
vt 0.52331257 0.57606971
vt 0.42599946 0.00166643
vt 0.58944219 0.42770833
vt 0.03031840 0.49755502
vt 0.78065610 0.84374166
vt 0.09248728 0.83745015
vt 0.54642212 0.20095414
vt 0.56212813 0.15526819
vt 0.63133502 0.34072369
vt 0.56500733 0.50319147
vt 0.00108486 0.60813665
vt 0.83385229 0.73608482
vt 0.00148094 0.67714548
vt 0.58657825 0.54631817
vt 0.58657825 0.52040559
vt 0.00148094 0.65045601
vt 0.47473219 0.10644406
vt 0.26252624 0.74399114
vt 0.03961098 0.05096281
vt 0.00088683 0.46457398
vt 0.05752585 0.06037724
vt 0.25984511 0.74543834
vt 0.04025080 0.04788560
vt 0.00143524 0.47011906
vt 0.04025080 0.05318689
vt 0.26485699 0.74397588
vt 0.38095331 0.96366161
vt 0.37501216 0.96756148
vt 0.02865793 0.08194822
vt 0.05894259 0.05926520
vt 0.00143524 0.46282208
vt 0.03019653 0.08004397
vt 0.37292513 0.96690643
vt 0.26833031 0.74496615
vt 0.38180640 0.96040159
vt 0.27576435 0.74880505
vt 0.38241574 0.95235819
vt 0.05752585 0.05592901
vt 0.02865793 0.07815498
vt 0.37280327 0.96452993
vt 0.25964707 0.75013036
vt 0.36841595 0.96308273
vt 0.25859594 0.75442624
vt 0.28371638 0.75447196
vt 0.38192827 0.94280666
vt 0.29073912 0.76178414
vt 0.37879011 0.93349880
vt 0.29436475 0.76603436
vt 0.37708393 0.92824316
vt 0.37403721 0.92490697
vt 0.29565963 0.77031505
vt 0.35868159 0.91756433
vt 0.25503126 0.76342940
vt 0.35868159 0.96108711
vt 0.29352689 0.78685892
vt 0.55301833 0.17856055
vt 0.55350584 0.17481309
vt 0.29859972 0.85643137
vt 0.30495220 0.85128236
vt 0.55350584 0.18258226
vt 0.30684119 0.84739774
vt 0.30851689 0.84227920
vt 0.29479128 0.85685790
vt 0.88078743 0.52258402
vt 0.17644040 0.84610289
vt 0.87981248 0.53353709
vt 0.17187028 0.83612478
vt 0.23623282 0.82105863
vt 0.88063508 0.54310387
vt 0.16992036 0.82675600
vt 0.88333148 0.55151290
vt 0.16967662 0.81817943
vt 0.00862556 0.36585933
vt 0.88869375 0.55772829
vt 0.17382020 0.81041026
vt 0.00787911 0.37464923
vt 0.17966995 0.80343318
vt 0.18874925 0.79625809
vt 0.29352689 0.78685892
vt 0.28985557 0.79056066
vt 0.25503126 0.76342940
vt 0.28534639 0.79385114
vt 0.25160366 0.77569258
vt 0.21278809 0.73836994
vt 0.21744962 0.73833942
vt 0.20946714 0.74063969
vt 0.20614618 0.74289429
vt 0.22325367 0.73932964
vt 0.20334318 0.74699223
vt 0.22984987 0.74275720
vt 0.20081438 0.75169945
vt 0.23807609 0.74903351
vt 0.19976325 0.75599533
vt 0.20008315 0.76251537
vt 0.24447426 0.75716829
vt 0.19625948 0.76295716
vt 0.19775240 0.76253062
vt 0.19443144 0.76480043
vt 0.19310611 0.76847178
vt 0.19354789 0.77235639
vt 0.19533023 0.77846509
vt 0.91724175 0.57506424
vt 0.00862556 0.39967823
vt 0.19889493 0.78477186
vt 0.91724175 0.52206612
vt 0.18504746 0.85685790
vt 0.88586026 0.50983340
vt 0.27331173 0.84576774
vt 0.29477605 0.79909158
vt 0.29840168 0.80335701
vt 0.30280423 0.81007510
vt 0.30623183 0.81903255
vt 0.28153795 0.85204405
vt 0.30909577 0.82820326
vt 0.30906531 0.83615524
vt 0.28898725 0.85586768
vt 0.70803684 0.83673412
vt 0.94083881 0.14617366
vt 0.83927548 0.31296784
vt 0.55793887 0.11599559
vt 0.84465301 0.31443024
vt 0.83964109 0.31482631
vt 0.93905646 0.14586896
vt 0.55926418 0.12076378
vt 0.55717719 0.11971265
vt 0.84140819 0.31634969
vt 0.55926418 0.11369532
vt 0.94038182 0.13898331
vt 0.84651154 0.31286120
vt 0.83851379 0.30926603
vt 0.70876807 0.83301711
vt 0.95174617 0.14664590
vt 0.70803684 0.82453191
vt 0.83846807 0.30105501
vt 0.84774548 0.31005818
vt 0.94292581 0.13765800
vt 0.34547395 0.04421425
vt 0.85985625 0.32922220
vt 0.34785041 0.04889101
vt 0.85446352 0.32775980
vt 0.84756267 0.32151395
vt 0.38258332 0.77014744
vt 0.38529491 0.06037724
vt 0.38168454 0.05730003
vt 0.35079050 0.05175495
vt 0.85070080 0.32533759
vt 0.38529491 0.03093040
vt 0.38674212 0.74188888
vt 0.46348968 0.00405812
vt 0.87705517 0.32014292
vt 0.35079050 0.02533966
vt 0.86648297 0.32788163
vt 0.34526065 0.03752661
vt 0.34650984 0.03131127
vt 0.87233269 0.32547474
vt 0.38674212 0.77058923
vt 0.84702945 0.31718755
vt 0.46214911 0.03419048
vt 0.88054371 0.31497866
vt 0.46868441 0.00134653
vt 0.46868441 0.03451037
vt 0.84774548 0.31005818
vt 0.88930309 0.29750556
vt 0.96467960 0.88423294
vt 0.95174617 0.09594804
vt 0.95762640 0.89256579
vt 0.88410836 0.30672199
vt 0.83846807 0.30105501
vt 0.84774548 0.31005818
vt 0.95096922 0.89902490
vt 0.88054371 0.31497866
vt 0.94292581 0.13765800
vt 0.96467960 0.92729867
vt 0.95174617 0.14664590
vt 0.83846807 0.30105501
vt 0.84375423 0.28611076
vt 0.88930309 0.29750556
vt 0.89169478 0.29762745
vt 0.41212153 0.09626794
vt 0.01581589 0.10926229
vt 0.00787911 0.04025346
vt 0.43472838 0.04025346
vt 0.89454347 0.29650015
vt 0.01459719 0.10662687
vt 0.01581589 0.10402191
vt 0.41231957 0.09037244
vt 0.00862556 0.03723717
vt 0.00787911 0.03385532
vt 0.41405621 0.08737141
vt 0.54587376 0.05425328
vt 0.43561196 0.03403813
vt 0.34073624 0.53481674
vt 0.89711797 0.28780168
vt 0.43472838 0.03091520
vt 0.54776269 0.05181587
vt 0.25556442 0.94603622
vt 0.89711797 0.28780168
vt 0.34032494 0.53224218
vt 0.89696562 0.28533381
vt 0.89582312 0.28240895
vt 0.34073624 0.52922595
vt 0.89586884 0.26847005
vt 0.25925100 0.92739010
vt 0.26149035 0.95749193
vt 0.54776269 0.06325644
vt 0.41405621 0.09776086
vt 0.88930309 0.29750556
vt 0.84523189 0.26054853
vt 0.30693260 0.93224967
vt 0.24008694 0.71049213
vt 0.84165198 0.26880521
vt 0.30909577 0.94126803
vt 0.48018587 0.14909852
vt 0.31773329 0.75319231
vt 0.39391720 0.59476149
vt 0.48000306 0.07427043
vt 0.23448093 0.68168521
vt 0.28237581 0.93841934
vt 0.48592898 0.10373247
vt 0.83894032 0.27505106
vt 0.23448093 0.71308190
vt 0.83846807 0.27892041
vt 0.48247093 0.10560620
vt 0.39391720 0.62682849
vt 0.83862042 0.28138828
vt 0.48000306 0.10638314
vt 0.31773329 0.78496993
vt 0.83999145 0.28370380
vt 0.39149505 0.62583828
vt 0.48018587 0.17970312
vt 0.84075314 0.28477019
vt 0.31620994 0.78474140
vt 0.30504361 0.95749193
vt 0.84375423 0.28611076
vt 0.47803789 0.17721999
vt 0.88930309 0.29750556
vt 0.26149035 0.95749193
vt 0.25925100 0.92739010
vt 0.89586884 0.26847005
vt 0.30118945 0.91582769
vt 0.85374755 0.24635071
vt 0.89670670 0.24696004
vt 0.26171887 0.90542305
vt 0.96598971 0.24988490
vt 0.28164458 0.90204114
vt 0.27285472 0.90431100
vt 0.26171887 0.90542305
vt 0.97330189 0.23050761
vt 0.97330189 0.27171487
vt 0.30118945 0.91582769
vt 0.02443818 0.90050256
vt 0.05680987 0.83665800
vt 0.02625100 0.89716637
vt 0.05284910 0.83673412
vt 0.02052311 0.90286380
vt 0.06160850 0.83327609
vt 0.02721072 0.89258099
vt 0.04826374 0.83546972
vt 0.01618150 0.90260482
vt 0.60958123 0.43849379
vt 0.06425916 0.82847744
vt 0.60920036 0.43131870
vt 0.06779339 0.82139373
vt 0.02644903 0.88755387
vt 0.04454671 0.83192027
vt 0.07216547 0.81098914
vt 0.60958123 0.42114258
vt 0.00196842 0.90024358
vt 0.13153134 0.82966566
vt 0.80908221 0.37634015
vt 0.13569015 0.82392257
vt 0.80958492 0.37114543
vt 0.12671748 0.83304757
vt 0.81057513 0.38066655
vt 0.13834083 0.81912392
vt 0.81074268 0.36695617
vt 0.47351348 0.20156348
vt 0.13945289 0.81321323
vt 0.81372851 0.36320865
vt 0.81372851 0.38672954
vt 0.11948146 0.83658183
vt 0.94929355 0.56764543
vt 0.47587472 0.23146731
vt 0.47587472 0.19903469
vt 0.92417312 0.56932116
vt 0.13876738 0.80879545
vt 0.92178142 0.56382179
vt 0.13591866 0.80296093
vt 0.92076075 0.55637246
vt 0.13064779 0.79726350
vt 0.91977054 0.54682088
vt 0.12324420 0.79120052
vt 0.11157515 0.83673412
vt 0.95301056 0.56104922
vt 0.10301379 0.83451003
vt 0.95547843 0.55264020
vt 0.09382785 0.83094531
vt 0.95710844 0.54295152
vt 0.92054749 0.53795487
vt 0.11555116 0.78669131
vt 0.95649910 0.52400076
vt 0.07870075 0.81933719
vt 0.08610435 0.82541549
vt 0.95748931 0.53355229
vt 0.92178142 0.52773303
vt 0.10633475 0.78210592
vt 0.95380270 0.51399219
vt 0.07216547 0.81098914
vt 0.09259392 0.77831274
vt 0.92482817 0.51399219
vt 0.00167898 0.76297235
vt 0.00215123 0.75573635
vt 0.00451245 0.76880693
vt 0.00567022 0.74763203
vt 0.00975286 0.77243257
vt 0.03222262 0.87998271
vt 0.03424871 0.83426625
vt 0.03493423 0.87183267
vt 0.02512370 0.83380926
vt 0.05094488 0.78206027
vt 0.03677751 0.86452043
vt 0.01749160 0.83239251
vt 0.03738686 0.85752821
vt 0.01135240 0.82899541
vt 0.03575685 0.85122144
vt 0.00701079 0.82410538
vt 0.03242066 0.84448808
vt 0.00353750 0.81694549
vt 0.02771343 0.83971995
vt 0.00250160 0.80963331
vt 0.02046218 0.83534789
vt 0.00384217 0.79907632
vt 0.01188558 0.83316946
vt 0.00819902 0.78763580
vt 0.00196842 0.83294094
vt 0.01497803 0.77605820
vt 0.00196842 0.90024358
vt 0.04454671 0.83192027
vt 0.02644903 0.88755387
vt 0.07216547 0.81098914
vt 0.09259392 0.77831274
vt 0.38960606 0.54569364
vt 0.38917953 0.55062938
vt 0.10310519 0.77132046
vt 0.10750774 0.76195168
vt 0.38917953 0.54115391
vt 0.10560352 0.75692457
vt 0.10184079 0.75131857
vt 0.09830657 0.77470237
vt 0.09660039 0.74665701
vt 0.08921203 0.74161470
vt 0.07845701 0.73593247
vt 0.06561497 0.73191082
vt 0.05400686 0.72953433
vt 0.04242922 0.72819376
vt 0.03150664 0.72921443
vt 0.02181798 0.73288572
vt 0.01311952 0.73943627
vt 0.01861889 0.09751707
vt 0.61244518 0.46149677
vt 0.44999260 0.00084382
vt 0.00794004 0.12778652
vt 0.02236639 0.10064000
vt 0.44999260 0.00574905
vt 0.44757044 0.00328118
vt 0.60894138 0.46126825
vt 0.01150474 0.12795407
vt 0.60916990 0.45055890
vt 0.42863491 0.15080470
vt 0.01150474 0.11726004
vt 0.00917398 0.11794555
vt 0.42644125 0.15095705
vt 0.02847512 0.09334302
vt 0.02545884 0.09078377
vt 0.04037267 0.04313266
vt 0.61244518 0.45165575
vt 0.61238420 0.44001716
vt 0.04037267 0.03111321
vt 0.55702484 0.56069887
vt 0.43098089 0.13963836
vt 0.42721817 0.13877004
vt 0.03478189 0.08306026
vt 0.04312998 0.03237766
vt 0.03146093 0.08178061
vt 0.55926418 0.55856609
vt 0.54911852 0.55125391
vt 0.43130082 0.12731427
vt 0.42823884 0.12746662
vt 0.03738686 0.07105607
vt 0.03479712 0.07032490
vt 0.55211955 0.54960871
vt 0.03403543 0.05807692
vt 0.54831111 0.53810722
vt 0.54626983 0.53972197
vt 0.93017519 0.63832998
vt 0.42890912 0.11823499
vt 0.42644125 0.11722952
vt 0.92792058 0.63733977
vt 0.03692985 0.05752856
vt 0.92828619 0.62405598
vt 0.03167421 0.04406190
vt 0.02952625 0.04517394
vt 0.54878336 0.52404642
vt 0.54649830 0.52378750
vt 0.92982483 0.62419307
vt 0.92778349 0.60292673
vt 0.13866073 0.80078250
vt 0.23722301 0.66675609
vt 0.02037077 0.02652788
vt 0.01861889 0.02808172
vt 0.23455711 0.66707599
vt 0.55260706 0.50348091
vt 0.55083996 0.50183570
vt 0.72026956 0.84247726
vt 0.93017519 0.60236311
vt 0.14090009 0.77951622
vt 0.92971820 0.58126438
vt 0.71699429 0.82345033
vt 0.71917272 0.82341987
vt 0.55926418 0.48296106
vt 0.23455711 0.64833856
vt 0.13870643 0.77956194
vt 0.72026956 0.81408155
vt 0.57227379 0.43054181
vt 0.42315075 0.15450650
vt 0.48018587 0.18236899
vt 0.71798450 0.81362456
vt 0.42555767 0.15411043
vt 0.42555767 0.15670013
vt 0.57507682 0.43183666
vt 0.13866073 0.77106148
vt 0.47796175 0.18389237
vt 0.71699429 0.82345033
vt 0.48018587 0.19120455
vt 0.14090009 0.77951622
vt 0.13870643 0.77956194
vt 0.57227379 0.43992579
vt 0.71917272 0.82341987
vt 0.00113056 0.77145755
vt 0.20858358 0.64120913
vt 0.79072559 0.09786749
vt 0.33321077 0.76627809
vt 0.00113056 0.79503942
vt 0.79072559 0.12219572
vt 0.78266692 0.10959744
vt 0.33785707 0.75081587
vt 0.00574639 0.77765769
vt 0.33321077 0.74674845
vt 0.21565203 0.63950294
vt 0.78214896 0.09430277
vt 0.20933004 0.63182515
vt 0.21377829 0.63110912
vt 0.33721724 0.73820233
vt 0.77936119 0.09760851
vt 0.11070683 0.75319231
vt 0.84018952 0.31831485
vt 0.20858358 0.61005616
vt 0.11023458 0.76505941
vt 0.21094482 0.62076545
vt 0.20933004 0.63182515
vt 0.84247458 0.34072369
vt 0.83807200 0.34072369
vt 0.11070683 0.77634764
vt 0.21377829 0.63110912
vt 0.15069538 0.95449090
vt 0.16646230 0.95030165
vt 0.98768252 0.40593928
vt 0.45439515 0.89794326
vt 0.16212068 0.96315891
vt 0.46449512 0.89800423
vt 0.17031644 0.95723301
vt 0.47502163 0.89794326
vt 0.50759137 0.25718188
vt 0.17761339 0.94902200
vt 0.17310421 0.93653035
vt 0.16882353 0.92186022
vt 0.15406205 0.91403013
vt 0.13948336 0.91721398
vt 0.13046499 0.93298090
vt 0.13675652 0.95002741
vt 0.95174617 0.20960695
vt 0.98650956 0.37286687
vt 0.12968807 0.95604473
vt 0.98497093 0.38132161
vt 0.13696979 0.96105665
vt 0.15000987 0.96325034
vt 0.98579359 0.39440739
vt 0.67283171 0.62765110
vt 0.38960606 0.63471955
vt 0.45124176 0.90807372
vt 0.97599828 0.40830052
vt 0.97281444 0.39618969
vt 0.66410273 0.63662374
vt 0.67283171 0.64839947
vt 0.95852518 0.39692092
vt 0.88768828 0.42268121
vt 0.43597755 0.92210400
vt 0.38960606 0.65557456
vt 0.39967558 0.64492619
vt 0.45025158 0.92254579
vt 0.46604896 0.92272860
vt 0.46551576 0.90825653
vt 0.51325828 0.26597172
vt 0.47890624 0.90702260
vt 0.92274112 0.83199644
vt 0.90896982 0.10495114
vt 0.91268688 0.82661891
vt 0.91724175 0.09287077
vt 0.51325828 0.24848342
vt 0.90896982 0.08961076
vt 0.90535945 0.83385497
vt 0.17971565 0.93709397
vt 0.89513761 0.82894969
vt 0.53330588 0.59861565
vt 0.17962424 0.92496794
vt 0.53755611 0.58926213
vt 0.17388113 0.91457856
vt 0.53901857 0.58024371
vt 0.16667558 0.90848505
vt 0.53691632 0.56845284
vt 0.15474756 0.90638280
vt 0.53330588 0.55632675
vt 0.76341146 0.88542116
vt 0.84172815 0.79549640
vt 0.14153992 0.90638280
vt 0.84678572 0.80267149
vt 0.95174617 0.16401237
vt 0.13351174 0.91011506
vt 0.94827288 0.17569661
vt 0.12604719 0.92050445
vt 0.94769400 0.18777698
vt 0.12394495 0.93244767
vt 0.12403635 0.94455850
vt 0.94827288 0.19956791
vt 0.11789715 0.94759005
vt 0.93640578 0.20179200
vt 0.94045794 0.21277553
vt 0.10840654 0.95829934
vt 0.97589165 0.36808348
vt 0.97305816 0.38155007
vt 0.95852518 0.38014859
vt 0.08738398 0.96037114
vt 0.90432352 0.42062461
vt 0.07359745 0.94771188
vt 0.90188617 0.40423316
vt 0.88634771 0.40627444
vt 0.43646505 0.94068915
vt 0.87246978 0.40479678
vt 0.44985551 0.94110048
vt 0.46566811 0.94018644
vt 0.25931191 0.90324461
vt 0.48058194 0.94006455
vt 0.48161784 0.92257625
vt 0.25466564 0.91724443
vt 0.93162239 0.81880403
vt 0.23996508 0.91182125
vt 0.92066932 0.81298470
vt 0.90595353 0.80614477
vt 0.89973819 0.82064730
vt 0.54293364 0.60382557
vt 0.88660669 0.81516314
vt 0.54821974 0.59273541
vt 0.55058098 0.57852232
vt 0.96448159 0.31340957
vt 0.54888999 0.56534517
vt 0.54439604 0.55251831
vt 0.95049697 0.31336391
vt 0.75197095 0.88542116
vt 0.84172815 0.81085205
vt 0.75474352 0.89710546
vt 0.93596399 0.31340957
vt 0.94138724 0.16076756
vt 0.93640578 0.17357916
vt 0.93466914 0.18809688
vt 0.92197943 0.20232517
vt 0.10848270 0.93732250
vt 0.96091688 0.36534142
vt 0.09658515 0.94914389
vt 0.08360601 0.93721586
vt 0.06316234 0.93432146
vt 0.89992100 0.38796347
vt 0.88555557 0.38939548
vt 0.87266785 0.38849670
vt 0.28897202 0.88717306
vt 0.45145503 0.95735484
vt 0.46484548 0.95749193
vt 0.27740961 0.88869643
vt 0.26354691 0.88676172
vt 0.24461137 0.89782143
vt 0.92711323 0.79685223
vt 0.91238219 0.79001224
vt 0.90144438 0.87094909
vt 0.89789492 0.78399491
vt 0.89146626 0.80012745
vt 0.56288981 0.59421301
vt 0.87857854 0.79546595
vt 0.92217749 0.86420059
vt 0.97906023 0.29813015
vt 0.56500733 0.57894886
vt 0.56345350 0.56334949
vt 0.96620297 0.29799306
vt 0.94976580 0.29794735
vt 0.93421215 0.29799306
vt 0.40485504 0.85458809
vt 0.92661053 0.15673059
vt 0.42010400 0.85109955
vt 0.92197943 0.17085230
vt 0.92024279 0.18754846
vt 0.43660215 0.85073394
vt 0.11789715 0.92600381
vt 0.09411729 0.92539448
vt 0.07170846 0.92533356
vt 0.91148341 0.38369805
vt 0.89070457 0.36953068
vt 0.87246978 0.36814439
vt 0.28248245 0.86909056
vt 0.26858926 0.86863357
vt 0.25123805 0.88182598
vt 0.93162239 0.78032362
vt 0.23996508 0.87442243
vt 0.88180810 0.88427866
vt 0.91914594 0.77445865
vt 0.90691328 0.76941627
vt 0.89373612 0.88674647
vt 0.88502240 0.77933341
vt 0.91570312 0.87753010
vt 0.92729604 0.88610667
vt 0.96620297 0.28044379
vt 0.95077121 0.28039807
vt 0.93521756 0.28044379
vt 0.40648505 0.87008077
vt 0.42185590 0.86752152
vt 0.43835402 0.86715591
vt 0.10353174 0.91407579
vt 0.43839973 0.88400441
vt 0.08899876 0.90514886
vt 0.44999260 0.88622856
vt 0.08119908 0.91462421
vt 0.90682191 0.36401606
vt 0.06337561 0.90877450
vt 0.44886529 0.90659606
vt 0.60094368 0.84389400
vt 0.43213865 0.91518790
vt 0.44169021 0.91724443
vt 0.60094368 0.85507554
vt 0.89800155 0.35475397
vt 0.59341824 0.86217445
vt 0.88880038 0.35783118
vt 0.87591261 0.35691714
vt 0.58008873 0.86260104
vt 0.27823222 0.85774148
vt 0.57449794 0.85141945
vt 0.26636514 0.85379589
vt 0.25605190 0.86305803
vt 0.24625662 0.85414630
vt 0.88777971 0.90362549
vt 0.90584689 0.89213926
vt 0.91670859 0.89999986
vt 0.96405500 0.26295549
vt 0.92423403 0.91011506
vt 0.40063530 0.89215446
vt 0.94964391 0.26292497
vt 0.93654287 0.26297069
vt 0.41148171 0.88706636
vt 0.42430851 0.88397396
vt 0.43250427 0.90333605
vt 0.42106372 0.91724443
vt 0.89775783 0.92874587
vt 0.59363151 0.83527172
vt 0.58747709 0.84882975
vt 0.26075912 0.84934765
vt 0.57513773 0.84345222
vt 0.88180810 0.91681790
vt 0.89999717 0.91098338
vt 0.41367537 0.90619999
vt 0.91046274 0.92397773
vt 0.58459789 0.83484519
vt 0.89323336 0.92246962
vt 0.66308212 0.99076241
vt 0.82544327 0.71308190
vt 0.58081990 0.23434651
vt 0.51612222 0.95174885
vt 0.67595458 0.99630749
vt 0.56729239 0.22851199
vt 0.51612222 0.93217349
vt 0.58081990 0.21347630
vt 0.82544327 0.69120622
vt 0.56776464 0.94484794
vt 0.02731736 0.52331525
vt 0.54035914 0.94350737
vt 0.10109434 0.57939065
vt 0.54991066 0.60525751
vt 0.93666476 0.02012968
vt 0.57641739 0.62650859
vt 0.02731736 0.50221652
vt 0.93666476 0.00200158
vt 0.94312388 0.01603186
vt 0.54991066 0.59642196
vt 0.66708857 0.83377880
vt 0.56621075 0.63764441
vt 0.02006610 0.51472342
vt 0.57623458 0.64178801
vt 0.53764755 0.95435381
vt 0.83322769 0.64407307
vt 0.54552335 0.95036256
vt 0.83816344 0.63772058
vt 0.54297930 0.95791852
vt 0.58165777 0.64535272
vt 0.59131598 0.63150525
vt 0.53479880 0.96756148
vt 0.83322769 0.62166429
vt 0.83380657 0.13872433
vt 0.54943842 0.96043205
vt 0.58694386 0.64984667
vt 0.83961064 0.13200629
vt 0.54343635 0.54775012
vt 0.55419135 0.95298278
vt 0.60382289 0.64829278
vt 0.54343635 0.52643812
vt 0.83961064 0.15526819
vt 0.53886622 0.54164147
vt 0.59075230 0.65597063
vt 0.55711621 0.96079767
vt 0.56196058 0.95115471
vt 0.59267175 0.66133291
vt 0.76915461 0.79359221
vt 0.56378859 0.95892394
vt 0.50868821 0.93912005
vt 0.56942511 0.95589244
vt 0.76275641 0.79359221
vt 0.68145400 0.98335886
vt 0.82954115 0.69892979
vt 0.67130834 0.97962660
vt 0.57647830 0.94634086
vt 0.57032388 0.93724632
vt 0.66501677 0.97499549
vt 0.57794076 0.93869352
vt 0.90251070 0.45456541
vt 0.57727045 0.92985797
vt 0.65909088 0.96810985
vt 0.90717226 0.44720751
vt 0.31905863 0.62268490
vt 0.01438391 0.39221370
vt 0.38198921 0.06298220
vt 0.56849581 0.92946190
vt 0.64634025 0.97214681
vt 0.31905863 0.64407307
vt 0.90717226 0.46723986
vt 0.01039268 0.40077507
vt 0.32490841 0.63016468
vt 0.65631831 0.96261048
vt 0.99775207 0.63106346
vt 0.99711221 0.64299148
vt 0.38198921 0.08194822
vt 0.01438391 0.41117972
vt 0.66238135 0.88281620
vt 0.57341635 0.91864592
vt 0.38817409 0.07363057
vt 0.99275541 0.63414067
vt 0.66852057 0.87497079
vt 0.83828533 0.58202606
vt 0.56328589 0.92367303
vt 0.98570216 0.64552027
vt 0.83828533 0.60382557
vt 0.66852057 0.89567345
vt 0.84247458 0.58805859
vt 0.98594588 0.63043886
vt 0.56579947 0.91716826
vt 0.09740778 0.84415293
vt 0.55934036 0.91465467
vt 0.97936493 0.62826049
vt 0.83635062 0.50462341
vt 0.10206930 0.85973704
vt 0.96513665 0.63829947
vt 0.97319525 0.62370557
vt 0.55166256 0.91428906
vt 0.84104258 0.48891747
vt 0.10206930 0.83758724
vt 0.83635062 0.48227555
vt 0.55572999 0.92111379
vt 0.55501395 0.93549442
vt 0.11789715 0.57939065
vt 0.55781698 0.60402358
vt 0.10315090 0.57162142
vt 0.22992605 0.97618377
vt 0.91579455 0.94167936
vt 0.22512741 0.95698923
vt 0.23289663 0.62984478
vt 0.91579455 0.92187548
vt 0.55755800 0.59736645
vt 0.91198611 0.93582958
vt 0.23289663 0.64300668
vt 0.65947169 0.83377880
vt 0.68145400 0.95680642
vt 0.76827103 0.77301145
vt 0.56621075 0.66421211
vt 0.66200048 0.85685790
vt 0.23123614 0.66564405
vt 0.33497790 0.57794344
vt 0.99184138 0.60585165
vt 0.54497492 0.91616285
vt 0.96918881 0.61802340
vt 0.96673614 0.61212790
vt 0.53933847 0.91917908
vt 0.54684871 0.92288089
vt 0.11393638 0.56146049
vt 0.10790382 0.56494904
vt 0.54110557 0.92810607
vt 0.06118195 0.57651144
vt 0.23795423 0.97601616
vt 0.22575201 0.63962483
vt 0.23321654 0.96827745
vt 0.33497790 0.54973054
vt 0.53479880 0.92227155
vt 0.96513665 0.60688752
vt 0.32515213 0.55402648
vt 0.06613292 0.56907737
vt 0.06118195 0.55943441
vt 0.32582241 0.54112351
vt 0.24008694 0.95698923
vt 0.70590413 0.89524692
vt 0.95317811 0.21212047
vt 0.38598043 0.84506696
vt 0.94443399 0.22979164
vt 0.69792163 0.91273522
vt 0.70101410 0.89745581
vt 0.69665724 0.90079200
vt 0.69327539 0.90575820
vt 0.68821776 0.91393870
vt 0.68672484 0.92070246
vt 0.68739516 0.92623234
vt 0.68946695 0.93156415
vt 0.69237655 0.93645418
vt 0.69805878 0.94183171
vt 0.43663260 0.84823561
vt 0.95317811 0.26021338
vt 0.70590413 0.94599050
vt 0.43946609 0.84010077
vt 0.38407624 0.84005511
vt 0.44098946 0.83067107
vt 0.44033441 0.81982470
vt 0.38174546 0.03385532
vt 0.38241574 0.03131127
vt 0.38706204 0.52474725
vt 0.44328976 0.81312186
vt 0.38817409 0.52037513
vt 0.38241574 0.03594232
vt 0.44568145 0.80683029
vt 0.38706204 0.51793778
vt 0.44350302 0.80541360
vt 0.43897861 0.81440151
vt 0.43640411 0.80533743
vt 0.38304034 0.82156134
vt 0.38325360 0.82744157
vt 0.38293371 0.83371782
vt 0.78452545 0.25878143
vt 0.79599643 0.02649742
vt 0.76082176 0.95223629
vt 0.80365902 0.02791417
vt 0.79611832 0.03498262
vt 0.43809506 0.94492412
vt 0.75230610 0.94821459
vt 0.44424948 0.95698923
vt 0.75459117 0.96114808
vt 0.74695903 0.95586193
vt 0.43562719 0.95327222
vt 0.43536821 0.96270192
vt 0.75375330 0.96910006
vt 0.44424948 0.96504790
vt 0.43611467 0.97228390
vt 0.74695903 0.97484320
vt 0.75433218 0.97236007
vt 0.44418854 0.96829265
vt 0.43884149 0.97868210
vt 0.26359260 0.95938092
vt 0.75152916 0.98185068
vt 0.75743985 0.97740245
vt 0.76252794 0.98096716
vt 0.93594879 0.77051306
vt 0.78294116 0.96398151
vt 0.93300867 0.76303333
vt 0.77943736 0.95677596
vt 0.39105329 0.58466148
vt 0.77434933 0.95319605
vt 0.80340004 0.02232337
vt 0.76621449 0.95129180
vt 0.38570625 0.59089208
vt 0.79215753 0.25437886
vt 0.78452545 0.25000679
vt 0.79613358 0.01769233
vt 0.78400749 0.02786845
vt 0.78505862 0.03837973
vt 0.16999653 0.57503378
vt 0.78479964 0.11788458
vt 0.42755330 0.93986654
vt 0.79072559 0.12606514
vt 0.42453703 0.94854975
vt 0.42433900 0.96279329
vt 0.25174075 0.96759194
vt 0.42593852 0.97549826
vt 0.42916808 0.98480606
vt 0.26334888 0.96859735
vt 0.27299181 0.96041685
vt 0.75916129 0.98721296
vt 0.28015167 0.95938092
vt 0.60030389 0.98480606
vt 0.76729608 0.98911721
vt 0.76723516 0.98238391
vt 0.77372473 0.98124135
vt 0.93300867 0.78439105
vt 0.77981824 0.97792041
vt 0.93520230 0.77959239
vt 0.78230131 0.97303039
vt 0.78350478 0.96722633
vt 0.93587261 0.77372742
vt 0.94434255 0.76464808
vt 0.94153959 0.75750345
vt 0.78496724 0.95030165
vt 0.78781593 0.24121690
vt 0.38570625 0.57622200
vt 0.77843195 0.94475657
vt 0.93731982 0.75179082
vt 0.79805303 0.00867397
vt 0.78545469 0.01601660
vt 0.22139515 0.92175364
vt 0.77328295 0.02742666
vt 0.77328295 0.03882152
vt 0.23070297 0.93017787
vt 0.16999653 0.58656573
vt 0.78479964 0.13369721
vt 0.18114762 0.58650482
vt 0.24008694 0.93787092
vt 0.88258499 0.94886965
vt 0.41416284 0.94861066
vt 0.86879849 0.94886965
vt 0.41303554 0.96299136
vt 0.41465032 0.97569627
vt 0.85575837 0.94602096
vt 0.24931860 0.97897154
vt 0.26280046 0.98092145
vt 0.27515501 0.96937430
vt 0.28591004 0.96887153
vt 0.60400569 0.97435570
vt 0.77721328 0.98850787
vt 0.59187961 0.98331314
vt 0.93588787 0.79593819
vt 0.57769704 0.98480606
vt 0.94294107 0.78635615
vt 0.94583547 0.77461094
vt 0.62073231 0.95222110
vt 0.95605731 0.76266772
vt 0.63374192 0.95251054
vt 0.95179188 0.75125766
vt 0.94533277 0.74466145
vt 0.64405519 0.95220584
vt 0.78894323 0.00363159
vt 0.77348101 0.01328975
vt 0.93709129 0.89440906
vt 0.21047257 0.91526401
vt 0.95174617 0.91236961
vt 0.20920816 0.93721586
vt 0.21843982 0.94425386
vt 0.88416934 0.93042159
vt 0.22521882 0.95129180
vt 0.23298803 0.96091956
vt 0.87132728 0.93106145
vt 0.85936880 0.92923337
vt 0.25014120 0.99745005
vt 0.84910125 0.92428243
vt 0.42124653 0.93723106
vt 0.26174933 0.99845546
vt 0.41058293 0.93837363
vt 0.27332696 0.99918669
vt 0.41088760 0.95749193
vt 0.27512455 0.98049492
vt 0.28754005 0.98089099
vt 0.39667451 0.95663887
vt 0.60527009 0.96227533
vt 0.38514259 0.95461279
vt 0.59440839 0.96190977
vt 0.59312880 0.97290850
vt 0.58136833 0.97411197
vt 0.95034468 0.79647136
vt 0.57011062 0.97461468
vt 0.83886421 0.66276491
vt 0.95611823 0.78759009
vt 0.95748931 0.77477854
vt 0.84105784 0.65010560
vt 0.94024467 0.88705117
vt 0.60942888 0.95220584
vt 0.62077802 0.96344835
vt 0.63378763 0.96373779
vt 0.77756363 0.00084382
vt 0.64551759 0.96369207
vt 0.92363989 0.89742535
vt 0.20012885 0.93081766
vt 0.93945253 0.91098338
vt 0.95040560 0.92572963
vt 0.20200261 0.94870210
vt 0.20972611 0.95467371
vt 0.21808943 0.96311319
vt 0.87798440 0.91756433
vt 0.86340570 0.91634566
vt 0.85517949 0.91212589
vt 0.41856539 0.92365783
vt 0.40579954 0.92441952
vt 0.39847210 0.93876970
vt 0.38829598 0.93541825
vt 0.91411883 0.37333912
vt 0.59171206 0.94416243
vt 0.91411883 0.34977251
vt 0.58018011 0.96207732
vt 0.84823292 0.66276491
vt 0.56797791 0.96389014
vt 0.92606211 0.34460831
vt 0.93340474 0.87425482
vt 0.93034279 0.88705117
vt 0.93882793 0.34061706
vt 0.60848439 0.96323508
vt 0.95404649 0.35777026
vt 0.62091511 0.98242956
vt 0.91879559 0.91867638
vt 0.63293451 0.98252100
vt 0.64324778 0.98221630
vt 0.92842335 0.91367972
vt 0.93875182 0.92501366
vt 0.10925962 0.97161365
vt 0.94429690 0.94341600
vt 0.20012885 0.96756148
vt 0.95174617 0.94547254
vt 0.10411062 0.97906291
vt 0.88185376 0.89932954
vt 0.09477234 0.97906291
vt 0.87271357 0.89945143
vt 0.86431974 0.89579535
vt 0.08739921 0.97394437
vt 0.41021731 0.90683979
vt 0.08746015 0.96457565
vt 0.40084857 0.90636754
vt 0.39256141 0.92345977
vt 0.38514259 0.92010838
vt 0.92790538 0.37845767
vt 0.57995158 0.94536591
vt 0.92164433 0.36648393
vt 0.93154621 0.36115211
vt 0.60961169 0.98241436
vt 0.94307816 0.35860807
vt 0.95462537 0.37146538
vt 0.91874987 0.93611902
vt 0.62216431 0.99487555
vt 0.63177675 0.99449468
vt 0.92464536 0.93010169
vt 0.93610114 0.94522882
vt 0.10892448 0.96328080
vt 0.09877881 0.96885633
vt 0.39414573 0.90382349
vt 0.09221307 0.95816225
vt 0.94010758 0.39248794
vt 0.93620777 0.37519765
vt 0.94554603 0.37158722
vt 0.10191696 0.95712638
vt 0.93008381 0.95030165
vt 0.94944584 0.38886231
vt 0.45718291 0.20549381
vt 0.45683256 0.20697147
vt 0.48131317 0.24295354
vt 0.45648217 0.20372671
vt 0.88637823 0.95194685
vt 0.83834624 0.52905834
vt 0.60031909 0.62251735
vt 0.94598782 0.84028357
vt 0.90861946 0.95624280
vt 0.88745981 0.95800990
vt 0.88919646 0.96422529
vt 0.89498526 0.97133940
vt 0.35654888 0.05442083
vt 0.84247458 0.50776160
vt 0.89830619 0.97330457
vt 0.11070683 0.01633650
vt 0.11070683 0.02156168
vt 0.33640987 0.03051913
vt 0.06165420 0.52116728
vt 0.33421621 0.02940702
vt 0.10878738 0.02111989
vt 0.06218738 0.52380276
vt 0.33421621 0.03163117
vt 0.06325374 0.52403122
vt 0.35494933 0.05708677
vt 0.60382289 0.60149479
vt 0.83834624 0.50675619
vt 0.35654888 0.05894524
vt 0.06165420 0.52619445
vt 0.94166142 0.81916964
vt 0.60031909 0.60137290
vt 0.93375510 0.82089102
vt 0.93008381 0.82469946
vt 0.92738742 0.82943714
vt 0.30751148 0.81516314
vt 0.92469102 0.83417487
vt 0.36660314 0.05033821
vt 0.36614612 0.05175495
vt 0.04025080 0.02273470
vt 0.04006799 0.02051055
vt 0.36614612 0.04934800
vt 0.03948911 0.02444088
vt 0.41407144 0.12739044
vt 0.41471127 0.13310307
vt 0.03948911 0.01913953
vt 0.41567099 0.13287461
vt 0.41516829 0.12589753
vt 0.92537659 0.84735203
vt 0.30751148 0.80274767
vt 0.41692016 0.13369721
vt 0.41692016 0.12310976
vt 0.30909577 0.81306088
vt 0.39967558 0.48841476
vt 0.39935565 0.49024278
vt 0.77177483 0.78385782
vt 0.77203381 0.77893734
vt 0.39935565 0.48518521
vt 0.77099788 0.78641713
vt 0.67612219 0.10942990
vt 0.77151585 0.77656090
vt 0.67714286 0.09932989
vt 0.77099788 0.77419966
vt 0.67388284 0.11069429
vt 0.10639568 0.85987419
vt 0.67677724 0.09739524
vt 0.67462927 0.09695345
vt 0.71164727 0.81948954
vt 0.80723894 0.10344303
vt 0.10430866 0.84171557
vt 0.67388284 0.09629840
vt 0.10430866 0.86260104
vt 0.81228131 0.11960602
vt 0.80723894 0.12652212
vt 0.71164727 0.84678841
vt 0.92469102 0.85755867
vt 0.93869084 0.87355405
vt 0.70969731 0.82075393
vt 0.51664019 0.20989639
vt 0.53388476 0.30766648
vt 0.90861946 0.92679596
vt 0.94057983 0.87410247
vt 0.40255475 0.10921657
vt 0.40205204 0.11069429
vt 0.03593965 0.45066553
vt 0.31054297 0.01897192
vt 0.03516273 0.44836527
vt 0.40205204 0.10824162
vt 0.03516273 0.45142722
vt 0.30915672 0.02142459
vt 0.30968988 0.01718962
vt 0.30787706 0.02156168
vt 0.51741713 0.20698673
vt 0.51900142 0.20115221
vt 0.30787706 0.01594043
vt 0.53912520 0.29962307
vt 0.51664019 0.20000964
vt 0.53778464 0.29435217
vt 0.89341617 0.93264574
vt 0.53388476 0.28649157
vt 0.47901288 0.24871194
vt 0.89039993 0.94123757
vt 0.88555557 0.94824511
vt 0.88593644 0.94600570
vt 0.47901288 0.24044001
vt 0.48096278 0.24839199
vt 0.48047531 0.24226803
vt 0.45648217 0.20846438
vt 0.48161784 0.24766082
vt 0.52766943 0.04674304
vt 0.48577663 0.33976394
vt 0.47453415 0.34355718
vt 0.16245583 0.57220030
vt 0.53106654 0.05606610
vt 0.47090852 0.35222518
vt 0.00443629 0.92298752
vt 0.49456650 0.33354861
vt 0.16245583 0.56278586
vt 0.47090852 0.34302396
vt 0.52331257 0.04174638
vt 0.56212813 0.20774841
vt 0.55460268 0.20587468
vt 0.52331257 0.04887575
vt 0.08051357 0.02989453
vt 0.48946321 0.31781214
vt 0.42411047 0.00172734
vt 0.50232047 0.00157499
vt 0.53554529 0.09344965
vt 0.83673143 0.24939746
vt 0.46111321 0.03757232
vt 0.03450768 0.02989453
vt 0.82964778 0.24731040
vt 0.83645725 0.24042475
vt 0.53554529 0.08446175
vt 0.19408107 0.58082259
vt 0.46111321 0.04744381
vt 0.18932813 0.57436347
vt 0.21642895 0.57297719
vt 0.46483025 0.04014683
vt 0.03097345 0.02983361
vt 0.46568334 0.03738952
vt 0.58997542 0.00789702
vt 0.01321092 0.11645263
vt 0.29473037 0.55522990
vt 0.29172930 0.56069887
vt 0.50158924 0.24584800
vt 0.82521474 0.24010485
vt 0.03097345 0.03594232
vt 0.29172930 0.55395031
vt 0.01336326 0.11325353
vt 0.36086002 0.52474725
vt 0.50462079 0.24016577
vt 0.50158924 0.23704290
vt 0.35633558 0.52474725
vt 0.33369827 0.60094637
vt 0.82341719 0.24875760
vt 0.32934141 0.59375608
vt 0.53338206 0.03227097
vt 0.81449020 0.24657917
vt 0.53338206 0.04168546
vt 0.06767152 0.02300888
vt 0.30623183 0.02156168
vt 0.81881660 0.25488156
vt 0.30088478 0.01706773
vt 0.41116181 0.12364292
vt 0.57020199 0.28664392
vt 0.81142825 0.25846153
vt 0.81884706 0.26045716
vt 0.57650876 0.29112262
vt 0.37594140 0.84247726
vt 0.51045531 0.01150739
vt 0.37799796 0.83630759
vt 0.10925962 0.01434088
vt 0.51469028 0.00701344
vt 0.51045531 0.00209296
vt 0.10654802 0.02012968
vt 0.34360018 0.59017611
vt 0.81368279 0.26885092
vt 0.34360018 0.59951437
vt 0.19865119 0.58370179
vt 0.56643927 0.28656775
vt 0.01724786 0.90557539
vt 0.82282305 0.26885092
vt 0.55460268 0.21708667
vt 0.83028758 0.25936031
vt 0.01599869 0.91794515
vt 0.25388873 0.56423306
vt 0.49456650 0.32367712
vt 0.00490853 0.91343600
vt 0.06182177 0.49743313
vt 0.38817409 0.56644195
vt 0.38098377 0.57788253
vt 0.13361837 0.55494046
vt 0.25475705 0.57363224
vt 0.37607852 0.58513379
vt 0.13802092 0.54819191
vt 0.37607852 0.57780635
vt 0.38396958 0.56551266
vt 0.83816344 0.53769588
vt 0.57219762 0.59837186
vt 0.09056783 0.58082259
vt 0.56646973 0.60382557
vt 0.54919469 0.09057051
vt 0.08714024 0.57437873
vt 0.53338206 0.04674304
vt 0.15729159 0.56435490
vt 0.48955461 0.32955736
vt 0.26165792 0.56423306
vt 0.13361837 0.54318005
vt 0.08439817 0.58082259
vt 0.54607177 0.08464456
vt 0.62827301 0.29758173
vt 0.48010969 0.33865190
vt 0.62429702 0.30335534
vt 0.63977450 0.24584800
vt 0.48010969 0.34505004
vt 0.48592898 0.34113503
vt 0.63499111 0.24077517
vt 0.47587472 0.34424269
vt 0.07583681 0.03170735
vt 0.52005255 0.04543293
vt 0.47582901 0.34061706
vt 0.63345248 0.23757607
vt 0.90142912 0.14643264
vt 0.90142912 0.15526819
vt 0.48946321 0.32635826
vt 0.08051357 0.03882152
vt 0.42281562 0.00581002
vt 0.49311930 0.32047802
vt 0.89972293 0.14780366
vt 0.36897960 0.03876054
vt 0.36948231 0.04052770
vt 0.50235093 0.00715059
vt 0.42411047 0.00718105
vt 0.36571956 0.04601181
vt 0.36660314 0.52619445
vt 0.50749993 0.01150739
vt 0.19408107 0.57346469
vt 0.53912520 0.08997637
vt 0.50749993 0.00206250
vt 0.36107329 0.51868415
vt 0.29616234 0.63647145
vt 0.22139515 0.57363224
vt 0.29271951 0.64264107
vt 0.57161874 0.11767131
vt 0.22139515 0.56596971
vt 0.46725243 0.04232526
vt 0.21779999 0.56999141
vt 0.57507682 0.12158638
vt 0.88727701 0.75767106
vt 0.59520060 0.00862825
vt 0.89279163 0.75179082
vt 0.38386294 0.59520328
vt 0.59520060 0.00110275
vt 0.58846724 0.00555104
vt 0.37903386 0.58900309
vt 0.56039149 0.65300000
vt 0.01438391 0.11364961
vt 0.36055532 0.52217269
vt 0.01321092 0.11057240
vt 0.56357533 0.65385312
vt 0.38636127 0.50329810
vt 0.01005753 0.52188325
vt 0.38960606 0.49598593
vt 0.83942783 0.24519295
vt 0.00896071 0.51323050
vt 0.07189127 0.01962698
vt 0.52939081 0.03792274
vt 0.33640987 0.59375608
vt 0.35712776 0.51636863
vt 0.00332422 0.52188325
vt 0.84535378 0.25393707
vt 0.91644961 0.84035975
vt 0.04312998 0.52142626
vt 0.92012095 0.83351982
vt 0.58241946 0.86653131
vt 0.03863602 0.51592690
vt 0.41117704 0.11812836
vt 0.30623183 0.01597089
vt 0.06767152 0.01712865
vt 0.03863602 0.52474725
vt 0.58801025 0.87401110
vt 0.37807414 0.92326176
vt 0.53193486 0.22570896
vt 0.38241574 0.91820413
vt 0.00524367 0.67169183
vt 0.53193486 0.21915847
vt 0.57020199 0.29328585
vt 0.40758187 0.11812836
vt 0.52910137 0.22378951
vt 0.00862556 0.67569828
vt 0.67306018 0.08232903
vt 0.38098377 0.83833367
vt 0.67859006 0.07544339
vt 0.66152823 0.63606012
vt 0.38098377 0.83022934
vt 0.10557306 0.01434088
vt 0.37493598 0.83361125
vt 0.66564137 0.64206219
vt 0.03083635 0.03778559
vt 0.33968511 0.59410644
vt 0.33893865 0.59642196
vt 0.03331945 0.03761804
vt 0.12939863 0.54078835
vt 0.47762659 0.23038572
vt 0.20415057 0.58370179
vt 0.48018587 0.23297548
vt 0.20022026 0.56251168
vt 0.20319083 0.58021325
vt 0.19970232 0.57614583
vt 0.20558254 0.56362367
vt 0.53769320 0.00192541
vt 0.55857867 0.28656775
vt 0.00995090 0.90783000
vt 0.56595182 0.29471779
vt 0.53769320 0.01293939
vt 0.05751062 0.02444088
vt 0.24296613 0.56388271
vt 0.23833507 0.56932116
vt 0.06182177 0.48705894
vt 0.00443629 0.90322942
vt 0.38817409 0.55923641
vt 0.05719071 0.49149197
vt 0.23807609 0.56388271
vt 0.05260536 0.02444088
vt 0.29328316 0.58513379
vt 0.80510622 0.00765330
vt 0.84535378 0.53769588
vt 0.03738686 0.05175495
vt 0.66152823 0.65702176
vt 0.67859006 0.09632885
vt 0.00524367 0.68864697
vt 0.38241574 0.93736821
vt 0.58241946 0.88705117
vt 0.92012095 0.85397875
vt 0.83942783 0.26740372
vt 0.38960606 0.51324570
vt 0.56039149 0.66707599
vt 0.38386294 0.57660282
vt 0.89279163 0.77203643
vt 0.57161874 0.13657641
vt 0.29271951 0.62574685
vt 0.36660314 0.50872135
vt 0.36571956 0.02693921
vt 0.90112448 0.13596702
vt 0.63977450 0.22881669
vt 0.62429702 0.28638494
vt 0.54919469 0.07318878
vt 0.56646973 0.58650482
vt 0.84092075 0.52555460
vt 0.80216610 0.02012968
vt 0.12076110 0.94743770
vt 0.16825989 0.89998460
vt 0.16825989 0.87989128
vt 0.12332036 0.54132152
vt 0.03738686 0.03138745
vt 0.05463145 0.01853019
vt 0.53341252 0.00748569
vt 0.20022026 0.56788915
vt 0.47762659 0.23721045
vt 0.12939863 0.54775012
vt 0.17395730 0.88648748
vt 0.11527695 0.93403202
vt 0.29328316 0.57887268
vt 0.28744864 0.58399123
vt 0.12076110 0.92944664
vt 0.80216610 0.00223005
vt 0.04413540 0.72383690
vt 0.07213501 0.97330457
vt 0.39416096 0.69017035
vt 0.62214905 0.65293908
vt 0.89950967 0.51038182
vt 0.39964509 0.68468618
vt 0.40103137 0.69186127
vt 0.06101438 0.95605999
vt 0.06101438 0.94984460
vt 0.62714571 0.65414256
vt 0.40398672 0.68713886
vt 0.40398672 0.69591343
vt 0.05158470 0.03501308
vt 0.06721451 0.95604473
vt 0.06643759 0.95062155
vt 0.06180654 0.94443667
vt 0.72249365 0.14088756
vt 0.62827301 0.64881074
vt 0.62237757 0.64783579
vt 0.90302867 0.50663429
vt 0.39509022 0.68438154
vt 0.89637154 0.50760925
vt 0.05007656 0.72458339
vt 0.04370886 0.71940386
vt 0.07690317 0.97290850
vt 0.07263772 0.96818602
vt 0.39512068 0.69562399
vt 0.05463145 0.03882152
vt 0.39972126 0.69871652
vt 0.07213501 0.96184880
vt 0.10711167 0.85169363
vt 0.50384384 0.01868248
vt 0.11043262 0.84829652
vt 0.50749993 0.01403624
vt 0.05463145 0.03089994
vt 0.50384384 0.01070005
vt 0.10762961 0.84378737
vt 0.22841790 0.57456154
vt 0.07189127 0.95296752
vt 0.07033743 0.94675219
vt 0.22841790 0.56828523
vt 0.73125309 0.13956219
vt 0.23362784 0.56362367
vt 0.72736847 0.13377339
vt 0.72113788 0.13442844
vt 0.86799109 0.79334843
vt 0.62618601 0.64337230
vt 0.62214905 0.64334184
vt 0.87061131 0.79637998
vt 0.90429306 0.50197279
vt 0.89637154 0.49752456
vt 0.87266785 0.80509365
vt 0.61497396 0.24153686
vt 0.05319947 0.71544313
vt 0.04629859 0.71419394
vt 0.08243302 0.97319794
vt 0.07860935 0.96745479
vt 0.07717738 0.96061486
vt 0.11143805 0.85397875
vt 0.11733350 0.84758055
vt 0.11347937 0.84386349
vt 0.23457234 0.57506424
vt 0.23577580 0.56967151
vt 0.11520078 0.83921725
vt 0.73321819 0.13217384
vt 0.12076110 0.83827275
vt 0.21422006 0.58105111
vt 0.73020196 0.12729907
vt 0.72212803 0.12729907
vt 0.21422006 0.58801293
vt 0.86326861 0.79832989
vt 0.90316576 0.49761593
vt 0.86882895 0.80029505
vt 0.86796063 0.80509365
vt 0.61893475 0.23938888
vt 0.61489779 0.23707336
vt 0.47500640 0.13369721
vt 0.05044217 0.71125388
vt 0.04316044 0.71125388
vt 0.47404668 0.12713146
vt 0.08386499 0.96858209
vt 0.08482471 0.96152890
vt 0.47875389 0.12242424
vt 0.61489779 0.22442937
vt 0.11940529 0.85347599
vt 0.12076110 0.84672749
vt 0.62182915 0.22482544
vt 0.20562823 0.57707512
vt 0.62539381 0.22962403
vt 0.20919293 0.58216316
vt 0.86268973 0.80402732
vt 0.20789807 0.58754069
vt 0.62231660 0.23507774
vt 0.47875389 0.13063520
vt 0.61692387 0.23198527
vt 0.78342861 0.14522916
vt 0.75765312 0.91098338
vt 0.78254503 0.15153593
vt 0.75686097 0.91724443
vt 0.78694761 0.13886142
vt 0.75599265 0.90389967
vt 0.79163963 0.13391048
vt 0.75270218 0.89792806
vt 0.78342861 0.15842158
vt 0.75425601 0.92355120
vt 0.81305826 0.12760371
vt 0.73385805 0.88596958
vt 0.75101125 0.92900485
vt 0.78518051 0.16466737
vt 0.79809868 0.12955362
vt 0.74761409 0.89200211
vt 0.74171865 0.88825464
vt 0.80484724 0.12760371
vt 0.81013334 0.17705244
vt 0.72732276 0.88545161
vt 0.81951731 0.12889856
vt 0.72095507 0.88758433
vt 0.82507765 0.13273746
vt 0.71490729 0.89096624
vt 0.83005911 0.13774937
vt 0.70598030 0.90921623
vt 0.83386749 0.15796453
vt 0.70759505 0.90240675
vt 0.83415693 0.15094179
vt 0.83328861 0.14405614
vt 0.71018481 0.89608479
vt 0.78752649 0.17162919
vt 0.74694383 0.93499172
vt 0.78868425 0.18658876
vt 0.70887470 0.94886965
vt 0.82037044 0.19547004
vt 0.74208426 0.94886965
vt 0.78868425 0.18658876
vt 0.78370285 0.18346584
vt 0.78752649 0.17162919
vt 0.78370285 0.18346584
vt 0.52574998 0.82954383
vt 0.52574998 0.81723493
vt 0.55926418 0.10926229
vt 0.78752649 0.17162919
vt 0.78193569 0.18099797
vt 0.52814168 0.82782239
vt 0.53050292 0.82343507
vt 0.78106737 0.17598605
vt 0.55926418 0.10144740
vt 0.55860913 0.10467696
vt 0.78370285 0.17403615
vt 0.78047329 0.17904806
vt 0.53018296 0.82645136
vt 0.80886894 0.24107981
vt 0.80565464 0.24231374
vt 0.81123018 0.23861194
vt 0.81357616 0.23614407
vt 0.80065799 0.24296880
vt 0.81503862 0.23242706
vt 0.79421413 0.24167395
vt 0.78775501 0.23849010
vt 0.78277355 0.23536718
vt 0.81680572 0.22924322
vt 0.77955925 0.22906041
vt 0.77779216 0.22281456
vt 0.82062942 0.22305828
vt 0.77751791 0.21474069
vt 0.00091729 0.45147294
vt 0.00143524 0.44719225
vt 0.85607833 0.24219185
vt 0.86313152 0.23666203
vt 0.00143524 0.45573837
vt 0.86488342 0.23347819
vt 0.86547750 0.22852719
vt 0.86520332 0.22423130
vt 0.84992385 0.24296880
vt 0.84172815 0.24107981
vt 0.86256790 0.21864051
vt 0.83497959 0.23737800
vt 0.85993242 0.21304977
vt 0.85581934 0.20927179
vt 0.84996957 0.20491493
vt 0.82736272 0.23053807
vt 0.00719359 0.35898894
vt 0.00682798 0.36086267
vt 0.85877466 0.19431227
vt 0.85848522 0.19001633
vt 0.00682798 0.35633826
vt 0.85554510 0.19554615
vt 0.85290968 0.19562232
vt 0.85702282 0.18619269
vt 0.85379326 0.18364865
vt 0.85114259 0.20069516
vt 0.85027426 0.18058664
vt 0.84469873 0.17865199
vt 0.83825481 0.17734188
vt 0.52907091 0.03106755
vt 0.82417887 0.17487401
vt 0.47633174 0.09549099
vt 0.52565855 0.02128750
vt 0.47730669 0.10351920
vt 0.52547574 0.01199490
vt 0.82037044 0.19547004
vt 0.52547574 0.05175495
vt 0.47730669 0.06944132
vt 0.78868425 0.18658876
vt 0.78397703 0.19530243
vt 0.78015333 0.20525008
vt 0.48396382 0.25159109
vt 0.43130082 0.11186725
vt 0.34647936 0.02677161
vt 0.44181210 0.12728381
vt 0.48592898 0.25058568
vt 0.34434664 0.02732003
vt 0.34434664 0.02279562
vt 0.42670020 0.11214149
vt 0.44626033 0.12795407
vt 0.44600135 0.08101892
vt 0.48067334 0.20159400
vt 0.47921091 0.20273650
vt 0.42459795 0.06331736
vt 0.42296794 0.06151974
vt 0.44856063 0.08016586
vt 0.44380769 0.06007254
vt 0.47605753 0.18303931
vt 0.47311741 0.18399900
vt 0.43113324 0.04278225
vt 0.42807126 0.04259944
vt 0.44616893 0.06013352
vt 0.44181210 0.04061908
vt 0.61244518 0.52777874
vt 0.47489977 0.16367722
vt 0.47244713 0.16369241
vt 0.43130082 0.02203393
vt 0.60898709 0.52794629
vt 0.44514826 0.04058862
vt 0.42823884 0.02185112
vt 0.49599847 0.27241564
vt 0.07189127 0.04744381
vt 0.06825040 0.03082377
vt 0.67427891 0.86933434
vt 0.47918043 0.14469600
vt 0.61244518 0.54488623
vt 0.67077512 0.86883163
vt 0.07189127 0.03076285
vt 0.49444464 0.29119879
vt 0.36373919 0.04601181
vt 0.43558148 0.00215387
vt 0.67077512 0.88848317
vt 0.36136273 0.02745712
vt 0.36373919 0.02683258
vt 0.49599847 0.31197762
vt 0.48493880 0.12480068
vt 0.43558148 0.00431710
vt 0.67318207 0.88811755
vt 0.43705916 0.00395149
vt 0.48592898 0.12594324
vt 0.42985359 0.00184923
vt 0.47573760 0.14356869
vt 0.49155024 0.29173201
vt 0.97375894 0.81402063
vt 0.89774257 0.86404824
vt 0.96647722 0.81335032
vt 0.97217458 0.80584013
vt 0.01776581 0.11357343
vt 0.34122372 0.57651144
vt 0.47442752 0.97330457
vt 0.46671924 0.97237533
vt 0.90650195 0.86190027
vt 0.96463388 0.80484992
vt 0.34122372 0.56878793
vt 0.32635561 0.97804224
vt 0.47314787 0.96507835
vt 0.46633840 0.96737868
vt 0.46289557 0.96996838
vt 0.90776634 0.85777193
vt 0.89768165 0.86007220
vt 0.89180142 0.86100149
vt 0.40147316 0.97328937
vt 0.96515185 0.81962663
vt 0.39460275 0.97507167
vt 0.97200704 0.82212496
vt 0.98047698 0.81406635
vt 0.53274226 0.83172226
vt 0.53274226 0.82270384
vt 0.32635561 0.96657127
vt 0.02300621 0.10743427
vt 0.98049223 0.80484992
vt 0.54019153 0.82983327
vt 0.53859198 0.82346559
vt 0.32146558 0.96259528
vt 0.31823602 0.97025782
vt 0.34791133 0.56941253
vt 0.01776581 0.10170639
vt 0.32202920 0.97345692
vt 0.31523496 0.97906291
vt 0.67571086 0.00748569
vt 0.47442752 0.95442998
vt 0.67450738 0.01603186
vt 0.46737429 0.95832980
vt 0.46234715 0.96229059
vt 0.67235947 0.02156168
vt 0.21422006 0.57075310
vt 0.91405791 0.85393304
vt 0.90834522 0.84640753
vt 0.93162239 0.08633554
vt 0.90351617 0.84093863
vt 0.92478245 0.08380675
vt 0.91966391 0.08769131
vt 0.79785496 0.97761571
vt 0.89725506 0.84159368
vt 0.89180142 0.85067302
vt 0.78751123 0.97761571
vt 0.40255475 0.96317416
vt 0.39787799 0.96641892
vt 0.39275944 0.96806419
vt 0.97962391 0.82235348
vt 0.38853970 0.97761571
vt 0.53594136 0.83997893
vt 0.54099894 0.83757198
vt 0.88605827 0.59084642
vt 0.54552335 0.84212685
vt 0.64033812 0.01755518
vt 0.89305055 0.59089208
vt 0.88547939 0.58359516
vt 0.54631549 0.83172226
vt 0.54578233 0.82509553
vt 0.88170147 0.57814145
vt 0.31447327 0.96142226
vt 0.88186902 0.57189560
vt 0.69711429 0.29185385
vt 0.31144178 0.96701306
vt 0.31057346 0.97357881
vt 0.69053328 0.29054374
vt 0.67328870 0.00114846
vt 0.68920797 0.28367335
vt 0.66689056 0.00219959
vt 0.66675341 0.00829309
vt 0.66713428 0.01467603
vt 0.20833984 0.56359327
vt 0.20786759 0.57075310
vt 0.66548902 0.02110469
vt 0.91436255 0.84665132
vt 0.91052365 0.84113669
vt 0.65898424 0.02125698
vt 0.93110448 0.08088183
vt 0.92239076 0.08187205
vt 0.91811007 0.08345634
vt 0.80079508 0.97403580
vt 0.79732180 0.97239053
vt 0.78777021 0.97278661
vt 0.39818266 0.95985317
vt 0.78655154 0.96524596
vt 0.39074859 0.95985317
vt 0.54180634 0.84535646
vt 0.38491407 0.96932858
vt 0.64559376 0.01868248
vt 0.64064282 0.01044106
vt 0.89967728 0.58642864
vt 0.89317244 0.58309245
vt 0.88982105 0.57823288
vt 0.88764262 0.57421112
vt 0.70302498 0.28079414
vt 0.89428449 0.57053983
vt 0.88849568 0.56744736
vt 0.69793689 0.28496820
vt 0.61300880 0.65263444
vt 0.69391519 0.27713805
vt 0.68920797 0.27357340
vt 0.61896521 0.65005994
vt 0.93162239 0.06755233
vt 0.65787214 0.00727242
vt 0.65787214 0.01610798
vt 0.93153101 0.07530630
vt 0.62970501 0.65717411
vt 0.92394459 0.07617462
vt 0.91608399 0.07596135
vt 0.62809020 0.66529369
vt 0.80326295 0.96670836
vt 0.79547852 0.96571815
vt 0.38532540 0.96009696
vt 0.78696287 0.95924383
vt 0.64839679 0.01063907
vt 0.64033812 0.00335735
vt 0.61416656 0.67365700
vt 0.90356183 0.58050269
vt 0.89727032 0.57527751
vt 0.70096838 0.27436554
vt 0.89947921 0.56744736
vt 0.61300880 0.65991616
vt 0.92280209 0.06746095
vt 0.62080848 0.65753973
vt 0.62233186 0.66672564
vt 0.80365902 0.96070629
vt 0.64752847 0.00184923
vt 0.79572225 0.95846689
vt 0.62149400 0.67426634
vt 0.90429306 0.57248974
vt 0.61652780 0.66585732
vt 0.71021527 0.29904419
vt 0.19986989 0.87874877
vt 0.00801621 0.66276491
vt 0.45212531 0.76397783
vt 0.71021527 0.27767128
vt 0.00801621 0.64181852
vt 0.01293671 0.65316761
vt 0.19365452 0.86971515
vt 0.90622777 0.48111778
vt 0.45016018 0.77634764
vt 0.70215666 0.28926414
vt 0.46006209 0.77634764
vt 0.90715700 0.47127682
vt 0.18670794 0.87649417
vt 0.60862148 0.48593163
vt 0.34216821 0.04456460
vt 0.19648799 0.88679218
vt 0.61244518 0.47825384
vt 0.18778953 0.88517743
vt 0.91443872 0.46667624
vt 0.91005141 0.45508337
vt 0.34216821 0.02331358
vt 0.60862148 0.46486342
vt 0.18830748 0.89340365
vt 0.33503884 0.03615558
vt 0.92115682 0.46199948
vt 0.94167668 0.74041122
vt 0.25385824 0.67426634
vt 0.81803966 0.12652212
vt 0.19967185 0.89503366
vt 0.92101973 0.45154911
vt 0.94167668 0.71983045
vt 0.17927387 0.89943618
vt 0.25877875 0.66402924
vt 0.93899554 0.72956479
vt 0.92589450 0.45948589
vt 0.01211409 0.73322093
vt 0.01211409 0.72088158
vt 0.81803966 0.10487497
vt 0.25385824 0.65278673
vt 0.81368279 0.11855489
vt 0.01869506 0.73308378
vt 0.93206418 0.46146625
vt 0.19450761 0.90243721
vt 0.83816344 0.67125005
vt 0.20579581 0.90033495
vt 0.83334959 0.67909539
vt 0.20063157 0.90775383
vt 0.94009238 0.46320289
vt 0.95351326 0.45531183
vt 0.20171317 0.92298752
vt 0.83816344 0.69440532
vt 0.94732839 0.46723986
vt 0.20815703 0.91104430
vt 0.21415913 0.90115762
vt 0.95252311 0.47232795
vt 0.21507315 0.91203451
vt 0.37749526 0.75786906
vt 0.22386302 0.90773857
vt 0.95462537 0.48207754
vt 0.46006209 0.34812731
vt 0.38098377 0.75131857
vt 0.21979561 0.90010649
vt 0.45319170 0.35941547
vt 0.22727537 0.91771668
vt 0.38098377 0.76915729
vt 0.87640011 0.06144363
vt 0.23117521 0.90173650
vt 0.45319170 0.34299350
vt 0.95462537 0.49179667
vt 0.12651944 0.56548226
vt 0.87985814 0.05327833
vt 0.22588910 0.89395201
vt 0.11925296 0.57651144
vt 0.23722301 0.90987128
vt 0.87985814 0.07332593
vt 0.11925296 0.55931258
vt 0.95218796 0.50168335
vt 0.23722301 0.89370829
vt 0.33928904 0.56801105
vt 0.23705544 0.88625902
vt 0.94639915 0.50623822
vt 0.46479979 0.31340957
vt 0.86547750 0.18795979
vt 0.33679071 0.55501664
vt 0.46649075 0.30041522
vt 0.47299555 0.31340957
vt 0.93968105 0.51089978
vt 0.23653749 0.87804800
vt 0.85767782 0.20081705
vt 0.33679071 0.57651144
vt 0.86547750 0.20989639
vt 0.22802183 0.88574106
vt 0.54203480 0.09488165
vt 0.21510363 0.88502508
vt 0.61101317 0.64264107
vt 0.20594814 0.87257910
vt 0.60787505 0.63351607
vt 0.55062664 0.29595172
vt 0.90615159 0.48974007
vt 0.20009840 0.86432242
vt 0.19324321 0.85766530
vt 0.54253757 0.28699428
vt 0.61101317 0.62167948
vt 0.54253757 0.30335534
vt 0.20884256 0.85816801
vt 0.90680665 0.50063223
vt 0.93051034 0.48814052
vt 0.23123614 0.87024832
vt 0.93028182 0.51140249
vt 0.50614417 0.21975261
vt 0.84247458 0.72929060
vt 0.51469028 0.20681912
vt 0.20271860 0.60827380
vt 0.83833098 0.71586967
vt 0.83833098 0.73753202
vt 0.20271860 0.63257158
vt 0.22483797 0.87749958
vt 0.22029832 0.87312752
vt 0.64332396 0.30766648
vt 0.54343635 0.08088183
vt 0.21668793 0.86039209
vt 0.53638309 0.07094944
vt 0.33209872 0.57794344
vt 0.91350949 0.50567460
vt 0.22538640 0.86200690
vt 0.19178078 0.62184703
vt 0.51469028 0.22427702
vt 0.92028850 0.51181376
vt 0.32329363 0.57794344
vt 0.64839679 0.29692668
vt 0.64332396 0.28665918
vt 0.32666028 0.56683803
vt 0.54343635 0.06060576
vt 0.49144360 0.25734943
vt 0.60822541 0.62251735
vt 0.42411047 0.94311130
vt 0.49168733 0.24788928
vt 0.42359254 0.93377304
vt 0.42411047 0.92473942
vt 0.60822541 0.60374939
vt 0.49168733 0.23897755
vt 0.48740664 0.24152160
vt 0.61244518 0.60620201
vt 0.49127603 0.23186338
vt 0.60872811 0.59651339
vt 0.98337138 0.66856891
vt 0.98337138 0.70590681
vt 0.89207560 0.44211942
vt 0.88829768 0.42851573
vt 0.97107780 0.69825947
vt 0.87620205 0.46774256
vt 0.83767593 0.46992099
vt 0.84009814 0.46876323
vt 0.83732557 0.47232795
vt 0.83875757 0.47875655
vt 0.84261167 0.46667624
vt 0.84046370 0.48242790
vt 0.84334290 0.48661715
vt 0.84737986 0.49005997
vt 0.84745604 0.46437591
vt 0.85321438 0.46280682
vt 0.85249835 0.49365515
vt 0.85978007 0.49760067
vt 0.87620205 0.46774256
vt 0.86722940 0.50096738
vt 0.96899074 0.09344965
vt 0.87710088 0.50319147
vt 0.96899074 0.05201393
vt 0.88419980 0.50029707
vt 0.96525848 0.08674681
vt 0.89113110 0.49796629
vt 0.00215123 0.62341613
vt 0.90286112 0.47110921
vt 0.00431442 0.64407307
vt 0.90232795 0.49144626
vt 0.89935732 0.45474821
vt 0.00431442 0.60627818
vt 0.90016472 0.44898987
vt 0.00925015 0.10364103
vt 0.01005753 0.10134077
vt 0.89836717 0.43756455
vt 0.89486337 0.43855476
vt 0.01005753 0.10495114
vt 0.90042371 0.43882895
vt 0.90007335 0.44123590
vt 0.90071315 0.44473964
vt 0.89207560 0.44211942
vt 0.85633725 0.43204993
vt 0.84745604 0.45569271
vt 0.84277928 0.44874609
vt 0.85318387 0.43061799
vt 0.84142345 0.44266784
vt 0.84986293 0.42976487
vt 0.84197187 0.43841761
vt 0.84169763 0.43249172
vt 0.01293671 0.38650107
vt 0.84780639 0.42851573
vt 0.84322101 0.42933834
vt 0.01293671 0.39105594
vt 0.01208362 0.38976109
vt 0.97107780 0.69825947
vt 0.31197494 0.54654670
vt 0.98337138 0.66856891
vt 0.31197494 0.57870507
vt 0.96428353 0.69049025
vt 0.30281946 0.55105591
vt 0.97787201 0.66550696
vt 0.30577481 0.57939065
vt 0.30041254 0.57923830
vt 0.97269255 0.66348088
vt 0.29241484 0.57148433
vt 0.96219653 0.66745687
vt 0.29537019 0.57570410
vt 0.96655333 0.66473001
vt 0.95943922 0.67271250
vt 0.29183596 0.56555843
vt 0.39998025 0.03432757
vt 0.40110755 0.03909570
vt 0.95960677 0.67830324
vt 0.96122158 0.68432057
vt 0.39998025 0.04456460
vt 0.29777712 0.55554986
vt 0.17782667 0.87449855
vt 0.49709532 0.25159109
vt 0.46006209 0.25692290
vt 0.39105329 0.56069887
vt 0.40255475 0.46478724
vt 0.17190075 0.90717494
vt 0.46006209 0.29328585
vt 0.45802078 0.25776076
vt 0.49465790 0.25145400
vt 0.37382391 0.53100824
vt 0.37243766 0.53096259
vt 0.45861489 0.22570896
vt 0.40103137 0.49726558
vt 0.40255475 0.49743313
vt 0.45730481 0.22570896
vt 0.05406780 0.06468838
vt 0.17971565 0.87430054
vt 0.05406780 0.05382675
vt 0.52331257 0.02797508
vt 0.43130082 0.09201771
vt 0.09688983 0.90574294
vt 0.17768957 0.86188501
vt 0.17528264 0.86302757
vt 0.49887764 0.24008960
vt 0.49642503 0.23995250
vt 0.37301654 0.51927829
vt 0.05606342 0.05471027
vt 0.45861489 0.21434462
vt 0.36977175 0.51955247
vt 0.52134740 0.02817315
vt 0.43130082 0.08179587
vt 0.52331257 0.03737432
vt 0.37205681 0.50899553
vt 0.58772081 0.60452628
vt 0.58564901 0.60525751
vt 0.09920536 0.89603907
vt 0.42957941 0.08216149
vt 0.58592325 0.59509659
vt 0.18402681 0.88491845
vt 0.09742301 0.88589340
vt 0.17190075 0.85413104
vt 0.09688983 0.89593244
vt 0.18149801 0.89424151
vt 0.49790269 0.23044670
vt 0.49545008 0.23030955
vt 0.37421998 0.50978768
vt 0.37680975 0.50032753
vt 0.58801025 0.59435016
vt 0.38899672 0.48635823
vt 0.00719359 0.14376670
vt 0.58758372 0.57434827
vt 0.38235483 0.49242121
vt 0.58781219 0.58421969
vt 0.58586228 0.58386934
vt 0.71595842 0.83365691
vt 0.18329558 0.87484896
vt 0.18149801 0.88408059
vt 0.71396279 0.84392446
vt 0.43561196 0.02572048
vt 0.49660784 0.22089511
vt 0.49465790 0.22155017
vt 0.43376866 0.02587283
vt 0.37886629 0.50150055
vt 0.43376866 0.01590997
vt 0.39760378 0.48018855
vt 0.38392389 0.49392939
vt 0.39105329 0.48751599
vt 0.39760378 0.47078931
vt 0.00719359 0.14131409
vt 0.39967558 0.47013426
vt 0.08249395 0.02981836
vt 0.00522844 0.14033914
vt 0.58564901 0.57399786
vt 0.00522844 0.14279175
vt 0.08482471 0.03051913
vt 0.71396279 0.82393777
vt 0.43561196 0.01574242
vt 0.71396279 0.83393109
vt 0.08249395 0.03882152
vt 0.39967558 0.47953349
vt 0.44757044 0.04741335
vt 0.44856063 0.04546338
vt 0.74013436 0.13561666
vt 0.74453688 0.13753611
vt 0.44856063 0.05032295
vt 0.74510056 0.13540339
vt 0.73711807 0.13228047
vt 0.74403417 0.12853295
vt 0.73213661 0.12592798
vt 0.72666770 0.11713815
vt 0.72270691 0.10836351
vt 0.71956879 0.10032010
vt 0.71711618 0.09157592
vt 0.77378565 0.13841969
vt 0.77020574 0.14050668
vt 0.77712184 0.13346869
vt 0.76453876 0.14142072
vt 0.75887185 0.14233476
vt 0.75446928 0.14040005
vt 0.75018859 0.13662207
vt 0.74717230 0.13330114
vt 0.77977252 0.12594324
vt 0.77997059 0.11623937
vt 0.77890420 0.10609370
vt 0.77550709 0.09518635
vt 0.77073890 0.08240521
vt 0.00979856 0.04910427
vt 0.01005753 0.04549390
vt 0.69426554 0.10164541
vt 0.69923174 0.10472262
vt 0.01005753 0.05175495
vt 0.70131880 0.10260516
vt 0.70421320 0.10121888
vt 0.69067037 0.09715146
vt 0.68626785 0.09195679
vt 0.70949930 0.09602416
vt 0.68312967 0.08391339
vt 0.68218523 0.07518440
vt 0.71711618 0.09157592
vt 0.68250513 0.06691253
vt 0.71956879 0.10032010
vt 0.77073890 0.08240521
vt 0.72829771 0.06193107
vt 0.79602695 0.07452935
vt 0.79351336 0.08019632
vt 0.79646868 0.06767422
vt 0.79403132 0.06222051
vt 0.79031426 0.05630982
vt 0.78993344 0.08555859
vt 0.78507388 0.08720386
vt 0.78010768 0.08741713
vt 0.78521097 0.05180067
vt 0.77501959 0.08619845
vt 0.77849287 0.04913473
vt 0.77131778 0.04672784
vt 0.75847578 0.04525012
vt 0.01150474 0.38417029
vt 0.01027081 0.38960874
vt 0.52037245 0.01287848
vt 0.75527668 0.00165117
vt 0.70805210 0.84796143
vt 0.52188063 0.02300888
vt 0.01027081 0.37897557
vt 0.52188063 0.00818646
vt 0.71021527 0.86304283
vt 0.70805210 0.86835939
vt 0.76709807 0.01868248
vt 0.74948788 0.00113326
vt 0.76709807 0.02524823
vt 0.74382091 0.00204724
vt 0.73909843 0.00510925
vt 0.76514810 0.03207296
vt 0.76319820 0.03889769
vt 0.73343152 0.00931376
vt 0.72870904 0.01566625
vt 0.72412366 0.02343541
vt 0.40110755 0.10292506
vt 0.40036109 0.10783035
vt 0.58657825 0.62996662
vt 0.68218523 0.01863682
vt 0.58546621 0.61898315
vt 0.40036109 0.09768468
vt 0.58546621 0.63545078
vt 0.69012201 0.00591666
vt 0.69496632 0.00427139
vt 0.68218523 0.02520251
vt 0.70075512 0.00478935
vt 0.68220043 0.03178352
vt 0.70559949 0.00643456
vt 0.68451595 0.03909570
vt 0.71196717 0.01140076
vt 0.71751225 0.01562053
vt 0.68672484 0.04499114
vt 0.69044191 0.05090183
vt 0.68584132 0.05867106
vt 0.48760471 0.23577845
vt 0.48760471 0.12923372
vt 0.52331257 0.13956219
vt 0.00862556 0.48474342
vt 0.34175691 0.75078541
vt 0.38960606 0.53624868
vt 0.27769905 0.56016564
vt 0.66708857 0.19481498
vt 0.00812285 0.48026472
vt 0.38821980 0.53199852
vt 0.27769905 0.56932116
vt 0.38960606 0.52284300
vt 0.34105614 0.73817182
vt 0.23039830 0.73558211
vt 0.66468161 0.18596417
vt 0.66679913 0.19051903
vt 0.27890250 0.56455296
vt 0.00812285 0.48881084
vt 0.66468161 0.20270604
vt 0.23144943 0.71964765
vt 0.34355450 0.75410634
vt 0.23434383 0.74041122
vt 0.34451422 0.73317516
vt 0.34670788 0.75616288
vt 0.23434383 0.71746922
vt 0.38674212 0.73046362
vt 0.85111213 0.98901057
vt 0.34227484 0.72523844
vt 0.85111213 0.94854975
vt 0.86546230 0.98911721
vt 0.38354304 0.74347317
vt 0.37965843 0.74946010
vt 0.87210417 0.98649698
vt 0.35037920 0.75832611
vt 0.81228131 0.83717591
vt 0.28924620 0.62678277
vt 0.35758474 0.76131189
vt 0.29040399 0.63411021
vt 0.36504927 0.76196694
vt 0.28924620 0.64120913
vt 0.81121492 0.85254675
vt 0.88704848 0.97580290
vt 0.87930977 0.98422718
vt 0.37531683 0.75559926
vt 0.88360566 0.98046446
vt 0.37073147 0.75930107
vt 0.34451422 0.73317516
vt 0.85909456 0.95184022
vt 0.88302678 0.95805562
vt 0.81121492 0.83280385
vt 0.34670788 0.75616288
vt 0.52907091 0.30030859
vt 0.28781426 0.74971902
vt 0.49704960 0.30190814
vt 0.00103916 0.55411786
vt 0.42411047 0.04721528
vt 0.52600896 0.29343820
vt 0.49704960 0.29502249
vt 0.00103916 0.55925167
vt 0.49887764 0.29960781
vt 0.28565106 0.74763203
vt 0.28592527 0.74531651
vt 0.42255664 0.04563099
vt 0.00143524 0.55705798
vt 0.42255664 0.05032295
vt 0.28999266 0.74149281
vt 0.52271843 0.29404753
vt 0.29051062 0.75192791
vt 0.52817214 0.30405611
vt 0.29355738 0.75288767
vt 0.52645069 0.30655444
vt 0.52308404 0.31030190
vt 0.29858449 0.75378644
vt 0.51887953 0.31278503
vt 0.30399248 0.75343609
vt 0.51302981 0.31461304
vt 0.14233206 0.78792524
vt 0.31075627 0.75182128
vt 0.29369447 0.73891830
vt 0.51857489 0.29339248
vt 0.51453793 0.29151869
vt 0.50800264 0.31772077
vt 0.81084937 0.36259931
vt 0.14109813 0.79449099
vt 0.14233206 0.80078250
vt 0.80460352 0.36517382
vt 0.80941737 0.27459401
vt 0.32327840 0.74863744
vt 0.80172431 0.27413702
vt 0.32970703 0.74350369
vt 0.79240131 0.27278119
vt 0.83822435 0.41701424
vt 0.33592239 0.73620671
vt 0.84392178 0.42409790
vt 0.34451422 0.73317516
vt 0.80941737 0.24408084
vt 0.80460352 0.33683908
vt 0.50800264 0.28772551
vt 0.30067152 0.72915351
vt 0.34227484 0.72523844
vt 0.83822435 0.42987150
vt 0.78053421 0.26738846
vt 0.36086002 0.04476267
vt 0.86220229 0.65656471
vt 0.74471968 0.98474509
vt 0.51802647 0.93636274
vt 0.58257180 0.23577845
vt 0.85655057 0.64227545
vt 0.35389820 0.02524823
vt 0.58257180 0.21489304
vt 0.84785211 0.65325904
vt 0.59232140 0.22429222
vt 0.52619177 0.92467850
vt 0.24325557 0.91601050
vt 0.56500733 0.20893663
vt 0.87320101 0.69935632
vt 0.83540612 0.44617158
vt 0.86441118 0.69716263
vt 0.44711342 0.76018465
vt 0.88087881 0.69716263
vt 0.56212813 0.52323908
vt 0.04754776 0.03100657
vt 0.85783017 0.69167852
vt 0.06756489 0.52619445
vt 0.85562128 0.68290389
vt 0.79369617 0.09532344
vt 0.92411214 0.21803117
vt 0.06756489 0.49583358
vt 0.83353239 0.66422731
vt 0.79369617 0.12219572
vt 0.85779971 0.67411399
vt 0.56500733 0.23003536
vt 0.80365902 0.11031342
vt 0.55461788 0.22098655
vt 0.25303563 0.92873067
vt 0.79331529 0.89940572
vt 0.92080647 0.23721045
vt 0.05900353 0.51417500
vt 0.93017519 0.23721045
vt 0.80208993 0.89611524
vt 0.84250504 0.67412925
vt 0.80976772 0.89498794
vt 0.84142345 0.68180704
vt 0.55431324 0.53790915
vt 0.84142345 0.69388735
vt 0.82184809 0.89494222
vt 0.89567077 0.60324669
vt 0.89567077 0.62107015
vt 0.04754776 0.06037724
vt 0.56212813 0.55350852
vt 0.05606342 0.04744381
vt 0.88854140 0.60621727
vt 0.83062273 0.89713591
vt 0.84363234 0.70266199
vt 0.84795874 0.71363032
vt 0.84159100 0.90167558
vt 0.85254407 0.91061777
vt 0.83540612 0.46868706
vt 0.85667241 0.72458339
vt 0.84104258 0.45465678
vt 0.83720368 0.91582769
vt 0.86226320 0.70924300
vt 0.83830053 0.92679596
vt 0.87323147 0.71033978
vt 0.44210154 0.77055877
vt 0.88311821 0.70924300
vt 0.83720368 0.93666744
vt 0.85254407 0.94349217
vt 0.88960773 0.72458339
vt 0.44711342 0.78784907
vt 0.84159100 0.95318079
vt 0.89954013 0.71363032
vt 0.31197494 0.75680274
vt 0.30347452 0.77794713
vt 0.88745981 0.69167852
vt 0.30374873 0.77342272
vt 0.90179473 0.70266199
vt 0.83062273 0.95523739
vt 0.68440932 0.49600118
vt 0.68440932 0.48248881
vt 0.30347452 0.80654085
vt 0.31197494 0.78496993
vt 0.31054297 0.79357696
vt 0.69295543 0.49304581
vt 0.82184809 0.95746148
vt 0.90397316 0.69388735
vt 0.63113695 0.22739995
vt 0.13657372 0.76641524
vt 0.91148341 0.66422731
vt 0.52067715 0.04930234
vt 0.90286112 0.67412925
vt 0.80208993 0.95639515
vt 0.62309355 0.24313635
vt 0.52907091 0.06496257
vt 0.52067715 0.07906902
vt 0.88963825 0.68290389
vt 0.80976772 0.95749193
vt 0.90395796 0.68180704
vt 0.35389820 0.05463409
vt 0.86438072 0.66862988
vt 0.87315530 0.66643620
vt 0.87317055 0.65546787
vt 0.73949450 0.97583336
vt 0.24325557 0.96180308
vt 0.52619177 0.96756148
vt 0.71338391 0.99344355
vt 0.81091028 0.92527258
vt 0.63113695 0.24440080
vt 0.79331529 0.95310462
vt 0.71495295 0.96184880
vt 0.53912520 0.86421579
vt 0.12821040 0.78090250
vt 0.13657372 0.79359221
vt 0.53025913 0.87698168
vt 0.88744456 0.67411399
vt 0.54057240 0.22715616
vt 0.88083315 0.66862988
vt 0.88305724 0.65656471
vt 0.53383911 0.21673632
vt 0.73244131 0.96952659
vt 0.53025913 0.85457283
vt 0.72873950 0.95342457
vt 0.89833671 0.65325904
vt 0.88945544 0.64227545
vt 0.74471968 0.95295233
vt 0.54057240 0.19700861
vt 0.16888447 0.56727982
vt 0.86835670 0.65370083
vt 0.11354031 0.01517874
vt 0.38529491 0.55870318
vt 0.16705641 0.57061601
vt 0.11644994 0.01746380
vt 0.11354031 0.01868248
vt 0.86492908 0.65414256
vt 0.00947865 0.50031233
vt 0.38314697 0.55576313
vt 0.01034698 0.48320484
vt 0.36853781 0.56577170
vt 0.37068576 0.56871176
vt 0.18206164 0.58155382
vt 0.86492908 0.63618201
vt 0.18434671 0.57917738
vt 0.01374410 0.48277825
vt 0.01151997 0.45180809
vt 0.34026399 0.58004570
vt 0.34099522 0.58319902
vt 0.21227014 0.59648287
vt 0.21409820 0.59314668
vt 0.01438391 0.45061988
vt 0.00947865 0.41539943
vt 0.15467139 0.00466746
vt 0.30460182 0.58772349
vt 0.30533305 0.59089208
vt 0.24788663 0.60382557
vt 0.01187035 0.41605449
vt 0.24785616 0.60023034
vt 0.15526551 0.00206250
vt 0.29040399 0.59738171
vt 0.11411919 0.00483501
vt 0.11373834 0.00832355
vt 0.26126185 0.58490527
vt 0.26075912 0.58813477
vt 0.29125708 0.60074830
vt 0.20996985 0.57670951
vt 0.33982223 0.58938396
vt 0.41692016 0.44755787
vt 0.00135907 0.00206250
vt 0.39210442 0.56727982
vt 0.33896914 0.58601731
vt 0.06180654 0.00512445
vt 0.06142569 0.00862825
vt 0.21047257 0.57347995
vt 0.39248523 0.56968677
vt 0.15462568 0.55824620
vt 0.41446751 0.44752741
vt 0.41446751 0.44999528
vt 0.15467139 0.55576313
vt 0.00097823 0.00556624
vt 0.39105329 0.60135770
vt 0.32064295 0.75218689
vt 0.33537397 0.54059029
vt 0.52043337 0.16676962
vt 0.39027634 0.59428918
vt 0.51740187 0.16130072
vt 0.52043337 0.15875673
vt 0.33785707 0.53201371
vt 0.16224256 0.81526983
vt 0.38639176 0.59380174
vt 0.16676697 0.82728922
vt 0.56931847 0.12944698
vt 0.68317538 0.90598667
vt 0.38639176 0.61026943
vt 0.38852447 0.62970769
vt 0.68433315 0.92684168
vt 0.42080477 0.13802361
vt 0.95828146 0.50300866
vt 0.32064295 0.78065872
vt 0.16224256 0.82809663
vt 0.33785707 0.54919738
vt 0.32347643 0.76016939
vt 0.96036845 0.48361611
vt 0.93672568 0.09587187
vt 0.56467217 0.12944698
vt 0.56631738 0.14664590
vt 0.93879747 0.11706197
vt 0.94598782 0.85803092
vt 0.40762758 0.04014683
vt 0.68156064 0.92755765
vt 0.68433315 0.95461279
vt 0.40829787 0.06676018
vt 0.42267850 0.11447221
vt 0.48592898 0.13161021
vt 0.40994310 0.02818835
vt 0.39507499 0.06354588
vt 0.41731623 0.08583283
vt 0.93672568 0.14376670
vt 0.96036845 0.52762640
vt 0.41803223 0.11470073
vt 0.39679641 0.03367251
vt 0.01672991 0.42528617
vt 0.94132632 0.88095766
vt 0.40762758 0.09776086
vt 0.94598782 0.90860689
vt 0.01869506 0.45788634
vt 0.42121607 0.08642691
vt 0.48234907 0.16670871
vt 0.41626510 0.05074954
vt 0.96612680 0.20127404
vt 0.41803223 0.00931376
vt 0.96154147 0.24197859
vt 0.48592898 0.20846438
vt 0.96612680 0.24296880
vt 0.42267850 0.00907004
vt 0.40994310 0.11357343
vt 0.01672991 0.49743313
vt 0.39679641 0.09919280
vt 0.41117704 0.06724763
vt 0.42018017 0.05134362
vt 0.38785419 0.06281465
vt 0.01593776 0.06607467
vt 0.00676705 0.02040392
vt 0.40829787 0.02596420
vt 0.39391720 0.09632885
vt 0.01019464 0.03441894
vt 0.01869506 0.06476456
vt 0.30047348 0.75870693
vt 0.03898640 0.02875203
vt 0.04026603 0.02594900
vt 0.39892912 0.05237955
vt 0.40284419 0.05323261
vt 0.39052010 0.06284511
vt 0.40275279 0.08342588
vt 0.44280228 0.19853199
vt 0.39391720 0.03166163
vt 0.01019464 0.09488165
vt 0.39068767 0.03175306
vt 0.43978599 0.19984210
vt 0.58369911 0.61448920
vt 0.29713729 0.78545737
vt 0.30047348 0.78641713
vt 0.58072853 0.61532700
vt 0.07207407 0.02861488
vt 0.07175416 0.02674115
vt 0.39985839 0.08246619
vt 0.10235874 0.02040392
vt 0.00142001 0.51170713
vt 0.38674212 0.54186994
vt 0.40544915 0.11645263
vt 0.40829787 0.11588895
vt 0.38366491 0.54200703
vt 0.44568145 0.13307261
vt 0.43891767 0.16817117
vt 0.43571860 0.16817117
vt 0.57256323 0.58475292
vt 0.10351650 0.02345067
vt 0.56936413 0.58548415
vt 0.00451245 0.51181376
vt 0.38366491 0.50520229
vt 0.00329376 0.47353142
vt 0.44236049 0.17140073
vt 0.44525492 0.17083704
vt 0.46117416 0.32347912
vt 0.43696776 0.13087898
vt 0.46281940 0.28362763
vt 0.43713534 0.08895570
vt 0.43376866 0.13087898
vt 0.56854153 0.54930401
vt 0.56549478 0.54893839
vt 0.00638620 0.47363806
vt 0.44568145 0.21134359
vt 0.00440582 0.43270499
vt 0.39536443 0.47321147
vt 0.46580523 0.28434360
vt 0.46117416 0.24197859
vt 0.39483124 0.51546991
vt 0.43961844 0.04576808
vt 0.43393624 0.08897096
vt 0.56998873 0.50904125
vt 0.56694198 0.50869083
vt 0.00719359 0.43176049
vt 0.00266917 0.38735414
vt 0.39169309 0.51639915
vt 0.39536443 0.55689037
vt 0.52331257 0.28731418
vt 0.44280228 0.00210822
vt 0.52331257 0.29040664
vt 0.58369911 0.42350382
vt 0.43995357 0.00108755
vt 0.43675449 0.04474741
vt 0.57445222 0.46594501
vt 0.57140547 0.46559459
vt 0.00576162 0.38746077
vt 0.39222628 0.55781966
vt 0.00142001 0.34351146
vt 0.52023536 0.28728372
vt 0.52020490 0.29040664
vt 0.00451245 0.34361809
vt 0.58065236 0.42313820
vt 0.94059509 0.45861757
vt 0.94269735 0.45055890
vt 0.94455582 0.45025426
vt 0.94059509 0.44349045
vt 0.04169801 0.07536721
vt 0.59565759 0.64407307
vt 0.03919967 0.07436180
vt 0.94292581 0.44280493
vt 0.03919967 0.08338016
vt 0.59504825 0.63438439
vt 0.59807974 0.63435394
vt 0.59495682 0.62256300
vt 0.59800357 0.62253261
vt 0.59785122 0.60851753
vt 0.59422559 0.60848707
vt 0.59616029 0.59343612
vt 0.59253466 0.59340566
vt 0.59477401 0.57712078
vt 0.59081328 0.57722747
vt 0.59331161 0.55861181
vt 0.59028006 0.55864227
vt 0.59361625 0.53667521
vt 0.58999062 0.53664476
vt 0.59120935 0.50357234
vt 0.59424084 0.50354183
vt 0.59614509 0.46164906
vt 0.59218431 0.46175569
vt 0.59807974 0.42083788
vt 0.59504825 0.42086840
vt 0.38532540 0.86488605
vt 0.38957560 0.87331033
vt 0.36072290 0.90216303
vt 0.38899672 0.88432431
vt 0.38674212 0.89175838
vt 0.38014591 0.89850694
vt 0.37173688 0.90275717
vt 0.39481601 0.70954764
vt 0.37441802 0.91421294
vt 0.39967558 0.72019601
vt 0.12651944 0.86403298
vt 0.38751906 0.90845454
vt 0.12222353 0.87710351
vt 0.39694872 0.89769953
vt 0.12098960 0.89037210
vt 0.40110755 0.88500983
vt 0.12222353 0.90400630
vt 0.40110755 0.87058347
vt 0.12651944 0.91462421
vt 0.29250625 0.86806995
vt 0.39534917 0.85748249
vt 0.37840927 0.85937148
vt 0.37114277 0.85603529
vt 0.35997644 0.85652274
vt 0.35171977 0.85969138
vt 0.53338206 0.09344965
vt 0.34620515 0.86662269
vt 0.52827877 0.08729523
vt 0.34286895 0.87387395
vt 0.34337169 0.88505554
vt 0.34654030 0.89331222
vt 0.35328883 0.89990842
vt 0.36107329 0.91436523
vt 0.39178449 0.69690371
vt 0.37974983 0.69822901
vt 0.91066080 0.35041237
vt 0.38275090 0.71500134
vt 0.38983458 0.72746253
vt 0.89329433 0.35079318
vt 0.11555116 0.85874689
vt 0.87731415 0.34962016
vt 0.11003654 0.87433100
vt 0.93268877 0.62129867
vt 0.10819326 0.89099669
vt 0.93287158 0.60525751
vt 0.11003654 0.90770811
vt 0.11555116 0.92010838
vt 0.93268877 0.58792150
vt 0.50041628 0.22858816
vt 0.30047348 0.87267053
vt 0.30047348 0.85728443
vt 0.49902999 0.20985067
vt 0.94280398 0.71740830
vt 0.38459417 0.84805280
vt 0.93555272 0.70928872
vt 0.37191969 0.84387875
vt 0.92594022 0.69940197
vt 0.67961073 0.15948790
vt 0.35747811 0.84387875
vt 0.68474448 0.14851964
vt 0.34547395 0.84978944
vt 0.68664867 0.13424563
vt 0.33496267 0.86037689
vt 0.53338206 0.07597661
vt 0.33062103 0.87414819
vt 0.68424177 0.12009346
vt 0.33062103 0.87414819
vt 0.67961073 0.10845488
vt 0.39967558 0.65973336
vt 0.33078861 0.88749295
vt 0.39408478 0.67038172
vt 0.33762857 0.90074629
vt 0.34730199 0.91002363
vt 0.39186066 0.68247736
vt 0.37930807 0.68142617
vt 0.86188233 0.50409031
vt 0.37153885 0.68060356
vt 0.87929451 0.50614679
vt 0.92874324 0.34194237
vt 0.37112755 0.69845748
vt 0.37514925 0.71632671
vt 0.91120917 0.34299350
vt 0.10766008 0.85582197
vt 0.89388841 0.34227753
vt 0.10214547 0.87247247
vt 0.87731415 0.34098268
vt 0.15779431 0.90286380
vt 0.87764925 0.33225375
vt 0.15883020 0.89546019
vt 0.10059163 0.89052445
vt 0.13971186 0.90234584
vt 0.94045794 0.62251735
vt 0.94170713 0.60492241
vt 0.94152433 0.58758640
vt 0.93329811 0.57146907
vt 0.95448822 0.71582401
vt 0.50749993 0.21274507
vt 0.50749993 0.19487590
vt 0.94571358 0.70430726
vt 0.93433398 0.69271439
vt 0.69053328 0.16533768
vt 0.92188805 0.67949152
vt 0.69761699 0.15083516
vt 0.91105688 0.67033601
vt 0.69895756 0.13448936
vt 0.97791773 0.98049492
vt 0.69632208 0.11687917
vt 0.96148050 0.97990078
vt 0.69021338 0.10251373
vt 0.68069232 0.09210908
vt 0.94489098 0.98049492
vt 0.38328406 0.66465384
vt 0.37466177 0.66489756
vt 0.94316959 0.97164410
vt 0.84486628 0.50677145
vt 0.86244601 0.51330668
vt 0.87985814 0.51441872
vt 0.92755497 0.33312207
vt 0.91099590 0.33306110
vt 0.89362949 0.33342671
vt 0.89573175 0.30652392
vt 0.17252533 0.86720163
vt 0.15908918 0.86944097
vt 0.14585106 0.86781096
vt 0.14109813 0.89346457
vt 0.95026851 0.62174040
vt 0.12470663 0.88822418
vt 0.95045131 0.60569930
vt 0.70876807 0.89290094
vt 0.95138055 0.58746451
vt 0.94213367 0.57113397
vt 0.69211757 0.90286380
vt 0.96164811 0.71052265
vt 0.67301452 0.90185833
vt 0.95185280 0.69932580
vt 0.94013804 0.68598109
vt 0.92761594 0.67426634
vt 0.91619062 0.66287148
vt 0.06655946 0.83169174
vt 0.70733613 0.13421518
vt 0.70442647 0.11558431
vt 0.08493134 0.82945240
vt 0.97906023 0.97172028
vt 0.96158713 0.97219253
vt 0.52005255 0.15449125
vt 0.96148050 0.96232104
vt 0.94446445 0.96291518
vt 0.53338206 0.14602131
vt 0.61101317 0.67714548
vt 0.84442449 0.51481485
vt 0.86296397 0.53998095
vt 0.87693328 0.54094064
vt 0.56643927 0.45046753
vt 0.48737618 0.33785975
vt 0.92229933 0.30710280
vt 0.47668210 0.33284783
vt 0.91002095 0.30707234
vt 0.90005809 0.28700954
vt 0.16819894 0.84476233
vt 0.16326322 0.84547830
vt 0.15724589 0.84598100
vt 0.15084772 0.84462523
vt 0.70876807 0.84109098
vt 0.14444955 0.84326941
vt 0.13243014 0.86378926
vt 0.97523659 0.60342944
vt 0.97618109 0.59002376
vt 0.12347270 0.85679698
vt 0.70608693 0.86723208
vt 0.95090830 0.57102728
vt 0.69217855 0.89579535
vt 0.67446172 0.89349502
vt 0.49037725 0.03163117
vt 0.63977450 0.31916797
vt 0.95893651 0.69271439
vt 0.62597275 0.31002772
vt 0.94688660 0.68042076
vt 0.93442541 0.66719788
vt 0.05216358 0.84550875
vt 0.06922536 0.83933914
vt 0.08657659 0.83709973
vt 0.97892314 0.96294564
vt 0.53338206 0.17827111
vt 0.96205938 0.93726158
vt 0.10063733 0.86564779
vt 0.83799589 0.54642487
vt 0.61101317 0.64603823
vt 0.59972501 0.65459955
vt 0.84984773 0.54135203
vt 0.85641342 0.56374562
vt 0.86275071 0.56331903
vt 0.86866134 0.56341040
vt 0.87469393 0.56382179
vt 0.56125981 0.47158146
vt 0.90644103 0.28723806
vt 0.48737618 0.31240416
vt 0.56643927 0.47587740
vt 0.87985814 0.56621349
vt 0.17252533 0.84272099
vt 0.16440575 0.83219445
vt 0.87391698 0.57794344
vt 0.84713608 0.97467560
vt 0.84277928 0.97357881
vt 0.84055513 0.97906291
vt 0.15710878 0.83300185
vt 0.14857790 0.83120430
vt 0.83178049 0.97906291
vt 0.69976491 0.83156991
vt 0.13980326 0.84051210
vt 0.70396942 0.84357405
vt 0.69950598 0.84543258
vt 0.69225472 0.86931908
vt 0.67871189 0.86782622
vt 0.50175685 0.01007545
vt 0.96324766 0.66287148
vt 0.63977450 0.28784740
vt 0.49037725 0.00146836
vt 0.66612887 0.86330175
vt 0.05216358 0.87667698
vt 0.06256822 0.87082720
vt 0.07492279 0.86602861
vt 0.97546512 0.93773383
vt 0.08918156 0.86385018
vt 0.09507702 0.88702071
vt 0.84643537 0.56705129
vt 0.85164529 0.56514704
vt 0.84713608 0.96040159
vt 0.86083120 0.57501853
vt 0.86831099 0.57606971
vt 0.84823292 0.96807939
vt 0.84280974 0.96809465
vt 0.83737129 0.96809465
vt 0.83734083 0.97357881
vt 0.83181095 0.97357881
vt 0.82739317 0.97467560
vt 0.69425035 0.83323038
vt 0.69327539 0.84538686
vt 0.68634403 0.84538686
vt 0.68006772 0.84416819
vt 0.67551285 0.84189838
vt 0.06713834 0.89468324
vt 0.07170846 0.89131659
vt 0.07670513 0.88927531
vt 0.08298143 0.88808703
vt 0.08944053 0.88732535
vt 0.85606307 0.57734931
vt 0.09303570 0.90065491
vt 0.84277928 0.95711112
vt 0.84282494 0.96151364
vt 0.83734083 0.96151364
vt 0.83185667 0.96809465
vt 0.82632679 0.96809465
vt 0.68765414 0.83173746
vt 0.68067706 0.82968092
vt 0.82742363 0.96040159
vt 0.07774103 0.90286380
vt 0.83181095 0.95711112
vt 0.08273769 0.90080720
vt 0.08788669 0.90073109
vt 0.83729511 0.95711112
vt 0.83185667 0.96151364
vt 0.10234351 0.01572716
vt 0.00382694 0.15493304
vt 0.19121712 0.59416735
vt 0.57918990 0.00474364
vt 0.10351650 0.01868248
vt 0.00431442 0.15814734
vt 0.00239496 0.15753800
vt 0.18969375 0.59223270
vt 0.58130741 0.00574905
vt 0.18911487 0.59520328
vt 0.58313543 0.00532252
vt 0.18731728 0.59476149
vt 0.18673840 0.59019136
vt 0.58369911 0.00095046
vt 0.10351650 0.01508737
vt 0.57918990 0.00111800
vt 0.19121712 0.59038937
vt 0.00239496 0.15487212
vt 0.09110101 0.01708299
vt 0.07844178 0.01720482
vt 0.41437611 0.08338016
vt 0.09110101 0.02012968
vt 0.08194554 0.01904809
vt 0.09344701 0.01645839
vt 0.39129701 0.47842145
vt 0.07627858 0.01872820
vt 0.39248523 0.48162049
vt 0.48609656 0.00157499
vt 0.07656803 0.02207965
vt 0.09688983 0.01868248
vt 0.41548818 0.08338016
vt 0.08183890 0.02057147
vt 0.07781719 0.02300888
vt 0.48737618 0.00125510
vt 0.09920536 0.01510257
vt 0.09920536 0.01807314
vt 0.08090964 0.02300888
vt 0.09344701 0.01950514
vt 0.41548818 0.08118653
vt 0.09688983 0.01671737
vt 0.48737618 0.00431710
vt 0.38966700 0.48162049
vt 0.56069618 0.15804070
vt 0.55970597 0.16389048
vt 0.16751343 0.76772529
vt 0.18003556 0.76475471
vt 0.55970597 0.15223664
vt 0.16439052 0.76627809
vt 0.16202928 0.76210403
vt 0.18707354 0.76051974
vt 0.16311088 0.75416732
vt 0.19319750 0.75532508
vt 0.19711258 0.74965811
vt 0.17826845 0.79354650
vt 0.16624904 0.71884024
vt 0.20012885 0.74301618
vt 0.20210925 0.73605436
vt 0.49651644 0.28641540
vt 0.49743044 0.28201288
vt 0.25589958 0.74566686
vt 0.81631827 0.69824421
vt 0.25484845 0.73773009
vt 0.49743044 0.29040664
vt 0.25484845 0.75046551
vt 0.81803966 0.68537176
vt 0.19121712 0.78134429
vt 0.18981563 0.76633906
vt 0.81803966 0.70158041
vt 0.18817037 0.78641713
vt 0.00103916 0.41686189
vt 0.19235966 0.95526785
vt 0.00143524 0.44137299
vt 0.18817037 0.76300287
vt 0.00143524 0.40729511
vt 0.19839221 0.92309415
vt 0.04169801 0.45721608
vt 0.62539381 0.89958853
vt 0.40244812 0.70464242
vt 0.95982003 0.80763769
vt 0.22850931 0.72962570
vt 0.19488846 0.96122420
vt 0.03424871 0.50448632
vt 0.19839221 0.96611428
vt 0.03670134 0.51074743
vt 0.61910230 0.94745290
vt 0.04169801 0.51469296
vt 0.95462537 0.79443002
vt 0.40244812 0.76484615
vt 0.62539381 0.94886965
vt 0.58016485 0.59690940
vt 0.57883954 0.58566689
vt 0.95588976 0.85109955
vt 0.43417999 0.73891830
vt 0.95462537 0.84247726
vt 0.58369911 0.60813665
vt 0.58051527 0.57774538
vt 0.58369911 0.57093590
vt 0.95063412 0.80078250
vt 0.23146465 0.68852508
vt 0.96755880 0.85109955
vt 0.21773906 0.69180036
vt 0.14486086 0.75809759
vt 0.21551493 0.68742830
vt 0.01005753 0.13726193
vt 0.00926538 0.13945556
vt 0.31624040 0.02300888
vt 0.56933367 0.22284502
vt 0.31773329 0.01968795
vt 0.00926538 0.13608891
vt 0.57219762 0.21755892
vt 0.31624040 0.01729625
vt 0.56707907 0.22180915
vt 0.13520268 0.75614768
vt 0.14257580 0.76312470
vt 0.56707907 0.20959169
vt 0.14402302 0.77694172
vt 0.96132821 0.79976189
vt 0.14678031 0.79781193
vt 0.37012213 0.03323072
vt 0.37091428 0.02861488
vt 0.10184079 0.89696831
vt 0.97762829 0.78870213
vt 0.10351650 0.90860689
vt 0.37091428 0.03882152
vt 0.10351650 0.89288568
vt 0.97194612 0.80035597
vt 0.97570884 0.78036928
vt 0.97165668 0.77045214
vt 0.96760446 0.80078250
vt 0.96670568 0.76271343
vt 0.13329846 0.68742830
vt 0.13520268 0.84247726
vt 0.96132821 0.75832611
vt 0.12018222 0.69204414
vt 0.10884831 0.69860983
vt 0.09973854 0.70564783
vt 0.09434579 0.71200031
vt 0.09014128 0.71848989
vt 0.08951670 0.72496420
vt 0.09006511 0.73156041
vt 0.09300523 0.73798907
vt 0.09772769 0.74245250
vt 0.10484184 0.74674845
vt 0.11389068 0.74842417
vt 0.11302236 0.78209072
vt 0.52983260 0.96756148
vt 0.46470839 0.35079318
vt 0.96036845 0.23289931
vt 0.12549879 0.74929249
vt 0.15980516 0.76163185
vt 0.95451874 0.18856913
vt 0.96036845 0.18668014
vt 0.46470839 0.31526810
vt 0.47145694 0.31689811
vt 0.47875389 0.32066083
vt 0.52983260 0.92431289
vt 0.53626126 0.92932481
vt 0.11302236 0.75113577
vt 0.12194932 0.75212598
vt 0.11692219 0.78030837
vt 0.12822562 0.75497466
vt 0.13271958 0.75844795
vt 0.13364884 0.76315522
vt 0.12082203 0.77851081
vt 0.00143524 0.54381984
vt 0.00094776 0.54775012
vt 0.12383831 0.77796239
vt 0.13054115 0.77197552
vt 0.00094776 0.53793967
vt 0.13370977 0.76722258
vt 0.43640411 0.80533743
vt 0.50123888 0.92010838
vt 0.37955180 0.07475787
vt 0.96755880 0.87941909
vt 0.43788177 0.78498513
vt 0.36203301 0.06325644
vt 0.94979626 0.84470141
vt 0.37955180 0.02995545
vt 0.47244713 0.88985419
vt 0.39038298 0.77496135
vt 0.96050555 0.53736079
vt 0.96899074 0.58082259
vt 0.44162929 0.76371884
vt 0.94979626 0.89279425
vt 0.95764160 0.58082259
vt 0.43716580 0.75340557
vt 0.50954127 0.86738443
vt 0.38304034 0.82156134
vt 0.37676403 0.82730448
vt 0.51371533 0.85990465
vt 0.51612222 0.85403967
vt 0.37147793 0.83080822
vt 0.50117797 0.93109190
vt 0.23944713 0.69583732
vt 0.23944713 0.62592971
vt 0.34605283 0.76336849
vt 0.45744190 0.85403967
vt 0.25589958 0.63333333
vt 0.51037914 0.87884021
vt 0.86957538 0.17296976
vt 0.32844263 0.77442813
vt 0.88273734 0.18412089
vt 0.95439684 0.09588706
vt 0.31858638 0.78961617
vt 0.69946027 0.94723964
vt 0.31182262 0.82329798
vt 0.97043794 0.10508823
vt 0.68672484 0.93832791
vt 0.31313270 0.80798805
vt 0.51037914 0.93305707
vt 0.36335835 0.83565253
vt 0.86957538 0.23935843
vt 0.95439684 0.14233476
vt 0.87365806 0.24008960
vt 0.35883391 0.83784616
vt 0.68672484 0.98337406
vt 0.69918603 0.98209447
vt 0.34689069 0.84625518
vt 0.70925558 0.97370064
vt 0.32879299 0.84823561
vt 0.33642510 0.84790045
vt 0.70555377 0.97744817
vt 0.70662010 0.95491743
vt 0.55062664 0.18351156
vt 0.31363544 0.83368737
vt 0.32338503 0.84729111
vt 0.38706204 0.04025346
vt 0.71164727 0.96969420
vt 0.71059614 0.96136135
vt 0.38706204 0.03146362
vt 0.54963648 0.19086945
vt 0.55062664 0.19553095
vt 0.38817409 0.03586614
vt 0.31936333 0.84496033
vt 0.45623842 0.18220145
vt 0.06901209 0.05032295
vt 0.33042300 0.85544115
vt 0.48679730 0.01933753
vt 0.45623842 0.18689340
vt 0.32973748 0.85050541
vt 0.33176357 0.85493845
vt 0.48638600 0.02422756
vt 0.48737618 0.02378583
vt 0.02452958 0.42219371
vt 0.45718291 0.18255180
vt 0.45623842 0.17750943
vt 0.02588539 0.42699236
vt 0.43111801 0.93814510
vt 0.34200063 0.71299052
vt 0.06901209 0.04596615
vt 0.06849415 0.04672784
vt 0.34091905 0.71308190
vt 0.33104759 0.85950857
vt 0.02448388 0.42699236
vt 0.48737618 0.02875203
vt 0.33209872 0.85964566
vt 0.43248904 0.93880016
vt 0.43011257 0.93221921
vt 0.34606805 0.70860314
vt 0.34379822 0.70778060
vt 0.40541869 0.48419499
vt 0.32973748 0.86534309
vt 0.33080384 0.86548018
vt 0.40436757 0.48449969
vt 0.25734678 0.96468228
vt 0.43274802 0.93244767
vt 0.34647936 0.70002657
vt 0.43274802 0.92393202
vt 0.25218254 0.95843643
vt 0.25323367 0.95811653
vt 0.40436757 0.47644103
vt 0.34538254 0.70011795
vt 0.25218254 0.95843643
vt 0.31965277 0.57939065
vt 0.34647936 0.70002657
vt 0.34538254 0.70011795
vt 0.32778758 0.63689798
vt 0.25323367 0.95811653
vt 0.34091905 0.68617916
vt 0.32096285 0.56516230
vt 0.61418182 0.94276094
vt 0.32778758 0.62273061
vt 0.32678214 0.62315714
vt 0.61320686 0.94311130
vt 0.49743044 0.32491106
vt 0.25280711 0.94449759
vt 0.25049159 0.94426906
vt 0.20507982 0.63113964
vt 0.95101494 0.19553095
vt 0.32347643 0.56572592
vt 0.31965277 0.54479480
vt 0.95430541 0.17444748
vt 0.61777699 0.92309415
vt 0.61629927 0.92265242
vt 0.49066669 0.30497009
vt 0.25734678 0.92434335
vt 0.48891479 0.30567086
vt 0.55781698 0.18115032
vt 0.20702974 0.61339235
vt 0.20507982 0.61237168
vt 0.55604988 0.18107414
vt 0.95579833 0.17446268
vt 0.95456439 0.16457599
vt 0.61820352 0.91325319
vt 0.61672586 0.91281140
vt 0.48891479 0.29526621
vt 0.48714769 0.29595172
vt 0.55726856 0.17133975
vt 0.55550146 0.17126358
vt 0.95605731 0.16460645
vt 0.55604988 0.16251945
vt 0.02064498 0.45718563
vt 0.02155901 0.42123395
vt 0.95534134 0.15578616
vt 0.95313245 0.15650213
vt 0.61747229 0.90510315
vt 0.61599463 0.90466136
vt 0.48861012 0.28713143
vt 0.55781698 0.16259563
vt 0.48592898 0.28723806
vt 0.02271677 0.45642394
vt 0.48655358 0.27968210
vt 0.02300621 0.44946212
vt 0.02105629 0.44912696
vt 0.53338206 0.02937657
vt 0.02155901 0.41293162
vt 0.95101494 0.14914423
vt 0.01968526 0.41395223
vt 0.53153878 0.03018397
vt 0.65168726 0.01725054
vt 0.61664969 0.89762336
vt 0.61421227 0.89753199
vt 0.48883861 0.28000200
vt 0.02256443 0.44041324
vt 0.48988974 0.27162343
vt 0.61320686 0.89139277
vt 0.56867862 0.45287442
vt 0.49130648 0.27358860
vt 0.56867862 0.44387132
vt 0.03019653 0.46723986
vt 0.49743044 0.26725137
vt 0.49601373 0.26527101
vt 0.02803334 0.46723986
vt 0.42555767 0.03249949
vt 0.02064498 0.43150151
vt 0.53153878 0.02177495
vt 0.02146760 0.44132727
vt 0.42362300 0.04168546
vt 0.65558708 0.01050198
vt 0.61514151 0.89069200
vt 0.65322590 0.00987738
vt 0.57076567 0.45224988
vt 0.57076567 0.44324672
vt 0.65168726 0.00177306
vt 0.03019653 0.46504623
vt 0.42362300 0.03161597
vt 0.02803334 0.46504623
vt 0.65395707 0.00084382
vt 0.46182922 0.32801872
vt 0.46292603 0.33022761
vt 0.05047264 0.02300888
vt 0.48321739 0.03248429
vt 0.05175227 0.01938325
vt 0.46182922 0.33354861
vt 0.05047264 0.01853019
vt 0.48449701 0.03329164
vt 0.00902164 0.13019347
vt 0.02815521 0.48162049
vt 0.00621863 0.13174731
vt 0.00902164 0.13369721
vt 0.48321739 0.03737432
vt 0.01005753 0.13336205
vt 0.00719359 0.13153404
vt 0.00719359 0.13514441
vt 0.02763727 0.47755313
vt 0.02874933 0.47688282
vt 0.02763727 0.47254121
vt 0.41273087 0.05463409
vt 0.41393435 0.05385721
vt 0.02874933 0.47185570
vt 0.41283751 0.05010968
vt 0.02637286 0.08051622
vt 0.41405621 0.04933280
vt 0.02731736 0.07530630
vt 0.41273087 0.04450369
vt 0.02637286 0.07480359
vt 0.01581589 0.04744381
vt 0.01581589 0.04183781
vt 0.02731736 0.06960887
vt 0.01459719 0.04258424
vt 0.01768964 0.07906902
vt 0.00172468 0.16206241
vt 0.01869506 0.07503211
vt 0.01523700 0.03834927
vt 0.01768964 0.07466650
vt 0.00271487 0.16206241
vt 0.00288244 0.16533768
vt 0.44280228 0.20299548
vt 0.44082189 0.20378762
vt 0.00090206 0.16533768
vt 0.42836070 0.07462078
vt 0.44133985 0.20523483
vt 0.44280228 0.20558518
vt 0.42986885 0.07477313
vt 0.42986885 0.07763708
vt 0.00288244 0.17213196
vt 0.00137430 0.17225379
vt 0.42836070 0.07748473
vt 0.16102386 0.00102663
vt 0.41836736 0.14088756
vt 0.00137430 0.17539197
vt 0.00288244 0.17527008
vt 0.41737717 0.13974500
vt 0.41836736 0.13761228
vt 0.16102386 0.00431710
vt 0.41477221 0.01458460
vt 0.42305934 0.15088087
vt 0.37524065 0.07618988
vt 0.41477221 0.01725054
vt 0.15948525 0.00213867
vt 0.42302889 0.15238899
vt 0.41548818 0.01595569
vt 0.42124653 0.00367725
vt 0.33266237 0.53822911
vt 0.37524065 0.07463604
vt 0.42411047 0.15238899
vt 0.37444851 0.07542819
vt 0.33354592 0.53935635
vt 0.40256998 0.67362654
vt 0.40237194 0.66667998
vt 0.40398672 0.67426634
vt 0.40378869 0.66733497
vt 0.40256998 0.66076922
vt 0.43809506 0.39795685
vt 0.96536511 0.54343903
vt 0.43992311 0.39823103
vt 0.40398672 0.66142428
vt 0.43992311 0.39279258
vt 0.96352184 0.53780252
vt 0.96475577 0.53734553
vt 0.96346092 0.53208989
vt 0.96469486 0.53164810
vt 0.96397883 0.52534133
vt 0.96515185 0.52633154
vt 0.96425307 0.52125871
vt 0.96550220 0.52081692
vt 0.96472532 0.51594210
vt 0.96595925 0.51550031
vt 0.96448159 0.51146340
vt 0.96571553 0.51102161
vt 0.96423781 0.50698471
vt 0.96612680 0.50713706
vt 0.96516711 0.50349617
vt 0.96393317 0.50393796
vt 0.42048484 0.00574905
vt 0.96469486 0.50166810
vt 0.96346092 0.50212514
vt 0.42048484 0.00431710
vt 0.33200732 0.53937161
vt 0.42124653 0.00510925
vt 0.33354592 0.54155004
vt 0.42313552 0.13514441
vt 0.33200732 0.54156530
vt 0.53539294 0.16820163
vt 0.42411047 0.13191485
vt 0.33289087 0.54488623
vt 0.42313552 0.13186914
vt 0.42360777 0.12630886
vt 0.53548431 0.16253465
vt 0.53696197 0.16296124
vt 0.53769320 0.15517676
vt 0.53589565 0.15580136
vt 0.53548431 0.14879382
vt 0.31340691 0.02300888
vt 0.53726667 0.14816928
vt 0.31340691 0.01726574
vt 0.53539294 0.14297456
vt 0.31243196 0.01737243
vt 0.43084380 0.11503589
vt 0.43130082 0.11422849
vt 0.46006209 0.23664677
vt 0.45984882 0.23431605
vt 0.43130082 0.11645263
vt 0.45910236 0.23689055
vt 0.45814264 0.23713428
vt 0.87262213 0.00300699
vt 0.55638504 0.14376670
vt 0.45707628 0.22887760
vt 0.45707628 0.23865765
vt 0.55530339 0.13342303
vt 0.55638504 0.13266134
vt 0.87842619 0.01245189
vt 0.36175880 0.04764181
vt 0.00702602 0.50037324
vt 0.52907091 0.02156168
vt 0.08666799 0.02928519
vt 0.46149406 0.05202913
vt 0.45718291 0.19125026
vt 0.86509669 0.00095046
vt 0.06552356 0.05228812
vt 0.06582824 0.05074954
vt 0.45978791 0.05652308
vt 0.51181108 0.23003536
vt 0.06613292 0.05318689
vt 0.06613292 0.04922616
vt 0.51098847 0.22581559
vt 0.51181108 0.22509962
vt 0.45966601 0.05237955
vt 0.45605564 0.19795310
vt 0.46149406 0.05751330
vt 0.85863757 0.00096565
vt 0.45718291 0.19984210
vt 0.43175781 0.17488921
vt 0.43125510 0.17341155
vt 0.85347331 0.01752472
vt 0.43274802 0.17539197
vt 0.43125510 0.17094368
vt 0.43274802 0.16553575
vt 0.85347331 0.00507879
vt 0.85434169 0.02005357
vt 0.85606307 0.00209296
vt 0.85799778 0.02660406
vt 0.39391720 0.06118464
vt 0.39303365 0.06182444
vt 0.42936611 0.16389048
vt 0.03306048 0.07062954
vt 0.42986885 0.16241282
vt 0.39303365 0.05993545
vt 0.44280228 0.06671447
vt 0.03255776 0.06826830
vt 0.42936611 0.16143787
vt 0.03255776 0.07187873
vt 0.44147694 0.07044673
vt 0.02874933 0.05183113
vt 0.44254330 0.06564814
vt 0.37524065 0.02954417
vt 0.02812475 0.04724574
vt 0.44147694 0.06592232
vt 0.02812475 0.05318689
vt 0.37397626 0.03451037
vt 0.44999260 0.03889769
vt 0.86917931 0.02835590
vt 0.44740286 0.03274322
vt 0.37397626 0.02887386
vt 0.44869775 0.04101515
vt 0.44740286 0.04313266
vt 0.86078554 0.02875203
vt 0.87304866 0.02759427
vt 0.87626302 0.02572048
vt 0.36175880 0.05751330
vt 0.87842619 0.02489787
vt 0.01403354 0.09344965
vt 0.00702602 0.51181376
vt 0.36373919 0.05605084
vt 0.01438391 0.09241378
vt 0.42360777 0.02587283
vt 0.52907091 0.01455414
vt 0.00862556 0.50859946
vt 0.01403354 0.08997637
vt 0.42411047 0.02444088
vt 0.39055055 0.09201771
vt 0.02588539 0.10004586
vt 0.08666799 0.03451037
vt 0.52812642 0.01671737
vt 0.42360777 0.02261281
vt 0.08770388 0.03015351
vt 0.02588539 0.10351920
vt 0.39105329 0.09057051
vt 0.02515417 0.10228527
vt 0.39055055 0.08874243
vt 0.65337819 0.42920125
vt 0.94301724 0.40066844
vt 0.65112364 0.42658103
vt 0.94312388 0.40408081
vt 0.64822918 0.42569745
vt 0.94157004 0.40657914
vt 0.94111300 0.39756078
vt 0.65391141 0.43279636
vt 0.65391141 0.43279636
vt 0.94111300 0.39756078
vt 0.94157004 0.40657914
vt 0.64822918 0.42569745
vt 0.64190722 0.42676383
vt 0.93637532 0.40973252
vt 0.93637532 0.39154345
vt 0.65412468 0.44047421
vt 0.01246446 0.49661052
vt 0.66436172 0.55494046
vt 0.01264727 0.49901742
vt 0.66233563 0.55358469
vt 0.01438391 0.49424928
vt 0.78973538 0.82523263
vt 0.66753036 0.55442250
vt 0.78763312 0.82253629
vt 0.66952598 0.55204606
vt 0.55926418 0.52188325
vt 0.66980016 0.55062938
vt 0.01438391 0.50319147
vt 0.65950215 0.55003524
vt 0.79715419 0.82197261
vt 0.63421416 0.41829389
vt 0.00291291 0.01135510
vt 0.82378280 0.81545258
vt 0.63421416 0.53963059
vt 0.12364027 0.01135510
vt 0.82378280 0.70173275
vt 0.01158091 0.01868248
vt 0.64190722 0.42676383
vt 0.65412468 0.44047421
vt 0.81113881 0.71363032
vt 0.65695816 0.44402367
vt 0.80818343 0.71676850
vt 0.67525387 0.48020375
vt 0.78760266 0.75011510
vt 0.64419228 0.54430735
vt 0.81372851 0.81865168
vt 0.68341917 0.50134820
vt 0.77863002 0.77004087
vt 0.55926418 0.49098927
vt 0.68721235 0.52384841
vt 0.77274978 0.79185557
vt 0.68721235 0.52384841
vt 0.35223770 0.68154806
vt 0.35223770 0.70445961
vt 0.68105793 0.54540420
vt 0.55278987 0.51202703
vt 0.34903863 0.69585252
vt 0.68654203 0.53842711
vt 0.65410942 0.48181856
vt 0.41979933 0.00198632
vt 0.68433315 0.28466356
vt 0.67833108 0.02692395
vt 0.52779126 0.22686672
vt 0.55029154 0.00215387
vt 0.66727138 0.25465310
vt 0.40272233 0.03163117
vt 0.24512932 0.00198632
vt 0.51025724 0.28466356
vt 0.66967833 0.09606987
vt 0.37955180 0.07823116
vt 0.37894246 0.07906902
vt 0.03688414 0.08625937
vt 0.45718291 0.36419886
vt 0.03738686 0.08382195
vt 0.37894246 0.07644886
vt 0.45669544 0.36072558
vt 0.03688414 0.08242047
vt 0.45619273 0.36468637
vt 0.50606799 0.31107885
vt 0.45521778 0.36022288
vt 0.45521778 0.36517382
vt 0.50507778 0.31628877
vt 0.66963261 0.42089885
vt 0.66379809 0.41958874
vt 0.50507778 0.30896133
vt 0.31485412 0.62202984
vt 0.66104078 0.42335147
vt 0.66980016 0.42198044
vt 0.67106456 0.42289448
vt 0.60764652 0.50896508
vt 0.67654872 0.05521297
vt 0.36919287 0.67751110
vt 0.31485412 0.63935065
vt 0.63441223 0.65851462
vt 0.66104078 0.44446540
vt 0.30773997 0.62506139
vt 0.40474841 0.06385052
vt 0.40541869 0.06321073
vt 0.42650217 0.06328690
vt 0.04247493 0.02125698
vt 0.42698964 0.06468838
vt 0.40541869 0.06468838
vt 0.42698964 0.06240332
vt 0.04312998 0.01889580
vt 0.40465701 0.05359823
vt 0.02740876 0.03412950
vt 0.40541869 0.05751330
vt 0.04312998 0.02300888
vt 0.40541869 0.05282128
vt 0.02874933 0.02955937
vt 0.30649081 0.62369037
vt 0.30179882 0.62553358
vt 0.02874933 0.03594232
vt 0.30181405 0.62652385
vt 0.30065629 0.62908304
vt 0.29951376 0.63264775
vt 0.29838645 0.63619721
vt 0.30109805 0.64337230
vt 0.02012703 0.05801600
vt 0.30236247 0.64574879
vt 0.61101317 0.56069887
vt 0.61008394 0.55431592
vt 0.61075419 0.54980671
vt 0.60974878 0.54939544
vt 0.01293671 0.06325644
vt 0.01293671 0.05935657
vt 0.61101317 0.54631817
vt 0.01176371 0.06017917
vt 0.01925871 0.05928040
vt 0.30486080 0.64850605
vt 0.02012703 0.06182444
vt 0.01270820 0.05787891
vt 0.63441223 0.67283440
vt 0.30735913 0.65126336
vt 0.64199859 0.67006183
vt 0.67194813 0.45718563
vt 0.64551759 0.66686273
vt 0.39967558 0.09265751
vt 0.39889866 0.09344965
vt 0.41260901 0.10123414
vt 0.02443818 0.08546722
vt 0.41201490 0.09942132
vt 0.39889866 0.09189582
vt 0.41201490 0.10207200
vt 0.02379836 0.08784366
vt 0.02422491 0.08440083
vt 0.02293004 0.08913851
vt 0.04706028 0.02436471
vt 0.02399640 0.08331925
vt 0.04744112 0.01926136
vt 0.02293004 0.08353251
vt 0.04578064 0.02444088
vt 0.67581749 0.45324004
vt 0.67590892 0.44656765
vt 0.04578064 0.01842356
vt 0.67397422 0.45575362
vt 0.67834628 0.44064176
vt 0.60764652 0.52619445
vt 0.68002200 0.43704659
vt 0.67654872 0.06901479
vt 0.60958123 0.52363515
vt 0.57518345 0.62107015
vt 0.36919287 0.69152617
vt 0.67859006 0.06762850
vt 0.36948231 0.67935443
vt 0.57518345 0.61005616
vt 0.41227388 0.02829498
vt 0.41257855 0.07698202
vt 0.01581589 0.08769131
vt 0.00085636 0.40111023
vt 0.41227388 0.03882152
vt 0.57650876 0.61933351
vt 0.11932912 0.01517874
vt 0.11862838 0.01725054
vt 0.00143524 0.39973921
vt 0.41257855 0.08194822
vt 0.41405621 0.03411430
vt 0.00085636 0.39646393
vt 0.11862838 0.01377726
vt 0.41355351 0.07332593
vt 0.08704884 0.02012968
vt 0.01581589 0.08322781
vt 0.41405621 0.07998306
vt 0.01452102 0.08685344
vt 0.08704884 0.01613849
vt 0.08770388 0.01699156
vt 0.41355351 0.07084280
vt 0.41405621 0.07183301
vt 0.39391720 0.05201393
vt 0.36200255 0.61688089
vt 0.40255475 0.03594232
vt 0.01746113 0.05368960
vt 0.39359730 0.05056673
vt 0.40177783 0.03473884
vt 0.01869506 0.05463409
vt 0.40255475 0.03365725
vt 0.36326694 0.61453485
vt 0.36233768 0.62039983
vt 0.39359730 0.05606610
vt 0.01869506 0.04823595
vt 0.25216731 0.69736069
vt 0.25559488 0.69710171
vt 0.24982131 0.69867074
vt 0.25829127 0.69929540
vt 0.24710970 0.70121479
vt 0.26331839 0.70017892
vt 0.24646989 0.70476425
vt 0.24520549 0.70712554
vt 0.24499221 0.71527553
vt 0.26871115 0.69984376
vt 0.24675933 0.72334945
vt 0.25097907 0.73119479
vt 0.00082589 0.33193380
vt 0.00143524 0.32648015
vt 0.25949472 0.73765391
vt 0.26893964 0.73823279
vt 0.00143524 0.33641255
vt 0.25535116 0.73562783
vt 0.27335742 0.73792815
vt 0.28109616 0.73626769
vt 0.29020596 0.73334277
vt 0.27655652 0.69928014
vt 0.30067152 0.72915351
vt 0.34227484 0.72523844
vt 0.32940236 0.68837279
vt 0.37539300 0.61730742
vt 0.37962797 0.62041509
vt 0.36948231 0.61755115
vt 0.36326694 0.61453485
vt 0.36570433 0.61430633
vt 0.36233768 0.62039983
vt 0.38293371 0.62381220
vt 0.35622895 0.61846519
vt 0.36326694 0.61453485
vt 0.35589382 0.61494613
vt 0.35120183 0.61756635
vt 0.34750003 0.62015611
vt 0.34253383 0.62510705
vt 0.33720201 0.63127673
vt 0.33196160 0.63852799
vt 0.38642222 0.62937248
vt 0.38674212 0.63762921
vt 0.38174546 0.64731789
vt 0.38224816 0.65773773
vt 0.32626420 0.64594686
vt 0.31422955 0.65956581
vt 0.26694402 0.69176990
vt 0.26462850 0.68834233
vt 0.26222157 0.68381786
vt 0.26155129 0.67679513
vt 0.29837123 0.64878029
vt 0.26039353 0.66992474
vt 0.26069820 0.66285628
vt 0.26171887 0.65807289
vt 0.28760096 0.64472812
vt 0.26324221 0.65339613
vt 0.26586244 0.64977050
vt 0.53626126 0.07993734
vt 0.53575855 0.08338016
vt 0.27561203 0.64328092
vt 0.26858926 0.64722645
vt 0.53575855 0.07600707
vt 0.28002980 0.64297628
vt 0.83022666 0.80352461
vt 0.18257959 0.93394059
vt 0.87266785 0.07475787
vt 0.82896227 0.81085205
vt 0.18204641 0.94167936
vt 0.87266785 0.05992025
vt 0.18204641 0.92595816
vt 0.83047038 0.79540503
vt 0.83560419 0.79842126
vt 0.86662006 0.06197679
vt 0.83047038 0.79540503
vt 0.23722301 0.87554967
vt 0.87266785 0.05992025
vt 0.86662006 0.06197679
vt 0.43274802 0.16245848
vt 0.83560419 0.79842126
vt 0.43274802 0.15208435
vt 0.87111402 0.05317169
vt 0.23298803 0.86988276
vt 0.29040399 0.57312953
vt 0.23461804 0.85539544
vt 0.82672292 0.77483946
vt 0.28661078 0.55853564
vt 0.42788845 0.15715718
vt 0.28661078 0.57939065
vt 0.83895558 0.79171842
vt 0.82759124 0.78637141
vt 0.23722301 0.86625713
vt 0.84153008 0.74738824
vt 0.84722751 0.73725784
vt 0.88171667 0.76879168
vt 0.85921645 0.73305333
vt 0.03243589 0.49651909
vt 0.95419878 0.31874138
vt 0.85781497 0.73008275
vt 0.03306048 0.49332005
vt 0.03306048 0.49888033
vt 0.85961252 0.73523176
vt 0.95662099 0.32347912
vt 0.95604205 0.31715709
vt 0.85539281 0.73040265
vt 0.85402173 0.73102725
vt 0.95736742 0.31654775
vt 0.44485882 0.21594417
vt 0.44568145 0.21882331
vt 0.85126442 0.73227644
vt 0.84722751 0.73725784
vt 0.44485882 0.22570896
vt 0.96612680 0.31558800
vt 0.95881462 0.32456070
vt 0.85892701 0.73757774
vt 0.85892701 0.73757774
vt 0.88532710 0.75395399
vt 0.95325428 0.35513479
vt 0.96612680 0.31558800
vt 0.84722751 0.73725784
vt 0.96018565 0.35839480
vt 0.88296586 0.76146424
vt 0.96612680 0.36229467
vt 0.88171667 0.76879168
vt 0.95881462 0.32456070
vt 0.87885273 0.73415017
vt 0.45779228 0.88532972
vt 0.00148094 0.81453860
vt 0.65714097 0.42496622
vt 0.87470919 0.73242873
vt 0.65825301 0.42932308
vt 0.65714097 0.43849379
vt 0.00288244 0.82674080
vt 0.41405621 0.05781800
vt 0.86538613 0.73229164
vt 0.87023044 0.73165178
vt 0.65845102 0.43383229
vt 0.95325428 0.35513479
vt 0.88532710 0.75395399
vt 0.88561654 0.74942958
vt 0.94985718 0.35234702
vt 0.85892701 0.73757774
vt 0.41405621 0.06613559
vt 0.95881462 0.32456070
vt 0.94696277 0.34856904
vt 0.83242029 0.12652212
vt 0.88485485 0.74460053
vt 0.88199091 0.73916209
vt 0.82870328 0.12141883
vt 0.46149406 0.88993037
vt 0.41279182 0.06081903
vt 0.00148094 0.82954383
vt 0.46149406 0.86971515
vt 0.83242029 0.10225481
vt 0.95308673 0.32433218
vt 0.32547203 0.74941432
vt 0.84104258 0.60927922
vt 0.06022223 0.03061050
vt 0.87950778 0.15845203
vt 0.79791588 0.36229467
vt 0.32547203 0.77346843
vt 0.88712466 0.18258226
vt 0.79791588 0.33534616
vt 0.87181473 0.16064566
vt 0.59088945 0.62826049
vt 0.86416739 0.13101608
vt 0.58174920 0.56500995
vt 0.01607486 0.39597642
vt 0.59088945 0.60365796
vt 0.58174920 0.54010284
vt 0.58801025 0.55548888
vt 0.86200422 0.12004781
vt 0.60664111 0.84634662
vt 0.01607486 0.41261166
vt 0.85540801 0.11893570
vt 0.58610600 0.61410832
vt 0.02012703 0.40755409
vt 0.60735708 0.83978087
vt 0.89854997 0.72482711
vt 0.28466088 0.58225453
vt 0.85757118 0.13650024
vt 0.89854997 0.74615431
vt 0.28466088 0.55699706
vt 0.83446163 0.12769514
vt 0.27847597 0.57258117
vt 0.88576883 0.73836994
vt 0.62560713 0.83575916
vt 0.84664863 0.13540339
vt 0.85537755 0.14417803
vt 0.63403136 0.83821177
vt 0.84661818 0.14417803
vt 0.81177860 0.01010591
vt 0.84661818 0.15404946
vt 0.64353722 0.84087771
vt 0.81660771 0.00107229
vt 0.85757118 0.15295267
vt 0.65413988 0.83155465
vt 0.83446163 0.16171205
vt 0.81660771 0.02444088
vt 0.84990865 0.16172731
vt 0.65004200 0.84613335
vt 0.24008694 0.91396916
vt 0.86415219 0.15843678
vt 0.24008694 0.92874587
vt 0.85091406 0.17708290
vt 0.22806753 0.91980368
vt 0.65413988 0.85982847
vt 0.86197376 0.16942030
vt 0.65250987 0.86962378
vt 0.87184525 0.17051715
vt 0.83353239 0.61736834
vt 0.33066675 0.75812805
vt 0.79191381 0.34683239
vt 0.88065034 0.16943556
vt 0.64908230 0.87774336
vt 0.64876240 0.89492702
vt 0.06022223 0.05318689
vt 0.84104258 0.63257158
vt 0.82970870 0.42598689
vt 0.89382750 0.16175777
vt 0.06901209 0.04294986
vt 0.63811404 0.88826984
vt 0.83528423 0.41594785
vt 0.57865673 0.61534226
vt 0.88610399 0.15296787
vt 0.63630122 0.90272665
vt 0.57865673 0.63976192
vt 0.83528423 0.43992579
vt 0.62100655 0.32996869
vt 0.89602119 0.15407997
vt 0.58369911 0.62449771
vt 0.63013154 0.88830030
vt 0.62970501 0.32050854
vt 0.39707059 0.49351805
vt 0.88721603 0.14419323
vt 0.62029052 0.90286380
vt 0.39707059 0.51900411
vt 0.62970501 0.34648204
vt 0.40110755 0.50274968
vt 0.62032098 0.88670081
vt 0.89711797 0.14419323
vt 0.89603639 0.13541859
vt 0.61218619 0.88321227
vt 0.12362504 0.90015221
vt 0.60176629 0.89177364
vt 0.75622118 0.92780143
vt 0.12795141 0.91148609
vt 0.12795141 0.89181930
vt 0.75622118 0.94743770
vt 0.88611925 0.13651544
vt 0.87175381 0.14527488
vt 0.87184525 0.12882239
vt 0.87187570 0.11895096
vt 0.60289359 0.85557824
vt 0.62866908 0.86133659
vt 0.75026476 0.93893725
vt 0.60539192 0.87900776
vt 0.89384276 0.12774080
vt 0.60527009 0.64120913
vt 0.87952304 0.13101608
vt 0.88066554 0.12004781
vt 0.60022771 0.63091111
vt 0.60156828 0.86429197
vt 0.59449983 0.87717968
vt 0.89489388 0.11675727
vt 0.88717037 0.10577375
vt 0.58598417 0.86694264
vt 0.60527009 0.61464149
vt 0.64309543 0.91031307
vt 0.71087033 0.10242236
vt 0.63657540 0.91494411
vt 0.63098460 0.91230869
vt 0.71452641 0.10783035
vt 0.63098460 0.91230869
vt 0.97330189 0.05032295
vt 0.96467960 0.62227356
vt 0.96982861 0.86514509
vt 0.91780537 0.70407879
vt 0.97336286 0.87069011
vt 0.96848804 0.87123853
vt 0.92513281 0.09316021
vt 0.91379893 0.70254016
vt 0.93448633 0.09675539
vt 0.91676950 0.71120811
vt 0.84392178 0.11901188
vt 0.19964138 0.98826408
vt 0.90168810 0.74438721
vt 0.91331142 0.74662662
vt 0.17616619 0.99487555
vt 0.93788344 0.64270204
vt 0.91213846 0.76627809
vt 0.02277770 0.90418911
vt 0.92557460 0.74661136
vt 0.92673236 0.76591247
vt 0.93882793 0.62809289
vt 0.02081255 0.92429763
vt 0.03321281 0.92438906
vt 0.93736553 0.74517941
vt 0.03427918 0.90545350
vt 0.93536991 0.04276705
vt 0.04460765 0.88686836
vt 0.03577208 0.88714254
vt 0.93215561 0.72621334
vt 0.92391413 0.72776723
vt 0.91491097 0.72808713
vt 0.83516240 0.10301650
vt 0.90654767 0.72613722
vt 0.84335816 0.63689798
vt 0.89960110 0.72316664
vt 0.93159193 0.11727524
vt 0.85111213 0.63275445
vt 0.83516240 0.12507492
vt 0.84335816 0.61749017
vt 0.93427306 0.13605845
vt 0.20271860 0.97677785
vt 0.89960110 0.76336849
vt 0.18070585 0.98320651
vt 0.16417724 0.98908675
vt 0.95005524 0.64302194
vt 0.95099974 0.62841278
vt 0.02300621 0.93726158
vt 0.95401597 0.61745977
vt 0.03388310 0.93736821
vt 0.04812664 0.92515075
vt 0.04706028 0.90508789
vt 0.94024467 0.02374011
vt 0.05839418 0.90437192
vt 0.92977911 0.02113515
vt 0.05316901 0.88639611
vt 0.92796630 0.04055816
vt 0.03985472 0.87420911
vt 0.93172902 0.05792463
vt 0.92824054 0.71090347
vt 0.92371607 0.70289052
vt 0.92507190 0.06468838
vt 0.97618109 0.86494702
vt 0.03881883 0.46149677
vt 0.97165668 0.86002648
vt 0.03633573 0.45902890
vt 0.92056268 0.44909650
vt 0.96769589 0.85998082
vt 0.91565746 0.44755787
vt 0.96309531 0.86296666
vt 0.96367419 0.86782622
vt 0.91169667 0.44999528
vt 0.91923738 0.09280986
vt 0.90761405 0.70896876
vt 0.92679328 0.10167587
vt 0.92287827 0.11747330
vt 0.92172045 0.13653070
vt 0.64263844 0.18506539
vt 0.68125594 0.01437134
vt 0.18899299 0.95680642
vt 0.92051703 0.15526819
vt 0.93448633 0.15452170
vt 0.18462092 0.96945041
vt 0.17283000 0.96629703
vt 0.16905203 0.97661030
vt 0.95272112 0.65635145
vt 0.63098460 0.93208206
vt 0.96219653 0.64181852
vt 0.95904315 0.60909641
vt 0.95907360 0.04953080
vt 0.04575018 0.93706352
vt 0.95566124 0.03633839
vt 0.05955194 0.93736821
vt 0.06038980 0.92437381
vt 0.94339806 0.03796840
vt 0.93089116 0.00218439
vt 0.94176805 0.02363348
vt 0.52043337 0.60813665
vt 0.91681522 0.00151408
vt 0.91775972 0.02073908
vt 0.91900885 0.04057336
vt 0.93704563 0.04258424
vt 0.91029519 0.04183781
vt 0.91780537 0.05545676
vt 0.97618109 0.85317135
vt 0.03881883 0.45148820
vt 0.96492332 0.85391778
vt 0.90918308 0.05976790
vt 0.92464536 0.44256121
vt 0.91532230 0.44032186
vt 0.90651721 0.44307917
vt 0.91541368 0.10039628
vt 0.91393602 0.11622411
vt 0.14376403 0.99420524
vt 0.90932024 0.13493115
vt 0.90709609 0.15337920
vt 0.12437149 0.99630749
vt 0.63401616 0.19111317
vt 0.64263844 0.20127404
vt 0.11111814 0.99478412
vt 0.66612887 0.95584673
vt 0.69152349 0.00107229
vt 0.68011343 0.00107229
vt 0.65158063 0.95749193
vt 0.17578535 0.95453662
vt 0.01963955 0.49455392
vt 0.64061236 0.94615805
vt 0.96467960 0.65702176
vt 0.16417724 0.96666265
vt 0.64061236 0.94615805
vt 0.02443818 0.48839951
vt 0.64608127 0.94184691
vt 0.65301257 0.94172502
vt 0.66061425 0.94018644
vt 0.01963955 0.48291540
vt 0.64145017 0.93532687
vt 0.63822067 0.92949235
vt 0.71452641 0.09533864
vt 0.63706291 0.92291141
vt 0.64892995 0.90708351
vt 0.66244227 0.90578866
vt 0.97330189 0.02494359
vt 0.65551096 0.90592575
vt 0.64638591 0.89989322
vt 0.96650767 0.03368771
vt 0.51635075 0.59523368
vt 0.95456439 0.02174449
vt 0.93567455 0.09311455
vt 0.95593542 0.01068479
vt 0.50803316 0.60813665
vt 0.94493669 0.01092851
vt 0.93434924 0.08107990
vt 0.90339428 0.00364679
vt 0.90574026 0.02246046
vt 0.93529373 0.06127602
vt 0.94693232 0.06052959
vt 0.90339428 0.04422951
vt 0.94588119 0.04311740
vt 0.93448633 0.42976487
vt 0.95479292 0.04258424
vt 0.92761594 0.42623067
vt 0.91878039 0.42484438
vt 0.37810460 0.55067503
vt 0.90996003 0.42484438
vt 0.90257168 0.42827195
vt 0.37127990 0.55638766
vt 0.90951824 0.70158041
vt 0.90654767 0.11261374
vt 0.89877844 0.13130552
vt 0.90854329 0.68133479
vt 0.14352030 0.98238391
vt 0.12421915 0.98203349
vt 0.11206263 0.98055583
vt 0.01298241 0.97475177
vt 0.67848343 0.94800133
vt 0.66318876 0.94748342
vt 0.66646397 0.93695688
vt 0.67194813 0.93269145
vt 0.00113056 0.95069772
vt 0.67249656 0.92435861
vt 0.67133880 0.91779286
vt 0.66810924 0.91194308
vt 0.66617453 0.89987797
vt 0.00113056 0.92586672
vt 0.96713221 0.01400572
vt 0.96047509 0.00198632
vt 0.01509990 0.92696357
vt 0.94737411 0.09344965
vt 0.94784635 0.08018112
vt 0.03091252 0.93945521
vt 0.93448633 0.38951737
vt 0.96180046 0.07937372
vt 0.95930213 0.05978310
vt 0.93223172 0.40744746
vt 0.91996861 0.40566510
vt 0.92012095 0.68133479
vt 0.37127990 0.53522801
vt 0.90819293 0.40612209
vt 0.14376403 0.97013599
vt 0.90703517 0.38781118
vt 0.12456953 0.96881062
vt 0.11131618 0.96874970
vt 0.01706505 0.96570295
vt 0.67859006 0.93505263
vt 0.00690415 0.96177262
vt 0.67859006 0.91526401
vt 0.00798575 0.94202971
vt 0.96176994 0.09259659
vt 0.01928918 0.93980557
vt 0.92173570 0.38689715
vt 0.03162850 0.95272380
vt 0.12440196 0.95558774
vt 0.11111814 0.95848215
vt 0.01950245 0.95441473
vt 0.79770261 0.92629325
vt 0.82666194 0.80093485
vt 0.83895558 0.79171842
vt 0.79934788 0.91648275
vt 0.82661629 0.81085205
vt 0.85878992 0.79851270
vt 0.82661629 0.78992087
vt 0.79581362 0.93715489
vt 0.79055798 0.89766908
vt 0.82672292 0.77483946
vt 0.79581362 0.93715489
vt 0.85878992 0.79851270
vt 0.77407509 0.91952950
vt 0.82672292 0.77483946
vt 0.79055798 0.89766908
vt 0.82827675 0.76300287
vt 0.77989441 0.89338839
vt 0.82920599 0.75660467
vt 0.77412081 0.89116430
vt 0.83086646 0.75145566
vt 0.76900226 0.89015883
vt 0.83563465 0.74772340
vt 0.76370090 0.89256579
vt 0.83837670 0.74647427
vt 0.76140064 0.89437860
vt 0.84153008 0.74738824
vt 0.76065415 0.89757764
vt 0.76065415 0.94312656
vt 0.88171667 0.76879168
vt 0.86962110 0.78731591
vt 0.78158534 0.94132894
vt 0.78158534 0.94132894
vt 0.86962110 0.78731591
vt 0.87777114 0.78046072
vt 0.77215564 0.94524401
vt 0.88171667 0.76879168
vt 0.76065415 0.94312656
vt 0.76984012 0.94705683
vt 0.88051319 0.77921152
vt 0.88391036 0.77608860
vt 0.49851206 0.27386284
vt 0.05894259 0.02156168
vt 0.88561654 0.77453482
vt 0.05780006 0.01968795
vt 0.05894259 0.01728100
vt 0.49887764 0.26935363
vt 0.76150727 0.94771188
vt 0.88525093 0.77188408
vt 0.88348377 0.77033031
vt 0.76108074 0.94542682
vt 0.88327050 0.77796239
vt 0.76752460 0.94886965
vt 0.49887764 0.27604127
vt 0.46348968 0.14728570
vt 0.46582046 0.22264701
vt 0.44365537 0.23087323
vt 0.45730481 0.14757514
vt 0.44999260 0.30711806
vt 0.46070191 0.22400278
vt 0.47141123 0.26885092
vt 0.39842641 0.62766635
vt 0.47841874 0.26345819
vt 0.47224909 0.22051430
vt 0.39469415 0.58391505
vt 0.44469127 0.54127586
vt 0.40130559 0.51205754
vt 0.47026870 0.14839774
vt 0.41274610 0.46519852
vt 0.47264516 0.10048765
vt 0.46469316 0.09724289
vt 0.45933089 0.09643549
vt 0.43241286 0.18072373
vt 0.44610798 0.35304779
vt 0.46617082 0.26912510
vt 0.43545961 0.40187192
vt 0.60670203 0.59771681
vt 0.47535676 0.31628877
vt 0.60027343 0.59806716
vt 0.40386486 0.68010086
vt 0.48140457 0.31491774
vt 0.48737618 0.30845863
vt 0.40896815 0.67429680
vt 0.43155977 0.61464149
vt 0.49063620 0.54174805
vt 0.45960510 0.47881752
vt 0.43070668 0.41683143
vt 0.47733715 0.05032295
vt 0.04600915 0.07187873
vt 0.47131982 0.04558527
vt 0.46515018 0.04588997
vt 0.03933677 0.07187873
vt 0.41231957 0.13225001
vt 0.42021066 0.43611735
vt 0.60587943 0.56104922
vt 0.59937459 0.56200898
vt 0.41804746 0.71442246
vt 0.42307457 0.70752156
vt 0.49412474 0.74162996
vt 0.48387244 0.66419685
vt 0.50352395 0.61130530
vt 0.00180085 0.72171938
vt 0.63474733 0.63832998
vt 0.70989537 0.13866341
vt 0.13083060 0.55154335
vt 0.17138280 0.70439863
vt 0.67540622 0.62394929
vt 0.13588819 0.68153286
vt 0.01150474 0.07251853
vt 0.18874925 0.62213647
vt 0.12318326 0.63263249
vt 0.57420850 0.60693324
vt 0.83385229 0.34072369
vt 0.69583464 0.56574118
vt 0.07116005 0.70115387
vt 0.05559117 0.64427114
vt 0.01583112 0.65065408
vt 0.53566712 0.54557174
vt 0.00586826 0.58815002
vt 0.55402380 0.48401219
vt 0.51443130 0.48203182
vt 0.50181776 0.41468346
vt 0.45582712 0.37792444
vt 0.48737618 0.00867397
vt 0.45220149 0.37155676
vt 0.50070572 0.32779026
vt 0.63113695 0.64064550
vt 0.48125222 0.00285465
vt 0.04514083 0.03161597
vt 0.47494546 0.00206250
vt 0.62454075 0.64120913
vt 0.38733625 0.09116465
vt 0.36998501 0.50343525
vt 0.60560519 0.47706562
vt 0.59910041 0.47801012
vt 0.46830356 0.78172511
vt 0.17474945 0.59386265
vt 0.47217292 0.77378833
vt 0.22652893 0.60748160
vt 0.51734096 0.81172037
vt 0.27745530 0.61002564
vt 0.56570804 0.82966566
vt 0.55115986 0.74035025
vt 0.55221099 0.67100632
vt 0.83385229 0.26917082
vt 0.61751801 0.68130434
vt 0.77032763 0.29188430
vt 0.63474733 0.55110157
vt 0.77887374 0.32940501
vt 0.51327354 0.92874587
vt 0.66602224 0.21605080
vt 0.51327354 0.86503839
vt 0.72605836 0.23646402
vt 0.70055711 0.54543459
vt 0.55029154 0.20136547
vt 0.77922410 0.28609550
vt 0.69226992 0.60641527
vt 0.73241085 0.28134257
vt 0.56465691 0.17027342
vt 0.77346575 0.25092083
vt 0.06942341 0.49382275
vt 0.77922410 0.16154450
vt 0.58787316 0.08452272
vt 0.00091729 0.00984693
vt 0.23722301 0.67636859
vt 0.06942341 0.58082259
vt 0.55029154 0.00215387
vt 0.66967833 0.09606987
vt 0.86077029 0.42987150
vt 0.14412965 0.54642487
vt 0.00091729 0.15238899
vt 0.82687521 0.40741700
vt 0.11899398 0.58205652
vt 0.81135207 0.34314585
vt 0.05153900 0.58312285
vt 0.00180085 0.52368087
vt 0.54631549 0.85397875
vt 0.57334018 0.42127967
vt 0.53804362 0.41684669
vt 0.54139501 0.36060369
vt 0.51176542 0.32175767
vt 0.54014587 0.00661737
vt 0.50893193 0.26377809
vt 0.50070572 0.26053327
vt 0.54873770 0.00485027
vt 0.62999445 0.56452250
vt 0.62449503 0.56406546
vt 0.32921955 0.03487599
vt 0.32379633 0.54022467
vt 0.22581294 0.62122250
vt 0.60670203 0.42010671
vt 0.51560432 0.81842315
vt 0.60027343 0.42047226
vt 0.22630042 0.61496139
vt 0.27827793 0.61730742
vt 0.32949376 0.60548604
vt 0.61771601 0.83528692
vt 0.61789882 0.73847651
vt 0.67580229 0.26458549
vt 0.55926418 0.90755576
vt 0.72404754 0.29893756
vt 0.66748464 0.66838610
vt 0.73778832 0.66632956
vt 0.73844337 0.60472429
vt 0.78641444 0.54027039
vt 0.78575939 0.60187566
vt 0.73914415 0.54313433
vt 0.69473779 0.48424071
vt 0.60473686 0.21917373
vt 0.45104373 0.77884591
vt 0.62147880 0.18011439
vt 0.06681844 0.53119111
vt 0.87411505 0.34314585
vt 0.68002200 0.18541574
vt 0.49803981 0.80737871
vt 0.49608988 0.84773290
vt 0.62665826 0.41471392
vt 0.58531386 0.36121309
vt 0.55102271 0.09524727
vt 0.60431033 0.28865480
vt 0.55761892 0.29808444
vt 0.55064189 0.05021632
vt 0.55760372 0.04940897
vt 0.63022292 0.51236218
vt 0.62362671 0.51190519
vt 0.28226918 0.01225388
vt 0.27320510 0.55914497
vt 0.27913103 0.62394929
vt 0.21911010 0.56356275
vt 0.33301273 0.61846519
vt 0.33249480 0.61331618
vt 0.37761712 0.59386265
vt 0.66879475 0.82558304
vt 0.66970879 0.73754728
vt 0.73672199 0.73567355
vt 0.78518051 0.66457772
vt 0.81782639 0.65493476
vt 0.82853574 0.59601063
vt 0.82871854 0.52674282
vt 0.45422757 0.18168348
vt 0.83275545 0.44735986
vt 0.45538533 0.11259848
vt 0.83528423 0.52526516
vt 0.82632679 0.45104641
vt 0.78714567 0.47977722
vt 0.73975348 0.48152912
vt 0.44272611 0.85397875
vt 0.66800261 0.23289931
vt 0.67875761 0.41926885
vt 0.63020772 0.36066467
vt 0.47322404 0.11747330
vt 0.65488636 0.28886807
vt 0.54471600 0.14465028
vt 0.55781698 0.09658784
vt 0.63061899 0.46433020
vt 0.62402278 0.46387321
vt 0.23341458 0.00270230
vt 0.16688885 0.55491000
vt 0.61902612 0.64839947
vt 0.38241574 0.60629344
vt 0.38162360 0.60058075
vt 0.61346585 0.64705884
vt 0.67144543 0.83202690
vt 0.71585178 0.80404252
vt 0.76699144 0.75916398
vt 0.79930216 0.71212220
vt 0.61346585 0.41823292
vt 0.46006209 0.00130081
vt 0.82471204 0.65891075
vt 0.83528423 0.59780824
vt 0.45779228 0.04934800
vt 0.00218169 0.31849766
vt 0.45113513 0.04911953
vt 0.00218169 0.24595463
vt 0.44980979 0.11232430
vt 0.00474096 0.16806453
vt 0.44757044 0.18145496
vt 0.45454749 0.22549570
vt 0.82235080 0.40292305
vt 0.81599832 0.40769118
vt 0.74884802 0.41064656
vt 0.67758459 0.36000961
vt 0.70051140 0.29819107
vt 0.53315359 0.18977261
vt 0.55213481 0.14692008
vt 0.63113695 0.41771501
vt 0.62454075 0.41725796
vt 0.55781698 0.14815402
vt 0.18181790 0.00178832
vt 0.11776005 0.53216600
vt 0.62094557 0.59614778
vt 0.61433417 0.59546220
vt 0.72068083 0.81034929
vt 0.61445600 0.52656007
vt 0.77291733 0.76539457
vt 0.80518240 0.71727121
vt 0.61489779 0.47085023
vt 0.45338973 0.00107229
vt 0.62006205 0.41736460
vt 0.01276914 0.37960017
vt 0.01519130 0.12251562
vt 0.44787511 0.22624218
vt 0.45739621 0.28870046
vt 0.78726751 0.35009241
vt 0.48612702 0.27171487
vt 0.78097600 0.35595745
vt 0.74141395 0.31988394
vt 0.51418757 0.23096460
vt 0.96248597 0.16640407
vt 0.53967363 0.19429702
vt 0.54535580 0.19553095
vt 0.96899074 0.16497207
vt 0.95377225 0.91268957
vt 0.13395351 0.01208627
vt 0.06555404 0.48722655
vt 0.62108266 0.52723032
vt 0.62045813 0.47063696
vt 0.03220738 0.43904221
vt 0.05135619 0.06974596
vt 0.45083046 0.28993440
vt 0.96899074 0.20558518
vt 0.52143884 0.23678392
vt 0.74662393 0.31407988
vt 0.46006209 0.34002292
vt 0.95377225 0.96037114
vt 0.95893651 0.95977700
vt 0.45447132 0.34072369
vt 0.09090297 0.03365725
f 1/1 4/4 5/5
f 6/6 2/2 7/7
f 2/2 9/9 7/7
f 11/11 14/14 15/15
f 12/12 7/7 17/17
f 17/17 7/7 18/18
f 7/7 9/9 18/18
f 19/19 8/8 20/20
f 22/22 20/20 24/24
f 20/20 8/8 24/24
f 24/24 8/8 25/25
f 8/8 3/3 25/25
f 4/4 1/1 26/26
f 26/26 1/1 27/27
f 27/27 1/1 28/28
f 28/28 1/1 29/29
f 1/1 5/5 29/29
f 30/30 6/6 33/33
f 33/33 6/6 34/34
f 6/6 7/7 34/34
f 7/7 12/12 34/34
f 38/38 36/36 40/40
f 36/36 13/13 40/40
f 14/14 11/11 39/39
f 40/40 10/10 42/42
f 42/42 10/10 43/43
f 45/45 11/11 47/47
f 47/47 11/11 49/49
f 49/49 11/11 50/50
f 11/11 15/15 50/50
f 16/16 19/19 52/52
f 19/19 20/20 52/52
f 52/52 20/20 53/53
f 20/20 22/22 53/53
f 54/54 21/21 56/56
f 22/22 24/24 55/55
f 57/57 23/23 58/58
f 24/24 25/25 59/59
f 59/59 25/25 60/60
f 26/26 27/27 62/62
f 62/62 27/27 65/65
f 65/65 27/27 67/67
f 27/27 28/28 67/67
f 67/67 28/28 68/68
f 28/28 29/29 68/68
f 29/29 31/31 68/68
f 73/73 71/71 74/74
f 71/71 32/32 74/74
f 32/32 35/35 74/74
f 35/35 37/37 74/74
f 74/74 37/37 75/75
f 77/77 38/38 78/78
f 38/38 40/40 78/78
f 40/40 42/42 78/78
f 79/79 41/41 81/81
f 42/42 43/43 80/80
f 82/82 44/44 84/84
f 44/44 46/46 84/84
f 84/84 46/46 85/85
f 85/85 46/46 87/87
f 46/46 48/48 87/87
f 49/49 50/50 86/86
f 51/51 54/54 88/88
f 88/88 54/54 91/91
f 91/91 54/54 92/92
f 54/54 56/56 92/92
f 93/93 57/57 94/94
f 57/57 58/58 94/94
f 94/94 58/58 95/95
f 58/58 61/61 95/95
f 61/61 63/63 95/95
f 96/96 64/64 97/97
f 64/64 66/66 97/97
f 97/97 66/66 98/98
f 66/66 69/69 98/98
f 70/70 72/72 99/99
f 99/99 72/72 100/100
f 100/100 72/72 102/102
f 73/73 74/74 101/101
f 74/74 75/75 101/101
f 103/103 76/76 104/104
f 76/76 79/79 104/104
f 79/79 81/81 104/104
f 104/104 81/81 105/105
f 81/81 83/83 105/105
f 105/105 83/83 106/106
f 84/84 85/85 107/107
f 107/107 85/85 108/108
f 85/85 87/87 108/108
f 87/87 89/89 108/108
f 108/108 89/89 109/109
f 110/110 90/90 112/112
f 91/91 92/92 111/111
f 93/93 94/94 113/113
f 113/113 94/94 114/114
f 94/94 95/95 114/114
f 96/96 97/97 116/116
f 116/116 97/97 117/117
f 97/97 98/98 117/117
f 99/99 100/100 118/118
f 118/118 100/100 119/119
f 100/100 102/102 119/119
f 120/120 103/103 122/122
f 103/103 104/104 122/122
f 104/104 105/105 122/122
f 122/122 105/105 123/123
f 105/105 106/106 123/123
f 124/124 107/107 125/125
f 107/107 108/108 125/125
f 108/108 109/109 125/125
f 126/126 110/110 128/128
f 110/110 112/112 128/128
f 112/112 115/115 128/128
f 116/116 117/117 127/127
f 129/129 118/118 130/130
f 118/118 119/119 130/130
f 119/119 121/121 130/130
f 122/122 123/123 131/131
f 131/131 123/123 133/133
f 124/124 125/125 132/132
f 126/126 128/128 135/135
f 137/137 141/141 142/142
f 143/143 138/138 144/144
f 146/146 139/139 147/147
f 140/140 136/136 150/150
f 150/150 136/136 152/152
f 152/152 136/136 154/154
f 137/137 142/142 153/153
f 142/142 145/145 153/153
f 145/145 148/148 153/153
f 153/153 148/148 157/157
f 149/149 151/151 156/156
f 152/152 154/154 155/155
f 160/160 163/163 164/164
f 163/163 169/169 164/164
f 165/165 166/166 171/171
f 170/170 167/167 175/175
f 168/168 161/161 174/174
f 162/162 158/158 173/173
f 159/159 165/165 172/172
f 165/165 171/171 172/172
f 177/177 182/182 183/183
f 185/185 178/178 186/186
f 188/188 179/179 189/189
f 192/192 180/180 193/193
f 197/197 199/199 200/200
f 199/199 195/195 200/200
f 195/195 181/181 200/200
f 181/181 176/176 200/200
f 176/176 184/184 200/200
f 184/184 187/187 200/200
f 187/187 190/190 200/200
f 200/200 190/190 203/203
f 191/191 194/194 202/202
f 194/194 198/198 202/202
f 198/198 196/196 202/202
f 196/196 201/201 202/202
f 205/205 207/207 209/209
f 207/207 211/211 209/209
f 209/209 211/211 212/212
f 212/212 211/211 215/215
f 210/210 206/206 214/214
f 206/206 204/204 214/214
f 204/204 208/208 214/214
f 208/208 213/213 214/214
f 217/217 219/219 223/223
f 219/219 225/225 223/223
f 223/223 225/225 226/226
f 228/228 224/224 230/230
f 224/224 218/218 230/230
f 218/218 216/216 230/230
f 216/216 220/220 230/230
f 229/229 221/221 233/233
f 222/222 227/227 232/232
f 228/228 230/230 231/231
f 234/234 235/235 239/239
f 240/240 241/241 243/243
f 241/241 245/245 243/243
f 245/245 247/247 243/243
f 247/247 250/250 243/243
f 250/250 252/252 243/243
f 252/252 254/254 243/243
f 254/254 256/256 243/243
f 258/258 260/260 243/243
f 243/243 260/260 262/262
f 259/259 257/257 261/261
f 261/261 257/257 264/264
f 258/258 243/243 263/263
f 263/263 243/243 265/265
f 265/265 243/243 266/266
f 266/266 243/243 268/268
f 268/268 243/243 270/270
f 270/270 243/243 272/272
f 272/272 243/243 273/273
f 273/273 243/243 276/276
f 276/276 243/243 278/278
f 278/278 243/243 280/280
f 280/280 243/243 283/283
f 283/283 243/243 286/286
f 286/286 243/243 288/288
f 288/288 243/243 289/289
f 243/243 292/292 289/289
f 290/290 291/291 299/299
f 292/292 243/243 298/298
f 243/243 256/256 298/298
f 255/255 253/253 297/297
f 253/253 251/251 297/297
f 251/251 248/248 297/297
f 249/249 246/246 296/296
f 246/246 244/244 296/296
f 244/244 242/242 296/296
f 242/242 238/238 296/296
f 238/238 236/236 296/296
f 237/237 300/300 295/295
f 301/301 302/302 294/294
f 302/302 267/267 294/294
f 267/267 269/269 294/294
f 269/269 271/271 294/294
f 271/271 274/274 294/294
f 274/274 275/275 294/294
f 275/275 277/277 294/294
f 277/277 279/279 294/294
f 279/279 281/281 294/294
f 282/282 284/284 293/293
f 285/285 287/287 299/299
f 303/303 304/304 307/307
f 306/306 305/305 308/308
f 308/308 305/305 309/309
f 305/305 310/310 309/309
f 309/309 310/310 311/311
f 310/310 312/312 311/311
f 312/312 313/313 311/311
f 313/313 314/314 311/311
f 315/315 316/316 318/318
f 318/318 316/316 321/321
f 317/317 322/322 320/320
f 319/319 323/323 324/324
f 324/324 323/323 325/325
f 323/323 326/326 325/325
f 325/325 326/326 327/327
f 326/326 311/311 327/327
f 327/327 311/311 328/328
f 328/328 311/311 329/329
f 311/311 314/314 329/329
f 314/314 330/330 329/329
f 331/331 332/332 333/333
f 333/333 332/332 334/334
f 332/332 335/335 334/334
f 334/334 335/335 336/336
f 335/335 337/337 336/336
f 337/337 338/338 336/336
f 336/336 338/338 339/339
f 338/338 340/340 339/339
f 339/339 340/340 341/341
f 340/340 342/342 341/341
f 342/342 343/343 341/341
f 343/343 344/344 341/341
f 344/344 345/345 341/341
f 341/341 345/345 346/346
f 347/347 348/348 349/349
f 348/348 350/350 349/349
f 350/350 351/351 349/349
f 349/349 351/351 352/352
f 351/351 346/346 352/352
f 352/352 346/346 353/353
f 353/353 346/346 354/354
f 346/346 345/345 354/354
f 355/355 354/354 356/356
f 354/354 345/345 356/356
f 356/356 345/345 357/357
f 345/345 344/344 357/357
f 357/357 344/344 358/358
f 358/358 344/344 359/359
f 344/344 360/360 359/359
f 359/359 360/360 361/361
f 360/360 362/362 361/361
f 361/361 362/362 363/363
f 362/362 364/364 363/363
f 363/363 364/364 365/365
f 364/364 366/366 365/365
f 366/366 367/367 365/365
f 367/367 368/368 365/365
f 370/370 372/372 373/373
f 373/373 372/372 376/376
f 371/371 369/369 375/375
f 369/369 374/374 375/375
f 377/377 378/378 379/379
f 381/381 384/384 385/385
f 386/386 382/382 387/387
f 383/383 380/380 388/388
f 388/388 380/380 389/389
f 381/381 385/385 390/390
f 390/390 385/385 391/391
f 386/386 387/387 392/392
f 392/392 387/387 393/393
f 388/388 389/389 395/395
f 398/398 395/395 399/399
f 395/395 389/389 399/399
f 390/390 391/391 400/400
f 400/400 391/391 403/403
f 392/392 393/393 402/402
f 394/394 396/396 401/401
f 404/404 397/397 405/405
f 406/406 398/398 407/407
f 398/398 399/399 407/407
f 400/400 403/403 408/408
f 408/408 403/403 409/409
f 404/404 405/405 410/410
f 410/410 405/405 411/411
f 413/413 406/406 414/414
f 406/406 407/407 414/414
f 408/408 409/409 415/415
f 415/415 409/409 416/416
f 410/410 411/411 417/417
f 411/411 419/419 417/417
f 417/417 419/419 421/421
f 424/424 427/427 429/429
f 425/425 421/421 428/428
f 421/421 419/419 428/428
f 431/431 418/418 433/433
f 418/418 412/412 433/433
f 413/413 414/414 432/432
f 415/415 416/416 435/435
f 416/416 420/420 435/435
f 420/420 426/426 435/435
f 426/426 422/422 435/435
f 436/436 438/438 439/439
f 438/438 441/441 439/439
f 441/441 443/443 439/439
f 443/443 445/445 439/439
f 445/445 447/447 439/439
f 447/447 448/448 439/439
f 448/448 450/450 439/439
f 450/450 452/452 439/439
f 439/439 452/452 454/454
f 457/457 454/454 459/459
f 454/454 452/452 459/459
f 451/451 465/465 458/458
f 462/462 463/463 467/467
f 464/464 452/452 466/466
f 452/452 450/450 466/466
f 450/450 472/472 466/466
f 469/469 470/470 474/474
f 471/471 449/449 473/473
f 450/450 448/448 476/476
f 476/476 448/448 478/478
f 478/478 448/448 480/480
f 448/448 447/447 480/480
f 446/446 485/485 479/479
f 482/482 483/483 487/487
f 484/484 447/447 486/486
f 447/447 445/445 486/486
f 445/445 490/490 486/486
f 487/487 488/488 493/493
f 489/489 444/444 492/492
f 445/445 443/443 491/491
f 443/443 498/498 491/491
f 495/495 496/496 500/500
f 497/497 442/442 499/499
f 502/502 443/443 504/504
f 443/443 441/441 504/504
f 440/440 509/509 503/503
f 506/506 507/507 511/511
f 508/508 441/441 510/510
f 441/441 438/438 510/510
f 438/438 514/514 510/510
f 511/511 512/512 516/516
f 513/513 437/437 515/515
f 438/438 436/436 517/517
f 517/517 436/436 520/520
f 520/520 436/436 521/521
f 527/527 524/524 528/528
f 521/521 436/436 529/529
f 436/436 439/439 529/529
f 529/529 439/439 531/531
f 439/439 454/454 531/531
f 531/531 454/454 534/534
f 453/453 455/455 533/533
f 456/456 460/460 532/532
f 536/536 461/461 543/543
f 462/462 467/467 542/542
f 468/468 475/475 541/541
f 475/475 477/477 541/541
f 477/477 481/481 541/541
f 482/482 487/487 540/540
f 487/487 493/493 540/540
f 494/494 501/501 539/539
f 501/501 505/505 539/539
f 506/506 511/511 538/538
f 511/511 516/516 538/538
f 516/516 518/518 538/538
f 519/519 522/522 537/537
f 546/546 523/523 548/548
f 523/523 525/525 548/548
f 526/526 529/529 547/547
f 529/529 531/531 547/547
f 531/531 553/553 547/547
f 550/550 551/551 556/556
f 552/552 530/530 555/555
f 531/531 534/534 554/554
f 535/535 544/544 558/558
f 560/560 563/563 564/564
f 564/564 563/563 565/565
f 567/567 561/561 569/569
f 569/569 561/561 570/570
f 562/562 559/559 572/572
f 572/572 559/559 574/574
f 577/577 574/574 578/578
f 574/574 559/559 578/578
f 560/560 564/564 580/580
f 580/580 564/564 582/582
f 582/582 564/564 586/586
f 586/586 564/564 588/588
f 588/588 564/564 590/590
f 564/564 565/565 590/590
f 595/595 592/592 597/597
f 589/589 566/566 596/596
f 567/567 569/569 599/599
f 602/602 599/599 603/603
f 599/599 569/569 603/603
f 605/605 568/568 607/607
f 568/568 571/571 607/607
f 607/607 571/571 609/609
f 572/572 574/574 608/608
f 573/573 575/575 611/611
f 611/611 575/575 613/613
f 616/616 613/613 617/617
f 613/613 575/575 617/617
f 576/576 579/579 618/618
f 579/579 581/581 618/618
f 618/618 581/581 619/619
f 581/581 583/583 619/619
f 620/620 584/584 621/621
f 585/585 587/587 622/622
f 622/622 587/587 623/623
f 587/587 591/591 623/623
f 591/591 593/593 623/623
f 626/626 594/594 629/629
f 629/629 594/594 630/630
f 594/594 598/598 630/630
f 598/598 600/600 630/630
f 631/631 601/601 632/632
f 601/601 604/604 632/632
f 632/632 604/604 634/634
f 605/605 607/607 633/633
f 606/606 610/610 635/635
f 635/635 610/610 636/636
f 610/610 612/612 636/636
f 637/637 613/613 638/638
f 613/613 616/616 638/638
f 641/641 614/614 643/643
f 615/615 618/618 642/642
f 618/618 619/619 642/642
f 644/644 620/620 646/646
f 620/620 621/621 646/646
f 621/621 624/624 646/646
f 625/625 627/627 645/645
f 648/648 628/628 649/649
f 628/628 631/631 649/649
f 631/631 632/632 649/649
f 649/649 632/632 651/651
f 632/632 634/634 651/651
f 635/635 636/636 650/650
f 636/636 639/639 650/650
f 651/651 640/640 653/653
f 641/641 643/643 652/652
f 643/643 647/647 652/652
f 648/648 649/649 653/653
f 656/656 659/659 660/660
f 664/664 657/657 665/665
f 667/667 658/658 669/669
f 658/658 654/654 669/669
f 655/655 661/661 668/668
f 671/671 662/662 672/672
f 663/663 666/666 674/674
f 674/674 666/666 675/675
f 676/676 667/667 677/677
f 667/667 669/669 677/677
f 670/670 673/673 678/678
f 678/678 673/673 679/679
f 674/674 675/675 680/680
f 680/680 675/675 681/681
f 682/682 676/676 683/683
f 676/676 677/677 683/683
f 678/678 679/679 684/684
f 684/684 679/679 685/685
f 680/680 681/681 686/686
f 686/686 681/681 687/687
f 688/688 682/682 689/689
f 682/682 683/683 689/689
f 690/690 684/684 691/691
f 684/684 685/685 691/691
f 686/686 687/687 692/692
f 692/692 687/687 693/693
f 694/694 688/688 695/695
f 688/688 689/689 695/695
f 696/696 690/690 698/698
f 690/690 691/691 698/698
f 692/692 693/693 697/697
f 693/693 702/702 697/697
f 702/702 705/705 697/697
f 699/699 703/703 707/707
f 704/704 700/700 706/706
f 701/701 694/694 709/709
f 694/694 695/695 709/709
f 711/711 714/714 715/715
f 718/718 712/712 721/721
f 713/713 710/710 720/720
f 710/710 725/725 720/720
f 723/723 728/728 719/719
f 722/722 726/726 732/732
f 727/727 724/724 731/731
f 725/725 737/737 730/730
f 735/735 740/740 729/729
f 734/734 738/738 742/742
f 739/739 736/736 741/741
f 737/737 745/745 744/744
f 744/744 745/745 747/747
f 747/747 745/745 749/749
f 745/745 753/753 749/749
f 752/752 756/756 748/748
f 751/751 754/754 759/759
f 755/755 753/753 758/758
f 753/753 764/764 758/758
f 762/762 767/767 757/757
f 761/761 765/765 769/769
f 766/766 763/763 768/768
f 764/764 771/771 770/770
f 770/770 771/771 773/773
f 773/773 771/771 775/775
f 771/771 779/779 775/775
f 777/777 782/782 774/774
f 776/776 780/780 786/786
f 781/781 778/778 785/785
f 779/779 791/791 784/784
f 789/789 794/794 783/783
f 788/788 792/792 797/797
f 793/793 790/790 796/796
f 791/791 800/800 795/795
f 800/800 803/803 795/795
f 798/798 801/801 805/805
f 802/802 799/799 804/804
f 808/808 806/806 809/809
f 806/806 800/800 809/809
f 809/809 800/800 810/810
f 800/800 791/791 810/810
f 791/791 779/779 810/810
f 779/779 771/771 810/810
f 771/771 764/764 810/810
f 764/764 753/753 810/810
f 753/753 745/745 810/810
f 745/745 737/737 810/810
f 737/737 725/725 810/810
f 725/725 710/710 810/810
f 810/810 710/710 811/811
f 710/710 716/716 811/811
f 812/812 717/717 813/813
f 814/814 718/718 818/818
f 718/718 721/721 818/818
f 721/721 733/733 818/818
f 734/734 742/742 817/817
f 743/743 746/746 816/816
f 746/746 750/750 816/816
f 750/750 760/760 816/816
f 761/761 769/769 815/815
f 769/769 772/772 815/815
f 772/772 776/776 815/815
f 776/776 786/786 815/815
f 787/787 798/798 818/818
f 798/798 805/805 818/818
f 805/805 807/807 818/818
f 818/818 807/807 820/820
f 808/808 809/809 819/819
f 824/824 821/821 825/825
f 819/819 809/809 827/827
f 809/809 810/810 827/827
f 827/827 810/810 828/828
f 810/810 811/811 828/828
f 830/830 812/812 831/831
f 812/812 813/813 831/831
f 814/814 818/818 833/833
f 833/833 818/818 835/835
f 818/818 820/820 835/835
f 820/820 822/822 835/835
f 823/823 826/826 834/834
f 827/827 828/828 836/836
f 836/836 828/828 837/837
f 829/829 832/832 839/839
f 842/842 843/843 845/845
f 845/845 843/843 847/847
f 847/847 843/843 849/849
f 849/849 843/843 851/851
f 851/851 843/843 852/852
f 843/843 842/842 852/852
f 853/853 840/840 855/855
f 855/855 840/840 856/856
f 857/857 841/841 859/859
f 842/842 845/845 858/858
f 860/860 844/844 861/861
f 845/845 847/847 862/862
f 862/862 847/847 863/863
f 865/865 846/846 866/866
f 866/866 846/846 867/867
f 846/846 848/848 867/867
f 867/867 848/848 868/868
f 849/849 851/851 869/869
f 869/869 851/851 872/872
f 872/872 851/851 873/873
f 850/850 853/853 875/875
f 875/875 853/853 877/877
f 877/877 853/853 878/878
f 853/853 855/855 878/878
f 879/879 878/878 880/880
f 878/878 855/855 880/880
f 854/854 857/857 881/881
f 881/881 857/857 882/882
f 882/882 857/857 883/883
f 883/883 857/857 884/884
f 857/857 859/859 884/884
f 887/887 885/885 888/888
f 885/885 860/860 888/888
f 860/860 861/861 888/888
f 890/890 888/888 891/891
f 888/888 861/861 891/891
f 861/861 864/864 891/891
f 892/892 865/865 893/893
f 893/893 865/865 894/894
f 865/865 866/866 894/894
f 866/866 867/867 894/894
f 894/894 867/867 895/895
f 867/867 868/868 895/895
f 868/868 870/870 895/895
f 897/897 898/898 899/899
f 898/898 895/895 899/899
f 895/895 870/870 899/899
f 871/871 874/874 900/900
f 900/900 874/874 902/902
f 875/875 877/877 901/901
f 902/902 876/876 903/903
f 905/905 877/877 907/907
f 877/877 878/878 907/907
f 907/907 878/878 909/909
f 878/878 879/879 909/909
f 909/909 879/879 910/910
f 879/879 880/880 910/910
f 881/881 882/882 912/912
f 915/915 912/912 917/917
f 917/917 912/912 918/918
f 912/912 882/882 918/918
f 882/882 883/883 918/918
f 918/918 883/883 919/919
f 883/883 884/884 919/919
f 884/884 886/886 919/919
f 923/923 921/921 925/925
f 921/921 887/887 925/925
f 887/887 888/888 925/925
f 888/888 890/890 925/925
f 929/929 927/927 931/931
f 924/924 889/889 930/930
f 934/934 890/890 935/935
f 890/890 891/891 935/935
f 892/892 893/893 937/937
f 937/937 893/893 939/939
f 893/893 894/894 939/939
f 942/942 939/939 943/943
f 939/939 894/894 943/943
f 894/894 895/895 943/943
f 895/895 898/898 943/943
f 943/943 898/898 944/944
f 947/947 944/944 948/948
f 944/944 898/898 948/948
f 898/898 897/897 948/948
f 951/951 896/896 952/952
f 896/896 900/900 952/952
f 900/900 902/902 952/952
f 902/902 903/903 952/952
f 952/952 903/903 953/953
f 954/954 904/904 955/955
f 904/904 906/906 955/955
f 955/955 906/906 956/956
f 906/906 908/908 956/956
f 956/956 908/908 957/957
f 908/908 911/911 957/957
f 911/911 913/913 957/957
f 957/957 913/913 958/958
f 959/959 914/914 960/960
f 914/914 916/916 960/960
f 916/916 963/963 960/960
f 960/960 963/963 964/964
f 966/966 961/961 968/968
f 962/962 917/917 967/967
f 917/917 918/918 967/967
f 918/918 919/919 967/967
f 920/920 922/922 968/968
f 968/968 922/922 969/969
f 922/922 926/926 969/969
f 926/926 928/928 969/969
f 969/969 928/928 971/971
f 928/928 932/932 971/971
f 971/971 932/932 972/972
f 933/933 936/936 973/973
f 973/973 936/936 974/974
f 936/936 938/938 974/974
f 938/938 940/940 974/974
f 974/974 940/940 975/975
f 978/978 976/976 979/979
f 976/976 941/941 979/979
f 942/942 943/943 980/980
f 980/980 943/943 982/982
f 943/943 944/944 982/982
f 982/982 944/944 983/983
f 944/944 947/947 983/983
f 984/984 945/945 986/986
f 946/946 949/949 985/985
f 988/988 950/950 989/989
f 951/951 952/952 991/991
f 952/952 953/953 991/991
f 991/991 953/953 992/992
f 994/994 954/954 998/998
f 954/954 955/955 998/998
f 955/955 956/956 998/998
f 998/998 956/956 1000/1000
f 956/956 957/957 1000/1000
f 1000/1000 957/957 1003/1003
f 1003/1003 957/957 1004/1004
f 957/957 958/958 1004/1004
f 959/959 960/960 1006/1006
f 1006/1006 960/960 1007/1007
f 960/960 964/964 1007/1007
f 1008/1008 965/965 1009/1009
f 966/966 968/968 1010/1010
f 968/968 969/969 1010/1010
f 1010/1010 969/969 1011/1011
f 969/969 971/971 1011/1011
f 1011/1011 971/971 1012/1012
f 1014/1014 970/970 1015/1015
f 970/970 973/973 1015/1015
f 973/973 974/974 1015/1015
f 974/974 975/975 1015/1015
f 1015/1015 975/975 1016/1016
f 975/975 977/977 1016/1016
f 1018/1018 978/978 1020/1020
f 978/978 979/979 1020/1020
f 979/979 981/981 1020/1020
f 981/981 984/984 1020/1020
f 1020/1020 984/984 1021/1021
f 984/984 986/986 1021/1021
f 1024/1024 987/987 1025/1025
f 987/987 990/990 1025/1025
f 990/990 993/993 1025/1025
f 993/993 995/995 1025/1025
f 1025/1025 995/995 1026/1026
f 1027/1027 996/996 1030/1030
f 997/997 999/999 1029/1029
f 1000/1000 1003/1003 1028/1028
f 1031/1031 1001/1001 1032/1032
f 1033/1033 1002/1002 1034/1034
f 1002/1002 1005/1005 1034/1034
f 1005/1005 1008/1008 1034/1034
f 1008/1008 1009/1009 1034/1034
f 1034/1034 1009/1009 1036/1036
f 1010/1010 1011/1011 1035/1035
f 1011/1011 1012/1012 1035/1035
f 1036/1036 1013/1013 1038/1038
f 1014/1014 1015/1015 1037/1037
f 1015/1015 1016/1016 1037/1037
f 1038/1038 1017/1017 1041/1041
f 1018/1018 1020/1020 1040/1040
f 1019/1019 1022/1022 1039/1039
f 1042/1042 1023/1023 1043/1043
f 1024/1024 1025/1025 1045/1045
f 1045/1045 1025/1025 1046/1046
f 1025/1025 1026/1026 1046/1046
f 1026/1026 1031/1031 1046/1046
f 1031/1031 1032/1032 1046/1046
f 1047/1047 1033/1033 1048/1048
f 1033/1033 1034/1034 1048/1048
f 1048/1048 1034/1034 1049/1049
f 1034/1034 1036/1036 1049/1049
f 1036/1036 1038/1038 1049/1049
f 1049/1049 1038/1038 1050/1050
f 1038/1038 1041/1041 1050/1050
f 1041/1041 1044/1044 1050/1050
f 1044/1044 1047/1047 1050/1050
f 1047/1047 1048/1048 1050/1050
f 1053/1053 1057/1057 1059/1059
f 1070/1070 1061/1061 1073/1073
f 1078/1078 1075/1075 1081/1081
f 1081/1081 1075/1075 1083/1083
f 1071/1071 1091/1091 1082/1082
f 1087/1087 1088/1088 1093/1093
f 1099/1099 1096/1096 1101/1101
f 1092/1092 1089/1089 1100/1100
f 1090/1090 1072/1072 1104/1104
f 1072/1072 1058/1058 1104/1104
f 1104/1104 1058/1058 1109/1109
f 1109/1109 1058/1058 1112/1112
f 1058/1058 1054/1054 1112/1112
f 1112/1112 1054/1054 1113/1113
f 1116/1116 1055/1055 1119/1119
f 1056/1056 1125/1125 1118/1118
f 1130/1130 1122/1122 1133/1133
f 1133/1133 1122/1122 1135/1135
f 1117/1117 1123/1123 1134/1134
f 1124/1124 1057/1057 1138/1138
f 1141/1141 1138/1138 1143/1143
f 1138/1138 1057/1057 1143/1143
f 1057/1057 1053/1053 1143/1143
f 1051/1051 1147/1147 1142/1142
f 1144/1144 1145/1145 1149/1149
f 1146/1146 1052/1052 1148/1148
f 1154/1154 1151/1151 1157/1157
f 1151/1151 1053/1053 1157/1157
f 1160/1160 1157/1157 1163/1163
f 1157/1157 1053/1053 1163/1163
f 1053/1053 1059/1059 1163/1163
f 1060/1060 1062/1062 1162/1162
f 1169/1169 1166/1166 1171/1171
f 1177/1177 1174/1174 1178/1178
f 1181/1181 1170/1170 1185/1185
f 1171/1171 1166/1166 1184/1184
f 1161/1161 1063/1063 1183/1183
f 1064/1064 1189/1189 1182/1182
f 1186/1186 1187/1187 1192/1192
f 1188/1188 1065/1065 1191/1191
f 1066/1066 1196/1196 1190/1190
f 1193/1193 1194/1194 1197/1197
f 1199/1199 1195/1195 1202/1202
f 1195/1195 1067/1067 1202/1202
f 1068/1068 1208/1208 1201/1201
f 1211/1211 1205/1205 1217/1217
f 1200/1200 1206/1206 1216/1216
f 1207/1207 1069/1069 1215/1215
f 1070/1070 1073/1073 1214/1214
f 1074/1074 1076/1076 1213/1213
f 1077/1077 1079/1079 1212/1212
f 1220/1220 1080/1080 1222/1222
f 1081/1081 1083/1083 1221/1221
f 1224/1224 1084/1084 1225/1225
f 1228/1228 1085/1085 1229/1229
f 1232/1232 1086/1086 1234/1234
f 1086/1086 1094/1094 1234/1234
f 1236/1236 1234/1234 1242/1242
f 1234/1234 1094/1094 1242/1242
f 1095/1095 1097/1097 1241/1241
f 1098/1098 1102/1102 1240/1240
f 1103/1103 1105/1105 1239/1239
f 1106/1106 1247/1247 1238/1238
f 1245/1245 1250/1250 1237/1237
f 1244/1244 1248/1248 1253/1253
f 1253/1253 1248/1248 1254/1254
f 1257/1257 1249/1249 1260/1260
f 1250/1250 1245/1245 1259/1259
f 1246/1246 1107/1107 1258/1258
f 1108/1108 1110/1110 1264/1264
f 1264/1264 1110/1110 1269/1269
f 1111/1111 1114/1114 1268/1268
f 1115/1115 1120/1120 1267/1267
f 1121/1121 1126/1126 1266/1266
f 1127/1127 1275/1275 1265/1265
f 1272/1272 1273/1273 1299/1299
f 1274/1274 1128/1128 1298/1298
f 1129/1129 1131/1131 1297/1297
f 1132/1132 1136/1136 1296/1296
f 1137/1137 1139/1139 1295/1295
f 1140/1140 1144/1144 1294/1294
f 1144/1144 1149/1149 1294/1294
f 1150/1150 1152/1152 1293/1293
f 1153/1153 1155/1155 1292/1292
f 1156/1156 1158/1158 1291/1291
f 1159/1159 1164/1164 1290/1290
f 1165/1165 1167/1167 1289/1289
f 1168/1168 1172/1172 1288/1288
f 1173/1173 1175/1175 1287/1287
f 1176/1176 1179/1179 1286/1286
f 1180/1180 1186/1186 1285/1285
f 1186/1186 1192/1192 1285/1285
f 1193/1193 1197/1197 1284/1284
f 1198/1198 1203/1203 1283/1283
f 1204/1204 1209/1209 1282/1282
f 1210/1210 1218/1218 1281/1281
f 1219/1219 1223/1223 1280/1280
f 1223/1223 1226/1226 1280/1280
f 1227/1227 1230/1230 1279/1279
f 1231/1231 1233/1233 1278/1278
f 1233/1233 1235/1235 1278/1278
f 1235/1235 1243/1243 1278/1278
f 1243/1243 1251/1251 1278/1278
f 1252/1252 1255/1255 1277/1277
f 1256/1256 1261/1261 1276/1276
f 1301/1301 1262/1262 1302/1302
f 1263/1263 1270/1270 1304/1304
f 1306/1306 1310/1310 1312/1312
f 1307/1307 1318/1318 1311/1311
f 1315/1315 1320/1320 1314/1314
f 1314/1314 1320/1320 1322/1322
f 1324/1324 1322/1322 1327/1327
f 1322/1322 1320/1320 1327/1327
f 1319/1319 1316/1316 1326/1326
f 1317/1317 1308/1308 1325/1325
f 1309/1309 1305/1305 1328/1328
f 1305/1305 1313/1313 1328/1328
f 1328/1328 1313/1313 1330/1330
f 1313/1313 1321/1321 1330/1330
f 1321/1321 1323/1323 1330/1330
f 1330/1330 1323/1323 1331/1331
f 1324/1324 1327/1327 1332/1332
f 1332/1332 1327/1327 1334/1334
f 1334/1334 1327/1327 1336/1336
f 1336/1336 1327/1327 1337/1337
f 1337/1337 1327/1327 1339/1339
f 1327/1327 1329/1329 1339/1339
f 1339/1339 1329/1329 1341/1341
f 1330/1330 1331/1331 1340/1340
f 1331/1331 1333/1333 1340/1340
f 1333/1333 1335/1335 1340/1340
f 1335/1335 1338/1338 1340/1340
f 1340/1340 1338/1338 1342/1342
f 1343/1343 1344/1344 1347/1347
f 1346/1346 1345/1345 1348/1348
f 1348/1348 1345/1345 1349/1349
f 1345/1345 1350/1350 1349/1349
f 1352/1352 1354/1354 1355/1355
f 1354/1354 1357/1357 1355/1355
f 1357/1357 1359/1359 1355/1355
f 1359/1359 1362/1362 1355/1355
f 1362/1362 1364/1364 1355/1355
f 1364/1364 1365/1365 1355/1355
f 1366/1366 1367/1367 1368/1368
f 1367/1367 1369/1369 1368/1368
f 1368/1368 1369/1369 1370/1370
f 1369/1369 1355/1355 1370/1370
f 1371/1371 1372/1372 1373/1373
f 1373/1373 1372/1372 1374/1374
f 1372/1372 1375/1375 1374/1374
f 1374/1374 1375/1375 1376/1376
f 1375/1375 1377/1377 1376/1376
f 1376/1376 1377/1377 1378/1378
f 1377/1377 1379/1379 1378/1378
f 1378/1378 1379/1379 1380/1380
f 1380/1380 1379/1379 1381/1381
f 1379/1379 1382/1382 1381/1381
f 1383/1383 1384/1384 1385/1385
f 1385/1385 1384/1384 1386/1386
f 1386/1386 1384/1384 1387/1387
f 1384/1384 1381/1381 1387/1387
f 1387/1387 1381/1381 1388/1388
f 1381/1381 1382/1382 1388/1388
f 1382/1382 1370/1370 1388/1388
f 1388/1388 1370/1370 1391/1391
f 1370/1370 1355/1355 1391/1391
f 1355/1355 1365/1365 1391/1391
f 1365/1365 1364/1364 1391/1391
f 1363/1363 1360/1360 1390/1390
f 1361/1361 1358/1358 1389/1389
f 1358/1358 1356/1356 1389/1389
f 1356/1356 1353/1353 1389/1389
f 1353/1353 1351/1351 1389/1389
f 1392/1392 1389/1389 1394/1394
f 1389/1389 1351/1351 1394/1394
f 1352/1352 1355/1355 1393/1393
f 1393/1393 1355/1355 1395/1395
f 1355/1355 1369/1369 1395/1395
f 1369/1369 1396/1396 1395/1395
f 1396/1396 1397/1397 1395/1395
f 1397/1397 1398/1398 1395/1395
f 1398/1398 1399/1399 1395/1395
f 1395/1395 1399/1399 1400/1400
f 1399/1399 1401/1401 1400/1400
f 1401/1401 1402/1402 1400/1400
f 1400/1400 1402/1402 1403/1403
f 1402/1402 1349/1349 1403/1403
f 1349/1349 1350/1350 1403/1403
f 1406/1406 1408/1408 1409/1409
f 1408/1408 1413/1413 1409/1409
f 1411/1411 1412/1412 1414/1414
f 1412/1412 1407/1407 1414/1414
f 1408/1408 1406/1406 1416/1416
f 1416/1416 1406/1406 1417/1417
f 1418/1418 1404/1404 1420/1420
f 1419/1419 1405/1405 1423/1423
f 1405/1405 1410/1410 1423/1423
f 1410/1410 1415/1415 1423/1423
f 1416/1416 1417/1417 1422/1422
f 1417/1417 1421/1421 1422/1422
f 1425/1425 1427/1427 1428/1428
f 1427/1427 1433/1433 1428/1428
f 1430/1430 1431/1431 1434/1434
f 1432/1432 1426/1426 1438/1438
f 1426/1426 1424/1424 1438/1438
f 1424/1424 1440/1440 1438/1438
f 1438/1438 1440/1440 1441/1441
f 1442/1442 1439/1439 1444/1444
f 1439/1439 1425/1425 1444/1444
f 1425/1425 1428/1428 1444/1444
f 1429/1429 1435/1435 1443/1443
f 1445/1445 1436/1436 1447/1447
f 1446/1446 1437/1437 1449/1449
f 1437/1437 1442/1442 1449/1449
f 1442/1442 1444/1444 1449/1449
f 1445/1445 1447/1447 1448/1448
f 1450/1450 1454/1454 1455/1455
f 1456/1456 1455/1455 1458/1458
f 1455/1455 1454/1454 1458/1458
f 1457/1457 1453/1453 1460/1460
f 1453/1453 1451/1451 1460/1460
f 1459/1459 1452/1452 1461/1461
f 1462/1462 1463/1463 1464/1464
f 1467/1467 1471/1471 1472/1472
f 1474/1474 1468/1468 1475/1475
f 1478/1478 1469/1469 1481/1481
f 1470/1470 1465/1465 1480/1480
f 1465/1465 1486/1486 1480/1480
f 1485/1485 1488/1488 1479/1479
f 1484/1484 1487/1487 1489/1489
f 1489/1489 1487/1487 1494/1494
f 1487/1487 1486/1486 1494/1494
f 1486/1486 1465/1465 1494/1494
f 1466/1466 1473/1473 1493/1493
f 1473/1473 1476/1476 1493/1493
f 1477/1477 1482/1482 1492/1492
f 1483/1483 1490/1490 1491/1491
f 1496/1496 1499/1499 1505/1505
f 1497/1497 1508/1508 1504/1504
f 1506/1506 1510/1510 1503/1503
f 1510/1510 1513/1513 1503/1503
f 1511/1511 1516/1516 1502/1502
f 1514/1514 1519/1519 1501/1501
f 1517/1517 1522/1522 1500/1500
f 1525/1525 1505/1505 1524/1524
f 1505/1505 1520/1520 1524/1524
f 1523/1523 1521/1521 1526/1526
f 1521/1521 1518/1518 1526/1526
f 1518/1518 1515/1515 1526/1526
f 1515/1515 1512/1512 1526/1526
f 1512/1512 1509/1509 1526/1526
f 1509/1509 1507/1507 1526/1526
f 1507/1507 1498/1498 1526/1526
f 1498/1498 1495/1495 1526/1526
f 1526/1526 1495/1495 1528/1528
f 1496/1496 1505/1505 1527/1527
f 1527/1527 1505/1505 1530/1530
f 1505/1505 1525/1525 1530/1530
f 1526/1526 1528/1528 1529/1529
f 1532/1532 1533/1533 1534/1534
f 1534/1534 1533/1533 1537/1537
f 1533/1533 1532/1532 1537/1537
f 1531/1531 1535/1535 1536/1536
f 1539/1539 1541/1541 1543/1543
f 1541/1541 1545/1545 1543/1543
f 1543/1543 1545/1545 1548/1548
f 1548/1548 1545/1545 1550/1550
f 1550/1550 1545/1545 1552/1552
f 1544/1544 1540/1540 1551/1551
f 1540/1540 1538/1538 1551/1551
f 1538/1538 1542/1542 1551/1551
f 1542/1542 1546/1546 1551/1551
f 1551/1551 1546/1546 1555/1555
f 1547/1547 1549/1549 1554/1554
f 1550/1550 1552/1552 1553/1553
f 1557/1557 1559/1559 1561/1561
f 1559/1559 1563/1563 1561/1561
f 1563/1563 1566/1566 1561/1561
f 1561/1561 1566/1566 1567/1567
f 1570/1570 1564/1564 1571/1571
f 1565/1565 1562/1562 1573/1573
f 1573/1573 1562/1562 1575/1575
f 1562/1562 1558/1558 1575/1575
f 1575/1575 1558/1558 1577/1577
f 1558/1558 1556/1556 1577/1577
f 1556/1556 1560/1560 1577/1577
f 1577/1577 1560/1560 1579/1579
f 1560/1560 1568/1568 1579/1579
f 1579/1579 1568/1568 1580/1580
f 1569/1569 1572/1572 1581/1581
f 1572/1572 1574/1574 1581/1581
f 1574/1574 1576/1576 1581/1581
f 1581/1581 1576/1576 1583/1583
f 1576/1576 1578/1578 1583/1583
f 1583/1583 1578/1578 1585/1585
f 1585/1585 1578/1578 1586/1586
f 1587/1587 1579/1579 1589/1589
f 1589/1589 1579/1579 1590/1590
f 1579/1579 1580/1580 1590/1590
f 1580/1580 1582/1582 1590/1590
f 1582/1582 1584/1584 1590/1590
f 1585/1585 1586/1586 1591/1591
f 1591/1591 1586/1586 1592/1592
f 1587/1587 1589/1589 1593/1593
f 1593/1593 1589/1589 1595/1595
f 1594/1594 1588/1588 1597/1597
f 1588/1588 1591/1591 1597/1597
f 1591/1591 1592/1592 1597/1597
f 1593/1593 1595/1595 1596/1596
f 1598/1598 1599/1599 1600/1600
f 1599/1599 1601/1601 1600/1600
f 1600/1600 1601/1601 1602/1602
f 1604/1604 1606/1606 1607/1607
f 1606/1606 1609/1609 1607/1607
f 1609/1609 1611/1611 1607/1607
f 1611/1611 1613/1613 1607/1607
f 1613/1613 1615/1615 1607/1607
f 1615/1615 1617/1617 1607/1607
f 1617/1617 1619/1619 1607/1607
f 1619/1619 1621/1621 1607/1607
f 1607/1607 1621/1621 1623/1623
f 1622/1622 1620/1620 1624/1624
f 1620/1620 1618/1618 1624/1624
f 1618/1618 1616/1616 1624/1624
f 1616/1616 1614/1614 1624/1624
f 1614/1614 1612/1612 1624/1624
f 1612/1612 1610/1610 1624/1624
f 1610/1610 1608/1608 1624/1624
f 1608/1608 1605/1605 1624/1624
f 1605/1605 1603/1603 1624/1624
f 1624/1624 1603/1603 1626/1626
f 1604/1604 1607/1607 1625/1625
f 1625/1625 1607/1607 1627/1627
f 1627/1627 1607/1607 1628/1628
f 1629/1629 1630/1630 1633/1633
f 1632/1632 1631/1631 1634/1634
f 1634/1634 1631/1631 1635/1635
f 1631/1631 1636/1636 1635/1635
f 1635/1635 1636/1636 1637/1637
f 1636/1636 1628/1628 1637/1637
f 1637/1637 1628/1628 1638/1638
f 1628/1628 1607/1607 1638/1638
f 1638/1638 1607/1607 1639/1639
f 1639/1639 1607/1607 1640/1640
f 1640/1640 1607/1607 1641/1641
f 1641/1641 1607/1607 1642/1642
f 1642/1642 1607/1607 1643/1643
f 1607/1607 1623/1623 1643/1643
f 1643/1643 1623/1623 1644/1644
f 1623/1623 1602/1602 1644/1644
f 1644/1644 1602/1602 1645/1645
f 1602/1602 1601/1601 1645/1645
f 1648/1648 1651/1651 1652/1652
f 1657/1657 1654/1654 1658/1658
f 1654/1654 1649/1649 1658/1658
f 1650/1650 1646/1646 1660/1660
f 1660/1660 1646/1646 1661/1661
f 1647/1647 1653/1653 1663/1663
f 1653/1653 1655/1655 1663/1663
f 1663/1663 1655/1655 1664/1664
f 1667/1667 1656/1656 1668/1668
f 1656/1656 1659/1659 1668/1668
f 1669/1669 1660/1660 1671/1671
f 1660/1660 1661/1661 1671/1671
f 1662/1662 1665/1665 1670/1670
f 1672/1672 1666/1666 1673/1673
f 1674/1674 1667/1667 1675/1675
f 1667/1667 1668/1668 1675/1675
f 1669/1669 1671/1671 1676/1676
f 1676/1676 1671/1671 1677/1677
f 1672/1672 1673/1673 1678/1678
f 1680/1680 1678/1678 1681/1681
f 1678/1678 1673/1673 1681/1681
f 1674/1674 1675/1675 1683/1683
f 1683/1683 1675/1675 1684/1684
f 1676/1676 1677/1677 1686/1686
f 1677/1677 1679/1679 1686/1686
f 1686/1686 1679/1679 1688/1688
f 1688/1688 1679/1679 1689/1689
f 1690/1690 1680/1680 1691/1691
f 1680/1680 1681/1681 1691/1691
f 1682/1682 1685/1685 1692/1692
f 1685/1685 1687/1687 1692/1692
f 1692/1692 1687/1687 1693/1693
f 1688/1688 1689/1689 1696/1696
f 1696/1696 1689/1689 1697/1697
f 1699/1699 1690/1690 1700/1700
f 1690/1690 1691/1691 1700/1700
f 1692/1692 1693/1693 1702/1702
f 1702/1702 1693/1693 1704/1704
f 1703/1703 1694/1694 1709/1709
f 1695/1695 1698/1698 1708/1708
f 1699/1699 1700/1700 1707/1707
f 1701/1701 1705/1705 1706/1706
f 1712/1712 1715/1715 1716/1716
f 1719/1719 1713/1713 1721/1721
f 1714/1714 1710/1710 1720/1720
f 1720/1720 1710/1710 1725/1725
f 1711/1711 1717/1717 1724/1724
f 1718/1718 1722/1722 1723/1723
f 1728/1728 1731/1731 1732/1732
f 1733/1733 1729/1729 1735/1735
f 1730/1730 1726/1726 1734/1734
f 1736/1736 1727/1727 1738/1738
f 1728/1728 1732/1732 1737/1737
f 1737/1737 1732/1732 1741/1741
f 1733/1733 1735/1735 1740/1740
f 1736/1736 1738/1738 1739/1739
f 1744/1744 1746/1746 1747/1747
f 1747/1747 1746/1746 1751/1751
f 1745/1745 1742/1742 1750/1750
f 1743/1743 1748/1748 1749/1749
f 1752/1752 1753/1753 1756/1756
f 1756/1756 1753/1753 1758/1758
f 1758/1758 1753/1753 1761/1761
f 1761/1761 1753/1753 1762/1762
f 1762/1762 1753/1753 1763/1763
f 1764/1764 1763/1763 1765/1765
f 1763/1763 1753/1753 1765/1765
f 1766/1766 1765/1765 1767/1767
f 1765/1765 1753/1753 1767/1767
f 1753/1753 1752/1752 1767/1767
f 1770/1770 1767/1767 1772/1772
f 1767/1767 1752/1752 1772/1772
f 1772/1772 1752/1752 1773/1773
f 1752/1752 1756/1756 1773/1773
f 1754/1754 1778/1778 1774/1774
f 1774/1774 1778/1778 1779/1779
f 1780/1780 1775/1775 1781/1781
f 1785/1785 1776/1776 1786/1786
f 1788/1788 1787/1787 1789/1789
f 1787/1787 1777/1777 1789/1789
f 1777/1777 1755/1755 1789/1789
f 1755/1755 1757/1757 1789/1789
f 1757/1757 1759/1759 1789/1789
f 1789/1789 1759/1759 1791/1791
f 1795/1795 1793/1793 1797/1797
f 1790/1790 1760/1760 1796/1796
f 1761/1761 1762/1762 1799/1799
f 1799/1799 1762/1762 1802/1802
f 1762/1762 1763/1763 1802/1802
f 1802/1802 1763/1763 1804/1804
f 1804/1804 1763/1763 1806/1806
f 1763/1763 1764/1764 1806/1806
f 1806/1806 1764/1764 1808/1808
f 1808/1808 1764/1764 1812/1812
f 1764/1764 1765/1765 1812/1812
f 1812/1812 1765/1765 1815/1815
f 1815/1815 1765/1765 1817/1817
f 1765/1765 1766/1766 1817/1817
f 1817/1817 1766/1766 1819/1819
f 1819/1819 1766/1766 1820/1820
f 1766/1766 1767/1767 1820/1820
f 1767/1767 1770/1770 1820/1820
f 1823/1823 1821/1821 1824/1824
f 1821/1821 1768/1768 1824/1824
f 1826/1826 1769/1769 1827/1827
f 1769/1769 1771/1771 1827/1827
f 1771/1771 1774/1774 1827/1827
f 1774/1774 1779/1779 1827/1827
f 1827/1827 1779/1779 1828/1828
f 1779/1779 1782/1782 1828/1828
f 1830/1830 1783/1783 1832/1832
f 1832/1832 1783/1783 1833/1833
f 1834/1834 1784/1784 1836/1836
f 1784/1784 1787/1787 1836/1836
f 1836/1836 1787/1787 1837/1837
f 1787/1787 1788/1788 1837/1837
f 1837/1837 1788/1788 1839/1839
f 1839/1839 1788/1788 1840/1840
f 1788/1788 1789/1789 1840/1840
f 1789/1789 1791/1791 1840/1840
f 1842/1842 1792/1792 1844/1844
f 1792/1792 1794/1794 1844/1844
f 1845/1845 1844/1844 1846/1846
f 1844/1844 1794/1794 1846/1846
f 1794/1794 1798/1798 1846/1846
f 1798/1798 1800/1800 1846/1846
f 1847/1847 1801/1801 1849/1849
f 1801/1801 1803/1803 1849/1849
f 1849/1849 1803/1803 1850/1850
f 1803/1803 1805/1805 1850/1850
f 1805/1805 1807/1807 1850/1850
f 1850/1850 1807/1807 1852/1852
f 1852/1852 1807/1807 1853/1853
f 1807/1807 1809/1809 1853/1853
f 1855/1855 1810/1810 1857/1857
f 1811/1811 1813/1813 1856/1856
f 1814/1814 1816/1816 1859/1859
f 1859/1859 1816/1816 1860/1860
f 1816/1816 1818/1818 1860/1860
f 1860/1860 1818/1818 1861/1861
f 1818/1818 1821/1821 1861/1861
f 1821/1821 1823/1823 1861/1861
f 1861/1861 1823/1823 1862/1862
f 1822/1822 1825/1825 1863/1863
f 1863/1863 1825/1825 1865/1865
f 1826/1826 1827/1827 1864/1864
f 1827/1827 1828/1828 1864/1864
f 1829/1829 1831/1831 1865/1865
f 1865/1865 1831/1831 1866/1866
f 1866/1866 1831/1831 1867/1867
f 1868/1868 1832/1832 1869/1869
f 1832/1832 1833/1833 1869/1869
f 1833/1833 1835/1835 1869/1869
f 1869/1869 1835/1835 1870/1870
f 1836/1836 1837/1837 1872/1872
f 1872/1872 1837/1837 1873/1873
f 1837/1837 1839/1839 1873/1873
f 1874/1874 1838/1838 1875/1875
f 1875/1875 1838/1838 1876/1876
f 1838/1838 1841/1841 1876/1876
f 1841/1841 1843/1843 1876/1876
f 1844/1844 1845/1845 1877/1877
f 1877/1877 1845/1845 1878/1878
f 1878/1878 1845/1845 1880/1880
f 1880/1880 1845/1845 1881/1881
f 1845/1845 1846/1846 1881/1881
f 1846/1846 1848/1848 1881/1881
f 1849/1849 1850/1850 1882/1882
f 1882/1882 1850/1850 1886/1886
f 1850/1850 1852/1852 1886/1886
f 1886/1886 1852/1852 1887/1887
f 1851/1851 1854/1854 1888/1888
f 1888/1888 1854/1854 1889/1889
f 1854/1854 1858/1858 1889/1889
f 1889/1889 1858/1858 1890/1890
f 1892/1892 1859/1859 1894/1894
f 1859/1859 1860/1860 1894/1894
f 1894/1894 1860/1860 1895/1895
f 1860/1860 1861/1861 1895/1895
f 1861/1861 1862/1862 1895/1895
f 1897/1897 1863/1863 1898/1898
f 1863/1863 1865/1865 1898/1898
f 1865/1865 1866/1866 1898/1898
f 1898/1898 1866/1866 1899/1899
f 1866/1866 1867/1867 1899/1899
f 1900/1900 1868/1868 1901/1901
f 1868/1868 1869/1869 1901/1901
f 1901/1901 1869/1869 1902/1902
f 1869/1869 1870/1870 1902/1902
f 1871/1871 1874/1874 1903/1903
f 1903/1903 1874/1874 1904/1904
f 1874/1874 1875/1875 1904/1904
f 1904/1904 1875/1875 1905/1905
f 1875/1875 1876/1876 1905/1905
f 1906/1906 1877/1877 1909/1909
f 1877/1877 1878/1878 1909/1909
f 1909/1909 1878/1878 1910/1910
f 1878/1878 1880/1880 1910/1910
f 1911/1911 1879/1879 1913/1913
f 1880/1880 1881/1881 1912/1912
f 1881/1881 1883/1883 1912/1912
f 1913/1913 1884/1884 1914/1914
f 1885/1885 1888/1888 1915/1915
f 1915/1915 1888/1888 1916/1916
f 1888/1888 1889/1889 1916/1916
f 1916/1916 1889/1889 1917/1917
f 1889/1889 1890/1890 1917/1917
f 1891/1891 1893/1893 1918/1918
f 1918/1918 1893/1893 1919/1919
f 1919/1919 1893/1893 1920/1920
f 1893/1893 1896/1896 1920/1920
f 1897/1897 1898/1898 1921/1921
f 1921/1921 1898/1898 1923/1923
f 1923/1923 1898/1898 1925/1925
f 1898/1898 1899/1899 1925/1925
f 1925/1925 1899/1899 1927/1927
f 1900/1900 1901/1901 1926/1926
f 1930/1930 1928/1928 1931/1931
f 1926/1926 1901/1901 1933/1933
f 1933/1933 1901/1901 1935/1935
f 1901/1901 1902/1902 1935/1935
f 1935/1935 1902/1902 1936/1936
f 1903/1903 1904/1904 1938/1938
f 1938/1938 1904/1904 1940/1940
f 1940/1940 1904/1904 1941/1941
f 1904/1904 1905/1905 1941/1941
f 1905/1905 1907/1907 1941/1941
f 1941/1941 1907/1907 1942/1942
f 1908/1908 1911/1911 1943/1943
f 1943/1943 1911/1911 1944/1944
f 1911/1911 1913/1913 1944/1944
f 1913/1913 1914/1914 1944/1944
f 1944/1944 1914/1914 1945/1945
f 1915/1915 1916/1916 1946/1946
f 1946/1946 1916/1916 1949/1949
f 1916/1916 1917/1917 1949/1949
f 1949/1949 1917/1917 1950/1950
f 1951/1951 1918/1918 1952/1952
f 1918/1918 1919/1919 1952/1952
f 1919/1919 1920/1920 1952/1952
f 1920/1920 1922/1922 1952/1952
f 1952/1952 1922/1922 1953/1953
f 1922/1922 1924/1924 1953/1953
f 1924/1924 1928/1928 1953/1953
f 1928/1928 1930/1930 1953/1953
f 1953/1953 1930/1930 1954/1954
f 1956/1956 1929/1929 1957/1957
f 1929/1929 1932/1932 1957/1957
f 1932/1932 1934/1934 1957/1957
f 1934/1934 1937/1937 1957/1957
f 1937/1937 1939/1939 1957/1957
f 1957/1957 1939/1939 1959/1959
f 1940/1940 1941/1941 1958/1958
f 1941/1941 1942/1942 1958/1958
f 1960/1960 1943/1943 1961/1961
f 1943/1943 1944/1944 1961/1961
f 1944/1944 1945/1945 1961/1961
f 1961/1961 1945/1945 1963/1963
f 1945/1945 1947/1947 1963/1963
f 1948/1948 1951/1951 1962/1962
f 1951/1951 1952/1952 1962/1962
f 1952/1952 1953/1953 1962/1962
f 1953/1953 1954/1954 1962/1962
f 1963/1963 1955/1955 1965/1965
f 1956/1956 1957/1957 1964/1964
f 1957/1957 1959/1959 1964/1964
f 1960/1960 1961/1961 1965/1965
f 1968/1968 1971/1971 1973/1973
f 1980/1980 1983/1983 1984/1984
f 1987/1987 1981/1981 1989/1989
f 1982/1982 1976/1976 1988/1988
f 1977/1977 1992/1992 1990/1990
f 1990/1990 1992/1992 1994/1994
f 1991/1991 1998/1998 1993/1993
f 1995/1995 1996/1996 2001/2001
f 1997/1997 1992/1992 2000/2000
f 1992/1992 2004/2004 2000/2000
f 2002/2002 2007/2007 1999/1999
f 2001/2001 2005/2005 2009/2009
f 2006/2006 2003/2003 2008/2008
f 2004/2004 2011/2011 2010/2010
f 2010/2010 2011/2011 2014/2014
f 2014/2014 2011/2011 2016/2016
f 2011/2011 1975/1975 2016/2016
f 1972/1972 1969/1969 2015/2015
f 2018/2018 1970/1970 2020/2020
f 1970/1970 1966/1966 2020/2020
f 1967/1967 1974/1974 2019/2019
f 1975/1975 2022/2022 2021/2021
f 2021/2021 2022/2022 2024/2024
f 2024/2024 2022/2022 2026/2026
f 2022/2022 2032/2032 2026/2026
f 2028/2028 2035/2035 2025/2025
f 2027/2027 2033/2033 2038/2038
f 2034/2034 2029/2029 2037/2037
f 2030/2030 2042/2042 2036/2036
f 2039/2039 2040/2040 2046/2046
f 2041/2041 2031/2031 2045/2045
f 2032/2032 2049/2049 2044/2044
f 2047/2047 2052/2052 2043/2043
f 2046/2046 2050/2050 2054/2054
f 2051/2051 2048/2048 2053/2053
f 2055/2055 2049/2049 2057/2057
f 2058/2058 2061/2061 2062/2062
f 2064/2064 2059/2059 2066/2066
f 2060/2060 2056/2056 2065/2065
f 2057/2057 2049/2049 2067/2067
f 2067/2067 2049/2049 2068/2068
f 2049/2049 2032/2032 2068/2068
f 2032/2032 2022/2022 2068/2068
f 2022/2022 1975/1975 2068/2068
f 1975/1975 2011/2011 2068/2068
f 2011/2011 2004/2004 2068/2068
f 2004/2004 1992/1992 2068/2068
f 1992/1992 1977/1977 2068/2068
f 2069/2069 1978/1978 2071/2071
f 1979/1979 1985/1985 2070/2070
f 2076/2076 2073/2073 2078/2078
f 2070/2070 1985/1985 2077/2077
f 2080/2080 1986/1986 2084/2084
f 1987/1987 1989/1989 2083/2083
f 1989/1989 1995/1995 2083/2083
f 1995/1995 2001/2001 2083/2083
f 2001/2001 2009/2009 2083/2083
f 2009/2009 2012/2012 2083/2083
f 2013/2013 2017/2017 2082/2082
f 2018/2018 2020/2020 2081/2081
f 2020/2020 2023/2023 2081/2081
f 2023/2023 2027/2027 2081/2081
f 2027/2027 2038/2038 2081/2081
f 2039/2039 2046/2046 2087/2087
f 2046/2046 2054/2054 2087/2087
f 2054/2054 2058/2058 2087/2087
f 2058/2058 2062/2062 2087/2087
f 2062/2062 2089/2089 2087/2087
f 2087/2087 2089/2089 2090/2090
f 2091/2091 2088/2088 2092/2092
f 2088/2088 2063/2063 2092/2092
f 2063/2063 2067/2067 2092/2092
f 2067/2067 2068/2068 2092/2092
f 2093/2093 2069/2069 2094/2094
f 2069/2069 2071/2071 2094/2094
f 2097/2097 2072/2072 2099/2099
f 2072/2072 2074/2074 2099/2099
f 2075/2075 2079/2079 2098/2098
f 2079/2079 2085/2085 2098/2098
f 2100/2100 2086/2086 2103/2103
f 2087/2087 2090/2090 2102/2102
f 2091/2091 2092/2092 2101/2101
f 2092/2092 2095/2095 2101/2101
f 2104/2104 2096/2096 2105/2105
f 2097/2097 2099/2099 2107/2107
f 2108/2108 2112/2112 2113/2113
f 2113/2113 2112/2112 2114/2114
f 2114/2114 2112/2112 2115/2115
f 2115/2115 2112/2112 2116/2116
f 2117/2117 2116/2116 2118/2118
f 2118/2118 2116/2116 2119/2119
f 2119/2119 2116/2116 2120/2120
f 2116/2116 2112/2112 2120/2120
f 2120/2120 2112/2112 2121/2121
f 2121/2121 2112/2112 2124/2124
f 2111/2111 2109/2109 2123/2123
f 2122/2122 2110/2110 2125/2125
f 2110/2110 2126/2126 2125/2125
f 2125/2125 2126/2126 2127/2127
f 2127/2127 2126/2126 2128/2128
f 2129/2129 2130/2130 2134/2134
f 2133/2133 2131/2131 2136/2136
f 2135/2135 2132/2132 2137/2137
f 2132/2132 2138/2138 2137/2137
f 2137/2137 2138/2138 2139/2139
f 2139/2139 2138/2138 2140/2140
f 2140/2140 2138/2138 2141/2141
f 2138/2138 2128/2128 2141/2141
f 2141/2141 2128/2128 2142/2142
f 2128/2128 2126/2126 2142/2142
f 2144/2144 2146/2146 2147/2147
f 2145/2145 2151/2151 2149/2149
f 2149/2149 2151/2151 2152/2152
f 2153/2153 2150/2150 2154/2154
f 2150/2150 2156/2156 2154/2154
f 2154/2154 2156/2156 2157/2157
f 2156/2156 2160/2160 2157/2157
f 2158/2158 2159/2159 2163/2163
f 2159/2159 2164/2164 2163/2163
f 2163/2163 2164/2164 2165/2165
f 2165/2165 2164/2164 2167/2167
f 2164/2164 2159/2159 2167/2167
f 2159/2159 2155/2155 2167/2167
f 2167/2167 2155/2155 2169/2169
f 2169/2169 2155/2155 2171/2171
f 2155/2155 2151/2151 2171/2171
f 2171/2171 2151/2151 2173/2173
f 2151/2151 2145/2145 2173/2173
f 2146/2146 2144/2144 2172/2172
f 2175/2175 2143/2143 2176/2176
f 2177/2177 2144/2144 2178/2178
f 2144/2144 2147/2147 2178/2178
f 2178/2178 2147/2147 2179/2179
f 2182/2182 2148/2148 2184/2184
f 2148/2148 2153/2153 2184/2184
f 2184/2184 2153/2153 2185/2185
f 2153/2153 2154/2154 2185/2185
f 2185/2185 2154/2154 2187/2187
f 2154/2154 2157/2157 2187/2187
f 2157/2157 2161/2161 2187/2187
f 2187/2187 2161/2161 2188/2188
f 2189/2189 2162/2162 2190/2190
f 2163/2163 2165/2165 2191/2191
f 2191/2191 2165/2165 2194/2194
f 2165/2165 2195/2195 2194/2194
f 2194/2194 2195/2195 2196/2196
f 2198/2198 2196/2196 2200/2200
f 2196/2196 2195/2195 2200/2200
f 2195/2195 2165/2165 2200/2200
f 2200/2200 2165/2165 2201/2201
f 2165/2165 2167/2167 2201/2201
f 2202/2202 2166/2166 2203/2203
f 2166/2166 2168/2168 2203/2203
f 2203/2203 2168/2168 2204/2204
f 2205/2205 2169/2169 2208/2208
f 2169/2169 2171/2171 2208/2208
f 2170/2170 2174/2174 2207/2207
f 2175/2175 2176/2176 2206/2206
f 2210/2210 2177/2177 2211/2211
f 2177/2177 2178/2178 2211/2211
f 2211/2211 2178/2178 2213/2213
f 2178/2178 2179/2179 2213/2213
f 2213/2213 2179/2179 2214/2214
f 2216/2216 2180/2180 2218/2218
f 2181/2181 2183/2183 2217/2217
f 2184/2184 2185/2185 2221/2221
f 2221/2221 2185/2185 2223/2223
f 2223/2223 2185/2185 2224/2224
f 2185/2185 2187/2187 2224/2224
f 2226/2226 2186/2186 2227/2227
f 2186/2186 2189/2189 2227/2227
f 2227/2227 2189/2189 2228/2228
f 2189/2189 2190/2190 2228/2228
f 2190/2190 2192/2192 2228/2228
f 2228/2228 2192/2192 2229/2229
f 2230/2230 2193/2193 2232/2232
f 2194/2194 2196/2196 2231/2231
f 2196/2196 2198/2198 2231/2231
f 2233/2233 2197/2197 2235/2235
f 2197/2197 2199/2199 2235/2235
f 2235/2235 2199/2199 2236/2236
f 2199/2199 2202/2202 2236/2236
f 2202/2202 2203/2203 2236/2236
f 2236/2236 2203/2203 2238/2238
f 2203/2203 2204/2204 2238/2238
f 2238/2238 2204/2204 2240/2240
f 2240/2240 2204/2204 2241/2241
f 2204/2204 2209/2209 2241/2241
f 2210/2210 2211/2211 2243/2243
f 2243/2243 2211/2211 2244/2244
f 2211/2211 2213/2213 2244/2244
f 2246/2246 2212/2212 2248/2248
f 2212/2212 2215/2215 2248/2248
f 2248/2248 2215/2215 2249/2249
f 2249/2249 2215/2215 2251/2251
f 2215/2215 2219/2219 2251/2251
f 2251/2251 2219/2219 2252/2252
f 2220/2220 2222/2222 2253/2253
f 2253/2253 2222/2222 2254/2254
f 2222/2222 2225/2225 2254/2254
f 2226/2226 2227/2227 2255/2255
f 2255/2255 2227/2227 2258/2258
f 2260/2260 2258/2258 2262/2262
f 2258/2258 2227/2227 2262/2262
f 2227/2227 2228/2228 2262/2262
f 2228/2228 2229/2229 2262/2262
f 2262/2262 2229/2229 2263/2263
f 2265/2265 2230/2230 2267/2267
f 2267/2267 2230/2230 2268/2268
f 2230/2230 2232/2232 2268/2268
f 2268/2268 2232/2232 2269/2269
f 2232/2232 2234/2234 2269/2269
f 2270/2270 2235/2235 2273/2273
f 2235/2235 2236/2236 2273/2273
f 2273/2273 2236/2236 2274/2274
f 2236/2236 2238/2238 2274/2274
f 2277/2277 2237/2237 2278/2278
f 2278/2278 2237/2237 2279/2279
f 2237/2237 2239/2239 2279/2279
f 2279/2279 2239/2239 2281/2281
f 2239/2239 2242/2242 2281/2281
f 2243/2243 2244/2244 2280/2280
f 2282/2282 2245/2245 2284/2284
f 2246/2246 2248/2248 2283/2283
f 2284/2284 2247/2247 2285/2285
f 2248/2248 2249/2249 2286/2286
f 2286/2286 2249/2249 2287/2287
f 2249/2249 2251/2251 2287/2287
f 2287/2287 2251/2251 2288/2288
f 2250/2250 2253/2253 2289/2289
f 2289/2289 2253/2253 2290/2290
f 2253/2253 2254/2254 2290/2290
f 2254/2254 2256/2256 2290/2290
f 2290/2290 2256/2256 2291/2291
f 2257/2257 2259/2259 2292/2292
f 2292/2292 2259/2259 2293/2293
f 2293/2293 2259/2259 2294/2294
f 2259/2259 2261/2261 2294/2294
f 2261/2261 2264/2264 2294/2294
f 2294/2294 2264/2264 2295/2295
f 2264/2264 2266/2266 2295/2295
f 2297/2297 2267/2267 2299/2299
f 2267/2267 2268/2268 2299/2299
f 2268/2268 2269/2269 2299/2299
f 2269/2269 2271/2271 2299/2299
f 2299/2299 2271/2271 2301/2301
f 2272/2272 2275/2275 2300/2300
f 2303/2303 2276/2276 2304/2304
f 2277/2277 2278/2278 2306/2306
f 2306/2306 2278/2278 2308/2308
f 2278/2278 2279/2279 2308/2308
f 2308/2308 2279/2279 2310/2310
f 2279/2279 2281/2281 2310/2310
f 2310/2310 2281/2281 2311/2311
f 2282/2282 2284/2284 2312/2312
f 2312/2312 2284/2284 2313/2313
f 2284/2284 2285/2285 2313/2313
f 2313/2313 2285/2285 2315/2315
f 2315/2315 2285/2285 2317/2317
f 2286/2286 2287/2287 2316/2316
f 2287/2287 2288/2288 2316/2316
f 2319/2319 2289/2289 2321/2321
f 2289/2289 2290/2290 2321/2321
f 2321/2321 2290/2290 2322/2322
f 2290/2290 2291/2291 2322/2322
f 2292/2292 2293/2293 2324/2324
f 2324/2324 2293/2293 2326/2326
f 2326/2326 2293/2293 2327/2327
f 2293/2293 2294/2294 2327/2327
f 2294/2294 2295/2295 2327/2327
f 2327/2327 2295/2295 2328/2328
f 2329/2329 2296/2296 2331/2331
f 2297/2297 2299/2299 2330/2330
f 2331/2331 2298/2298 2332/2332
f 2298/2298 2302/2302 2332/2332
f 2302/2302 2305/2305 2332/2332
f 2332/2332 2305/2305 2334/2334
f 2306/2306 2308/2308 2333/2333
f 2334/2334 2307/2307 2335/2335
f 2337/2337 2308/2308 2338/2338
f 2308/2308 2310/2310 2338/2338
f 2309/2309 2312/2312 2339/2339
f 2312/2312 2313/2313 2339/2339
f 2339/2339 2313/2313 2340/2340
f 2313/2313 2315/2315 2340/2340
f 2341/2341 2314/2314 2342/2342
f 2314/2314 2318/2318 2342/2342
f 2318/2318 2320/2320 2342/2342
f 2320/2320 2323/2323 2342/2342
f 2323/2323 2325/2325 2342/2342
f 2342/2342 2325/2325 2344/2344
f 2326/2326 2327/2327 2343/2343
f 2327/2327 2328/2328 2343/2343
f 2345/2345 2329/2329 2346/2346
f 2329/2329 2331/2331 2346/2346
f 2331/2331 2332/2332 2346/2346
f 2346/2346 2332/2332 2347/2347
f 2332/2332 2334/2334 2347/2347
f 2334/2334 2335/2335 2347/2347
f 2347/2347 2335/2335 2350/2350
f 2336/2336 2339/2339 2349/2349
f 2339/2339 2340/2340 2349/2349
f 2341/2341 2342/2342 2348/2348
f 2342/2342 2344/2344 2348/2348
f 2345/2345 2346/2346 2350/2350
f 2351/2351 2352/2352 2354/2354
f 2355/2355 2359/2359 2360/2360
f 2360/2360 2359/2359 2361/2361
f 2361/2361 2359/2359 2362/2362
f 2362/2362 2359/2359 2365/2365
f 2366/2366 2367/2367 2371/2371
f 2370/2370 2368/2368 2373/2373
f 2369/2369 2374/2374 2372/2372
f 2372/2372 2374/2374 2379/2379
f 2375/2375 2363/2363 2378/2378
f 2364/2364 2356/2356 2377/2377
f 2376/2376 2357/2357 2381/2381
f 2380/2380 2358/2358 2382/2382
f 2382/2382 2358/2358 2383/2383
f 2383/2383 2358/2358 2384/2384
f 2384/2384 2358/2358 2386/2386
f 2387/2387 2388/2388 2391/2391
f 2389/2389 2392/2392 2390/2390
f 2390/2390 2392/2392 2395/2395
f 2394/2394 2393/2393 2396/2396
f 2393/2393 2397/2397 2396/2396
f 2396/2396 2397/2397 2400/2400
f 2397/2397 2401/2401 2400/2400
f 2402/2402 2385/2385 2399/2399
f 2386/2386 2358/2358 2398/2398
f 2403/2403 2404/2404 2407/2407
f 2405/2405 2408/2408 2406/2406
f 2406/2406 2408/2408 2410/2410
f 2410/2410 2408/2408 2412/2412
f 2409/2409 2413/2413 2411/2411
f 2415/2415 2411/2411 2416/2416
f 2411/2411 2413/2413 2416/2416
f 2416/2416 2413/2413 2420/2420
f 2414/2414 2421/2421 2419/2419
f 2422/2422 2423/2423 2418/2418
f 2417/2417 2424/2424 2427/2427
f 2425/2425 2398/2398 2426/2426
f 2398/2398 2358/2358 2426/2426
f 2426/2426 2358/2358 2431/2431
f 2432/2432 2433/2433 2437/2437
f 2434/2434 2438/2438 2436/2436
f 2435/2435 2439/2439 2440/2440
f 2439/2439 2441/2441 2440/2440
f 2440/2440 2441/2441 2444/2444
f 2443/2443 2442/2442 2446/2446
f 2442/2442 2428/2428 2446/2446
f 2445/2445 2429/2429 2447/2447
f 2447/2447 2429/2429 2449/2449
f 2430/2430 2359/2359 2448/2448
f 2448/2448 2359/2359 2451/2451
f 2359/2359 2355/2355 2451/2451
f 2355/2355 2452/2452 2451/2451
f 2452/2452 2453/2453 2451/2451
f 2450/2450 2454/2454 2455/2455
f 2454/2454 2456/2456 2455/2455
f 2455/2455 2456/2456 2458/2458
f 2456/2456 2353/2353 2458/2458
f 2354/2354 2352/2352 2457/2457
f 2461/2461 2464/2464 2468/2468
f 2478/2478 2481/2481 2482/2482
f 2485/2485 2479/2479 2488/2488
f 2488/2488 2479/2479 2490/2490
f 2480/2480 2497/2497 2489/2489
f 2493/2493 2494/2494 2498/2498
f 2501/2501 2495/2495 2502/2502
f 2496/2496 2481/2481 2505/2505
f 2508/2508 2505/2505 2512/2512
f 2516/2516 2512/2512 2517/2517
f 2523/2523 2520/2520 2524/2524
f 2527/2527 2517/2517 2532/2532
f 2532/2532 2517/2517 2534/2534
f 2517/2517 2512/2512 2534/2534
f 2512/2512 2505/2505 2534/2534
f 2505/2505 2481/2481 2534/2534
f 2481/2481 2478/2478 2534/2534
f 2471/2471 2470/2470 2533/2533
f 2535/2535 2465/2465 2538/2538
f 2541/2541 2544/2544 2546/2546
f 2553/2553 2550/2550 2559/2559
f 2545/2545 2542/2542 2558/2558
f 2543/2543 2536/2536 2557/2557
f 2537/2537 2466/2466 2556/2556
f 2467/2467 2462/2462 2555/2555
f 2463/2463 2459/2459 2554/2554
f 2562/2562 2460/2460 2565/2565
f 2565/2565 2460/2460 2566/2566
f 2568/2568 2461/2461 2571/2571
f 2461/2461 2468/2468 2571/2571
f 2469/2469 2472/2472 2570/2570
f 2473/2473 2576/2576 2569/2569
f 2573/2573 2574/2574 2579/2579
f 2575/2575 2474/2474 2578/2578
f 2475/2475 2583/2583 2577/2577
f 2580/2580 2581/2581 2584/2584
f 2586/2586 2582/2582 2589/2589
f 2582/2582 2476/2476 2589/2589
f 2477/2477 2483/2483 2588/2588
f 2484/2484 2486/2486 2587/2587
f 2595/2595 2592/2592 2597/2597
f 2592/2592 2487/2487 2597/2597
f 2488/2488 2490/2490 2596/2596
f 2600/2600 2491/2491 2603/2603
f 2603/2603 2491/2491 2604/2604
f 2492/2492 2499/2499 2607/2607
f 2607/2607 2499/2499 2609/2609
f 2500/2500 2503/2503 2608/2608
f 2615/2615 2612/2612 2620/2620
f 2608/2608 2503/2503 2619/2619
f 2504/2504 2506/2506 2618/2618
f 2507/2507 2509/2509 2617/2617
f 2626/2626 2623/2623 2630/2630
f 2616/2616 2510/2510 2629/2629
f 2511/2511 2513/2513 2628/2628
f 2636/2636 2633/2633 2639/2639
f 2627/2627 2514/2514 2638/2638
f 2515/2515 2518/2518 2637/2637
f 2519/2519 2521/2521 2642/2642
f 2642/2642 2521/2521 2645/2645
f 2645/2645 2521/2521 2647/2647
f 2522/2522 2525/2525 2646/2646
f 2526/2526 2528/2528 2650/2650
f 2650/2650 2528/2528 2651/2651
f 2655/2655 2529/2529 2658/2658
f 2658/2658 2529/2529 2659/2659
f 2662/2662 2530/2530 2664/2664
f 2531/2531 2535/2535 2663/2663
f 2535/2535 2538/2538 2663/2663
f 2538/2538 2670/2670 2663/2663
f 2667/2667 2668/2668 2673/2673
f 2669/2669 2539/2539 2672/2672
f 2540/2540 2547/2547 2671/2671
f 2677/2677 2548/2548 2699/2699
f 2549/2549 2551/2551 2698/2698
f 2552/2552 2560/2560 2697/2697
f 2561/2561 2563/2563 2696/2696
f 2564/2564 2567/2567 2695/2695
f 2567/2567 2572/2572 2695/2695
f 2573/2573 2579/2579 2694/2694
f 2580/2580 2584/2584 2693/2693
f 2585/2585 2590/2590 2692/2692
f 2591/2591 2593/2593 2691/2691
f 2594/2594 2598/2598 2690/2690
f 2599/2599 2601/2601 2689/2689
f 2602/2602 2605/2605 2688/2688
f 2606/2606 2610/2610 2687/2687
f 2611/2611 2613/2613 2686/2686
f 2614/2614 2621/2621 2685/2685
f 2622/2622 2624/2624 2684/2684
f 2625/2625 2631/2631 2683/2683
f 2632/2632 2634/2634 2682/2682
f 2635/2635 2640/2640 2681/2681
f 2641/2641 2643/2643 2680/2680
f 2644/2644 2648/2648 2679/2679
f 2649/2649 2652/2652 2678/2678
f 2652/2652 2705/2705 2678/2678
f 2702/2702 2703/2703 2711/2711
f 2704/2704 2653/2653 2710/2710
f 2654/2654 2656/2656 2709/2709
f 2657/2657 2660/2660 2708/2708
f 2661/2661 2665/2665 2707/2707
f 2666/2666 2674/2674 2706/2706
f 2713/2713 2675/2675 2714/2714
f 2676/2676 2700/2700 2716/2716
f 2719/2719 2722/2722 2723/2723
f 2722/2722 2727/2727 2723/2723
f 2730/2730 2724/2724 2731/2731
f 2724/2724 2725/2725 2731/2731
f 2731/2731 2725/2725 2732/2732
f 2726/2726 2720/2720 2734/2734
f 2734/2734 2720/2720 2735/2735
f 2736/2736 2721/2721 2738/2738
f 2722/2722 2719/2719 2737/2737
f 2739/2739 2717/2717 2740/2740
f 2741/2741 2718/2718 2742/2742
f 2719/2719 2723/2723 2743/2743
f 2743/2743 2723/2723 2745/2745
f 2723/2723 2728/2728 2745/2745
f 2750/2750 2748/2748 2752/2752
f 2744/2744 2729/2729 2751/2751
f 2730/2730 2731/2731 2755/2755
f 2755/2755 2731/2731 2756/2756
f 2731/2731 2732/2732 2756/2756
f 2758/2758 2733/2733 2760/2760
f 2760/2760 2733/2733 2761/2761
f 2763/2763 2734/2734 2764/2764
f 2734/2734 2735/2735 2764/2764
f 2766/2766 2736/2736 2767/2767
f 2736/2736 2738/2738 2767/2767
f 2739/2739 2740/2740 2770/2770
f 2770/2770 2740/2740 2771/2771
f 2772/2772 2741/2741 2773/2773
f 2741/2741 2742/2742 2773/2773
f 2773/2773 2742/2742 2774/2774
f 2742/2742 2746/2746 2774/2774
f 2747/2747 2749/2749 2775/2775
f 2775/2775 2749/2749 2776/2776
f 2776/2776 2749/2749 2777/2777
f 2749/2749 2753/2753 2777/2777
f 2754/2754 2757/2757 2778/2778
f 2778/2778 2757/2757 2779/2779
f 2757/2757 2759/2759 2779/2779
f 2781/2781 2760/2760 2784/2784
f 2784/2784 2760/2760 2785/2785
f 2760/2760 2761/2761 2785/2785
f 2787/2787 2762/2762 2789/2789
f 2762/2762 2765/2765 2789/2789
f 2766/2766 2767/2767 2788/2788
f 2789/2789 2768/2768 2790/2790
f 2791/2791 2769/2769 2792/2792
f 2770/2770 2771/2771 2794/2794
f 2794/2794 2771/2771 2795/2795
f 2772/2772 2773/2773 2797/2797
f 2797/2797 2773/2773 2798/2798
f 2773/2773 2774/2774 2798/2798
f 2775/2775 2776/2776 2801/2801
f 2801/2801 2776/2776 2802/2802
f 2776/2776 2777/2777 2802/2802
f 2777/2777 2780/2780 2802/2802
f 2780/2780 2782/2782 2802/2802
f 2804/2804 2783/2783 2806/2806
f 2783/2783 2786/2786 2806/2806
f 2806/2806 2786/2786 2808/2808
f 2787/2787 2789/2789 2807/2807
f 2789/2789 2790/2790 2807/2807
f 2809/2809 2791/2791 2811/2811
f 2791/2791 2792/2792 2811/2811
f 2793/2793 2796/2796 2810/2810
f 2796/2796 2799/2799 2810/2810
f 2800/2800 2803/2803 2811/2811
f 2803/2803 2805/2805 2811/2811
f 2813/2813 2815/2815 2817/2817
f 2819/2819 2817/2817 2821/2821
f 2817/2817 2815/2815 2821/2821
f 2823/2823 2821/2821 2824/2824
f 2820/2820 2814/2814 2825/2825
f 2814/2814 2812/2812 2825/2825
f 2812/2812 2816/2816 2825/2825
f 2816/2816 2818/2818 2825/2825
f 2825/2825 2818/2818 2826/2826
f 2819/2819 2821/2821 2827/2827
f 2827/2827 2821/2821 2828/2828
f 2821/2821 2823/2823 2828/2828
f 2829/2829 2822/2822 2830/2830
f 2822/2822 2832/2832 2830/2830
f 2832/2832 2834/2834 2830/2830
f 2834/2834 2836/2836 2830/2830
f 2838/2838 2830/2830 2840/2840
f 2840/2840 2830/2830 2841/2841
f 2830/2830 2836/2836 2841/2841
f 2835/2835 2833/2833 2842/2842
f 2833/2833 2831/2831 2842/2842
f 2842/2842 2831/2831 2844/2844
f 2831/2831 2823/2823 2844/2844
f 2823/2823 2824/2824 2844/2844
f 2825/2825 2826/2826 2843/2843
f 2826/2826 2829/2829 2843/2843
f 2829/2829 2830/2830 2843/2843
f 2843/2843 2830/2830 2845/2845
f 2845/2845 2830/2830 2847/2847
f 2830/2830 2838/2838 2847/2847
f 2837/2837 2839/2839 2846/2846
f 2839/2839 2842/2842 2846/2846
f 2846/2846 2842/2842 2848/2848
f 2842/2842 2844/2844 2848/2848
f 2849/2849 2850/2850 2851/2851
f 2853/2853 2854/2854 2858/2858
f 2858/2858 2854/2854 2859/2859
f 2861/2861 2855/2855 2862/2862
f 2856/2856 2852/2852 2863/2863
f 2852/2852 2857/2857 2863/2863
f 2863/2863 2857/2857 2864/2864
f 2858/2858 2859/2859 2865/2865
f 2866/2866 2867/2867 2868/2868
f 2868/2868 2867/2867 2869/2869
f 2867/2867 2870/2870 2869/2869
f 2869/2869 2870/2870 2871/2871
f 2870/2870 2872/2872 2871/2871
f 2872/2872 2873/2873 2871/2871
f 2873/2873 2874/2874 2871/2871
f 2871/2871 2874/2874 2875/2875
f 2874/2874 2876/2876 2875/2875
f 2876/2876 2877/2877 2875/2875
f 2875/2875 2877/2877 2878/2878
f 2877/2877 2879/2879 2878/2878
f 2880/2880 2881/2881 2884/2884
f 2883/2883 2882/2882 2885/2885
f 2885/2885 2882/2882 2886/2886
f 2886/2886 2882/2882 2887/2887
f 2882/2882 2888/2888 2887/2887
f 2888/2888 2889/2889 2887/2887
f 2887/2887 2889/2889 2890/2890
f 2889/2889 2891/2891 2890/2890
f 2890/2890 2891/2891 2892/2892
f 2892/2892 2891/2891 2893/2893
f 2893/2893 2891/2891 2894/2894
f 2891/2891 2895/2895 2894/2894
f 2895/2895 2878/2878 2894/2894
f 2896/2896 2897/2897 2900/2900
f 2898/2898 2901/2901 2899/2899
f 2901/2901 2902/2902 2899/2899
f 2899/2899 2902/2902 2903/2903
f 2903/2903 2902/2902 2904/2904
f 2902/2902 2905/2905 2904/2904
f 2904/2904 2905/2905 2906/2906
f 2906/2906 2905/2905 2907/2907
f 2907/2907 2905/2905 2908/2908
f 2905/2905 2894/2894 2908/2908
f 2909/2909 2912/2912 2914/2914
f 2913/2913 2911/2911 2917/2917
f 2912/2912 2909/2909 2916/2916
f 2910/2910 2908/2908 2915/2915
f 2908/2908 2894/2894 2915/2915
f 2894/2894 2878/2878 2915/2915
f 2915/2915 2878/2878 2918/2918
f 2918/2918 2878/2878 2919/2919
f 2919/2919 2878/2878 2920/2920
f 2878/2878 2879/2879 2920/2920
f 2923/2923 2926/2926 2927/2927
f 2929/2929 2924/2924 2930/2930
f 2925/2925 2921/2921 2931/2931
f 2931/2931 2921/2921 2932/2932
f 2922/2922 2928/2928 2933/2933
f 2933/2933 2928/2928 2934/2934
f 2929/2929 2930/2930 2935/2935
f 2935/2935 2930/2930 2936/2936
f 2937/2937 2931/2931 2938/2938
f 2931/2931 2932/2932 2938/2938
f 2933/2933 2934/2934 2939/2939
f 2939/2939 2934/2934 2940/2940
f 2935/2935 2936/2936 2941/2941
f 2941/2941 2936/2936 2942/2942
f 2944/2944 2937/2937 2945/2945
f 2937/2937 2938/2938 2945/2945
f 2939/2939 2940/2940 2946/2946
f 2946/2946 2940/2940 2949/2949
f 2941/2941 2942/2942 2948/2948
f 2943/2943 2955/2955 2947/2947
f 2951/2951 2952/2952 2957/2957
f 2959/2959 2962/2962 2963/2963
f 2966/2966 2960/2960 2968/2968
f 2961/2961 2956/2956 2967/2967
f 2956/2956 2953/2953 2967/2967
f 2969/2969 2954/2954 2971/2971
f 2954/2954 2944/2944 2971/2971
f 2944/2944 2945/2945 2971/2971
f 2946/2946 2949/2949 2970/2970
f 2950/2950 2958/2958 2972/2972
f 2958/2958 2964/2964 2972/2972
f 2973/2973 2975/2975 2976/2976
f 2975/2975 2982/2982 2976/2976
f 2979/2979 2980/2980 2985/2985
f 2985/2985 2980/2980 2986/2986
f 2986/2986 2980/2980 2987/2987
f 2988/2988 2981/2981 2989/2989
f 2981/2981 2974/2974 2989/2989
f 2989/2989 2974/2974 2990/2990
f 2975/2975 2973/2973 2992/2992
f 2992/2992 2973/2973 2994/2994
f 2994/2994 2973/2973 2995/2995
f 2973/2973 2976/2976 2995/2995
f 2976/2976 3000/3000 2995/2995
f 3001/3001 2996/2996 3002/3002
f 2996/2996 2997/2997 3002/3002
f 3003/3003 2998/2998 3004/3004
f 3004/3004 2998/2998 3007/3007
f 2999/2999 2977/2977 3006/3006
f 2978/2978 2983/2983 3005/3005
f 3007/3007 2984/2984 3008/3008
f 3010/3010 2985/2985 3012/3012
f 2985/2985 2986/2986 3012/3012
f 3012/3012 2986/2986 3013/3013
f 2986/2986 2987/2987 3013/3013
f 3016/3016 2988/2988 3017/3017
f 2988/2988 2989/2989 3017/3017
f 3020/3020 3018/3018 3021/3021
f 3023/3023 3017/3017 3024/3024
f 3017/3017 2989/2989 3024/3024
f 2989/2989 2990/2990 3024/3024
f 3026/3026 2991/2991 3027/3027
f 3027/3027 2991/2991 3028/3028
f 2991/2991 2993/2993 3028/3028
f 3028/3028 2993/2993 3030/3030
f 2994/2994 2995/2995 3029/3029
f 3031/3031 2996/2996 3032/3032
f 2996/2996 3001/3001 3032/3032
f 3036/3036 3033/3033 3037/3037
f 3032/3032 3001/3001 3038/3038
f 3038/3038 3001/3001 3039/3039
f 3001/3001 3002/3002 3039/3039
f 3003/3003 3004/3004 3041/3041
f 3041/3041 3004/3004 3044/3044
f 3044/3044 3004/3004 3045/3045
f 3004/3004 3007/3007 3045/3045
f 3007/3007 3008/3008 3045/3045
f 3049/3049 3047/3047 3050/3050
f 3047/3047 3009/3009 3050/3050
f 3050/3050 3009/3009 3051/3051
f 3009/3009 3011/3011 3051/3051
f 3011/3011 3014/3014 3051/3051
f 3052/3052 3015/3015 3053/3053
f 3016/3016 3017/3017 3055/3055
f 3055/3055 3017/3017 3056/3056
f 3017/3017 3019/3019 3056/3056
f 3058/3058 3020/3020 3059/3059
f 3020/3020 3021/3021 3059/3059
f 3059/3059 3021/3021 3060/3060
f 3061/3061 3022/3022 3062/3062
f 3062/3062 3022/3022 3063/3063
f 3022/3022 3025/3025 3063/3063
f 3026/3026 3027/3027 3064/3064
f 3027/3027 3028/3028 3064/3064
f 3064/3064 3028/3028 3066/3066
f 3066/3066 3028/3028 3068/3068
f 3028/3028 3030/3030 3068/3068
f 3031/3031 3032/3032 3067/3067
f 3032/3032 3034/3034 3067/3067
f 3069/3069 3035/3035 3070/3070
f 3071/3071 3036/3036 3072/3072
f 3036/3036 3037/3037 3072/3072
f 3072/3072 3037/3037 3073/3073
f 3037/3037 3040/3040 3073/3073
f 3073/3073 3040/3040 3074/3074
f 3040/3040 3042/3042 3074/3074
f 3076/3076 3074/3074 3077/3077
f 3074/3074 3042/3042 3077/3077
f 3043/3043 3046/3046 3078/3078
f 3046/3046 3048/3048 3078/3078
f 3078/3078 3048/3048 3080/3080
f 3080/3080 3048/3048 3081/3081
f 3049/3049 3050/3050 3084/3084
f 3050/3050 3051/3051 3084/3084
f 3084/3084 3051/3051 3085/3085
f 3051/3051 3054/3054 3085/3085
f 3054/3054 3057/3057 3085/3085
f 3086/3086 3058/3058 3088/3088
f 3058/3058 3059/3059 3088/3088
f 3059/3059 3060/3060 3088/3088
f 3088/3088 3060/3060 3089/3089
f 3061/3061 3062/3062 3091/3091
f 3091/3091 3062/3062 3092/3092
f 3062/3062 3063/3063 3092/3092
f 3063/3063 3065/3065 3092/3092
f 3092/3092 3065/3065 3094/3094
f 3066/3066 3068/3068 3093/3093
f 3069/3069 3070/3070 3095/3095
f 3095/3095 3070/3070 3096/3096
f 3098/3098 3071/3071 3099/3099
f 3071/3071 3072/3072 3099/3099
f 3072/3072 3073/3073 3099/3099
f 3073/3073 3074/3074 3099/3099
f 3074/3074 3076/3076 3099/3099
f 3099/3099 3076/3076 3101/3101
f 3075/3075 3078/3078 3100/3100
f 3078/3078 3080/3080 3100/3100
f 3102/3102 3079/3079 3104/3104
f 3079/3079 3082/3082 3104/3104
f 3083/3083 3086/3086 3103/3103
f 3086/3086 3088/3088 3103/3103
f 3087/3087 3090/3090 3104/3104
f 3104/3104 3090/3090 3105/3105
f 3091/3091 3092/3092 3106/3106
f 3106/3106 3092/3092 3108/3108
f 3092/3092 3094/3094 3108/3108
f 3095/3095 3096/3096 3107/3107
f 3109/3109 3097/3097 3111/3111
f 3098/3098 3099/3099 3110/3110
f 3099/3099 3101/3101 3110/3110
f 3102/3102 3104/3104 3111/3111
f 3104/3104 3105/3105 3111/3111
f 3114/3114 3117/3117 3118/3118
f 3121/3121 3115/3115 3123/3123
f 3116/3116 3112/3112 3122/3122
f 3113/3113 3128/3128 3125/3125
f 3125/3125 3128/3128 3130/3130
f 3126/3126 3134/3134 3129/3129
f 3131/3131 3132/3132 3137/3137
f 3133/3133 3127/3127 3136/3136
f 3128/3128 3141/3141 3135/3135
f 3141/3141 3144/3144 3135/3135
f 3137/3137 3142/3142 3147/3147
f 3143/3143 3138/3138 3146/3146
f 3139/3139 3151/3151 3145/3145
f 3148/3148 3149/3149 3153/3153
f 3150/3150 3140/3140 3152/3152
f 3141/3141 3157/3157 3155/3155
f 3155/3155 3157/3157 3159/3159
f 3156/3156 3163/3163 3158/3158
f 3160/3160 3161/3161 3164/3164
f 3162/3162 3157/3157 3165/3165
f 3157/3157 3166/3166 3165/3165
f 3165/3165 3166/3166 3168/3168
f 3168/3168 3166/3166 3170/3170
f 3166/3166 3174/3174 3170/3170
f 3173/3173 3177/3177 3169/3169
f 3172/3172 3175/3175 3180/3180
f 3176/3176 3174/3174 3179/3179
f 3174/3174 3184/3184 3179/3179
f 3183/3183 3187/3187 3178/3178
f 3182/3182 3185/3185 3188/3188
f 3186/3186 3184/3184 3190/3190
f 3194/3194 3197/3197 3198/3198
f 3201/3201 3195/3195 3203/3203
f 3196/3196 3191/3191 3202/3202
f 3192/3192 3190/3190 3204/3204
f 3190/3190 3184/3184 3204/3204
f 3204/3204 3184/3184 3206/3206
f 3184/3184 3174/3174 3206/3206
f 3174/3174 3166/3166 3206/3206
f 3166/3166 3157/3157 3206/3206
f 3157/3157 3141/3141 3206/3206
f 3141/3141 3128/3128 3206/3206
f 3128/3128 3113/3113 3206/3206
f 3206/3206 3113/3113 3208/3208
f 3113/3113 3119/3119 3208/3208
f 3119/3119 3212/3212 3208/3208
f 3209/3209 3215/3215 3207/3207
f 3208/3208 3213/3213 3217/3217
f 3214/3214 3210/3210 3216/3216
f 3218/3218 3211/3211 3219/3219
f 3211/3211 3120/3120 3219/3219
f 3120/3120 3124/3124 3219/3219
f 3124/3124 3131/3131 3219/3219
f 3131/3131 3137/3137 3219/3219
f 3137/3137 3147/3147 3219/3219
f 3147/3147 3154/3154 3219/3219
f 3154/3154 3160/3160 3219/3219
f 3160/3160 3164/3164 3219/3219
f 3164/3164 3167/3167 3219/3219
f 3167/3167 3171/3171 3219/3219
f 3171/3171 3181/3181 3219/3219
f 3181/3181 3189/3189 3219/3219
f 3189/3189 3193/3193 3219/3219
f 3193/3193 3199/3199 3219/3219
f 3219/3219 3199/3199 3221/3221
f 3226/3226 3223/3223 3227/3227
f 3220/3220 3200/3200 3229/3229
f 3200/3200 3204/3204 3229/3229
f 3204/3204 3206/3206 3229/3229
f 3229/3229 3206/3206 3230/3230
f 3232/3232 3205/3205 3234/3234
f 3206/3206 3208/3208 3233/3233
f 3208/3208 3217/3217 3233/3233
f 3218/3218 3219/3219 3236/3236
f 3236/3236 3219/3219 3240/3240
f 3219/3219 3221/3221 3240/3240
f 3222/3222 3224/3224 3239/3239
f 3225/3225 3228/3228 3238/3238
f 3229/3229 3230/3230 3237/3237
f 3242/3242 3231/3231 3243/3243
f 3232/3232 3234/3234 3245/3245
f 3248/3248 3250/3250 3251/3251
f 3253/3253 3249/3249 3254/3254
f 3249/3249 3246/3246 3254/3254
f 3255/3255 3247/3247 3257/3257
f 3247/3247 3252/3252 3257/3257
f 3258/3258 3259/3259 3262/3262
f 3261/3261 3260/3260 3263/3263
f 3264/3264 3265/3265 3266/3266
f 3266/3266 3265/3265 3267/3267
f 3265/3265 3268/3268 3267/3267
f 3267/3267 3268/3268 3269/3269
f 3269/3269 3268/3268 3270/3270
f 3270/3270 3268/3268 3271/3271
f 3268/3268 3272/3272 3271/3271
f 3272/3272 3273/3273 3271/3271
f 3271/3271 3273/3273 3274/3274
f 3274/3274 3273/3273 3275/3275
f 3273/3273 3276/3276 3275/3275
f 3275/3275 3276/3276 3277/3277
f 3277/3277 3276/3276 3279/3279
f 3280/3280 3278/3278 3282/3282
f 3279/3279 3276/3276 3281/3281
f 3281/3281 3276/3276 3283/3283
f 3276/3276 3285/3285 3283/3283
f 3283/3283 3285/3285 3287/3287
f 3286/3286 3284/3284 3289/3289
f 3285/3285 3276/3276 3288/3288
f 3288/3288 3276/3276 3290/3290
f 3291/3291 3292/3292 3295/3295
f 3293/3293 3296/3296 3294/3294
f 3296/3296 3297/3297 3294/3294
f 3297/3297 3298/3298 3294/3294
f 3294/3294 3298/3298 3299/3299
f 3298/3298 3290/3290 3299/3299
f 3290/3290 3276/3276 3299/3299
f 3276/3276 3273/3273 3299/3299
f 3299/3299 3273/3273 3300/3300
f 3273/3273 3301/3301 3300/3300
f 3301/3301 3302/3302 3300/3300
f 3300/3300 3302/3302 3303/3303
f 3302/3302 3304/3304 3303/3303
f 3303/3303 3304/3304 3305/3305
f 3304/3304 3306/3306 3305/3305
f 3306/3306 3307/3307 3305/3305
f 3305/3305 3307/3307 3309/3309
f 3307/3307 3310/3310 3309/3309
f 3311/3311 3312/3312 3308/3308
f 3314/3314 3316/3316 3318/3318
f 3316/3316 3320/3320 3318/3318
f 3318/3318 3320/3320 3321/3321
f 3324/3324 3326/3326 3327/3327
f 3326/3326 3322/3322 3327/3327
f 3322/3322 3319/3319 3327/3327
f 3319/3319 3331/3331 3327/3327
f 3329/3329 3330/3330 3333/3333
f 3331/3331 3319/3319 3332/3332
f 3319/3319 3315/3315 3332/3332
f 3315/3315 3313/3313 3332/3332
f 3313/3313 3317/3317 3332/3332
f 3318/3318 3321/3321 3334/3334
f 3321/3321 3325/3325 3334/3334
f 3325/3325 3323/3323 3334/3334
f 3337/3337 3341/3341 3342/3342
f 3344/3344 3338/3338 3345/3345
f 3347/3347 3339/3339 3348/3348
f 3340/3340 3335/3335 3351/3351
f 3356/3356 3351/3351 3357/3357
f 3351/3351 3335/3335 3357/3357
f 3358/3358 3336/3336 3359/3359
f 3336/3336 3343/3343 3359/3359
f 3344/3344 3345/3345 3360/3360
f 3360/3360 3345/3345 3363/3363
f 3346/3346 3349/3349 3362/3362
f 3350/3350 3352/3352 3361/3361
f 3364/3364 3353/3353 3366/3366
f 3354/3354 3371/3371 3365/3365
f 3368/3368 3369/3369 3372/3372
f 3374/3374 3370/3370 3376/3376
f 3370/3370 3355/3355 3376/3376
f 3356/3356 3357/3357 3375/3375
f 3378/3378 3358/3358 3379/3379
f 3358/3358 3359/3359 3379/3379
f 3360/3360 3363/3363 3380/3380
f 3363/3363 3367/3367 3380/3380
f 3380/3380 3367/3367 3381/3381
f 3368/3368 3372/3372 3382/3382
f 3385/3385 3387/3387 3388/3388
f 3387/3387 3382/3382 3388/3388
f 3382/3382 3372/3372 3388/3388
f 3390/3390 3373/3373 3391/3391
f 3373/3373 3377/3377 3391/3391
f 3378/3378 3379/3379 3394/3394
f 3394/3394 3379/3379 3395/3395
f 3380/3380 3381/3381 3397/3397
f 3381/3381 3386/3386 3397/3397
f 3397/3397 3386/3386 3400/3400
f 3386/3386 3383/3383 3400/3400
f 3400/3400 3383/3383 3401/3401
f 3406/3406 3403/3403 3408/3408
f 3403/3403 3384/3384 3408/3408
f 3385/3385 3388/3388 3407/3407
f 3410/3410 3389/3389 3412/3412
f 3389/3389 3392/3392 3412/3412
f 3393/3393 3396/3396 3411/3411
f 3396/3396 3398/3398 3411/3411
f 3399/3399 3402/3402 3414/3414
f 3402/3402 3404/3404 3414/3414
f 3415/3415 3416/3416 3419/3419
f 3418/3418 3417/3417 3420/3420
f 3417/3417 3421/3421 3420/3420
f 3420/3420 3421/3421 3422/3422
f 3421/3421 3423/3423 3422/3422
f 3423/3423 3424/3424 3422/3422
f 3424/3424 3425/3425 3422/3422
f 3425/3425 3426/3426 3422/3422
f 3426/3426 3427/3427 3422/3422
f 3428/3428 3429/3429 3430/3430
f 3429/3429 3431/3431 3430/3430
f 3431/3431 3432/3432 3430/3430
f 3432/3432 3433/3433 3430/3430
f 3433/3433 3434/3434 3430/3430
f 3434/3434 3435/3435 3430/3430
f 3430/3430 3435/3435 3436/3436
f 3435/3435 3422/3422 3436/3436
f 3436/3436 3422/3422 3437/3437
f 3437/3437 3422/3422 3438/3438
f 3438/3438 3422/3422 3439/3439
f 3422/3422 3427/3427 3439/3439
f 3427/3427 3440/3440 3439/3439
f 3441/3441 3442/3442 3445/3445
f 3444/3444 3443/3443 3446/3446
f 3446/3446 3443/3443 3447/3447
f 3443/3443 3448/3448 3447/3447
f 3448/3448 3449/3449 3447/3447
f 3447/3447 3449/3449 3450/3450
f 3449/3449 3451/3451 3450/3450
f 3451/3451 3452/3452 3450/3450
f 3450/3450 3452/3452 3453/3453
f 3452/3452 3454/3454 3453/3453
f 3455/3455 3453/3453 3456/3456
f 3453/3453 3457/3457 3456/3456
f 3458/3458 3459/3459 3460/3460
f 3460/3460 3459/3459 3461/3461
f 3461/3461 3459/3459 3462/3462
f 3459/3459 3463/3463 3462/3462
f 3463/3463 3464/3464 3462/3462
f 3464/3464 3465/3465 3462/3462
f 3462/3462 3465/3465 3466/3466
f 3465/3465 3467/3467 3466/3466
f 3466/3466 3467/3467 3468/3468
f 3467/3467 3456/3456 3468/3468
f 3468/3468 3456/3456 3469/3469
f 3469/3469 3456/3456 3470/3470
f 3456/3456 3457/3457 3470/3470
f 3471/3471 3472/3472 3477/3477
f 3473/3473 3478/3478 3476/3476
f 3479/3479 3480/3480 3475/3475
f 3474/3474 3481/3481 3482/3482
f 3481/3481 3483/3483 3482/3482
f 3482/3482 3483/3483 3484/3484
f 3484/3484 3483/3483 3485/3485
f 3483/3483 3486/3486 3485/3485
f 3486/3486 3487/3487 3485/3485
f 3485/3485 3487/3487 3488/3488
f 3488/3488 3487/3487 3489/3489
f 3487/3487 3470/3470 3489/3489
f 3489/3489 3470/3470 3490/3490
f 3470/3470 3457/3457 3490/3490
f 3491/3491 3492/3492 3496/3496
f 3493/3493 3497/3497 3495/3495
f 3498/3498 3499/3499 3494/3494
f 3494/3494 3499/3499 3500/3500
f 3499/3499 3501/3501 3500/3500
f 3500/3500 3501/3501 3502/3502
f 3501/3501 3503/3503 3502/3502
f 3502/3502 3503/3503 3504/3504
f 3503/3503 3505/3505 3504/3504
f 3505/3505 3506/3506 3504/3504
f 3504/3504 3506/3506 3507/3507
f 3506/3506 3490/3490 3507/3507
f 3507/3507 3490/3490 3508/3508
f 3490/3490 3457/3457 3508/3508
f 3457/3457 3453/3453 3508/3508
f 3508/3508 3453/3453 3509/3509
f 3453/3453 3454/3454 3509/3509
f 3510/3510 3511/3511 3512/3512
f 3515/3515 3519/3519 3521/3521
f 3516/3516 3526/3526 3520/3520
f 3524/3524 3525/3525 3528/3528
f 3525/3525 3517/3517 3528/3528
f 3518/3518 3513/3513 3527/3527
f 3530/3530 3514/3514 3532/3532
f 3514/3514 3522/3522 3532/3532
f 3531/3531 3523/3523 3534/3534
f 3523/3523 3529/3529 3534/3534
f 3530/3530 3532/3532 3533/3533
f 3536/3536 3538/3538 3539/3539
f 3538/3538 3542/3542 3539/3539
f 3545/3545 3547/3547 3549/3549
f 3546/3546 3540/3540 3548/3548
f 3540/3540 3541/3541 3548/3548
f 3541/3541 3553/3553 3548/3548
f 3553/3553 3555/3555 3548/3548
f 3551/3551 3554/3554 3557/3557
f 3554/3554 3552/3552 3557/3557
f 3552/3552 3542/3542 3557/3557
f 3542/3542 3538/3538 3557/3557
f 3537/3537 3535/3535 3556/3556
f 3535/3535 3540/3540 3556/3556
f 3540/3540 3546/3546 3556/3556
f 3546/3546 3543/3543 3556/3556
f 3556/3556 3543/3543 3560/3560
f 3544/3544 3550/3550 3559/3559
f 3551/3551 3557/3557 3558/3558
f 3563/3563 3567/3567 3569/3569
f 3564/3564 3573/3573 3568/3568
f 3570/3570 3571/3571 3575/3575
f 3572/3572 3565/3565 3574/3574
f 3566/3566 3561/3561 3576/3576
f 3561/3561 3578/3578 3576/3576
f 3578/3578 3580/3580 3576/3576
f 3576/3576 3580/3580 3581/3581
f 3582/3582 3579/3579 3584/3584
f 3584/3584 3579/3579 3587/3587
f 3587/3587 3579/3579 3588/3588
f 3579/3579 3577/3577 3588/3588
f 3577/3577 3562/3562 3588/3588
f 3562/3562 3570/3570 3588/3588
f 3570/3570 3575/3575 3588/3588
f 3576/3576 3581/3581 3589/3589
f 3581/3581 3583/3583 3589/3589
f 3589/3589 3583/3583 3590/3590
f 3583/3583 3585/3585 3590/3590
f 3590/3590 3585/3585 3591/3591
f 3593/3593 3586/3586 3594/3594
f 3597/3597 3587/3587 3599/3599
f 3599/3599 3587/3587 3602/3602
f 3604/3604 3602/3602 3608/3608
f 3602/3602 3587/3587 3608/3608
f 3587/3587 3588/3588 3608/3608
f 3589/3589 3590/3590 3607/3607
f 3590/3590 3591/3591 3607/3607
f 3592/3592 3595/3595 3606/3606
f 3596/3596 3598/3598 3605/3605
f 3605/3605 3598/3598 3611/3611
f 3598/3598 3600/3600 3611/3611
f 3601/3601 3603/3603 3610/3610
f 3604/3604 3608/3608 3609/3609
f 3616/3616 3619/3619 3621/3621
f 3625/3625 3627/3627 3629/3629
f 3627/3627 3632/3632 3629/3629
f 3629/3629 3632/3632 3634/3634
f 3634/3634 3638/3638 3640/3640
f 3624/3624 3641/3641 3643/3643
f 3639/3639 3635/3635 3642/3642
f 3646/3646 3636/3636 3648/3648
f 3637/3637 3633/3633 3647/3647
f 3650/3650 3634/3634 3652/3652
f 3652/3652 3634/3634 3654/3654
f 3634/3634 3632/3632 3654/3654
f 3630/3630 3659/3659 3653/3653
f 3656/3656 3657/3657 3661/3661
f 3658/3658 3631/3631 3660/3660
f 3663/3663 3632/3632 3664/3664
f 3632/3632 3627/3627 3664/3664
f 3627/3627 3668/3668 3664/3664
f 3665/3665 3666/3666 3670/3670
f 3667/3667 3626/3626 3669/3669
f 3627/3627 3625/3625 3671/3671
f 3671/3671 3625/3625 3673/3673
f 3673/3673 3625/3625 3675/3675
f 3625/3625 3629/3629 3675/3675
f 3628/3628 3679/3679 3674/3674
f 3676/3676 3677/3677 3680/3680
f 3678/3678 3629/3629 3681/3681
f 3629/3629 3684/3684 3681/3681
f 3681/3681 3684/3684 3686/3686
f 3682/3682 3691/3691 3685/3685
f 3688/3688 3689/3689 3693/3693
f 3690/3690 3683/3683 3692/3692
f 3699/3699 3703/3703 3704/3704
f 3700/3700 3707/3707 3705/3705
f 3707/3707 3695/3695 3705/3705
f 3695/3695 3684/3684 3705/3705
f 3684/3684 3629/3629 3705/3705
f 3629/3629 3634/3634 3705/3705
f 3705/3705 3634/3634 3709/3709
f 3634/3634 3640/3640 3709/3709
f 3640/3640 3620/3620 3709/3709
f 3620/3620 3617/3617 3709/3709
f 3618/3618 3612/3612 3708/3708
f 3709/3709 3613/3613 3710/3710
f 3710/3710 3613/3613 3711/3711
f 3712/3712 3614/3614 3715/3715
f 3615/3615 3622/3622 3714/3714
f 3623/3623 3644/3644 3713/3713
f 3645/3645 3649/3649 3716/3716
f 3649/3649 3651/3651 3716/3716
f 3651/3651 3655/3655 3716/3716
f 3655/3655 3662/3662 3716/3716
f 3662/3662 3665/3665 3716/3716
f 3665/3665 3670/3670 3716/3716
f 3670/3670 3672/3672 3716/3716
f 3672/3672 3676/3676 3716/3716
f 3676/3676 3680/3680 3716/3716
f 3680/3680 3687/3687 3716/3716
f 3687/3687 3694/3694 3716/3716
f 3694/3694 3706/3706 3716/3716
f 3706/3706 3701/3701 3716/3716
f 3716/3716 3701/3701 3718/3718
f 3702/3702 3696/3696 3717/3717
f 3721/3721 3697/3697 3722/3722
f 3698/3698 3705/3705 3724/3724
f 3705/3705 3709/3709 3724/3724
f 3724/3724 3709/3709 3726/3726
f 3709/3709 3710/3710 3726/3726
f 3726/3726 3710/3710 3727/3727
f 3710/3710 3711/3711 3727/3727
f 3712/3712 3715/3715 3729/3729
f 3729/3729 3715/3715 3731/3731
f 3715/3715 3719/3719 3731/3731
f 3720/3720 3723/3723 3730/3730
f 3724/3724 3726/3726 3732/3732
f 3732/3732 3726/3726 3733/3733
f 3725/3725 3728/3728 3735/3735
f 3738/3738 3741/3741 3742/3742
f 3747/3747 3745/3745 3748/3748
f 3745/3745 3739/3739 3748/3748
f 3749/3749 3740/3740 3751/3751
f 3740/3740 3736/3736 3751/3751
f 3737/3737 3743/3743 3750/3750
f 3744/3744 3746/3746 3752/3752
f 3752/3752 3746/3746 3753/3753
f 3747/3747 3748/3748 3754/3754
f 3754/3754 3748/3748 3755/3755
f 3749/3749 3751/3751 3756/3756
f 3756/3756 3751/3751 3757/3757
f 3752/3752 3753/3753 3758/3758
f 3758/3758 3753/3753 3759/3759
f 3754/3754 3755/3755 3761/3761
f 3761/3761 3755/3755 3762/3762
f 3756/3756 3757/3757 3763/3763
f 3763/3763 3757/3757 3765/3765
f 3758/3758 3759/3759 3764/3764
f 3768/3768 3766/3766 3769/3769
f 3766/3766 3760/3760 3769/3769
f 3761/3761 3762/3762 3770/3770
f 3770/3770 3762/3762 3771/3771
f 3763/3763 3765/3765 3772/3772
f 3765/3765 3767/3767 3772/3772
f 3772/3772 3767/3767 3774/3774
f 3777/3777 3774/3774 3778/3778
f 3774/3774 3767/3767 3778/3778
f 3779/3779 3768/3768 3780/3780
f 3768/3768 3769/3769 3780/3780
f 3770/3770 3771/3771 3781/3781
f 3771/3771 3773/3773 3781/3781
f 3781/3781 3773/3773 3783/3783
f 3774/3774 3777/3777 3782/3782
f 3784/3784 3775/3775 3785/3785
f 3776/3776 3779/3779 3787/3787
f 3779/3779 3780/3780 3787/3787
f 3791/3791 3793/3793 3794/3794
f 3797/3797 3792/3792 3801/3801
f 3792/3792 3788/3788 3801/3801
f 3801/3801 3788/3788 3802/3802
f 3806/3806 3789/3789 3809/3809
f 3790/3790 3795/3795 3808/3808
f 3796/3796 3798/3798 3807/3807
f 3812/3812 3799/3799 3813/3813
f 3800/3800 3803/3803 3817/3817
f 3817/3817 3803/3803 3818/3818
f 3824/3824 3820/3820 3827/3827
f 3820/3820 3804/3804 3827/3827
f 3805/3805 3810/3810 3826/3826
f 3811/3811 3814/3814 3825/3825
f 3830/3830 3815/3815 3832/3832
f 3816/3816 3819/3819 3831/3831
f 3820/3820 3824/3824 3834/3834
f 3834/3834 3824/3824 3836/3836
f 3839/3839 3837/3837 3841/3841
f 3835/3835 3821/3821 3840/3840
f 3843/3843 3822/3822 3846/3846
f 3823/3823 3828/3828 3845/3845
f 3829/3829 3833/3833 3844/3844
f 3834/3834 3836/3836 3847/3847
f 3836/3836 3838/3838 3847/3847
f 3849/3849 3853/3853 3854/3854
f 3856/3856 3850/3850 3857/3857
f 3858/3858 3851/3851 3859/3859
f 3852/3852 3848/3848 3860/3860
f 3863/3863 3860/3860 3865/3865
f 3860/3860 3848/3848 3865/3865
f 3849/3849 3854/3854 3864/3864
f 3868/3868 3855/3855 3869/3869
f 3856/3856 3857/3857 3871/3871
f 3871/3871 3857/3857 3872/3872
f 3858/3858 3859/3859 3873/3873
f 3859/3859 3861/3861 3873/3873
f 3873/3873 3861/3861 3877/3877
f 3877/3877 3861/3861 3878/3878
f 3881/3881 3862/3862 3882/3882
f 3862/3862 3866/3866 3882/3882
f 3883/3883 3867/3867 3885/3885
f 3867/3867 3870/3870 3885/3885
f 3871/3871 3872/3872 3884/3884
f 3872/3872 3874/3874 3884/3884
f 3886/3886 3875/3875 3888/3888
f 3876/3876 3879/3879 3887/3887
f 3889/3889 3880/3880 3890/3890
f 3881/3881 3882/3882 3892/3892
f 3894/3894 3892/3892 3895/3895
f 3892/3892 3882/3882 3895/3895
f 3896/3896 3883/3883 3897/3897
f 3883/3883 3885/3885 3897/3897
f 3886/3886 3888/3888 3898/3898
f 3898/3898 3888/3888 3900/3900
f 3889/3889 3890/3890 3899/3899
f 3891/3891 3893/3893 3902/3902
f 3902/3902 3893/3893 3903/3903
f 3905/3905 3894/3894 3906/3906
f 3894/3894 3895/3895 3906/3906
f 3907/3907 3896/3896 3908/3908
f 3896/3896 3897/3897 3908/3908
f 3898/3898 3900/3900 3909/3909
f 3909/3909 3900/3900 3910/3910
f 3901/3901 3904/3904 3911/3911
f 3911/3911 3904/3904 3912/3912
f 3917/3917 3914/3914 3918/3918
f 3914/3914 3905/3905 3918/3918
f 3905/3905 3906/3906 3918/3918
f 3919/3919 3907/3907 3920/3920
f 3907/3907 3908/3908 3920/3920
f 3909/3909 3910/3910 3921/3921
f 3921/3921 3910/3910 3923/3923
f 3911/3911 3912/3912 3922/3922
f 3924/3924 3913/3913 3925/3925
f 3913/3913 3915/3915 3925/3925
f 3916/3916 3919/3919 3927/3927
f 3919/3919 3920/3920 3927/3927
f 3928/3928 3929/3929 3930/3930
f 3929/3929 3931/3931 3930/3930
f 3930/3930 3931/3931 3935/3935
f 3932/3932 3936/3936 3934/3934
f 3933/3933 3937/3937 3938/3938
f 3937/3937 3939/3939 3938/3938
f 3938/3938 3939/3939 3940/3940
f 3940/3940 3939/3939 3941/3941
f 3939/3939 3942/3942 3941/3941
f 3941/3941 3942/3942 3943/3943
f 3942/3942 3944/3944 3943/3943
f 3943/3943 3944/3944 3945/3945
f 3944/3944 3946/3946 3945/3945
f 3945/3945 3946/3946 3947/3947
f 3946/3946 3948/3948 3947/3947
f 3947/3947 3948/3948 3949/3949
f 3948/3948 3950/3950 3949/3949
f 3950/3950 3951/3951 3949/3949
f 3949/3949 3951/3951 3952/3952
f 3952/3952 3951/3951 3953/3953
f 3951/3951 3954/3954 3953/3953
f 3953/3953 3954/3954 3955/3955
f 3954/3954 3956/3956 3955/3955
f 3957/3957 3958/3958 3959/3959
f 3958/3958 3960/3960 3959/3959
f 3960/3960 3961/3961 3959/3959
f 3961/3961 3962/3962 3959/3959
f 3959/3959 3962/3962 3963/3963
f 3965/3965 3963/3963 3968/3968
f 3963/3963 3962/3962 3968/3968
f 3968/3968 3962/3962 3970/3970
f 3962/3962 3961/3961 3970/3970
f 3970/3970 3961/3961 3972/3972
f 3961/3961 3960/3960 3972/3972
f 3960/3960 3958/3958 3972/3972
f 3972/3972 3958/3958 3974/3974
f 3974/3974 3958/3958 3977/3977
f 3958/3958 3957/3957 3977/3977
f 3977/3977 3957/3957 3978/3978
f 3957/3957 3959/3959 3978/3978
f 3978/3978 3959/3959 3979/3979
f 3979/3979 3959/3959 3980/3980
f 3980/3980 3959/3959 3981/3981
f 3981/3981 3959/3959 3983/3983
f 3983/3983 3959/3959 3985/3985
f 3985/3985 3959/3959 3986/3986
f 3986/3986 3959/3959 3987/3987
f 3987/3987 3959/3959 3988/3988
f 3988/3988 3959/3959 3989/3989
f 3959/3959 3963/3963 3989/3989
f 3963/3963 3965/3965 3989/3989
f 3990/3990 3964/3964 3991/3991
f 3991/3991 3964/3964 3993/3993
f 3964/3964 3966/3966 3993/3993
f 3993/3993 3966/3966 3994/3994
f 3967/3967 3969/3969 3996/3996
f 3996/3996 3969/3969 3998/3998
f 3969/3969 3971/3971 3998/3998
f 3998/3998 3971/3971 4000/4000
f 3971/3971 3973/3973 4000/4000
f 4000/4000 3973/3973 4002/4002
f 3973/3973 3975/3975 4002/4002
f 4002/4002 3975/3975 4003/4003
f 4006/4006 3976/3976 4007/4007
f 3977/3977 3978/3978 4010/4010
f 4010/4010 3978/3978 4012/4012
f 3978/3978 3979/3979 4012/4012
f 3979/3979 3980/3980 4012/4012
f 4012/4012 3980/3980 4015/4015
f 4015/4015 3980/3980 4017/4017
f 3980/3980 3981/3981 4017/4017
f 3981/3981 3983/3983 4017/4017
f 4017/4017 3983/3983 4019/4019
f 4019/4019 3983/3983 4021/4021
f 3982/3982 3984/3984 4020/4020
f 4023/4023 3985/3985 4026/4026
f 3985/3985 3986/3986 4026/4026
f 4026/4026 3986/3986 4028/4028
f 3986/3986 3987/3987 4028/4028
f 3987/3987 3988/3988 4028/4028
f 4028/4028 3988/3988 4029/4029
f 3988/3988 3989/3989 4029/4029
f 4030/4030 3990/3990 4031/4031
f 3990/3990 3991/3991 4031/4031
f 4031/4031 3991/3991 4033/4033
f 4033/4033 3991/3991 4036/4036
f 4036/4036 3991/3991 4037/4037
f 3991/3991 3993/3993 4037/4037
f 3992/3992 3995/3995 4038/4038
f 4038/4038 3995/3995 4040/4040
f 3996/3996 3998/3998 4039/4039
f 4040/4040 3997/3997 4042/4042
f 3998/3998 4000/4000 4041/4041
f 4045/4045 4043/4043 4047/4047
f 4041/4041 4000/4000 4046/4046
f 4048/4048 3999/3999 4049/4049
f 3999/3999 4001/4001 4049/4049
f 4001/4001 4004/4004 4049/4049
f 4049/4049 4004/4004 4050/4050
f 4050/4050 4004/4004 4051/4051
f 4005/4005 4008/4008 4053/4053
f 4053/4053 4008/4008 4054/4054
f 4009/4009 4011/4011 4055/4055
f 4011/4011 4013/4013 4055/4055
f 4055/4055 4013/4013 4056/4056
f 4014/4014 4016/4016 4057/4057
f 4057/4057 4016/4016 4059/4059
f 4059/4059 4016/4016 4061/4061
f 4016/4016 4018/4018 4061/4061
f 4018/4018 4022/4022 4061/4061
f 4061/4061 4022/4022 4063/4063
f 4063/4063 4022/4022 4065/4065
f 4022/4022 4024/4024 4065/4065
f 4065/4065 4024/4024 4066/4066
f 4025/4025 4027/4027 4068/4068
f 4027/4027 4030/4030 4068/4068
f 4030/4030 4031/4031 4068/4068
f 4068/4068 4031/4031 4069/4069
f 4031/4031 4033/4033 4069/4069
f 4071/4071 4032/4032 4072/4072
f 4072/4072 4032/4032 4073/4073
f 4032/4032 4034/4034 4073/4073
f 4035/4035 4038/4038 4074/4074
f 4074/4074 4038/4038 4075/4075
f 4038/4038 4040/4040 4075/4075
f 4075/4075 4040/4040 4076/4076
f 4040/4040 4042/4042 4076/4076
f 4042/4042 4044/4044 4076/4076
f 4076/4076 4044/4044 4077/4077
f 4078/4078 4045/4045 4079/4079
f 4080/4080 4079/4079 4081/4081
f 4079/4079 4045/4045 4081/4081
f 4045/4045 4047/4047 4081/4081
f 4048/4048 4049/4049 4082/4082
f 4082/4082 4049/4049 4084/4084
f 4049/4049 4050/4050 4084/4084
f 4084/4084 4050/4050 4086/4086
f 4086/4086 4050/4050 4087/4087
f 4050/4050 4051/4051 4087/4087
f 4052/4052 4055/4055 4089/4089
f 4089/4089 4055/4055 4091/4091
f 4055/4055 4056/4056 4091/4091
f 4091/4091 4056/4056 4092/4092
f 4056/4056 4058/4058 4092/4092
f 4092/4092 4058/4058 4093/4093
f 4058/4058 4060/4060 4093/4093
f 4093/4093 4060/4060 4094/4094
f 4061/4061 4063/4063 4096/4096
f 4096/4096 4063/4063 4097/4097
f 4062/4062 4064/4064 4099/4099
f 4099/4099 4064/4064 4100/4100
f 4064/4064 4067/4067 4100/4100
f 4067/4067 4070/4070 4100/4100
f 4102/4102 4100/4100 4103/4103
f 4100/4100 4070/4070 4103/4103
f 4071/4071 4072/4072 4106/4106
f 4106/4106 4072/4072 4107/4107
f 4072/4072 4073/4073 4107/4107
f 4107/4107 4073/4073 4108/4108
f 4074/4074 4075/4075 4111/4111
f 4111/4111 4075/4075 4113/4113
f 4075/4075 4076/4076 4113/4113
f 4076/4076 4077/4077 4113/4113
f 4113/4113 4077/4077 4114/4114
f 4115/4115 4078/4078 4116/4116
f 4078/4078 4079/4079 4116/4116
f 4116/4116 4079/4079 4117/4117
f 4079/4079 4080/4080 4117/4117
f 4117/4117 4080/4080 4118/4118
f 4118/4118 4080/4080 4120/4120
f 4120/4120 4080/4080 4121/4121
f 4080/4080 4081/4081 4121/4121
f 4081/4081 4083/4083 4121/4121
f 4084/4084 4086/4086 4122/4122
f 4122/4122 4086/4086 4123/4123
f 4125/4125 4085/4085 4127/4127
f 4086/4086 4087/4087 4126/4126
f 4088/4088 4090/4090 4127/4127
f 4127/4127 4090/4090 4128/4128
f 4091/4091 4092/4092 4131/4131
f 4131/4131 4092/4092 4133/4133
f 4092/4092 4093/4093 4133/4133
f 4133/4133 4093/4093 4134/4134
f 4093/4093 4094/4094 4134/4134
f 4135/4135 4095/4095 4136/4136
f 4095/4095 4098/4098 4136/4136
f 4136/4136 4098/4098 4137/4137
f 4099/4099 4100/4100 4138/4138
f 4100/4100 4102/4102 4138/4138
f 4138/4138 4102/4102 4140/4140
f 4101/4101 4104/4104 4139/4139
f 4143/4143 4105/4105 4144/4144
f 4106/4106 4107/4107 4145/4145
f 4145/4145 4107/4107 4146/4146
f 4146/4146 4107/4107 4147/4147
f 4147/4147 4107/4107 4148/4148
f 4107/4107 4108/4108 4148/4148
f 4148/4148 4108/4108 4149/4149
f 4150/4150 4109/4109 4153/4153
f 4110/4110 4112/4112 4152/4152
f 4113/4113 4114/4114 4151/4151
f 4155/4155 4115/4115 4156/4156
f 4115/4115 4116/4116 4156/4156
f 4159/4159 4158/4158 4160/4160
f 4156/4156 4116/4116 4161/4161
f 4116/4116 4117/4117 4161/4161
f 4117/4117 4118/4118 4161/4161
f 4161/4161 4118/4118 4162/4162
f 4118/4118 4120/4120 4162/4162
f 4164/4164 4119/4119 4166/4166
f 4120/4120 4121/4121 4165/4165
f 4121/4121 4124/4124 4165/4165
f 4166/4166 4125/4125 4167/4167
f 4167/4167 4125/4125 4168/4168
f 4125/4125 4127/4127 4168/4168
f 4127/4127 4128/4128 4168/4168
f 4168/4168 4128/4128 4169/4169
f 4170/4170 4129/4129 4173/4173
f 4130/4130 4132/4132 4172/4172
f 4133/4133 4134/4134 4171/4171
f 4175/4175 4135/4135 4176/4176
f 4135/4135 4136/4136 4176/4176
f 4176/4176 4136/4136 4177/4177
f 4136/4136 4137/4137 4177/4177
f 4177/4177 4137/4137 4179/4179
f 4138/4138 4140/4140 4178/4178
f 4179/4179 4141/4141 4180/4180
f 4181/4181 4142/4142 4182/4182
f 4142/4142 4145/4145 4182/4182
f 4145/4145 4146/4146 4182/4182
f 4182/4182 4146/4146 4184/4184
f 4146/4146 4147/4147 4184/4184
f 4147/4147 4148/4148 4184/4184
f 4184/4184 4148/4148 4185/4185
f 4148/4148 4149/4149 4185/4185
f 4149/4149 4154/4154 4185/4185
f 4154/4154 4157/4157 4185/4185
f 4158/4158 4159/4159 4186/4186
f 4186/4186 4159/4159 4187/4187
f 4188/4188 4187/4187 4189/4189
f 4187/4187 4159/4159 4189/4189
f 4159/4159 4160/4160 4189/4189
f 4160/4160 4163/4163 4189/4189
f 4189/4189 4163/4163 4190/4190
f 4190/4190 4163/4163 4191/4191
f 4164/4164 4166/4166 4192/4192
f 4166/4166 4167/4167 4192/4192
f 4192/4192 4167/4167 4193/4193
f 4167/4167 4168/4168 4193/4193
f 4193/4193 4168/4168 4194/4194
f 4168/4168 4169/4169 4194/4194
f 4194/4194 4169/4169 4195/4195
f 4169/4169 4174/4174 4195/4195
f 4195/4195 4174/4174 4196/4196
f 4175/4175 4176/4176 4197/4197
f 4197/4197 4176/4176 4198/4198
f 4198/4198 4176/4176 4199/4199
f 4176/4176 4177/4177 4199/4199
f 4199/4199 4177/4177 4200/4200
f 4177/4177 4179/4179 4200/4200
f 4200/4200 4179/4179 4201/4201
f 4179/4179 4180/4180 4201/4201
f 4201/4201 4180/4180 4203/4203
f 4181/4181 4182/4182 4202/4202
f 4182/4182 4184/4184 4202/4202
f 4204/4204 4183/4183 4205/4205
f 4183/4183 4186/4186 4205/4205
f 4186/4186 4187/4187 4205/4205
f 4205/4205 4187/4187 4206/4206
f 4187/4187 4188/4188 4206/4206
f 4206/4206 4188/4188 4207/4207
f 4188/4188 4189/4189 4207/4207
f 4189/4189 4190/4190 4207/4207
f 4207/4207 4190/4190 4208/4208
f 4190/4190 4191/4191 4208/4208
f 4192/4192 4193/4193 4209/4209
f 4193/4193 4194/4194 4209/4209
f 4194/4194 4195/4195 4209/4209
f 4209/4209 4195/4195 4210/4210
f 4195/4195 4196/4196 4210/4210
f 4197/4197 4198/4198 4212/4212
f 4198/4198 4199/4199 4212/4212
f 4212/4212 4199/4199 4214/4214
f 4199/4199 4200/4200 4214/4214
f 4214/4214 4200/4200 4215/4215
f 4200/4200 4201/4201 4215/4215
f 4201/4201 4203/4203 4215/4215
f 4204/4204 4205/4205 4216/4216
f 4205/4205 4206/4206 4216/4216
f 4216/4216 4206/4206 4217/4217
f 4206/4206 4207/4207 4217/4217
f 4207/4207 4208/4208 4217/4217
f 4208/4208 4211/4211 4217/4217
f 4211/4211 4213/4213 4217/4217
f 4219/4219 4223/4223 4224/4224
f 4220/4220 4227/4227 4225/4225
f 4227/4227 4229/4229 4225/4225
f 4225/4225 4229/4229 4230/4230
f 4228/4228 4226/4226 4231/4231
f 4226/4226 4221/4221 4231/4231
f 4231/4231 4221/4221 4233/4233
f 4222/4222 4218/4218 4232/4232
f 4219/4219 4224/4224 4235/4235
f 4237/4237 4240/4240 4243/4243
f 4243/4243 4240/4240 4246/4246
f 4240/4240 4249/4249 4246/4246
f 4246/4246 4249/4249 4250/4250
f 4249/4249 4254/4254 4250/4250
f 4252/4252 4253/4253 4257/4257
f 4253/4253 4247/4247 4257/4257
f 4248/4248 4238/4238 4256/4256
f 4239/4239 4236/4236 4255/4255
f 4236/4236 4241/4241 4255/4255
f 4242/4242 4244/4244 4259/4259
f 4260/4260 4261/4261 4264/4264
f 4262/4262 4265/4265 4263/4263
f 4265/4265 4266/4266 4263/4263
f 4263/4263 4266/4266 4267/4267
f 4266/4266 4268/4268 4267/4267
f 4267/4267 4268/4268 4269/4269
f 4269/4269 4268/4268 4270/4270
f 4268/4268 4272/4272 4270/4270
f 4270/4270 4272/4272 4273/4273
f 4273/4273 4272/4272 4274/4274
f 4275/4275 4276/4276 4280/4280
f 4277/4277 4281/4281 4279/4279
f 4278/4278 4282/4282 4285/4285
f 4283/4283 4286/4286 4284/4284
f 4284/4284 4286/4286 4290/4290
f 4287/4287 4291/4291 4289/4289
f 4288/4288 4292/4292 4298/4298
f 4298/4298 4292/4292 4300/4300
f 4299/4299 4293/4293 4301/4301
f 4301/4301 4293/4293 4303/4303
f 4302/4302 4294/4294 4306/4306
f 4307/4307 4308/4308 4312/4312
f 4308/4308 4313/4313 4312/4312
f 4313/4313 4314/4314 4312/4312
f 4315/4315 4304/4304 4311/4311
f 4305/4305 4295/4295 4310/4310
f 4309/4309 4296/4296 4317/4317
f 4297/4297 4274/4274 4316/4316
f 4316/4316 4274/4274 4318/4318
f 4274/4274 4272/4272 4318/4318
f 4318/4318 4272/4272 4320/4320
f 4321/4321 4322/4322 4326/4326
f 4325/4325 4323/4323 4328/4328
f 4324/4324 4329/4329 4327/4327
f 4327/4327 4329/4329 4332/4332
f 4330/4330 4319/4319 4331/4331
f 4319/4319 4271/4271 4331/4331
f 4331/4331 4271/4271 4333/4333
f 4333/4333 4271/4271 4335/4335
f 4336/4336 4337/4337 4341/4341
f 4338/4338 4342/4342 4340/4340
f 4339/4339 4343/4343 4344/4344
f 4344/4344 4343/4343 4345/4345
f 4343/4343 4346/4346 4345/4345
f 4345/4345 4346/4346 4347/4347
f 4347/4347 4346/4346 4350/4350
f 4346/4346 4334/4334 4350/4350
f 4335/4335 4271/4271 4349/4349
f 4348/4348 4272/4272 4351/4351
f 4351/4351 4272/4272 4352/4352
f 4352/4352 4272/4272 4353/4353
f 4353/4353 4272/4272 4354/4354
f 4354/4354 4272/4272 4355/4355
f 4355/4355 4272/4272 4356/4356
f 4356/4356 4272/4272 4357/4357
f 4357/4357 4272/4272 4358/4358
f 4358/4358 4272/4272 4359/4359
f 4359/4359 4272/4272 4360/4360
f 4360/4360 4272/4272 4361/4361
f 4361/4361 4272/4272 4366/4366
f 4272/4272 4268/4268 4366/4366
f 4268/4268 4367/4367 4366/4366
f 4368/4368 4369/4369 4365/4365
f 4370/4370 4371/4371 4364/4364
f 4371/4371 4372/4372 4364/4364
f 4373/4373 4374/4374 4363/4363
f 4375/4375 4376/4376 4362/4362
f 4362/4362 4376/4376 4377/4377
f 4376/4376 4378/4378 4377/4377
f 4378/4378 4379/4379 4377/4377
f 4379/4379 4380/4380 4377/4377
f 4377/4377 4380/4380 4381/4381
f 4382/4382 4383/4383 4386/4386
f 4384/4384 4381/4381 4385/4385
f 4385/4385 4381/4381 4387/4387
f 4381/4381 4380/4380 4387/4387
f 4390/4390 4393/4393 4395/4395
f 4391/4391 4401/4401 4394/4394
f 4398/4398 4399/4399 4402/4402
f 4403/4403 4400/4400 4405/4405
f 4400/4400 4392/4392 4405/4405
f 4392/4392 4388/4388 4405/4405
f 4389/4389 4396/4396 4404/4404
f 4396/4396 4407/4407 4404/4404
f 4405/4405 4406/4406 4409/4409
f 4407/4407 4396/4396 4408/4408
f 4396/4396 4414/4414 4408/4408
f 4411/4411 4412/4412 4415/4415
f 4418/4418 4413/4413 4421/4421
f 4423/4423 4426/4426 4428/4428
f 4426/4426 4421/4421 4428/4428
f 4421/4421 4413/4413 4428/4428
f 4413/4413 4397/4397 4428/4428
f 4397/4397 4403/4403 4428/4428
f 4403/4403 4405/4405 4428/4428
f 4405/4405 4409/4409 4428/4428
f 4410/4410 4416/4416 4427/4427
f 4429/4429 4417/4417 4431/4431
f 4417/4417 4419/4419 4431/4431
f 4420/4420 4424/4424 4430/4430
f 4425/4425 4422/4422 4433/4433
f 4433/4433 4422/4422 4434/4434
f 4437/4437 4435/4435 4438/4438
f 4434/4434 4422/4422 4439/4439
f 4439/4439 4422/4422 4440/4440
f 4423/4423 4428/4428 4442/4442
f 4428/4428 4432/4432 4442/4442
f 4432/4432 4435/4435 4442/4442
f 4435/4435 4437/4437 4442/4442
f 4442/4442 4437/4437 4443/4443
f 4445/4445 4436/4436 4446/4446
f 4436/4436 4439/4439 4446/4446
f 4439/4439 4440/4440 4446/4446
f 4448/4448 4441/4441 4449/4449
f 4442/4442 4443/4443 4451/4451
f 4454/4454 4457/4457 4458/4458
f 4459/4459 4455/4455 4460/4460
f 4456/4456 4452/4452 4462/4462
f 4462/4462 4452/4452 4463/4463
f 4467/4467 4453/4453 4468/4468
f 4470/4470 4454/4454 4473/4473
f 4454/4454 4458/4458 4473/4473
f 4459/4459 4460/4460 4472/4472
f 4461/4461 4464/4464 4471/4471
f 4474/4474 4465/4465 4475/4475
f 4466/4466 4469/4469 4476/4476
f 4476/4476 4469/4469 4477/4477
f 4470/4470 4473/4473 4479/4479
f 4479/4479 4473/4473 4480/4480
f 4474/4474 4475/4475 4483/4483
f 4483/4483 4475/4475 4485/4485
f 4476/4476 4477/4477 4484/4484
f 4484/4484 4477/4477 4489/4489
f 4478/4478 4481/4481 4488/4488
f 4482/4482 4486/4486 4487/4487
f 4492/4492 4493/4493 4496/4496
f 4499/4499 4494/4494 4500/4500
f 4495/4495 4490/4490 4503/4503
f 4503/4503 4490/4490 4504/4504
f 4491/4491 4497/4497 4507/4507
f 4507/4507 4497/4497 4508/4508
f 4510/4510 4498/4498 4511/4511
f 4498/4498 4501/4501 4511/4511
f 4512/4512 4502/4502 4514/4514
f 4503/4503 4504/4504 4513/4513
f 4516/4516 4505/4505 4517/4517
f 4506/4506 4509/4509 4519/4519
f 4519/4519 4509/4509 4520/4520
f 4510/4510 4511/4511 4521/4521
f 4521/4521 4511/4511 4522/4522
f 4512/4512 4514/4514 4523/4523
f 4523/4523 4514/4514 4524/4524
f 4525/4525 4515/4515 4526/4526
f 4515/4515 4518/4518 4526/4526
f 4519/4519 4520/4520 4527/4527
f 4531/4531 4527/4527 4532/4532
f 4527/4527 4520/4520 4532/4532
f 4521/4521 4522/4522 4533/4533
f 4533/4533 4522/4522 4534/4534
f 4523/4523 4524/4524 4535/4535
f 4535/4535 4524/4524 4537/4537
f 4525/4525 4526/4526 4536/4536
f 4526/4526 4528/4528 4536/4536
f 4540/4540 4538/4538 4541/4541
f 4538/4538 4529/4529 4541/4541
f 4543/4543 4530/4530 4545/4545
f 4531/4531 4532/4532 4544/4544
f 4548/4548 4533/4533 4549/4549
f 4533/4533 4534/4534 4549/4549
f 4535/4535 4537/4537 4550/4550
f 4537/4537 4539/4539 4550/4550
f 4539/4539 4552/4552 4550/4550
f 4550/4550 4552/4552 4555/4555
f 4558/4558 4555/4555 4559/4559
f 4555/4555 4552/4552 4559/4559
f 4562/4562 4551/4551 4564/4564
f 4551/4551 4540/4540 4564/4564
f 4540/4540 4541/4541 4564/4564
f 4542/4542 4546/4546 4563/4563
f 4566/4566 4547/4547 4568/4568
f 4548/4548 4549/4549 4567/4567
f 4549/4549 4553/4553 4567/4567
f 4554/4554 4556/4556 4569/4569
f 4569/4569 4556/4556 4570/4570
f 4557/4557 4560/4560 4572/4572
f 4572/4572 4560/4560 4574/4574
f 4561/4561 4565/4565 4573/4573
f 4566/4566 4568/4568 4575/4575
f 4576/4576 4577/4577 4581/4581
f 4578/4578 4582/4582 4580/4580
f 4579/4579 4583/4583 4588/4588
f 4584/4584 4589/4589 4587/4587
f 4590/4590 4591/4591 4586/4586
f 4585/4585 4592/4592 4593/4593
f 4592/4592 4594/4594 4593/4593
f 4593/4593 4594/4594 4597/4597
f 4595/4595 4598/4598 4596/4596
f 4596/4596 4598/4598 4600/4600
f 4600/4600 4598/4598 4602/4602
f 4599/4599 4603/4603 4601/4601
f 4601/4601 4603/4603 4606/4606
f 4604/4604 4607/4607 4605/4605
f 4605/4605 4607/4607 4611/4611
f 4608/4608 4612/4612 4610/4610
f 4613/4613 4614/4614 4609/4609
f 4609/4609 4614/4614 4617/4617
f 4616/4616 4615/4615 4619/4619
f 4615/4615 4620/4620 4619/4619
f 4621/4621 4622/4622 4618/4618
f 4618/4618 4622/4622 4625/4625
f 4624/4624 4623/4623 4628/4628
f 4623/4623 4629/4629 4628/4628
f 4630/4630 4631/4631 4627/4627
f 4626/4626 4632/4632 4637/4637
f 4636/4636 4633/4633 4639/4639
f 4638/4638 4634/4634 4643/4643
f 4635/4635 4644/4644 4642/4642
f 4646/4646 4647/4647 4648/4648
f 4648/4648 4647/4647 4649/4649
f 4647/4647 4650/4650 4649/4649
f 4649/4649 4650/4650 4654/4654
f 4651/4651 4655/4655 4653/4653
f 4652/4652 4656/4656 4657/4657
f 4656/4656 4658/4658 4657/4657
f 4657/4657 4658/4658 4659/4659
f 4658/4658 4660/4660 4659/4659
f 4659/4659 4660/4660 4661/4661
f 4660/4660 4662/4662 4661/4661
f 4661/4661 4662/4662 4663/4663
f 4662/4662 4664/4664 4663/4663
f 4663/4663 4664/4664 4665/4665
f 4664/4664 4666/4666 4665/4665
f 4665/4665 4666/4666 4667/4667
f 4666/4666 4668/4668 4667/4667
f 4667/4667 4668/4668 4669/4669
f 4669/4669 4668/4668 4670/4670
f 4668/4668 4671/4671 4670/4670
f 4670/4670 4671/4671 4673/4673
f 4671/4671 4674/4674 4673/4673
f 4672/4672 4675/4675 4677/4677
f 4675/4675 4640/4640 4677/4677
f 4641/4641 4645/4645 4676/4676
f 4645/4645 4678/4678 4676/4676
f 4676/4676 4678/4678 4680/4680
f 4680/4680 4678/4678 4683/4683
f 4679/4679 4684/4684 4682/4682
f 4684/4684 4685/4685 4682/4682
f 4681/4681 4686/4686 4687/4687
f 4687/4687 4686/4686 4688/4688
f 4686/4686 4689/4689 4688/4688
f 4689/4689 4690/4690 4688/4688
f 4688/4688 4690/4690 4692/4692
f 4692/4692 4690/4690 4694/4694
f 4691/4691 4695/4695 4693/4693
f 4696/4696 4697/4697 4700/4700
f 4698/4698 4701/4701 4699/4699
f 4701/4701 4702/4702 4699/4699
f 4699/4699 4702/4702 4705/4705
f 4702/4702 4706/4706 4705/4705
f 4707/4707 4708/4708 4704/4704
f 4703/4703 4709/4709 4716/4716
f 4717/4717 4718/4718 4721/4721
f 4718/4718 4722/4722 4721/4721
f 4723/4723 4724/4724 4720/4720
f 4725/4725 4714/4714 4719/4719
f 4719/4719 4714/4714 4727/4727
f 4726/4726 4715/4715 4729/4729
f 4730/4730 4731/4731 4733/4733
f 4731/4731 4734/4734 4733/4733
f 4734/4734 4735/4735 4733/4733
f 4732/4732 4736/4736 4737/4737
f 4736/4736 4738/4738 4737/4737
f 4737/4737 4738/4738 4739/4739
f 4738/4738 4728/4728 4739/4739
f 4728/4728 4716/4716 4739/4739
f 4740/4740 4741/4741 4745/4745
f 4744/4744 4742/4742 4748/4748
f 4743/4743 4749/4749 4747/4747
f 4746/4746 4750/4750 4752/4752
f 4752/4752 4750/4750 4755/4755
f 4751/4751 4756/4756 4754/4754
f 4753/4753 4757/4757 4761/4761
f 4758/4758 4762/4762 4760/4760
f 4762/4762 4763/4763 4760/4760
f 4764/4764 4739/4739 4759/4759
f 4739/4739 4716/4716 4759/4759
f 4759/4759 4716/4716 4765/4765
f 4716/4716 4709/4709 4765/4765
f 4765/4765 4709/4709 4766/4766
f 4766/4766 4709/4709 4768/4768
f 4767/4767 4710/4710 4771/4771
f 4772/4772 4769/4769 4776/4776
f 4770/4770 4711/4711 4775/4775
f 4777/4777 4773/4773 4782/4782
f 4774/4774 4712/4712 4781/4781
f 4713/4713 4783/4783 4780/4780
f 4785/4785 4778/4778 4787/4787
f 4779/4779 4784/4784 4786/4786
f 4789/4789 4791/4791 4793/4793
f 4792/4792 4790/4790 4795/4795
f 4790/4790 4788/4788 4795/4795
f 4789/4789 4793/4793 4794/4794
f 4797/4797 4798/4798 4801/4801
f 4800/4800 4799/4799 4803/4803
f 4799/4799 4796/4796 4803/4803
f 4797/4797 4801/4801 4802/4802
f 4805/4805 4807/4807 4810/4810
f 4810/4810 4807/4807 4812/4812
f 4812/4812 4807/4807 4814/4814
f 4814/4814 4807/4807 4816/4816
f 4806/4806 4804/4804 4815/4815
f 4804/4804 4808/4808 4815/4815
f 4809/4809 4811/4811 4817/4817
f 4819/4819 4822/4822 4824/4824
f 4823/4823 4820/4820 4827/4827
f 4827/4827 4820/4820 4829/4829
f 4829/4829 4820/4820 4831/4831
f 4820/4820 4833/4833 4831/4831
f 4831/4831 4833/4833 4835/4835
f 4833/4833 4817/4817 4835/4835
f 4835/4835 4817/4817 4838/4838
f 4817/4817 4811/4811 4838/4838
f 4812/4812 4814/4814 4837/4837
f 4813/4813 4843/4843 4836/4836
f 4840/4840 4841/4841 4844/4844
f 4845/4845 4842/4842 4846/4846
f 4842/4842 4814/4814 4846/4846
f 4814/4814 4816/4816 4846/4846
f 4816/4816 4832/4832 4846/4846
f 4832/4832 4821/4821 4846/4846
f 4821/4821 4818/4818 4846/4846
f 4818/4818 4825/4825 4846/4846
f 4825/4825 4826/4826 4846/4846
f 4826/4826 4828/4828 4846/4846
f 4828/4828 4830/4830 4846/4846
f 4830/4830 4834/4834 4846/4846
f 4834/4834 4839/4839 4846/4846
f 4848/4848 4850/4850 4852/4852
f 4851/4851 4849/4849 4856/4856
f 4850/4850 4848/4848 4855/4855
f 4847/4847 4853/4853 4854/4854
f 4857/4857 4858/4858 4862/4862
f 4861/4861 4859/4859 4864/4864
f 4860/4860 4865/4865 4863/4863
f 4863/4863 4865/4865 4867/4867
f 4865/4865 4868/4868 4867/4867
f 4866/4866 4869/4869 4872/4872
f 4871/4871 4870/4870 4874/4874
f 4870/4870 4875/4875 4874/4874
f 4875/4875 4876/4876 4874/4874
f 4876/4876 4882/4882 4874/4874
f 4873/4873 4880/4880 4883/4883
f 4884/4884 4885/4885 4889/4889
f 4886/4886 4890/4890 4888/4888
f 4887/4887 4891/4891 4895/4895
f 4892/4892 4896/4896 4894/4894
f 4893/4893 4897/4897 4900/4900
f 4898/4898 4883/4883 4899/4899
f 4899/4899 4883/4883 4901/4901
f 4901/4901 4883/4883 4902/4902
f 4883/4883 4880/4880 4902/4902
f 4902/4902 4880/4880 4903/4903
f 4903/4903 4880/4880 4904/4904
f 4904/4904 4880/4880 4905/4905
f 4905/4905 4880/4880 4907/4907
f 4908/4908 4909/4909 4910/4910
f 4909/4909 4911/4911 4910/4910
f 4910/4910 4911/4911 4914/4914
f 4912/4912 4915/4915 4913/4913
f 4913/4913 4915/4915 4919/4919
f 4916/4916 4906/4906 4918/4918
f 4907/4907 4880/4880 4917/4917
f 4917/4917 4880/4880 4921/4921
f 4920/4920 4881/4881 4922/4922
f 4922/4922 4881/4881 4924/4924
f 4925/4925 4926/4926 4930/4930
f 4927/4927 4931/4931 4929/4929
f 4928/4928 4932/4932 4933/4933
f 4932/4932 4934/4934 4933/4933
f 4933/4933 4934/4934 4936/4936
f 4936/4936 4934/4934 4938/4938
f 4935/4935 4939/4939 4937/4937
f 4937/4937 4939/4939 4942/4942
f 4940/4940 4943/4943 4941/4941
f 4943/4943 4923/4923 4941/4941
f 4923/4923 4882/4882 4941/4941
f 4941/4941 4882/4882 4944/4944
f 4882/4882 4876/4876 4944/4944
f 4944/4944 4876/4876 4946/4946
f 4945/4945 4877/4877 4948/4948
f 4947/4947 4878/4878 4951/4951
f 4879/4879 4952/4952 4950/4950
f 4949/4949 4953/4953 4959/4959
f 4960/4960 4961/4961 4966/4966
f 4962/4962 4957/4957 4965/4965
f 4958/4958 4954/4954 4964/4964
f 4963/4963 4955/4955 4970/4970
f 4956/4956 4971/4971 4969/4969
f 4972/4972 4973/4973 4968/4968
f 4974/4974 4975/4975 4967/4967
f 4978/4978 4981/4981 4983/4983
f 4982/4982 4979/4979 4987/4987
f 4980/4980 4976/4976 4986/4986
f 4977/4977 4984/4984 4985/4985
f 4988/4988 4989/4989 4990/4990
f 4989/4989 4991/4991 4990/4990
f 4990/4990 4991/4991 4992/4992
f 4991/4991 4993/4993 4992/4992
f 4992/4992 4993/4993 4994/4994
f 4994/4994 4993/4993 4995/4995
f 4995/4995 4993/4993 4996/4996
f 4993/4993 4997/4997 4996/4996
f 4996/4996 4997/4997 4998/4998
f 4998/4998 4997/4997 4999/4999
f 5000/5000 5001/5001 5004/5004
f 5002/5002 5005/5005 5003/5003
f 5005/5005 4999/4999 5003/5003
f 4999/4999 4997/4997 5003/5003
f 5003/5003 4997/4997 5006/5006
f 5006/5006 4997/4997 5007/5007
f 5007/5007 4997/4997 5008/5008
f 4997/4997 5009/5009 5008/5008
f 5008/5008 5009/5009 5010/5010
f 5011/5011 5010/5010 5012/5012
f 5010/5010 5009/5009 5012/5012
f 5013/5013 5014/5014 5015/5015
f 5016/5016 5017/5017 5018/5018
f 5017/5017 5015/5015 5018/5018
f 5015/5015 5014/5014 5018/5018
f 5014/5014 5019/5019 5018/5018
f 5018/5018 5020/5020 5021/5021
f 5021/5021 5020/5020 5022/5022
f 5022/5022 5020/5020 5023/5023
f 5020/5020 5018/5018 5023/5023
f 5023/5023 5018/5018 5024/5024
f 5024/5024 5018/5018 5025/5025
f 5018/5018 5019/5019 5025/5025
f 5025/5025 5019/5019 5026/5026
f 5026/5026 5019/5019 5027/5027
f 5019/5019 5028/5028 5027/5027
f 5028/5028 5029/5029 5027/5027
f 5029/5029 5030/5030 5027/5027
f 5030/5030 5031/5031 5027/5027
f 5027/5027 5031/5031 5032/5032
f 5031/5031 5012/5012 5032/5032
f 5032/5032 5012/5012 5033/5033
f 5012/5012 5009/5009 5033/5033
f 5009/5009 5034/5034 5033/5033
f 5034/5034 5035/5035 5033/5033
f 5035/5035 5036/5036 5033/5033
f 5036/5036 5037/5037 5033/5033
f 5033/5033 5037/5037 5038/5038
f 5037/5037 5039/5039 5038/5038
f 5039/5039 5040/5040 5038/5038
f 5040/5040 5041/5041 5038/5038
f 5038/5038 5041/5041 5042/5042
f 5041/5041 5043/5043 5042/5042
f 5043/5043 5044/5044 5042/5042
f 5045/5045 5046/5046 5049/5049
f 5047/5047 5050/5050 5048/5048
f 5050/5050 5042/5042 5048/5048
f 5042/5042 5044/5044 5048/5048
f 5052/5052 5055/5055 5057/5057
f 5056/5056 5053/5053 5060/5060
f 5054/5054 5051/5051 5059/5059
f 5051/5051 5058/5058 5059/5059
f 5063/5063 5064/5064 5068/5068
f 5073/5073 5070/5070 5075/5075
f 5067/5067 5065/5065 5074/5074
f 5076/5076 5066/5066 5077/5077
f 5066/5066 5061/5061 5077/5077
f 5062/5062 5069/5069 5078/5078
f 5069/5069 5071/5071 5078/5078
f 5079/5079 5080/5080 5081/5081
f 5083/5083 5086/5086 5087/5087
f 5089/5089 5084/5084 5090/5090
f 5085/5085 5082/5082 5091/5091
f 5091/5091 5082/5082 5092/5092
f 5082/5082 5088/5088 5092/5092
f 5088/5088 5096/5096 5092/5092
f 5094/5094 5095/5095 5098/5098
f 5097/5097 5096/5096 5101/5101
f 5096/5096 5088/5088 5101/5101
f 5089/5089 5090/5090 5100/5100
f 5090/5090 5093/5093 5100/5100
f 5093/5093 5099/5099 5100/5100
f 5102/5102 5103/5103 5106/5106
f 5103/5103 5108/5108 5106/5106
f 5108/5108 5110/5110 5106/5106
f 5105/5105 5109/5109 5111/5111
f 5109/5109 5107/5107 5111/5111
f 5107/5107 5104/5104 5111/5111
f 5115/5115 5117/5117 5118/5118
f 5117/5117 5123/5123 5118/5118
f 5121/5121 5122/5122 5128/5128
f 5122/5122 5116/5116 5128/5128
f 5116/5116 5112/5112 5128/5128
f 5124/5124 5127/5127 5130/5130
f 5130/5130 5127/5127 5131/5131
f 5133/5133 5126/5126 5134/5134
f 5126/5126 5125/5125 5134/5134
f 5125/5125 5128/5128 5134/5134
f 5128/5128 5112/5112 5134/5134
f 5136/5136 5113/5113 5139/5139
f 5114/5114 5119/5119 5138/5138
f 5120/5120 5129/5129 5137/5137
f 5130/5130 5131/5131 5141/5141
f 5145/5145 5148/5148 5150/5150
f 5153/5153 5156/5156 5157/5157
f 5160/5160 5154/5154 5163/5163
f 5155/5155 5151/5151 5162/5162
f 5152/5152 5167/5167 5161/5161
f 5167/5167 5170/5170 5161/5161
f 5165/5165 5168/5168 5172/5172
f 5169/5169 5166/5166 5171/5171
f 5167/5167 5175/5175 5174/5174
f 5174/5174 5175/5175 5177/5177
f 5177/5177 5175/5175 5179/5179
f 5175/5175 5182/5182 5179/5179
f 5181/5181 5185/5185 5178/5178
f 5180/5180 5183/5183 5187/5187
f 5184/5184 5182/5182 5186/5186
f 5182/5182 5189/5189 5186/5186
f 5189/5189 5191/5191 5186/5186
f 5188/5188 5190/5190 5192/5192
f 5191/5191 5189/5189 5194/5194
f 5189/5189 5150/5150 5194/5194
f 5194/5194 5150/5150 5196/5196
f 5196/5196 5150/5150 5200/5200
f 5149/5149 5146/5146 5199/5199
f 5147/5147 5142/5142 5198/5198
f 5143/5143 5204/5204 5197/5197
f 5201/5201 5202/5202 5208/5208
f 5203/5203 5144/5144 5207/5207
f 5145/5145 5211/5211 5206/5206
f 5209/5209 5214/5214 5205/5205
f 5208/5208 5212/5212 5218/5218
f 5213/5213 5210/5210 5217/5217
f 5211/5211 5221/5221 5216/5216
f 5219/5219 5224/5224 5215/5215
f 5218/5218 5222/5222 5226/5226
f 5223/5223 5220/5220 5225/5225
f 5227/5227 5221/5221 5228/5228
f 5233/5233 5230/5230 5234/5234
f 5228/5228 5221/5221 5236/5236
f 5236/5236 5221/5221 5237/5237
f 5221/5221 5211/5211 5237/5237
f 5211/5211 5145/5145 5237/5237
f 5145/5145 5150/5150 5237/5237
f 5150/5150 5189/5189 5237/5237
f 5189/5189 5182/5182 5237/5237
f 5182/5182 5175/5175 5237/5237
f 5175/5175 5167/5167 5237/5237
f 5167/5167 5152/5152 5237/5237
f 5237/5237 5152/5152 5238/5238
f 5152/5152 5158/5158 5238/5238
f 5238/5238 5158/5158 5239/5239
f 5240/5240 5159/5159 5241/5241
f 5159/5159 5164/5164 5241/5241
f 5164/5164 5173/5173 5241/5241
f 5173/5173 5176/5176 5241/5241
f 5176/5176 5180/5180 5241/5241
f 5180/5180 5187/5187 5241/5241
f 5187/5187 5193/5193 5241/5241
f 5193/5193 5195/5195 5241/5241
f 5195/5195 5201/5201 5241/5241
f 5201/5201 5208/5208 5241/5241
f 5208/5208 5218/5218 5241/5241
f 5218/5218 5226/5226 5241/5241
f 5226/5226 5229/5229 5241/5241
f 5241/5241 5229/5229 5243/5243
f 5229/5229 5231/5231 5243/5243
f 5232/5232 5235/5235 5242/5242
f 5244/5244 5236/5236 5246/5246
f 5236/5236 5237/5237 5246/5246
f 5237/5237 5238/5238 5246/5246
f 5246/5246 5238/5238 5247/5247
f 5238/5238 5239/5239 5247/5247
f 5240/5240 5241/5241 5249/5249
f 5249/5249 5241/5241 5250/5250
f 5241/5241 5243/5243 5250/5250
f 5244/5244 5246/5246 5251/5251
f 5251/5251 5246/5246 5252/5252
f 5245/5245 5248/5248 5254/5254
f 5255/5255 5257/5257 5260/5260
f 5263/5263 5265/5265 5266/5266
f 5268/5268 5264/5264 5270/5270
f 5273/5273 5274/5274 5277/5277
f 5274/5274 5279/5279 5277/5277
f 5277/5277 5279/5279 5280/5280
f 5283/5283 5282/5282 5285/5285
f 5282/5282 5278/5278 5285/5285
f 5287/5287 5285/5285 5288/5288
f 5284/5284 5279/5279 5289/5289
f 5289/5289 5279/5279 5290/5290
f 5279/5279 5274/5274 5290/5290
f 5270/5270 5290/5290 5291/5291
f 5290/5290 5274/5274 5291/5291
f 5291/5291 5274/5274 5293/5293
f 5274/5274 5273/5273 5293/5293
f 5297/5297 5294/5294 5299/5299
f 5292/5292 5271/5271 5298/5298
f 5301/5301 5272/5272 5303/5303
f 5273/5273 5277/5277 5302/5302
f 5303/5303 5275/5275 5304/5304
f 5276/5276 5281/5281 5305/5305
f 5305/5305 5281/5281 5306/5306
f 5282/5282 5283/5283 5307/5307
f 5307/5307 5283/5283 5309/5309
f 5309/5309 5283/5283 5310/5310
f 5283/5283 5285/5285 5310/5310
f 5310/5310 5285/5285 5311/5311
f 5285/5285 5287/5287 5311/5311
f 5314/5314 5312/5312 5316/5316
f 5311/5311 5287/5287 5315/5315
f 5316/5316 5286/5286 5318/5318
f 5287/5287 5288/5288 5317/5317
f 5289/5289 5290/5290 5319/5319
f 5290/5290 5270/5270 5319/5319
f 5270/5270 5264/5264 5319/5319
f 5319/5319 5264/5264 5320/5320
f 5265/5265 5263/5263 5322/5322
f 5322/5322 5263/5263 5324/5324
f 5324/5324 5263/5263 5327/5327
f 5327/5327 5263/5263 5329/5329
f 5329/5329 5263/5263 5330/5330
f 5263/5263 5266/5266 5330/5330
f 5332/5332 5267/5267 5334/5334
f 5267/5267 5269/5269 5334/5334
f 5270/5270 5291/5291 5333/5333
f 5291/5291 5293/5293 5333/5333
f 5293/5293 5295/5295 5333/5333
f 5334/5334 5296/5296 5335/5335
f 5335/5335 5296/5296 5336/5336
f 5296/5296 5300/5300 5336/5336
f 5340/5340 5336/5336 5341/5341
f 5336/5336 5300/5300 5341/5341
f 5301/5301 5303/5303 5342/5342
f 5343/5343 5342/5342 5344/5344
f 5342/5342 5303/5303 5344/5344
f 5303/5303 5304/5304 5344/5344
f 5345/5345 5305/5305 5347/5347
f 5305/5305 5306/5306 5347/5347
f 5347/5347 5306/5306 5262/5262
f 5306/5306 5308/5308 5262/5262
f 5262/5262 5308/5308 5348/5348
f 5309/5309 5310/5310 5350/5350
f 5350/5350 5310/5310 5352/5352
f 5352/5352 5310/5310 5353/5353
f 5310/5310 5311/5311 5353/5353
f 5311/5311 5313/5313 5353/5353
f 5355/5355 5314/5314 5358/5358
f 5358/5358 5314/5314 5359/5359
f 5314/5314 5316/5316 5359/5359
f 5316/5316 5360/5360 5359/5359
f 5359/5359 5360/5360 5362/5362
f 5362/5362 5360/5360 5363/5363
f 5360/5360 5316/5316 5363/5363
f 5316/5316 5318/5318 5363/5363
f 5318/5318 5321/5321 5363/5363
f 5322/5322 5324/5324 5364/5364
f 5364/5364 5324/5324 5366/5366
f 5323/5323 5325/5325 5365/5365
f 5368/5368 5326/5326 5369/5369
f 5326/5326 5328/5328 5369/5369
f 5328/5328 5331/5331 5369/5369
f 5369/5369 5331/5331 5370/5370
f 5332/5332 5334/5334 5371/5371
f 5371/5371 5334/5334 5372/5372
f 5334/5334 5335/5335 5372/5372
f 5335/5335 5336/5336 5372/5372
f 5372/5372 5336/5336 5374/5374
f 5374/5374 5336/5336 5375/5375
f 5336/5336 5340/5340 5375/5375
f 5377/5377 5337/5337 5378/5378
f 5381/5381 5338/5338 5382/5382
f 5339/5339 5342/5342 5384/5384
f 5342/5342 5343/5343 5384/5384
f 5384/5384 5343/5343 5388/5388
f 5343/5343 5344/5344 5388/5388
f 5345/5345 5347/5347 5387/5387
f 5389/5389 5391/5391 5392/5392
f 5393/5393 5392/5392 5395/5395
f 5392/5392 5391/5391 5395/5395
f 5390/5390 5385/5385 5394/5394
f 5386/5386 5346/5346 5395/5395
f 5395/5395 5346/5346 5396/5396
f 5396/5396 5346/5346 5398/5398
f 5346/5346 5258/5258 5398/5398
f 5259/5259 5256/5256 5397/5397
f 5257/5257 5255/5255 5398/5398
f 5255/5255 5399/5399 5398/5398
f 5400/5400 5398/5398 5402/5402
f 5398/5398 5399/5399 5402/5402
f 5402/5402 5399/5399 5403/5403
f 5399/5399 5255/5255 5403/5403
f 5255/5255 5260/5260 5403/5403
f 5261/5261 5349/5349 5404/5404
f 5349/5349 5351/5351 5404/5404
f 5404/5404 5351/5351 5406/5406
f 5351/5351 5354/5354 5406/5406
f 5354/5354 5356/5356 5406/5406
f 5408/5408 5406/5406 5410/5410
f 5405/5405 5357/5357 5409/5409
f 5358/5358 5359/5359 5412/5412
f 5412/5412 5359/5359 5413/5413
f 5359/5359 5362/5362 5413/5413
f 5415/5415 5414/5414 5417/5417
f 5414/5414 5361/5361 5417/5417
f 5362/5362 5363/5363 5416/5416
f 5363/5363 5367/5367 5416/5416
f 5418/5418 5368/5368 5420/5420
f 5368/5368 5369/5369 5420/5420
f 5420/5420 5369/5369 5421/5421
f 5421/5421 5369/5369 5423/5423
f 5423/5423 5369/5369 5424/5424
f 5369/5369 5370/5370 5424/5424
f 5371/5371 5372/5372 5427/5427
f 5372/5372 5374/5374 5427/5427
f 5427/5427 5374/5374 5428/5428
f 5430/5430 5373/5373 5431/5431
f 5373/5373 5376/5376 5431/5431
f 5376/5376 5379/5379 5431/5431
f 5431/5431 5379/5379 5432/5432
f 5434/5434 5380/5380 5435/5435
f 5380/5380 5383/5383 5435/5435
f 5383/5383 5389/5389 5435/5435
f 5389/5389 5392/5392 5435/5435
f 5392/5392 5393/5393 5435/5435
f 5435/5435 5393/5393 5436/5436
f 5393/5393 5395/5395 5436/5436
f 5436/5436 5395/5395 5437/5437
f 5437/5437 5395/5395 5439/5439
f 5395/5395 5396/5396 5439/5439
f 5439/5439 5396/5396 5440/5440
f 5396/5396 5398/5398 5440/5440
f 5440/5440 5398/5398 5441/5441
f 5398/5398 5400/5400 5441/5441
f 5441/5441 5400/5400 5442/5442
f 5400/5400 5402/5402 5442/5442
f 5401/5401 5404/5404 5444/5444
f 5404/5404 5406/5406 5444/5444
f 5406/5406 5408/5408 5444/5444
f 5444/5444 5408/5408 5445/5445
f 5407/5407 5411/5411 5447/5447
f 5447/5447 5411/5411 5448/5448
f 5411/5411 5414/5414 5448/5448
f 5414/5414 5415/5415 5448/5448
f 5448/5448 5415/5415 5451/5451
f 5451/5451 5415/5415 5452/5452
f 5415/5415 5417/5417 5452/5452
f 5417/5417 5419/5419 5452/5452
f 5420/5420 5421/5421 5453/5453
f 5453/5453 5421/5421 5454/5454
f 5421/5421 5423/5423 5454/5454
f 5454/5454 5423/5423 5457/5457
f 5422/5422 5425/5425 5456/5456
f 5426/5426 5429/5429 5455/5455
f 5458/5458 5430/5430 5460/5460
f 5430/5430 5431/5431 5460/5460
f 5431/5431 5432/5432 5460/5460
f 5460/5460 5432/5432 5461/5461
f 5462/5462 5433/5433 5464/5464
f 5434/5434 5435/5435 5463/5463
f 5435/5435 5436/5436 5463/5463
f 5436/5436 5437/5437 5463/5463
f 5437/5437 5439/5439 5463/5463
f 5464/5464 5438/5438 5466/5466
f 5439/5439 5440/5440 5465/5465
f 5440/5440 5441/5441 5465/5465
f 5441/5441 5442/5442 5465/5465
f 5443/5443 5446/5446 5466/5466
f 5466/5466 5446/5446 5468/5468
f 5447/5447 5448/5448 5467/5467
f 5448/5448 5451/5451 5467/5467
f 5468/5468 5449/5449 5470/5470
f 5450/5450 5453/5453 5469/5469
f 5453/5453 5454/5454 5469/5469
f 5454/5454 5457/5457 5469/5469
f 5457/5457 5459/5459 5469/5469
f 5471/5471 5460/5460 5472/5472
f 5460/5460 5461/5461 5472/5472
f 5462/5462 5464/5464 5473/5473
f 5464/5464 5466/5466 5473/5473
f 5466/5466 5468/5468 5473/5473
f 5475/5475 5478/5478 5480/5480
f 5479/5479 5476/5476 5483/5483
f 5477/5477 5474/5474 5482/5482
f 5474/5474 5481/5481 5482/5482
f 5484/5484 5486/5486 5488/5488
f 5488/5488 5486/5486 5490/5490
f 5490/5490 5486/5486 5492/5492
f 5492/5492 5486/5486 5494/5494
f 5494/5494 5486/5486 5496/5496
f 5496/5496 5486/5486 5498/5498
f 5498/5498 5486/5486 5500/5500
f 5500/5500 5486/5486 5501/5501
f 5501/5501 5486/5486 5504/5504
f 5486/5486 5484/5484 5504/5504
f 5485/5485 5487/5487 5503/5503
f 5487/5487 5489/5489 5503/5503
f 5489/5489 5491/5491 5503/5503
f 5491/5491 5493/5493 5503/5503
f 5493/5493 5495/5495 5503/5503
f 5495/5495 5497/5497 5503/5503
f 5497/5497 5499/5499 5503/5503
f 5499/5499 5502/5502 5503/5503
f 5505/5505 5508/5508 5510/5510
f 5510/5510 5508/5508 5511/5511
f 5512/5512 5507/5507 5513/5513
f 5515/5515 5517/5517 5518/5518
f 5521/5521 5516/5516 5522/5522
f 5516/5516 5513/5513 5522/5522
f 5513/5513 5507/5507 5522/5522
f 5507/5507 5506/5506 5522/5522
f 5506/5506 5509/5509 5522/5522
f 5510/5510 5511/5511 5523/5523
f 5523/5523 5511/5511 5525/5525
f 5512/5512 5513/5513 5524/5524
f 5514/5514 5519/5519 5526/5526
f 5527/5527 5528/5528 5530/5530
f 5530/5530 5528/5528 5532/5532
f 5532/5532 5528/5528 5533/5533
f 5533/5533 5528/5528 5535/5535
f 5535/5535 5528/5528 5536/5536
f 5528/5528 5527/5527 5536/5536
f 5538/5538 5537/5537 5539/5539
f 5536/5536 5527/5527 5540/5540
f 5540/5540 5527/5527 5542/5542
f 5542/5542 5527/5527 5543/5543
f 5543/5543 5527/5527 5544/5544
f 5527/5527 5530/5530 5544/5544
f 5529/5529 5531/5531 5545/5545
f 5545/5545 5531/5531 5546/5546
f 5532/5532 5533/5533 5547/5547
f 5550/5550 5547/5547 5553/5553
f 5547/5547 5533/5533 5553/5553
f 5553/5553 5533/5533 5554/5554
f 5533/5533 5535/5535 5554/5554
f 5555/5555 5534/5534 5556/5556
f 5534/5534 5537/5537 5556/5556
f 5537/5537 5538/5538 5556/5556
f 5556/5556 5538/5538 5557/5557
f 5557/5557 5538/5538 5558/5558
f 5538/5538 5539/5539 5558/5558
f 5539/5539 5541/5541 5558/5558
f 5558/5558 5541/5541 5559/5559
f 5542/5542 5543/5543 5560/5560
f 5560/5560 5543/5543 5562/5562
f 5562/5562 5543/5543 5563/5563
f 5543/5543 5544/5544 5563/5563
f 5545/5545 5546/5546 5565/5565
f 5546/5546 5548/5548 5565/5565
f 5565/5565 5548/5548 5566/5566
f 5567/5567 5549/5549 5568/5568
f 5549/5549 5551/5551 5568/5568
f 5569/5569 5552/5552 5570/5570
f 5552/5552 5555/5555 5570/5570
f 5571/5571 5570/5570 5572/5572
f 5570/5570 5555/5555 5572/5572
f 5555/5555 5556/5556 5572/5572
f 5572/5572 5556/5556 5573/5573
f 5556/5556 5557/5557 5573/5573
f 5578/5578 5580/5580 5582/5582
f 5582/5582 5580/5580 5583/5583
f 5580/5580 5587/5587 5583/5583
f 5583/5583 5587/5587 5588/5588
f 5588/5588 5587/5587 5589/5589
f 5587/5587 5574/5574 5589/5589
f 5573/5573 5557/5557 5590/5590
f 5590/5590 5557/5557 5592/5592
f 5592/5592 5557/5557 5593/5593
f 5557/5557 5558/5558 5593/5593
f 5593/5593 5558/5558 5594/5594
f 5558/5558 5559/5559 5594/5594
f 5594/5594 5559/5559 5595/5595
f 5560/5560 5562/5562 5596/5596
f 5596/5596 5562/5562 5600/5600
f 5600/5600 5562/5562 5602/5602
f 5561/5561 5564/5564 5601/5601
f 5565/5565 5566/5566 5604/5604
f 5604/5604 5566/5566 5605/5605
f 5606/5606 5567/5567 5607/5607
f 5567/5567 5568/5568 5607/5607
f 5569/5569 5570/5570 5608/5608
f 5608/5608 5570/5570 5610/5610
f 5570/5570 5571/5571 5610/5610
f 5610/5610 5571/5571 5612/5612
f 5614/5614 5612/5612 5615/5615
f 5612/5612 5571/5571 5615/5615
f 5571/5571 5572/5572 5615/5615
f 5615/5615 5572/5572 5616/5616
f 5572/5572 5573/5573 5616/5616
f 5573/5573 5584/5584 5616/5616
f 5619/5619 5617/5617 5621/5621
f 5617/5617 5585/5585 5621/5621
f 5586/5586 5579/5579 5620/5620
f 5579/5579 5575/5575 5620/5620
f 5623/5623 5576/5576 5625/5625
f 5628/5628 5630/5630 5632/5632
f 5630/5630 5625/5625 5632/5632
f 5632/5632 5625/5625 5634/5634
f 5625/5625 5576/5576 5634/5634
f 5640/5640 5635/5635 5639/5639
f 5633/5633 5577/5577 5638/5638
f 5578/5578 5582/5582 5637/5637
f 5636/5636 5581/5581 5643/5643
f 5642/5642 5582/5582 5645/5645
f 5582/5582 5583/5583 5645/5645
f 5645/5645 5583/5583 5647/5647
f 5583/5583 5588/5588 5647/5647
f 5588/5588 5589/5589 5647/5647
f 5589/5589 5591/5591 5647/5647
f 5647/5647 5591/5591 5648/5648
f 5650/5650 5592/5592 5651/5651
f 5592/5592 5593/5593 5651/5651
f 5593/5593 5594/5594 5651/5651
f 5651/5651 5594/5594 5652/5652
f 5594/5594 5595/5595 5652/5652
f 5652/5652 5595/5595 5653/5653
f 5595/5595 5597/5597 5653/5653
f 5655/5655 5598/5598 5656/5656
f 5658/5658 5599/5599 5659/5659
f 5599/5599 5603/5603 5659/5659
f 5604/5604 5605/5605 5660/5660
f 5660/5660 5605/5605 5661/5661
f 5606/5606 5607/5607 5663/5663
f 5663/5663 5607/5607 5665/5665
f 5608/5608 5610/5610 5664/5664
f 5609/5609 5611/5611 5666/5666
f 5611/5611 5613/5613 5666/5666
f 5666/5666 5613/5613 5667/5667
f 5667/5667 5613/5613 5668/5668
f 5669/5669 5614/5614 5670/5670
f 5614/5614 5615/5615 5670/5670
f 5615/5615 5616/5616 5670/5670
f 5616/5616 5618/5618 5670/5670
f 5670/5670 5618/5618 5674/5674
f 5619/5619 5621/5621 5673/5673
f 5622/5622 5624/5624 5672/5672
f 5625/5625 5630/5630 5671/5671
f 5674/5674 5629/5629 5675/5675
f 5675/5675 5629/5629 5676/5676
f 5629/5629 5626/5626 5676/5676
f 5677/5677 5678/5678 5679/5679
f 5678/5678 5676/5676 5679/5679
f 5676/5676 5626/5626 5679/5679
f 5679/5679 5626/5626 5680/5680
f 5681/5681 5627/5627 5683/5683
f 5627/5627 5631/5631 5683/5683
f 5631/5631 5635/5635 5683/5683
f 5635/5635 5640/5640 5683/5683
f 5683/5683 5640/5640 5686/5686
f 5641/5641 5644/5644 5685/5685
f 5644/5644 5646/5646 5685/5685
f 5647/5647 5648/5648 5684/5684
f 5687/5687 5649/5649 5688/5688
f 5689/5689 5650/5650 5690/5690
f 5650/5650 5651/5651 5690/5690
f 5651/5651 5652/5652 5690/5690
f 5692/5692 5690/5690 5693/5693
f 5690/5690 5652/5652 5693/5693
f 5652/5652 5653/5653 5693/5693
f 5694/5694 5654/5654 5695/5695
f 5654/5654 5657/5657 5695/5695
f 5658/5658 5659/5659 5696/5696
f 5696/5696 5659/5659 5697/5697
f 5660/5660 5661/5661 5698/5698
f 5698/5698 5661/5661 5699/5699
f 5662/5662 5666/5666 5700/5700
f 5666/5666 5667/5667 5700/5700
f 5702/5702 5700/5700 5703/5703
f 5700/5700 5667/5667 5703/5703
f 5667/5667 5668/5668 5703/5703
f 5703/5703 5668/5668 5704/5704
f 5669/5669 5670/5670 5705/5705
f 5705/5705 5670/5670 5706/5706
f 5670/5670 5674/5674 5706/5706
f 5674/5674 5675/5675 5706/5706
f 5706/5706 5675/5675 5707/5707
f 5707/5707 5675/5675 5708/5708
f 5675/5675 5676/5676 5708/5708
f 5676/5676 5678/5678 5708/5708
f 5708/5708 5678/5678 5709/5709
f 5709/5709 5678/5678 5710/5710
f 5678/5678 5677/5677 5710/5710
f 5710/5710 5677/5677 5711/5711
f 5713/5713 5715/5715 5716/5716
f 5715/5715 5711/5711 5716/5716
f 5716/5716 5711/5711 5717/5717
f 5711/5711 5677/5677 5717/5717
f 5717/5717 5677/5677 5718/5718
f 5677/5677 5679/5679 5718/5718
f 5679/5679 5680/5680 5718/5718
f 5718/5718 5680/5680 5721/5721
f 5681/5681 5683/5683 5720/5720
f 5682/5682 5687/5687 5719/5719
f 5687/5687 5688/5688 5719/5719
f 5721/5721 5689/5689 5722/5722
f 5689/5689 5690/5690 5722/5722
f 5690/5690 5692/5692 5722/5722
f 5723/5723 5691/5691 5725/5725
f 5725/5725 5691/5691 5726/5726
f 5691/5691 5694/5694 5726/5726
f 5694/5694 5695/5695 5726/5726
f 5696/5696 5697/5697 5727/5727
f 5727/5727 5697/5697 5728/5728
f 5698/5698 5699/5699 5729/5729
f 5699/5699 5701/5701 5729/5729
f 5729/5729 5701/5701 5730/5730
f 5702/5702 5703/5703 5732/5732
f 5732/5732 5703/5703 5733/5733
f 5703/5703 5704/5704 5733/5733
f 5735/5735 5705/5705 5736/5736
f 5705/5705 5706/5706 5736/5736
f 5706/5706 5707/5707 5736/5736
f 5736/5736 5707/5707 5737/5737
f 5737/5737 5707/5707 5738/5738
f 5707/5707 5708/5708 5738/5738
f 5708/5708 5709/5709 5738/5738
f 5738/5738 5709/5709 5741/5741
f 5741/5741 5709/5709 5742/5742
f 5709/5709 5710/5710 5742/5742
f 5710/5710 5711/5711 5742/5742
f 5711/5711 5715/5715 5742/5742
f 5745/5745 5743/5743 5747/5747
f 5743/5743 5714/5714 5747/5747
f 5747/5747 5714/5714 5749/5749
f 5714/5714 5712/5712 5749/5749
f 5749/5749 5712/5712 5750/5750
f 5713/5713 5716/5716 5751/5751
f 5751/5751 5716/5716 5752/5752
f 5716/5716 5717/5717 5752/5752
f 5752/5752 5717/5717 5753/5753
f 5717/5717 5718/5718 5753/5753
f 5718/5718 5721/5721 5753/5753
f 5753/5753 5721/5721 5754/5754
f 5721/5721 5722/5722 5754/5754
f 5722/5722 5724/5724 5754/5754
f 5754/5754 5724/5724 5755/5755
f 5756/5756 5725/5725 5757/5757
f 5725/5725 5726/5726 5757/5757
f 5727/5727 5728/5728 5758/5758
f 5758/5758 5728/5728 5759/5759
f 5729/5729 5730/5730 5761/5761
f 5761/5761 5730/5730 5762/5762
f 5731/5731 5734/5734 5763/5763
f 5763/5763 5734/5734 5764/5764
f 5735/5735 5736/5736 5765/5765
f 5736/5736 5737/5737 5765/5765
f 5765/5765 5737/5737 5767/5767
f 5767/5767 5737/5737 5768/5768
f 5737/5737 5738/5738 5768/5768
f 5738/5738 5741/5741 5768/5768
f 5769/5769 5739/5739 5771/5771
f 5740/5740 5743/5743 5770/5770
f 5743/5743 5745/5745 5770/5770
f 5744/5744 5746/5746 5772/5772
f 5772/5772 5746/5746 5773/5773
f 5746/5746 5748/5748 5773/5773
f 5749/5749 5750/5750 5774/5774
f 5774/5774 5750/5750 5775/5775
f 5751/5751 5752/5752 5776/5776
f 5776/5776 5752/5752 5778/5778
f 5752/5752 5753/5753 5778/5778
f 5778/5778 5753/5753 5779/5779
f 5753/5753 5754/5754 5779/5779
f 5754/5754 5755/5755 5779/5779
f 5780/5780 5756/5756 5782/5782
f 5756/5756 5757/5757 5782/5782
f 5757/5757 5760/5760 5782/5782
f 5782/5782 5760/5760 5783/5783
f 5761/5761 5762/5762 5786/5786
f 5786/5786 5762/5762 5787/5787
f 5763/5763 5764/5764 5788/5788
f 5764/5764 5766/5766 5788/5788
f 5766/5766 5769/5769 5788/5788
f 5788/5788 5769/5769 5789/5789
f 5769/5769 5771/5771 5789/5789
f 5790/5790 5772/5772 5791/5791
f 5772/5772 5773/5773 5791/5791
f 5774/5774 5775/5775 5792/5792
f 5792/5792 5775/5775 5796/5796
f 5776/5776 5778/5778 5795/5795
f 5777/5777 5780/5780 5794/5794
f 5780/5780 5782/5782 5794/5794
f 5781/5781 5784/5784 5793/5793
f 5797/5797 5785/5785 5798/5798
f 5786/5786 5787/5787 5800/5800
f 5787/5787 5790/5790 5800/5800
f 5790/5790 5791/5791 5800/5800
f 5796/5796 5799/5799 5792/5792
f 5523/5523 5525/5525 5520/5520
f 5470/5470 5473/5473 5468/5468
f 5250/5250 5253/5253 5249/5249
f 5135/5135 5140/5140 5132/5132
f 5076/5076 5077/5077 5072/5072
f 4845/4845 4846/4846 4839/4839
f 4571/4571 4575/4575 4568/4568
f 4447/4447 4450/4450 4444/4444
f 4251/4251 4258/4258 4245/4245
f 4230/4230 4234/4234 4225/4225
f 4216/4216 4217/4217 4213/4213
f 3923/3923 3926/3926 3921/3921
f 3842/3842 3847/3847 3838/3838
f 3783/3783 3786/3786 3781/3781
f 3731/3731 3734/3734 3729/3729
f 3409/3409 3413/3413 3405/3405
f 3328/3328 3334/3334 3323/3323
f 3254/3254 3256/3256 3253/3253
f 3241/3241 3244/3244 3235/3235
f 3109/3109 3111/3111 3105/3105
f 2969/2969 2971/2971 2965/2965
f 2863/2863 2864/2864 2860/2860
f 2809/2809 2811/2811 2805/2805
f 2712/2712 2715/2715 2701/2701
f 2347/2347 2350/2350 2346/2346
f 2103/2103 2106/2106 2100/2100
f 1963/1963 1965/1965 1961/1961
f 1300/1300 1303/1303 1271/1271
f 1049/1049 1050/1050 1048/1048
f 835/835 838/838 833/833
f 698/698 708/708 696/696
f 651/651 653/653 649/649
f 549/549 557/557 545/545
f 430/430 434/434 423/423
f 290/290 299/299 287/287
f 130/130 134/134 129/129

