# https://github.com/mikedh/trimesh
mtllib material.mtl

o Slateblue Sackbearer Mesh
usemtl Slateblue Sackbearer Material
v 0.22363281 0.16308594 -0.14746094
v 0.22363281 0.16308594 -0.14746094
v 0.22363281 0.16308594 -0.14746094
v 0.22753906 0.15722656 -0.14355469
v 0.22753906 0.15722656 -0.14355469
v 0.22753906 0.15722656 -0.14355469
v 0.22363281 0.14941406 -0.15722656
v 0.22363281 0.14941406 -0.15722656
v 0.22363281 0.14941406 -0.15722656
v 0.22363281 0.14941406 -0.15722656
v 0.22363281 0.14941406 -0.15722656
v 0.23144531 0.14941406 -0.14355469
v 0.23144531 0.14941406 -0.14355469
v 0.23144531 0.14160156 -0.14746094
v 0.23144531 0.14160156 -0.14746094
v 0.23144531 0.14160156 -0.14746094
v 0.22949219 0.13574219 -0.15136719
v 0.22949219 0.13574219 -0.15136719
v 0.22558594 0.13378906 -0.15722656
v 0.22558594 0.13378906 -0.15722656
v 0.21972656 0.13574219 -0.16308594
v 0.21972656 0.13574219 -0.16308594
v 0.21386719 0.13964844 -0.16699219
v 0.21386719 0.13964844 -0.16699219
v 0.21386719 0.13964844 -0.16699219
v 0.20996094 0.14746094 -0.16699219
v 0.20996094 0.14746094 -0.16699219
v 0.20996094 0.15722656 -0.16503906
v 0.20996094 0.15722656 -0.16503906
v 0.20996094 0.15722656 -0.16503906
v 0.21191406 0.16113281 -0.15917969
v 0.21191406 0.16113281 -0.15917969
v 0.21191406 0.16113281 -0.15917969
v 0.21777344 0.16308594 -0.15332031
v 0.21777344 0.16308594 -0.15332031
v 0.21777344 0.16308594 -0.15332031
v 0.23144531 0.14941406 0.06152344
v 0.23144531 0.14941406 0.06152344
v 0.23144531 0.14160156 0.06542969
v 0.23144531 0.14160156 0.06542969
v 0.23144531 0.14160156 0.06542969
v 0.22753906 0.15722656 0.06347656
v 0.22753906 0.15722656 0.06347656
v 0.22753906 0.15722656 0.06347656
v 0.22949219 0.13769531 0.06933594
v 0.22949219 0.13769531 0.06933594
v 0.22558594 0.13378906 0.07714844
v 0.22558594 0.13378906 0.07714844
v 0.21972656 0.13574219 0.08105469
v 0.21972656 0.13574219 0.08105469
v 0.22363281 0.14941406 0.07519531
v 0.22363281 0.14941406 0.07519531
v 0.22363281 0.16308594 0.06542969
v 0.22363281 0.16308594 0.06542969
v 0.21777344 0.16503906 0.07128906
v 0.21777344 0.16503906 0.07128906
v 0.21386719 0.16308594 0.07714844
v 0.21386719 0.16308594 0.07714844
v 0.20996094 0.15722656 0.08300781
v 0.20996094 0.15722656 0.08300781
v 0.21191406 0.14941406 0.08496094
v 0.21191406 0.14941406 0.08496094
v 0.21386719 0.14160156 0.08496094
v 0.21386719 0.14160156 0.08496094
v 0.26855469 0.08886719 -0.04003906
v 0.27636719 0.08300782 -0.04003906
v 0.27636719 0.08300782 -0.04003906
v 0.26660156 0.08886719 -0.04980468
v 0.27246094 0.08300782 -0.05566406
v 0.27246094 0.08300782 -0.05566406
v 0.27246094 0.08300782 -0.05566406
v 0.27636719 0.06347657 -0.05761718
v 0.27636719 0.06347657 -0.05761718
v 0.27636719 0.06347657 -0.05761718
v 0.28027344 0.06347657 -0.04003906
v 0.28027344 0.06347657 -0.04003906
v 0.27636719 0.06347657 -0.02441406
v 0.27636719 0.06347657 -0.02441406
v 0.27636719 0.06347657 -0.02441406
v 0.27246094 0.08300782 -0.02636719
v 0.27246094 0.08300782 -0.02636719
v 0.27246094 0.08300782 -0.02636719
v 0.26660156 0.08886719 -0.03222656
v 0.25878906 0.09472657 -0.04003906
v 0.25878906 0.09277344 -0.05566406
v 0.26074219 0.08496094 -0.06738281
v 0.26074219 0.08496094 -0.06738281
v 0.26074219 0.08496094 -0.06738281
v 0.24121094 0.09667969 -0.05957031
v 0.24316406 0.08691407 -0.07519531
v 0.24316406 0.08691407 -0.07519531
v 0.26464844 0.06347657 -0.07324219
v 0.26464844 0.06347657 -0.07324219
v 0.26464844 0.06347657 -0.07324219
v 0.26464844 0.06347657 -0.00878906
v 0.26464844 0.06347657 -0.00878906
v 0.26074219 0.08496094 -0.01464843
v 0.25878906 0.09277344 -0.02636719
v 0.25878906 0.09277344 -0.02636719
v 0.24121094 0.10058594 -0.04003906
v 0.22167969 0.10058594 -0.04003906
v 0.22167969 0.09667969 -0.06347656
v 0.14746094 0.04589844 -0.05566406
v 0.14746094 0.04589844 -0.05566406
v 0.15136719 0.06542969 -0.05957031
v 0.15527344 0.05761719 -0.07324219
v 0.15527344 0.05761719 -0.07324219
v 0.17285156 0.07128907 -0.08105469
v 0.17285156 0.07128907 -0.08105469
v 0.17089844 0.08105469 -0.06347656
v 0.19824219 0.08300782 -0.08300781
v 0.19824219 0.08300782 -0.08300781
v 0.19824219 0.08300782 -0.08300781
v 0.19628906 0.09277344 -0.06347656
v 0.19628906 0.09277344 -0.06347656
v 0.22363281 0.08691407 -0.08105469
v 0.22363281 0.08691407 -0.08105469
v 0.22753906 0.06542969 -0.08886719
v 0.22753906 0.06542969 -0.08886719
v 0.24707031 0.06542969 -0.08300781
v 0.24707031 0.06542969 -0.08300781
v 0.24707031 0.06542969 0.00097657
v 0.24707031 0.06542969 0.00097657
v 0.24316406 0.08691407 -0.00683593
v 0.24121094 0.09667969 -0.02246094
v 0.24121094 0.09667969 -0.02246094
v 0.22167969 0.09667969 -0.01855469
v 0.19628906 0.09277344 -0.01855469
v 0.19628906 0.09277344 -0.01855469
v 0.19433594 0.09667969 -0.04003906
v 0.19433594 0.09667969 -0.04003906
v 0.19433594 0.09667969 -0.04003906
v 0.16894531 0.08300782 -0.04003906
v 0.16894531 0.08300782 -0.04003906
v 0.15136719 0.06738282 -0.04003906
v 0.15136719 0.06738282 -0.04003906
v 0.14550781 0.04199219 -0.04003906
v 0.14550781 0.04199219 -0.04003906
v 0.14550781 0.04199219 -0.04003906
v 0.14550781 0.04199219 -0.04003906
v 0.14746094 0.04589844 -0.02441406
v 0.14746094 0.04589844 -0.02441406
v 0.14746094 0.04589844 -0.02441406
v 0.14746094 0.04589844 -0.02441406
v 0.16308594 0.03808594 -0.00292968
v 0.16308594 0.03808594 -0.00292968
v 0.16308594 0.03808594 -0.00292968
v 0.15527344 0.02832032 -0.02246094
v 0.15527344 0.02832032 -0.02246094
v 0.15527344 0.02832032 -0.02246094
v 0.15332031 0.02636719 -0.04003906
v 0.15332031 0.02636719 -0.04003906
v 0.15332031 0.02636719 -0.04003906
v 0.15527344 0.02832032 -0.05761718
v 0.15527344 0.02832032 -0.05761718
v 0.16503906 0.03613282 -0.07714844
v 0.16503906 0.03613282 -0.07714844
v 0.18066406 0.04980469 -0.08886719
v 0.18066406 0.04980469 -0.08886719
v 0.18066406 0.04980469 -0.08886719
v 0.18066406 0.04980469 -0.08886719
v 0.20410156 0.05957032 -0.09082031
v 0.20410156 0.05957032 -0.09082031
v 0.22753906 0.06542969 0.00683594
v 0.22753906 0.06542969 0.00683594
v 0.22363281 0.08691407 -0.00097656
v 0.22363281 0.08691407 -0.00097656
v 0.19824219 0.08300782 0.00097657
v 0.19824219 0.08300782 0.00097657
v 0.19824219 0.08300782 0.00097657
v 0.17089844 0.08105469 -0.01855469
v 0.17089844 0.08105469 -0.01855469
v 0.15136719 0.06542969 -0.02246094
v 0.15136719 0.06542969 -0.02246094
v 0.15527344 0.05761719 -0.00878906
v 0.15527344 0.05761719 -0.00878906
v 0.18066406 0.04980469 0.00683594
v 0.18066406 0.04980469 0.00683594
v 0.18066406 0.04980469 0.00683594
v 0.20410156 0.06152344 0.00878907
v 0.20410156 0.06152344 0.00878907
v 0.20410156 0.06152344 0.00878907
v 0.17285156 0.07128907 -0.00097656
v 0.23535156 0.05371094 0.17871094
v 0.23339844 0.06152344 0.17285156
v 0.23339844 0.06152344 0.17285156
v 0.23339844 0.06152344 0.17285156
v 0.23339844 0.06152344 0.17285156
v 0.23339844 0.06152344 0.17285156
v 0.23730469 0.05957032 0.17480469
v 0.23730469 0.05957032 0.17480469
v 0.23730469 0.05957032 0.17480469
v 0.23730469 0.05957032 0.17480469
v 0.23925781 0.06738282 0.17675781
v 0.23925781 0.06738282 0.17675781
v 0.23925781 0.06738282 0.17675781
v 0.24121094 0.06738282 0.17675781
v 0.24121094 0.06738282 0.17675781
v 0.24121094 0.06738282 0.17675781
v 0.24121094 0.06738282 0.17675781
v 0.23730469 0.07128907 0.17285156
v 0.23730469 0.07128907 0.17285156
v 0.23730469 0.07128907 0.17285156
v 0.23730469 0.07128907 0.17285156
v 0.22558594 0.06347657 0.17871094
v 0.22558594 0.06347657 0.17871094
v 0.22558594 0.06347657 0.17871094
v 0.22558594 0.06347657 0.17871094
v 0.23144531 0.05175782 0.17675781
v 0.23144531 0.05175782 0.17675781
v 0.23144531 0.05175782 0.17675781
v 0.23535156 0.04785157 0.18652344
v 0.23535156 0.04785157 0.18652344
v 0.23535156 0.04785157 0.18652344
v 0.23535156 0.04785157 0.18652344
v 0.23535156 0.04785157 0.18652344
v 0.24316406 0.07324219 0.18457031
v 0.24316406 0.07324219 0.18457031
v 0.24316406 0.07324219 0.18457031
v 0.24316406 0.07324219 0.18457031
v 0.24316406 0.07324219 0.18457031
v 0.24707031 0.07519532 0.19628906
v 0.24707031 0.07519532 0.19628906
v 0.24707031 0.07519532 0.19628906
v 0.24121094 0.07910157 0.18261719
v 0.24121094 0.07910157 0.18261719
v 0.24121094 0.07910157 0.18261719
v 0.24121094 0.07910157 0.18261719
v 0.23339844 0.07714844 0.18652344
v 0.23339844 0.07714844 0.18652344
v 0.23339844 0.07714844 0.18652344
v 0.22949219 0.07128907 0.17871094
v 0.22949219 0.07128907 0.17871094
v 0.22949219 0.07128907 0.17871094
v 0.22363281 0.07519532 0.17675781
v 0.22363281 0.07519532 0.17675781
v 0.21777344 0.06542969 0.17675781
v 0.21777344 0.06542969 0.17675781
v 0.21777344 0.06542969 0.17675781
v 0.21777344 0.06542969 0.17675781
v 0.22363281 0.05566407 0.18261719
v 0.22363281 0.05566407 0.18261719
v 0.22363281 0.05566407 0.18261719
v 0.22363281 0.05566407 0.18261719
v 0.22949219 0.04589844 0.18652344
v 0.22949219 0.04589844 0.18652344
v 0.23535156 0.04589844 0.19628906
v 0.23535156 0.04589844 0.19628906
v 0.23535156 0.04589844 0.19628906
v 0.23535156 0.04589844 0.19433594
v 0.23535156 0.04589844 0.19433594
v 0.23535156 0.04589844 0.19433594
v 0.23535156 0.04589844 0.19433594
v 0.23925781 0.04785157 0.20410156
v 0.23925781 0.04785157 0.20410156
v 0.23925781 0.04785157 0.20410156
v 0.24707031 0.07324219 0.20605469
v 0.24707031 0.07324219 0.20605469
v 0.24121094 0.05175782 0.21191406
v 0.24121094 0.05175782 0.21191406
v 0.24707031 0.06738282 0.21386719
v 0.24707031 0.06738282 0.21386719
v 0.24707031 0.06738282 0.21386719
v 0.24902344 0.07324219 0.20605469
v 0.24902344 0.07324219 0.20605469
v 0.24316406 0.08300782 0.19628906
v 0.24316406 0.08300782 0.19628906
v 0.23535156 0.08300782 0.19824219
v 0.23535156 0.08300782 0.19824219
v 0.23535156 0.08300782 0.19824219
v 0.22753906 0.08496094 0.18457031
v 0.22753906 0.08496094 0.18457031
v 0.22753906 0.08496094 0.18457031
v 0.22753906 0.08496094 0.18457031
v 0.22753906 0.08496094 0.18457031
v 0.22167969 0.08300782 0.18847656
v 0.22167969 0.08300782 0.18847656
v 0.22167969 0.08300782 0.18847656
v 0.21972656 0.08300782 0.18847656
v 0.21972656 0.08300782 0.18847656
v 0.21972656 0.08300782 0.18847656
v 0.21972656 0.08300782 0.18847656
v 0.21777344 0.07519532 0.18261719
v 0.21777344 0.07519532 0.18261719
v 0.21582031 0.06738282 0.18261719
v 0.21191406 0.05957032 0.18847656
v 0.21386719 0.05761719 0.18261719
v 0.21386719 0.05761719 0.18261719
v 0.21386719 0.05761719 0.18261719
v 0.22167969 0.05175782 0.19042969
v 0.22167969 0.05175782 0.19042969
v 0.22949219 0.04199219 0.19824219
v 0.22949219 0.04199219 0.19824219
v 0.22949219 0.04199219 0.19824219
v 0.23730469 0.04785157 0.20410156
v 0.23730469 0.04785157 0.20410156
v 0.23730469 0.04785157 0.20410156
v 0.23730469 0.04785157 0.20410156
v 0.23730469 0.04785157 0.20410156
v 0.24121094 0.05175782 0.21386719
v 0.24121094 0.05175782 0.21386719
v 0.24121094 0.05175782 0.21386719
v 0.24511719 0.05957032 0.21582031
v 0.24511719 0.05957032 0.21582031
v 0.24511719 0.05957032 0.21582031
v 0.24316406 0.07324219 0.22363281
v 0.24316406 0.07324219 0.22363281
v 0.24511719 0.08105469 0.21191406
v 0.24511719 0.08105469 0.21191406
v 0.24511719 0.08105469 0.21191406
v 0.23535156 0.08105469 0.20996094
v 0.23535156 0.08105469 0.20996094
v 0.23535156 0.08105469 0.20996094
v 0.22949219 0.08886719 0.21582031
v 0.22949219 0.08886719 0.21582031
v 0.22949219 0.08886719 0.21582031
v 0.23144531 0.09082032 0.20019531
v 0.23144531 0.09082032 0.20019531
v 0.22167969 0.08886719 0.20019531
v 0.22167969 0.08886719 0.20019531
v 0.22167969 0.08886719 0.20019531
v 0.22167969 0.08886719 0.20019531
v 0.22167969 0.08886719 0.20019531
v 0.22167969 0.08691407 0.20019531
v 0.22167969 0.08691407 0.20019531
v 0.20800781 0.05566407 0.19433594
v 0.20800781 0.05566407 0.19433594
v 0.20800781 0.05566407 0.19433594
v 0.20996094 0.04980469 0.19042969
v 0.20996094 0.04980469 0.19042969
v 0.20996094 0.04980469 0.19042969
v 0.21972656 0.04785157 0.20019531
v 0.21972656 0.04785157 0.20019531
v 0.21972656 0.04785157 0.20019531
v 0.23144531 0.04394532 0.21191406
v 0.23144531 0.04394532 0.21191406
v 0.23144531 0.04394532 0.21191406
v 0.23535156 0.05175782 0.22167969
v 0.23535156 0.05175782 0.22167969
v 0.23535156 0.05175782 0.22167969
v 0.24121094 0.06152344 0.22558594
v 0.24121094 0.06152344 0.22558594
v 0.24121094 0.06152344 0.22558594
v 0.23339844 0.07324219 0.21972656
v 0.23339844 0.07324219 0.21972656
v 0.23339844 0.07324219 0.21972656
v 0.22753906 0.08105469 0.22753906
v 0.22753906 0.08105469 0.22753906
v 0.22753906 0.08105469 0.22753906
v 0.21777344 0.08105469 0.22167969
v 0.21777344 0.08105469 0.22167969
v 0.21777344 0.08105469 0.21972656
v 0.21777344 0.08105469 0.21972656
v 0.21972656 0.08691407 0.21191406
v 0.21972656 0.08691407 0.21191406
v 0.21972656 0.08691407 0.21191406
v 0.21972656 0.08691407 0.21191406
v 0.21972656 0.08691407 0.21191406
v 0.21972656 0.08691407 0.21191406
v 0.21972656 0.08691407 0.21191406
v 0.20800781 0.05566407 0.21386719
v 0.20800781 0.05566407 0.21386719
v 0.20605469 0.05371094 0.20214844
v 0.20605469 0.05371094 0.20214844
v 0.20605469 0.05371094 0.20214844
v 0.20605469 0.05371094 0.20214844
v 0.20996094 0.04785157 0.20214844
v 0.20996094 0.04785157 0.20214844
v 0.20996094 0.04785157 0.20214844
v 0.20996094 0.04785157 0.20214844
v 0.22167969 0.04980469 0.21191406
v 0.22167969 0.04980469 0.21191406
v 0.22167969 0.04980469 0.21191406
v 0.22558594 0.05566407 0.21972656
v 0.22558594 0.05566407 0.21972656
v 0.22558594 0.05566407 0.21972656
v 0.22949219 0.06542969 0.22167969
v 0.22949219 0.06542969 0.22167969
v 0.22949219 0.06542969 0.22167969
v 0.22167969 0.06933594 0.23144531
v 0.22167969 0.06933594 0.23144531
v 0.22167969 0.06933594 0.23144531
v 0.21386719 0.07128907 0.22363281
v 0.21386719 0.07128907 0.22363281
v 0.20996094 0.06347657 0.21972656
v 0.20996094 0.06347657 0.21972656
v 0.20800781 0.05371094 0.21386719
v 0.20800781 0.05371094 0.21386719
v 0.21191406 0.04785157 0.21582031
v 0.21191406 0.04785157 0.21582031
v 0.21191406 0.04785157 0.21582031
v 0.21582031 0.05761719 0.22753906
v 0.21582031 0.05761719 0.22753906
v 0.21582031 0.05761719 0.22753906
v 0.20996094 0.06152344 0.22167969
v 0.20996094 0.06152344 0.22167969
v 0.28417969 0.06738282 0.15722656
v 0.29003906 0.07714844 0.17285156
v 0.25683594 0.07128907 0.17285156
v 0.25683594 0.07128907 0.17285156
v 0.26074219 0.07519532 0.18066406
v 0.26074219 0.07519532 0.18066406
v 0.24121094 0.07128907 0.19042969
v 0.24121094 0.07128907 0.19042969
v 0.24121094 0.07128907 0.19042969
v 0.23730469 0.06738282 0.18652344
v 0.23730469 0.06738282 0.18652344
v 0.23730469 0.06738282 0.18652344
v 0.23925781 0.06933594 0.19042969
v 0.23925781 0.06933594 0.19042969
v 0.24121094 0.06933594 0.19238281
v 0.24121094 0.06933594 0.19238281
v 0.24121094 0.06933594 0.19238281
v 0.24121094 0.06933594 0.19238281
v 0.26074219 0.07714844 0.18847656
v 0.26074219 0.07714844 0.18847656
v 0.25878906 0.07519532 0.19433594
v 0.25878906 0.07519532 0.19433594
v 0.24121094 0.06933594 0.19628906
v 0.24121094 0.06933594 0.19628906
v 0.24121094 0.06933594 0.19628906
v 0.25683594 0.07128907 0.19824219
v 0.25683594 0.07128907 0.19824219
v 0.25683594 0.06347657 0.20019531
v 0.25683594 0.06347657 0.20019531
v 0.28027344 0.05957032 0.20019531
v 0.28027344 0.05957032 0.20019531
v 0.28417969 0.06933594 0.19824219
v 0.28417969 0.06933594 0.19824219
v 0.28613281 0.07910157 0.19433594
v 0.28613281 0.07910157 0.19433594
v 0.28808594 0.08105469 0.18457031
v 0.28808594 0.08105469 0.18457031
v 0.32519531 0.07910157 0.18261719
v 0.32519531 0.07910157 0.18261719
v 0.32714844 0.07128907 0.16699219
v 0.32324219 0.05566407 0.14550781
v 0.31347656 0.02832032 0.12792969
v 0.31347656 0.02832032 0.12792969
v 0.31347656 0.02832032 0.12792969
v 0.31347656 0.02832032 0.12792969
v 0.27636719 0.04785157 0.14355469
v 0.27636719 0.04785157 0.14355469
v 0.25097656 0.05957032 0.16503906
v 0.25097656 0.05957032 0.16503906
v 0.23535156 0.06152344 0.18652344
v 0.23535156 0.06152344 0.18652344
v 0.23535156 0.06152344 0.18652344
v 0.23535156 0.06152344 0.18652344
v 0.23925781 0.06347657 0.19824219
v 0.23925781 0.06347657 0.19824219
v 0.23925781 0.06347657 0.19824219
v 0.23925781 0.06347657 0.20019531
v 0.23925781 0.06347657 0.20019531
v 0.23925781 0.06152344 0.20214844
v 0.23925781 0.06152344 0.20214844
v 0.25683594 0.06347657 0.20605469
v 0.25683594 0.06347657 0.20605469
v 0.28027344 0.05761719 0.20605469
v 0.28027344 0.05761719 0.20605469
v 0.30957031 0.04980469 0.20605469
v 0.30957031 0.04980469 0.20605469
v 0.31152344 0.05371094 0.19824219
v 0.31152344 0.05371094 0.19824219
v 0.31542969 0.06738282 0.19628906
v 0.32128906 0.07519532 0.19238281
v 0.32128906 0.07519532 0.19238281
v 0.36035156 0.06933594 0.19238281
v 0.36035156 0.06933594 0.19238281
v 0.36035156 0.06933594 0.19238281
v 0.36035156 0.06933594 0.19238281
v 0.36035156 0.06933594 0.19238281
v 0.36425781 0.06933594 0.18261719
v 0.36425781 0.06933594 0.18261719
v 0.36425781 0.06933594 0.18261719
v 0.36425781 0.06933594 0.18261719
v 0.36816406 0.05957032 0.16503906
v 0.36816406 0.05957032 0.16503906
v 0.36621094 0.03808594 0.13769531
v 0.36621094 0.03808594 0.13769531
v 0.36621094 0.03808594 0.13769531
v 0.35644531 0.00683594 0.11425782
v 0.35644531 0.00683594 0.11425782
v 0.35644531 0.00683594 0.11425782
v 0.30175781 0.00488282 0.12402344
v 0.30175781 0.00488282 0.12402344
v 0.26855469 0.02832032 0.14160156
v 0.26855469 0.02832032 0.14160156
v 0.24511719 0.04785157 0.16503906
v 0.24511719 0.04785157 0.16503906
v 0.24511719 0.04785157 0.16503906
v 0.23535156 0.05566407 0.18847656
v 0.23535156 0.05566407 0.18847656
v 0.23339844 0.05371094 0.19238281
v 0.23339844 0.05371094 0.19238281
v 0.23535156 0.05371094 0.19628906
v 0.23535156 0.05371094 0.19628906
v 0.23535156 0.05371094 0.19628906
v 0.23535156 0.05371094 0.19628906
v 0.23535156 0.05371094 0.19628906
v 0.23535156 0.05371094 0.20214844
v 0.23535156 0.05371094 0.20214844
v 0.23535156 0.05371094 0.20214844
v 0.23535156 0.05371094 0.20019531
v 0.23535156 0.05371094 0.20019531
v 0.23730469 0.05761719 0.20214844
v 0.23535156 0.05371094 0.19824219
v 0.23535156 0.05371094 0.19824219
v 0.23535156 0.05371094 0.19824219
v 0.23730469 0.05957032 0.20214844
v 0.25292969 0.05761719 0.21386719
v 0.25488281 0.06152344 0.21191406
v 0.25488281 0.06152344 0.21191406
v 0.25683594 0.06347657 0.20996094
v 0.25683594 0.06347657 0.20996094
v 0.28027344 0.06152344 0.21386719
v 0.28027344 0.06152344 0.21386719
v 0.31152344 0.05957032 0.22167969
v 0.31152344 0.05957032 0.22167969
v 0.34667969 0.05175782 0.23144531
v 0.34667969 0.05175782 0.23144531
v 0.34667969 0.05175782 0.23144531
v 0.34667969 0.05175782 0.23144531
v 0.34667969 0.05175782 0.23144531
v 0.34667969 0.05175782 0.23144531
v 0.34667969 0.04199219 0.20800781
v 0.34667969 0.04199219 0.20800781
v 0.34667969 0.04199219 0.20800781
v 0.34667969 0.04199219 0.20800781
v 0.34667969 0.04394532 0.19433594
v 0.34667969 0.04394532 0.19433594
v 0.34667969 0.04394532 0.19433594
v 0.35449219 0.05957032 0.19238281
v 0.35449219 0.05957032 0.19238281
v 0.35449219 0.05957032 0.19628906
v 0.35449219 0.05957032 0.19628906
v 0.35449219 0.05957032 0.19628906
v 0.36035156 0.07128907 0.19433594
v 0.36035156 0.07128907 0.19433594
v 0.36035156 0.07128907 0.19433594
v 0.36621094 0.07324219 0.18261719
v 0.36621094 0.07324219 0.18261719
v 0.36621094 0.07324219 0.18261719
v 0.37011719 0.06347657 0.16308594
v 0.37011719 0.06347657 0.16308594
v 0.37011719 0.06347657 0.16308594
v 0.36621094 0.04199219 0.13574219
v 0.36621094 0.04199219 0.13574219
v 0.36621094 0.04199219 0.13574219
v 0.36621094 0.04199219 0.13574219
v 0.35644531 0.00878907 0.11035157
v 0.35644531 0.00878907 0.11035157
v 0.34472656 -0.02050781 0.10644531
v 0.34472656 -0.02050781 0.10644531
v 0.34472656 -0.02050781 0.10644531
v 0.34667969 -0.02050781 0.11035157
v 0.34667969 -0.02050781 0.11035157
v 0.33496094 -0.04199218 0.12402344
v 0.33496094 -0.04199218 0.12402344
v 0.33496094 -0.04199218 0.12402344
v 0.29589844 -0.01464843 0.13574219
v 0.29589844 -0.01464843 0.13574219
v 0.29589844 -0.01464843 0.13574219
v 0.29589844 -0.01464843 0.13574219
v 0.26269531 0.01074219 0.15136719
v 0.26269531 0.01074219 0.15136719
v 0.24121094 0.03613282 0.17089844
v 0.24121094 0.03613282 0.17089844
v 0.24121094 0.03027344 0.18066406
v 0.24316406 0.03027344 0.19042969
v 0.24316406 0.03027344 0.19042969
v 0.24316406 0.03027344 0.19042969
v 0.24316406 0.03027344 0.19042969
v 0.24511719 0.03613282 0.19628906
v 0.24511719 0.03613282 0.19628906
v 0.24707031 0.04199219 0.19824219
v 0.24707031 0.04199219 0.19824219
v 0.24707031 0.04199219 0.19824219
v 0.24902344 0.04394532 0.20214844
v 0.24902344 0.04589844 0.20996094
v 0.24902344 0.04589844 0.20996094
v 0.25097656 0.05175782 0.21386719
v 0.25097656 0.05175782 0.21386719
v 0.25097656 0.05175782 0.21386719
v 0.27050781 0.04394532 0.22558594
v 0.27050781 0.04394532 0.22558594
v 0.27050781 0.04394532 0.22558594
v 0.27246094 0.05371094 0.22753906
v 0.27246094 0.05371094 0.22753906
v 0.27636719 0.06152344 0.22558594
v 0.27636719 0.06152344 0.22558594
v 0.28027344 0.06542969 0.22167969
v 0.28027344 0.06542969 0.22167969
v 0.30957031 0.06347657 0.23535156
v 0.30957031 0.06347657 0.23535156
v 0.34472656 0.05761719 0.24902344
v 0.34472656 0.05761719 0.24902344
v 0.34472656 0.05761719 0.24902344
v 0.34472656 0.05761719 0.24902344
v 0.34472656 0.06152344 0.24902344
v 0.34472656 0.06152344 0.24902344
v 0.34472656 0.06152344 0.24902344
v 0.34863281 0.05566407 0.22949219
v 0.34863281 0.05566407 0.22949219
v 0.34863281 0.05566407 0.22949219
v 0.34667969 0.04589844 0.20800781
v 0.34667969 0.04589844 0.20800781
v 0.34667969 0.04589844 0.20800781
v 0.34863281 0.04589844 0.19824219
v 0.34863281 0.04589844 0.19824219
v 0.34863281 0.04589844 0.19824219
v 0.34863281 0.04589844 0.19824219
v 0.31738281 0.06738282 0.20019531
v 0.32128906 0.07910157 0.19628906
v 0.32128906 0.07910157 0.19628906
v 0.32519531 0.08300782 0.18261719
v 0.32714844 0.07519532 0.16503906
v 0.32324219 0.05761719 0.14355469
v 0.32324219 0.05761719 0.14355469
v 0.31152344 0.03027344 0.12402344
v 0.30175781 0.00488282 0.12011719
v 0.30175781 0.00488282 0.12011719
v 0.33300781 -0.04394531 0.12207032
v 0.33300781 -0.04394531 0.12207032
v 0.32714844 -0.05566406 0.15136719
v 0.32714844 -0.05566406 0.15136719
v 0.32714844 -0.05566406 0.15136719
v 0.32910156 -0.05175781 0.15332031
v 0.32910156 -0.05175781 0.15332031
v 0.32910156 -0.05175781 0.15332031
v 0.32910156 -0.05175781 0.15332031
v 0.29199219 -0.02636718 0.16113281
v 0.29199219 -0.02636718 0.16113281
v 0.29199219 -0.02636718 0.16113281
v 0.26074219 0.00292969 0.16894531
v 0.26074219 0.00292969 0.16894531
v 0.26269531 0.00292969 0.18652344
v 0.26269531 0.00292969 0.18652344
v 0.26464844 0.00878907 0.19433594
v 0.26464844 0.00878907 0.19433594
v 0.26660156 0.01855469 0.19433594
v 0.26855469 0.02832032 0.19824219
v 0.26855469 0.02832032 0.19824219
v 0.27050781 0.03222657 0.20410156
v 0.27050781 0.03808594 0.21582031
v 0.27050781 0.03808594 0.21582031
v 0.29589844 0.03417969 0.23535156
v 0.29589844 0.03417969 0.23535156
v 0.29980469 0.04980469 0.24316406
v 0.29980469 0.04980469 0.24316406
v 0.30566406 0.05957032 0.24121094
v 0.30566406 0.05957032 0.24121094
v 0.30566406 0.05957032 0.24121094
v 0.33691406 0.05371094 0.25683594
v 0.33691406 0.05371094 0.25683594
v 0.33691406 0.05371094 0.25683594
v 0.33691406 0.05371094 0.25683594
v 0.33691406 0.05761719 0.25878906
v 0.33691406 0.05761719 0.25878906
v 0.33691406 0.05761719 0.25878906
v 0.33691406 0.05761719 0.25878906
v 0.30957031 0.06738282 0.23535156
v 0.28027344 0.06933594 0.22167969
v 0.28027344 0.06933594 0.22167969
v 0.31347656 0.06347657 0.21972656
v 0.31152344 0.05566407 0.20605469
v 0.31152344 0.05566407 0.20214844
v 0.31152344 0.05566407 0.20214844
v 0.28417969 0.07128907 0.20214844
v 0.28613281 0.08105469 0.19628906
v 0.28613281 0.08105469 0.19628906
v 0.29003906 0.08496094 0.18457031
v 0.29003906 0.08105469 0.17089844
v 0.28417969 0.06933594 0.15527344
v 0.28417969 0.06933594 0.15527344
v 0.28417969 0.06933594 0.15527344
v 0.27441406 0.04980469 0.13964844
v 0.27441406 0.04980469 0.13964844
v 0.26660156 0.02832032 0.13964844
v 0.26660156 0.02832032 0.13964844
v 0.26660156 0.02832032 0.13964844
v 0.26074219 0.00878907 0.14941406
v 0.29199219 -0.01660156 0.13378906
v 0.28808594 -0.02832031 0.15917969
v 0.28808594 -0.02832031 0.15917969
v 0.32519531 -0.05371093 0.18261719
v 0.32519531 -0.05371093 0.18261719
v 0.32519531 -0.05371093 0.18261719
v 0.32714844 -0.05175781 0.18066406
v 0.32714844 -0.05175781 0.18066406
v 0.32714844 -0.05175781 0.18066406
v 0.32714844 -0.05175781 0.18066406
v 0.29199219 -0.02441406 0.18457031
v 0.29394531 -0.01660156 0.19433594
v 0.29394531 -0.01660156 0.19433594
v 0.29589844 -0.00292968 0.19433594
v 0.29785156 0.01074219 0.19238281
v 0.29980469 0.02050782 0.19433594
v 0.29980469 0.02050782 0.19433594
v 0.29980469 0.02441407 0.20410156
v 0.29785156 0.02636719 0.21972656
v 0.32714844 0.02441407 0.24511719
v 0.32714844 0.02441407 0.24511719
v 0.32714844 0.02441407 0.24511719
v 0.33105469 0.04199219 0.25488281
v 0.33105469 0.04199219 0.25488281
v 0.33105469 0.04199219 0.25488281
v 0.33105469 0.04199219 0.25488281
v 0.32910156 0.04199219 0.25878906
v 0.32910156 0.04199219 0.25878906
v 0.32910156 0.04199219 0.25878906
v 0.30371094 0.06152344 0.24511719
v 0.30371094 0.06152344 0.24511719
v 0.27636719 0.06347657 0.22949219
v 0.27636719 0.06347657 0.22949219
v 0.25683594 0.06738282 0.20996094
v 0.25683594 0.06738282 0.20996094
v 0.25683594 0.06738282 0.20996094
v 0.25683594 0.06738282 0.20996094
v 0.28222656 0.06542969 0.21191406
v 0.28027344 0.06152344 0.20605469
v 0.28027344 0.06152344 0.20410156
v 0.28027344 0.06152344 0.20410156
v 0.25683594 0.07128907 0.20214844
v 0.25683594 0.07128907 0.20214844
v 0.25878906 0.07910157 0.19824219
v 0.25878906 0.07910157 0.19824219
v 0.25878906 0.07910157 0.19824219
v 0.25878906 0.08105469 0.19042969
v 0.25878906 0.08105469 0.19042969
v 0.25878906 0.07910157 0.18066406
v 0.25878906 0.07910157 0.18066406
v 0.25878906 0.07910157 0.18066406
v 0.25878906 0.07910157 0.18066406
v 0.25488281 0.07324219 0.17089844
v 0.25488281 0.07324219 0.17089844
v 0.25488281 0.07324219 0.17089844
v 0.25488281 0.07324219 0.17089844
v 0.24902344 0.06152344 0.16308594
v 0.24316406 0.04785157 0.16113281
v 0.24316406 0.04785157 0.16113281
v 0.23925781 0.03613282 0.16894531
v 0.23925781 0.03613282 0.16894531
v 0.25878906 0.00097657 0.16894531
v 0.25878906 0.00097657 0.16894531
v 0.28808594 -0.02636718 0.18457031
v 0.32910156 -0.04199218 0.19824219
v 0.32910156 -0.04199218 0.19824219
v 0.32910156 -0.04199218 0.19824219
v 0.32910156 -0.04199218 0.19824219
v 0.32910156 -0.04003906 0.19433594
v 0.32910156 -0.04003906 0.19433594
v 0.32910156 -0.04003906 0.19433594
v 0.33105469 -0.02441406 0.19433594
v 0.33105469 -0.02441406 0.19433594
v 0.33300781 -0.00683593 0.19042969
v 0.33300781 -0.00683593 0.19042969
v 0.33496094 0.00488282 0.19433594
v 0.33496094 0.00488282 0.19433594
v 0.33496094 0.00488282 0.19433594
v 0.33496094 0.01269532 0.20605469
v 0.33496094 0.01269532 0.20605469
v 0.33105469 0.01464844 0.22558594
v 0.33105469 0.01464844 0.22558594
v 0.33105469 0.01464844 0.22558594
v 0.32519531 0.02246094 0.24707031
v 0.32519531 0.02246094 0.24707031
v 0.29785156 0.04980469 0.24707031
v 0.29785156 0.04980469 0.24707031
v 0.27050781 0.05566407 0.23144531
v 0.27050781 0.05566407 0.23144531
v 0.25292969 0.06542969 0.21582031
v 0.25292969 0.06542969 0.21582031
v 0.23730469 0.06347657 0.20410156
v 0.23730469 0.06347657 0.20410156
v 0.23730469 0.06542969 0.20214844
v 0.23730469 0.06542969 0.20214844
v 0.23730469 0.06542969 0.20214844
v 0.25683594 0.06738282 0.20410156
v 0.25683594 0.06738282 0.20410156
v 0.25683594 0.06738282 0.20410156
v 0.23925781 0.07128907 0.19824219
v 0.23925781 0.07324219 0.19433594
v 0.23925781 0.07324219 0.19433594
v 0.23925781 0.07324219 0.19433594
v 0.23925781 0.07324219 0.19433594
v 0.23925781 0.07324219 0.19433594
v 0.23925781 0.07324219 0.19042969
v 0.23925781 0.07324219 0.19042969
v 0.23925781 0.07128907 0.18847656
v 0.23925781 0.07128907 0.18847656
v 0.23925781 0.07128907 0.18847656
v 0.23535156 0.06933594 0.18457031
v 0.23535156 0.06933594 0.18457031
v 0.23535156 0.06933594 0.18457031
v 0.23339844 0.06152344 0.18457031
v 0.23339844 0.06152344 0.18457031
v 0.23144531 0.05566407 0.18847656
v 0.23144531 0.05566407 0.18847656
v 0.23144531 0.05566407 0.18847656
v 0.23925781 0.02832032 0.18066406
v 0.23925781 0.02832032 0.18066406
v 0.25878906 0.00097657 0.18847656
v 0.29199219 -0.01660156 0.19824219
v 0.29199219 -0.01660156 0.19824219
v 0.33105469 -0.02441406 0.19824219
v 0.33105469 -0.02441406 0.19824219
v 0.33300781 -0.00683593 0.19628906
v 0.33300781 -0.00683593 0.19628906
v 0.33300781 -0.00683593 0.19628906
v 0.33300781 0.00292969 0.19824219
v 0.33300781 0.00292969 0.19824219
v 0.33300781 0.00292969 0.19824219
v 0.33300781 0.00683594 0.20605469
v 0.33300781 0.00683594 0.20605469
v 0.33300781 0.00683594 0.20605469
v 0.32910156 0.01074219 0.22558594
v 0.32910156 0.01074219 0.22558594
v 0.32910156 0.01074219 0.22558594
v 0.32910156 0.01074219 0.22558594
v 0.29589844 0.02246094 0.22167969
v 0.29589844 0.02246094 0.22167969
v 0.29394531 0.03222657 0.23925781
v 0.26855469 0.04199219 0.22753906
v 0.26855469 0.04199219 0.22753906
v 0.25097656 0.05957032 0.21777344
v 0.23535156 0.06152344 0.20410156
v 0.23535156 0.06152344 0.20410156
v 0.23535156 0.06152344 0.20410156
v 0.23535156 0.06152344 0.20410156
v 0.23730469 0.06542969 0.20019531
v 0.23730469 0.06542969 0.20019531
v 0.23730469 0.06542969 0.20019531
v 0.23730469 0.06542969 0.20019531
v 0.23730469 0.06542969 0.20019531
v 0.23730469 0.06542969 0.20019531
v 0.23730469 0.06542969 0.20019531
v 0.23144531 0.05175782 0.19238281
v 0.23144531 0.05175782 0.19238281
v 0.23144531 0.05175782 0.19238281
v 0.23144531 0.05175782 0.19238281
v 0.24121094 0.02832032 0.19238281
v 0.26269531 0.00878907 0.19824219
v 0.26269531 0.00878907 0.19824219
v 0.29589844 -0.00292968 0.19824219
v 0.29785156 0.01074219 0.19628906
v 0.29785156 0.01074219 0.19628906
v 0.29980469 0.01660157 0.19824219
v 0.29980469 0.01660157 0.19824219
v 0.29980469 0.01660157 0.19824219
v 0.29980469 0.01660157 0.19824219
v 0.29785156 0.02050782 0.20410156
v 0.29785156 0.02050782 0.20410156
v 0.29785156 0.02050782 0.20410156
v 0.29785156 0.02050782 0.20410156
v 0.27050781 0.03027344 0.20214844
v 0.27050781 0.03027344 0.20214844
v 0.26855469 0.03417969 0.21582031
v 0.24902344 0.05175782 0.21582031
v 0.24902344 0.05175782 0.21582031
v 0.24902344 0.05175782 0.21582031
v 0.23535156 0.05957032 0.20605469
v 0.23535156 0.05957032 0.20605469
v 0.23535156 0.05761719 0.20410156
v 0.23535156 0.05761719 0.20410156
v 0.23535156 0.05761719 0.20410156
v 0.23535156 0.05761719 0.20410156
v 0.23535156 0.05761719 0.20410156
v 0.23144531 0.05175782 0.19628906
v 0.23144531 0.05175782 0.19628906
v 0.23144531 0.05175782 0.19628906
v 0.23144531 0.05175782 0.19628906
v 0.24511719 0.03417969 0.19824219
v 0.24511719 0.03417969 0.19824219
v 0.26660156 0.01855469 0.19824219
v 0.26660156 0.01855469 0.19824219
v 0.26660156 0.01855469 0.19824219
v 0.26660156 0.01855469 0.19824219
v 0.26855469 0.02832032 0.19824219
v 0.26855469 0.02832032 0.19824219
v 0.26855469 0.02832032 0.19824219
v 0.26855469 0.02832032 0.19824219
v 0.24707031 0.04003907 0.20214844
v 0.24707031 0.04003907 0.20214844
v 0.24707031 0.04003907 0.20214844
v 0.24707031 0.04003907 0.20214844
v 0.24707031 0.04003907 0.20214844
v 0.24902344 0.03808594 0.20800781
v 0.24902344 0.03808594 0.20800781
v 0.24902344 0.03808594 0.20800781
v 0.24707031 0.03808594 0.20605469
v 0.24707031 0.03808594 0.20605469
v 0.24707031 0.03808594 0.20605469
v 0.24707031 0.03808594 0.20605469
v 0.24707031 0.04394532 0.20996094
v 0.24707031 0.04394532 0.20996094
v 0.24707031 0.04394532 0.20996094
v 0.24707031 0.04394532 0.20996094
v 0.24707031 0.04394532 0.20996094
v 0.24707031 0.04394532 0.20996094
v 0.23339844 0.05371094 0.20410156
v 0.23339844 0.05371094 0.20410156
v 0.23339844 0.05371094 0.20410156
v 0.23144531 0.05175782 0.20019531
v 0.23144531 0.05175782 0.20019531
v 0.23144531 0.05175782 0.20019531
v 0.23144531 0.05175782 0.20019531
v 0.23144531 0.05175782 0.20019531
v 0.24511719 0.03808594 0.20019531
v 0.24511719 0.03808594 0.20019531
v 0.24511719 0.03808594 0.20019531
v 0.24511719 0.03808594 0.20019531
v 0.24511719 0.03808594 0.20019531
v 0.24511719 0.03808594 0.20019531
v 0.26660156 0.02246094 0.20800781
v 0.26660156 0.02246094 0.20800781
v 0.26660156 0.02246094 0.20800781
v 0.26464844 0.01855469 0.21582031
v 0.26464844 0.01855469 0.21582031
v 0.26464844 0.01855469 0.21582031
v 0.26660156 0.01855469 0.21777344
v 0.26660156 0.01855469 0.21777344
v 0.26660156 0.01855469 0.21777344
v 0.27246094 0.02636719 0.21191406
v 0.27246094 0.02636719 0.21191406
v 0.27246094 0.02636719 0.21191406
v 0.27246094 0.02832032 0.21582031
v 0.27246094 0.02832032 0.21582031
v 0.24707031 0.04003907 0.21191406
v 0.24707031 0.04003907 0.21191406
v 0.24316406 0.03613282 0.20605469
v 0.24316406 0.03613282 0.20605469
v 0.26660156 0.02050782 0.20410156
v 0.26660156 0.02050782 0.20410156
v 0.26660156 0.02050782 0.20410156
v 0.29589844 0.00292969 0.21386719
v 0.29589844 0.00292969 0.21386719
v 0.29589844 0.00292969 0.21386719
v 0.33105469 -0.01660156 0.21972656
v 0.33105469 -0.01660156 0.21972656
v 0.33105469 -0.01660156 0.21972656
v 0.29394531 -0.00488281 0.22558594
v 0.29394531 -0.00488281 0.22558594
v 0.29394531 -0.00097656 0.22753906
v 0.29394531 -0.00097656 0.22753906
v 0.32714844 -0.00488281 0.22753906
v 0.32714844 -0.00488281 0.22753906
v 0.32714844 -0.00488281 0.22753906
v 0.29785156 0.01269532 0.21972656
v 0.29785156 0.01269532 0.21972656
v 0.29785156 0.01269532 0.21972656
v 0.29785156 0.01464844 0.22363281
v 0.29785156 0.01464844 0.22363281
v 0.26660156 0.01855469 0.21972656
v 0.26660156 0.01855469 0.21972656
v 0.26269531 0.01464844 0.21582031
v 0.26269531 0.01464844 0.21582031
v 0.29394531 -0.00097656 0.20996094
v 0.29394531 -0.00097656 0.20996094
v 0.32910156 -0.02050781 0.21777344
v 0.32910156 -0.02050781 0.21777344
v 0.32910156 -0.02050781 0.21777344
v 0.32519531 -0.03222656 0.23730469
v 0.32519531 -0.03222656 0.23730469
v 0.32519531 -0.03222656 0.23730469
v 0.32519531 -0.03222656 0.23730469
v 0.32714844 -0.02832031 0.23730469
v 0.32714844 -0.02832031 0.23730469
v 0.32714844 -0.02832031 0.23730469
v 0.32714844 -0.02832031 0.23730469
v 0.32714844 -0.02832031 0.23730469
v 0.32714844 -0.02246093 0.23925781
v 0.32714844 -0.02246093 0.23925781
v 0.32714844 -0.02246093 0.23925781
v 0.32714844 -0.02246093 0.23925781
v 0.32910156 -0.00097656 0.23144531
v 0.32910156 -0.00097656 0.23144531
v 0.32910156 -0.00097656 0.23144531
v 0.32910156 -0.00097656 0.23144531
v 0.32910156 -0.00097656 0.23144531
v 0.29199219 -0.00097656 0.23144531
v 0.29199219 -0.00097656 0.23144531
v 0.29003906 -0.00683593 0.22558594
v 0.29003906 -0.00683593 0.22558594
v 0.32519531 -0.02246093 0.24316406
v 0.32519531 -0.02246093 0.24316406
v 0.32519531 -0.02246093 0.24316406
v 0.32519531 -0.02246093 0.24316406
v 0.21582031 0.17285156 0.04980469
v 0.21582031 0.17285156 0.04980469
v 0.21582031 0.17285156 0.04980469
v 0.22558594 0.16113281 0.04199219
v 0.22558594 0.16113281 0.04199219
v 0.20410156 0.17480469 0.06347656
v 0.20410156 0.17480469 0.06347656
v 0.19433594 0.17089844 0.07519531
v 0.19433594 0.17089844 0.07519531
v 0.19433594 0.17089844 0.07519531
v 0.19042969 0.15917969 0.08496094
v 0.19042969 0.15917969 0.08496094
v 0.19238281 0.14355469 0.09082031
v 0.19238281 0.14355469 0.09082031
v 0.19238281 0.14355469 0.09082031
v 0.19824219 0.12792969 0.08886719
v 0.19824219 0.12792969 0.08886719
v 0.19824219 0.12792969 0.08886719
v 0.23339844 0.12597656 0.06152344
v 0.23339844 0.12597656 0.06152344
v 0.23339844 0.12597656 0.06152344
v 0.23339844 0.12597656 0.06152344
v 0.22949219 0.12011719 0.05761719
v 0.22949219 0.12011719 0.05761719
v 0.22949219 0.12011719 0.05761719
v 0.23535156 0.13183594 0.04589844
v 0.23535156 0.13183594 0.04589844
v 0.23535156 0.13183594 0.04589844
v 0.23339844 0.14550781 0.04199219
v 0.23339844 0.14550781 0.04199219
v 0.21972656 0.11425782 0.07128906
v 0.21972656 0.11425782 0.07128906
v 0.20800781 0.11816407 0.08300781
v 0.20800781 0.11816407 0.08300781
v 0.23339844 0.14941406 0.05175782
v 0.22753906 0.16113281 0.05371094
v 0.21972656 0.17089844 0.05957032
v 0.21972656 0.17089844 0.05957032
v 0.21972656 0.17089844 0.05957032
v 0.20996094 0.17285156 0.06933594
v 0.20996094 0.17285156 0.06933594
v 0.20214844 0.16894531 0.07910156
v 0.20214844 0.16894531 0.07910156
v 0.20214844 0.16894531 0.07910156
v 0.19824219 0.15917969 0.08691406
v 0.19824219 0.15917969 0.08691406
v 0.19824219 0.14550781 0.09277344
v 0.19824219 0.14550781 0.09277344
v 0.19824219 0.14550781 0.09277344
v 0.20605469 0.12792969 0.09082031
v 0.20605469 0.12792969 0.09082031
v 0.20605469 0.12792969 0.09082031
v 0.21386719 0.12207032 0.08300781
v 0.22363281 0.12011719 0.07519531
v 0.22363281 0.12011719 0.07519531
v 0.21972656 0.14941406 0.07714844
v 0.21972656 0.14941406 0.07714844
v 0.23535156 0.13769531 0.05175782
v 0.21972656 0.14941406 0.07714844
v 0.21972656 0.14941406 0.07714844
v 0.22167969 0.04003907 0.20214844
v 0.22167969 0.04003907 0.20214844
v 0.22363281 0.05175782 0.21582031
v 0.22363281 0.05175782 0.21582031
v 0.23535156 0.04394532 0.21582031
v 0.23535156 0.04394532 0.21582031
v 0.23535156 0.04394532 0.21582031
v 0.22363281 0.05566407 0.22558594
v 0.24121094 0.04003907 0.22558594
v 0.24121094 0.04003907 0.22558594
v 0.24316406 0.04003907 0.23730469
v 0.24316406 0.04003907 0.23730469
v 0.22363281 0.05566407 0.23730469
v 0.22363281 0.05566407 0.24902344
v 0.22363281 0.05566407 0.24902344
v 0.22363281 0.05566407 0.24902344
v 0.20605469 0.06152344 0.24316406
v 0.20410156 0.06152344 0.23144531
v 0.20605469 0.05957032 0.21972656
v 0.20605469 0.05957032 0.21972656
v 0.20605469 0.05957032 0.21972656
v 0.21386719 0.05566407 0.21582031
v 0.21386719 0.05566407 0.21582031
v 0.21386719 0.05566407 0.21582031
v 0.21386719 0.05566407 0.21582031
v 0.20800781 0.04785157 0.20605469
v 0.20800781 0.04785157 0.20605469
v 0.20800781 0.04785157 0.20605469
v 0.20800781 0.04785157 0.20605469
v 0.20800781 0.04785157 0.20605469
v 0.20019531 0.03222657 0.19433594
v 0.20019531 0.03222657 0.19433594
v 0.21972656 0.02050782 0.19042969
v 0.21582031 0.00292969 0.18652344
v 0.23730469 0.00878907 0.19628906
v 0.23730469 0.00878907 0.19628906
v 0.23730469 0.00878907 0.19628906
v 0.23535156 0.03222657 0.20800781
v 0.23535156 0.03222657 0.20800781
v 0.23535156 0.03222657 0.20800781
v 0.23535156 0.03222657 0.20800781
v 0.24707031 0.02636719 0.21972656
v 0.24707031 0.02636719 0.21972656
v 0.25097656 0.02441407 0.23730469
v 0.23925781 0.04199219 0.24902344
v 0.23925781 0.04199219 0.24902344
v 0.23535156 0.04199219 0.25878906
v 0.23535156 0.04199219 0.25878906
v 0.22363281 0.04980469 0.25878906
v 0.21386719 0.05566407 0.26074219
v 0.21386719 0.05566407 0.26074219
v 0.20800781 0.05957032 0.25097656
v 0.19042969 0.05957032 0.24707031
v 0.19042969 0.05957032 0.24707031
v 0.19042969 0.05957032 0.24707031
v 0.19042969 0.05761719 0.22949219
v 0.19042969 0.05761719 0.22949219
v 0.19628906 0.05371094 0.21582031
v 0.19628906 0.05371094 0.21582031
v 0.19628906 0.05371094 0.21582031
v 0.18457031 0.04199219 0.20800781
v 0.18457031 0.04199219 0.20800781
v 0.19628906 0.01660157 0.19042969
v 0.19628906 0.01660157 0.19042969
v 0.19238281 0.00683594 0.19042969
v 0.19238281 0.00683594 0.19042969
v 0.21386719 -0.01269531 0.18652344
v 0.23535156 -0.01074218 0.19238281
v 0.23535156 -0.01074218 0.19238281
v 0.24902344 0.00097657 0.21386719
v 0.24902344 0.00097657 0.21386719
v 0.24902344 0.00097657 0.21386719
v 0.24902344 0.00097657 0.21386719
v 0.25488281 -0.00292968 0.23730469
v 0.24707031 0.02441407 0.25488281
v 0.24707031 0.02441407 0.25488281
v 0.23730469 0.03027344 0.26855469
v 0.23730469 0.03027344 0.26855469
v 0.22167969 0.04003907 0.27441406
v 0.20800781 0.04785157 0.27246094
v 0.20800781 0.04785157 0.27246094
v 0.19628906 0.05566407 0.26269531
v 0.19628906 0.05566407 0.26269531
v 0.19628906 0.05566407 0.26269531
v 0.17285156 0.04785157 0.25097656
v 0.17285156 0.04785157 0.25097656
v 0.17480469 0.04785157 0.22753906
v 0.17871094 0.02832032 0.20410156
v 0.17871094 0.01855469 0.20410156
v 0.19042969 -0.00683593 0.19238281
v 0.19042969 -0.00683593 0.19238281
v 0.19042969 -0.00683593 0.19238281
v 0.20605469 -0.04589843 0.19238281
v 0.20605469 -0.04589843 0.19238281
v 0.20605469 -0.04589843 0.19238281
v 0.19238281 -0.01855468 0.19433594
v 0.19238281 -0.01855468 0.19433594
v 0.20800781 -0.03613281 0.18847656
v 0.20800781 -0.03613281 0.18847656
v 0.20996094 -0.02441406 0.18652344
v 0.23144531 -0.03222656 0.19238281
v 0.23144531 -0.03222656 0.19238281
v 0.24902344 -0.02246093 0.20996094
v 0.24902344 -0.02246093 0.20996094
v 0.25488281 -0.02832031 0.23730469
v 0.25488281 -0.02832031 0.23730469
v 0.25097656 -0.00292968 0.26269531
v 0.25097656 -0.00292968 0.26269531
v 0.23535156 0.00488282 0.28222656
v 0.21582031 0.01855469 0.29199219
v 0.19628906 0.03222657 0.28808594
v 0.19628906 0.03222657 0.28808594
v 0.18066406 0.04199219 0.27246094
v 0.16503906 0.03613282 0.25292969
v 0.16503906 0.03613282 0.25292969
v 0.16699219 0.03613282 0.22753906
v 0.16503906 0.02636719 0.22753906
v 0.17675781 0.00488282 0.20605469
v 0.17675781 0.00488282 0.20605469
v 0.17675781 0.00488282 0.20605469
v 0.19042969 -0.01074218 0.18847656
v 0.20410156 -0.04003906 0.18457031
v 0.18652344 0.00878907 0.17089844
v 0.18847656 0.00097657 0.17675781
v 0.20214844 -0.02441406 0.17285156
v 0.21191406 -0.06738281 0.19042969
v 0.21191406 -0.06738281 0.19042969
v 0.21582031 -0.08300781 0.20214844
v 0.21386719 -0.06738281 0.19628906
v 0.21386719 -0.06738281 0.19628906
v 0.21386719 -0.06738281 0.19628906
v 0.21972656 -0.05957031 0.19433594
v 0.21972656 -0.05957031 0.19433594
v 0.22558594 -0.04785156 0.19238281
v 0.22558594 -0.04785156 0.19238281
v 0.24316406 -0.04980468 0.21191406
v 0.25097656 -0.05371093 0.23925781
v 0.25097656 -0.05371093 0.23925781
v 0.24902344 -0.02832031 0.26660156
v 0.24902344 -0.02832031 0.26660156
v 0.23339844 -0.01855468 0.29003906
v 0.20996094 -0.00097656 0.30175781
v 0.18847656 0.01660157 0.29589844
v 0.18847656 0.01660157 0.29589844
v 0.17089844 0.03027344 0.27832031
v 0.16113281 0.02636719 0.25292969
v 0.16113281 0.02636719 0.25292969
v 0.16308594 0.01660157 0.22753906
v 0.16308594 0.01660157 0.22753906
v 0.17285156 0.01464844 0.20410156
v 0.16503906 0.02832032 0.19628906
v 0.16503906 0.02832032 0.19628906
v 0.15722656 0.03808594 0.18847656
v 0.15722656 0.03808594 0.18847656
v 0.18457031 0.01660157 0.16308594
v 0.18457031 0.01660157 0.16308594
v 0.13378906 -0.49511719 -0.26074219
v 0.13378906 -0.49511719 -0.26074219
v 0.13183594 -0.49902344 -0.26074219
v 0.13183594 -0.49902344 -0.26074219
v 0.13183594 -0.49902344 -0.26074219
v 0.13183594 -0.49902344 -0.26074219
v 0.13378906 -0.49511719 -0.26855469
v 0.13378906 -0.49511719 -0.26855469
v 0.13378906 -0.49511719 -0.26855469
v 0.12988281 -0.49902344 -0.26855469
v 0.12988281 -0.49902344 -0.26855469
v 0.12597656 -0.49511719 -0.27246094
v 0.12597656 -0.49511719 -0.27246094
v 0.12402344 -0.49902344 -0.27050781
v 0.12402344 -0.49902344 -0.27050781
v 0.12402344 -0.49902344 -0.27050781
v 0.12402344 -0.49902344 -0.27050781
v 0.15136719 -0.49707031 -0.22558594
v 0.15136719 -0.49707031 -0.22558594
v 0.14941406 -0.49902344 -0.21972656
v 0.14941406 -0.49902344 -0.21972656
v 0.14941406 -0.49902344 -0.21972656
v 0.14941406 -0.49902344 -0.22558594
v 0.14941406 -0.49902344 -0.22558594
v 0.14746094 -0.49902344 -0.22949219
v 0.14746094 -0.49902344 -0.22949219
v 0.13964844 -0.49902344 -0.22363281
v 0.09863281 -0.49902344 -0.21777344
v 0.07128906 -0.49902344 -0.21386719
v 0.09277344 -0.49902344 -0.24511719
v 0.06738281 -0.49902344 -0.24316406
v 0.04394532 -0.49902344 -0.23925781
v 0.04785157 -0.49902344 -0.20996094
v 0.02441407 -0.49902344 -0.23339844
v 0.02832032 -0.49902344 -0.20605469
v 0.00683594 -0.49902344 -0.22363281
v -0.00097656 -0.49902344 -0.21582031
v -0.00488281 -0.49902344 -0.20605469
v -0.00097656 -0.49902344 -0.19433594
v 0.00878907 -0.49902344 -0.18261719
v 0.03027344 -0.49902344 -0.18066406
v 0.05175782 -0.49902344 -0.17871094
v 0.07714844 -0.49902344 -0.18066406
v 0.10644531 -0.49902344 -0.18847656
v 0.12011719 -0.49902344 -0.20019531
v 0.11816406 -0.49902344 -0.21972656
v 0.11230469 -0.49902344 -0.23925781
v 0.11035156 -0.49902344 -0.26855469
v 0.11035156 -0.49902344 -0.26855469
v 0.09472656 -0.49902344 -0.26464844
v 0.09472656 -0.49902344 -0.26464844
v 0.09472656 -0.49902344 -0.26464844
v 0.09472656 -0.49902344 -0.26464844
v 0.08691406 -0.49902344 -0.25683594
v 0.08691406 -0.49902344 -0.25683594
v 0.06542969 -0.49902344 -0.25488281
v 0.04199219 -0.49902344 -0.24902344
v 0.02246094 -0.49902344 -0.24121094
v 0.00488282 -0.49902344 -0.23144531
v -0.00878906 -0.49902344 -0.21972656
v -0.00878906 -0.49902344 -0.21972656
v -0.01269531 -0.49902344 -0.20605469
v -0.01269531 -0.49902344 -0.20605469
v -0.00878906 -0.49902344 -0.18847656
v -0.00878906 -0.49902344 -0.18847656
v 0.00683594 -0.49902344 -0.17480469
v 0.00683594 -0.49902344 -0.17480469
v 0.00683594 -0.49902344 -0.17480469
v 0.03027344 -0.49902344 -0.16894531
v 0.03027344 -0.49902344 -0.16894531
v 0.05371094 -0.49902344 -0.16699219
v 0.05371094 -0.49902344 -0.16699219
v 0.07910156 -0.49902344 -0.16894531
v 0.07910156 -0.49902344 -0.16894531
v 0.10253906 -0.49902344 -0.17480469
v 0.10253906 -0.49902344 -0.17480469
v 0.10253906 -0.49902344 -0.17480469
v 0.11230469 -0.49902344 -0.17089844
v 0.11230469 -0.49902344 -0.17089844
v 0.11230469 -0.49902344 -0.17089844
v 0.12792969 -0.49902344 -0.17089844
v 0.12792969 -0.49902344 -0.17089844
v 0.14550781 -0.49902344 -0.18457031
v 0.14550781 -0.49902344 -0.18457031
v 0.14746094 -0.49902344 -0.17675781
v 0.14746094 -0.49902344 -0.17675781
v 0.14746094 -0.49902344 -0.17675781
v 0.14160156 -0.49902344 -0.17285156
v 0.14160156 -0.49902344 -0.17285156
v 0.14355469 -0.49511719 -0.17089844
v 0.14355469 -0.49511719 -0.17089844
v 0.14941406 -0.49511719 -0.17675781
v 0.14941406 -0.49511719 -0.17675781
v 0.14941406 -0.49511719 -0.17675781
v 0.14941406 -0.49511719 -0.17675781
v 0.14355469 -0.48925781 -0.17480469
v 0.14355469 -0.48925781 -0.17480469
v 0.14746094 -0.48730469 -0.17871094
v 0.14746094 -0.48730469 -0.17871094
v 0.14746094 -0.48730469 -0.17871094
v 0.14746094 -0.48925781 -0.18457031
v 0.14746094 -0.48925781 -0.18457031
v 0.14746094 -0.48925781 -0.18457031
v 0.14746094 -0.49511719 -0.18652344
v 0.14746094 -0.49511719 -0.18652344
v 0.14746094 -0.49511719 -0.18652344
v 0.14746094 -0.49511719 -0.18652344
v 0.13964844 -0.49511719 -0.19628906
v 0.13964844 -0.49511719 -0.19628906
v 0.13964844 -0.49511719 -0.19628906
v 0.13964844 -0.49902344 -0.19433594
v 0.13964844 -0.49902344 -0.19433594
v 0.12988281 -0.49902344 -0.20019531
v 0.12988281 -0.49902344 -0.20019531
v 0.12988281 -0.49902344 -0.20019531
v 0.13183594 -0.49902344 -0.20410156
v 0.13183594 -0.49902344 -0.20410156
v 0.13183594 -0.49902344 -0.20410156
v 0.13183594 -0.49902344 -0.20410156
v 0.13183594 -0.49902344 -0.22363281
v 0.14160156 -0.49902344 -0.21191406
v 0.14160156 -0.49902344 -0.21191406
v 0.15136719 -0.49707031 -0.21972656
v 0.15136719 -0.49707031 -0.21972656
v 0.15136719 -0.49707031 -0.21972656
v 0.15136719 -0.49707031 -0.21972656
v 0.14941406 -0.49316406 -0.22167969
v 0.14941406 -0.49316406 -0.22167969
v 0.14941406 -0.49316406 -0.22167969
v 0.14941406 -0.49316406 -0.22167969
v 0.15136719 -0.49121094 -0.22558594
v 0.15136719 -0.49121094 -0.22558594
v 0.15136719 -0.49121094 -0.22558594
v 0.15136719 -0.49121094 -0.22558594
v 0.14941406 -0.49316406 -0.22949219
v 0.14941406 -0.49316406 -0.22949219
v 0.14941406 -0.49316406 -0.22949219
v 0.14941406 -0.49316406 -0.22949219
v 0.14746094 -0.49707031 -0.23144531
v 0.14746094 -0.49707031 -0.23144531
v 0.13769531 -0.49902344 -0.23535156
v 0.13769531 -0.49902344 -0.23535156
v 0.12402344 -0.49902344 -0.23925781
v 0.12402344 -0.49902344 -0.23925781
v 0.12207031 -0.49902344 -0.24121094
v 0.12207031 -0.49902344 -0.24121094
v 0.12207031 -0.49902344 -0.24121094
v 0.12792969 -0.49902344 -0.25097656
v 0.12792969 -0.49902344 -0.25097656
v 0.12988281 -0.49511719 -0.24902344
v 0.12988281 -0.49511719 -0.24902344
v 0.12988281 -0.49511719 -0.24902344
v 0.13183594 -0.48925781 -0.26269531
v 0.13183594 -0.48730469 -0.26660156
v 0.13183594 -0.48730469 -0.26660156
v 0.13183594 -0.48730469 -0.26660156
v 0.12597656 -0.48925781 -0.27050781
v 0.12597656 -0.48925781 -0.27050781
v 0.11035156 -0.49511719 -0.27050781
v 0.11035156 -0.49511719 -0.27050781
v 0.09277344 -0.49511719 -0.26464844
v 0.09277344 -0.49511719 -0.26464844
v 0.09277344 -0.49511719 -0.26464844
v 0.08691406 -0.49511719 -0.26464844
v 0.08691406 -0.49511719 -0.26464844
v 0.06347656 -0.49511719 -0.26269531
v 0.06347656 -0.49511719 -0.26269531
v 0.06347656 -0.49511719 -0.26269531
v 0.06347656 -0.48535156 -0.26464844
v 0.04003907 -0.48535156 -0.26074219
v 0.04003907 -0.48535156 -0.26074219
v 0.04003907 -0.49511719 -0.25683594
v 0.04003907 -0.49511719 -0.25683594
v 0.02246094 -0.49511719 -0.24902344
v 0.02246094 -0.49511719 -0.24902344
v 0.00292969 -0.49511719 -0.23925781
v 0.00292969 -0.49511719 -0.23925781
v -0.01464843 -0.49511719 -0.22363281
v -0.01464843 -0.49511719 -0.22363281
v -0.02050781 -0.49511719 -0.20800781
v -0.02050781 -0.49511719 -0.20800781
v -0.02050781 -0.49511719 -0.20800781
v -0.01464843 -0.49511719 -0.18847656
v 0.00488282 -0.49511719 -0.17089844
v 0.00488282 -0.49511719 -0.17089844
v 0.03027344 -0.49511719 -0.16113281
v 0.03027344 -0.49511719 -0.16113281
v 0.05371094 -0.49511719 -0.15917969
v 0.07910156 -0.49511719 -0.16308594
v 0.10253906 -0.49511719 -0.16699219
v 0.10253906 -0.49511719 -0.16699219
v 0.11035156 -0.49511719 -0.16894531
v 0.11035156 -0.49511719 -0.16894531
v 0.11035156 -0.49511719 -0.16894531
v 0.11035156 -0.49511719 -0.16894531
v 0.12792969 -0.49511719 -0.16894531
v 0.12792969 -0.49511719 -0.16894531
v 0.12988281 -0.48339844 -0.17285156
v 0.12988281 -0.48339844 -0.17285156
v 0.13378906 -0.47949219 -0.18457031
v 0.13378906 -0.47949219 -0.18457031
v 0.13769531 -0.48535156 -0.19238281
v 0.13769531 -0.48535156 -0.19238281
v 0.13769531 -0.48535156 -0.19238281
v 0.13769531 -0.48535156 -0.19238281
v 0.13183594 -0.49511719 -0.20214844
v 0.13183594 -0.49511719 -0.20214844
v 0.13183594 -0.49511719 -0.20214844
v 0.13183594 -0.49511719 -0.20410156
v 0.13183594 -0.49511719 -0.20410156
v 0.13183594 -0.49511719 -0.20410156
v 0.13183594 -0.49511719 -0.20410156
v 0.14160156 -0.49511719 -0.20996094
v 0.14160156 -0.49511719 -0.20996094
v 0.14355469 -0.48730469 -0.21386719
v 0.14355469 -0.48730469 -0.21386719
v 0.14355469 -0.48730469 -0.21386719
v 0.14160156 -0.48144531 -0.22558594
v 0.14160156 -0.48144531 -0.22558594
v 0.14160156 -0.48144531 -0.22558594
v 0.13964844 -0.48730469 -0.23535156
v 0.13964844 -0.48730469 -0.23535156
v 0.13964844 -0.48730469 -0.23535156
v 0.13769531 -0.49511719 -0.23730469
v 0.13769531 -0.49511719 -0.23730469
v 0.13769531 -0.49511719 -0.23730469
v 0.13769531 -0.49511719 -0.23730469
v 0.12402344 -0.49511719 -0.24121094
v 0.12402344 -0.49511719 -0.24121094
v 0.12402344 -0.49511719 -0.24121094
v 0.12402344 -0.49511719 -0.24121094
v 0.12402344 -0.49511719 -0.24121094
v 0.12597656 -0.48535156 -0.25292969
v 0.12597656 -0.48535156 -0.25292969
v 0.12597656 -0.48535156 -0.25292969
v 0.12597656 -0.48535156 -0.25292969
v 0.12011719 -0.48144531 -0.25878906
v 0.11230469 -0.48535156 -0.26660156
v 0.11230469 -0.48535156 -0.26660156
v 0.09667969 -0.48535156 -0.26074219
v 0.09667969 -0.48535156 -0.26074219
v 0.08886719 -0.48535156 -0.26464844
v 0.06933594 -0.47167969 -0.26464844
v 0.06933594 -0.47167969 -0.26464844
v 0.04394532 -0.47167969 -0.26660156
v 0.04394532 -0.47167969 -0.26660156
v 0.04394532 -0.47167969 -0.26660156
v 0.02441407 -0.47167969 -0.26269531
v 0.02441407 -0.47167969 -0.26269531
v 0.02246094 -0.48535156 -0.25488281
v 0.00097657 -0.48535156 -0.24511719
v -0.01855469 -0.48535156 -0.22949219
v -0.02636719 -0.48730469 -0.21191406
v -0.02636719 -0.48730469 -0.21191406
v -0.02050781 -0.48730469 -0.18847656
v 0.00097657 -0.48730469 -0.16894531
v 0.02636719 -0.48730469 -0.15917969
v 0.02636719 -0.48730469 -0.15917969
v 0.05371094 -0.48730469 -0.15527344
v 0.05371094 -0.48730469 -0.15527344
v 0.08105469 -0.48730469 -0.15917969
v 0.08105469 -0.48730469 -0.15917969
v 0.10449219 -0.48535156 -0.16699219
v 0.11230469 -0.48535156 -0.17285156
v 0.11230469 -0.48535156 -0.17285156
v 0.12011719 -0.47949219 -0.18847656
v 0.12011719 -0.47949219 -0.18847656
v 0.12011719 -0.47949219 -0.18847656
v 0.12792969 -0.48730469 -0.20019531
v 0.12792969 -0.48730469 -0.20019531
v 0.12792969 -0.48730469 -0.20019531
v 0.12792969 -0.48730469 -0.20019531
v 0.12792969 -0.48730469 -0.20019531
v 0.12988281 -0.48535156 -0.20410156
v 0.12988281 -0.48535156 -0.20410156
v 0.12988281 -0.48535156 -0.20410156
v 0.13183594 -0.47949219 -0.22363281
v 0.13183594 -0.47949219 -0.22363281
v 0.12207031 -0.48535156 -0.23925781
v 0.12207031 -0.48535156 -0.23925781
v 0.12207031 -0.48535156 -0.23925781
v 0.12207031 -0.48535156 -0.23925781
v 0.12011719 -0.48730469 -0.24121094
v 0.12011719 -0.48730469 -0.24121094
v 0.12011719 -0.48730469 -0.24121094
v 0.12011719 -0.48730469 -0.24121094
v 0.10839844 -0.47949219 -0.25097656
v 0.10839844 -0.47949219 -0.25097656
v 0.10839844 -0.47949219 -0.25097656
v 0.09472656 -0.47363281 -0.25683594
v 0.09472656 -0.47363281 -0.25683594
v 0.10644531 -0.45996094 -0.26855469
v 0.07910156 -0.45800781 -0.27832031
v 0.04785157 -0.45800781 -0.28027344
v 0.04785157 -0.45800781 -0.28027344
v 0.02636719 -0.45800781 -0.27441406
v -0.00097656 -0.45800781 -0.26464844
v 0.00097657 -0.47167969 -0.25292969
v -0.02246094 -0.47363281 -0.23730469
v -0.03027344 -0.47363281 -0.21582031
v -0.03027344 -0.47363281 -0.21582031
v -0.02636719 -0.47558594 -0.19042969
v -0.00488281 -0.47558594 -0.16894531
v -0.00488281 -0.47558594 -0.16894531
v 0.02246094 -0.47753906 -0.15722656
v 0.02246094 -0.47753906 -0.15722656
v 0.02246094 -0.47753906 -0.15722656
v 0.02246094 -0.47753906 -0.15722656
v 0.05371094 -0.47753906 -0.15332031
v 0.05371094 -0.47753906 -0.15332031
v 0.08496094 -0.47558594 -0.15917969
v 0.10644531 -0.47558594 -0.17285156
v 0.10644531 -0.47558594 -0.17285156
v 0.12402344 -0.47363281 -0.19824219
v 0.12402344 -0.47363281 -0.19824219
v 0.12402344 -0.47363281 -0.19824219
v 0.12402344 -0.47363281 -0.19824219
v 0.12402344 -0.47363281 -0.19824219
v 0.12402344 -0.47363281 -0.19824219
v 0.12402344 -0.47363281 -0.21972656
v 0.12402344 -0.47363281 -0.21972656
v 0.12402344 -0.47363281 -0.21972656
v 0.12402344 -0.47363281 -0.21972656
v 0.12402344 -0.47363281 -0.21972656
v 0.12402344 -0.47363281 -0.21972656
v 0.11621094 -0.47363281 -0.24121094
v 0.11621094 -0.47363281 -0.24121094
v 0.11621094 -0.47363281 -0.24121094
v 0.11621094 -0.47363281 -0.24121094
v 0.12988281 -0.46191406 -0.24902344
v 0.12402344 -0.44238281 -0.28613281
v 0.12402344 -0.44238281 -0.28613281
v 0.15136719 -0.44628906 -0.26074219
v 0.15136719 -0.44628906 -0.26074219
v 0.17480469 -0.41894531 -0.27832031
v 0.14746094 -0.41113281 -0.30957031
v 0.14746094 -0.41113281 -0.30957031
v 0.19042969 -0.38574219 -0.29394531
v 0.15722656 -0.37207031 -0.32519531
v 0.15722656 -0.37207031 -0.32519531
v 0.19628906 -0.34277344 -0.30175781
v 0.21582031 -0.36425781 -0.26269531
v 0.21582031 -0.36425781 -0.26269531
v 0.21777344 -0.33691406 -0.26660156
v 0.21777344 -0.33691406 -0.26660156
v 0.21777344 -0.33691406 -0.26660156
v 0.21777344 -0.33691406 -0.26660156
v 0.19238281 -0.30175781 -0.30175781
v 0.19238281 -0.30175781 -0.30175781
v 0.15527344 -0.32324219 -0.32910156
v 0.15527344 -0.32324219 -0.32910156
v 0.10839844 -0.36425781 -0.34277344
v 0.10839844 -0.36425781 -0.34277344
v 0.10253906 -0.40527344 -0.32714844
v 0.10253906 -0.40527344 -0.32714844
v 0.10253906 -0.40527344 -0.32714844
v 0.09082031 -0.43847656 -0.29980469
v 0.05175782 -0.43652344 -0.30371094
v 0.05175782 -0.43652344 -0.30371094
v 0.02636719 -0.43652344 -0.29785156
v -0.00488281 -0.43847656 -0.28222656
v -0.03222656 -0.44238281 -0.25878906
v -0.02636719 -0.45996094 -0.24511719
v -0.03613281 -0.46191406 -0.22167969
v -0.03613281 -0.46191406 -0.22167969
v -0.03222656 -0.46582031 -0.19238281
v -0.00878906 -0.46777344 -0.16894531
v 0.02050782 -0.46972656 -0.15722656
v 0.02050782 -0.46972656 -0.15722656
v 0.02050782 -0.46972656 -0.15722656
v 0.02050782 -0.46972656 -0.15722656
v 0.05371094 -0.46972656 -0.15332031
v 0.05371094 -0.46972656 -0.15332031
v 0.08691406 -0.46972656 -0.15917969
v 0.08691406 -0.46972656 -0.15917969
v 0.11230469 -0.46777344 -0.17285156
v 0.12988281 -0.46386719 -0.19824219
v 0.12988281 -0.46386719 -0.19824219
v 0.13769531 -0.46386719 -0.22558594
v 0.13769531 -0.46386719 -0.22558594
v 0.15722656 -0.45019531 -0.23339844
v 0.15722656 -0.45019531 -0.23339844
v 0.18261719 -0.42871094 -0.24316406
v 0.18261719 -0.42871094 -0.24316406
v 0.18261719 -0.42871094 -0.24316406
v 0.20214844 -0.40136719 -0.25292969
v 0.20214844 -0.40136719 -0.25292969
v 0.22363281 -0.37207031 -0.21972656
v 0.22363281 -0.37207031 -0.21972656
v 0.22363281 -0.37207031 -0.21972656
v 0.21777344 -0.34277344 -0.25878906
v 0.21777344 -0.34277344 -0.25878906
v 0.21777344 -0.34277344 -0.25878906
v 0.32910156 -0.32910156 -0.11035156
v 0.30371094 -0.33105469 -0.17089844
v 0.31738281 -0.29589844 -0.17871094
v 0.27246094 -0.32910156 -0.21386719
v 0.26074219 -0.35839844 -0.20214844
v 0.28613281 -0.36035156 -0.15917969
v 0.28417969 -0.38574219 -0.09863281
v 0.28417969 -0.38574219 -0.09863281
v 0.30957031 -0.36035156 -0.10449219
v 0.31738281 -0.36035156 -0.04003906
v 0.31738281 -0.36035156 -0.04003906
v 0.33691406 -0.32910156 -0.04003906
v 0.34472656 -0.29589844 -0.11425781
v 0.35449219 -0.25878906 -0.11816406
v 0.35449219 -0.25878906 -0.11816406
v 0.32519531 -0.26074219 -0.18457031
v 0.36230469 -0.22167969 -0.12011719
v 0.36230469 -0.22167969 -0.12011719
v 0.20800781 0.04785157 -0.28808594
v 0.20800781 0.04785157 -0.28808594
v 0.22167969 0.04980469 -0.29785156
v 0.21191406 0.05566407 -0.29785156
v 0.21191406 0.05566407 -0.29785156
v 0.22167969 0.05566407 -0.30761719
v 0.22167969 0.05566407 -0.30761719
v 0.23339844 0.04394532 -0.29785156
v 0.23339844 0.04394532 -0.29785156
v 0.23339844 0.04394532 -0.29785156
v 0.22167969 0.04003907 -0.28417969
v 0.21777344 0.02050782 -0.27441406
v 0.20019531 0.03027344 -0.27636719
v 0.20019531 0.03027344 -0.27636719
v 0.18457031 0.04003907 -0.29003906
v 0.19628906 0.05371094 -0.29589844
v 0.19628906 0.05371094 -0.29589844
v 0.19628906 0.05371094 -0.29589844
v 0.20410156 0.05761719 -0.30175781
v 0.18847656 0.05761719 -0.31152344
v 0.18847656 0.05761719 -0.31152344
v 0.20214844 0.06152344 -0.31347656
v 0.20410156 0.06152344 -0.32324219
v 0.22167969 0.05566407 -0.33105469
v 0.22167969 0.05566407 -0.31933594
v 0.24121094 0.04003907 -0.31933594
v 0.24121094 0.04003907 -0.31933594
v 0.24121094 0.04003907 -0.30761719
v 0.24121094 0.04003907 -0.30761719
v 0.23535156 0.03222657 -0.29003906
v 0.23535156 0.03222657 -0.29003906
v 0.23730469 0.00878907 -0.28027344
v 0.23730469 0.00878907 -0.28027344
v 0.21582031 0.00097657 -0.26855469
v 0.19433594 0.01660157 -0.27246094
v 0.19433594 0.01660157 -0.27246094
v 0.17675781 0.01855469 -0.28613281
v 0.17871094 0.02832032 -0.28613281
v 0.17285156 0.04785157 -0.30957031
v 0.17285156 0.04785157 -0.30957031
v 0.18652344 0.05957032 -0.32714844
v 0.18652344 0.05957032 -0.32714844
v 0.18652344 0.05957032 -0.32714844
v 0.20605469 0.05957032 -0.33300781
v 0.20996094 0.05566407 -0.34277344
v 0.21972656 0.05175782 -0.34082031
v 0.23144531 0.04394532 -0.34277344
v 0.23144531 0.04394532 -0.34277344
v 0.23144531 0.04394532 -0.34277344
v 0.23730469 0.04199219 -0.33105469
v 0.23730469 0.04199219 -0.33105469
v 0.24902344 0.02441407 -0.32128906
v 0.24511719 0.02636719 -0.30371094
v 0.24902344 0.00097657 -0.29785156
v 0.24902344 0.00097657 -0.29785156
v 0.23535156 -0.01269531 -0.27636719
v 0.21386719 -0.01269531 -0.26855469
v 0.19238281 0.00488282 -0.27246094
v 0.19238281 0.00488282 -0.27246094
v 0.19042969 -0.00683593 -0.27441406
v 0.19238281 -0.01855468 -0.27441406
v 0.19238281 -0.01855468 -0.27441406
v 0.19238281 -0.01855468 -0.27441406
v 0.17675781 0.00488282 -0.28613281
v 0.17675781 0.00488282 -0.28613281
v 0.16503906 0.02636719 -0.30761719
v 0.16699219 0.03613282 -0.30761719
v 0.16699219 0.03613282 -0.30761719
v 0.16308594 0.03613282 -0.33300781
v 0.16308594 0.03613282 -0.33300781
v 0.17089844 0.04785157 -0.33300781
v 0.17089844 0.04785157 -0.33300781
v 0.19238281 0.05566407 -0.34277344
v 0.19238281 0.05566407 -0.34277344
v 0.20410156 0.04980469 -0.35449219
v 0.20410156 0.04980469 -0.35449219
v 0.20410156 0.04980469 -0.35449219
v 0.21777344 0.04003907 -0.35644531
v 0.21777344 0.04003907 -0.35644531
v 0.23339844 0.03222657 -0.35058594
v 0.23339844 0.03222657 -0.35058594
v 0.24511719 0.02636719 -0.33886719
v 0.24511719 0.02636719 -0.33886719
v 0.25488281 -0.00292968 -0.32128906
v 0.25488281 -0.02832031 -0.32324219
v 0.25488281 -0.02832031 -0.32324219
v 0.24902344 -0.02246093 -0.29394531
v 0.24902344 -0.02246093 -0.29394531
v 0.23144531 -0.03222656 -0.27636719
v 0.20996094 -0.02636718 -0.26855469
v 0.20996094 -0.02636718 -0.26855469
v 0.20800781 -0.03613281 -0.27050781
v 0.20800781 -0.03613281 -0.27050781
v 0.20800781 -0.03613281 -0.27050781
v 0.20800781 -0.03613281 -0.27050781
v 0.20605469 -0.04589843 -0.27441406
v 0.20605469 -0.04589843 -0.27441406
v 0.20605469 -0.04589843 -0.27441406
v 0.20605469 -0.04589843 -0.27441406
v 0.20410156 -0.04003906 -0.26660156
v 0.19042969 -0.01074218 -0.26855469
v 0.18457031 0.01660157 -0.24511719
v 0.18457031 0.01660157 -0.24511719
v 0.18652344 0.00878907 -0.25292969
v 0.15722656 0.03808594 -0.27050781
v 0.15722656 0.03808594 -0.27050781
v 0.16503906 0.02832032 -0.27832031
v 0.16503906 0.02832032 -0.27832031
v 0.18847656 0.00097657 -0.25878906
v 0.17285156 0.01464844 -0.28417969
v 0.16308594 0.01660157 -0.30957031
v 0.16308594 0.01660157 -0.30957031
v 0.15917969 0.02636719 -0.33496094
v 0.15917969 0.02636719 -0.33496094
v 0.16894531 0.03027344 -0.36035156
v 0.17871094 0.04394532 -0.35449219
v 0.17871094 0.04394532 -0.35449219
v 0.19238281 0.03417969 -0.37011719
v 0.19238281 0.03417969 -0.37011719
v 0.21386719 0.02050782 -0.37402344
v 0.23339844 0.00683594 -0.36621094
v 0.23339844 0.00683594 -0.36621094
v 0.23339844 0.00683594 -0.36621094
v 0.24902344 -0.00097656 -0.34667969
v 0.24902344 -0.00097656 -0.34667969
v 0.24902344 -0.02636718 -0.35058594
v 0.24902344 -0.02636718 -0.35058594
v 0.25097656 -0.05371093 -0.32324219
v 0.25097656 -0.05371093 -0.32324219
v 0.25097656 -0.05371093 -0.32324219
v 0.24316406 -0.04980468 -0.29589844
v 0.24316406 -0.04980468 -0.29589844
v 0.22558594 -0.04785156 -0.27636719
v 0.22558594 -0.04785156 -0.27636719
v 0.21972656 -0.05957031 -0.27832031
v 0.21972656 -0.05957031 -0.27832031
v 0.21972656 -0.05957031 -0.27832031
v 0.21972656 -0.05957031 -0.27832031
v 0.21972656 -0.05957031 -0.27832031
v 0.21972656 -0.05957031 -0.27832031
v 0.21386719 -0.06738281 -0.27832031
v 0.21386719 -0.06738281 -0.27832031
v 0.21386719 -0.06738281 -0.27832031
v 0.21386719 -0.06738281 -0.27832031
v 0.21582031 -0.08300781 -0.28417969
v 0.21582031 -0.08300781 -0.28417969
v 0.21582031 -0.08300781 -0.28417969
v 0.21582031 -0.08300781 -0.28417969
v 0.21582031 -0.08300781 -0.28417969
v 0.21191406 -0.06738281 -0.27246094
v 0.21191406 -0.06738281 -0.27246094
v 0.20214844 -0.02441406 -0.25488281
v 0.20410156 -0.02050781 -0.24707031
v 0.20410156 -0.02050781 -0.24707031
v 0.33105469 -0.00878906 -0.04003906
v 0.32128906 -0.00878906 -0.10839844
v 0.31542969 0.01855469 -0.04003906
v 0.28613281 0.10058594 -0.05566406
v 0.28613281 0.10058594 -0.05566406
v 0.28222656 0.08105469 -0.05371093
v 0.28222656 0.08105469 -0.05371093
v 0.28222656 0.08105469 -0.05371093
v 0.28613281 0.10449219 -0.04785156
v 0.28222656 0.08105469 -0.04003906
v 0.28222656 0.08105469 -0.04003906
v 0.28222656 0.08105469 -0.04003906
v 0.28222656 0.08105469 -0.04003906
v 0.28613281 0.10644532 -0.04003906
v 0.28613281 0.10644532 -0.04003906
v 0.28613281 0.10449219 -0.03417968
v 0.28613281 0.10449219 -0.03417968
v 0.28613281 0.10058594 -0.02441406
v 0.28613281 0.10058594 -0.02441406
v 0.28222656 0.08105469 -0.02832031
v 0.28222656 0.08105469 -0.02832031
v 0.28222656 0.08105469 -0.02832031
v 0.28222656 0.08105469 -0.02832031
v 0.19433594 0.04394532 -0.04003906
v 0.14160156 0.08691407 0.00878907
v 0.14160156 0.08691407 0.00878907
v 0.14160156 0.08691407 0.00878907
v 0.12988281 0.08886719 -0.04003906
v 0.12988281 0.08886719 -0.04003906
v 0.12988281 0.08886719 -0.04003906
v 0.14160156 0.08691407 -0.09082031
v 0.14160156 0.08691407 -0.09082031
v 0.14160156 0.08691407 -0.09082031
v 0.28027344 0.11816407 -0.02636719
v 0.28027344 0.11816407 -0.02636719
v 0.18457031 0.13769531 -0.04003906
v 0.18457031 0.13769531 -0.04003906
v 0.18457031 0.13769531 -0.04003906
v 0.18457031 0.13769531 -0.04003906
v 0.18457031 0.13769531 -0.04003906
v 0.28222656 0.12207032 -0.04003906
v 0.28222656 0.12207032 -0.04003906
v 0.28222656 0.12207032 -0.04003906
v 0.28222656 0.12207032 -0.04003906
v 0.28027344 0.11816407 -0.05371093
v 0.28027344 0.11816407 -0.05371093
v 0.28027344 0.11816407 -0.05371093
v 0.28027344 0.11816407 -0.05371093
v 0.30566406 0.10644532 -0.05175781
v 0.30566406 0.10644532 -0.05175781
v 0.30761719 0.10839844 -0.04003906
v 0.30761719 0.10839844 -0.04003906
v 0.30761719 0.10839844 -0.04003906
v 0.30761719 0.10839844 -0.04003906
v 0.30566406 0.10644532 -0.04980468
v 0.30566406 0.10644532 -0.04980468
v 0.30566406 0.10644532 -0.04980468
v 0.30566406 0.10644532 -0.04980468
v 0.30761719 0.10644532 -0.04003906
v 0.30761719 0.10644532 -0.04003906
v 0.29589844 0.11035157 -0.04003906
v 0.29589844 0.11035157 -0.04003906
v 0.29589844 0.11035157 -0.04003906
v 0.29589844 0.10839844 -0.04785156
v 0.29589844 0.10839844 -0.04785156
v 0.29589844 0.10839844 -0.04785156
v 0.29394531 0.10449219 -0.05566406
v 0.29394531 0.10449219 -0.05566406
v 0.27832031 0.11425782 -0.06347656
v 0.27832031 0.11425782 -0.06347656
v 0.18652344 0.13183594 -0.08105469
v 0.18652344 0.13183594 -0.08105469
v 0.18847656 0.12011719 -0.10253906
v 0.18847656 0.12011719 -0.10253906
v 0.18847656 0.12011719 -0.10253906
v 0.19238281 0.08691407 -0.11425781
v 0.19238281 0.08691407 -0.11425781
v 0.19238281 0.08691407 -0.11425781
v 0.19238281 0.08691407 -0.11425781
v 0.19628906 0.05761719 -0.11230469
v 0.19628906 0.05761719 -0.11230469
v 0.19433594 0.04785157 -0.08300781
v 0.19433594 0.04785157 -0.08300781
v 0.19433594 0.04785157 -0.08300781
v 0.19433594 0.04785157 -0.08300781
v 0.28027344 0.08105469 -0.06542969
v 0.28027344 0.08105469 -0.06542969
v 0.28027344 0.08105469 -0.06542969
v 0.28027344 0.08105469 -0.06542969
v 0.28613281 0.09472657 -0.06347656
v 0.28613281 0.09472657 -0.06347656
v 0.28613281 0.09472657 -0.06347656
v 0.28613281 0.09472657 -0.06347656
v 0.29003906 0.10058594 -0.06542969
v 0.29003906 0.10058594 -0.06542969
v 0.29003906 0.10058594 -0.06542969
v 0.29003906 0.10058594 -0.06542969
v 0.29199219 0.10644532 -0.05761718
v 0.29199219 0.10644532 -0.05761718
v 0.29199219 0.11035157 -0.04980468
v 0.29199219 0.11035157 -0.04980468
v 0.29199219 0.11230469 -0.04003906
v 0.29199219 0.11230469 -0.04003906
v 0.29199219 0.11230469 -0.04003906
v 0.30175781 0.11035157 -0.04980468
v 0.30175781 0.11035157 -0.04980468
v 0.30175781 0.11230469 -0.04003906
v 0.30175781 0.11230469 -0.04003906
v 0.30175781 0.11035157 -0.03222656
v 0.30175781 0.11035157 -0.03222656
v 0.29199219 0.11035157 -0.03222656
v 0.29199219 0.11035157 -0.03222656
v 0.29199219 0.10644532 -0.02441406
v 0.29199219 0.10644532 -0.02441406
v 0.29199219 0.10644532 -0.02441406
v 0.29003906 0.10058594 -0.01660156
v 0.29003906 0.10058594 -0.01660156
v 0.29003906 0.10058594 -0.01660156
v 0.28613281 0.09472657 -0.01855469
v 0.28613281 0.09472657 -0.01855469
v 0.28027344 0.08105469 -0.01464843
v 0.28027344 0.08105469 -0.01464843
v 0.28027344 0.08105469 -0.01464843
v 0.28027344 0.08105469 -0.01464843
v 0.19628906 0.04785157 0.00097657
v 0.19628906 0.04785157 0.00097657
v 0.19628906 0.04785157 0.00097657
v 0.19628906 0.04785157 0.00097657
v 0.19628906 0.05761719 0.03027344
v 0.19628906 0.05761719 0.03027344
v 0.19628906 0.05761719 0.03027344
v 0.19238281 0.08691407 0.03222657
v 0.19238281 0.08691407 0.03222657
v 0.19238281 0.08691407 0.03222657
v 0.19238281 0.08691407 0.03222657
v 0.19238281 0.08691407 0.03222657
v 0.18847656 0.12011719 0.02050782
v 0.18847656 0.12011719 0.02050782
v 0.18847656 0.12011719 0.02050782
v 0.18652344 0.13183594 -0.00097656
v 0.18652344 0.13183594 -0.00097656
v 0.18652344 0.13183594 -0.00097656
v 0.18652344 0.13183594 -0.00097656
v 0.27832031 0.11425782 -0.01855469
v 0.27832031 0.11425782 -0.01855469
v 0.29394531 0.10449219 -0.02636719
v 0.29394531 0.10449219 -0.02636719
v 0.29589844 0.10839844 -0.03417968
v 0.29589844 0.10839844 -0.03417968
v 0.30566406 0.10644532 -0.03222656
v 0.30566406 0.10644532 -0.03222656
v 0.30566406 0.10644532 -0.03222656
v 0.30566406 0.10644532 -0.03027344
v 0.30566406 0.10644532 -0.03027344
v 0.30761719 0.11230469 -0.04003906
v 0.30566406 0.11230469 -0.05761718
v 0.30371094 0.10253907 -0.06152343
v 0.30371094 0.10253907 -0.06152343
v 0.29980469 0.09667969 -0.07519531
v 0.29980469 0.09472657 -0.07128906
v 0.29980469 0.09472657 -0.07128906
v 0.30371094 0.10058594 -0.05957031
v 0.30371094 0.10058594 -0.05957031
v 0.30371094 0.10058594 -0.05957031
v 0.30371094 0.10058594 -0.05957031
v 0.29003906 0.10058594 -0.06152343
v 0.29003906 0.10058594 -0.06152343
v 0.27636719 0.10839844 -0.07324219
v 0.27636719 0.10839844 -0.07324219
v 0.27636719 0.09277344 -0.08105469
v 0.27636719 0.09277344 -0.08105469
v 0.27832031 0.08300782 -0.07714844
v 0.27832031 0.08300782 -0.07714844
v 0.27832031 0.08300782 -0.07714844
v 0.27832031 0.08300782 -0.07714844
v 0.27832031 0.08300782 -0.07714844
v 0.28808594 0.09863282 -0.06738281
v 0.28808594 0.09863282 -0.06738281
v 0.28808594 0.09863282 -0.06738281
v 0.28808594 0.09863282 -0.06738281
v 0.28808594 0.09863282 -0.06738281
v 0.29589844 0.09667969 -0.06738281
v 0.29589844 0.09667969 -0.06738281
v 0.29589844 0.09667969 -0.06738281
v 0.29785156 0.10058594 -0.06542969
v 0.29785156 0.10058594 -0.06542969
v 0.29785156 0.10058594 -0.06542969
v 0.29785156 0.10058594 -0.06542969
v 0.29980469 0.10449219 -0.05957031
v 0.29980469 0.10449219 -0.05957031
v 0.30175781 0.10058594 -0.05761718
v 0.30371094 0.10449219 -0.04980468
v 0.30566406 0.10644532 -0.04003906
v 0.30371094 0.09082032 -0.04003906
v 0.30371094 0.09082032 -0.04003906
v 0.30371094 0.10449219 -0.03222656
v 0.30175781 0.10058594 -0.02441406
v 0.29980469 0.10449219 -0.02246094
v 0.29980469 0.10449219 -0.02246094
v 0.29980469 0.10449219 -0.02246094
v 0.29785156 0.10058594 -0.01660156
v 0.29785156 0.10058594 -0.01660156
v 0.29589844 0.09667969 -0.01269531
v 0.28808594 0.09863282 -0.01464843
v 0.28808594 0.09863282 -0.01464843
v 0.27832031 0.08300782 -0.00488281
v 0.27832031 0.08300782 -0.00488281
v 0.27832031 0.08300782 -0.00488281
v 0.27636719 0.09472657 -0.00097656
v 0.27636719 0.09472657 -0.00097656
v 0.27636719 0.10839844 -0.00878906
v 0.27636719 0.10839844 -0.00878906
v 0.27636719 0.10839844 -0.00878906
v 0.27636719 0.10839844 -0.00878906
v 0.29003906 0.09863282 -0.01855469
v 0.29003906 0.09863282 -0.01855469
v 0.29003906 0.09863282 -0.01855469
v 0.30371094 0.10058594 -0.02246094
v 0.30371094 0.10058594 -0.02246094
v 0.30371094 0.10058594 -0.02246094
v 0.30371094 0.10058594 -0.02246094
v 0.29980469 0.09667969 -0.00683593
v 0.29980469 0.09472657 -0.00878906
v 0.29980469 0.09472657 -0.00878906
v 0.30371094 0.10253907 -0.01855469
v 0.30566406 0.11230469 -0.02246094
v 0.30761719 0.12207032 -0.04003906
v 0.25683594 0.18066406 -0.04003906
v 0.25097656 0.19824219 -0.04199218
v 0.25683594 0.18066406 -0.02050781
v 0.25097656 0.19628906 -0.01855469
v 0.24707031 0.19433594 0.00292969
v 0.23925781 0.20800781 0.00292969
v 0.24121094 0.21191406 -0.01855469
v 0.24316406 0.21191406 -0.04199218
v 0.24121094 0.21191406 -0.06347656
v 0.22949219 0.22363281 -0.06347656
v 0.22949219 0.22363281 -0.06347656
v 0.22753906 0.21972656 -0.08496094
v 0.22753906 0.21972656 -0.08496094
v 0.23925781 0.20800781 -0.08496094
v 0.23925781 0.20800781 -0.08496094
v 0.23730469 0.20410156 -0.09863281
v 0.23730469 0.20410156 -0.09863281
v 0.23730469 0.20410156 -0.09863281
v 0.24707031 0.19433594 -0.08496094
v 0.25097656 0.19628906 -0.06347656
v 0.25683594 0.18066406 -0.06152343
v 0.26074219 0.16894531 -0.04003906
v 0.26074219 0.16894531 -0.04003906
v 0.29003906 0.15722656 -0.05761718
v 0.29003906 0.15917969 -0.04003906
v 0.29394531 0.15527344 -0.05761718
v 0.29394531 0.15527344 -0.05761718
v 0.29589844 0.15527344 -0.04003906
v 0.29589844 0.15527344 -0.04003906
v 0.29785156 0.14941406 -0.05566406
v 0.29980469 0.14941406 -0.04003906
v 0.29980469 0.14160156 -0.04003906
v 0.29785156 0.14941406 -0.02636719
v 0.29394531 0.15527344 -0.02441406
v 0.29394531 0.15527344 -0.02441406
v 0.29003906 0.15722656 -0.02441406
v 0.28222656 0.15722656 -0.02246094
v 0.28417969 0.15917969 -0.04003906
v 0.28222656 0.15722656 -0.05957031
v 0.28027344 0.15722656 -0.05957031
v 0.28222656 0.15332031 -0.07519531
v 0.28222656 0.15332031 -0.07519531
v 0.28808594 0.15332031 -0.06933594
v 0.28808594 0.15332031 -0.06933594
v 0.28808594 0.15332031 -0.06933594
v 0.28808594 0.15332031 -0.06933594
v 0.29199219 0.14941406 -0.06738281
v 0.29199219 0.14941406 -0.06738281
v 0.29199219 0.14941406 -0.06738281
v 0.29785156 0.14160156 -0.06152343
v 0.29785156 0.14160156 -0.06152343
v 0.29785156 0.14160156 -0.06152343
v 0.30371094 0.13574219 -0.04003906
v 0.29785156 0.14160156 -0.02050781
v 0.29785156 0.14160156 -0.02050781
v 0.29199219 0.14941406 -0.01464843
v 0.29199219 0.14941406 -0.01464843
v 0.28808594 0.15332031 -0.01269531
v 0.28808594 0.15332031 -0.01269531
v 0.28808594 0.15332031 -0.01269531
v 0.28222656 0.15332031 -0.00683593
v 0.28222656 0.15332031 -0.00683593
v 0.28027344 0.15722656 -0.02246094
v 0.28027344 0.15917969 -0.04003906
v 0.26855469 0.16503906 -0.04003906
v 0.26855469 0.16308594 -0.06152343
v 0.27832031 0.15136719 -0.07910156
v 0.27832031 0.15136719 -0.07910156
v 0.27832031 0.15136719 -0.07910156
v 0.28808594 0.14355469 -0.07128906
v 0.28808594 0.14355469 -0.07128906
v 0.28808594 0.14355469 -0.07128906
v 0.28808594 0.14355469 -0.07128906
v 0.28808594 0.14355469 -0.07128906
v 0.29980469 0.13574219 -0.06542969
v 0.29980469 0.13574219 -0.06542969
v 0.30566406 0.12792969 -0.04003906
v 0.29980469 0.13574219 -0.01660156
v 0.29980469 0.13574219 -0.01660156
v 0.28808594 0.14355469 -0.01074218
v 0.28808594 0.14355469 -0.01074218
v 0.27832031 0.15136719 -0.00292968
v 0.27832031 0.15136719 -0.00292968
v 0.27832031 0.15136719 -0.00292968
v 0.27832031 0.15136719 -0.00292968
v 0.26855469 0.16308594 -0.02050781
v 0.26074219 0.16699219 -0.02050781
v 0.26074219 0.16699219 -0.02050781
v 0.25292969 0.17871094 0.00097657
v 0.23925781 0.19042969 0.02246094
v 0.23925781 0.19042969 0.02246094
v 0.23730469 0.20410156 0.01660157
v 0.23730469 0.20410156 0.01660157
v 0.22753906 0.21972656 0.00292969
v 0.22753906 0.21972656 0.00292969
v 0.22949219 0.22363281 -0.01855469
v 0.22949219 0.22363281 -0.01855469
v 0.23144531 0.22363281 -0.04199218
v 0.23144531 0.22363281 -0.04199218
v 0.08886719 0.26269531 -0.06152343
v 0.08886719 0.26464844 -0.04199218
v 0.12597656 0.26074219 -0.05371093
v 0.12597656 0.26074219 -0.04199218
v 0.06738281 0.49707031 -0.19238281
v 0.06738281 0.49707031 -0.19238281
v 0.06738281 0.49707031 -0.19238281
v 0.06738281 0.49707031 -0.19238281
v 0.06738281 0.49707031 -0.19238281
v 0.06933594 0.49707031 -0.19042969
v 0.06933594 0.49707031 -0.19042969
v 0.06933594 0.49707031 -0.19042969
v 0.06933594 0.49707031 -0.19433594
v 0.06933594 0.49707031 -0.19433594
v 0.06933594 0.49707031 -0.19433594
v 0.06933594 0.49707031 -0.19433594
v 0.06933594 0.49707031 -0.19433594
v 0.07128906 0.49707031 -0.19042969
v 0.07128906 0.49707031 -0.19042969
v 0.07128906 0.49707031 -0.19042969
v 0.07128906 0.49707031 -0.19042969
v 0.07324219 0.49707031 -0.19238281
v 0.07324219 0.49707031 -0.19238281
v 0.07324219 0.49707031 -0.19238281
v 0.07324219 0.49707031 -0.19238281
v 0.07519531 0.49121094 -0.18457031
v 0.08105469 0.47558594 -0.17285156
v 0.07324219 0.47558594 -0.17089844
v 0.07128906 0.49121094 -0.18261719
v 0.07128906 0.49121094 -0.18261719
v 0.06738281 0.49121094 -0.18457031
v 0.06738281 0.49121094 -0.18457031
v 0.06347656 0.49121094 -0.18652344
v 0.06347656 0.49121094 -0.18652344
v 0.06152344 0.48925781 -0.19042969
v 0.06152344 0.48925781 -0.19042969
v 0.06152344 0.48925781 -0.19042969
v 0.06152344 0.48925781 -0.19042969
v 0.06738281 0.49511719 -0.19238281
v 0.06738281 0.49511719 -0.19238281
v 0.06738281 0.49511719 -0.19433594
v 0.06933594 0.49511719 -0.19628906
v 0.06933594 0.49511719 -0.19628906
v 0.07128906 0.49511719 -0.19628906
v 0.07128906 0.49511719 -0.19628906
v 0.07324219 0.49511719 -0.19433594
v 0.07324219 0.49511719 -0.19433594
v 0.07324219 0.49511719 -0.19433594
v 0.07324219 0.49511719 -0.19238281
v 0.07324219 0.49511719 -0.19238281
v 0.07324219 0.49511719 -0.19238281
v 0.07910156 0.48925781 -0.19042969
v 0.07910156 0.48925781 -0.19042969
v 0.07910156 0.48925781 -0.19042969
v 0.07910156 0.48925781 -0.19042969
v 0.07714844 0.49121094 -0.18652344
v 0.07714844 0.49121094 -0.18652344
v 0.08691406 0.47363281 -0.17675781
v 0.08691406 0.47363281 -0.17675781
v 0.09472656 0.43261719 -0.14746094
v 0.07714844 0.43261719 -0.14550781
v 0.07714844 0.43261719 -0.14550781
v 0.05957032 0.43066406 -0.14941406
v 0.06347656 0.47363281 -0.17089844
v 0.06347656 0.47363281 -0.17089844
v 0.05761719 0.47167969 -0.17675781
v 0.05371094 0.46972656 -0.18457031
v 0.05371094 0.46972656 -0.18457031
v 0.05761719 0.46582031 -0.19433594
v 0.06347656 0.48730469 -0.19433594
v 0.06738281 0.48730469 -0.19824219
v 0.06738281 0.48730469 -0.19824219
v 0.06933594 0.48730469 -0.19824219
v 0.07324219 0.48730469 -0.19824219
v 0.07324219 0.48730469 -0.19824219
v 0.07714844 0.48925781 -0.19433594
v 0.07714844 0.48925781 -0.19433594
v 0.07714844 0.48925781 -0.19433594
v 0.07714844 0.48925781 -0.19433594
v 0.08496094 0.46777344 -0.19238281
v 0.08496094 0.46777344 -0.19238281
v 0.08496094 0.46777344 -0.19238281
v 0.08886719 0.47167969 -0.18457031
v 0.08886719 0.47167969 -0.18457031
v 0.10449219 0.43066406 -0.15722656
v 0.10449219 0.43066406 -0.15722656
v 0.10644531 0.38183594 -0.12402344
v 0.12011719 0.37988281 -0.13378906
v 0.12011719 0.37988281 -0.13378906
v 0.12011719 0.32324219 -0.10058594
v 0.08691406 0.32324219 -0.09863281
v 0.08691406 0.32324219 -0.09863281
v 0.08105469 0.38183594 -0.12207031
v 0.08105469 0.38183594 -0.12207031
v 0.05566407 0.37988281 -0.12597656
v 0.04785157 0.42675781 -0.15917969
v 0.04199219 0.42285156 -0.17285156
v 0.04199219 0.42285156 -0.17285156
v 0.04785157 0.41699219 -0.18847656
v 0.06347656 0.46582031 -0.20019531
v 0.06347656 0.46582031 -0.20019531
v 0.07128906 0.46582031 -0.20214844
v 0.07128906 0.46582031 -0.20214844
v 0.07714844 0.46582031 -0.19824219
v 0.07714844 0.46582031 -0.19824219
v 0.07714844 0.46582031 -0.19824219
v 0.07714844 0.46582031 -0.19824219
v 0.07714844 0.46582031 -0.19824219
v 0.07714844 0.46582031 -0.19824219
v 0.08496094 0.41699219 -0.19628906
v 0.08496094 0.41699219 -0.19628906
v 0.09863281 0.42089844 -0.18261719
v 0.10644531 0.42675781 -0.16699219
v 0.10644531 0.42675781 -0.16699219
v 0.12597656 0.37402344 -0.14941406
v 0.12597656 0.37402344 -0.14941406
v 0.13769531 0.31933594 -0.11230469
v 0.13769531 0.31933594 -0.11230469
v 0.13183594 0.25878906 -0.07714844
v 0.13183594 0.25878906 -0.07714844
v 0.15332031 0.25488281 -0.08691406
v 0.15332031 0.25488281 -0.08691406
v 0.15332031 0.25488281 -0.08691406
v 0.15136719 0.25488281 -0.06542969
v 0.16308594 0.25488281 -0.04199218
v 0.19042969 0.24707031 -0.06542969
v 0.19042969 0.24707031 -0.04199218
v 0.21191406 0.23535156 -0.06347656
v 0.21191406 0.23730469 -0.04199218
v 0.20996094 0.23144531 -0.08691406
v 0.22558594 0.21191406 -0.10644531
v 0.22558594 0.21191406 -0.10644531
v 0.22558594 0.21191406 -0.10644531
v 0.23925781 0.19042969 -0.10449219
v 0.23925781 0.19042969 -0.10449219
v 0.25292969 0.17675781 -0.08300781
v 0.26074219 0.16699219 -0.06152343
v 0.26074219 0.16699219 -0.06152343
v 0.26464844 0.15917969 -0.08105469
v 0.27636719 0.14355469 -0.09472656
v 0.27636719 0.14355469 -0.09472656
v 0.27636719 0.14355469 -0.09472656
v 0.29003906 0.13769531 -0.08300781
v 0.29003906 0.13769531 -0.08300781
v 0.29003906 0.13769531 -0.08300781
v 0.29003906 0.13769531 -0.08300781
v 0.30371094 0.12792969 -0.06738281
v 0.30566406 0.12011719 -0.06542969
v 0.30566406 0.12011719 -0.06542969
v 0.30371094 0.10839844 -0.06933594
v 0.30371094 0.10839844 -0.06933594
v 0.29980469 0.10449219 -0.08105469
v 0.29589844 0.09277344 -0.08691406
v 0.29785156 0.09277344 -0.07128906
v 0.29785156 0.09277344 -0.07128906
v 0.29785156 0.09277344 -0.07128906
v 0.29785156 0.09277344 -0.07128906
v 0.29785156 0.09277344 -0.07128906
v 0.29785156 0.09277344 -0.07128906
v 0.29785156 0.09277344 -0.07128906
v 0.29785156 0.09277344 -0.07128906
v 0.30175781 0.09667969 -0.06152343
v 0.30175781 0.08886719 -0.05371093
v 0.30175781 0.08886719 -0.05371093
v 0.29980469 0.07128907 -0.04003906
v 0.29980469 0.07128907 -0.04003906
v 0.30175781 0.08886719 -0.02832031
v 0.30175781 0.09667969 -0.02050781
v 0.30175781 0.09667969 -0.02050781
v 0.29785156 0.09277344 -0.01074218
v 0.29785156 0.09277344 -0.01074218
v 0.29785156 0.09277344 -0.01074218
v 0.29785156 0.09277344 -0.01074218
v 0.29785156 0.09277344 -0.01074218
v 0.29785156 0.09277344 -0.01074218
v 0.29785156 0.09277344 -0.01074218
v 0.29785156 0.09277344 0.00488282
v 0.29785156 0.09277344 0.00488282
v 0.29785156 0.09277344 0.00488282
v 0.29980469 0.10449219 -0.00097656
v 0.30371094 0.10839844 -0.01269531
v 0.30566406 0.12011719 -0.01660156
v 0.30371094 0.12792969 -0.01464843
v 0.29003906 0.13769531 0.00097657
v 0.29003906 0.13769531 0.00097657
v 0.27636719 0.14355469 0.01269532
v 0.26660156 0.15917969 -0.00097656
v 0.26660156 0.15917969 -0.00097656
v 0.25683594 0.16503906 0.00097657
v 0.25683594 0.16503906 0.00097657
v 0.25683594 0.16503906 0.00097657
v 0.24511719 0.17285156 0.02636719
v 0.24511719 0.17285156 0.02636719
v 0.22558594 0.19433594 0.04003907
v 0.22558594 0.21191406 0.02441407
v 0.22558594 0.21191406 0.02441407
v 0.22558594 0.21191406 0.02441407
v 0.20996094 0.23144531 0.00488282
v 0.21191406 0.23535156 -0.01855469
v 0.19042969 0.24707031 -0.01855469
v 0.15136719 0.25488281 -0.01855469
v 0.06738281 0.49902344 0.10253906
v 0.06738281 0.49902344 0.10253906
v 0.06738281 0.49902344 0.10253906
v 0.06738281 0.49902344 0.10253906
v 0.07128906 0.49902344 0.10449219
v 0.07128906 0.49902344 0.10449219
v 0.06933594 0.49902344 0.10058594
v 0.06933594 0.49902344 0.10058594
v 0.06933594 0.49902344 0.10058594
v 0.07128906 0.49902344 0.10058594
v 0.07128906 0.49902344 0.10058594
v 0.07128906 0.49902344 0.10058594
v 0.07910156 0.49316406 0.10058594
v 0.07910156 0.49316406 0.10058594
v 0.07910156 0.49316406 0.10058594
v 0.07714844 0.49316406 0.09667969
v 0.07714844 0.49316406 0.09667969
v 0.07324219 0.49902344 0.10253906
v 0.07324219 0.49902344 0.10253906
v 0.07324219 0.49902344 0.10253906
v 0.07519531 0.49316406 0.09472656
v 0.07519531 0.49316406 0.09472656
v 0.07324219 0.49902344 0.10449219
v 0.07324219 0.49902344 0.10449219
v 0.07324219 0.49902344 0.10449219
v 0.07128906 0.49707031 0.10644531
v 0.06933594 0.49707031 0.10644531
v 0.06933594 0.49707031 0.10644531
v 0.06738281 0.49902344 0.10449219
v 0.06738281 0.49902344 0.10449219
v 0.06738281 0.49902344 0.10449219
v 0.06738281 0.49902344 0.10449219
v 0.06347656 0.49121094 0.10058594
v 0.06347656 0.49121094 0.10058594
v 0.06347656 0.49316406 0.09667969
v 0.06347656 0.49316406 0.09667969
v 0.06738281 0.49316406 0.09472656
v 0.06738281 0.49316406 0.09472656
v 0.07128906 0.49316406 0.09277344
v 0.07128906 0.49316406 0.09277344
v 0.07128906 0.49316406 0.09277344
v 0.07324219 0.47753906 0.08105469
v 0.08105469 0.47753906 0.08300781
v 0.08105469 0.47753906 0.08300781
v 0.08691406 0.47558594 0.08691406
v 0.08691406 0.47558594 0.08691406
v 0.08691406 0.47558594 0.08691406
v 0.10449219 0.43261719 0.06738281
v 0.10449219 0.43261719 0.06738281
v 0.08886719 0.47363281 0.09472656
v 0.08496094 0.47167969 0.10253906
v 0.08496094 0.47167969 0.10253906
v 0.07714844 0.49121094 0.10449219
v 0.07714844 0.49121094 0.10449219
v 0.07519531 0.49121094 0.10839844
v 0.07519531 0.49121094 0.10839844
v 0.07128906 0.48925781 0.10839844
v 0.06738281 0.48925781 0.10839844
v 0.06738281 0.48925781 0.10839844
v 0.06347656 0.49121094 0.10644531
v 0.06347656 0.49121094 0.10644531
v 0.05761719 0.46972656 0.10449219
v 0.05371094 0.47167969 0.09667969
v 0.05371094 0.47167969 0.09667969
v 0.05371094 0.47167969 0.09667969
v 0.05371094 0.47167969 0.09667969
v 0.05761719 0.47363281 0.08886719
v 0.06347656 0.47558594 0.08300781
v 0.06347656 0.47558594 0.08300781
v 0.05957032 0.43261719 0.06152344
v 0.05957032 0.43261719 0.06152344
v 0.07714844 0.43457031 0.05761719
v 0.09277344 0.43457031 0.05957032
v 0.10644531 0.38183594 0.03808594
v 0.12011719 0.37988281 0.04785157
v 0.12011719 0.37988281 0.04785157
v 0.13574219 0.32128906 0.02636719
v 0.13574219 0.32128906 0.02636719
v 0.12597656 0.37597656 0.06152344
v 0.12597656 0.37597656 0.06152344
v 0.10644531 0.42871094 0.07910156
v 0.10644531 0.42871094 0.07910156
v 0.09863281 0.42480469 0.09472656
v 0.09863281 0.42480469 0.09472656
v 0.08691406 0.41894531 0.11035157
v 0.07910156 0.46972656 0.11035157
v 0.07910156 0.46972656 0.11035157
v 0.07128906 0.46777344 0.11230469
v 0.07128906 0.46777344 0.11230469
v 0.06347656 0.46777344 0.11035157
v 0.04785157 0.42089844 0.10253906
v 0.04199219 0.42480469 0.08691406
v 0.04199219 0.42480469 0.08691406
v 0.04785157 0.42871094 0.07128906
v 0.05566407 0.37988281 0.04003907
v 0.05566407 0.37988281 0.04003907
v 0.08105469 0.38183594 0.03613282
v 0.08496094 0.32324219 0.01269532
v 0.12011719 0.32324219 0.01464844
v 0.13183594 0.25878906 -0.00683593
v 0.13183594 0.25878906 -0.00683593
v 0.15136719 0.25488281 0.00488282
v 0.15136719 0.25488281 0.00488282
v 0.15136719 0.25488281 0.00488282
v 0.12402344 0.26074219 -0.02832031
v 0.08886719 0.26269531 -0.02050781
v 0.06152344 0.26269531 -0.02636719
v 0.06152344 0.26464844 -0.04199218
v 0.06152344 0.26269531 -0.05566406
v 0.08886719 0.26074219 -0.07519531
v 0.08886719 0.26074219 -0.07519531
v 0.08886719 0.26074219 -0.07519531
v 0.05175782 0.32128906 -0.10449219
v 0.03808594 0.37402344 -0.13964844
v 0.03027344 0.36816406 -0.16113281
v 0.03027344 0.36816406 -0.16113281
v 0.04003907 0.36035156 -0.18261719
v 0.04003907 0.36035156 -0.18261719
v 0.05761719 0.35644531 -0.19824219
v 0.05761719 0.35644531 -0.19824219
v 0.05761719 0.35644531 -0.19824219
v 0.05957032 0.41503906 -0.20019531
v 0.05957032 0.41503906 -0.20019531
v 0.07324219 0.41503906 -0.20214844
v 0.07324219 0.41503906 -0.20214844
v 0.09472656 0.36035156 -0.19238281
v 0.09472656 0.36035156 -0.19238281
v 0.11230469 0.36621094 -0.17089844
v 0.12597656 0.30566406 -0.15722656
v 0.14550781 0.31542969 -0.12792969
v 0.14550781 0.31542969 -0.12792969
v 0.16308594 0.24902344 -0.10644531
v 0.16308594 0.24902344 -0.10644531
v 0.16308594 0.24902344 -0.10644531
v 0.16894531 0.25097656 -0.08691406
v 0.18847656 0.24316406 -0.08886719
v 0.20800781 0.22167969 -0.11425781
v 0.20800781 0.20605469 -0.13183594
v 0.20800781 0.20605469 -0.13183594
v 0.20800781 0.20605469 -0.13183594
v 0.20800781 0.20605469 -0.13183594
v 0.22558594 0.19433594 -0.12011719
v 0.22558594 0.19433594 -0.12011719
v 0.22558594 0.19433594 -0.12011719
v 0.22558594 0.19433594 -0.12011719
v 0.24511719 0.17285156 -0.10839844
v 0.24511719 0.17285156 -0.10839844
v 0.25683594 0.16503906 -0.08300781
v 0.25683594 0.16503906 -0.08300781
v 0.26074219 0.15136719 -0.10253906
v 0.26074219 0.15136719 -0.10253906
v 0.27441406 0.12988281 -0.10839844
v 0.27441406 0.12988281 -0.10839844
v 0.27441406 0.12988281 -0.10839844
v 0.29003906 0.12792969 -0.09277344
v 0.29003906 0.12792969 -0.09277344
v 0.30175781 0.11621094 -0.07714844
v 0.30175781 0.11621094 -0.07714844
v 0.29785156 0.10449219 -0.08886719
v 0.29785156 0.10449219 -0.08886719
v 0.29394531 0.08691407 -0.08886719
v 0.29394531 0.08691407 -0.08886719
v 0.29394531 0.08691407 -0.08886719
v 0.29394531 0.08691407 -0.08886719
v 0.29980469 0.08691407 -0.06933594
v 0.29980469 0.08691407 -0.06933594
v 0.29785156 0.07128907 -0.06152343
v 0.29785156 0.07128907 -0.06152343
v 0.29980469 0.05761719 -0.04003906
v 0.29785156 0.07128907 -0.02050781
v 0.29980469 0.08691407 -0.01269531
v 0.29394531 0.08691407 0.00683594
v 0.29394531 0.08691407 0.00683594
v 0.29394531 0.08691407 0.00683594
v 0.29785156 0.10449219 0.00683594
v 0.29785156 0.10449219 0.00683594
v 0.30175781 0.11621094 -0.00488281
v 0.29003906 0.12792969 0.01074219
v 0.29003906 0.12792969 0.01074219
v 0.27441406 0.12988281 0.02636719
v 0.26074219 0.15136719 0.02050782
v 0.24902344 0.15722656 0.02636719
v 0.24902344 0.15722656 0.02636719
v 0.22949219 0.16894531 0.04394532
v 0.21582031 0.18066406 0.05371094
v 0.20800781 0.20605469 0.04980469
v 0.20800781 0.22167969 0.03222657
v 0.20800781 0.22167969 0.03222657
v 0.18847656 0.24316406 0.00683594
v 0.16894531 0.25097656 0.00488282
v 0.16308594 0.24902344 0.02246094
v 0.16308594 0.24902344 0.02246094
v 0.16308594 0.24902344 0.02246094
v 0.14355469 0.31542969 0.04394532
v 0.14355469 0.31542969 0.04394532
v 0.12597656 0.30761719 0.07324219
v 0.11230469 0.37011719 0.08496094
v 0.11230469 0.37011719 0.08496094
v 0.09472656 0.36230469 0.10644531
v 0.07324219 0.41699219 0.11621094
v 0.07324219 0.41699219 0.11621094
v 0.06152344 0.41699219 0.11230469
v 0.05957032 0.36035156 0.11230469
v 0.04003907 0.36425781 0.09667969
v 0.03222657 0.37011719 0.07519531
v 0.03222657 0.37011719 0.07519531
v 0.03808594 0.37597656 0.05371094
v 0.05175782 0.32128906 0.02050782
v 0.05175782 0.32128906 0.02050782
v 0.08886719 0.26074219 -0.00683593
v 0.08886719 0.26074219 -0.00683593
v 0.03613282 0.25878906 -0.01464843
v 0.03417969 0.26074219 -0.04003906
v 0.03613282 0.25878906 -0.06738281
v 0.04589844 0.25683594 -0.08300781
v 0.04589844 0.25683594 -0.08300781
v 0.03027344 0.31542969 -0.12011719
v 0.02050782 0.30761719 -0.14746094
v 0.02050782 0.30761719 -0.14746094
v 0.03417969 0.29980469 -0.17480469
v 0.03417969 0.29980469 -0.17480469
v 0.05761719 0.29394531 -0.19433594
v 0.05761719 0.29394531 -0.19433594
v 0.07714844 0.35644531 -0.20019531
v 0.07714844 0.35644531 -0.20019531
v 0.10253906 0.29785156 -0.18457031
v 0.10253906 0.29785156 -0.18457031
v 0.14160156 0.23730469 -0.14160156
v 0.14160156 0.23730469 -0.14160156
v 0.17089844 0.24511719 -0.10839844
v 0.18261719 0.22949219 -0.12597656
v 0.18847656 0.20605469 -0.14746094
v 0.18847656 0.20605469 -0.14746094
v 0.20410156 0.18261719 -0.14746094
v 0.20410156 0.18261719 -0.14746094
v 0.21582031 0.18066406 -0.13378906
v 0.21582031 0.18066406 -0.13378906
v 0.21582031 0.18066406 -0.13378906
v 0.21582031 0.18066406 -0.13378906
v 0.22949219 0.16894531 -0.12597656
v 0.22949219 0.16894531 -0.12597656
v 0.22949219 0.16894531 -0.12597656
v 0.24902344 0.15722656 -0.10839844
v 0.24902344 0.15722656 -0.10839844
v 0.24902344 0.15722656 -0.10839844
v 0.24902344 0.15722656 -0.10839844
v 0.25292969 0.13183594 -0.12597656
v 0.27441406 0.10644532 -0.12207031
v 0.27441406 0.10644532 -0.12207031
v 0.29199219 0.10644532 -0.10253906
v 0.29199219 0.10644532 -0.10253906
v 0.29199219 0.08300782 -0.10253906
v 0.29199219 0.08300782 -0.10253906
v 0.29394531 0.07324219 -0.08691406
v 0.29394531 0.07324219 -0.08691406
v 0.29394531 0.07324219 -0.08691406
v 0.29394531 0.07324219 -0.08691406
v 0.29589844 0.05761719 -0.07128906
v 0.29589844 0.05761719 -0.07128906
v 0.30175781 0.04394532 -0.04003906
v 0.29589844 0.05761719 -0.01074218
v 0.29394531 0.07324219 0.00488282
v 0.29199219 0.08300782 0.02050782
v 0.29199219 0.08300782 0.02050782
v 0.29199219 0.10644532 0.02050782
v 0.29199219 0.10644532 0.02050782
v 0.27636719 0.10644532 0.04003907
v 0.25292969 0.13183594 0.04394532
v 0.24121094 0.13378906 0.04785157
v 0.23730469 0.15332031 0.04199219
v 0.23339844 0.15136719 0.04785157
v 0.23339844 0.15136719 0.04785157
v 0.22753906 0.16503906 0.04980469
v 0.22753906 0.16503906 0.04980469
v 0.21777344 0.17480469 0.05566407
v 0.20605469 0.17675781 0.06738281
v 0.20214844 0.18261719 0.06542969
v 0.18847656 0.20800781 0.06542969
v 0.18261719 0.22949219 0.04394532
v 0.18261719 0.22949219 0.04394532
v 0.17089844 0.24511719 0.02441407
v 0.17089844 0.24511719 0.02441407
v 0.14160156 0.23730469 0.05761719
v 0.14160156 0.23730469 0.05761719
v 0.10253906 0.29980469 0.10058594
v 0.07714844 0.36035156 0.11621094
v 0.07714844 0.36035156 0.11621094
v 0.05957032 0.29589844 0.11035157
v 0.03417969 0.30175781 0.09082031
v 0.02050782 0.30957031 0.06347656
v 0.02050782 0.30957031 0.06347656
v 0.03027344 0.31738281 0.03613282
v 0.04589844 0.25683594 0.00097657
v 0.04589844 0.25683594 0.00097657
v 0.04589844 0.25683594 0.00097657
v 0.01464844 0.25292969 -0.01855469
v 0.01464844 0.25292969 -0.01855469
v 0.01269532 0.25488281 -0.04003906
v 0.01269532 0.25488281 -0.04003906
v 0.01464844 0.25292969 -0.06347656
v 0.01464844 0.25292969 -0.06347656
v -0.00292968 0.24121094 -0.08691406
v -0.00292968 0.24121094 -0.08691406
v 0.01660157 0.24707031 -0.10058594
v 0.01660157 0.24707031 -0.10058594
v 0.01660157 0.24707031 -0.10058594
v 0.00683594 0.22949219 -0.13183594
v 0.00683594 0.22949219 -0.13183594
v 0.02636719 0.21386719 -0.16503906
v 0.02636719 0.21386719 -0.16503906
v 0.05761719 0.20214844 -0.18652344
v 0.05761719 0.20214844 -0.18652344
v 0.05761719 0.20214844 -0.18652344
v 0.08105469 0.29394531 -0.19824219
v 0.08105469 0.29394531 -0.19824219
v 0.11621094 0.21582031 -0.17480469
v 0.11621094 0.21582031 -0.17480469
v 0.11621094 0.21582031 -0.17480469
v 0.15722656 0.22753906 -0.14746094
v 0.15722656 0.22753906 -0.14746094
v 0.17089844 0.19628906 -0.16699219
v 0.19238281 0.17675781 -0.16113281
v 0.19238281 0.17675781 -0.16113281
v 0.19824219 0.17089844 -0.15917969
v 0.20605469 0.17675781 -0.14746094
v 0.20605469 0.17675781 -0.14746094
v 0.20605469 0.17675781 -0.14746094
v 0.20605469 0.17675781 -0.14746094
v 0.21777344 0.17285156 -0.13769531
v 0.21777344 0.17285156 -0.13769531
v 0.21777344 0.17285156 -0.13769531
v 0.22753906 0.16503906 -0.13183594
v 0.22753906 0.16503906 -0.13183594
v 0.23339844 0.15136719 -0.12988281
v 0.23339844 0.15136719 -0.12988281
v 0.23730469 0.15136719 -0.12402344
v 0.23730469 0.15136719 -0.12402344
v 0.23730469 0.15136719 -0.12402344
v 0.23730469 0.15136719 -0.12402344
v 0.24121094 0.13378906 -0.12988281
v 0.23339844 0.12402344 -0.14160156
v 0.23339844 0.12402344 -0.14160156
v 0.23339844 0.11621094 -0.14746094
v 0.25292969 0.10449219 -0.14160156
v 0.25292969 0.10449219 -0.14160156
v 0.26464844 0.07519532 -0.13769531
v 0.28027344 0.07910157 -0.12011719
v 0.28808594 0.06347657 -0.10449219
v 0.28808594 0.06347657 -0.10449219
v 0.29785156 0.04589844 -0.08105469
v 0.29785156 0.04589844 -0.08105469
v 0.30175781 0.03222657 -0.04003906
v 0.30175781 0.03222657 -0.04003906
v 0.29785156 0.04589844 0.00097657
v 0.28808594 0.06347657 0.02246094
v 0.28808594 0.06347657 0.02246094
v 0.28027344 0.07910157 0.03808594
v 0.28027344 0.07910157 0.03808594
v 0.26660156 0.07519532 0.05566407
v 0.25292969 0.10449219 0.05957032
v 0.23339844 0.11621094 0.06542969
v 0.23339844 0.12402344 0.06152344
v 0.23339844 0.12402344 0.06152344
v 0.22363281 0.12011719 0.07519531
v 0.23535156 0.13769531 0.05175782
v 0.23535156 0.13769531 0.05175782
v 0.23535156 0.13769531 0.05175782
v 0.21972656 0.14941406 0.07714844
v 0.21972656 0.14941406 0.07714844
v 0.21972656 0.14941406 0.07714844
v 0.19824219 0.17089844 0.07910156
v 0.19238281 0.17675781 0.07910156
v 0.17089844 0.19628906 0.08691406
v 0.15722656 0.22753906 0.06347656
v 0.11621094 0.21777344 0.09082031
v 0.08300781 0.29589844 0.11425782
v 0.08300781 0.29589844 0.11425782
v 0.05761719 0.20410156 0.10449219
v 0.05761719 0.20410156 0.10449219
v 0.02636719 0.21386719 0.08300781
v 0.00683594 0.22949219 0.04980469
v 0.00683594 0.22949219 0.04980469
v 0.01660157 0.24707031 0.01855469
v 0.01660157 0.24707031 0.01855469
v 0.01660157 0.24707031 0.01855469
v -0.00292968 0.24121094 0.00488282
v -0.00292968 0.24121094 0.00488282
v -0.00292968 0.24121094 0.00488282
v -0.00488281 0.24316406 -0.04003906
v -0.00488281 0.24316406 -0.04003906
v -0.02050781 0.21972656 -0.08886719
v -0.00292968 0.21191406 -0.13183594
v 0.02050782 0.20019531 -0.16699219
v 0.05371094 0.19042969 -0.18847656
v 0.05371094 0.19042969 -0.18847656
v 0.09082031 0.18652344 -0.19433594
v 0.09082031 0.20214844 -0.19042969
v 0.09082031 0.20214844 -0.19042969
v 0.12988281 0.20019531 -0.18261719
v 0.16308594 0.17089844 -0.18457031
v 0.18847656 0.16113281 -0.17089844
v 0.19433594 0.15917969 -0.16894531
v 0.22753906 0.11816407 -0.13964844
v 0.22753906 0.11816407 -0.13964844
v 0.22753906 0.11816407 -0.13964844
v 0.22363281 0.16113281 -0.12402344
v 0.22363281 0.16113281 -0.12402344
v 0.22363281 0.16113281 -0.12402344
v 0.21777344 0.11425782 -0.15136719
v 0.21777344 0.11425782 -0.15136719
v 0.21777344 0.11425782 -0.15136719
v 0.21386719 0.17089844 -0.13183594
v 0.21386719 0.17089844 -0.13183594
v 0.20800781 0.11816407 -0.16308594
v 0.20800781 0.11816407 -0.16308594
v 0.20800781 0.11816407 -0.16308594
v 0.20800781 0.11816407 -0.16308594
v 0.20214844 0.17480469 -0.14355469
v 0.20214844 0.17480469 -0.14355469
v 0.19433594 0.17089844 -0.15527344
v 0.19433594 0.17089844 -0.15527344
v 0.19433594 0.17089844 -0.15527344
v 0.19042969 0.15917969 -0.16699219
v 0.19042969 0.15917969 -0.16699219
v 0.19042969 0.15917969 -0.16699219
v 0.19042969 0.14355469 -0.17089844
v 0.19042969 0.14355469 -0.17089844
v 0.19628906 0.12792969 -0.17089844
v 0.19628906 0.12792969 -0.17089844
v 0.19628906 0.12792969 -0.17089844
v 0.19824219 0.14550781 -0.17285156
v 0.19824219 0.14550781 -0.17285156
v 0.19824219 0.15917969 -0.16894531
v 0.20214844 0.16894531 -0.16113281
v 0.20214844 0.16894531 -0.16113281
v 0.20214844 0.16894531 -0.16113281
v 0.20996094 0.17285156 -0.14941406
v 0.20996094 0.17285156 -0.14941406
v 0.20996094 0.17285156 -0.14941406
v 0.21972656 0.16894531 -0.13964844
v 0.21972656 0.16894531 -0.13964844
v 0.22753906 0.16113281 -0.13378906
v 0.22753906 0.16113281 -0.13378906
v 0.23339844 0.14746094 -0.13378906
v 0.23339844 0.14746094 -0.13378906
v 0.23144531 0.14550781 -0.12207031
v 0.23144531 0.14550781 -0.12207031
v 0.23144531 0.12988281 -0.12792969
v 0.23144531 0.12988281 -0.12792969
v 0.23144531 0.12988281 -0.12792969
v 0.23339844 0.12597656 -0.14355469
v 0.23339844 0.12597656 -0.14355469
v 0.23339844 0.12597656 -0.14355469
v 0.22167969 0.12011719 -0.15722656
v 0.22167969 0.12011719 -0.15722656
v 0.21386719 0.12207032 -0.16503906
v 0.21386719 0.12207032 -0.16503906
v 0.21386719 0.12207032 -0.16503906
v 0.21386719 0.12207032 -0.16503906
v 0.20410156 0.12792969 -0.17089844
v 0.20410156 0.12792969 -0.17089844
v 0.20410156 0.12792969 -0.17089844
v 0.20410156 0.12792969 -0.17089844
v 0.21972656 0.14941406 -0.15722656
v 0.21972656 0.14941406 -0.15722656
v 0.21972656 0.14941406 -0.15722656
v 0.21972656 0.14941406 -0.15722656
v 0.23535156 0.13574219 -0.13378906
v 0.23535156 0.13574219 -0.13378906
v 0.21972656 0.14941406 -0.15722656
v 0.21972656 0.14941406 -0.15722656
v 0.21972656 0.14941406 -0.15722656
v 0.21972656 0.14941406 -0.15722656
v 0.21972656 0.14941406 -0.15722656
v 0.21972656 0.14941406 -0.15722656
v 0.21972656 0.14941406 -0.15722656
v 0.20410156 0.12792969 -0.17089844
v 0.20410156 0.12792969 -0.17089844
v 0.20410156 0.12792969 -0.17089844
v 0.20019531 0.13378906 -0.17480469
v 0.20019531 0.13378906 -0.17480469
v 0.19433594 0.14550781 -0.17480469
v 0.23535156 0.13574219 -0.13378906
v 0.23535156 0.13574219 -0.13378906
v 0.23535156 0.13574219 -0.13378906
v 0.23535156 0.13574219 -0.13378906
v 0.21972656 0.14941406 -0.15722656
v 0.22167969 0.12011719 -0.15722656
v 0.22167969 0.12011719 -0.15722656
v 0.22167969 0.12011719 -0.15722656
v 0.21386719 0.12207032 -0.16503906
v 0.21386719 0.12207032 -0.16503906
v 0.21386719 0.11425782 -0.16699219
v 0.21386719 0.11425782 -0.16699219
v 0.22363281 0.11230469 -0.15917969
v 0.23535156 0.09667969 -0.15917969
v 0.23535156 0.09667969 -0.15917969
v 0.24511719 0.07324219 -0.15722656
v 0.24511719 0.07324219 -0.15722656
v 0.25683594 0.05566407 -0.15332031
v 0.25683594 0.05566407 -0.15332031
v 0.25683594 0.05566407 -0.15332031
v 0.25683594 0.05566407 -0.15332031
v 0.28027344 0.04980469 -0.12597656
v 0.28027344 0.04980469 -0.12597656
v 0.28027344 0.04980469 -0.12597656
v 0.28027344 0.04980469 -0.12597656
v 0.29394531 0.03222657 -0.09667969
v 0.29394531 0.03222657 -0.09667969
v 0.29394531 0.03222657 -0.09667969
v 0.30761719 0.01855469 -0.10253906
v 0.30761719 0.01855469 -0.10253906
v 0.28027344 0.02050782 -0.15722656
v 0.28027344 0.02050782 -0.15722656
v 0.29394531 -0.01074218 -0.16699219
v 0.22558594 -0.02246093 -0.24121094
v 0.25683594 -0.01464843 -0.21582031
v 0.25683594 -0.01464843 -0.21582031
v 0.26660156 -0.04589843 -0.22558594
v 0.26660156 -0.04589843 -0.22558594
v 0.26660156 -0.04589843 -0.22558594
v 0.30761719 -0.04199218 -0.17675781
v 0.30761719 -0.04199218 -0.17675781
v 0.33496094 -0.04003906 -0.11230469
v 0.34472656 -0.03808593 -0.04003906
v 0.32128906 -0.00878906 0.02636719
v 0.30761719 0.01855469 0.02050782
v 0.29394531 0.03222657 0.01464844
v 0.28027344 0.04980469 0.04394532
v 0.28027344 0.04980469 0.04394532
v 0.25683594 0.05566407 0.07128906
v 0.24511719 0.07324219 0.07519531
v 0.23535156 0.09667969 0.07714844
v 0.22363281 0.11230469 0.07714844
v 0.21386719 0.11425782 0.08496094
v 0.21386719 0.12207032 0.08300781
v 0.20605469 0.12792969 0.09082031
v 0.20019531 0.13378906 0.09277344
v 0.19433594 0.14550781 0.09277344
v 0.19433594 0.15917969 0.08691406
v 0.18847656 0.16113281 0.09082031
v 0.16308594 0.17089844 0.10253906
v 0.12988281 0.20214844 0.10058594
v 0.09082031 0.20214844 0.10839844
v 0.09082031 0.18847656 0.11230469
v 0.05371094 0.19042969 0.10644531
v 0.05371094 0.19042969 0.10644531
v 0.02050782 0.20214844 0.08496094
v -0.00292968 0.21386719 0.04980469
v -0.00292968 0.21386719 0.04980469
v -0.02050781 0.21972656 0.00683594
v -0.02050781 0.21972656 0.00683594
v -0.02636719 0.22167969 -0.04003906
v -0.02636719 0.22167969 -0.04003906
v -0.03613281 0.19433594 -0.09082031
v -0.01464843 0.18847656 -0.13574219
v 0.01269532 0.17871094 -0.17089844
v 0.04980469 0.17285156 -0.19433594
v 0.04980469 0.17285156 -0.19433594
v 0.09082031 0.16894531 -0.20019531
v 0.12988281 0.17285156 -0.19433594
v 0.16308594 0.14550781 -0.19433594
v 0.19042969 0.14550781 -0.17675781
v 0.19628906 0.13183594 -0.17675781
v 0.19628906 0.13183594 -0.17675781
v 0.20410156 0.12011719 -0.17285156
v 0.20410156 0.12011719 -0.17285156
v 0.20996094 0.10058594 -0.17871094
v 0.22167969 0.07324219 -0.17871094
v 0.22167969 0.07324219 -0.17871094
v 0.23535156 0.05957032 -0.17089844
v 0.23535156 0.05957032 -0.17089844
v 0.23535156 0.05957032 -0.17089844
v 0.23535156 0.05957032 -0.17089844
v 0.26855469 0.03613282 -0.14941406
v 0.26855469 0.03613282 -0.14941406
v 0.26855469 0.03613282 -0.14941406
v 0.26855469 0.03613282 -0.14941406
v 0.26855469 0.03613282 -0.14941406
v 0.24511719 0.01464844 -0.20410156
v 0.24511719 0.01464844 -0.20410156
v 0.24511719 0.01464844 -0.20410156
v 0.21191406 0.00097657 -0.23535156
v 0.23535156 -0.05175781 -0.24902344
v 0.27441406 -0.07714844 -0.23535156
v 0.27441406 -0.07714844 -0.23535156
v 0.31738281 -0.07324219 -0.18261719
v 0.31738281 -0.07324219 -0.18261719
v 0.35644531 -0.10644531 -0.12011719
v 0.34667969 -0.07128906 -0.11621094
v 0.35839844 -0.07128906 -0.04003906
v 0.33496094 -0.03808593 0.03027344
v 0.29394531 -0.00878906 0.08496094
v 0.29394531 -0.00878906 0.08496094
v 0.28027344 0.02050782 0.07519531
v 0.28027344 0.02050782 0.07519531
v 0.25683594 -0.01464843 0.13378906
v 0.24511719 0.01660157 0.12207032
v 0.26855469 0.03613282 0.06738281
v 0.26855469 0.03613282 0.06738281
v 0.23730469 0.05957032 0.08886719
v 0.22167969 0.07324219 0.09667969
v 0.20996094 0.10058594 0.09863281
v 0.20410156 0.12207032 0.09082031
v 0.19628906 0.13183594 0.09472656
v 0.19042969 0.14550781 0.09472656
v 0.16308594 0.14550781 0.11230469
v 0.12988281 0.17480469 0.11425782
v 0.09082031 0.17089844 0.11816407
v 0.09082031 0.17089844 0.11816407
v 0.04980469 0.17285156 0.11230469
v 0.04980469 0.17285156 0.11230469
v 0.01269532 0.18066406 0.08886719
v -0.01464843 0.18847656 0.05371094
v -0.03613281 0.19433594 0.00878907
v -0.04199218 0.19628906 -0.04003906
v -0.04199218 0.19628906 -0.04003906
v -0.04589843 0.16503906 -0.09277344
v -0.02441406 0.16113281 -0.13769531
v 0.00683594 0.15722656 -0.17480469
v 0.04589844 0.15136719 -0.19824219
v 0.04589844 0.15136719 -0.19824219
v 0.09082031 0.14746094 -0.20800781
v 0.13183594 0.14746094 -0.20410156
v 0.13574219 0.12011719 -0.20996094
v 0.17089844 0.11816407 -0.19824219
v 0.17089844 0.11816407 -0.19824219
v 0.18261719 0.09472657 -0.19824219
v 0.19433594 0.07324219 -0.19824219
v 0.22363281 0.04199219 -0.19238281
v 0.22363281 0.04199219 -0.19238281
v 0.22363281 0.04199219 -0.19238281
v 0.22363281 0.04199219 -0.19238281
v 0.18847656 0.02441407 -0.23339844
v 0.18847656 0.02441407 -0.23339844
v 0.18847656 0.02441407 -0.23339844
v 0.14941406 0.04785157 -0.25683594
v 0.14941406 0.04785157 -0.25683594
v 0.12402344 0.05175782 -0.28808594
v 0.13769531 0.04199219 -0.30175781
v 0.15332031 0.02636719 -0.31738281
v 0.15332031 0.02636719 -0.31738281
v 0.15722656 0.01660157 -0.33300781
v 0.15722656 0.01660157 -0.33300781
v 0.15722656 0.01660157 -0.33300781
v 0.15722656 0.01660157 -0.33300781
v 0.16308594 0.01464844 -0.36230469
v 0.18457031 0.01660157 -0.37792969
v 0.18457031 0.01660157 -0.37792969
v 0.20800781 0.00097657 -0.38378906
v 0.23144531 -0.01660156 -0.37402344
v 0.23144531 -0.01660156 -0.37402344
v 0.23925781 -0.05566406 -0.35644531
v 0.23925781 -0.07714844 -0.32519531
v 0.23925781 -0.07714844 -0.32519531
v 0.23339844 -0.07128906 -0.29589844
v 0.23339844 -0.07128906 -0.29589844
v 0.23339844 -0.07128906 -0.29589844
v 0.23339844 -0.07128906 -0.29589844
v 0.23339844 -0.07128906 -0.29589844
v 0.22363281 -0.07714844 -0.28808594
v 0.22363281 -0.07714844 -0.28808594
v 0.22363281 -0.07714844 -0.28808594
v 0.22363281 -0.07714844 -0.28808594
v 0.20996094 -0.10644531 -0.30566406
v 0.20996094 -0.10644531 -0.30566406
v 0.20996094 -0.10644531 -0.30566406
v 0.20996094 -0.10644531 -0.30566406
v 0.21191406 -0.08886719 -0.28027344
v 0.21191406 -0.08886719 -0.28027344
v 0.21191406 -0.08886719 -0.28027344
v 0.21191406 -0.08886719 -0.28027344
v 0.21191406 -0.08886719 -0.28027344
v 0.21191406 -0.06542969 -0.26464844
v 0.21386719 -0.06152343 -0.25683594
v 0.21386719 -0.06152343 -0.25683594
v 0.23535156 -0.07910156 -0.25878906
v 0.27832031 -0.11035156 -0.24316406
v 0.27832031 -0.11035156 -0.24316406
v 0.32519531 -0.10839844 -0.18847656
v 0.32519531 -0.10839844 -0.18847656
v 0.36230469 -0.14355469 -0.12011719
v 0.36230469 -0.14355469 -0.12011719
v 0.33105469 -0.14550781 -0.19238281
v 0.33105469 -0.14550781 -0.19238281
v 0.33300781 -0.18261719 -0.19238281
v 0.36425781 -0.18261719 -0.12207031
v 0.36425781 -0.18261719 -0.12207031
v 0.33105469 -0.22167969 -0.19042969
v 0.28222656 -0.25878906 -0.23730469
v 0.27832031 -0.29589844 -0.22753906
v 0.24511719 -0.32714844 -0.24121094
v 0.24511719 -0.35253906 -0.22363281
v 0.23925781 -0.38378906 -0.19042969
v 0.23925781 -0.38378906 -0.19042969
v 0.26464844 -0.38769531 -0.14941406
v 0.26464844 -0.38769531 -0.14941406
v 0.23535156 -0.41113281 -0.13574219
v 0.25488281 -0.41113281 -0.09082031
v 0.22363281 -0.43066406 -0.08496094
v 0.26074219 -0.41113281 -0.04199218
v 0.29199219 -0.38769531 -0.04003906
v 0.29199219 -0.38769531 -0.04003906
v 0.29199219 -0.38769531 -0.04003906
v 0.30957031 -0.36035156 0.02246094
v 0.30957031 -0.36035156 0.02246094
v 0.28417969 -0.38769531 0.01660157
v 0.28417969 -0.38769531 0.01660157
v 0.28613281 -0.36230469 0.07714844
v 0.30371094 -0.33105469 0.08886719
v 0.32910156 -0.32910156 0.02832032
v 0.32910156 -0.32910156 0.02832032
v 0.34472656 -0.29589844 0.03222657
v 0.34472656 -0.29589844 0.03222657
v 0.34472656 -0.29589844 0.03222657
v 0.35449219 -0.29589844 -0.04003906
v 0.35449219 -0.29589844 -0.04003906
v 0.36621094 -0.25878906 -0.04003906
v 0.36621094 -0.25878906 -0.04003906
v 0.37207031 -0.21972656 -0.04003906
v 0.37207031 -0.21972656 -0.04003906
v 0.37597656 -0.18066406 -0.04003906
v 0.37402344 -0.14355469 -0.04003906
v 0.36816406 -0.10644531 -0.04003906
v 0.34667969 -0.07128906 0.03417969
v 0.30761719 -0.04003906 0.09472656
v 0.30761719 -0.04003906 0.09472656
v 0.26660156 -0.04394531 0.14550781
v 0.22558594 -0.02246093 0.15917969
v 0.21191406 0.00097657 0.15332031
v 0.18847656 0.02441407 0.15136719
v 0.18847656 0.02441407 0.15136719
v 0.22363281 0.04199219 0.11035157
v 0.19433594 0.07519532 0.11621094
v 0.18261719 0.09472657 0.11621094
v 0.17089844 0.12011719 0.11621094
v 0.13574219 0.12207032 0.12792969
v 0.13183594 0.14746094 0.12207032
v 0.09082031 0.14941406 0.12597656
v 0.09082031 0.14941406 0.12597656
v 0.04785157 0.15136719 0.11621094
v 0.04785157 0.15136719 0.11621094
v 0.00683594 0.15722656 0.09277344
v -0.02441406 0.16113281 0.05566407
v -0.04589843 0.16503906 0.01074219
v -0.05371093 0.16699219 -0.04003906
v -0.05371093 0.16699219 -0.04003906
v -0.05566406 0.13574219 -0.09277344
v -0.03222656 0.13378906 -0.13964844
v 0.00097657 0.12988281 -0.17871094
v 0.04394532 0.12597656 -0.20410156
v 0.04394532 0.12597656 -0.20410156
v 0.09277344 0.12207032 -0.21386719
v 0.09277344 0.09667969 -0.21972656
v 0.13964844 0.09472657 -0.21582031
v 0.14746094 0.07714844 -0.21972656
v 0.15332031 0.06542969 -0.22558594
v 0.15332031 0.06542969 -0.22558594
v 0.14550781 0.05566407 -0.23925781
v 0.14550781 0.05566407 -0.23925781
v 0.10839844 0.06347657 -0.26660156
v 0.09277344 0.04785157 -0.30566406
v 0.09277344 0.04785157 -0.30566406
v 0.11425781 0.03613282 -0.32519531
v 0.11425781 0.03613282 -0.32519531
v 0.11425781 0.03613282 -0.32519531
v 0.14550781 0.01660157 -0.35058594
v 0.14550781 0.01660157 -0.35058594
v 0.15722656 0.00488282 -0.36230469
v 0.15722656 0.00488282 -0.36230469
v 0.15722656 0.00488282 -0.36230469
v 0.17675781 -0.00292968 -0.38378906
v 0.17675781 -0.00292968 -0.38378906
v 0.19628906 -0.02441406 -0.38964844
v 0.21972656 -0.04394531 -0.37988281
v 0.21972656 -0.04394531 -0.37988281
v 0.21972656 -0.08105469 -0.35839844
v 0.21972656 -0.08105469 -0.35839844
v 0.22167969 -0.09863281 -0.32519531
v 0.22167969 -0.09863281 -0.32519531
v 0.22167969 -0.09863281 -0.32519531
v 0.18847656 -0.11425781 -0.32128906
v 0.19628906 -0.11230469 -0.29980469
v 0.19628906 -0.11230469 -0.29980469
v 0.19628906 -0.11230469 -0.29980469
v 0.19628906 -0.11230469 -0.29980469
v 0.20800781 -0.09472656 -0.27636719
v 0.20800781 -0.09472656 -0.27636719
v 0.20800781 -0.09472656 -0.27636719
v 0.20800781 -0.09472656 -0.27636719
v 0.20800781 -0.10058594 -0.27246094
v 0.20800781 -0.10058594 -0.27246094
v 0.20800781 -0.10058594 -0.27246094
v 0.20800781 -0.10058594 -0.27246094
v 0.22753906 -0.11035156 -0.27050781
v 0.28222656 -0.14746094 -0.24511719
v 0.28222656 -0.14746094 -0.24511719
v 0.28417969 -0.18261719 -0.24707031
v 0.28417969 -0.18261719 -0.24707031
v 0.28417969 -0.22167969 -0.24316406
v 0.23535156 -0.25878906 -0.27246094
v 0.24316406 -0.29589844 -0.25878906
v 0.21972656 -0.32128906 -0.26464844
v 0.21972656 -0.32128906 -0.26464844
v 0.18847656 -0.27050781 -0.29785156
v 0.18847656 -0.27050781 -0.29785156
v 0.14941406 -0.27832031 -0.32519531
v 0.10449219 -0.31152344 -0.34472656
v 0.05761719 -0.36035156 -0.34667969
v 0.05761719 -0.40332031 -0.33105469
v 0.05761719 -0.40332031 -0.33105469
v 0.05761719 -0.40332031 -0.33105469
v 0.02441407 -0.40332031 -0.32324219
v -0.01269531 -0.40527344 -0.30566406
v -0.04003906 -0.41308594 -0.27832031
v -0.05371093 -0.42480469 -0.24316406
v -0.05371093 -0.42480469 -0.24316406
v -0.04394531 -0.44628906 -0.23144531
v -0.04394531 -0.44628906 -0.23144531
v -0.03808593 -0.45410156 -0.19628906
v -0.01269531 -0.45996094 -0.16894531
v -0.01269531 -0.45996094 -0.16894531
v 0.01855469 -0.46386719 -0.15527344
v 0.01855469 -0.46386719 -0.15527344
v 0.01855469 -0.46386719 -0.15527344
v 0.05371094 -0.46582031 -0.15136719
v 0.08886719 -0.46191406 -0.15722656
v 0.11816406 -0.45800781 -0.17089844
v 0.14160156 -0.45410156 -0.19824219
v 0.15917969 -0.43847656 -0.20019531
v 0.17871094 -0.42285156 -0.20410156
v 0.17871094 -0.42285156 -0.20410156
v 0.17871094 -0.42285156 -0.20410156
v 0.20605469 -0.39941406 -0.20996094
v 0.20605469 -0.39941406 -0.20996094
v 0.20605469 -0.39941406 -0.20996094
v 0.20605469 -0.39941406 -0.20996094
v 0.21191406 -0.40527344 -0.17675781
v 0.20800781 -0.42871094 -0.12207031
v 0.18652344 -0.44042969 -0.10449219
v 0.19238281 -0.44433594 -0.07910156
v 0.19628906 -0.44433594 -0.04199218
v 0.22753906 -0.43066406 -0.04199218
v 0.22363281 -0.43066406 0.00292969
v 0.22363281 -0.43066406 0.00292969
v 0.25488281 -0.41113281 0.00878907
v 0.25488281 -0.41113281 0.00878907
v 0.23535156 -0.41113281 0.05371094
v 0.26464844 -0.38769531 0.06738281
v 0.23925781 -0.38574219 0.10839844
v 0.26074219 -0.36035156 0.12011719
v 0.27246094 -0.32910156 0.13183594
v 0.31738281 -0.29589844 0.09667969
v 0.31738281 -0.29589844 0.09667969
v 0.31738281 -0.29589844 0.09667969
v 0.35449219 -0.25878906 0.03613282
v 0.36230469 -0.22167969 0.03808594
v 0.36425781 -0.18261719 0.04003907
v 0.36230469 -0.14355469 0.03808594
v 0.35644531 -0.10644531 0.03808594
v 0.31738281 -0.07324219 0.10058594
v 0.31738281 -0.07324219 0.10058594
v 0.27441406 -0.07714844 0.15332031
v 0.23535156 -0.05175781 0.16699219
v 0.20410156 -0.02050781 0.16503906
v 0.20410156 -0.02050781 0.16503906
v 0.21191406 -0.06542969 0.18261719
v 0.21191406 -0.06542969 0.18261719
v 0.21191406 -0.08886719 0.19824219
v 0.21191406 -0.08886719 0.19824219
v 0.20996094 -0.10644531 0.22363281
v 0.20996094 -0.10644531 0.22363281
v 0.22363281 -0.07714844 0.20605469
v 0.23339844 -0.07128906 0.21191406
v 0.23925781 -0.07714844 0.24121094
v 0.23925781 -0.07714844 0.24121094
v 0.23925781 -0.07714844 0.24121094
v 0.23925781 -0.05761718 0.27246094
v 0.23925781 -0.05761718 0.27246094
v 0.23925781 -0.05761718 0.27246094
v 0.22167969 -0.04589843 0.29589844
v 0.22167969 -0.04589843 0.29589844
v 0.19824219 -0.02636718 0.30566406
v 0.17871094 -0.00292968 0.30175781
v 0.17871094 -0.00292968 0.30175781
v 0.16503906 0.01464844 0.28222656
v 0.15917969 0.01660157 0.25097656
v 0.15917969 0.01660157 0.25097656
v 0.15917969 0.01660157 0.25097656
v 0.15917969 0.01660157 0.25097656
v 0.15332031 0.02636719 0.23535156
v 0.15332031 0.02636719 0.23535156
v 0.15332031 0.02636719 0.23535156
v 0.15332031 0.02636719 0.23535156
v 0.13769531 0.04199219 0.21972656
v 0.13769531 0.04199219 0.21972656
v 0.13769531 0.04199219 0.21972656
v 0.13769531 0.04199219 0.21972656
v 0.12402344 0.05175782 0.20605469
v 0.14941406 0.04785157 0.17480469
v 0.14941406 0.04785157 0.17480469
v 0.14941406 0.04785157 0.17480469
v 0.14941406 0.04785157 0.17480469
v 0.14550781 0.05761719 0.15722656
v 0.14550781 0.05761719 0.15722656
v 0.14550781 0.05761719 0.15722656
v 0.15332031 0.06542969 0.14355469
v 0.15332031 0.06542969 0.14355469
v 0.14746094 0.07714844 0.13769531
v 0.14160156 0.09472657 0.13378906
v 0.09277344 0.09667969 0.13769531
v 0.09277344 0.09667969 0.13769531
v 0.09277344 0.12402344 0.13183594
v 0.09277344 0.12402344 0.13183594
v 0.04394532 0.12597656 0.12207032
v 0.00292969 0.12988281 0.09667969
v -0.03222656 0.13378906 0.05957032
v -0.05371093 0.13574219 0.01074219
v -0.06347656 0.13574219 -0.04003906
v -0.06347656 0.13574219 -0.04003906
v -0.06152343 0.10449219 -0.09472656
v -0.03808593 0.10253907 -0.14355469
v -0.00292968 0.10058594 -0.18261719
v 0.04199219 0.09863282 -0.20996094
v 0.04199219 0.09863282 -0.20996094
v 0.09472656 0.07910157 -0.22363281
v 0.09472656 0.07910157 -0.22363281
v 0.09863281 0.07324219 -0.24121094
v 0.07324219 0.05957032 -0.27636719
v 0.07324219 0.05957032 -0.27636719
v 0.06933594 0.02441407 -0.31738281
v 0.09472656 0.01269532 -0.34277344
v 0.09472656 0.01269532 -0.34277344
v 0.14355469 -0.01074218 -0.37597656
v 0.14355469 -0.01074218 -0.37597656
v 0.16503906 -0.01660156 -0.38378906
v 0.16503906 -0.01660156 -0.38378906
v 0.17871094 -0.04394531 -0.39160156
v 0.19824219 -0.06933594 -0.38183594
v 0.19824219 -0.06933594 -0.38183594
v 0.19824219 -0.06933594 -0.38183594
v 0.19042969 -0.09863281 -0.35839844
v 0.19042969 -0.09863281 -0.35839844
v 0.15722656 -0.11816406 -0.31347656
v 0.18457031 -0.11621094 -0.29589844
v 0.18457031 -0.11621094 -0.29589844
v 0.18457031 -0.11621094 -0.29589844
v 0.18457031 -0.11621094 -0.29589844
v 0.17480469 -0.12011719 -0.29199219
v 0.17480469 -0.12011719 -0.29199219
v 0.16503906 -0.12402344 -0.29003906
v 0.16503906 -0.12402344 -0.29003906
v 0.16503906 -0.12402344 -0.29003906
v 0.22363281 -0.14550781 -0.28027344
v 0.22558594 -0.18066406 -0.28222656
v 0.22558594 -0.18066406 -0.28222656
v 0.22949219 -0.21972656 -0.28027344
v 0.22949219 -0.21972656 -0.28027344
v 0.20410156 -0.26074219 -0.29003906
v 0.20410156 -0.26074219 -0.29003906
v 0.14550781 -0.23730469 -0.31542969
v 0.09863281 -0.26269531 -0.33496094
v 0.05371094 -0.30761719 -0.34667969
v 0.02050782 -0.36230469 -0.33886719
v 0.02050782 -0.36230469 -0.33886719
v -0.02050781 -0.37011719 -0.31933594
v -0.04785156 -0.38378906 -0.29199219
v -0.06542969 -0.40527344 -0.25097656
v -0.06542969 -0.40527344 -0.25097656
v -0.05371093 -0.42675781 -0.20800781
v -0.05371093 -0.42675781 -0.20800781
v -0.04589843 -0.44042969 -0.20214844
v -0.01660156 -0.45214844 -0.17089844
v -0.01660156 -0.45214844 -0.17089844
v -0.01660156 -0.45214844 -0.17089844
v -0.01660156 -0.45214844 -0.17089844
v 0.01464844 -0.45800781 -0.15527344
v 0.01464844 -0.45800781 -0.15527344
v 0.01464844 -0.45800781 -0.15527344
v 0.01464844 -0.45800781 -0.15527344
v 0.01464844 -0.45800781 -0.15527344
v 0.05371094 -0.45996094 -0.14941406
v 0.05371094 -0.45996094 -0.14941406
v 0.09277344 -0.45605469 -0.15527344
v 0.09277344 -0.45605469 -0.15527344
v 0.12597656 -0.44824219 -0.17089844
v 0.12597656 -0.44824219 -0.17089844
v 0.13378906 -0.43847656 -0.17089844
v 0.15136719 -0.42480469 -0.17089844
v 0.15136719 -0.42480469 -0.17089844
v 0.16503906 -0.43066406 -0.15136719
v 0.16308594 -0.45214844 -0.08105469
v 0.16113281 -0.45605469 -0.04199218
v 0.19238281 -0.44433594 -0.00488281
v 0.18652344 -0.44238281 0.02246094
v 0.18652344 -0.44238281 0.02246094
v 0.20800781 -0.43066406 0.04003907
v 0.20800781 -0.43066406 0.04003907
v 0.21191406 -0.40722656 0.09472656
v 0.20605469 -0.39941406 0.12792969
v 0.20605469 -0.39941406 0.12792969
v 0.20605469 -0.39941406 0.12792969
v 0.20605469 -0.39941406 0.12792969
v 0.12988281 -0.49902344 0.18652344
v 0.12988281 -0.49902344 0.18652344
v 0.13183594 -0.49902344 0.17871094
v 0.13183594 -0.49902344 0.17871094
v 0.13183594 -0.49902344 0.17871094
v 0.13378906 -0.49511719 0.18652344
v 0.13378906 -0.49511719 0.18652344
v 0.13378906 -0.49511719 0.18652344
v 0.13378906 -0.49511719 0.18652344
v 0.13378906 -0.49511719 0.17871094
v 0.13378906 -0.49511719 0.17871094
v 0.13183594 -0.48925781 0.18066406
v 0.12988281 -0.49511719 0.16699219
v 0.12988281 -0.49511719 0.16699219
v 0.12792969 -0.49902344 0.16894531
v 0.12792969 -0.49902344 0.16894531
v 0.15136719 -0.49511719 0.14355469
v 0.15136719 -0.49511719 0.14355469
v 0.15136719 -0.49511719 0.14355469
v 0.15136719 -0.49511719 0.14355469
v 0.15136719 -0.49511719 0.14355469
v 0.14941406 -0.49902344 0.14355469
v 0.14941406 -0.49902344 0.14355469
v 0.14941406 -0.49902344 0.14355469
v 0.14746094 -0.49902344 0.13964844
v 0.14746094 -0.49902344 0.13964844
v 0.13964844 -0.49902344 0.14160156
v 0.14746094 -0.49902344 0.14746094
v 0.14746094 -0.49902344 0.14746094
v 0.11816406 -0.49902344 0.13769531
v 0.09863281 -0.49902344 0.13574219
v 0.12011719 -0.49902344 0.11816407
v 0.10644531 -0.49902344 0.10644531
v 0.07128906 -0.49902344 0.13183594
v 0.07714844 -0.49902344 0.09863281
v 0.05175782 -0.49902344 0.09667969
v 0.04785157 -0.49902344 0.12792969
v 0.03027344 -0.49902344 0.09863281
v 0.02636719 -0.49902344 0.12402344
v 0.00878907 -0.49902344 0.10058594
v -0.00097656 -0.49902344 0.11230469
v -0.00488281 -0.49902344 0.12402344
v -0.00097656 -0.49902344 0.13378906
v 0.00683594 -0.49902344 0.14160156
v 0.02441407 -0.49902344 0.15136719
v 0.04394532 -0.49902344 0.15722656
v 0.06738281 -0.49902344 0.16113281
v 0.09277344 -0.49902344 0.16308594
v 0.11230469 -0.49902344 0.15722656
v 0.12207031 -0.49902344 0.15917969
v 0.12207031 -0.49902344 0.15917969
v 0.12207031 -0.49902344 0.15917969
v 0.12402344 -0.49902344 0.15722656
v 0.12402344 -0.49902344 0.15722656
v 0.13183594 -0.49902344 0.14160156
v 0.13769531 -0.49902344 0.15332031
v 0.13769531 -0.49902344 0.15332031
v 0.14746094 -0.49707031 0.14941406
v 0.14746094 -0.49707031 0.14941406
v 0.14941406 -0.49316406 0.14941406
v 0.14941406 -0.49316406 0.14941406
v 0.14941406 -0.49316406 0.14941406
v 0.15136719 -0.49121094 0.14355469
v 0.15136719 -0.49121094 0.14355469
v 0.15136719 -0.49121094 0.14355469
v 0.15136719 -0.49121094 0.14355469
v 0.14941406 -0.49316406 0.13964844
v 0.14941406 -0.49316406 0.13964844
v 0.14941406 -0.49316406 0.13964844
v 0.14941406 -0.49511719 0.13769531
v 0.14941406 -0.49511719 0.13769531
v 0.14160156 -0.49902344 0.12988281
v 0.14160156 -0.49902344 0.12988281
v 0.13183594 -0.49902344 0.12207032
v 0.13183594 -0.49902344 0.12207032
v 0.12988281 -0.49902344 0.11816407
v 0.12988281 -0.49902344 0.11816407
v 0.12988281 -0.49902344 0.11816407
v 0.13964844 -0.49511719 0.11425782
v 0.13964844 -0.49511719 0.11425782
v 0.13964844 -0.49902344 0.11230469
v 0.13964844 -0.49902344 0.11230469
v 0.13964844 -0.49902344 0.11230469
v 0.13964844 -0.49902344 0.11230469
v 0.14746094 -0.49511719 0.10449219
v 0.14746094 -0.49511719 0.10449219
v 0.14746094 -0.49511719 0.10449219
v 0.14550781 -0.49902344 0.10253906
v 0.14550781 -0.49902344 0.10253906
v 0.14746094 -0.49902344 0.09667969
v 0.14746094 -0.49902344 0.09667969
v 0.14746094 -0.49902344 0.09667969
v 0.14746094 -0.49902344 0.09667969
v 0.14941406 -0.49511719 0.09472656
v 0.14941406 -0.49511719 0.09472656
v 0.14941406 -0.49511719 0.09472656
v 0.14746094 -0.48925781 0.10253906
v 0.14746094 -0.48925781 0.10253906
v 0.14746094 -0.48925781 0.10253906
v 0.14746094 -0.48730469 0.09667969
v 0.14746094 -0.48730469 0.09667969
v 0.14746094 -0.48730469 0.09667969
v 0.14355469 -0.48925781 0.09277344
v 0.14355469 -0.48925781 0.09277344
v 0.14355469 -0.49511719 0.08886719
v 0.14355469 -0.49511719 0.08886719
v 0.14160156 -0.49902344 0.09082031
v 0.14160156 -0.49902344 0.09082031
v 0.12792969 -0.49902344 0.08886719
v 0.12792969 -0.49902344 0.08886719
v 0.12792969 -0.49902344 0.08886719
v 0.11230469 -0.49902344 0.08886719
v 0.11230469 -0.49902344 0.08886719
v 0.11230469 -0.49902344 0.08886719
v 0.10253906 -0.49902344 0.09277344
v 0.10253906 -0.49902344 0.09277344
v 0.07910156 -0.49902344 0.08691406
v 0.05175782 -0.49902344 0.08496094
v 0.03027344 -0.49902344 0.08691406
v 0.03027344 -0.49902344 0.08691406
v 0.00683594 -0.49902344 0.09277344
v 0.00683594 -0.49902344 0.09277344
v -0.00878906 -0.49902344 0.10644531
v -0.00878906 -0.49902344 0.10644531
v -0.01269531 -0.49902344 0.12402344
v -0.01269531 -0.49902344 0.12402344
v -0.01269531 -0.49902344 0.12402344
v -0.00878906 -0.49902344 0.13769531
v -0.00878906 -0.49902344 0.13769531
v 0.00488282 -0.49902344 0.14941406
v 0.00488282 -0.49902344 0.14941406
v 0.00488282 -0.49902344 0.14941406
v 0.02246094 -0.49902344 0.15917969
v 0.02246094 -0.49902344 0.15917969
v 0.04199219 -0.49902344 0.16699219
v 0.04199219 -0.49902344 0.16699219
v 0.06542969 -0.49902344 0.17285156
v 0.06542969 -0.49902344 0.17285156
v 0.08691406 -0.49902344 0.17480469
v 0.08691406 -0.49902344 0.17480469
v 0.08691406 -0.49902344 0.17480469
v 0.09472656 -0.49902344 0.18261719
v 0.09472656 -0.49902344 0.18261719
v 0.09472656 -0.49902344 0.18261719
v 0.09472656 -0.49902344 0.18261719
v 0.11035156 -0.49902344 0.18652344
v 0.11035156 -0.49902344 0.18652344
v 0.12402344 -0.49902344 0.18847656
v 0.12402344 -0.49902344 0.18847656
v 0.12597656 -0.49511719 0.19042969
v 0.12597656 -0.49511719 0.19042969
v 0.12597656 -0.48925781 0.18847656
v 0.12597656 -0.48925781 0.18847656
v 0.13183594 -0.48730469 0.18457031
v 0.13183594 -0.48730469 0.18457031
v 0.13183594 -0.48730469 0.18457031
v 0.12597656 -0.48535156 0.17089844
v 0.12597656 -0.48535156 0.17089844
v 0.12402344 -0.49511719 0.15917969
v 0.12402344 -0.49511719 0.15917969
v 0.12402344 -0.49511719 0.15917969
v 0.12402344 -0.49511719 0.15917969
v 0.13769531 -0.49511719 0.15527344
v 0.13769531 -0.49511719 0.15527344
v 0.13964844 -0.48730469 0.15332031
v 0.13964844 -0.48730469 0.15332031
v 0.14160156 -0.48144531 0.14355469
v 0.14160156 -0.48144531 0.14355469
v 0.14160156 -0.48144531 0.14355469
v 0.14160156 -0.48144531 0.14355469
v 0.14355469 -0.48730469 0.13183594
v 0.14355469 -0.48730469 0.13183594
v 0.14355469 -0.48730469 0.13183594
v 0.14355469 -0.48730469 0.13183594
v 0.14160156 -0.49511719 0.12792969
v 0.14160156 -0.49511719 0.12792969
v 0.13183594 -0.49511719 0.12207032
v 0.13183594 -0.49511719 0.12207032
v 0.13183594 -0.49511719 0.12207032
v 0.13183594 -0.49511719 0.12207032
v 0.13183594 -0.49511719 0.12011719
v 0.13183594 -0.49511719 0.12011719
v 0.13183594 -0.49511719 0.12011719
v 0.13183594 -0.49511719 0.12011719
v 0.13769531 -0.48535156 0.11035157
v 0.13769531 -0.48535156 0.11035157
v 0.13378906 -0.47949219 0.10253906
v 0.13378906 -0.47949219 0.10253906
v 0.12988281 -0.48339844 0.09082031
v 0.12988281 -0.48339844 0.09082031
v 0.12792969 -0.49511719 0.08691406
v 0.12792969 -0.49511719 0.08691406
v 0.11035156 -0.49511719 0.08691406
v 0.11035156 -0.49511719 0.08691406
v 0.11035156 -0.49511719 0.08691406
v 0.10253906 -0.49511719 0.08496094
v 0.10253906 -0.49511719 0.08496094
v 0.10253906 -0.49511719 0.08496094
v 0.07910156 -0.49511719 0.08105469
v 0.07910156 -0.49511719 0.08105469
v 0.05371094 -0.49511719 0.07714844
v 0.05371094 -0.49511719 0.07714844
v 0.05371094 -0.49511719 0.07714844
v 0.03027344 -0.49511719 0.07910156
v 0.03027344 -0.49511719 0.07910156
v 0.03027344 -0.49511719 0.07910156
v 0.03027344 -0.49511719 0.07910156
v 0.00488282 -0.49511719 0.08886719
v 0.00488282 -0.49511719 0.08886719
v -0.01464843 -0.49511719 0.10644531
v -0.02050781 -0.49511719 0.12597656
v -0.02050781 -0.49511719 0.12597656
v -0.01464843 -0.49511719 0.14160156
v 0.00292969 -0.49511719 0.15722656
v 0.00292969 -0.49511719 0.15722656
v 0.02246094 -0.49511719 0.16699219
v 0.02246094 -0.49511719 0.16699219
v 0.04003907 -0.49511719 0.17480469
v 0.04003907 -0.49511719 0.17480469
v 0.06347656 -0.49511719 0.18066406
v 0.08691406 -0.49511719 0.18261719
v 0.08691406 -0.49511719 0.18261719
v 0.09277344 -0.49511719 0.18261719
v 0.09277344 -0.49511719 0.18261719
v 0.09277344 -0.49511719 0.18261719
v 0.09277344 -0.49511719 0.18261719
v 0.11035156 -0.49511719 0.18847656
v 0.11035156 -0.49511719 0.18847656
v 0.11035156 -0.49511719 0.18847656
v 0.11230469 -0.48535156 0.18457031
v 0.11230469 -0.48535156 0.18457031
v 0.11230469 -0.48535156 0.18457031
v 0.12011719 -0.48144531 0.17675781
v 0.12011719 -0.48144531 0.17675781
v 0.12011719 -0.48730469 0.15917969
v 0.12011719 -0.48730469 0.15917969
v 0.12011719 -0.48730469 0.15917969
v 0.12207031 -0.48535156 0.15722656
v 0.12207031 -0.48535156 0.15722656
v 0.12207031 -0.48535156 0.15722656
v 0.12207031 -0.48535156 0.15722656
v 0.13183594 -0.47949219 0.14160156
v 0.13183594 -0.47949219 0.14160156
v 0.12988281 -0.48535156 0.12207032
v 0.12988281 -0.48535156 0.12207032
v 0.12988281 -0.48535156 0.12207032
v 0.12988281 -0.48535156 0.12207032
v 0.12792969 -0.48730469 0.11816407
v 0.12792969 -0.48730469 0.11816407
v 0.12792969 -0.48730469 0.11816407
v 0.12792969 -0.48730469 0.11816407
v 0.12792969 -0.48730469 0.11816407
v 0.12011719 -0.47949219 0.10644531
v 0.12011719 -0.47949219 0.10644531
v 0.11230469 -0.48535156 0.09082031
v 0.11230469 -0.48535156 0.09082031
v 0.11230469 -0.48535156 0.09082031
v 0.10449219 -0.48535156 0.08496094
v 0.08105469 -0.48730469 0.07714844
v 0.08105469 -0.48730469 0.07714844
v 0.05371094 -0.48730469 0.07324219
v 0.05371094 -0.48730469 0.07324219
v 0.05371094 -0.48730469 0.07324219
v 0.02636719 -0.48730469 0.07714844
v 0.02636719 -0.48730469 0.07714844
v 0.00097657 -0.48730469 0.08691406
v -0.02050781 -0.48730469 0.10644531
v -0.02636719 -0.48730469 0.12988281
v -0.02636719 -0.48730469 0.12988281
v -0.01855469 -0.48535156 0.14746094
v 0.00097657 -0.48535156 0.16308594
v 0.02246094 -0.48535156 0.17285156
v 0.04003907 -0.48535156 0.17871094
v 0.04003907 -0.48535156 0.17871094
v 0.06347656 -0.48535156 0.18261719
v 0.06347656 -0.48535156 0.18261719
v 0.08886719 -0.48535156 0.18261719
v 0.09667969 -0.48535156 0.17871094
v 0.09667969 -0.48535156 0.17871094
v 0.09667969 -0.48535156 0.17871094
v 0.10839844 -0.47949219 0.16894531
v 0.10839844 -0.47949219 0.16894531
v 0.11621094 -0.47363281 0.15917969
v 0.11621094 -0.47363281 0.15917969
v 0.11621094 -0.47363281 0.15917969
v 0.12402344 -0.47363281 0.13769531
v 0.12402344 -0.47363281 0.13769531
v 0.12402344 -0.47363281 0.13769531
v 0.12402344 -0.47363281 0.13769531
v 0.12402344 -0.47363281 0.13769531
v 0.12402344 -0.47363281 0.13769531
v 0.12402344 -0.47363281 0.13769531
v 0.12402344 -0.47363281 0.11816407
v 0.12402344 -0.47363281 0.11816407
v 0.12402344 -0.47363281 0.11816407
v 0.12402344 -0.47363281 0.11816407
v 0.10644531 -0.47558594 0.09082031
v 0.10644531 -0.47558594 0.09082031
v 0.10644531 -0.47558594 0.09082031
v 0.08496094 -0.47558594 0.07714844
v 0.08496094 -0.47558594 0.07714844
v 0.05371094 -0.47753906 0.07128906
v 0.02246094 -0.47753906 0.07519531
v 0.02246094 -0.47753906 0.07519531
v -0.00488281 -0.47558594 0.08691406
v -0.00488281 -0.47558594 0.08691406
v -0.02636719 -0.47558594 0.10839844
v -0.03027344 -0.47363281 0.13378906
v -0.03027344 -0.47363281 0.13378906
v -0.02246094 -0.47363281 0.15527344
v 0.00097657 -0.47167969 0.17089844
v 0.00097657 -0.47167969 0.17089844
v 0.02441407 -0.47167969 0.18066406
v 0.02441407 -0.47167969 0.18066406
v 0.04394532 -0.47167969 0.18457031
v 0.04394532 -0.47167969 0.18457031
v 0.06933594 -0.47167969 0.18261719
v 0.06933594 -0.47167969 0.18261719
v 0.09472656 -0.47167969 0.17480469
v 0.09472656 -0.47167969 0.17480469
v 0.12988281 -0.46191406 0.16699219
v 0.17480469 -0.42089844 0.19628906
v 0.15136719 -0.44628906 0.17871094
v 0.18261719 -0.42871094 0.16113281
v 0.18261719 -0.42871094 0.16113281
v 0.18261719 -0.42871094 0.16113281
v 0.15527344 -0.45019531 0.15136719
v 0.15527344 -0.45019531 0.15136719
v 0.15527344 -0.45019531 0.15136719
v 0.13769531 -0.46386719 0.14355469
v 0.13769531 -0.46386719 0.14355469
v 0.13769531 -0.46386719 0.14355469
v 0.12988281 -0.46582031 0.11621094
v 0.12988281 -0.46582031 0.11621094
v 0.11230469 -0.46777344 0.09082031
v 0.08691406 -0.46972656 0.07714844
v 0.08691406 -0.46972656 0.07714844
v 0.05371094 -0.47167969 0.07128906
v 0.02050782 -0.47167969 0.07519531
v 0.02050782 -0.47167969 0.07519531
v -0.00878906 -0.46777344 0.08691406
v -0.03222656 -0.46582031 0.11035157
v -0.03613281 -0.46191406 0.13964844
v -0.03613281 -0.46191406 0.13964844
v -0.02636719 -0.45996094 0.16308594
v -0.00097656 -0.45800781 0.18261719
v -0.00097656 -0.45800781 0.18261719
v 0.02636719 -0.45800781 0.19238281
v 0.04785157 -0.45800781 0.19824219
v 0.07910156 -0.45800781 0.19628906
v 0.10644531 -0.45996094 0.18652344
v 0.12402344 -0.44238281 0.20410156
v 0.14746094 -0.41113281 0.22753906
v 0.19042969 -0.38574219 0.21191406
v 0.19042969 -0.38574219 0.21191406
v 0.15722656 -0.37207031 0.24316406
v 0.15722656 -0.37207031 0.24316406
v 0.19628906 -0.34277344 0.21972656
v 0.21582031 -0.36621094 0.18066406
v 0.21582031 -0.36621094 0.18066406
v 0.21582031 -0.36621094 0.18066406
v 0.20214844 -0.40332031 0.17089844
v 0.20214844 -0.40332031 0.17089844
v 0.20214844 -0.40332031 0.17089844
v 0.20214844 -0.40332031 0.17089844
v 0.20214844 -0.40332031 0.17089844
v 0.17871094 -0.42285156 0.12207032
v 0.17871094 -0.42285156 0.12207032
v 0.15917969 -0.44042969 0.11816407
v 0.15917969 -0.44042969 0.11816407
v 0.14160156 -0.45410156 0.11621094
v 0.14160156 -0.45410156 0.11621094
v 0.11816406 -0.45800781 0.08886719
v 0.08886719 -0.46386719 0.07519531
v 0.08886719 -0.46386719 0.07519531
v 0.05371094 -0.46582031 0.06933594
v 0.01855469 -0.46386719 0.07324219
v 0.01855469 -0.46386719 0.07324219
v -0.01269531 -0.46191406 0.08691406
v -0.01269531 -0.46191406 0.08691406
v -0.03808593 -0.45410156 0.11425782
v -0.03808593 -0.45410156 0.11425782
v -0.04394531 -0.44628906 0.14941406
v -0.04394531 -0.44628906 0.14941406
v -0.03222656 -0.44238281 0.17675781
v -0.00488281 -0.43847656 0.20019531
v -0.00488281 -0.43847656 0.20019531
v 0.02636719 -0.43652344 0.21582031
v 0.02636719 -0.43652344 0.21582031
v 0.05175782 -0.43652344 0.22167969
v 0.09082031 -0.43847656 0.21777344
v 0.10253906 -0.40527344 0.24511719
v 0.10839844 -0.36425781 0.26074219
v 0.10839844 -0.36425781 0.26074219
v 0.15527344 -0.32324219 0.24707031
v 0.19238281 -0.30175781 0.21972656
v 0.21777344 -0.33691406 0.18457031
v 0.21777344 -0.33691406 0.18457031
v 0.21972656 -0.35253906 0.16699219
v 0.22363281 -0.37402344 0.13769531
v 0.22363281 -0.37402344 0.13769531
v 0.22363281 -0.37402344 0.13769531
v 0.24511719 -0.35253906 0.14160156
v 0.24511719 -0.32910156 0.15917969
v 0.27832031 -0.29589844 0.14550781
v 0.27832031 -0.29589844 0.14550781
v 0.32519531 -0.26074219 0.10449219
v 0.32519531 -0.26074219 0.10449219
v 0.33105469 -0.22167969 0.10839844
v 0.33105469 -0.22167969 0.10839844
v 0.33300781 -0.18261719 0.11035157
v 0.33300781 -0.18261719 0.11035157
v 0.33105469 -0.14550781 0.11035157
v 0.33105469 -0.14550781 0.11035157
v 0.32519531 -0.10839844 0.10644531
v 0.32519531 -0.10839844 0.10644531
v 0.27832031 -0.11035156 0.16113281
v 0.23535156 -0.07910156 0.17675781
v 0.21386719 -0.06152343 0.17480469
v 0.21386719 -0.06152343 0.17480469
v 0.20800781 -0.09472656 0.19433594
v 0.20800781 -0.09472656 0.19433594
v 0.20800781 -0.09472656 0.19433594
v 0.20800781 -0.09472656 0.19433594
v 0.19628906 -0.11230469 0.21777344
v 0.19628906 -0.11230469 0.21777344
v 0.19628906 -0.11230469 0.21777344
v 0.19628906 -0.11230469 0.21777344
v 0.18847656 -0.11425781 0.23925781
v 0.18847656 -0.11425781 0.23925781
v 0.22167969 -0.09863281 0.24121094
v 0.22167969 -0.09863281 0.24121094
v 0.22167969 -0.09863281 0.24121094
v 0.22167969 -0.08105469 0.27441406
v 0.20019531 -0.06933594 0.29785156
v 0.20019531 -0.06933594 0.29785156
v 0.18066406 -0.04589843 0.30761719
v 0.18066406 -0.04589843 0.30761719
v 0.18066406 -0.04589843 0.30761719
v 0.16699219 -0.01855468 0.30175781
v 0.16699219 -0.01855468 0.30175781
v 0.16699219 -0.01855468 0.30175781
v 0.16699219 -0.01855468 0.30175781
v 0.15917969 0.00488282 0.28027344
v 0.15917969 0.00488282 0.28027344
v 0.15917969 0.00488282 0.28027344
v 0.15917969 0.00488282 0.28027344
v 0.14550781 0.01464844 0.26855469
v 0.14550781 0.01464844 0.26855469
v 0.11425781 0.03613282 0.24316406
v 0.11425781 0.03613282 0.24316406
v 0.11425781 0.03613282 0.24316406
v 0.11425781 0.03613282 0.24316406
v 0.09277344 0.04785157 0.22363281
v 0.09277344 0.04785157 0.22363281
v 0.10839844 0.06347657 0.18457031
v 0.09863281 0.07324219 0.15917969
v 0.09863281 0.07324219 0.15917969
v 0.09472656 0.07910157 0.14160156
v 0.09472656 0.07910157 0.14160156
v 0.09472656 0.07910157 0.14160156
v 0.04394532 0.09863282 0.12792969
v -0.00292968 0.10058594 0.10058594
v -0.03808593 0.10253907 0.06152344
v -0.06152343 0.10449219 0.01269532
v -0.06933594 0.10449219 -0.04003906
v -0.06933594 0.10449219 -0.04003906
v -0.06542969 0.07519532 -0.09472656
v -0.04199218 0.07519532 -0.14355469
v -0.00488281 0.07714844 -0.18652344
v 0.04199219 0.07910157 -0.21386719
v 0.04199219 0.07910157 -0.21386719
v 0.04199219 0.07910157 -0.21386719
v 0.05566407 0.06933594 -0.24511719
v 0.05566407 0.06933594 -0.24511719
v 0.04199219 0.03613282 -0.28417969
v 0.05371094 -0.01074218 -0.32324219
v 0.05371094 -0.01074218 -0.32324219
v 0.08496094 -0.02246093 -0.35058594
v 0.08496094 -0.02246093 -0.35058594
v 0.08496094 -0.02246093 -0.35058594
v 0.14941406 -0.04589843 -0.38574219
v 0.14941406 -0.04589843 -0.38574219
v 0.16503906 -0.07910156 -0.37792969
v 0.16503906 -0.07910156 -0.37792969
v 0.16503906 -0.07910156 -0.37792969
v 0.13964844 -0.10058594 -0.34667969
v 0.13964844 -0.10058594 -0.34667969
v 0.13769531 -0.12011719 -0.30566406
v 0.13769531 -0.12011719 -0.30566406
v 0.12207031 -0.12207031 -0.29785156
v 0.12207031 -0.12207031 -0.29785156
v 0.12207031 -0.12207031 -0.29785156
v 0.16308594 -0.14160156 -0.29589844
v 0.16113281 -0.17480469 -0.30175781
v 0.15722656 -0.21191406 -0.30761719
v 0.09472656 -0.21386719 -0.32128906
v 0.04589844 -0.25683594 -0.33496094
v 0.00878907 -0.31347656 -0.33886719
v -0.03222656 -0.32714844 -0.32128906
v -0.03222656 -0.32714844 -0.32128906
v -0.06347656 -0.34863281 -0.29589844
v -0.07910156 -0.38183594 -0.25878906
v -0.06152343 -0.41503906 -0.21386719
v -0.06152343 -0.41503906 -0.21386719
v -0.02636719 -0.43847656 -0.17480469
v -0.02636719 -0.43847656 -0.17480469
v -0.02246094 -0.44433594 -0.17285156
v -0.02246094 -0.44433594 -0.17285156
v -0.02246094 -0.44433594 -0.17285156
v -0.02246094 -0.44433594 -0.17285156
v 0.01269532 -0.45214844 -0.15332031
v 0.01269532 -0.45214844 -0.15332031
v 0.01269532 -0.45214844 -0.15332031
v 0.01269532 -0.45214844 -0.15332031
v 0.05371094 -0.45410156 -0.14746094
v 0.05371094 -0.45410156 -0.14746094
v 0.09472656 -0.44824219 -0.15527344
v 0.09472656 -0.44824219 -0.15527344
v 0.09863281 -0.44042969 -0.15136719
v 0.09863281 -0.44042969 -0.15136719
v 0.10839844 -0.44628906 -0.13769531
v 0.11621094 -0.45214844 -0.11816406
v 0.12402344 -0.45996094 -0.08105469
v 0.12402344 -0.46386719 -0.04199218
v 0.16308594 -0.45214844 -0.00097656
v 0.16308594 -0.45214844 -0.00097656
v 0.16503906 -0.43066406 0.06933594
v 0.15136719 -0.42480469 0.08886719
v 0.15136719 -0.42480469 0.08886719
v 0.13378906 -0.44042969 0.08886719
v 0.12597656 -0.44824219 0.08886719
v 0.09277344 -0.45605469 0.07324219
v 0.09277344 -0.45605469 0.07324219
v 0.05371094 -0.45996094 0.06738281
v 0.01464844 -0.45800781 0.07324219
v 0.01464844 -0.45800781 0.07324219
v 0.01464844 -0.45800781 0.07324219
v 0.01464844 -0.45800781 0.07324219
v -0.01660156 -0.45214844 0.08886719
v -0.01660156 -0.45214844 0.08886719
v -0.04589843 -0.44042969 0.12011719
v -0.04589843 -0.44042969 0.12011719
v -0.05371093 -0.42480469 0.16113281
v -0.04003906 -0.41308594 0.19628906
v -0.01269531 -0.40527344 0.22363281
v 0.02441407 -0.40332031 0.24121094
v 0.02441407 -0.40332031 0.24121094
v 0.05761719 -0.40332031 0.24902344
v 0.05761719 -0.36035156 0.26464844
v 0.05761719 -0.36035156 0.26464844
v 0.05761719 -0.36035156 0.26464844
v 0.10449219 -0.31152344 0.26269531
v 0.14941406 -0.27832031 0.24316406
v 0.18847656 -0.27050781 0.21582031
v 0.21972656 -0.32128906 0.18261719
v 0.21972656 -0.32128906 0.18261719
v 0.21972656 -0.32128906 0.18261719
v 0.24316406 -0.29589844 0.17675781
v 0.24316406 -0.29589844 0.17675781
v 0.28222656 -0.25878906 0.15527344
v 0.28417969 -0.22167969 0.16113281
v 0.28417969 -0.18261719 0.16503906
v 0.28222656 -0.14550781 0.16308594
v 0.22753906 -0.11035156 0.18847656
v 0.20800781 -0.10058594 0.19042969
v 0.20800781 -0.10058594 0.19042969
v 0.20800781 -0.10058594 0.19042969
v 0.20800781 -0.10058594 0.19042969
v 0.17480469 -0.12011719 0.20996094
v 0.17480469 -0.12011719 0.20996094
v 0.17480469 -0.12011719 0.20996094
v 0.17480469 -0.12011719 0.20996094
v 0.18457031 -0.11621094 0.21386719
v 0.18457031 -0.11621094 0.21386719
v 0.18457031 -0.11621094 0.21386719
v 0.18457031 -0.11621094 0.21386719
v 0.18457031 -0.11621094 0.21386719
v 0.18457031 -0.11621094 0.21386719
v 0.15722656 -0.11816406 0.23339844
v 0.15722656 -0.11816406 0.23339844
v 0.15722656 -0.11816406 0.23339844
v 0.15722656 -0.11816406 0.23339844
v 0.19042969 -0.09863281 0.27441406
v 0.16503906 -0.07910156 0.29589844
v 0.16503906 -0.07910156 0.29589844
v 0.15136719 -0.04589843 0.30175781
v 0.15136719 -0.04589843 0.30175781
v 0.15136719 -0.04589843 0.30175781
v 0.14550781 -0.01269531 0.29394531
v 0.14550781 -0.01269531 0.29394531
v 0.09472656 0.01269532 0.26074219
v 0.06933594 0.02441407 0.23535156
v 0.07324219 0.05957032 0.19433594
v 0.07324219 0.05957032 0.19433594
v 0.05566407 0.06933594 0.16308594
v 0.05566407 0.06933594 0.16308594
v 0.04199219 0.07910157 0.13183594
v 0.04199219 0.07910157 0.13183594
v -0.00488281 0.07714844 0.10449219
v -0.04199218 0.07519532 0.06152344
v -0.06542969 0.07519532 0.01269532
v -0.07324219 0.07519532 -0.04003906
v -0.07324219 0.07519532 -0.04003906
v -0.07128906 0.04785157 -0.09667969
v -0.04785156 0.04785157 -0.14746094
v -0.01269531 0.04785157 -0.19238281
v 0.01855469 0.04394532 -0.24902344
v 0.02441407 0.00097657 -0.29003906
v 0.02246094 -0.04394531 -0.29199219
v 0.02246094 -0.04394531 -0.29199219
v 0.05957032 -0.05566406 -0.32519531
v 0.09667969 -0.09472656 -0.32519531
v 0.09667969 -0.09472656 -0.32519531
v 0.07714844 -0.10644531 -0.30175781
v 0.07714844 -0.10644531 -0.30175781
v 0.10449219 -0.13378906 -0.30371094
v 0.09863281 -0.15722656 -0.30761719
v 0.09472656 -0.18847656 -0.31347656
v 0.03808594 -0.20800781 -0.31933594
v -0.00683593 -0.26464844 -0.32910156
v -0.04785156 -0.28808594 -0.31542969
v -0.04785156 -0.28808594 -0.31542969
v -0.04785156 -0.28808594 -0.31542969
v -0.07910156 -0.32519531 -0.29003906
v -0.09277344 -0.36425781 -0.25878906
v -0.07128906 -0.40722656 -0.21582031
v -0.07128906 -0.40722656 -0.21582031
v -0.07128906 -0.40722656 -0.21582031
v -0.03222656 -0.43457031 -0.17480469
v -0.03222656 -0.43457031 -0.17480469
v 0.01074219 -0.44824219 -0.15136719
v 0.01074219 -0.44824219 -0.15136719
v 0.01074219 -0.44824219 -0.15136719
v 0.01074219 -0.44824219 -0.15136719
v 0.01074219 -0.44824219 -0.15136719
v 0.05371094 -0.44824219 -0.14355469
v 0.05371094 -0.44824219 -0.14355469
v 0.05566407 -0.45410156 -0.13183594
v 0.05761719 -0.45996094 -0.11230469
v 0.05957032 -0.46582031 -0.07910156
v 0.05957032 -0.46972656 -0.04199218
v 0.12402344 -0.45996094 -0.00097656
v 0.12402344 -0.45996094 -0.00097656
v 0.11621094 -0.45214844 0.03613282
v 0.10839844 -0.44628906 0.05566407
v 0.09863281 -0.44238281 0.06933594
v 0.09863281 -0.44238281 0.06933594
v 0.09472656 -0.45019531 0.07324219
v 0.09472656 -0.45019531 0.07324219
v 0.09472656 -0.45019531 0.07324219
v 0.05371094 -0.45410156 0.06542969
v 0.05371094 -0.45410156 0.06542969
v 0.05371094 -0.45410156 0.06542969
v 0.01269532 -0.45214844 0.07128906
v 0.01269532 -0.45214844 0.07128906
v -0.02246094 -0.44433594 0.09082031
v -0.05371093 -0.42675781 0.12597656
v -0.05371093 -0.42675781 0.12597656
v -0.06542969 -0.40527344 0.16894531
v -0.04785156 -0.38378906 0.20996094
v -0.02050781 -0.37011719 0.23730469
v -0.02050781 -0.37011719 0.23730469
v 0.02050782 -0.36230469 0.25683594
v 0.02050782 -0.36230469 0.25683594
v 0.02050782 -0.36230469 0.25683594
v 0.05371094 -0.30761719 0.26464844
v 0.05371094 -0.30761719 0.26464844
v 0.09863281 -0.26269531 0.25292969
v 0.14550781 -0.23730469 0.23339844
v 0.20410156 -0.26074219 0.20800781
v 0.22949219 -0.21972656 0.19824219
v 0.22558594 -0.18066406 0.20019531
v 0.22363281 -0.14550781 0.19824219
v 0.16503906 -0.12402344 0.20800781
v 0.16503906 -0.12402344 0.20800781
v 0.16503906 -0.12402344 0.20800781
v 0.12207031 -0.12207031 0.21582031
v 0.12207031 -0.12207031 0.21582031
v 0.12207031 -0.12207031 0.21582031
v 0.12207031 -0.12207031 0.21582031
v 0.13769531 -0.12011719 0.22363281
v 0.13769531 -0.12011719 0.22363281
v 0.13769531 -0.12011719 0.22363281
v 0.13769531 -0.12011719 0.22363281
v 0.13769531 -0.12011719 0.22363281
v 0.13769531 -0.12011719 0.22363281
v 0.14160156 -0.10058594 0.26464844
v 0.14160156 -0.10058594 0.26464844
v 0.10839844 -0.06933594 0.27636719
v 0.10839844 -0.06933594 0.27636719
v 0.08496094 -0.02441406 0.26855469
v 0.08496094 -0.02441406 0.26855469
v 0.05566407 -0.01074218 0.24121094
v 0.04199219 0.03808594 0.20214844
v 0.01855469 0.04394532 0.16699219
v -0.01269531 0.04785157 0.11035157
v -0.04785156 0.04785157 0.06542969
v -0.07128906 0.04785157 0.01464844
v -0.07910156 0.04785157 -0.04003906
v -0.07910156 0.04785157 -0.04003906
v -0.08496094 0.02441407 -0.10058594
v -0.06347656 0.02050782 -0.15722656
v -0.03222656 0.01464844 -0.20800781
v -0.00488281 0.00878907 -0.25097656
v -0.00878906 -0.03417968 -0.26269531
v -0.00878906 -0.03417968 -0.26269531
v 0.03417969 -0.07910156 -0.29589844
v 0.03417969 -0.07910156 -0.29589844
v 0.03417969 -0.07910156 -0.29589844
v 0.05371094 -0.12011719 -0.29980469
v 0.04199219 -0.14746094 -0.30371094
v 0.03808594 -0.17871094 -0.31152344
v -0.02050781 -0.21777344 -0.31347656
v -0.07324219 -0.24316406 -0.29785156
v -0.07324219 -0.24316406 -0.29785156
v -0.10253906 -0.29394531 -0.27636719
v -0.10253906 -0.29394531 -0.27636719
v -0.11425781 -0.34277344 -0.24902344
v -0.08886719 -0.39941406 -0.20996094
v -0.08886719 -0.39941406 -0.20996094
v -0.04394531 -0.43652344 -0.16503906
v 0.00683594 -0.45214844 -0.13964844
v 0.00097657 -0.45800781 -0.11816406
v -0.00097656 -0.46582031 -0.08105469
v -0.00097656 -0.46972656 -0.04003906
v 0.05957032 -0.46777344 -0.00292968
v 0.05957032 -0.46777344 -0.00292968
v 0.05761719 -0.45996094 0.03027344
v 0.05761719 -0.45996094 0.03027344
v 0.05566407 -0.45410156 0.04980469
v 0.05371094 -0.45019531 0.06152344
v 0.05371094 -0.45019531 0.06152344
v 0.05371094 -0.45019531 0.06152344
v 0.05371094 -0.45019531 0.06152344
v 0.01074219 -0.44824219 0.06933594
v 0.01074219 -0.44824219 0.06933594
v -0.02636719 -0.43847656 0.09277344
v -0.02636719 -0.43847656 0.09277344
v -0.06152343 -0.41503906 0.13183594
v -0.06152343 -0.41503906 0.13183594
v -0.06152343 -0.41503906 0.13183594
v -0.06152343 -0.41503906 0.13183594
v -0.07910156 -0.38183594 0.17675781
v -0.06347656 -0.34863281 0.21386719
v -0.06347656 -0.34863281 0.21386719
v -0.03222656 -0.32714844 0.23925781
v -0.03222656 -0.32714844 0.23925781
v 0.00878907 -0.31347656 0.25683594
v 0.00878907 -0.31347656 0.25683594
v 0.04589844 -0.25683594 0.25292969
v 0.04589844 -0.25683594 0.25292969
v 0.09472656 -0.21386719 0.23925781
v 0.15722656 -0.21191406 0.22558594
v 0.16113281 -0.17480469 0.21972656
v 0.16308594 -0.14160156 0.21386719
v 0.10449219 -0.13378906 0.22167969
v 0.07714844 -0.10644531 0.21972656
v 0.07714844 -0.10644531 0.21972656
v 0.07714844 -0.10644531 0.21972656
v 0.09667969 -0.09472656 0.24316406
v 0.09667969 -0.09472656 0.24316406
v 0.05957032 -0.05371093 0.24316406
v 0.05957032 -0.05371093 0.24316406
v 0.02246094 -0.04394531 0.20996094
v 0.02246094 -0.04394531 0.20996094
v 0.02441407 0.00097657 0.20800781
v -0.00488281 0.00878907 0.16894531
v -0.03222656 0.01464844 0.12597656
v -0.06347656 0.02050782 0.07519531
v -0.08496094 0.02441407 0.01855469
v -0.09277344 0.02636719 -0.04003906
v -0.09277344 0.02636719 -0.04003906
v -0.10449219 -0.00488281 -0.10644531
v -0.08300781 -0.01269531 -0.16699219
v -0.04785156 -0.02246093 -0.22363281
v -0.06152343 -0.06152343 -0.23535156
v -0.00097656 -0.09472656 -0.28222656
v -0.00097656 -0.09472656 -0.28222656
v -0.02832031 -0.14160156 -0.28613281
v -0.02832031 -0.14160156 -0.28613281
v -0.03027344 -0.18261719 -0.29980469
v -0.03027344 -0.18261719 -0.29980469
v -0.09667969 -0.20410156 -0.26855469
v -0.12402344 -0.26074219 -0.25488281
v -0.12402344 -0.26074219 -0.25488281
v -0.13964844 -0.32128906 -0.22949219
v -0.11230469 -0.38769531 -0.20019531
v -0.13378906 -0.40917969 -0.10839844
v -0.12207031 -0.40917969 -0.14160156
v -0.11816406 -0.42089844 -0.11035156
v -0.11816406 -0.42089844 -0.11035156
v -0.06152343 -0.43847656 -0.14746094
v -0.06152343 -0.43847656 -0.14746094
v -0.06347656 -0.45214844 -0.08496094
v -0.06347656 -0.45605469 -0.04003906
v -0.06347656 -0.45214844 0.00292969
v -0.06347656 -0.45214844 0.00292969
v -0.00097656 -0.46582031 -0.00097656
v 0.00097657 -0.45996094 0.03613282
v 0.00097657 -0.45996094 0.03613282
v 0.00683594 -0.45214844 0.05761719
v -0.04394531 -0.43652344 0.08300781
v -0.03222656 -0.43457031 0.09277344
v -0.03222656 -0.43457031 0.09277344
v -0.03222656 -0.43457031 0.09277344
v -0.03222656 -0.43457031 0.09277344
v -0.03222656 -0.43457031 0.09277344
v -0.07128906 -0.40722656 0.13378906
v -0.07128906 -0.40722656 0.13378906
v -0.09277344 -0.36425781 0.17675781
v -0.07910156 -0.32519531 0.20800781
v -0.07910156 -0.32519531 0.20800781
v -0.04785156 -0.28808594 0.23339844
v -0.00683593 -0.26464844 0.24707031
v -0.00683593 -0.26464844 0.24707031
v 0.03808594 -0.20800781 0.23730469
v 0.09472656 -0.18847656 0.23144531
v 0.09863281 -0.15722656 0.22558594
v 0.05371094 -0.11816406 0.21777344
v 0.05371094 -0.11816406 0.21777344
v 0.03417969 -0.07910156 0.21386719
v 0.03417969 -0.07910156 0.21386719
v 0.03417969 -0.07910156 0.21386719
v -0.00878906 -0.03417968 0.18066406
v -0.00878906 -0.03417968 0.18066406
v -0.04785156 -0.02246093 0.14160156
v -0.08105469 -0.01074218 0.08496094
v -0.10449219 -0.00488281 0.02441407
v -0.11425781 -0.00292968 -0.04003906
v -0.11425781 -0.00292968 -0.04003906
v -0.12402344 -0.03613281 -0.11035156
v -0.10058594 -0.04589843 -0.17480469
v -0.11816406 -0.08496094 -0.18066406
v -0.08105469 -0.11035156 -0.24316406
v -0.09472656 -0.15136719 -0.24707031
v -0.14746094 -0.21972656 -0.22558594
v -0.16113281 -0.30566406 -0.20605469
v -0.16113281 -0.30566406 -0.20605469
v -0.14550781 -0.37011719 -0.17480469
v -0.15136719 -0.39160156 -0.12011719
v -0.16503906 -0.38769531 -0.08496094
v -0.13769531 -0.41308594 -0.08300781
v -0.10253906 -0.43457031 -0.08496094
v -0.10253906 -0.43457031 -0.08496094
v -0.10058594 -0.43847656 -0.04003906
v -0.10058594 -0.43847656 -0.04003906
v -0.10058594 -0.43847656 -0.04003906
v -0.10253906 -0.43457031 0.00292969
v -0.10253906 -0.43457031 0.00292969
v -0.11816406 -0.42089844 0.02832032
v -0.06152343 -0.44042969 0.06542969
v -0.06152343 -0.44042969 0.06542969
v -0.06152343 -0.44042969 0.06542969
v -0.08886719 -0.39941406 0.12792969
v -0.08886719 -0.39941406 0.12792969
v -0.11425781 -0.34277344 0.16699219
v -0.10253906 -0.29394531 0.19433594
v -0.10253906 -0.29394531 0.19433594
v -0.07324219 -0.24316406 0.21582031
v -0.02050781 -0.21777344 0.23144531
v -0.02050781 -0.21777344 0.23144531
v 0.03808594 -0.17871094 0.22949219
v 0.03808594 -0.17871094 0.22949219
v 0.04199219 -0.14746094 0.22167969
v 0.04199219 -0.14746094 0.22167969
v -0.00097656 -0.09472656 0.20019531
v -0.06152343 -0.06152343 0.15332031
v -0.10058594 -0.04589843 0.09277344
v -0.12402344 -0.03613281 0.02832032
v -0.13378906 -0.03222656 -0.04003906
v -0.13378906 -0.03222656 -0.04003906
v -0.14355469 -0.06933594 -0.11035156
v -0.13964844 -0.12207031 -0.17871094
v -0.16113281 -0.15527344 -0.17089844
v -0.18261719 -0.21972656 -0.17675781
v -0.20019531 -0.17480469 -0.12402344
v -0.35449219 -0.13964844 -0.05371093
v -0.35449219 -0.13964844 -0.05371093
v -0.36621094 -0.14355469 -0.04785156
v -0.36621094 -0.14160156 -0.04003906
v -0.36621094 -0.14160156 -0.04003906
v -0.37011719 -0.14550781 -0.04003906
v -0.37011719 -0.14550781 -0.04003906
v -0.36816406 -0.14746094 -0.05175781
v -0.37011719 -0.15332031 -0.05371093
v -0.36230469 -0.15722656 -0.06347656
v -0.35644531 -0.14550781 -0.06152343
v -0.33496094 -0.14550781 -0.07519531
v -0.33496094 -0.14550781 -0.07519531
v -0.33496094 -0.14550781 -0.07519531
v -0.32910156 -0.13574219 -0.06152343
v -0.32910156 -0.13574219 -0.06152343
v -0.32910156 -0.13574219 -0.06152343
v -0.32910156 -0.13574219 -0.06152343
v -0.30566406 -0.14941406 -0.08691406
v -0.30566406 -0.14941406 -0.08691406
v -0.30566406 -0.14941406 -0.08691406
v -0.30566406 -0.14941406 -0.08691406
v -0.29785156 -0.13574219 -0.07128906
v -0.29785156 -0.13574219 -0.07128906
v -0.29589844 -0.12988281 -0.04003906
v -0.32714844 -0.13183594 -0.04003906
v -0.35253906 -0.13574219 -0.04003906
v -0.35253906 -0.13574219 -0.04003906
v -0.35253906 -0.13574219 -0.04003906
v -0.35449219 -0.13964844 -0.02832031
v -0.35449219 -0.13964844 -0.02832031
v -0.36621094 -0.14355469 -0.03417968
v -0.36816406 -0.14746094 -0.03027344
v -0.37011719 -0.15332031 -0.02832031
v -0.37402344 -0.15136719 -0.04003906
v -0.37402344 -0.15136719 -0.04003906
v -0.37597656 -0.15917969 -0.04003906
v -0.37597656 -0.15917969 -0.04003906
v -0.37402344 -0.15917969 -0.05175781
v -0.37402344 -0.15917969 -0.05175781
v -0.37402344 -0.16503906 -0.04785156
v -0.37402344 -0.16503906 -0.04785156
v -0.36816406 -0.17089844 -0.05957031
v -0.36816406 -0.17089844 -0.05957031
v -0.36816406 -0.17089844 -0.05957031
v -0.36816406 -0.17089844 -0.05957031
v -0.34277344 -0.16699219 -0.07910156
v -0.34277344 -0.16699219 -0.07910156
v -0.31542969 -0.17871094 -0.09472656
v -0.31542969 -0.17871094 -0.09472656
v -0.27246094 -0.15722656 -0.09863281
v -0.27246094 -0.15722656 -0.09863281
v -0.28613281 -0.19238281 -0.10839844
v -0.28613281 -0.19238281 -0.10839844
v -0.24121094 -0.16503906 -0.10839844
v -0.24121094 -0.16503906 -0.10839844
v -0.25488281 -0.20605469 -0.11816406
v -0.21386719 -0.17285156 -0.11425781
v -0.21386719 -0.17285156 -0.11425781
v -0.21386719 -0.17285156 -0.11425781
v -0.22167969 -0.21972656 -0.12597656
v -0.22167969 -0.21972656 -0.12597656
v -0.22167969 -0.21972656 -0.12597656
v -0.20800781 -0.22363281 -0.13574219
v -0.20800781 -0.22363281 -0.13574219
v -0.18847656 -0.29589844 -0.16699219
v -0.18847656 -0.29589844 -0.16699219
v -0.17675781 -0.35253906 -0.13769531
v -0.19238281 -0.35449219 -0.08300781
v -0.17089844 -0.38574219 -0.04003906
v -0.17089844 -0.38574219 -0.04003906
v -0.13769531 -0.41503906 -0.04003906
v -0.13769531 -0.41503906 -0.04003906
v -0.13769531 -0.41308594 0.00097657
v -0.13378906 -0.40917969 0.02636719
v -0.12207031 -0.40917969 0.05957032
v -0.11230469 -0.38769531 0.11816407
v -0.13964844 -0.32324219 0.14746094
v -0.13964844 -0.32324219 0.14746094
v -0.12402344 -0.26074219 0.17285156
v -0.09667969 -0.20605469 0.18652344
v -0.03027344 -0.18457031 0.21777344
v -0.02832031 -0.14160156 0.20410156
v -0.08105469 -0.11035156 0.16113281
v -0.11816406 -0.08300781 0.09863281
v -0.14355469 -0.06933594 0.03027344
v -0.15332031 -0.06347656 -0.04003906
v -0.15332031 -0.06347656 -0.04003906
v -0.16308594 -0.10253906 -0.10839844
v -0.18261719 -0.13378906 -0.10058594
v -0.19628906 -0.14746094 -0.09082031
v -0.19628906 -0.14746094 -0.09082031
v -0.20996094 -0.14941406 -0.08691406
v -0.20996094 -0.14941406 -0.08691406
v -0.23535156 -0.14355469 -0.08300781
v -0.23535156 -0.14355469 -0.08300781
v -0.26660156 -0.13769531 -0.07714844
v -0.26660156 -0.13769531 -0.07714844
v -0.26269531 -0.13183594 -0.04003906
v -0.29785156 -0.13574219 -0.01074218
v -0.29785156 -0.13574219 -0.01074218
v -0.29785156 -0.13574219 -0.01074218
v -0.32910156 -0.13574219 -0.02050781
v -0.32910156 -0.13574219 -0.02050781
v -0.33496094 -0.14550781 -0.00683593
v -0.35644531 -0.14550781 -0.02050781
v -0.36230469 -0.15722656 -0.01855469
v -0.37402344 -0.15917969 -0.03027344
v -0.37402344 -0.15917969 -0.03027344
v -0.37402344 -0.16503906 -0.03417968
v -0.37402344 -0.16503906 -0.03417968
v -0.37597656 -0.16503906 -0.04003906
v -0.37597656 -0.16503906 -0.04003906
v -0.37597656 -0.16503906 -0.04003906
v -0.37597656 -0.16503906 -0.04003906
v -0.37597656 -0.16503906 -0.04003906
v -0.37597656 -0.16503906 -0.04003906
v -0.37207031 -0.17871094 -0.05175781
v -0.37207031 -0.17871094 -0.05175781
v -0.37207031 -0.17871094 -0.05175781
v -0.37207031 -0.17871094 -0.05175781
v -0.35253906 -0.19042969 -0.07324219
v -0.35253906 -0.19042969 -0.07324219
v -0.35253906 -0.19042969 -0.07324219
v -0.32910156 -0.21386719 -0.08496094
v -0.32910156 -0.21386719 -0.08496094
v -0.30175781 -0.23730469 -0.09472656
v -0.30175781 -0.23730469 -0.09472656
v -0.27050781 -0.25683594 -0.10253906
v -0.27050781 -0.25683594 -0.10253906
v -0.22753906 -0.27832031 -0.11035156
v -0.22753906 -0.27832031 -0.11035156
v -0.21386719 -0.28808594 -0.11816406
v -0.21582031 -0.32324219 -0.08105469
v -0.21582031 -0.32910156 -0.04003906
v -0.21582031 -0.32910156 -0.04003906
v -0.19628906 -0.35644531 -0.04003906
v -0.19628906 -0.35644531 -0.04003906
v -0.19238281 -0.35449219 0.00097657
v -0.16503906 -0.38769531 0.00292969
v -0.15136719 -0.39160156 0.03808594
v -0.14550781 -0.37011719 0.09277344
v -0.16113281 -0.30566406 0.12402344
v -0.16113281 -0.30566406 0.12402344
v -0.14746094 -0.21972656 0.14355469
v -0.09472656 -0.15136719 0.16503906
v -0.13964844 -0.12207031 0.09667969
v -0.16308594 -0.10253906 0.02636719
v -0.17089844 -0.09667969 -0.04003906
v -0.17089844 -0.09667969 -0.04003906
v -0.18652344 -0.12597656 -0.04003906
v -0.18652344 -0.12597656 -0.04003906
v -0.19628906 -0.13769531 -0.04003906
v -0.19628906 -0.13769531 -0.04003906
v -0.19628906 -0.13769531 -0.04003906
v -0.20996094 -0.13964844 -0.04003906
v -0.23144531 -0.13574219 -0.04003906
v -0.26660156 -0.13769531 -0.00488281
v -0.26660156 -0.13769531 -0.00488281
v -0.30566406 -0.14941406 0.00488282
v -0.30566406 -0.14941406 0.00488282
v -0.34277344 -0.16699219 -0.00292968
v -0.36816406 -0.17089844 -0.02246094
v -0.36816406 -0.17089844 -0.02246094
v -0.36816406 -0.17089844 -0.02246094
v -0.36816406 -0.17089844 -0.02246094
v -0.37207031 -0.17871094 -0.03027344
v -0.37207031 -0.17871094 -0.03027344
v -0.37207031 -0.18066406 -0.04003906
v -0.37207031 -0.18066406 -0.04003906
v -0.35839844 -0.20410156 -0.05761718
v -0.33691406 -0.23339844 -0.06347656
v -0.30957031 -0.26074219 -0.06933594
v -0.27832031 -0.28613281 -0.07324219
v -0.27832031 -0.28613281 -0.07324219
v -0.22753906 -0.31152344 -0.07714844
v -0.22753906 -0.31152344 -0.07714844
v -0.22949219 -0.31738281 -0.04003906
v -0.22949219 -0.31738281 -0.04003906
v -0.21582031 -0.32324219 -0.00097656
v -0.17675781 -0.35253906 0.05566407
v -0.18847656 -0.29589844 0.08496094
v -0.18847656 -0.29589844 0.08496094
v -0.18261719 -0.21972656 0.09472656
v -0.16113281 -0.15527344 0.08886719
v -0.18261719 -0.13378906 0.01855469
v -0.19628906 -0.14746094 0.00878907
v -0.19628906 -0.14746094 0.00878907
v -0.20996094 -0.14941406 0.00488282
v -0.20996094 -0.14941406 0.00488282
v -0.20996094 -0.14941406 0.00488282
v -0.23535156 -0.14355469 0.00097657
v -0.23535156 -0.14355469 0.00097657
v -0.27246094 -0.15722656 0.01660157
v -0.27246094 -0.15722656 0.01660157
v -0.31542969 -0.17871094 0.01269532
v -0.35253906 -0.19042969 -0.00878906
v -0.35253906 -0.19042969 -0.00878906
v -0.35839844 -0.20410156 -0.02441406
v -0.36035156 -0.20800781 -0.04003906
v -0.36035156 -0.20800781 -0.04003906
v -0.33886719 -0.23730469 -0.04003906
v -0.33886719 -0.23730469 -0.04003906
v -0.31152344 -0.26660156 -0.04003906
v -0.31152344 -0.26660156 -0.04003906
v -0.28027344 -0.29003906 -0.04003906
v -0.28027344 -0.29003906 -0.04003906
v -0.28027344 -0.29003906 -0.04003906
v -0.28027344 -0.29003906 -0.04003906
v -0.22753906 -0.31152344 -0.00488281
v -0.21386719 -0.28808594 0.03613282
v -0.21386719 -0.28808594 0.03613282
v -0.20800781 -0.22363281 0.05371094
v -0.20800781 -0.22363281 0.05371094
v -0.20019531 -0.17480469 0.04199219
v -0.21386719 -0.17285156 0.03222657
v -0.21386719 -0.17285156 0.03222657
v -0.24121094 -0.16503906 0.02636719
v -0.24121094 -0.16503906 0.02636719
v -0.28613281 -0.19238281 0.02636719
v -0.32910156 -0.21386719 0.00292969
v -0.32910156 -0.21386719 0.00292969
v -0.33691406 -0.23339844 -0.01855469
v -0.30957031 -0.26074219 -0.01269531
v -0.27832031 -0.28613281 -0.00878906
v -0.22753906 -0.27832031 0.02832032
v -0.22753906 -0.27832031 0.02832032
v -0.22167969 -0.21972656 0.04394532
v -0.22167969 -0.21972656 0.04394532
v -0.22167969 -0.21972656 0.04394532
v -0.25488281 -0.20605469 0.03613282
v -0.25488281 -0.20605469 0.03613282
v -0.25488281 -0.20605469 0.03613282
v -0.30175781 -0.23730469 0.01269532
v -0.30175781 -0.23730469 0.01269532
v -0.27050781 -0.25683594 0.02050782
v -0.27050781 -0.25683594 0.02050782
v 0.21191406 0.05761719 0.20605469
v 0.21191406 0.05761719 0.20605469
v 0.21191406 0.05761719 0.20605469
v 0.20996094 0.05761719 0.20214844
v 0.20996094 0.05761719 0.20214844
v 0.21582031 0.06152344 0.20996094
v 0.21582031 0.06152344 0.20996094
v 0.21972656 0.06542969 0.20996094
v 0.21972656 0.06542969 0.20996094
v 0.21972656 0.06542969 0.20996094
v 0.20800781 0.05957032 0.19628906
v 0.20800781 0.05957032 0.19628906
v 0.20996094 0.06347657 0.19042969
v 0.20996094 0.06347657 0.19042969
v 0.22167969 0.06933594 0.20800781
v 0.22167969 0.06933594 0.20800781
v 0.21191406 0.06738282 0.18652344
v 0.21191406 0.06738282 0.18652344
v 0.21191406 0.06738282 0.18652344
v 0.21191406 0.06738282 0.18652344
v 0.22363281 0.07519532 0.20605469
v 0.22363281 0.07519532 0.20605469
v 0.22363281 0.07519532 0.20605469
v 0.22363281 0.07714844 0.20019531
v 0.22363281 0.07714844 0.20019531
v 0.21972656 0.07714844 0.18652344
v 0.21972656 0.07714844 0.18652344
v 0.21972656 0.07714844 0.18652344
v 0.22167969 0.07910157 0.19042969
v 0.22167969 0.07910157 0.19042969
v 0.21582031 0.07324219 0.18652344
v 0.21582031 0.07324219 0.18652344
v 0.22363281 0.07910157 0.19628906
v 0.22363281 0.07910157 0.19628906
v 0.19238281 0.08886719 0.17675781
v 0.18652344 0.07714844 0.17675781
v 0.18652344 0.07714844 0.17675781
v 0.18457031 0.06738282 0.18261719
v 0.18457031 0.06738282 0.18261719
v 0.18457031 0.05957032 0.19238281
v 0.18652344 0.05371094 0.20410156
v 0.19042969 0.05566407 0.21582031
v 0.19042969 0.05566407 0.21582031
v 0.19628906 0.06152344 0.22363281
v 0.20214844 0.07128907 0.22753906
v 0.20214844 0.07128907 0.22753906
v 0.20605469 0.08105469 0.22558594
v 0.20800781 0.09277344 0.21972656
v 0.20800781 0.09277344 0.21972656
v 0.20800781 0.10058594 0.20996094
v 0.20605469 0.10449219 0.19824219
v 0.20605469 0.10449219 0.19824219
v 0.20214844 0.10253907 0.18847656
v 0.20214844 0.10253907 0.18847656
v 0.20214844 0.10253907 0.18847656
v 0.20214844 0.10253907 0.18847656
v 0.19628906 0.09667969 0.17871094
v 0.19628906 0.09667969 0.17871094
v 0.16503906 0.10644532 0.16699219
v 0.16503906 0.10644532 0.16699219
v 0.15917969 0.08886719 0.16894531
v 0.15917969 0.08886719 0.16894531
v 0.15722656 0.07128907 0.17871094
v 0.15722656 0.07128907 0.17871094
v 0.15722656 0.07128907 0.17871094
v 0.15722656 0.07128907 0.17871094
v 0.15722656 0.05761719 0.19433594
v 0.16113281 0.04980469 0.21191406
v 0.16503906 0.05175782 0.22949219
v 0.16503906 0.05175782 0.22949219
v 0.17285156 0.06152344 0.24316406
v 0.17675781 0.07714844 0.25097656
v 0.17675781 0.07714844 0.25097656
v 0.18261719 0.09472657 0.25097656
v 0.18261719 0.11230469 0.24121094
v 0.18261719 0.11230469 0.24121094
v 0.18261719 0.12597656 0.22558594
v 0.18261719 0.12597656 0.22558594
v 0.18066406 0.13183594 0.20605469
v 0.18066406 0.13183594 0.20605469
v 0.18066406 0.13183594 0.20605469
v 0.18066406 0.13183594 0.20605469
v 0.17675781 0.12988281 0.18652344
v 0.17675781 0.12988281 0.18652344
v 0.17675781 0.12988281 0.18652344
v 0.17675781 0.12988281 0.18652344
v 0.17089844 0.12207032 0.17285156
v 0.17089844 0.12207032 0.17285156
v 0.17089844 0.12207032 0.17285156
v 0.13574219 0.12011719 0.15332031
v 0.13574219 0.12011719 0.15332031
v 0.11035156 0.09472657 0.13964844
v 0.13183594 0.09472657 0.15527344
v 0.13183594 0.09472657 0.15527344
v 0.12988281 0.06933594 0.17089844
v 0.12988281 0.06933594 0.17089844
v 0.13183594 0.05175782 0.19238281
v 0.13183594 0.05175782 0.19238281
v 0.13378906 0.04199219 0.21972656
v 0.13964844 0.04394532 0.24511719
v 0.13964844 0.04394532 0.24511719
v 0.14355469 0.05761719 0.26464844
v 0.14941406 0.08105469 0.27636719
v 0.14941406 0.08105469 0.27636719
v 0.15136719 0.10644532 0.27636719
v 0.15332031 0.13183594 0.26269531
v 0.15332031 0.15136719 0.23925781
v 0.15332031 0.15136719 0.23925781
v 0.15332031 0.15136719 0.23925781
v 0.14941406 0.16113281 0.20996094
v 0.14941406 0.16113281 0.20996094
v 0.14550781 0.15722656 0.18261719
v 0.14160156 0.14355469 0.16308594
v 0.14160156 0.14355469 0.16308594
v 0.14160156 0.14355469 0.16308594
v 0.14160156 0.14355469 0.16308594
v 0.11230469 0.12988281 0.13574219
v 0.11230469 0.12988281 0.13574219
v 0.08691406 0.09082032 0.12011719
v 0.11035156 0.06347657 0.15917969
v 0.11230469 0.04003907 0.18847656
v 0.11230469 0.04003907 0.18847656
v 0.11425781 0.02832032 0.22363281
v 0.11425781 0.02832032 0.22363281
v 0.11816406 0.03222657 0.25683594
v 0.11816406 0.03222657 0.25683594
v 0.12011719 0.05175782 0.28613281
v 0.12207031 0.08105469 0.29980469
v 0.12207031 0.08105469 0.29980469
v 0.12207031 0.11621094 0.29980469
v 0.12207031 0.14941406 0.28222656
v 0.12011719 0.17480469 0.25097656
v 0.12011719 0.17480469 0.25097656
v 0.11816406 0.18457031 0.21386719
v 0.11621094 0.18066406 0.17871094
v 0.11425781 0.15917969 0.14941406
v 0.11425781 0.15917969 0.14941406
v 0.08300781 0.17480469 0.13378906
v 0.08300781 0.17480469 0.13378906
v 0.08496094 0.13574219 0.11621094
v 0.08496094 0.13574219 0.11621094
v 0.06152344 0.13574219 0.10058594
v 0.06152344 0.13574219 0.10058594
v 0.06542969 0.08496094 0.10449219
v 0.03222657 0.13378906 0.07714844
v 0.03222657 0.13378906 0.07714844
v 0.03808594 0.07324219 0.08300781
v 0.03808594 0.07324219 0.08300781
v 0.07128906 0.03808594 0.13378906
v 0.08886719 0.04980469 0.14550781
v 0.09082031 0.02246094 0.18457031
v 0.09277344 0.00878907 0.22949219
v 0.09277344 0.00878907 0.22949219
v 0.09277344 0.00878907 0.22949219
v 0.09277344 0.00878907 0.22949219
v 0.09277344 0.01660157 0.27246094
v 0.09082031 0.04003907 0.30566406
v 0.08886719 0.07910157 0.32519531
v 0.08886719 0.07910157 0.32519531
v 0.08691406 0.12402344 0.32324219
v 0.08496094 0.16503906 0.30175781
v 0.08300781 0.19433594 0.26269531
v 0.08300781 0.19433594 0.26269531
v 0.08105469 0.20800781 0.21582031
v 0.08105469 0.20019531 0.16894531
v 0.05761719 0.18261719 0.12011719
v 0.05761719 0.18261719 0.12011719
v 0.02441407 0.18847656 0.10253906
v 0.02441407 0.18847656 0.10253906
v -0.00488281 0.19042969 0.09082031
v -0.00488281 0.19042969 0.09082031
v 0.00292969 0.12988281 0.06347656
v 0.00292969 0.12988281 0.06347656
v -0.02832031 0.12402344 0.04589844
v -0.02832031 0.12402344 0.04589844
v 0.01074219 0.06152344 0.06933594
v 0.01074219 0.06152344 0.06933594
v 0.01074219 0.06152344 0.06933594
v 0.01074219 0.06152344 0.06933594
v 0.04394532 0.01855469 0.11816407
v 0.07324219 0.00488282 0.17871094
v 0.07324219 0.00488282 0.17871094
v 0.07324219 -0.00683593 0.23144531
v 0.07324219 -0.00683593 0.23144531
v 0.07324219 -0.00683593 0.23144531
v 0.07128906 0.00097657 0.28222656
v 0.06738281 0.03222657 0.31933594
v 0.06738281 0.03222657 0.31933594
v 0.06347656 0.07714844 0.34082031
v 0.06347656 0.07714844 0.34082031
v 0.05957032 0.12792969 0.33886719
v 0.05566407 0.17480469 0.31347656
v 0.05371094 0.20800781 0.27050781
v 0.05371094 0.20800781 0.27050781
v 0.05371094 0.22167969 0.21582031
v 0.05371094 0.21191406 0.16308594
v 0.02050782 0.22558594 0.15332031
v -0.01074218 0.23144531 0.14355469
v -0.04199218 0.23730469 0.13574219
v -0.03613281 0.19042969 0.07714844
v -0.03613281 0.19042969 0.07714844
v -0.06738281 0.18847656 0.06933594
v -0.06738281 0.18847656 0.06933594
v -0.05957031 0.11816407 0.03808594
v -0.02050781 0.04980469 0.05371094
v -0.02050781 0.04980469 0.05371094
v 0.01660157 0.00292969 0.10839844
v 0.04589844 -0.01855468 0.17285156
v 0.04589844 -0.01855468 0.17285156
v 0.04785157 -0.03027343 0.23339844
v 0.04785157 -0.03027343 0.23339844
v 0.04785157 -0.03027343 0.23339844
v 0.04394532 -0.01855468 0.29199219
v 0.03808594 0.02050782 0.33691406
v 0.03808594 0.02050782 0.33691406
v 0.03027344 0.07324219 0.36035156
v 0.03027344 0.07324219 0.36035156
v 0.02441407 0.13378906 0.35644531
v 0.01855469 0.18652344 0.32714844
v 0.01660157 0.22167969 0.27636719
v 0.01660157 0.22167969 0.27636719
v 0.01660157 0.23730469 0.21386719
v -0.01269531 0.24511719 0.21191406
v -0.04589843 0.25292969 0.20800781
v -0.07714844 0.25488281 0.20605469
v -0.07324219 0.23730469 0.12988281
v -0.10253906 0.23535156 0.12402344
v -0.09863281 0.18457031 0.06152344
v -0.09863281 0.18457031 0.06152344
v -0.09863281 0.18457031 0.06152344
v -0.09082031 0.11035157 0.03027344
v -0.05175781 0.03808594 0.04589844
v -0.05175781 0.03808594 0.04589844
v -0.01464843 -0.01464843 0.09667969
v -0.01464843 -0.01464843 0.09667969
v 0.02050782 -0.03613281 0.16894531
v 0.02050782 -0.03613281 0.16894531
v 0.01855469 -0.04785156 0.23730469
v 0.01855469 -0.04785156 0.23730469
v 0.01464844 -0.03222656 0.29980469
v 0.00878907 0.01074219 0.34863281
v 0.00097657 0.06933594 0.37207031
v 0.00097657 0.06933594 0.37207031
v -0.00683593 0.13574219 0.36816406
v -0.01074218 0.19238281 0.33496094
v -0.01464843 0.23144531 0.28027344
v -0.01464843 0.23144531 0.28027344
v -0.04589843 0.23730469 0.28027344
v -0.04589843 0.23730469 0.28027344
v -0.07714844 0.24121094 0.28027344
v -0.07714844 0.24121094 0.28027344
v -0.10644531 0.24121094 0.28027344
v -0.10644531 0.24121094 0.28027344
v -0.10644531 0.24121094 0.28027344
v -0.10644531 0.25488281 0.20214844
v -0.13183594 0.25097656 0.20019531
v -0.12988281 0.23144531 0.12402344
v -0.12988281 0.23144531 0.12402344
v -0.12597656 0.17871094 0.06152344
v -0.12597656 0.17871094 0.06152344
v -0.12011719 0.10449219 0.03027344
v -0.08300781 0.02832032 0.03808594
v -0.08300781 0.02832032 0.03808594
v -0.04589843 -0.02832031 0.09082031
v -0.04589843 -0.02832031 0.09082031
v -0.01074218 -0.05566406 0.16308594
v -0.01074218 -0.05566406 0.16308594
v -0.01269531 -0.06738281 0.23730469
v -0.01269531 -0.06738281 0.23730469
v -0.01660156 -0.04589843 0.30761719
v -0.02441406 0.00292969 0.35839844
v -0.03222656 0.06738282 0.38378906
v -0.03222656 0.06738282 0.38378906
v -0.03808593 0.13769531 0.37597656
v -0.04394531 0.19824219 0.34082031
v -0.07519531 0.20019531 0.34277344
v -0.10449219 0.19824219 0.34277344
v -0.10449219 0.19824219 0.34277344
v -0.13183594 0.19628906 0.34082031
v -0.13183594 0.19628906 0.34082031
v -0.13378906 0.23730469 0.27636719
v -0.13378906 0.23730469 0.27636719
v -0.15722656 0.24316406 0.19824219
v -0.15722656 0.24316406 0.19824219
v -0.15527344 0.22363281 0.12402344
v -0.15527344 0.22363281 0.12402344
v -0.20214844 0.20019531 0.13183594
v -0.18066406 0.21386719 0.12597656
v -0.17871094 0.16503906 0.07128906
v -0.17871094 0.16503906 0.07128906
v -0.15332031 0.17285156 0.06347656
v -0.15332031 0.17285156 0.06347656
v -0.14941406 0.09863282 0.03222657
v -0.11425781 0.02246094 0.03808594
v -0.11425781 0.02246094 0.03808594
v -0.11425781 0.02246094 0.03808594
v -0.07714844 -0.04003906 0.08496094
v -0.07714844 -0.04003906 0.08496094
v -0.04199218 -0.06933594 0.16113281
v -0.04199218 -0.07910156 0.23925781
v -0.04199218 -0.07910156 0.23925781
v -0.04785156 -0.05566406 0.31152344
v -0.05566406 -0.00488281 0.36425781
v -0.06152343 0.06347657 0.38964844
v -0.06152343 0.06347657 0.38964844
v -0.06933594 0.13769531 0.38183594
v -0.10058594 0.13574219 0.38183594
v -0.12792969 0.13183594 0.37988281
v -0.12792969 0.13183594 0.37988281
v -0.15722656 0.19042969 0.33496094
v -0.15917969 0.23144531 0.27246094
v -0.15917969 0.23144531 0.27246094
v -0.18066406 0.23144531 0.19824219
v -0.18066406 0.23144531 0.19824219
v -0.20410156 0.21777344 0.19628906
v -0.22363281 0.20019531 0.19628906
v -0.25683594 0.14355469 0.15917969
v -0.25683594 0.15527344 0.19628906
v -0.24121094 0.16503906 0.14746094
v -0.24121094 0.17871094 0.19628906
v -0.22363281 0.18457031 0.13964844
v -0.20214844 0.15527344 0.08105469
v -0.17480469 0.09472657 0.04003907
v -0.17480469 0.09472657 0.04003907
v -0.17480469 0.09472657 0.04003907
v -0.14355469 0.01855469 0.04003907
v -0.14355469 0.01855469 0.04003907
v -0.14355469 0.01855469 0.04003907
v -0.10839844 -0.04589843 0.08496094
v -0.10839844 -0.04589843 0.08496094
v -0.10839844 -0.04589843 0.08496094
v -0.10839844 -0.04589843 0.08496094
v -0.07519531 -0.08105469 0.15722656
v -0.07519531 -0.08886719 0.23925781
v -0.07519531 -0.08886719 0.23925781
v -0.07910156 -0.06347656 0.31152344
v -0.08496094 -0.00878906 0.36621094
v -0.09277344 0.06152344 0.39160156
v -0.09277344 0.06152344 0.39160156
v -0.12207031 0.05957032 0.38964844
v -0.12207031 0.05957032 0.38964844
v -0.12207031 0.05957032 0.38964844
v -0.12207031 0.05957032 0.38964844
v -0.14746094 0.05761719 0.38183594
v -0.14746094 0.05761719 0.38183594
v -0.15332031 0.12988281 0.37402344
v -0.17871094 0.12402344 0.36425781
v -0.18066406 0.18261719 0.32714844
v -0.18261719 0.22167969 0.26855469
v -0.18261719 0.22167969 0.26855469
v -0.18261719 0.22167969 0.26855469
v -0.20410156 0.20800781 0.26074219
v -0.20410156 0.20800781 0.26074219
v -0.22363281 0.19238281 0.25292969
v -0.22363281 0.19238281 0.25292969
v -0.24316406 0.17089844 0.24511719
v -0.24316406 0.17089844 0.24511719
v -0.25683594 0.14941406 0.23535156
v -0.25683594 0.14941406 0.23535156
v -0.27050781 0.12207032 0.22558594
v -0.27050781 0.12207032 0.22558594
v -0.27050781 0.12597656 0.19824219
v -0.27050781 0.11816407 0.17285156
v -0.27050781 0.07324219 0.14160156
v -0.27050781 0.09863282 0.15136719
v -0.25878906 0.11425782 0.12988281
v -0.24316406 0.12988281 0.11035157
v -0.22363281 0.14355469 0.09472656
v -0.20019531 0.09082032 0.05371094
v -0.20019531 0.09082032 0.05371094
v -0.20019531 0.09082032 0.05371094
v -0.20019531 0.09082032 0.05371094
v -0.17089844 0.01855469 0.04785157
v -0.17089844 0.01855469 0.04785157
v -0.17089844 0.01855469 0.04785157
v -0.17089844 0.01855469 0.04785157
v -0.13964844 -0.04785156 0.08691406
v -0.13964844 -0.04785156 0.08691406
v -0.10449219 -0.08691406 0.15722656
v -0.10449219 -0.09277344 0.23730469
v -0.10449219 -0.09277344 0.23730469
v -0.10839844 -0.06542969 0.31152344
v -0.11425781 -0.01074218 0.36425781
v -0.14160156 -0.01269531 0.35839844
v -0.14160156 -0.01269531 0.35839844
v -0.17285156 0.05566407 0.37207031
v -0.17285156 0.05566407 0.37207031
v -0.19628906 0.05566407 0.35839844
v -0.19628906 0.05566407 0.35839844
v -0.20019531 0.11816407 0.35058594
v -0.20410156 0.17285156 0.31542969
v -0.22363281 0.16113281 0.30175781
v -0.24121094 0.14550781 0.28613281
v -0.25683594 0.12792969 0.26855469
v -0.26855469 0.10839844 0.24707031
v -0.27832031 0.08691407 0.22558594
v -0.27832031 0.08691407 0.22558594
v -0.27832031 0.09472657 0.21386719
v -0.27832031 0.09472657 0.21386719
v -0.27832031 0.09667969 0.20019531
v -0.27832031 0.09277344 0.18652344
v -0.27832031 0.08105469 0.17675781
v -0.27832031 0.06738282 0.17089844
v -0.27832031 0.05371094 0.17285156
v -0.27832031 0.05371094 0.17285156
v -0.27246094 0.04394532 0.14550781
v -0.27246094 0.04394532 0.14550781
v -0.25878906 0.07714844 0.11425782
v -0.25878906 0.07714844 0.11425782
v -0.24316406 0.08105469 0.09082031
v -0.24316406 0.08105469 0.09082031
v -0.22167969 0.08496094 0.07128906
v -0.22167969 0.08496094 0.07128906
v -0.19824219 0.02050782 0.05957032
v -0.19824219 0.02050782 0.05957032
v -0.16699219 -0.04589843 0.09082031
v -0.16699219 -0.04589843 0.09082031
v -0.13574219 -0.08886719 0.15527344
v -0.13574219 -0.09277344 0.23535156
v -0.13574219 -0.09277344 0.23535156
v -0.13769531 -0.06738281 0.30761719
v -0.16894531 -0.01074218 0.35058594
v -0.16894531 -0.01074218 0.35058594
v -0.19433594 -0.00683593 0.33886719
v -0.21972656 0.05566407 0.34082031
v -0.21972656 0.05566407 0.34082031
v -0.22167969 0.11230469 0.33300781
v -0.24121094 0.10449219 0.31152344
v -0.25683594 0.09472657 0.28808594
v -0.26855469 0.08496094 0.26269531
v -0.27636719 0.07519532 0.23339844
v -0.27636719 0.07519532 0.23339844
v -0.27636719 0.06152344 0.23535156
v -0.27636719 0.06152344 0.23535156
v -0.27636719 0.04785157 0.23144531
v -0.27636719 0.04785157 0.23144531
v -0.28027344 0.06347657 0.20410156
v -0.28027344 0.06347657 0.20410156
v -0.28027344 0.06347657 0.20410156
v -0.28027344 0.06347657 0.20410156
v -0.28027344 0.06347657 0.20410156
v -0.28027344 0.06347657 0.20410156
v -0.28027344 0.06347657 0.20410156
v -0.27832031 0.04199219 0.18066406
v -0.27832031 0.04199219 0.18066406
v -0.27832031 0.04199219 0.18066406
v -0.27050781 0.01855469 0.15917969
v -0.25878906 0.03613282 0.11816407
v -0.24121094 0.02832032 0.09667969
v -0.22167969 0.02246094 0.07714844
v -0.19433594 -0.04003906 0.09863281
v -0.16503906 -0.08300781 0.15722656
v -0.16503906 -0.08300781 0.15722656
v -0.16308594 -0.08886719 0.23339844
v -0.16308594 -0.08886719 0.23339844
v -0.16308594 -0.08886719 0.23339844
v -0.16503906 -0.06347656 0.30175781
v -0.16503906 -0.06347656 0.30175781
v -0.19042969 -0.05566406 0.29394531
v -0.21582031 0.00097657 0.32324219
v -0.23925781 0.05566407 0.31933594
v -0.23925781 0.05566407 0.31933594
v -0.25488281 0.05761719 0.29394531
v -0.25488281 0.05761719 0.29394531
v -0.26855469 0.05957032 0.26660156
v -0.26855469 0.05957032 0.26660156
v -0.26855469 0.03222657 0.25683594
v -0.27832031 0.03808594 0.22167969
v -0.27832031 0.03808594 0.22167969
v -0.27832031 0.03222657 0.20800781
v -0.27832031 0.03417969 0.19238281
v -0.27832031 0.03417969 0.19238281
v -0.27050781 0.00488282 0.18457031
v -0.27050781 0.00488282 0.18457031
v -0.25878906 -0.00097656 0.14160156
v -0.24121094 -0.01660156 0.12402344
v -0.21972656 -0.03027343 0.11035157
v -0.19238281 -0.07519531 0.16113281
v -0.19238281 -0.07519531 0.16113281
v -0.19042969 -0.07910156 0.22949219
v -0.19042969 -0.07910156 0.22949219
v -0.21582031 -0.04199218 0.28222656
v -0.23730469 0.00878907 0.30371094
v -0.25488281 0.02050782 0.28222656
v -0.26855469 0.01269532 0.23925781
v -0.27050781 0.00292969 0.21191406
v -0.25683594 -0.02050781 0.17675781
v -0.25683594 -0.02050781 0.17675781
v -0.23925781 -0.04394531 0.17089844
v -0.23925781 -0.04394531 0.17089844
v -0.21777344 -0.06152343 0.16503906
v -0.21777344 -0.06152343 0.16503906
v -0.21777344 -0.06152343 0.16503906
v -0.21582031 -0.06542969 0.22558594
v -0.21582031 -0.06542969 0.22558594
v -0.23730469 -0.02832031 0.27050781
v -0.25488281 -0.00878906 0.25488281
v -0.25488281 -0.02441406 0.21777344
v -0.23730469 -0.04589843 0.22167969
vt 0.22971739 0.38338453
vt 0.42413238 0.02334267
vt 0.08208878 0.41570830
vt 0.09879168 0.72085619
vt 0.23156141 0.38756025
vt 0.08634071 0.41758281
vt 0.12537001 0.18525100
vt 0.42169401 0.19124025
vt 0.08208878 0.42521799
vt 0.41695440 0.02925569
vt 0.39158002 0.31931609
vt 0.10287596 0.72393465
vt 0.08938868 0.42171282
vt 0.42169401 0.19988126
vt 0.10784416 0.72393465
vt 0.09018116 0.42655909
vt 0.11166937 0.72279161
vt 0.41770115 0.19930214
vt 0.11413822 0.71931696
vt 0.41472939 0.19623893
vt 0.11456494 0.71430302
vt 0.41303775 0.19156033
vt 0.12537001 0.17586327
vt 0.11340671 0.70968533
vt 0.41256532 0.18720168
vt 0.10930718 0.70660686
vt 0.13015532 0.17764628
vt 0.39158002 0.30934924
vt 0.10412563 0.70543337
vt 0.13405673 0.18205065
vt 0.39487183 0.31140661
vt 0.41695440 0.01959366
vt 0.10051379 0.70774984
vt 0.23156141 0.37884307
vt 0.09830400 0.71198654
vt 0.42094725 0.02107191
vt 0.39255539 0.43975681
vt 0.72880781 0.71009684
vt 0.67456913 0.19517213
vt 0.39731023 0.44118935
vt 0.72504359 0.71338862
vt 0.38978171 0.43529153
vt 0.67456913 0.18558627
vt 0.72880781 0.70502198
vt 0.67711419 0.19745815
vt 0.72178227 0.71418107
vt 0.68186903 0.19988126
vt 0.71612823 0.71404397
vt 0.71340030 0.71072161
vt 0.68584663 0.19825059
vt 0.39731023 0.43283790
vt 0.68090892 0.19063067
vt 0.72836584 0.70081574
vt 0.67664176 0.18189824
vt 0.72464734 0.69740200
vt 0.68124419 0.18049616
vt 0.72044110 0.69648761
vt 0.68520653 0.18160868
vt 0.71533579 0.69729531
vt 0.68950421 0.18487000
vt 0.68980902 0.18977726
vt 0.71295834 0.70144057
vt 0.71157151 0.70566201
vt 0.68950421 0.19445586
vt 0.97325528 0.05562067
vt 0.66594338 0.39678037
vt 0.97223425 0.06093937
vt 0.96767753 0.05380714
vt 0.96334940 0.05758661
vt 0.34058744 0.45757222
vt 0.66516614 0.40596998
vt 0.67683989 0.40706730
vt 0.33036149 0.45825797
vt 0.18847831 0.96883929
vt 0.17803900 0.97011942
vt 0.67763233 0.39671940
vt 0.16924559 0.96693432
vt 0.96816516 0.28275567
vt 0.67683989 0.38739258
vt 0.66516614 0.38861179
vt 0.95658290 0.28074402
vt 0.98032659 0.05968970
vt 0.97787297 0.05507207
vt 0.97435260 0.04920471
vt 0.96507150 0.04836649
vt 0.96601635 0.50455672
vt 0.34125799 0.44780344
vt 0.95728391 0.04978383
vt 0.96401995 0.03750050
vt 0.95374829 0.03891778
vt 0.96813470 0.49391925
vt 0.33036149 0.44667572
vt 0.95262051 0.50419092
vt 0.19829278 0.96285003
vt 0.16097035 0.95914674
vt 0.97013110 0.27213347
vt 0.95675051 0.27121907
vt 0.95015168 0.27342886
vt 0.98204869 0.05046958
vt 0.97580034 0.03832340
vt 0.97663856 0.02719831
vt 0.96260262 0.02608579
vt 0.83408481 0.37716663
vt 0.94890201 0.61948055
vt 0.95963085 0.62132454
vt 0.83606601 0.39027292
vt 0.95540941 0.62996554
vt 0.96673262 0.45123243
vt 0.96662599 0.63822556
vt 0.97276765 0.62804532
vt 0.97957987 0.64593697
vt 0.97013110 0.46688378
vt 0.95070028 0.01333004
vt 0.96324271 0.01220232
vt 0.98591965 0.63476610
vt 0.95120323 0.02736598
vt 0.96962821 0.48210841
vt 0.21001224 0.94204760
vt 0.95597327 0.48155975
vt 0.95447981 0.49337065
vt 0.20531836 0.95318794
vt 0.15668795 0.94835693
vt 0.96953678 0.26018542
vt 0.95582092 0.25983489
vt 0.94743896 0.26314199
vt 0.98553866 0.04016745
vt 0.98863232 0.02931666
vt 0.68721825 0.84292752
vt 0.98928761 0.01541793
vt 0.97737008 0.01220232
vt 0.67632169 0.83960521
vt 0.98962289 0.62197989
vt 0.67632169 0.82459390
vt 0.97548032 0.61539626
vt 0.96251118 0.61123580
vt 0.24360090 0.28667229
vt 0.25106844 0.29997671
vt 0.61517936 0.63423276
vt 0.83336854 0.36794651
vt 0.94785047 0.61119008
vt 0.24360090 0.30224746
vt 0.95190424 0.60353965
vt 0.69227785 0.80417252
vt 0.61536223 0.64365101
vt 0.70728910 0.81078660
vt 0.29844919 0.52299696
vt 0.62644160 0.65569049
vt 0.30224392 0.51010406
vt 0.17233928 0.89384389
vt 0.62638068 0.64202034
vt 0.62517673 0.63200772
vt 0.18244332 0.89361531
vt 0.82331026 0.36642253
vt 0.19269975 0.89587080
vt 0.82309687 0.37623703
vt 0.20420584 0.90314019
vt 0.82251775 0.38995290
vt 0.95705533 0.64593697
vt 0.82251775 0.40219051
vt 0.21142954 0.91370142
vt 0.95262051 0.45293927
vt 0.95515037 0.46727997
vt 0.21206962 0.92808789
vt 0.15460007 0.93653077
vt 0.96921676 0.24842024
vt 0.95550084 0.24808496
vt 0.99760860 0.03312665
vt 0.99937642 0.01938027
vt 0.95627809 0.23456722
vt 0.69944060 0.84336948
vt 0.97709572 0.60513985
vt 0.68650192 0.82875443
vt 0.96321225 0.60241187
vt 0.68673056 0.81427658
vt 0.61423451 0.65569049
vt 0.69613355 0.81508428
vt 0.30224392 0.53625560
vt 0.71059620 0.82407582
vt 0.15601738 0.90818459
vt 0.97013110 0.23590833
vt 0.15460007 0.92244911
vt 0.71175438 0.83792883
vt 0.69788611 0.82881540
vt 0.03793889 0.29194534
vt 0.00974513 0.00113815
vt 0.07673959 0.01090693
vt 0.01936149 0.25887477
vt 0.59218240 0.68493581
vt 0.03732929 0.28607798
vt 0.00755059 0.00249451
vt 0.03900568 0.28790677
vt 0.05311780 0.04961616
vt 0.17918198 0.30662131
vt 0.05605909 0.04675108
vt 0.06412098 0.70522004
vt 0.17933439 0.31064463
vt 0.00974513 0.00731027
vt 0.18037069 0.31110185
vt 0.04874395 0.06839168
vt 0.07673959 0.01706380
vt 0.08044288 0.01592082
vt 0.04581790 0.07069290
vt 0.02925216 0.06848311
vt 0.01588680 0.26391917
vt 0.02437541 0.26100838
vt 0.04167265 0.37271661
vt 0.04388244 0.06618190
vt 0.59718108 0.68190306
vt 0.58992690 0.67967802
vt 0.43806162 0.28470635
vt 0.03518047 0.29202151
vt 0.05605909 0.05850101
vt 0.03900568 0.29737073
vt 0.43874741 0.29118329
vt 0.00712387 0.10956979
vt 0.05106041 0.70522004
vt 0.02564031 0.07517344
vt 0.04581790 0.06386542
vt 0.17918198 0.31687772
vt 0.06581260 0.71082830
vt 0.31659988 0.51627618
vt 0.06451721 0.71756434
vt 0.00242999 0.40706730
vt 0.31960213 0.52244830
vt 0.02925216 0.07556969
vt 0.31949544 0.51376158
vt 0.64055377 0.26036829
vt 0.01664879 0.27132577
vt 0.58312994 0.05170405
vt 0.09504268 0.18281263
vt 0.02167795 0.27094477
vt 0.02129695 0.26512313
vt 0.09594183 0.17702144
vt 0.04164217 0.37770003
vt 0.49097443 0.62758815
vt 0.04575694 0.37789816
vt 0.04630557 0.37142122
vt 0.49300134 0.62115693
vt 0.11201988 0.18037426
vt 0.04120022 0.06345397
vt 0.04120022 0.07069290
vt 0.10720409 0.17458308
vt 0.04572646 0.41438240
vt 0.59568757 0.67727017
vt 0.59009457 0.67283535
vt 0.43525749 0.29055846
vt 0.43733010 0.29691350
vt 0.10211397 0.17846924
vt 0.00712387 0.11456847
vt 0.00730675 0.11353219
vt 0.10237305 0.17758536
vt 0.01949865 0.12807101
vt 0.04827152 0.70825279
vt 0.01949865 0.13406026
vt 0.01949865 0.10946316
vt 0.04740284 0.71416587
vt 0.00235380 0.40115422
vt 0.06130160 0.72142005
vt 0.01844710 0.11456847
vt 0.04793624 0.71873784
vt 0.05636389 0.72393465
vt 0.31973928 0.53378677
vt 0.00242999 0.39595741
vt 0.00119557 0.40118468
vt 0.32051653 0.52831566
vt 0.32432649 0.52042139
vt 0.64098048 0.26878071
vt 0.02437541 0.27787894
vt 0.64552194 0.26922268
vt 0.58674175 0.05821145
vt 0.04630557 0.38512188
vt 0.09993467 0.18281263
vt 0.58850962 0.04999715
vt 0.61940080 0.01950222
vt 0.49344331 0.63487279
vt 0.49731421 0.63313544
vt 0.06337423 0.00967246
vt 0.00139368 0.17793584
vt 0.06226172 0.00974870
vt 0.00140892 0.07160729
vt 0.49796954 0.63267827
vt 0.00242999 0.17744821
vt 0.00139368 0.17202282
vt 0.49579024 0.62719190
vt 0.49650651 0.62268090
vt 0.50074321 0.61870337
vt 0.11212657 0.17458308
vt 0.49722278 0.61717933
vt 0.05142617 0.41421479
vt 0.04664085 0.40932280
vt 0.59628195 0.67201239
vt 0.59049076 0.66588593
vt 0.31852010 0.16495150
vt 0.43345919 0.29758406
vt 0.01844710 0.10903645
vt 0.01844710 0.13358784
vt 0.10237305 0.18281263
vt 0.43754345 0.30142450
vt 0.04729617 0.71338862
vt 0.43874741 0.30712420
vt 0.05359023 0.32425386
vt 0.04749428 0.71956074
vt 0.05154809 0.72295928
vt 0.05362071 0.32888675
vt 0.31659988 0.53649950
vt 0.67275560 0.42270339
vt 0.32577428 0.53752053
vt 0.32662770 0.52948916
vt 0.66845793 0.42899746
vt 0.64055377 0.27787894
vt 0.64593339 0.27586722
vt 0.66377932 0.42799163
vt 0.58642173 0.06523705
vt 0.00476169 0.59230787
vt 0.62156487 0.00094002
vt 0.59231955 0.06813264
vt 0.59198427 0.05880582
vt 0.62156487 0.00985533
vt 0.06226172 0.00228113
vt 0.50302917 0.63813412
vt 0.61627662 0.00984013
vt 0.50302917 0.63813412
vt 0.00140892 0.07799280
vt 0.00242999 0.07764226
vt 0.50304443 0.63711309
vt 0.06581260 0.02018797
vt 0.18091933 0.02634490
vt 0.50493413 0.61675262
vt 0.50241959 0.61352175
vt 0.18524745 0.02634490
vt 0.05362071 0.40863699
vt 0.59718108 0.66579449
vt 0.04747904 0.40312016
vt 0.31233272 0.16566777
vt 0.43289530 0.30541736
vt 0.31931257 0.17290670
vt 0.05083181 0.31756353
vt 0.31791049 0.18037426
vt 0.66838175 0.40991712
vt 0.04821056 0.32486343
vt 0.32063845 0.54113239
vt 0.04821056 0.33149278
vt 0.67261845 0.41560161
vt 0.66719306 0.42197186
vt 0.19977105 0.43116152
vt 0.58312994 0.07151586
vt 0.58914965 0.07556969
vt 0.19327886 0.43143582
vt 0.01154344 0.58884841
vt 0.00611804 0.58537376
vt 0.38999507 0.04838175
vt 0.00521889 0.58519089
vt 0.38909593 0.04885417
vt 0.50944519 0.63862181
vt 0.61607850 0.00319552
vt 0.00072313 0.58802545
vt 0.38754144 0.05362427
vt 0.00072313 0.58802545
vt 0.00133272 0.03413248
vt 0.00072313 0.58802545
vt 0.00133272 0.01483881
vt 0.00614852 0.56897563
vt 0.50944519 0.61658502
vt 0.00072313 0.56635439
vt 0.13762286 0.00389659
vt 0.06279511 0.02395225
vt 0.18247379 0.03169411
vt 0.06581260 0.02681732
vt 0.14169191 0.00304312
vt 0.05314827 0.40161139
vt 0.04572646 0.39662796
vt 0.24863006 0.16095865
vt 0.31300327 0.17258668
vt 0.31233272 0.17860639
vt 0.24797475 0.16714603
vt 0.66377932 0.41110581
vt 0.66637009 0.41680557
vt 0.24863006 0.17238855
vt 0.19987772 0.42611712
vt 0.19327886 0.42358726
vt 0.24154352 0.17549747
vt 0.01462189 0.58154851
vt 0.38754144 0.04280394
vt 0.00837354 0.57946062
vt 0.00486837 0.01956314
vt 0.00742867 0.57400477
vt 0.00665144 0.56800032
vt 0.13954309 0.01031256
vt 0.05138045 0.39376289
vt 0.14381024 0.01048017
vt 0.24265604 0.15919083
vt 0.24058340 0.16828901
vt 0.14216435 0.01950222
vt 0.01411897 0.57354760
vt 0.00881550 0.57321233
vt 0.13762286 0.01654565
vt 0.90045446 0.69313484
vt 0.88939029 0.69048309
vt 0.00486837 0.20231962
vt 0.90117073 0.67435932
vt 0.35940865 0.03655559
vt 0.89568436 0.67361259
vt 0.39974859 0.23599976
vt 0.36074978 0.02498853
vt 0.89903712 0.66126823
vt 0.00232332 0.18822277
vt 0.39721876 0.23292130
vt 0.90302998 0.66085678
vt 0.90028679 0.66049105
vt 0.39833128 0.23537493
vt 0.89896095 0.66088724
vt 0.35940865 0.02404368
vt 0.39848369 0.23699033
vt 0.02551840 0.07820618
vt 0.02777389 0.09024566
vt 0.89202678 0.67109799
vt 0.57756740 0.58375829
vt 0.02423825 0.08878261
vt 0.02324765 0.07806903
vt 0.39816365 0.23881912
vt 0.57305634 0.57414198
vt 0.57579952 0.58314872
vt 0.02163223 0.08730435
vt 0.84222293 0.56135571
vt 0.57168478 0.58397162
vt 0.84176570 0.57507157
vt 0.57145619 0.59803808
vt 0.02019968 0.10333669
vt 0.57700348 0.59928775
vt 0.58209360 0.59931821
vt 0.02344577 0.10508931
vt 0.02925216 0.10668945
vt 0.88413256 0.68562162
vt 0.02850541 0.12855870
vt 0.87465334 0.70508289
vt 0.88274574 0.71148360
vt 0.89748269 0.71744239
vt 0.92433530 0.46788961
vt 0.62539005 0.48994166
vt 0.92433530 0.46788961
vt 0.91650206 0.72049040
vt 0.92826724 0.44166178
vt 0.91470373 0.69522274
vt 0.93503374 0.42262715
vt 0.90991843 0.67489272
vt 0.00486837 0.18621111
vt 0.90562075 0.66046059
vt 0.64658874 0.73252988
vt 0.39360693 0.23243362
vt 0.56988651 0.57365429
vt 0.39438415 0.23926109
vt 0.84338117 0.55094683
vt 0.39421651 0.24017549
vt 0.84223813 0.55096209
vt 0.39295161 0.24116606
vt 0.84088182 0.55090117
vt 0.95880789 0.52974820
vt 0.83882445 0.56140143
vt 0.96081954 0.54290020
vt 0.83813864 0.57504106
vt 0.96351701 0.55929828
vt 0.83723950 0.59204876
vt 0.84222293 0.59331369
vt 0.57049608 0.61676788
vt 0.57825315 0.61763656
vt 0.58256602 0.62013590
vt 0.02259234 0.12570882
vt 0.58256602 0.64349860
vt 0.66190481 0.45825797
vt 0.03502807 0.32955730
vt 0.70200092 0.05068296
vt 0.02019968 0.14846194
vt 0.02570127 0.15112895
vt 0.70122367 0.05613881
vt 0.22912303 0.34592491
vt 0.86653048 0.72571766
vt 0.22846772 0.35805589
vt 0.87547630 0.73387098
vt 0.22912303 0.37780672
vt 0.66713208 0.43625164
vt 0.89390129 0.74315208
vt 0.91650206 0.74831843
vt 0.68292058 0.42125559
vt 0.92060155 0.49721110
vt 0.93640530 0.47060227
vt 0.63863355 0.48994166
vt 0.63806963 0.46516168
vt 0.93831027 0.44464880
vt 0.91567910 0.67310965
vt 0.94167829 0.42367876
vt 0.63820678 0.74616957
vt 0.64890522 0.73512065
vt 0.39014748 0.23357660
vt 0.65135878 0.73490733
vt 0.38839489 0.23476535
vt 0.65361428 0.73441964
vt 0.19012421 0.06093937
vt 0.20644611 0.09382701
vt 0.19871949 0.36407560
vt 0.38839489 0.23731041
vt 0.95245290 0.90330786
vt 0.55647540 0.12343812
vt 0.38790721 0.24005353
vt 0.95135564 0.90298784
vt 0.38807485 0.23913920
vt 0.39043704 0.24060220
vt 0.19987772 0.36406034
vt 0.95025831 0.90268302
vt 0.38822725 0.23822480
vt 0.39153430 0.24052602
vt 0.39208293 0.25174254
vt 0.39476517 0.25137681
vt 0.83519733 0.56021273
vt 0.95693338 0.52950442
vt 0.83653843 0.56143188
vt 0.83403909 0.57523918
vt 0.95571423 0.54273260
vt 0.82925379 0.59369469
vt 0.95262051 0.56028891
vt 0.82267016 0.61425328
vt 0.18768583 0.04874748
vt 0.24619168 0.01893830
vt 0.08024476 0.38935852
vt 0.56267804 0.12380385
vt 0.95060885 0.57946062
vt 0.96525437 0.58013117
vt 0.56549740 0.13838840
vt 0.66190481 0.43896431
vt 0.83519733 0.61370468
vt 0.84338117 0.61368942
vt 0.66787881 0.44231707
vt 0.56734145 0.63808846
vt 0.57654631 0.64104497
vt 0.66476989 0.45219254
vt 0.66303253 0.45153719
vt 0.54021448 0.96423686
vt 0.03274209 0.33393115
vt 0.53300601 0.96525794
vt 0.93599385 0.28531599
vt 0.03656730 0.32993829
vt 0.03274209 0.32401001
vt 0.93015695 0.28946120
vt 0.69931865 0.05548352
vt 0.70200092 0.06825453
vt 0.91877276 0.29537427
vt 0.22630365 0.35807109
vt 0.22665417 0.37757814
vt 0.90110976 0.29980910
vt 0.04388244 0.97731268
vt 0.66781789 0.43875098
vt 0.02018444 0.97958338
vt 0.68458170 0.42296249
vt 0.00154608 0.97987294
vt 0.77512181 0.64889348
vt 0.69224739 0.40581763
vt 0.68974805 0.40543664
vt 0.93404311 0.50211835
vt 0.68913847 0.38996816
vt 0.49688751 0.18494618
vt 0.95062411 0.50153923
vt 0.51186830 0.16586590
vt 0.57090753 0.00356132
vt 0.63820678 0.79463238
vt 0.95021260 0.47243106
vt 0.63954788 0.77169633
vt 0.95062411 0.44614232
vt 0.94969445 0.42477602
vt 0.64370841 0.75017768
vt 0.65032250 0.75106156
vt 0.65580887 0.74930900
vt 0.94879532 0.78195280
vt 0.19686022 0.10542458
vt 0.19012421 0.04952472
vt 0.18664952 0.05235934
vt 0.20118836 0.10432732
vt 0.19987772 0.37294519
vt 0.20489164 0.10336721
vt 0.94708842 0.91066873
vt 0.94929820 0.91214699
vt 0.95394641 0.91316807
vt 0.55647540 0.13268870
vt 0.56062067 0.13249058
vt 0.95668954 0.91414338
vt 0.38845584 0.25125486
vt 0.95960039 0.92788976
vt 0.82009465 0.21025962
vt 0.38636798 0.26411730
vt 0.82608390 0.21010721
vt 0.39202198 0.26535177
vt 0.39723402 0.26554984
vt 0.82722688 0.57301420
vt 0.95060885 0.54258019
vt 0.82993960 0.57545257
vt 0.82174051 0.59279555
vt 0.18768583 0.02706116
vt 0.17809995 0.04420602
vt 0.81309950 0.61344558
vt 0.40218696 0.26480311
vt 0.24616121 0.00790465
vt 0.40017530 0.26568705
vt 0.08995256 0.95564157
vt 0.24410382 0.00720364
vt 0.24410382 0.01950222
vt 0.07808070 0.95881146
vt 0.08288126 0.38999861
vt 0.08288126 0.37887353
vt 0.06453246 0.95926863
vt 0.56334859 0.13802266
vt 0.66525757 0.44297242
vt 0.56267804 0.14381379
vt 0.05887847 0.96038115
vt 0.54844397 0.96364248
vt 0.54074782 0.94285530
vt 0.53321934 0.94329727
vt 0.93261057 0.26199895
vt 0.92552406 0.26492500
vt 0.91514570 0.26920742
vt 0.90110976 0.27234685
vt 0.04388244 0.95023143
vt 0.02378105 0.95009422
vt 0.00762679 0.95056671
vt 0.77117467 0.61885571
vt 0.75878465 0.65081370
vt 0.69086057 0.38894707
vt 0.74007010 0.64869535
vt 0.02925216 0.56062418
vt 0.68051267 0.37719715
vt 0.51186830 0.19500452
vt 0.67869914 0.37930024
vt 0.92570692 0.84580785
vt 0.58500445 0.02925569
vt 0.58500445 0.00228113
vt 0.93003505 0.82022011
vt 0.65445250 0.79435802
vt 0.93506420 0.79731458
vt 0.65077972 0.77151346
vt 0.66056371 0.76803881
vt 0.94544256 0.79774129
vt 0.95062411 0.79755843
vt 0.19407134 0.12288946
vt 0.19932909 0.12072539
vt 0.20521168 0.11843944
vt 0.94236410 0.92433888
vt 0.94593024 0.92589331
vt 0.55781651 0.14625216
vt 0.95330632 0.92705154
vt 0.96037763 0.94482124
vt 0.81936312 0.22647482
vt 0.82978719 0.22681010
vt 0.39311925 0.28270996
vt 0.39974859 0.28354812
vt 0.55332077 0.08290005
vt 0.81788486 0.59037244
vt 0.80811608 0.60872120
vt 0.55332077 0.10237658
vt 0.44606256 0.33894509
vt 0.40214124 0.25791466
vt 0.40017530 0.25811279
vt 0.44589490 0.34124631
vt 0.94120586 0.18281263
vt 0.09505791 0.95181638
vt 0.08158587 0.93464100
vt 0.93325067 0.14498729
vt 0.07299058 0.91761810
vt 0.07218287 0.93750614
vt 0.06337423 0.93762803
vt 0.06110349 0.93762803
vt 0.54795629 0.94184947
vt 0.54243946 0.92470461
vt 0.53561199 0.92497897
vt 0.92820626 0.24208045
vt 0.92224747 0.24480838
vt 0.91412461 0.24691153
vt 0.90359384 0.24733824
vt 0.27056023 0.77171159
vt 0.04330332 0.92619812
vt 0.25606713 0.77756369
vt 0.02836825 0.92532945
vt 0.01533816 0.92596954
vt 0.24289986 0.77619213
vt 0.76468247 0.59204876
vt 0.75313067 0.59576732
vt 0.75663584 0.62112647
vt 0.74007010 0.62039495
vt 0.02737766 0.53393918
vt 0.01262547 0.56004506
vt 0.06678796 0.00281453
vt 0.66713208 0.37325001
vt 0.66716254 0.37486541
vt 0.06825098 0.00284499
vt 0.05913754 0.41438240
vt 0.94151068 0.84362853
vt 0.94385761 0.81898570
vt 0.95034981 0.81840658
vt 0.19128244 0.14561212
vt 0.19839945 0.14218313
vt 0.20521168 0.13881510
vt 0.21078947 0.13659012
vt 0.93495750 0.94207805
vt 0.94097728 0.94316012
vt 0.95027357 0.94436407
vt 0.96037763 0.96501410
vt 0.44130772 0.32210499
vt 0.81936312 0.24607331
vt 0.54612750 0.09935910
vt 0.39299732 0.29980910
vt 0.83118927 0.24619526
vt 0.44264883 0.33329105
vt 0.44097245 0.33490652
vt 0.94868863 0.41680557
vt 0.95062411 0.17853022
vt 0.08655407 0.93223310
vt 0.93966663 0.16389996
vt 0.52146941 0.17793584
vt 0.93829507 0.14634359
vt 0.93440890 0.13040268
vt 0.52044833 0.16147679
vt 0.93440890 0.13040268
vt 0.06530969 0.90454227
vt 0.06695560 0.91935545
vt 0.06309991 0.91886777
vt 0.06195692 0.91886777
vt 0.54844397 0.92427790
vt 0.46541718 0.01133364
vt 0.54509121 0.91076016
vt 0.53980297 0.91101921
vt 0.46023563 0.01218706
vt 0.92567641 0.22700822
vt 0.25836834 0.16475338
vt 0.92131782 0.22748065
vt 0.25413164 0.16818237
vt 0.02193703 0.29249394
vt 0.60693461 0.26804918
vt 0.91557240 0.22883701
vt 0.90906495 0.22871512
vt 0.60086912 0.27056378
vt 0.18280907 0.37294519
vt 0.26644546 0.75468868
vt 0.25794163 0.75740135
vt 0.24908726 0.75724900
vt 0.75741303 0.57144451
vt 0.24289986 0.75266176
vt 0.74948829 0.57322752
vt 0.74089301 0.59518820
vt 0.02230278 0.50995159
vt 0.01350938 0.53387821
vt 0.06678796 0.01462543
vt 0.00143940 0.55650944
vt 0.60205781 0.65812886
vt 0.06581260 0.40504038
vt 0.95062411 0.84225696
vt 0.06325231 0.40517753
vt 0.19128244 0.17062074
vt 0.05916802 0.39792335
vt 0.19932909 0.16656691
vt 0.05253868 0.39079112
vt 0.20769578 0.16201019
vt 0.21449275 0.15909940
vt 0.05156333 0.38434464
vt 0.92816055 0.96359676
vt 0.05555617 0.37724286
vt 0.93581092 0.96451116
vt 0.94756091 0.96525794
vt 0.06491345 0.37008011
vt 0.44606256 0.30995882
vt 0.43984470 0.32212025
vt 0.96138346 0.41500723
vt 0.94599116 0.39831960
vt 0.94708842 0.16152251
vt 0.94605213 0.38027561
vt 0.94355279 0.14427102
vt 0.93692344 0.13121045
vt 0.52406019 0.16207117
vt 0.52406019 0.15068698
vt 0.93735015 0.11976528
vt 0.93590236 0.11906427
vt 0.05592193 0.04117328
vt 0.06002146 0.89372200
vt 0.54765153 0.91112590
vt 0.06188072 0.90454227
vt 0.46800795 0.01130313
vt 0.46438086 0.00261641
vt 0.25413164 0.15390259
vt 0.92051011 0.21755952
vt 0.46227777 0.00151914
vt 0.60376471 0.25411993
vt 0.02193703 0.28019536
vt 0.02004728 0.28146029
vt 0.60281986 0.25590301
vt 0.60134155 0.25663453
vt 0.37603536 0.41680557
vt 0.18280907 0.36000657
vt 0.17966966 0.36066186
vt 0.37416086 0.41389471
vt 0.26073050 0.74199384
vt 0.37640113 0.40973425
vt 0.25618905 0.74176526
vt 0.25309533 0.73946404
vt 0.37966245 0.40711302
vt 0.74503827 0.55951166
vt 0.74130452 0.57458389
vt 0.01471333 0.49047506
vt 0.01189395 0.51060694
vt 0.00372538 0.53118074
vt 0.60205781 0.63212967
vt 0.59433120 0.65220058
vt 0.06121017 0.39682609
vt 0.58596456 0.64650083
vt 0.92381716 0.80924737
vt 0.05558665 0.38914520
vt 0.91944331 0.80883592
vt 0.42413238 0.66056722
vt 0.05397123 0.38384169
vt 0.41901177 0.66029292
vt 0.37294167 0.82387769
vt 0.05698872 0.37974221
vt 0.44482812 0.30837387
vt 0.06581260 0.37161934
vt 0.36183181 0.82387769
vt 0.97500789 0.41077054
vt 0.36189276 0.80434012
vt 0.96744889 0.39368665
vt 0.95638478 0.39758807
vt 0.95344347 0.38097662
vt 0.95062411 0.14079630
vt 0.94073343 0.13084465
vt 0.93861508 0.11883563
vt 0.00136320 0.35383439
vt 0.94952685 0.35461164
vt 0.05605909 0.03846061
vt 0.60086912 0.25002044
vt 0.46800795 0.00139725
vt 0.05887847 0.89372200
vt 0.05494658 0.04143238
vt 0.18936221 0.38024509
vt 0.04941451 0.38268352
vt 0.38269517 0.41557109
vt 0.74191409 0.56047177
vt 0.38269517 0.40606147
vt 0.04941451 0.37276232
vt 0.00564561 0.47706401
vt 0.00809923 0.49157232
vt 0.00454834 0.50868672
vt 0.59987855 0.60952890
vt 0.59538275 0.62856352
vt 0.58861625 0.62435734
vt 0.92279607 0.78935933
vt 0.91951954 0.79006040
vt 0.02419253 0.50699508
vt 0.46800795 0.67032075
vt 0.42297414 0.64180696
vt 0.41901177 0.64043534
vt 0.46421322 0.66821766
vt 0.97500789 0.38806313
vt 0.37190536 0.80345625
vt 0.37125003 0.78751534
vt 0.96827185 0.37445396
vt 0.96127677 0.37814200
vt 0.00136320 0.36319172
vt 0.94489390 0.12865013
vt 0.95115751 0.36665112
vt 0.94969445 0.35580033
vt 0.00242999 0.35493171
vt 0.05494658 0.03678423
vt 0.95129466 0.35546505
vt 0.03967623 0.40552807
vt 0.00098221 0.12186837
vt 0.19256258 0.37608463
vt 0.05118233 0.37375295
vt 0.18936221 0.37126881
vt 0.00098221 0.11604679
vt 0.00357298 0.47720116
vt 0.00319199 0.49044460
vt 0.59442264 0.59206402
vt 0.92381716 0.77136111
vt 0.59478843 0.60747153
vt 0.00203376 0.50553203
vt 0.02925216 0.49029219
vt 0.46800795 0.65264249
vt 0.02419253 0.48840243
vt 0.18037069 0.33636951
vt 0.97037494 0.37260991
vt 0.96126151 0.36314595
vt 0.17846571 0.32335466
vt 0.08044288 0.21643180
vt 0.15216170 0.38885564
vt 0.16865124 0.03169411
vt 0.07312774 0.23641121
vt 0.01190919 0.09833801
vt 0.68977851 0.12119782
vt 0.17063242 0.03004819
vt 0.15414289 0.38955665
vt 0.07201523 0.23520726
vt 0.68884891 0.12028342
vt 0.95662862 0.36531001
vt 0.16865124 0.02658874
vt 0.69224739 0.11828703
vt 0.21936952 0.10344338
vt 0.19492477 0.36620921
vt 0.04388244 0.41438240
vt 0.19426945 0.35689765
vt 0.23634672 0.23517680
vt 0.04226701 0.40555853
vt 0.00242999 0.11746407
vt 0.04388244 0.40344018
vt 0.23902895 0.23438436
vt 0.18764012 0.28129262
vt 0.00150036 0.47732306
vt 0.18037069 0.32274508
vt 0.02429920 0.47383314
vt 0.00143940 0.48867679
vt 0.18942317 0.29257017
vt 0.20961601 0.02835655
vt 0.07859886 0.21608126
vt 0.07859886 0.23156494
vt 0.20963123 0.04355073
vt 0.15307608 0.40394312
vt 0.15772425 0.40459841
vt 0.07381354 0.18363559
vt 0.07201523 0.24986804
vt 0.07312774 0.25105673
vt 0.07469745 0.18459570
vt 0.00895266 0.11427891
vt 0.69224739 0.13649869
vt 0.01460665 0.11228251
vt 0.21619962 0.12045109
vt 0.21869896 0.12061870
vt 0.19359890 0.38266826
vt 0.19693643 0.36782461
vt 0.23595048 0.24752110
vt 0.24035481 0.24631715
vt 0.18564369 0.29313403
vt 0.19077952 0.30861771
vt 0.00486837 0.11217582
vt 0.20714714 0.04326117
vt 0.20714714 0.06337780
vt 0.00486837 0.13226199
vt 0.15117110 0.42361778
vt 0.00474645 0.15600568
vt 0.31687418 0.19181937
vt 0.14719351 0.44550222
vt 0.15844052 0.42585802
vt 0.07238099 0.20539808
vt 0.07460601 0.20419413
vt 0.00863262 0.13360310
vt 0.19012421 0.39586598
vt 0.55751169 0.61669165
vt 0.01706027 0.14698368
vt 0.01558200 0.12802529
vt 0.55793840 0.59659028
vt 0.21688542 0.13756543
vt 0.21936952 0.13773310
vt 0.19225779 0.39816719
vt 0.20030443 0.38449705
vt 0.23765735 0.26526028
vt 0.24108632 0.26443738
vt 0.18294623 0.31067508
vt 0.19219683 0.32867342
vt 0.00175944 0.13227719
vt 0.00194232 0.15600568
vt 0.19500096 0.35060358
vt 0.31423768 0.19270331
vt 0.18236712 0.35587656
vt 0.24131492 0.31200099
vt 0.02788057 0.00109243
vt 0.31483206 0.20474279
vt 0.15844052 0.44850445
vt 0.31687418 0.20317310
vt 0.02925216 0.00255549
vt 0.22974786 0.28763241
vt 0.07238099 0.22912657
vt 0.00863262 0.15600568
vt 0.07556612 0.22734350
vt 0.23162237 0.28472161
vt 0.18722863 0.38371980
vt 0.21933903 0.15844405
vt 0.56062067 0.61669165
vt 0.18722863 0.39731377
vt 0.22974786 0.27231634
vt 0.18959081 0.41680557
vt 0.20231611 0.40235817
vt 0.23642293 0.28536171
vt 0.18236712 0.33094412
vt 0.24131492 0.28569698
vt 0.23399979 0.28490448
vt 0.02788057 0.00731027
vt 0.23529518 0.30936450
vt 0.20231611 0.42412066
vt 0.32760304 0.62863970
vt 0.14548664 0.52650213
vt 0.11441255 0.98459733
vt 0.32757258 0.63836277
vt 0.10587822 0.98962647
vt 0.14548664 0.51598662
vt 0.11860351 0.97470665
vt 0.14591335 0.50806189
vt 0.41488177 0.68493581
vt 0.11944170 0.96556270
vt 0.41488177 0.67609668
vt 0.11462590 0.95792753
vt 0.41507989 0.66628218
vt 0.02396393 0.24397022
vt 0.10613730 0.95335555
vt 0.02437541 0.25373894
vt 0.19042900 0.50504440
vt 0.09673430 0.95381278
vt 0.18686287 0.53081501
vt 0.34447360 0.31626815
vt 0.34802449 0.65125567
vt 0.42169401 0.05362427
vt 0.08399377 0.97716027
vt 0.19149579 0.53137887
vt 0.41698489 0.05330420
vt 0.42169401 0.04521185
vt 0.33846909 0.65325212
vt 0.08826093 0.98630416
vt 0.09569798 0.98962647
vt 0.33251029 0.64738476
vt 0.19256258 0.52305794
vt 0.08378041 0.96673620
vt 0.19184631 0.51303005
vt 0.08902293 0.95812565
vt 0.33650315 0.64269090
vt 0.33380568 0.63536048
vt 0.33351612 0.62751198
vt 0.33293700 0.34136820
vt 0.15112539 0.52400279
vt 0.32507324 0.34024048
vt 0.15047008 0.51587993
vt 0.15101871 0.50950968
vt 0.31887060 0.33591235
vt 0.41925561 0.68295461
vt 0.31585312 0.32881057
vt 0.41885939 0.67566991
vt 0.41860032 0.66686130
vt 0.31580740 0.31998664
vt 0.02125123 0.24459505
vt 0.18686287 0.50784850
vt 0.02125123 0.25593352
vt 0.32233006 0.31078178
vt 0.18838686 0.51504171
vt 0.33644217 0.30998933
vt 0.18792966 0.52249408
vt 0.34855789 0.63289165
vt 0.33066627 0.32568640
vt 0.33988640 0.64872587
vt 0.33066627 0.32568640
vt 0.34855789 0.63289165
vt 0.38597175 0.63470519
vt 0.45549604 0.98040634
vt 0.27859163 0.24619526
vt 0.46355793 0.97595632
vt 0.39487183 0.63063610
vt 0.92473155 0.64017630
vt 0.46640778 0.98337811
vt 0.46886140 0.97289312
vt 0.93021792 0.64384913
vt 0.47303712 0.98474973
vt 0.93709111 0.64464158
vt 0.47978839 0.98295140
vt 0.47509450 0.97008896
vt 0.94501585 0.63244969
vt 0.31513685 0.97011942
vt 0.48134285 0.96728480
vt 0.47381434 0.95864379
vt 0.46706310 0.96045738
vt 0.77999854 0.67739207
vt 0.26568347 0.15920609
vt 0.46128717 0.96461785
vt 0.46113479 0.97025657
vt 0.26240692 0.16330558
vt 0.42169401 0.21205795
vt 0.28275213 0.24154705
vt 0.45423111 0.97104907
vt 0.27859163 0.23578638
vt 0.41521707 0.20951289
vt 0.77515227 0.68697792
vt 0.37813845 0.62946266
vt 0.76507872 0.69398826
vt 0.37283498 0.64005435
vt 0.38412774 0.64761335
vt 0.38161314 0.65822029
vt 0.58988118 0.96038115
vt 0.44440141 0.64980793
vt 0.39487183 0.65372455
vt 0.39441463 0.63851511
vt 0.45337769 0.63766170
vt 0.01928529 0.65709257
vt 0.91980910 0.64643991
vt 0.02681378 0.66398096
vt 0.92622507 0.65242916
vt 0.93645102 0.65489805
vt 0.48506138 0.97778511
vt 0.94419289 0.64317858
vt 0.95009071 0.64273655
vt 0.32303110 0.96271288
vt 0.31507587 0.96441972
vt 0.30829415 0.96495312
vt 0.48506138 0.95951247
vt 0.47843203 0.95814091
vt 0.85648745 0.41438240
vt 0.77432930 0.65965283
vt 0.47180268 0.95010948
vt 0.46239969 0.95468146
vt 0.77362829 0.66910160
vt 0.42169401 0.20231962
vt 0.26240692 0.15291202
vt 0.77390260 0.67821503
vt 0.36445305 0.63222110
vt 0.76436245 0.68162870
vt 0.75620908 0.69782871
vt 0.37032041 0.64953357
vt 0.75014365 0.69863641
vt 0.36803442 0.65509611
vt 0.38050064 0.66716611
vt 0.39351550 0.66547447
vt 0.58858579 0.94931704
vt 0.01928529 0.67518228
vt 0.45337769 0.65812886
vt 0.57653105 0.96010685
vt 0.92204934 0.66676986
vt 0.93562806 0.67091513
vt 0.33447623 0.95743984
vt 0.94696653 0.65473038
vt 0.95550084 0.64999080
vt 0.32560664 0.95452905
vt 0.31414625 0.95477289
vt 0.87593353 0.41218787
vt 0.30559668 0.95670837
vt 0.48155621 0.95009422
vt 0.29937881 0.96128029
vt 0.86630189 0.41362041
vt 0.85414052 0.40377545
vt 0.76262510 0.65564477
vt 0.76363093 0.66824818
vt 0.75578237 0.68469191
vt 0.75102752 0.68639880
vt 0.36704382 0.66262460
vt 0.74279803 0.69956607
vt 0.61181134 0.63981056
vt 0.70559752 0.20404178
vt 0.37632492 0.68525583
vt 0.60519725 0.66300559
vt 0.71192205 0.22092754
vt 0.60832143 0.64555597
vt 0.60992163 0.65979004
vt 0.37722406 0.68025714
vt 0.37821466 0.67384118
vt 0.39126000 0.67775780
vt 0.58567500 0.93691176
vt 0.57390982 0.94750345
vt 0.91913855 0.67969328
vt 0.55809081 0.94721389
vt 0.93498802 0.68507296
vt 0.95076126 0.67102182
vt 0.34281245 0.94261146
vt 0.32947755 0.93788713
vt 0.31431389 0.93817669
vt 0.30157337 0.94248956
vt 0.88160276 0.40086466
vt 0.86764300 0.40241909
vt 0.85415572 0.39554596
vt 0.75425839 0.65489805
vt 0.75527948 0.66850722
vt 0.74986935 0.66975689
vt 0.60519725 0.62841111
vt 0.74368191 0.68731320
vt 0.71218115 0.23860580
vt 0.71705788 0.22380787
vt 0.71132767 0.20545906
vt 0.73142910 0.23010194
vt 0.72627801 0.22722161
vt 0.72147745 0.21083874
vt 0.70117795 0.19159079
vt 0.58581215 0.91309184
vt 0.57610434 0.90637106
vt 0.69788611 0.19265759
vt 0.58244413 0.91386908
vt 0.38123214 0.69712770
vt 0.58308423 0.91944689
vt 0.38453922 0.69301295
vt 0.38784626 0.68664265
vt 0.58447105 0.92709732
vt 0.56955123 0.93156254
vt 0.55351883 0.93281221
vt 0.93561286 0.69851452
vt 0.95248336 0.68492055
vt 0.34842071 0.92883462
vt 0.33385140 0.92391217
vt 0.31530449 0.92484176
vt 0.30084184 0.93125778
vt 0.88492501 0.39048630
vt 0.86883175 0.39370191
vt 0.85427767 0.38931280
vt 0.74817771 0.65570569
vt 0.74445915 0.67100656
vt 0.70425642 0.25238264
vt 0.71579295 0.24380255
vt 0.64471424 0.48506492
vt 0.72376341 0.25027949
vt 0.68406355 0.94649762
vt 0.73080426 0.25479054
vt 0.73761648 0.23250985
vt 0.30436227 0.23353088
vt 0.28348362 0.20285302
vt 0.22578549 0.41680557
vt 0.61126274 0.37070495
vt 0.38025680 0.27056378
vt 0.28519049 0.20340168
vt 0.22331664 0.41608930
vt 0.28188345 0.20718116
vt 0.69503629 0.16088247
vt 0.22668464 0.41320896
vt 0.60659933 0.37139076
vt 0.22392623 0.41176116
vt 0.69464004 0.15602094
vt 0.22601409 0.40849984
vt 0.22331664 0.40868270
vt 0.69271982 0.15496939
vt 0.23121089 0.30468583
vt 0.60507536 0.37472826
vt 0.04144406 0.08283907
vt 0.22339284 0.12654704
vt 0.63619512 0.36281067
vt 0.21693113 0.04073131
vt 0.22119831 0.12836057
vt 0.22206697 0.12572408
vt 0.63279665 0.36246020
vt 0.22243273 0.12320948
vt 0.63040400 0.36337459
vt 0.63326907 0.36831230
vt 0.63387871 0.39275706
vt 0.63429016 0.40904844
vt 0.61764824 0.39458585
vt 0.61706913 0.40961236
vt 0.61773968 0.42361778
vt 0.63496071 0.42305392
vt 0.61981231 0.43542868
vt 0.63590556 0.43475813
vt 0.62426233 0.44634044
vt 0.62825519 0.45138478
vt 0.63365006 0.45426512
vt 0.64070612 0.45266497
vt 0.64814317 0.44762057
vt 0.65073395 0.43510866
vt 0.65332478 0.42261195
vt 0.65390384 0.40757018
vt 0.65137404 0.38990718
vt 0.64550668 0.38117474
vt 0.63407677 0.38117474
vt 0.62237257 0.38346070
vt 0.23150045 0.29810220
vt 0.60527343 0.38286638
vt 0.23121089 0.28999460
vt 0.69422853 0.13809884
vt 0.02198274 0.00731027
vt 0.60647738 0.39228463
vt 0.02198274 0.00080287
vt 0.61047024 0.39732897
vt 0.61015022 0.41006953
vt 0.61194849 0.42418164
vt 0.61514890 0.43611449
vt 0.61961418 0.44702619
vt 0.60047287 0.68592638
vt 0.62546629 0.45574343
vt 0.26761892 0.48951495
vt 0.63311666 0.45885235
vt 0.27545223 0.49619001
vt 0.64355600 0.45760268
vt 0.28656209 0.50038099
vt 0.73612297 0.53688049
vt 0.65253228 0.44922078
vt 0.73331881 0.55016965
vt 0.65751570 0.43580967
vt 0.73237395 0.56371784
vt 0.66022843 0.42215472
vt 0.73331881 0.57863772
vt 0.66082275 0.40711302
vt 0.73612297 0.59265840
vt 0.13893349 0.18234020
vt 0.65902448 0.39300090
vt 0.13893349 0.18768936
vt 0.60693461 0.58947325
vt 0.66193527 0.38749927
vt 0.60571539 0.59851050
vt 0.66300207 0.37832487
vt 0.41410455 0.65796125
vt 0.65628129 0.36718452
vt 0.60693461 0.61053479
vt 0.41354066 0.66230458
vt 0.66092944 0.36649877
vt 0.66280395 0.37017155
vt 0.60556298 0.60664856
vt 0.60310936 0.60768491
vt 0.58012766 0.07086056
vt 0.57933521 0.07556969
vt 0.18524745 0.00154960
vt 0.41602477 0.66300559
vt 0.60539538 0.61181492
vt 0.08743798 0.71765578
vt 0.57611960 0.07169873
vt 0.57450414 0.07474673
vt 0.08774278 0.72039896
vt 0.18058406 0.00304312
vt 0.08579207 0.72344697
vt 0.39243346 0.33036500
vt 0.18190992 0.00642639
vt 0.18524745 0.00731027
vt 0.38944644 0.33149278
vt 0.04388244 0.09262305
vt 0.41681725 0.65776312
vt 0.03803033 0.09262305
vt 0.01332650 0.00618255
vt 0.41674104 0.65035653
vt 0.41431791 0.65128613
vt 0.65023106 0.37004966
vt 0.41354066 0.64494634
vt 0.01706027 0.10242230
vt 0.64617723 0.37544453
vt 0.01706027 0.10481495
vt 0.55818224 0.62614036
vt 0.21693113 0.02721357
vt 0.64404368 0.37405771
vt 0.63273567 0.37289947
vt 0.64018798 0.36785507
vt 0.21662633 0.03445250
vt 0.22252417 0.12918353
vt 0.21565099 0.04143238
vt 0.55027276 0.63862181
vt 0.04144406 0.07936442
vt 0.54800200 0.63709784
vt 0.37413037 0.35378867
vt 0.19987772 0.35831493
vt 0.03886852 0.08050740
vt 0.03816748 0.08286959
vt 0.19721074 0.35831493
vt 0.68177760 0.33636951
vt 0.22668464 0.12679088
vt 0.67952210 0.33498269
vt 0.12675683 0.00974870
vt 0.00730675 0.03413248
vt 0.22595313 0.12420011
vt 0.00524937 0.03222746
vt 0.22381955 0.12240177
vt 0.22218889 0.11683923
vt 0.62635016 0.36876947
vt 0.22119831 0.10984415
vt 0.62316507 0.37657231
vt 0.22125925 0.10821348
vt 0.38025680 0.25890529
vt 0.62190014 0.37760860
vt 0.61664242 0.37358528
vt 0.37979960 0.26507741
vt 0.37733075 0.26402587
vt 0.06093585 0.40443081
vt 0.28519049 0.19599509
vt 0.27965844 0.20267016
vt 0.27782965 0.20446849
vt 0.41808215 0.61181492
vt 0.69985205 0.15989184
vt 0.41756400 0.60783732
vt 0.69828236 0.15618855
vt 0.23399979 0.29791933
vt 0.69526488 0.14693797
vt 0.02437541 0.00642639
vt 0.69651455 0.13697112
vt 0.60592878 0.39322948
vt 0.60553253 0.39667368
vt 0.69663644 0.13351166
vt 0.69744420 0.11984146
vt 0.61001307 0.73182887
vt 0.60507536 0.41055721
vt 0.70276290 0.11976528
vt 0.70384490 0.10621703
vt 0.61627662 0.71928644
vt 0.61037880 0.71966743
vt 0.60687363 0.42466933
vt 0.60943395 0.70928907
vt 0.61021119 0.43545914
vt 0.60800141 0.69737148
vt 0.61453927 0.44751388
vt 0.62238783 0.45876092
vt 0.60428286 0.68412805
vt 0.63104409 0.46311951
vt 0.59932989 0.67589855
vt 0.26280314 0.49105418
vt 0.27211469 0.49833882
vt 0.28618109 0.50377947
vt 0.73289210 0.53584415
vt 0.29980555 0.50565398
vt 0.72821349 0.55001724
vt 0.72726858 0.56356549
vt 0.72914308 0.57860720
vt 0.57867986 0.04856461
vt 0.73101759 0.59250599
vt 0.13619031 0.18700355
vt 0.73196250 0.59718466
vt 0.57872558 0.05315185
vt 0.60478580 0.58825409
vt 0.60341418 0.59841907
vt 0.57965523 0.06223476
vt 0.57247728 0.06380451
vt 0.08134203 0.71125507
vt 0.56830156 0.06900126
vt 0.07873601 0.71725953
vt 0.03867040 0.08638996
vt 0.38944644 0.32355279
vt 0.07817214 0.72318786
vt 0.01949865 0.00731027
vt 0.01422565 0.00122958
vt 0.07800450 0.18721694
vt 0.41623813 0.64474827
vt 0.01491145 0.10447967
vt 0.41645148 0.64384913
vt 0.07695295 0.18768936
vt 0.55620110 0.62519550
vt 0.21458420 0.03335524
vt 0.55329025 0.63127625
vt 0.54798681 0.63115430
vt 0.68980902 0.33313870
vt 0.38025680 0.35587656
vt 0.19754602 0.35019207
vt 0.38025680 0.34802800
vt 0.68417025 0.32961828
vt 0.67807430 0.32791138
vt 0.40218696 0.22424984
vt 0.12675683 0.00290596
vt 0.00730675 0.02643633
vt 0.12200200 0.00307363
vt 0.39735594 0.22335064
vt 0.22467299 0.11610770
vt 0.37826037 0.25869191
vt 0.22368240 0.10912788
vt 0.39636534 0.21509063
vt 0.07773018 0.02428752
vt 0.05679061 0.40098655
vt 0.27854592 0.19599509
vt 0.05679061 0.40950567
vt 0.08288126 0.01730764
vt 0.42678413 0.61318648
vt 0.42631167 0.60811162
vt 0.42413238 0.60207665
vt 0.70140654 0.14840102
vt 0.43155420 0.59628546
vt 0.70259523 0.13957709
vt 0.70219898 0.13473082
vt 0.91484088 0.81363648
vt 0.71047425 0.12330091
vt 0.92137879 0.82723045
vt 0.62427759 0.72056663
vt 0.71074855 0.10821348
vt 0.71175438 0.09696645
vt 0.62493289 0.71078265
vt 0.61603278 0.70962441
vt 0.61481363 0.69686860
vt 0.61129320 0.68280220
vt 0.60495341 0.67338395
vt 0.25708818 0.49334019
vt 0.26778656 0.50217927
vt 0.28333125 0.50824475
vt 0.29697093 0.51011926
vt 0.72455591 0.54831040
vt 0.57390982 0.01962411
vt 0.72268140 0.56399220
vt 0.72455591 0.58017695
vt 0.57462609 0.03486401
vt 0.57331544 0.04911327
vt 0.57262963 0.05482823
vt 0.07323442 0.70584488
vt 0.56683850 0.06307298
vt 0.16575566 0.41493106
vt 0.07093320 0.71459258
vt 0.07695295 0.18203539
vt 0.01949865 0.00071144
vt 0.07093320 0.72393465
vt 0.16575566 0.42412066
vt 0.55385411 0.62054735
vt 0.55152243 0.62184274
vt 0.15985782 0.41038954
vt 0.69712412 0.32658553
vt 0.15985782 0.39839578
vt 0.68662387 0.32416242
vt 0.67807430 0.31725872
vt 0.34611949 0.40011787
vt 0.12489758 0.39975214
vt 0.40218696 0.21361238
vt 0.08288126 0.02437896
vt 0.40070871 0.21245414
vt 0.12450134 0.39780146
vt 0.43387064 0.61425328
vt 0.43387064 0.60472834
vt 0.13161835 0.39124829
vt 0.70713675 0.14715135
vt 0.70994085 0.13875419
vt 0.91147286 0.79827470
vt 0.90054590 0.79606491
vt 0.90351766 0.81301165
vt 0.91177768 0.82960784
vt 0.63505214 0.72471184
vt 0.63521981 0.71338862
vt 0.63461018 0.69811827
vt 0.62391180 0.69720387
vt 0.61988848 0.68182683
vt 0.61306101 0.67061031
vt 0.25065696 0.49801880
vt 0.26176682 0.50694937
vt 0.21060659 0.23525298
vt 0.27801251 0.51377684
vt 0.29361814 0.51543796
vt 0.21206962 0.25105673
vt 0.56642705 0.00359178
vt 0.72021252 0.54675591
vt 0.71833801 0.56472373
vt 0.56880444 0.01860303
vt 0.56827104 0.03632700
vt 0.25617379 0.17051405
vt 0.56685376 0.05133826
vt 0.54798681 0.61487812
vt 0.16005595 0.41784185
vt 0.56194651 0.06762969
vt 0.26946297 0.16050148
vt 0.38219225 0.34943008
vt 0.16819404 0.41194403
vt 0.69047958 0.31955993
vt 0.16513082 0.39958447
vt 0.38755670 0.34075862
vt 0.27202326 0.15041268
vt 0.92137879 0.77222973
vt 0.33860624 0.38951093
vt 0.71175438 0.15242434
vt 0.13161835 0.39935589
vt 0.33860624 0.40219051
vt 0.91293591 0.78262335
vt 0.90362436 0.77820379
vt 0.82891852 0.61487812
vt 0.88449830 0.79268163
vt 0.88957322 0.77104104
vt 0.80951816 0.62507355
vt 0.81965268 0.64322424
vt 0.86218715 0.78835356
vt 0.84286296 0.63411081
vt 0.83253038 0.66203028
vt 0.05570857 0.03018534
vt 0.85888010 0.65390742
vt 0.84708446 0.68356419
vt 0.93047696 0.35150272
vt 0.81829631 0.68469191
vt 0.94087058 0.34059095
vt 0.18524745 0.38999861
vt 0.13059728 0.01009917
vt 0.82751644 0.69799638
vt 0.04270897 0.07703269
vt 0.85993165 0.70215684
vt 0.87527817 0.67635572
vt 0.06264272 0.05682462
vt 0.08551776 0.02677161
vt 0.88116080 0.63991725
vt 0.86361969 0.62041020
vt 0.08364325 0.00554246
vt 0.86598188 0.81673014
vt 0.88701290 0.81384981
vt 0.89638543 0.83506370
vt 0.65291327 0.73097539
vt 0.65349239 0.71799105
vt 0.65029204 0.69927651
vt 0.64300734 0.67972374
vt 0.62939817 0.68048573
vt 0.62118387 0.66808045
vt 0.24325038 0.50123441
vt 0.25624999 0.51086605
vt 0.27447689 0.51748013
vt 0.20789389 0.25105673
vt 0.29085973 0.51897359
vt 0.20484592 0.17404968
vt 0.56194651 0.00222021
vt 0.22360620 0.17814922
vt 0.56443059 0.01823729
vt 0.56510115 0.03705853
vt 0.24350947 0.17767680
vt 0.25992280 0.17368394
vt 0.38755670 0.35343820
vt 0.27330342 0.16437238
vt 0.28109097 0.15207380
vt 0.91325593 0.76718533
vt 0.29395342 0.15460360
vt 0.90197843 0.75982451
vt 0.88705862 0.75020814
vt 0.31079349 0.15940416
vt 0.79891121 0.64581501
vt 0.62156487 0.26812541
vt 0.80647022 0.66381335
vt 0.18524745 0.35991514
vt 0.94087058 0.37536836
vt 0.79456782 0.68930960
vt 0.82225871 0.69624376
vt 0.13405673 0.01462543
vt 0.18475978 0.38489324
vt 0.73132241 0.75828528
vt 0.76453006 0.74100327
vt 0.77489316 0.76122653
vt 0.79232758 0.72622061
vt 0.78140062 0.70999014
vt 0.75505090 0.72294402
vt 0.35796088 0.81985432
vt 0.72063923 0.71840250
vt 0.72440350 0.73784864
vt 0.81479114 0.38544190
vt 0.69319224 0.74918711
vt 0.69742894 0.77043146
vt 0.73886615 0.77869147
vt 0.40956306 0.65911949
vt 0.74898541 0.79915857
vt 0.78582019 0.77986491
vt 0.42841479 0.66276181
vt 0.75870842 0.81929046
vt 0.64009655 0.92746305
vt 0.93617672 0.71765578
vt 0.92627078 0.71916449
vt 0.21860752 0.98708141
vt 0.92985213 0.71369338
vt 0.21278588 0.98191512
vt 0.92206460 0.71533930
vt 0.20446493 0.98718810
vt 0.95580566 0.29074138
vt 0.92180550 0.72510809
vt 0.93242770 0.72538239
vt 0.94062674 0.73565406
vt 0.94652456 0.72608340
vt 0.64943856 0.93599737
vt 0.65177029 0.92307395
vt 0.93802071 0.71117884
vt 0.64219964 0.91929448
vt 0.22723329 0.98718810
vt 0.22327092 0.98455161
vt 0.64500380 0.90919042
vt 0.23188144 0.97799844
vt 0.22468823 0.97795272
vt 0.22331664 0.97235972
vt 0.21213058 0.96824491
vt 0.21246585 0.97507238
vt 0.94393378 0.29688305
vt 0.19878045 0.97473711
vt 0.19910049 0.98156458
vt 0.95073080 0.29554194
vt 0.96173394 0.29663920
vt 0.92540210 0.73242319
vt 0.97013110 0.30870914
vt 0.93152857 0.74620008
vt 0.94663125 0.74612385
vt 0.95272720 0.73233175
vt 0.65733284 0.94037122
vt 0.66400790 0.92929184
vt 0.65873492 0.92686868
vt 0.45465782 0.87263000
vt 0.65451348 0.90908378
vt 0.64681733 0.90112853
vt 0.43998185 0.87185276
vt 0.23288728 0.96896118
vt 0.22160977 0.96659905
vt 0.21847036 0.96076214
vt 0.21232870 0.96208805
vt 0.94070292 0.92136711
vt 0.92966926 0.29548097
vt 0.20432776 0.96088409
vt 0.20100547 0.96786392
vt 0.93681675 0.29638010
vt 0.94474149 0.30721569
vt 0.95464742 0.30334473
vt 0.96103293 0.31731969
vt 0.92145497 0.75196075
vt 0.93716729 0.75756902
vt 0.94970971 0.75302750
vt 0.95550084 0.73818386
vt 0.66353548 0.94337344
vt 0.67001241 0.94550705
vt 0.65812534 0.44277430
vt 0.10621350 0.40693009
vt 0.67493486 0.94949991
vt 0.12378506 0.40697587
vt 0.67050010 0.93337613
vt 0.66702539 0.91443294
vt 0.46069282 0.86781418
vt 0.66175240 0.91199458
vt 0.45336244 0.85792351
vt 0.66643107 0.89966553
vt 0.65829295 0.89811105
vt 0.44722077 0.86357749
vt 0.43312392 0.86441571
vt 0.22846772 0.95980203
vt 0.42574781 0.85786259
vt 0.94087058 0.90437466
vt 0.22052774 0.95308125
vt 0.21107903 0.95181638
vt 0.93570429 0.91295469
vt 0.93293059 0.92290634
vt 0.92649937 0.30316186
vt 0.12724452 0.96038115
vt 0.93421078 0.30736804
vt 0.94798762 0.32330894
vt 0.10473523 0.93616503
vt 0.94975543 0.33740586
vt 0.96598589 0.32967925
vt 0.92651463 0.76485366
vt 0.94208980 0.76717013
vt 0.95370257 0.75945872
vt 0.67208505 0.95882672
vt 0.67763233 0.96038115
vt 0.95550084 0.76412213
vt 0.22295089 0.15272909
vt 0.65445250 0.45641398
vt 0.65812534 0.46068114
vt 0.22668464 0.15684390
vt 0.19256258 0.35726339
vt 0.08967824 0.39984357
vt 0.09124795 0.40552807
vt 0.10924623 0.41195929
vt 0.54844397 0.83021748
vt 0.11898451 0.43108529
vt 0.11640897 0.42498934
vt 0.53233546 0.84710324
vt 0.14079276 0.42437977
vt 0.53925437 0.85114181
vt 0.13615984 0.41730845
vt 0.11339147 0.41994494
vt 0.12907329 0.41048104
vt 0.13766858 0.39796907
vt 0.67255747 0.91597217
vt 0.67260319 0.90073234
vt 0.45673046 0.85257435
vt 0.44287741 0.84512204
vt 0.23399979 0.95117629
vt 0.43751299 0.85399163
vt 0.42897865 0.84428382
vt 0.92898351 0.89777577
vt 0.92166835 0.91109544
vt 0.92032725 0.31881320
vt 0.91606009 0.92382073
vt 0.13893349 0.94482124
vt 0.12358695 0.94674146
vt 0.93288487 0.32397950
vt 0.93350971 0.33828974
vt 0.11965506 0.93333042
vt 0.10008707 0.92196143
vt 0.04394339 0.55818582
vt 0.95257479 0.35048163
vt 0.96786040 0.34365416
vt 0.93293059 0.77805138
vt 0.66504419 0.47201961
vt 0.94730181 0.77419567
vt 0.22295089 0.16574395
vt 0.95121843 0.77898103
vt 0.67031723 0.47601241
vt 0.09866976 0.38890135
vt 0.40753618 0.02079761
vt 0.18832590 0.36814463
vt 0.19256258 0.37050682
vt 0.41194049 0.02299213
vt 0.20778722 0.42072219
vt 0.07811118 0.39243698
vt 0.20963123 0.42899746
vt 0.04808864 0.53159225
vt 0.36222804 0.68511868
vt 0.14483131 0.40427840
vt 0.07103988 0.38574672
vt 0.14868701 0.39600313
vt 0.07709011 0.39582026
vt 0.09694766 0.41541874
vt 0.09682573 0.42031074
vt 0.06680319 0.24491507
vt 0.53629780 0.74124706
vt 0.54902309 0.70294929
vt 0.55396080 0.74630678
vt 0.05199004 0.04387075
vt 0.43234667 0.65233767
vt 0.02324765 0.83332640
vt 0.05362071 0.03221226
vt 0.43184376 0.64139545
vt 0.43688816 0.65454745
vt 0.62500906 0.00263166
vt 0.15235981 0.38216531
vt 0.01532292 0.83436269
vt 0.43891504 0.64183748
vt 0.44118580 0.65578192
vt 0.62318027 0.01739907
vt 0.15844052 0.39487541
vt 0.62615210 0.01621038
vt 0.08531964 0.19012773
vt 0.63119644 0.01386344
vt 0.15844052 0.38205868
vt 0.63048017 0.00237256
vt 0.07823310 0.18083143
vt 0.00854118 0.83524662
vt 0.02702714 0.87744582
vt 0.41437885 0.02940810
vt 0.87413520 0.94911891
vt 0.00081457 0.91815150
vt 0.03013607 0.92138231
vt 0.86881649 0.92229676
vt 0.36344722 0.02966720
vt 0.36804965 0.00314981
vt 0.54356724 0.61824614
vt 0.05849747 0.91060776
vt 0.43134084 0.33809161
vt 0.96170348 0.20137477
vt 0.39974859 0.29202151
vt 0.19615920 0.43681550
vt 0.40227842 0.03899401
vt 0.90918690 0.92802691
vt 0.97013110 0.14513969
vt 0.39191529 0.34728128
vt 0.97013110 0.20231962
vt 0.43874741 0.34170347
vt 0.71023041 0.53730714
vt 0.71550339 0.53079975
vt 0.45337769 0.01480830
vt 0.20338289 0.49238008
vt 0.39974859 0.34856141
vt 0.60506010 0.75293607
vt 0.22912303 0.33774114
vt 0.00134796 0.37204605
vt 0.00142416 0.05860770
vt 0.60387141 0.75976354
vt 0.22761428 0.34368467
vt 0.00156132 0.37780672
vt 0.22868107 0.33856410
vt 0.18207756 0.29726404
vt 0.58692467 0.61181492
vt 0.58460820 0.60648096
vt 0.00242999 0.37212229
vt 0.71859711 0.54357076
vt 0.43377921 0.35099977
vt 0.59132898 0.60558176
vt 0.59231955 0.60980320
vt 0.17621021 0.29737073
vt 0.72169077 0.54021800
vt 0.17657596 0.29218918
vt 0.72536361 0.53639281
vt 0.71970963 0.52609062
vt 0.45130506 0.00906289
vt 0.21936952 0.43681550
vt 0.40104398 0.01707906
vt 0.39958096 0.00269264
vt 0.71023041 0.47531140
vt 0.51232553 0.62409824
vt 0.51935107 0.64066398
vt 0.73042327 0.47515899
vt 0.71271449 0.27249926
vt 0.16575566 0.49989331
vt 0.72894496 0.27105147
vt 0.15568210 0.51380730
vt 0.54356724 0.65569049
vt 0.16575566 0.52894050
vt 0.74099970 0.28094214
vt 0.05162429 0.87485504
vt 0.04747904 0.03221226
vt 0.03022751 0.83353972
vt 0.36562651 0.35115218
vt 0.42628121 0.64038968
vt 0.36041451 0.35831493
vt 0.19012421 0.17398876
vt 0.02925216 0.07872432
vt 0.42754611 0.64915258
vt 0.02925216 0.08286959
vt 0.18904218 0.00282979
vt 0.04068206 0.53488404
vt 0.42628121 0.65325212
vt 0.04049918 0.54006565
vt 0.43057886 0.65706205
vt 0.43512031 0.65927184
vt 0.04112402 0.54501855
vt 0.04144406 0.55091643
vt 0.62446046 0.02194059
vt 0.44043905 0.66056722
vt 0.60757464 0.75488675
vt 0.03554623 0.54527760
vt 0.60707176 0.76073891
vt 0.03586626 0.55117548
vt 0.60478580 0.76491463
vt 0.03554623 0.55554932
vt 0.04112402 0.55527496
vt 0.62834662 0.02070612
vt 0.04049918 0.55946594
vt 0.39953524 0.65994239
vt 0.63247663 0.01840490
vt 0.39991623 0.65444082
vt 0.01706027 0.71661949
vt 0.63619512 0.01457971
vt 0.01372274 0.71392202
vt 0.63467115 0.01054114
vt 0.08531964 0.17811877
vt 0.63619512 0.00164109
vt 0.00945557 0.70628685
vt 0.00081457 0.83738017
vt 0.38737381 0.05898869
vt 0.00279575 0.88011277
vt 0.00081457 0.65738213
vt 0.30445370 0.52894050
vt 0.01706027 0.65105760
vt 0.93332684 0.00257069
vt 0.31443581 0.51380730
vt 0.41437885 0.06093937
vt 0.30445370 0.49986285
vt 0.95062411 0.00257069
vt 0.60867196 0.46394247
vt 0.88945127 0.97499621
vt 0.62888002 0.46273851
vt 0.55690211 0.07066244
vt 0.90498072 0.96135652
vt 0.90918690 0.94821978
vt 0.57037413 0.07389331
vt 0.42711940 0.28587985
vt 0.94678366 0.14709038
vt 0.95667434 0.20027751
vt 0.42641836 0.33612567
vt 0.59090227 0.59687984
vt 0.42556491 0.34793657
vt 0.43048739 0.34990251
vt 0.59065843 0.60201567
vt 0.00242999 0.36744362
vt 0.58479106 0.60180235
vt 0.00194232 0.06223476
vt 0.00242999 0.06302726
vt 0.60163110 0.76518893
vt 0.60597450 0.76031220
vt 0.60914439 0.75043672
vt 0.60487723 0.74694681
vt 0.58788478 0.26722622
vt 0.58559877 0.25946915
vt 0.18280907 0.28257281
vt 0.58404434 0.26126748
vt 0.22761428 0.33287960
vt 0.60350561 0.74776977
vt 0.58655888 0.26812541
vt 0.18280907 0.29051274
vt 0.17547870 0.28757149
vt 0.72812206 0.53275049
vt 0.44894290 0.00269264
vt 0.72487593 0.52159488
vt 0.73465991 0.51981181
vt 0.71271449 0.32116014
vt 0.36041451 0.34735745
vt 0.03705497 0.83408839
vt 0.71882570 0.32227266
vt 0.38139978 0.03780526
vt 0.18733531 0.16339701
vt 0.02780437 0.08149797
vt 0.18733531 0.17549747
vt 0.38755670 0.04818362
vt 0.00552369 0.00273836
vt 0.18738103 0.00196111
vt 0.00730675 0.00717312
vt 0.00242999 0.08273238
vt 0.18738103 0.00673121
vt 0.19012421 0.00731027
vt 0.00130224 0.08530796
vt 0.60553253 0.74485898
vt 0.03621678 0.53509742
vt 0.03572911 0.53895307
vt 0.60634023 0.74862319
vt 0.60356659 0.74903464
vt 0.60405427 0.75391144
vt 0.60318559 0.75962639
vt 0.08879433 0.26494026
vt 0.59512371 0.75752330
vt 0.60125011 0.76393926
vt 0.59827834 0.76797783
vt 0.03572911 0.56062418
vt 0.60042715 0.76979136
vt 0.40351284 0.66056722
vt 0.59776020 0.77271742
vt 0.40340617 0.65651345
vt 0.40351284 0.65309972
vt 0.39953524 0.65247488
vt 0.01701455 0.71463829
vt 0.01428661 0.70299506
vt 0.39984003 0.64016104
vt 0.93558234 0.04932660
vt 0.94295841 0.04935712
vt 0.60987592 0.51098794
vt 0.55690211 0.12430674
vt 0.61886740 0.51237476
vt 0.04180981 0.28478259
vt 0.41986522 0.33415973
vt 0.41986522 0.34566587
vt 0.04630557 0.29394174
vt 0.59231955 0.59130204
vt 0.00142416 0.06825453
vt 0.58482152 0.59532535
vt 0.35768655 0.34996349
vt 0.59759253 0.76895320
vt 0.59373689 0.77757895
vt 0.35683313 0.35720241
vt 0.59299010 0.77619213
vt 0.59801930 0.77145255
vt 0.60355133 0.77049243
vt 0.61124748 0.76171422
vt 0.46624014 0.25349510
vt 0.45526743 0.25466859
vt 0.46624014 0.24192804
vt 0.45634946 0.24076986
vt 0.45665425 0.22795314
vt 0.44746462 0.22790736
vt 0.44568154 0.24069363
vt 0.44606256 0.25460762
vt 0.44568154 0.26730245
vt 0.36448354 0.85548514
vt 0.43679672 0.26716530
vt 0.43857977 0.27982962
vt 0.36919266 0.84338468
vt 0.36137462 0.83980334
vt 0.44746462 0.27996677
vt 0.36459023 0.83200049
vt 0.23156141 0.39447916
vt 0.44924769 0.28799820
vt 0.45665425 0.28001249
vt 0.45634946 0.26737863
vt 0.46624014 0.26623565
vt 0.47355527 0.25349510
vt 0.14105183 0.74690109
vt 0.12195628 0.73722374
vt 0.12277924 0.74764788
vt 0.11941122 0.73725426
vt 0.63451874 0.75744706
vt 0.63134885 0.76733774
vt 0.11880162 0.74761736
vt 0.63031256 0.75743186
vt 0.62744749 0.76621002
vt 0.62324125 0.76508224
vt 0.62563390 0.77414995
vt 0.62921530 0.77639025
vt 0.12037133 0.75662410
vt 0.12291639 0.75657839
vt 0.12741216 0.75729465
vt 0.12611677 0.74732780
vt 0.12634537 0.73565406
vt 0.12745787 0.73553216
vt 0.16476507 0.44858068
vt 0.12524809 0.72619009
vt 0.12207820 0.72992384
vt 0.16575566 0.45338124
vt 0.12916474 0.00141245
vt 0.63642377 0.75089395
vt 0.13161835 0.00337839
vt 0.41437885 0.17996275
vt 0.63326907 0.75116825
vt 0.41064510 0.18525100
vt 0.38773957 0.28031731
vt 0.62703598 0.75296652
vt 0.61935508 0.76396978
vt 0.23764211 0.02736598
vt 0.62049806 0.77637500
vt 0.23654485 0.02125478
vt 0.62487191 0.78125179
vt 0.62740171 0.78321767
vt 0.23585905 0.01788676
vt 0.12372410 0.76296389
vt 0.23855650 0.01395488
vt 0.12721403 0.76605761
vt 0.12852466 0.75718802
vt 0.12834178 0.74709922
vt 0.13596171 0.74697733
vt 0.13501684 0.73426723
vt 0.12703115 0.72350788
vt 0.08737702 0.39293993
vt 0.16302772 0.44557840
vt 0.41064510 0.17706716
vt 0.12916474 0.00731027
vt 0.16039123 0.45338124
vt 0.09505791 0.39190358
vt 0.38999507 0.27237731
vt 0.38456967 0.27889997
vt 0.62412518 0.74976617
vt 0.61476791 0.76270485
vt 0.61635286 0.77762467
vt 0.24131492 0.02925569
vt 0.62182397 0.78292811
vt 0.24119301 0.02026421
vt 0.24131492 0.01186705
vt 0.62662452 0.78920698
vt 0.38202462 0.34459907
vt 0.12922570 0.76794732
vt 0.13620555 0.75819385
vt 0.14129567 0.75811762
vt 0.47465253 0.24191284
vt 0.46654493 0.22911131
vt 0.35072193 0.36034185
vt 0.45727909 0.21621841
vt 0.34976181 0.36915046
vt 0.44924769 0.21973884
vt 0.35238308 0.89187795
vt 0.43857977 0.22775501
vt 0.35588825 0.88026518
vt 0.43679672 0.24055648
vt 0.43719295 0.25447047
vt 0.35930198 0.86702174
vt 0.44584918 0.88486761
vt 0.44234401 0.89593178
vt 0.42378187 0.88291693
vt 0.42154160 0.88937861
vt 0.16798069 0.46621323
vt 0.02954172 0.14869058
vt 0.08774278 0.18525100
vt 0.47858444 0.62931025
vt 0.01702979 0.15355206
vt 0.19172439 0.11888134
vt 0.16793495 0.46458256
vt 0.01706027 0.15518272
vt 0.47896543 0.63088000
vt 0.20339814 0.53015971
vt 0.05118233 0.06305772
vt 0.00089077 0.00249451
vt 0.01547532 0.15355206
vt 0.21728165 0.43131393
vt 0.16819404 0.46382052
vt 0.19256258 0.11943001
vt 0.01629827 0.15600568
vt 0.01474381 0.15600568
vt 0.00242999 0.00438422
vt 0.40525019 0.18534243
vt 0.21886660 0.43143582
vt 0.21746454 0.42669624
vt 0.21682446 0.41546446
vt 0.21226774 0.41592163
vt 0.21488899 0.42677242
vt 0.16375923 0.46051347
vt 0.19256258 0.11403507
vt 0.16354588 0.46290612
vt 0.16334777 0.46529883
vt 0.03169054 0.14399666
vt 0.02954172 0.14279270
vt 0.16257052 0.46785909
vt 0.47306758 0.62720716
vt 0.08774278 0.17996275
vt 0.08704174 0.18438232
vt 0.47757861 0.62946266
vt 0.47741097 0.63046849
vt 0.47780719 0.63202298
vt 0.20324573 0.52875763
vt 0.20210275 0.52895570
vt 0.04946023 0.06388068
vt 0.20091404 0.52945864
vt 0.68794972 0.13105804
vt 0.05013078 0.06537420
vt 0.05118233 0.06581616
vt 0.68910795 0.13114947
vt 0.00151560 0.00500906
vt 0.00089077 0.00974870
vt 0.68980902 0.13567573
vt 0.24879770 0.47198910
vt 0.40453392 0.19095069
vt 0.40723136 0.19028014
vt 0.21904948 0.42681813
vt 0.40892300 0.20324928
vt 0.22098494 0.41439766
vt 0.21592531 0.38588387
vt 0.20638515 0.38733166
vt 0.12623869 0.44335341
vt 0.12349550 0.45204014
vt 0.20728430 0.41579974
vt 0.15120159 0.45885235
vt 0.15022624 0.46380532
vt 0.14978428 0.46886492
vt 0.46134815 0.62342769
vt 0.45962602 0.62984365
vt 0.47229037 0.62991989
vt 0.47308284 0.63304400
vt 0.20353529 0.52385038
vt 0.20239230 0.52404851
vt 0.38511831 0.26160276
vt 0.20013680 0.52445996
vt 0.19795750 0.52657831
vt 0.38207033 0.26324862
vt 0.25830737 0.24678957
vt 0.68758398 0.13509661
vt 0.68758398 0.14869058
vt 0.26324511 0.25887477
vt 0.25949609 0.47500658
vt 0.25970945 0.46962696
vt 0.40404624 0.20317310
vt 0.41116324 0.23296702
vt 0.22385004 0.38538092
vt 0.21456896 0.35243237
vt 0.41442460 0.26722622
vt 0.22449011 0.35153317
vt 0.21420319 0.31439364
vt 0.05933566 0.42174327
vt 0.19670783 0.31739587
vt 0.20105119 0.35464215
vt 0.09485979 0.43282264
vt 0.09111079 0.44455737
vt 0.12125524 0.46107739
vt 0.12032561 0.46953547
vt 0.43504414 0.61757559
vt 0.43236190 0.62771010
vt 0.46079952 0.63453758
vt 0.20336765 0.51106417
vt 0.00486837 0.45498145
vt 0.19890237 0.51156706
vt 0.25830737 0.26081026
vt 0.38207033 0.25037098
vt 0.19536673 0.51278627
vt 0.00096697 0.45581961
vt 0.19536673 0.51278627
vt 0.25879505 0.48078251
vt 0.18509506 0.48645175
vt 0.28487048 0.48739660
vt 0.28682116 0.47589052
vt 0.28825372 0.46554267
vt 0.40485394 0.23357660
vt 0.32089752 0.46234226
vt 0.40418339 0.26847589
vt 0.41477510 0.30665177
vt 0.22668464 0.31232101
vt 0.42481819 0.86875910
vt 0.21280113 0.27324599
vt 0.22668464 0.27047235
vt 0.41681725 0.34853095
vt 0.41443983 0.85934085
vt 0.41140708 0.87151748
vt 0.40049535 0.88256639
vt 0.38905022 0.86409569
vt 0.38456967 0.87701911
vt 0.37551719 0.86001140
vt 0.37163103 0.87215757
vt 0.38059208 0.84682894
vt 0.37344459 0.83072037
vt 0.44255739 0.29246348
vt 0.22735521 0.38745356
vt 0.22735521 0.40219051
vt 0.45727909 0.29141194
vt 0.46764222 0.27885425
vt 0.47465253 0.26620519
vt 0.14010696 0.73419106
vt 0.13603792 0.72231919
vt 0.03897520 0.36849517
vt 0.63741434 0.73585218
vt 0.12640633 0.71358675
vt 0.38456967 0.26699764
vt 0.09505791 0.39975214
vt 0.11800915 0.72065806
vt 0.62980962 0.74071372
vt 0.61949223 0.74723637
vt 0.59852219 0.26614422
vt 0.61460024 0.74709922
vt 0.60928154 0.74331975
vt 0.59209096 0.26361442
vt 0.59067369 0.25677168
vt 0.58418149 0.25261122
vt 0.00130224 0.07954729
vt 0.00552369 0.00974870
vt 0.38139978 0.05118591
vt 0.71382701 0.33393115
vt 0.73612297 0.53198850
vt 0.18172704 0.28158218
vt 0.58267272 0.26055121
vt 0.60225594 0.74039364
vt 0.60207307 0.74624574
vt 0.59661722 0.74958330
vt 0.09505791 0.26812541
vt 0.09505791 0.25511056
vt 0.58533973 0.75499344
vt 0.59257865 0.76406121
vt 0.40706372 0.65716875
vt 0.59553516 0.76963896
vt 0.58692467 0.58706534
vt 0.04180981 0.29980910
vt 0.60867196 0.52406371
vt 0.93856937 0.06093937
vt 0.40561596 0.65133190
vt 0.59260911 0.77494246
vt 0.35488242 0.35674524
vt 0.35831138 0.36332887
vt 0.01949865 0.11830229
vt 0.59012502 0.78385776
vt 0.59701341 0.78204423
vt 0.60024428 0.77564347
vt 0.60682791 0.77495766
vt 0.61109507 0.77733511
vt 0.61642903 0.78862786
vt 0.38857776 0.33629334
vt 0.37774223 0.33687246
vt 0.37457234 0.34840900
vt 0.13724187 0.76913607
vt 0.14381024 0.77024853
vt 0.36833921 0.35115218
vt 0.47495735 0.22909611
vt 0.46825179 0.21388674
vt 0.35468429 0.34984159
vt 0.33856052 0.35857403
vt 0.44255739 0.21493828
vt 0.34073982 0.37168032
vt 0.34840548 0.90291160
vt 0.36303574 0.89748621
vt 0.36692190 0.88480663
vt 0.38008916 0.88995773
vt 0.40243080 0.89737952
vt 0.56255609 0.63350123
vt 0.39731023 0.68249738
vt 0.00392350 0.25125486
vt 0.36772963 0.67455745
vt 0.20780246 0.51142991
vt 0.37025943 0.67492318
vt 0.00552369 0.25114816
vt 0.06825098 0.01646948
vt 0.36795822 0.67609668
vt 0.06726039 0.01706380
vt 0.00617900 0.25069100
vt 0.36887261 0.67673671
vt 0.42821667 0.28397489
vt 0.21353264 0.50911343
vt 0.37294167 0.68030286
vt 0.43050265 0.28357863
vt 0.37064046 0.68147635
vt 0.20934168 0.51187181
vt 0.47084257 0.64973170
vt 0.37048805 0.67646241
vt 0.18037069 0.48928636
vt 0.36902502 0.68175066
vt 0.37117383 0.67556328
vt 0.47195509 0.65006697
vt 0.20882353 0.51144516
vt 0.20749766 0.50993639
vt 0.54765153 0.11807364
vt 0.20649183 0.50992113
vt 0.36843067 0.67365825
vt 0.20577556 0.51141465
vt 0.54951078 0.11749452
vt 0.56354672 0.63374507
vt 0.56255609 0.62819779
vt 0.39718831 0.67722440
vt 0.39491755 0.67789495
vt 0.00538653 0.25620782
vt 0.06726039 0.01211083
vt 0.00764203 0.25564396
vt 0.36649519 0.68138492
vt 0.00991277 0.25508004
vt 0.18006590 0.48687845
vt 0.16936751 0.48765570
vt 0.16970278 0.49238008
vt 0.36865926 0.69180894
vt 0.37294167 0.69225097
vt 0.16918463 0.49609858
vt 0.43208760 0.27053332
vt 0.14172238 0.50620258
vt 0.43387064 0.24075460
vt 0.42725655 0.27068567
vt 0.42271507 0.27196586
vt 0.21843988 0.49687582
vt 0.21170387 0.50716269
vt 0.47050729 0.65498948
vt 0.47286949 0.65526378
vt 0.20966172 0.50630927
vt 0.20784818 0.50519681
vt 0.20582128 0.50518155
vt 0.54618847 0.12275231
vt 0.56549740 0.62895977
vt 0.54868782 0.12266088
vt 0.54826111 0.13570619
vt 0.39731023 0.66411817
vt 0.56304377 0.61506099
vt 0.55350363 0.13563001
vt 0.00177468 0.26957321
vt 0.00694100 0.26902455
vt 0.01178727 0.26768345
vt 0.16848360 0.48206264
vt 0.02032160 0.29455131
vt 0.14062512 0.47938043
vt 0.14124995 0.48946923
vt 0.14161570 0.49879605
vt 0.10824040 0.50667506
vt 0.10863663 0.51534653
vt 0.43387064 0.20623630
vt 0.07190856 0.52450573
vt 0.43384019 0.16825855
vt 0.26112676 0.45336598
vt 0.42519918 0.20574862
vt 0.24052244 0.47845083
vt 0.42647931 0.24063265
vt 0.41738111 0.24320823
vt 0.23276536 0.47284257
vt 0.22320996 0.46613699
vt 0.47050729 0.66788238
vt 0.21354789 0.49405646
vt 0.20918928 0.49251723
vt 0.53978771 0.13337451
vt 0.54327768 0.13529474
vt 0.54493880 0.16444856
vt 0.55476850 0.16382372
vt 0.00191184 0.29822415
vt 0.01155868 0.29758406
vt 0.02870353 0.32647884
vt 0.10714313 0.47689635
vt 0.10781368 0.49160284
vt 0.07073508 0.49373639
vt 0.07120752 0.51456928
vt 0.03108095 0.52153397
vt 0.41136137 0.90755975
vt 0.39795029 0.91031820
vt 0.43230096 0.12618124
vt 0.03068471 0.53381729
vt 0.41998714 0.89724237
vt 0.43800065 0.90749884
vt 0.45410919 0.90867227
vt 0.45734006 0.90033609
vt 0.45971748 0.89250278
vt 0.19033757 0.27832085
vt 0.44822660 0.87704957
vt 0.02114455 0.41229457
vt 0.05465702 0.43817186
vt 0.08760562 0.45767885
vt 0.08649310 0.47043467
vt 0.40473202 0.61231780
vt 0.48759118 0.19620848
vt 0.40166882 0.62671947
vt 0.50147474 0.19855541
vt 0.19399513 0.44928169
vt 0.40334520 0.64010012
vt 0.43370301 0.63725024
vt 0.19974056 0.48210841
vt 0.00096697 0.42690957
vt 0.19186155 0.48322088
vt 0.17273551 0.45623112
vt 0.31557879 0.49416310
vt 0.31876394 0.47768885
vt 0.35431856 0.48000526
vt 0.35768655 0.45891333
vt 0.40470156 0.30723089
vt 0.40404624 0.34978062
vt 0.39852941 0.45795321
vt 0.41212335 0.84614313
vt 0.40540257 0.85626239
vt 0.39414033 0.85091317
vt 0.38574314 0.83064413
vt 0.38723665 0.81869614
vt 0.08710270 0.39073014
vt 0.05362071 0.31306779
vt 0.44229829 0.30712420
vt 0.04206889 0.31931609
vt 0.11398583 0.17593944
vt 0.37315503 0.05850101
vt 0.45235661 0.30043393
vt 0.36375204 0.04486132
vt 0.46825179 0.29371315
vt 0.47495735 0.27885425
vt 0.14138710 0.72126764
vt 0.13635795 0.70886242
vt 0.04920115 0.37004966
vt 0.03895996 0.35846734
vt 0.60449624 0.23468912
vt 0.63258332 0.72623587
vt 0.60384089 0.24771923
vt 0.62610632 0.73374909
vt 0.61510319 0.74013460
vt 0.59710491 0.25928628
vt 0.06791571 0.40348589
vt 0.59129852 0.25244355
vt 0.58082873 0.25099581
vt 0.07288390 0.41101438
vt 0.33638123 0.38681346
vt 0.60263693 0.72980195
vt 0.33638123 0.39807576
vt 0.59843075 0.74053085
vt 0.32682583 0.40219051
vt 0.58911920 0.74287772
vt 0.57796359 0.75302750
vt 0.58258128 0.76628619
vt 0.58939350 0.77283937
vt 0.35488242 0.36563009
vt 0.58738184 0.78440642
vt 0.01763938 0.11459899
vt 0.01763938 0.12430674
vt 0.59612954 0.78664666
vt 0.60358185 0.78135842
vt 0.60961682 0.79280359
vt 0.38706902 0.32878006
vt 0.37461805 0.32634169
vt 0.36670855 0.33938700
vt 0.47774625 0.21385622
vt 0.35843331 0.34126151
vt 0.34235525 0.34376085
vt 0.33138254 0.34799755
vt 0.32556093 0.36279547
vt 0.32848698 0.37524641
vt 0.35771704 0.91147643
vt 0.37583724 0.90371931
vt 0.38784626 0.90691972
vt 0.38746527 0.91726756
vt 0.30474326 0.39217794
vt 0.42077962 0.12430674
vt 0.42251694 0.16713077
vt 0.28159389 0.42395306
vt 0.26559204 0.41314799
vt 0.41165093 0.20997006
vt 0.24849290 0.44493836
vt 0.23454842 0.43582493
vt 0.21478231 0.46369863
vt 0.52954656 0.16028810
vt 0.53524625 0.16316843
vt 0.52723008 0.19421202
vt 0.54160130 0.19694000
vt 0.55511904 0.19575125
vt 0.00352727 0.33079171
vt 0.01606968 0.33016688
vt 0.03604914 0.36107337
vt 0.07059792 0.47465611
vt 0.03199534 0.49617481
vt 0.43515080 0.91476822
vt 0.46532574 0.91866964
vt 0.47148266 0.90525854
vt 0.47541454 0.88957673
vt 0.47280851 0.87909168
vt 0.01465237 0.43271595
vt 0.05093849 0.45368606
vt 0.04933831 0.46987075
vt 0.37214920 0.60706007
vt 0.36969557 0.62560701
vt 0.48416221 0.22673392
vt 0.50213003 0.23049819
vt 0.18661904 0.41474819
vt 0.31522828 0.50501394
vt 0.18273287 0.45098859
vt 0.16068079 0.42313010
vt 0.35043237 0.50147825
vt 0.39450607 0.48247415
vt 0.42923772 0.82852584
vt 0.40774953 0.84324753
vt 0.40282705 0.82940972
vt 0.40093729 0.81320977
vt 0.09894408 0.38624960
vt 0.08716366 0.37469780
vt 0.04930783 0.29894042
vt 0.04206889 0.30684990
vt 0.29738238 0.41680557
vt 0.29194176 0.43271595
vt 0.11398583 0.18768936
vt 0.12431846 0.18765891
vt 0.29250565 0.44298762
vt 0.37781844 0.04621768
vt 0.14381024 0.70532674
vt 0.47774625 0.29368263
vt 0.36452925 0.03650987
vt 0.05686680 0.37120789
vt 0.05223388 0.35458118
vt 0.03668922 0.34315127
vt 0.59286821 0.22839504
vt 0.61571276 0.72494042
vt 0.59312725 0.24395496
vt 0.57991433 0.24395496
vt 0.06703179 0.41680557
vt 0.32862413 0.38870323
vt 0.07800450 0.41680557
vt 0.57290399 0.25189495
vt 0.59495604 0.72896373
vt 0.56257135 0.25983489
vt 0.58367854 0.73548639
vt 0.57022178 0.75093967
vt 0.57403171 0.77003521
vt 0.58032578 0.78132796
vt 0.39046752 0.30189693
vt 0.58346522 0.79178250
vt 0.59609908 0.79515052
vt 0.38787675 0.31482035
vt 0.37460279 0.31046176
vt 0.35861617 0.32344609
vt 0.35128582 0.32359850
vt 0.34864932 0.33562279
vt 0.33392760 0.64285851
vt 0.34528130 0.33324534
vt 0.33069676 0.63458323
vt 0.34022167 0.34031665
vt 0.33252552 0.34435523
vt 0.32313779 0.34280074
vt 0.32097372 0.34642786
vt 0.31108305 0.36034185
vt 0.31134212 0.37684661
vt 0.37032041 0.92315018
vt 0.30870563 0.38964808
vt 0.38234466 0.91652083
vt 0.39112282 0.93843573
vt 0.28558674 0.37791342
vt 0.24706036 0.40272391
vt 0.22305757 0.43251783
vt 0.51957965 0.18988395
vt 0.51828426 0.22898942
vt 0.53670931 0.23211360
vt 0.55521047 0.23132110
vt 0.00441118 0.36684924
vt 0.02115979 0.36534053
vt 0.03068471 0.47137952
vt 0.04266325 0.39915776
vt 0.45674568 0.92543614
vt 0.35370895 0.54358602
vt 0.47715187 0.91912687
vt 0.35227641 0.55385768
vt 0.48256204 0.90786457
vt 0.34980753 0.56655252
vt 0.48574716 0.89434683
vt 0.33673173 0.57432485
vt 0.49847245 0.88255113
vt 0.49108112 0.87270617
vt 0.34413832 0.58653200
vt 0.00805351 0.45226872
vt 0.00154608 0.47043467
vt 0.32962996 0.60100985
vt 0.32435697 0.62484503
vt 0.48010841 0.26987797
vt 0.50213003 0.27787894
vt 0.32545424 0.64576936
vt 0.17570730 0.36436516
vt 0.17314699 0.41657698
vt 0.34839025 0.51612377
vt 0.39607579 0.50990593
vt 0.14291109 0.37997079
vt 0.44694647 0.81118286
vt 0.42062721 0.82136309
vt 0.11957886 0.39508873
vt 0.10865188 0.37588650
vt 0.05304160 0.28839445
vt 0.09371680 0.36805320
vt 0.08957156 0.36567581
vt 0.04645797 0.29770601
vt 0.08535012 0.37160408
vt 0.35197160 0.00543582
vt 0.29738238 0.40903324
vt 0.29256660 0.41490054
vt 0.36074978 0.00258595
vt 0.28800988 0.43622112
vt 0.28866521 0.44333816
vt 0.25106844 0.29249394
vt 0.28634873 0.45190299
vt 0.24893486 0.28505689
vt 0.37652305 0.03650987
vt 0.28918335 0.45392984
vt 0.24483533 0.28440160
vt 0.06349614 0.36424327
vt 0.05938138 0.35384965
vt 0.29686424 0.21350569
vt 0.06316087 0.34572679
vt 0.06244459 0.34040809
vt 0.04956691 0.33676577
vt 0.59094799 0.21138740
vt 0.57566237 0.21757478
vt 0.57807028 0.23148876
vt 0.56857586 0.24160802
vt 0.59358448 0.71794534
vt 0.55737454 0.25605541
vt 0.57854271 0.72809505
vt 0.24863006 0.00164109
vt 0.56391245 0.74924803
vt 0.56546694 0.77489674
vt 0.57336116 0.79038042
vt 0.39008650 0.29069567
vt 0.58076775 0.80209988
vt 0.38016537 0.29584670
vt 0.36885738 0.28976601
vt 0.35750368 0.30497539
vt 0.34451932 0.31003505
vt 0.34855789 0.65220058
vt 0.34468696 0.31518608
vt 0.33644217 0.30998933
vt 0.33988640 0.64872587
vt 0.34677482 0.32486343
vt 0.33988640 0.64872587
vt 0.34855789 0.63289165
vt 0.33066627 0.32568640
vt 0.34855789 0.63289165
vt 0.31663036 0.33696389
vt 0.31294230 0.34016424
vt 0.29756528 0.34907955
vt 0.29322192 0.37134504
vt 0.26579016 0.35974747
vt 0.23374072 0.39746618
vt 0.50869840 0.22322875
vt 0.23328352 0.34888148
vt 0.50763160 0.27902192
vt 0.52950084 0.28147554
vt 0.55386937 0.27792466
vt 0.00529509 0.41378808
vt 0.02408585 0.40792072
vt 0.56793576 0.26612896
vt 0.46828228 0.93843573
vt 0.48091614 0.93319321
vt 0.57988381 0.27412993
vt 0.34471744 0.52738607
vt 0.60182923 0.27367270
vt 0.34125799 0.54963624
vt 0.32054698 0.57185596
vt 0.31784955 0.59951633
vt 0.31551784 0.62516499
vt 0.31816956 0.64651608
vt 0.17666741 0.35706526
vt 0.15487440 0.35781205
vt 0.39852941 0.52894050
vt 0.15656602 0.36719978
vt 0.13341665 0.37137550
vt 0.11080070 0.35805589
vt 0.09449404 0.35733956
vt 0.09080599 0.35715669
vt 0.42169401 0.04143238
vt 0.29236847 0.21285039
vt 0.98041803 0.73150885
vt 0.44328889 0.61669165
vt 0.29250565 0.44644707
vt 0.95441884 0.72983241
vt 0.28886330 0.20422465
vt 0.41965187 0.28763241
vt 0.98444134 0.72344697
vt 0.44563583 0.60891932
vt 0.95070028 0.72123718
vt 0.41965187 0.27838182
vt 0.32839552 0.38512188
vt 0.38455445 0.29005557
vt 0.98474616 0.71412015
vt 0.44606256 0.59895241
vt 0.95070028 0.71117884
vt 0.41681725 0.20422465
vt 0.44354796 0.59096676
vt 0.95504367 0.70384848
vt 0.57214200 0.08210754
vt 0.41137663 0.19588840
vt 0.96369988 0.69923079
vt 0.56871301 0.09102291
vt 0.97237140 0.70006895
vt 0.98072284 0.70479333
vt 0.38455445 0.28136885
vt 0.56892639 0.10071546
vt 0.07068937 0.21487731
vt 0.57316303 0.09184587
vt 0.57622623 0.08399731
vt 0.41137663 0.20474279
vt 0.58111829 0.07863289
vt 0.43777207 0.59191167
vt 0.58744282 0.07681936
vt 0.28232542 0.43218255
vt 0.44028664 0.59989733
vt 0.28593725 0.43815660
vt 0.43981421 0.60821831
vt 0.43777207 0.61428380
vt 0.28679070 0.44492310
vt 0.30955905 0.21531928
vt 0.28340745 0.45304596
vt 0.28959483 0.45636827
vt 0.96246547 0.73612654
vt 0.97174656 0.73612654
vt 0.28314835 0.46311951
vt 0.42169401 0.03140455
vt 0.41770115 0.03951216
vt 0.27359298 0.46194601
vt 0.29805297 0.21242368
vt 0.29317620 0.20235014
vt 0.42413238 0.28597128
vt 0.33150446 0.38349122
vt 0.42346182 0.27937239
vt 0.29311523 0.19578177
vt 0.07503273 0.33892983
vt 0.06139304 0.21176839
vt 0.57322401 0.10237658
vt 0.38755670 0.28488928
vt 0.32839552 0.37739527
vt 0.30913234 0.19931740
vt 0.27226710 0.44428301
vt 0.58744282 0.09248590
vt 0.06434958 0.22912657
vt 0.28078619 0.45946193
vt 0.30340216 0.21693468
vt 0.27226710 0.44428301
vt 0.36074978 0.01706380
vt 0.07454505 0.35613567
vt 0.06434958 0.22912657
vt 0.07454505 0.35613567
vt 0.30913234 0.19931740
vt 0.27226710 0.44428301
vt 0.08157063 0.34028620
vt 0.06139304 0.21176839
vt 0.08157063 0.34028620
vt 0.08464908 0.34257215
vt 0.06590404 0.21108258
vt 0.08940392 0.34854621
vt 0.30340216 0.21693468
vt 0.06313039 0.35372776
vt 0.25106844 0.27719313
vt 0.28078619 0.45946193
vt 0.30913234 0.19931740
vt 0.29317620 0.20235014
vt 0.07001881 0.33985949
vt 0.29317620 0.20235014
vt 0.07503273 0.33892983
vt 0.29311523 0.19578177
vt 0.28886330 0.19547695
vt 0.07417929 0.33423597
vt 0.06803763 0.33536369
vt 0.05942710 0.32780474
vt 0.58604074 0.19674188
vt 0.08288126 0.37553596
vt 0.57401645 0.20129859
vt 0.07317346 0.38268352
vt 0.56549740 0.19977456
vt 0.58392239 0.69956607
vt 0.56532973 0.20747072
vt 0.56223607 0.22880656
vt 0.58392239 0.68187261
vt 0.38511831 0.54065996
vt 0.59111559 0.70429039
vt 0.57439750 0.71750343
vt 0.37644684 0.56062418
vt 0.21696162 0.01284236
vt 0.21761693 0.02373886
vt 0.56539071 0.71120930
vt 0.18143748 0.02437896
vt 0.58029532 0.68225360
vt 0.56243420 0.67121994
vt 0.05391027 0.24697244
vt 0.57506806 0.64547980
vt 0.03586626 0.25858521
vt 0.02688998 0.24049550
vt 0.88116080 0.85966086
vt 0.55795366 0.63472044
vt 0.84999526 0.88116431
vt 0.54457307 0.66017103
vt 0.53023237 0.69525313
vt 0.51793379 0.73606551
vt 0.52755010 0.77984965
vt 0.54579222 0.78140414
vt 0.55665827 0.78100789
vt 0.56403434 0.80123121
vt 0.38185698 0.27842754
vt 0.36181656 0.27553195
vt 0.35276407 0.28429490
vt 0.34459552 0.29673064
vt 0.33679271 0.30526495
vt 0.32943183 0.30457914
vt 0.32909656 0.30930352
vt 0.32233006 0.31078178
vt 0.31812385 0.31354022
vt 0.31378049 0.31997144
vt 0.31382620 0.32878006
vt 0.30954382 0.32896298
vt 0.29218560 0.33164519
vt 0.27202326 0.34909481
vt 0.24969685 0.34714413
vt 0.25016928 0.33876216
vt 0.23226245 0.34091103
vt 0.50592476 0.28734285
vt 0.52873886 0.28923261
vt 0.00177468 0.42412066
vt 0.55472279 0.28874493
vt 0.32886797 0.52290547
vt 0.58151448 0.29002512
vt 0.60565442 0.29054326
vt 0.32409790 0.54503381
vt 0.30289924 0.57024050
vt 0.30215248 0.59988213
vt 0.30193913 0.62652135
vt 0.30754739 0.64971650
vt 0.17707889 0.34586394
vt 0.15301514 0.34700698
vt 0.13061252 0.35416967
vt 0.10816420 0.34225214
vt 0.09173562 0.34782994
vt 0.08675218 0.34075862
vt 0.06616312 0.20833939
vt 0.05858891 0.20855278
vt 0.08071720 0.33559227
vt 0.07524608 0.32429957
vt 0.06526397 0.31014174
vt 0.57313257 0.18266022
vt 0.07317346 0.36890662
vt 0.56648797 0.19136220
vt 0.39974859 0.41627216
vt 0.55944717 0.18480903
vt 0.37644684 0.52653259
vt 0.59475791 0.69161081
vt 0.55944717 0.20961952
vt 0.38735858 0.43631256
vt 0.18238236 0.01357388
vt 0.59120703 0.65721446
vt 0.14698014 0.02052325
vt 0.04568074 0.27566916
vt 0.06438006 0.25963682
vt 0.04510162 0.23028481
vt 0.01904145 0.22220767
vt 0.87462288 0.84565544
vt 0.84118658 0.86831713
vt 0.52683383 0.65163672
vt 0.49162975 0.67972374
vt 0.51180732 0.68769419
vt 0.49746662 0.73030484
vt 0.50856125 0.77687788
vt 0.52334392 0.81523669
vt 0.38456967 0.23724943
vt 0.37682784 0.25544584
vt 0.54326242 0.81485569
vt 0.35305363 0.22313732
vt 0.34662241 0.24284244
vt 0.55513430 0.81349933
vt 0.37108240 0.26570225
vt 0.34660718 0.27373368
vt 0.33491820 0.27946389
vt 0.32530183 0.29403317
vt 0.32196429 0.30753571
vt 0.31579217 0.31201625
vt 0.31125069 0.31951421
vt 0.29241419 0.31552136
vt 0.27142891 0.33103555
vt 0.48516804 0.28874493
vt 0.25056553 0.32780474
vt 0.23061654 0.32992309
vt 0.50177950 0.29776692
vt 0.52620900 0.30271989
vt 0.55289400 0.30531067
vt 0.58188027 0.30755097
vt 0.60693461 0.30806911
vt 0.30663300 0.54242778
vt 0.28494668 0.57062155
vt 0.28520575 0.60011065
vt 0.28893951 0.62844157
vt 0.29509643 0.65220058
vt 0.17698744 0.33277291
vt 0.15077487 0.33370256
vt 0.12684828 0.33857930
vt 0.12159052 0.32268411
vt 0.07068937 0.18753695
vt 0.10058998 0.32707322
vt 0.09106506 0.31510991
vt 0.08176874 0.30425912
vt 0.14734590 0.00164109
vt 0.38735858 0.40703678
vt 0.55737454 0.17709768
vt 0.06095109 0.29064995
vt 0.08064099 0.27070093
vt 0.54792583 0.82246035
vt 0.11962458 0.43875098
vt 0.14405409 0.43465143
vt 0.52474600 0.83969665
vt 0.51346850 0.86080384
vt 0.52430403 0.86741793
vt 0.53747129 0.87526649
vt 0.14624862 0.39670414
vt 0.67763233 0.90402412
vt 0.14413029 0.38574672
vt 0.54309481 0.88431895
vt 0.46069282 0.84882534
vt 0.44853142 0.83704489
vt 0.43385541 0.83300632
vt 0.91737068 0.89396584
vt 0.90874493 0.90845895
vt 0.90138406 0.92382073
vt 0.13783622 0.93156254
vt 0.11851207 0.91501206
vt 0.09900504 0.90643203
vt 0.05602861 0.55460441
vt 0.66504419 0.48994166
vt 0.94087058 0.78731722
vt 0.97013110 0.35343820
vt 0.04394339 0.54297638
vt 0.09866976 0.40219051
vt 0.20356578 0.42899746
vt 0.40753618 0.03169411
vt 0.10481143 0.39678037
vt 0.04549786 0.53624040
vt 0.06637648 0.53645372
vt 0.59198427 0.94421166
vt 0.45825446 0.60267097
vt 0.36562651 0.70200443
vt 0.14868701 0.40706730
vt 0.36562651 0.68438715
vt 0.45016208 0.61913002
vt 0.59475791 0.09262305
vt 0.06780903 0.38701159
vt 0.07629763 0.40048367
vt 0.07617571 0.40539092
vt 0.05668392 0.22135425
vt 0.04223653 0.21338379
vt 0.01317410 0.20273113
vt 0.86758208 0.82976025
vt 0.83173788 0.85295534
vt 0.50734204 0.64269090
vt 0.78133965 0.85705483
vt 0.47052255 0.67397833
vt 0.48685968 0.63472044
vt 0.82132906 0.83632863
vt 0.81009728 0.81900090
vt 0.44941533 0.66710514
vt 0.77042788 0.83850795
vt 0.79836255 0.79976821
vt 0.82094806 0.76003784
vt 0.80671400 0.74222243
vt 0.81206322 0.71480596
vt 0.79671669 0.70494574
vt 0.33622882 0.76378685
vt 0.77400929 0.69258618
vt 0.74797958 0.70432091
vt 0.34892362 0.78948128
vt 0.32981282 0.79822898
vt 0.33906344 0.82541692
vt 0.31940401 0.82910496
vt 0.34006926 0.85406786
vt 0.69151586 0.72800362
vt 0.35953057 0.85449457
vt 0.81899738 0.36625493
vt 0.66670537 0.75535923
vt 0.78362560 0.38585335
vt 0.35209352 0.88686407
vt 0.79063594 0.36622441
vt 0.75418222 0.37658751
vt 0.74186838 0.39301610
vt 0.77443600 0.40292203
vt 0.66827506 0.77741134
vt 0.76492631 0.41802472
vt 0.36742485 0.74028695
vt 0.67226791 0.79889953
vt 0.37710214 0.69836211
vt 0.70271719 0.79199588
vt 0.71058095 0.81362122
vt 0.39490232 0.70284259
vt 0.72045636 0.83434749
vt 0.41486654 0.70802414
vt 0.43519652 0.71334291
vt 0.45557222 0.71881402
vt 0.47667944 0.72455943
vt 0.48783502 0.77349466
vt 0.50237387 0.81534332
vt 0.39252490 0.21798623
vt 0.35825044 0.20449895
vt 0.33098632 0.21310949
vt 0.32284823 0.22722161
vt 0.63619512 0.27787894
vt 0.30862942 0.24041933
vt 0.33577162 0.25927103
vt 0.31535020 0.27611107
vt 0.30712068 0.28679425
vt 0.29823583 0.30072349
vt 0.27668667 0.29903185
vt 0.27339485 0.31427175
vt 0.25087032 0.31425649
vt 0.47823390 0.30031198
vt 0.23095182 0.31721300
vt 0.49731421 0.30983692
vt 0.52274954 0.31680155
vt 0.55103475 0.32245553
vt 0.57973140 0.32574731
vt 0.60634023 0.32675320
vt 0.28829944 0.54123908
vt 0.26716173 0.56999671
vt 0.26880765 0.60091841
vt 0.27293766 0.63080376
vt 0.28104526 0.65654391
vt 0.17535678 0.31738067
vt 0.14688870 0.31872177
vt 0.14413029 0.30352759
vt 0.11657660 0.30790144
vt 0.11013014 0.29822415
vt 0.52034169 0.82009816
vt 0.10555818 0.29132050
vt 0.10939863 0.28289282
vt 0.51924437 0.82963836
vt 0.50034696 0.84986162
vt 0.24623740 0.72855228
vt 0.49879250 0.87538838
vt 0.24471341 0.74565142
vt 0.93302202 0.85385448
vt 0.51494676 0.88442564
vt 0.91958046 0.87229472
vt 0.53856856 0.89599270
vt 0.54844397 0.90187532
vt 0.91168624 0.87938124
vt 0.45337769 0.83236629
vt 0.43992087 0.82159168
vt 0.90493500 0.89035398
vt 0.89277357 0.90294212
vt 0.88430017 0.91842580
vt 0.13769907 0.91370142
vt 0.61421925 0.97011942
vt 0.11921310 0.89626706
vt 0.06825098 0.54728931
vt 0.09911171 0.89041495
vt 0.59712011 0.95739412
vt 0.60658407 0.93907583
vt 0.45016208 0.59898293
vt 0.59396547 0.93522012
vt 0.01949865 0.24555516
vt 0.59475791 0.07278079
vt 0.59129852 0.09001708
vt 0.01350938 0.26324862
vt 0.07312774 0.02437896
vt 0.06456294 0.38827652
vt 0.06064629 0.38917565
vt 0.06904346 0.02357125
vt 0.10536006 0.20718116
vt 0.05605909 0.19633037
vt 0.04351668 0.19317573
vt 0.00665144 0.18195921
vt 0.85676175 0.81276780
vt 0.00150036 0.16210163
vt 0.84697777 0.79612589
vt 0.83388668 0.77777708
vt 0.84848648 0.74046987
vt 0.82958907 0.72686064
vt 0.13405673 0.00246400
vt 0.83067107 0.70642400
vt 0.86817640 0.71657372
vt 0.04848488 0.09480238
vt 0.07113132 0.08207709
vt 0.09397588 0.05569690
vt 0.11557078 0.02308357
vt 0.87707651 0.84093106
vt 0.11006919 0.00136673
vt 0.67738849 0.73734570
vt 0.67807430 0.72029227
vt 0.67479771 0.69836211
vt 0.66432792 0.67810833
vt 0.21915616 0.51016498
vt 0.64782315 0.66155779
vt 0.63270521 0.66541350
vt 0.23268916 0.50473958
vt 0.24954446 0.51484358
vt 0.63375676 0.63668633
vt 0.27092600 0.52116817
vt 0.28927478 0.52244830
vt 0.59718108 0.20577908
vt 0.20374864 0.17691481
vt 0.22354524 0.18046570
vt 0.24477437 0.18150198
vt 0.26353467 0.17848450
vt 0.28054234 0.16863954
vt 0.29166746 0.17449164
vt 0.78382373 0.65281016
vt 0.30414891 0.17955130
vt 0.62156487 0.23412526
vt 0.78653646 0.67190570
vt 0.60865670 0.24678957
vt 0.32175094 0.18700355
vt 0.31687418 0.75221980
vt 0.31836769 0.77244312
vt 0.31216508 0.80645847
vt 0.29805297 0.81666923
vt 0.30003414 0.83215290
vt 0.30047610 0.85390019
vt 0.31955642 0.85423547
vt 0.80034375 0.32349181
vt 0.31499970 0.88005179
vt 0.33408001 0.88316077
vt 0.79671669 0.34496480
vt 0.77199763 0.33749729
vt 0.76311278 0.35918361
vt 0.73866802 0.34850049
vt 0.72882307 0.36604154
vt 0.71553391 0.37920880
vt 0.72956979 0.40767688
vt 0.42535156 0.07666695
vt 0.36228898 0.77904201
vt 0.38496593 0.74714494
vt 0.40319279 0.75301230
vt 0.42358375 0.75959587
vt 0.44531581 0.76422882
vt 0.46642300 0.76997423
vt 0.48170862 0.81322503
vt 0.39971811 0.19846398
vt 0.36390442 0.18453473
vt 0.33721942 0.19530928
vt 0.31807813 0.21277422
vt 0.72649133 0.21053392
vt 0.58988118 0.91376239
vt 0.70585656 0.19066113
vt 0.69188160 0.18266022
vt 0.57802457 0.90205818
vt 0.71361369 0.57060629
vt 0.56325716 0.89343244
vt 0.57301062 0.91170502
vt 0.56840819 0.91763335
vt 0.55167484 0.91741997
vt 0.46069282 0.93906057
vt 0.93652719 0.70931959
vt 0.95550084 0.69950509
vt 0.45927551 0.96080786
vt 0.35099626 0.91121733
vt 0.44778466 0.97554481
vt 0.33491820 0.90690446
vt 0.31615791 0.90934283
vt 0.30061325 0.91836482
vt 0.88725674 0.37754762
vt 0.87099576 0.38382649
vt 0.74279803 0.65796125
vt 0.85414052 0.38356739
vt 0.08024476 0.92087942
vt 0.69188160 0.25887477
vt 0.70300674 0.26108456
vt 0.07591664 0.91222316
vt 0.68007070 0.31200099
vt 0.65812534 0.46613699
vt 0.71615875 0.26812541
vt 0.64471424 0.46225083
vt 0.66684252 0.31200099
vt 0.70451546 0.95341653
vt 0.70727390 0.94180375
vt 0.27956700 0.24797827
vt 0.74099970 0.25785375
vt 0.68429214 0.93709463
vt 0.63619512 0.25245881
vt 0.62409467 0.25326651
vt 0.68144232 0.92734110
vt 0.28112146 0.25718319
vt 0.67456913 0.92383593
vt 0.28791845 0.26451355
vt 0.28514478 0.27220970
vt 0.28118241 0.28272521
vt 0.46404558 0.32826191
vt 0.25460410 0.28266424
vt 0.25314108 0.29900140
vt 0.47096449 0.31352496
vt 0.49199551 0.32446718
vt 0.51802522 0.33249861
vt 0.54760581 0.33911270
vt 0.57782644 0.34347129
vt 0.60478580 0.34600115
vt 0.26950869 0.54076660
vt 0.24933110 0.57165784
vt 0.25080937 0.60357010
vt 0.25649384 0.63388222
vt 0.26598826 0.66103971
vt 0.17351276 0.30089110
vt 0.14108232 0.29324073
vt 0.48519853 0.82607222
vt 0.49036485 0.83599335
vt 0.48260775 0.86049908
vt 0.24919394 0.70701838
vt 0.22651701 0.72951239
vt 0.22560263 0.75074154
vt 0.91598386 0.84307992
vt 0.22471870 0.78365964
vt 0.89999723 0.87171561
vt 0.44813517 0.81485569
vt 0.89655304 0.88434947
vt 0.88044453 0.89378291
vt 0.86843550 0.90734643
vt 0.63366532 0.96975368
vt 0.13893349 0.89440775
vt 0.12352598 0.87898505
vt 0.62391180 0.95481861
vt 0.61428022 0.92145854
vt 0.07312774 0.00226593
vt 0.01350938 0.24115086
vt 0.59623623 0.92801166
vt 0.11212657 0.18679023
vt 0.59780592 0.92170238
vt 0.10831660 0.18177629
vt 0.10536006 0.17636615
vt 0.60025954 0.91610932
vt 0.07884269 0.17595470
vt 0.04202317 0.17147416
vt 0.03687210 0.15161663
vt 0.87796038 0.77381468
vt 0.02999892 0.13035697
vt 0.86479318 0.75642598
vt 0.86360443 0.72728741
vt 0.04028583 0.10313857
vt 0.07783686 0.10626274
vt 0.10272357 0.08407354
vt 0.12395270 0.05232888
vt 0.13661703 0.01934981
vt 0.70300674 0.71674138
vt 0.69674313 0.69351584
vt 0.68354541 0.67434406
vt 0.66085327 0.65579712
vt 0.20672043 0.51644385
vt 0.63441205 0.64903069
vt 0.23217100 0.52327126
vt 0.24085774 0.51906502
vt 0.26668930 0.52407897
vt 0.06093585 0.29787362
vt 0.23643817 0.47765833
vt 0.62977916 0.63415658
vt 0.28622681 0.52528292
vt 0.62977916 0.65325212
vt 0.23643817 0.49725682
vt 0.20176747 0.17874360
vt 0.59430075 0.20276159
vt 0.59430075 0.22181141
vt 0.22357571 0.18346792
vt 0.03656730 0.09038281
vt 0.24707559 0.18477857
vt 0.03339741 0.11213011
vt 0.26850286 0.18249255
vt 0.27347106 0.18650067
vt 0.28427610 0.19256616
vt 0.28147197 0.77440906
vt 0.28825372 0.78718007
vt 0.28250828 0.83015651
vt 0.27920124 0.85310775
vt 0.29631561 0.87517506
vt 0.78844142 0.30211031
vt 0.29160649 0.89047587
vt 0.30395079 0.90065610
vt 0.77999854 0.31759399
vt 0.74727851 0.32824665
vt 0.45656282 0.63822556
vt 0.72803056 0.32894772
vt 0.29764149 0.44179893
vt 0.44376132 0.32233363
vt 0.86055648 0.50737607
vt 0.23040318 0.49719584
vt 0.19215111 0.03966457
vt 0.86521989 0.50769615
vt 0.23399979 0.49914658
vt 0.19401038 0.04387075
vt 0.22883347 0.49969518
vt 0.30844656 0.41438240
vt 0.23538661 0.04874748
vt 0.23485322 0.04414505
vt 0.19466569 0.04022843
vt 0.23863271 0.04489183
vt 0.23485322 0.03724140
vt 0.19500096 0.03332478
vt 0.19231875 0.03367525
vt 0.87043190 0.50441957
vt 0.48323259 0.63130665
vt 0.06093585 0.00442994
vt 0.03191914 0.00487190
vt 0.43420592 0.33636951
vt 0.36340150 0.65081370
vt 0.88707387 0.51431024
vt 0.48506138 0.63046849
vt 0.36093265 0.65008223
vt 0.36110029 0.64755237
vt 0.88911599 0.51277101
vt 0.88722622 0.50841236
vt 0.48387265 0.62847209
vt 0.88463545 0.51357871
vt 0.88736343 0.49547374
vt 0.88658619 0.48389143
vt 0.89874756 0.49458987
vt 0.90412724 0.48541546
vt 0.88614422 0.46753907
vt 0.90572745 0.46750861
vt 0.90437108 0.45249730
vt 0.88609850 0.45345742
vt 0.90115547 0.44016826
vt 0.88623565 0.44051880
vt 0.89793986 0.42783922
vt 0.89027423 0.42335868
vt 0.88318771 0.42229187
vt 0.87797564 0.42558372
vt 0.87425715 0.43094814
vt 0.87038618 0.44221044
vt 0.86893839 0.45421940
vt 0.86898410 0.46828580
vt 0.87035573 0.48329711
vt 0.87561345 0.49408692
vt 0.19215111 0.02700019
vt 0.48468038 0.61196733
vt 0.87544584 0.49998474
vt 0.48506138 0.61349130
vt 0.87675643 0.50091439
vt 0.88646424 0.50385571
vt 0.88033783 0.50848860
vt 0.48361358 0.62179703
vt 0.03906664 0.31834078
vt 0.48236391 0.62789297
vt 0.48053512 0.62873113
vt 0.03697877 0.31916374
vt 0.05880227 0.00129056
vt 0.05880227 0.00487190
vt 0.03489091 0.32175452
vt 0.01218351 0.03413248
vt 0.03412892 0.00487190
vt 0.03319929 0.00234210
vt 0.00953177 0.03413248
vt 0.43286481 0.33399212
vt 0.43134084 0.33443409
vt 0.36381298 0.64738476
vt 0.36140507 0.64086211
vt 0.89412993 0.50833619
vt 0.36093265 0.63362312
vt 0.89765030 0.50182879
vt 0.36110029 0.63109332
vt 0.07800450 0.00063527
vt 0.89969248 0.50028956
vt 0.07582520 0.00654829
vt 0.32284823 0.44961697
vt 0.14868701 0.37823343
vt 0.90400535 0.50537968
vt 0.07800450 0.00731027
vt 0.32467699 0.44888550
vt 0.14577620 0.38336927
vt 0.32662770 0.45549959
vt 0.17518914 0.00731027
vt 0.91017747 0.50778759
vt 0.14822981 0.38440561
vt 0.17009902 0.00731027
vt 0.39881897 0.25320560
vt 0.91371316 0.50832093
vt 0.14868701 0.38756025
vt 0.08277458 0.26812541
vt 0.40151641 0.25349510
vt 0.16974850 0.00517672
vt 0.32421979 0.45825797
vt 0.69904435 0.50455672
vt 0.17549394 0.00385088
vt 0.17281172 0.00136673
vt 0.69733751 0.50181353
vt 0.08752942 0.26689094
vt 0.69729179 0.49859792
vt 0.08579207 0.26442212
vt 0.08184495 0.26433069
vt 0.40218696 0.24866408
vt 0.39948952 0.24837452
vt 0.91650206 0.50429761
vt 0.39881897 0.24217188
vt 0.07945228 0.25521725
vt 0.91628867 0.49611384
vt 0.07931513 0.24601233
vt 0.17520438 0.18448901
vt 0.91476470 0.48700041
vt 0.17793231 0.17958176
vt 0.91156429 0.48171216
vt 0.91263109 0.46743238
vt 0.91107666 0.45129335
vt 0.92479253 0.11897284
vt 0.90786105 0.43896431
vt 0.92413723 0.10681140
vt 0.90222228 0.42588854
vt 0.91993099 0.09544247
vt 0.89286500 0.41819239
vt 0.91343880 0.08785301
vt 0.58223075 0.04086846
vt 0.88242567 0.41773516
vt 0.58698559 0.03416294
vt 0.87497342 0.42143846
vt 0.59003359 0.02433324
vt 0.95550084 0.52055860
vt 0.86959374 0.43062812
vt 0.95124894 0.53037304
vt 0.86572278 0.44189036
vt 0.94798762 0.54142195
vt 0.86316252 0.45408225
vt 0.94576257 0.55481780
vt 0.86209571 0.46836203
vt 0.94538158 0.56725353
vt 0.01706027 0.09352225
vt 0.86307108 0.48110253
vt 0.01706027 0.09993821
vt 0.43874741 0.31001979
vt 0.23399979 0.47718590
vt 0.85935253 0.48646700
vt 0.23137853 0.48585737
vt 0.85865152 0.49597669
vt 0.85886484 0.50416046
vt 0.22977835 0.49358398
vt 0.22737044 0.49474221
vt 0.30955905 0.40933800
vt 0.71385753 0.40436983
vt 0.30591673 0.40904844
vt 0.30378315 0.41281271
vt 0.71419281 0.40795118
vt 0.23997381 0.04704064
vt 0.70565844 0.40993237
vt 0.24131492 0.03884161
vt 0.19466569 0.02754885
vt 0.23550853 0.03262371
vt 0.03862468 0.30334473
vt 0.48286682 0.61280549
vt 0.48141906 0.62111121
vt 0.03857896 0.31152856
vt 0.27543700 0.23650265
vt 0.03394604 0.31270200
vt 0.01067476 0.02712214
vt 0.02891688 0.31622243
vt 0.27472073 0.24153185
vt 0.43874741 0.32794189
vt 0.43089887 0.32794189
vt 0.27543700 0.24913651
vt 0.00974513 0.43387419
vt 0.36806491 0.64250803
vt 0.00473121 0.43242639
vt 0.36384347 0.63997817
vt 0.00410638 0.42628473
vt 0.03679590 0.07799280
vt 0.16575566 0.03169411
vt 0.36312720 0.63363838
vt 0.07535277 0.00089431
vt 0.36335579 0.63273925
vt 0.16468887 0.03122163
vt 0.31934306 0.44506025
vt 0.31810862 0.45377749
vt 0.70681667 0.50451100
vt 0.31452724 0.45720643
vt 0.70683193 0.49932945
vt 0.70364678 0.49253243
vt 0.08873337 0.25610113
vt 0.40136403 0.24169946
vt 0.08140299 0.25501913
vt 0.17793231 0.18525100
vt 0.08123535 0.24465603
vt 0.91615152 0.48573548
vt 0.08086959 0.23993164
vt 0.60653836 0.24375683
vt 0.91650206 0.48098063
vt 0.60658407 0.23282987
vt 0.91645634 0.46691424
vt 0.60653836 0.22112566
vt 0.10962722 0.40462887
vt 0.91621250 0.45168960
vt 0.10962722 0.39374763
vt 0.07931513 0.19700092
vt 0.92953211 0.12071013
vt 0.91279876 0.43823278
vt 0.90472162 0.42442548
vt 0.92752045 0.10641515
vt 0.92207980 0.09202874
vt 0.91494757 0.08293051
vt 0.58549207 0.04411459
vt 0.59079558 0.03588504
vt 0.59491032 0.02305311
vt 0.95033455 0.51949179
vt 0.59663242 0.01165366
vt 0.94614357 0.53044927
vt 0.59780592 0.00176299
vt 0.94282126 0.54035515
vt 0.94059628 0.55376625
vt 0.04113926 0.27746743
vt 0.94026101 0.56732976
vt 0.01466761 0.09902382
vt 0.94041342 0.57072818
vt 0.04144406 0.28048491
vt 0.43673575 0.30962354
vt 0.22907731 0.48587263
vt 0.43659860 0.31920946
vt 0.30955905 0.40173334
vt 0.30328023 0.40243435
vt 0.43025881 0.31931609
vt 0.70690811 0.39909685
vt 0.29913497 0.40793598
vt 0.70611566 0.40456796
vt 0.24062914 0.03205985
vt 0.69811475 0.41194403
vt 0.03405272 0.30093682
vt 0.03268113 0.30241507
vt 0.24111681 0.31719780
vt 0.14868701 0.41081631
vt 0.26560727 0.23272318
vt 0.14868701 0.42168230
vt 0.26871622 0.24168426
vt 0.00974513 0.42520273
vt 0.26641500 0.25349510
vt 0.34368113 0.33150798
vt 0.03900568 0.07320750
vt 0.31452724 0.44720906
vt 0.16575566 0.02605534
vt 0.03636918 0.07262838
vt 0.69857192 0.34612304
vt 0.71349174 0.50455672
vt 0.70338774 0.33845741
vt 0.71419281 0.49609858
vt 0.71096194 0.48608601
vt 0.70032454 0.32975543
vt 0.08743798 0.24578375
vt 0.08649310 0.24084604
vt 0.08397853 0.22664249
vt 0.61181134 0.23316514
vt 0.11456494 0.40380597
vt 0.61170465 0.22068369
vt 0.08314034 0.21029007
vt 0.08346038 0.19439495
vt 0.93402791 0.11792123
vt 0.93201619 0.10362625
vt 0.92595077 0.08773106
vt 0.91732496 0.07732224
vt 0.59105468 0.04673582
vt 0.59776020 0.03746998
vt 0.60167682 0.02384555
vt 0.60318559 0.01168412
vt 0.60362756 0.00252497
vt 0.93757880 0.54119337
vt 0.93629861 0.55468065
vt 0.03447944 0.26487929
vt 0.03577483 0.27798557
vt 0.43025881 0.31052274
vt 0.03543955 0.28313667
vt 0.69840431 0.39440292
vt 0.69811475 0.40190095
vt 0.03091331 0.29170150
vt 0.02618895 0.29825461
vt 0.94493961 0.58756828
vt 0.24863006 0.31931609
vt 0.26306221 0.24262911
vt 0.14324637 0.42128605
vt 0.24863006 0.30634701
vt 0.95550084 0.59302413
vt 0.18756391 0.18294978
vt 0.34575373 0.40502512
vt 0.34368113 0.31942278
vt 0.03900568 0.06581616
vt 0.33630502 0.32833815
vt 0.35273361 0.41113633
vt 0.70687765 0.34482765
vt 0.70687765 0.32879531
vt 0.37000036 0.41947252
vt 0.09298529 0.24209571
vt 0.38341147 0.42466933
vt 0.09074503 0.22865415
vt 0.08844381 0.20993960
vt 0.08873337 0.19174320
vt 0.93940753 0.11470562
vt 0.09133939 0.17624426
vt 0.93762451 0.09845996
vt 0.93082750 0.08190948
vt 0.92217124 0.07125676
vt 0.59900987 0.04995143
vt 0.60632503 0.03875017
vt 0.93564332 0.52017760
vt 0.61071408 0.02404368
vt 0.61203992 0.01110500
vt 0.93154377 0.53342104
vt 0.93015695 0.54462230
vt 0.02618895 0.25355607
vt 0.93175715 0.55949640
vt 0.02711858 0.26722622
vt 0.02695094 0.28257281
vt 0.93617672 0.57459915
vt 0.93750256 0.59640741
vt 0.91043657 0.62554598
vt 0.92703277 0.61003184
vt 0.30257919 0.41771996
vt 0.18280907 0.52894050
vt 0.93027890 0.63075805
vt 0.16999234 0.51717532
vt 0.32245198 0.41118205
vt 0.94166303 0.61304933
vt 0.94967926 0.60174131
vt 0.33572590 0.40750921
vt 0.19500096 0.18768936
vt 0.19500096 0.17124557
vt 0.34910652 0.41541874
vt 0.36565700 0.42313010
vt 0.38112548 0.42751920
vt 0.09411304 0.22965997
vt 0.09181182 0.20980245
vt 0.09207090 0.19044781
vt 0.94213551 0.11254162
vt 0.94137353 0.09501576
vt 0.93482035 0.07652980
vt 0.92553926 0.06412452
vt 0.60704130 0.05274034
vt 0.61575848 0.04047227
vt 0.62142771 0.02352554
vt 0.92524970 0.51996422
vt 0.92124164 0.53546315
vt 0.91897088 0.54773128
vt 0.92072350 0.56600386
vt 0.92680418 0.58214289
vt 0.91273779 0.59343565
vt 0.89131051 0.60931557
vt 0.33892629 0.00124484
vt 0.89121908 0.63758552
vt 0.87059957 0.61835277
vt 0.31192124 0.00174773
vt 0.33514678 0.02323598
vt 0.35820472 0.01898402
vt 0.18549129 0.72774458
vt 0.90022588 0.65569049
vt 0.28482476 0.42657429
vt 0.91734022 0.64433682
vt 0.19012421 0.74588001
vt 0.45656282 0.65812886
vt 0.45825446 0.30130261
vt 0.45825446 0.33149278
vt 0.31659988 0.43305123
vt 0.33025479 0.42628473
vt 0.18280907 0.50109726
vt 0.17328416 0.49568713
vt 0.34144086 0.42079842
vt 0.36152700 0.42838788
vt 0.37954053 0.43097866
vt 0.09720673 0.23055911
vt 0.09487503 0.20954335
vt 0.09624662 0.18900001
vt 0.94650936 0.11060613
vt 0.57279730 0.25611639
vt 0.94425386 0.09199822
vt 0.60115868 0.06490177
vt 0.93893510 0.07005286
vt 0.92925781 0.05395955
vt 0.61848640 0.05572736
vt 0.62935245 0.04166096
vt 0.63717049 0.02291590
vt 0.90994889 0.51894319
vt 0.64078236 0.00513101
vt 0.90255755 0.53668237
vt 0.90037823 0.55122119
vt 0.90394437 0.57392859
vt 0.87965202 0.58301151
vt 0.85817903 0.58997619
vt 0.28107575 0.00193065
vt 0.30448419 0.02777743
vt 0.32859364 0.04580623
vt 0.35494339 0.03426963
vt 0.17912102 0.71296191
vt 0.17488433 0.72606820
vt 0.47530785 0.64232510
vt 0.16654813 0.74588001
vt 0.71845996 0.34415710
vt 0.71353745 0.36038756
vt 0.69790137 0.36601108
vt 0.69973016 0.38960236
vt 0.39215913 0.06577045
vt 0.42344660 0.09437567
vt 0.37851945 0.78797257
vt 0.42114538 0.11507142
vt 0.39785886 0.79539436
vt 0.41732016 0.13617861
vt 0.41824979 0.80196273
vt 0.41221482 0.15660006
vt 0.43862548 0.80743384
vt 0.46034232 0.81095427
vt 0.40610361 0.17787492
vt 0.36753151 0.16457051
vt 0.33766136 0.17811877
vt 0.32508847 0.18810087
vt 0.71087050 0.19035637
vt 0.69285697 0.17947507
vt 0.18146797 0.18176109
vt 0.60937297 0.45825797
vt 0.57992953 0.89776051
vt 0.56904829 0.88648307
vt 0.60315514 0.44210374
vt 0.51452005 0.18768936
vt 0.71663117 0.56234628
vt 0.42875007 0.92351592
vt 0.70405829 0.55742383
vt 0.55289400 0.90144861
vt 0.70405829 0.57769287
vt 0.44897336 0.93096823
vt 0.44725126 0.95294410
vt 0.43348965 0.96757436
vt 0.33078820 0.89119214
vt 0.42288271 0.97987294
vt 0.33374473 0.38314068
vt 0.31282037 0.89622134
vt 0.29937881 0.90874851
vt 0.34518987 0.37177175
vt 0.03545479 0.33636951
vt 0.88562608 0.36625493
vt 0.86954802 0.37713617
vt 0.04411103 0.32105345
vt 0.36140507 0.36108857
vt 0.09261953 0.93112063
vt 0.37289596 0.35921407
vt 0.09246714 0.91985834
vt 0.66687298 0.29235679
vt 0.09261953 0.89462113
vt 0.39839223 0.35535842
vt 0.72199559 0.95550442
vt 0.41642100 0.35436779
vt 0.72636944 0.93822241
vt 0.70841688 0.92583239
vt 0.25455838 0.26507741
vt 0.70524698 0.91030294
vt 0.25652432 0.27213347
vt 0.70166564 0.90065610
vt 0.45887929 0.33725345
vt 0.48507661 0.33920413
vt 0.51366663 0.34973490
vt 0.54385680 0.35741580
vt 0.57473278 0.36224681
vt 0.60195118 0.36430418
vt 0.25184569 0.54142195
vt 0.23323779 0.57273984
vt 0.23570666 0.60449976
vt 0.24360090 0.63709784
vt 0.17136393 0.28929359
vt 0.25565565 0.66451436
vt 0.45484072 0.82765716
vt 0.46764222 0.84434479
vt 0.25186092 0.68521011
vt 0.22756857 0.70372653
vt 0.65023106 0.28307569
vt 0.20355053 0.73064017
vt 0.20412965 0.75456673
vt 0.66243821 0.30553925
vt 0.89423656 0.83923948
vt 0.67763233 0.34796709
vt 0.87875289 0.87697339
vt 0.86179090 0.88866234
vt 0.66428220 0.36563009
vt 0.64349502 0.95202971
vt 0.63970029 0.35729384
vt 0.63714004 0.92696011
vt 0.61327440 0.35663855
vt 0.61777014 0.90943426
vt 0.61982751 0.89923882
vt 0.60739177 0.34930819
vt 0.10424756 0.17136747
vt 0.07812642 0.16495150
vt 0.07558136 0.14515489
vt 0.07373734 0.12298089
vt 0.11022158 0.11325788
vt 0.13401102 0.08189422
vt 0.14909849 0.04559284
vt 0.17073910 0.03640318
vt 0.71852088 0.68124771
vt 0.70282382 0.66257894
vt 0.67589498 0.64846683
vt 0.64271778 0.64566267
vt 0.22398719 0.52663928
vt 0.35565966 0.52097005
vt 0.25791115 0.52923006
vt 0.26166016 0.52715743
vt 0.35831138 0.52368271
vt 0.56793576 0.59363377
vt 0.05741544 0.29445988
vt 0.23288728 0.49590045
vt 0.05741544 0.31687772
vt 0.56793576 0.61669165
vt 0.20067020 0.18160868
vt 0.22362144 0.18645495
vt 0.03239157 0.06820881
vt 0.03239157 0.09149534
vt 0.24855386 0.18768936
vt 0.25071791 0.19256616
vt 0.24867578 0.78434545
vt 0.25344586 0.79347414
vt 0.25676814 0.80589461
vt 0.25913033 0.82870871
vt 0.25696626 0.85178185
vt 0.27850020 0.87657714
vt 0.79875880 0.28543788
vt 0.75884563 0.29584670
vt 0.74543452 0.29077184
vt 0.33982542 0.44362772
vt 0.35081339 0.43654120
vt 0.35591874 0.43295979
vt 0.37669069 0.43535244
vt 0.10142817 0.23255557
vt 0.09795348 0.20928425
vt 0.94937444 0.10758865
vt 0.09956891 0.18654639
vt 0.94937444 0.10758865
vt 0.57768929 0.27056378
vt 0.57768929 0.25207782
vt 0.94810951 0.08747202
vt 0.94329375 0.06164044
vt 0.61025691 0.06890982
vt 0.63346720 0.06008595
vt 0.65056634 0.04409933
vt 0.66159999 0.02477521
vt 0.66536427 0.00392705
vt 0.87884432 0.53790152
vt 0.87593353 0.55690563
vt 0.85363758 0.56065464
vt 0.34647000 0.58311820
vt 0.25327823 0.00292122
vt 0.27270904 0.03052062
vt 0.29751956 0.05334991
vt 0.32414362 0.06385022
vt 0.17375658 0.70646971
vt 0.35476050 0.04332209
vt 0.68007070 0.35505360
vt 0.67894298 0.37235087
vt 0.36565700 0.05872959
vt 0.38751099 0.08408874
vt 0.38287807 0.10327578
vt 0.37752888 0.12394100
vt 0.37292641 0.14478916
vt 0.33395809 0.15829170
vt 0.18524745 0.18281263
vt 0.69357324 0.17555845
vt 0.32222340 0.16312271
vt 0.02193703 0.50211835
vt 0.09723721 0.26812541
vt 0.07068937 0.37536836
vt 0.31687418 0.41144115
vt 0.01869093 0.47796315
vt 0.60937297 0.43820232
vt 0.18524745 0.16531724
vt 0.01442377 0.48250461
vt 0.31298801 0.41680557
vt 0.41925561 0.18525100
vt 0.51918346 0.18163913
vt 0.70759392 0.53884637
vt 0.51452005 0.16281790
vt 0.41140708 0.16703933
vt 0.41079751 0.91841054
vt 0.42785090 0.94581187
vt 0.05275204 0.00065047
vt 0.41253483 0.96213377
vt 0.40634745 0.97620016
vt 0.06581260 0.01753622
vt 0.34618047 0.39034915
vt 0.04630557 0.33636951
vt 0.35684836 0.37389010
vt 0.39305830 0.37274706
vt 0.41512561 0.37271661
vt 0.43836641 0.35290480
vt 0.72636944 0.91720665
vt 0.46028134 0.35203612
vt 0.72446448 0.89606893
vt 0.72086787 0.87640947
vt 0.48090088 0.35020733
vt 0.50889653 0.36284119
vt 0.54096121 0.37312812
vt 0.57153237 0.37901068
vt 0.59876603 0.38106805
vt 0.23575237 0.54250395
vt 0.21740358 0.57411146
vt 0.21970479 0.60686195
vt 0.22586170 0.64003915
vt 0.22790384 0.67835218
vt 0.20403820 0.70427519
vt 0.18032497 0.70810038
vt 0.62118387 0.27656829
vt 0.63675904 0.30256748
vt 0.64349502 0.90003127
vt 0.62724936 0.33297104
vt 0.61022639 0.32489389
vt 0.13225843 0.17487264
vt 0.11328480 0.16204065
vt 0.11409251 0.14763898
vt 0.11291904 0.12875682
vt 0.14370357 0.11097187
vt 0.16351540 0.07294840
vt 0.18415017 0.05764759
vt 0.03327549 0.71814346
vt 0.73612297 0.66518492
vt 0.71320218 0.64941168
vt 0.68545038 0.63936859
vt 0.64805174 0.64075541
vt 0.15357901 0.73342907
vt 0.21740358 0.53002250
vt 0.17314699 0.76246101
vt 0.25458884 0.53137887
vt 0.56525356 0.61579251
vt 0.35565966 0.54599392
vt 0.28357509 0.53137887
vt 0.19657068 0.78004777
vt 0.19948149 0.18377274
vt 0.22342332 0.19037157
vt 0.22145738 0.78708863
vt 0.22173169 0.79463238
vt 0.22160977 0.80670232
vt 0.22080207 0.82671225
vt 0.21874468 0.84864247
vt 0.25512224 0.87514460
vt 0.79465932 0.26219708
vt 0.77321678 0.26210564
vt 0.76076585 0.26029211
vt 0.75140852 0.25660408
vt 0.37225586 0.44317055
vt 0.37440470 0.43820232
vt 0.59718108 0.07799280
vt 0.10481143 0.23356140
vt 0.59454459 0.05333471
vt 0.95144707 0.12631845
vt 0.10101670 0.20902520
vt 0.10261688 0.18514431
vt 0.95287961 0.10609514
vt 0.95123369 0.08251905
vt 0.94765234 0.05321276
vt 0.61935508 0.07291794
vt 0.64631444 0.06624287
vt 0.66958570 0.04874748
vt 0.38360956 0.60762393
vt 0.68324059 0.03076446
vt 0.85711229 0.53916645
vt 0.68996137 0.00900191
vt 0.36210611 0.59329844
vt 0.35582730 0.55562550
vt 0.24541445 0.03195316
vt 0.26685694 0.05952209
vt 0.29354194 0.07805377
vt 0.33324182 0.07104343
vt 0.34447360 0.09591490
vt 0.33761564 0.11697638
vt 0.33322656 0.13677299
vt 0.02193703 0.47293401
vt 0.29788533 0.14613026
vt 0.09993467 0.26237994
vt 0.09723721 0.23677701
vt 0.27330342 0.14524633
vt 0.40938020 0.44681287
vt 0.07068937 0.34394372
vt 0.41925561 0.15678293
vt 0.31298801 0.38833749
vt 0.06530969 0.35276765
vt 0.40046486 0.45094287
vt 0.00238427 0.01131839
vt 0.40016007 0.91248226
vt 0.40016007 0.93898439
vt 0.02911500 0.00852948
vt 0.04334904 0.03132832
vt 0.36868975 0.41360515
vt 0.05304160 0.05949163
vt 0.38697758 0.39514971
vt 0.41154426 0.39502776
vt 0.44178015 0.37215275
vt 0.46686497 0.37483495
vt 0.50426358 0.38054991
vt 0.53689218 0.38929760
vt 0.56837773 0.39519542
vt 0.59652579 0.39726806
vt 0.22008578 0.54286975
vt 0.20115787 0.57391334
vt 0.20038064 0.60939175
vt 0.20193511 0.64487016
vt 0.20303237 0.67521274
vt 0.17892291 0.68332040
vt 0.60739177 0.25448573
vt 0.61246669 0.29529810
vt 0.16537467 0.71616226
vt 0.16017787 0.18671405
vt 0.14420648 0.16505820
vt 0.14797074 0.14786762
vt 0.14685823 0.12866539
vt 0.17637785 0.10031921
vt 0.20353529 0.08302194
vt 0.05049654 0.69839263
vt 0.01800514 0.68275648
vt 0.72524172 0.62857878
vt 0.69416761 0.62261999
vt 0.65141976 0.62966079
vt 0.14333782 0.73495305
vt 0.16566423 0.76764256
vt 0.19349222 0.78702766
vt 0.18867642 0.79978347
vt 0.18527792 0.82203364
vt 0.18302242 0.84623456
vt 0.21690066 0.87107551
vt 0.78728318 0.22461557
vt 0.21447752 0.88936341
vt 0.76867533 0.22749591
vt 0.75719970 0.22897416
vt 0.59718108 0.05272508
vt 0.39487183 0.44362772
vt 0.75006741 0.22949231
vt 0.95469314 0.12674516
vt 0.73859179 0.20643443
vt 0.95550084 0.10502833
vt 0.50418741 0.22181141
vt 0.95336729 0.07886147
vt 0.95115751 0.04524231
vt 0.50418741 0.19274902
vt 0.11099882 0.83987951
vt 0.62758464 0.07648408
vt 0.66109711 0.07407618
vt 0.41207764 0.60663331
vt 0.68833071 0.06151849
vt 0.70433259 0.04452604
vt 0.39314973 0.58730918
vt 0.22482538 0.03017008
vt 0.37344459 0.56982911
vt 0.37164629 0.53017497
vt 0.23886131 0.06244814
vt 0.26306221 0.08939224
vt 0.29887590 0.09381181
vt 0.29835775 0.11555910
vt 0.29726049 0.13514233
vt 0.26393089 0.13739783
vt 0.24724324 0.15272909
vt 0.00169848 0.04178286
vt 0.41925561 0.42264241
vt 0.40046486 0.42166704
vt 0.01809658 0.03341621
vt 0.02958744 0.06397212
vt 0.40276608 0.41724753
vt 0.01453045 0.08963609
vt 0.43205711 0.42117941
vt 0.43918937 0.39646035
vt 0.46832800 0.39955401
vt 0.49836579 0.40321159
vt 0.53332603 0.40785974
vt 0.56749380 0.41118205
vt 0.59776020 0.41220313
vt 0.20518120 0.54053807
vt 0.18006590 0.57345617
vt 0.17695697 0.61123580
vt 0.17710936 0.65113378
vt 0.15219218 0.65611720
vt 0.14848889 0.70014518
vt 0.17832854 0.17641187
vt 0.11633277 0.69775248
vt 0.18887454 0.14661795
vt 0.18568940 0.12121308
vt 0.09361012 0.70727742
vt 0.06631552 0.67367351
vt 0.03068471 0.66302085
vt 0.73517811 0.60536844
vt 0.69979113 0.60062885
vt 0.65580887 0.61388755
vt 0.61545366 0.57504106
vt 0.62604541 0.59223163
vt 0.12003606 0.79330647
vt 0.60909867 0.58461177
vt 0.60826045 0.62566793
vt 0.15434100 0.77701509
vt 0.14937280 0.81462705
vt 0.14693442 0.84108347
vt 0.56266278 0.11741835
vt 0.14496848 0.86557394
vt 0.18126984 0.86845428
vt 0.18084313 0.88945484
vt 0.75643772 0.19629991
vt 0.74474871 0.20265490
vt 0.71932864 0.17907888
vt 0.50700676 0.21900731
vt 0.95550084 0.07543254
vt 0.71600634 0.18672925
vt 0.60120440 0.07518870
vt 0.11456494 0.87019163
vt 0.11456494 0.83332640
vt 0.63279665 0.08139127
vt 0.67031723 0.08350962
vt 0.69814521 0.07528013
vt 0.42356852 0.59783995
vt 0.40703323 0.57008815
vt 0.39065039 0.54733503
vt 0.21391365 0.05911058
vt 0.23354259 0.09271455
vt 0.26231545 0.10508931
vt 0.26245263 0.12360573
vt 0.40669796 0.45353365
vt 0.23689537 0.14657223
vt 0.22348428 0.16882241
vt 0.42096248 0.43725747
vt 0.00552369 0.07073861
vt 0.00169848 0.11213011
vt 0.45758390 0.42366350
vt 0.49056298 0.42703152
vt 0.52980560 0.42901266
vt 0.56674707 0.43177110
vt 0.60039669 0.43327987
vt 0.18402827 0.53651470
vt 0.15813573 0.57214552
vt 0.15426479 0.61263788
vt 0.12873802 0.61349130
vt 0.12095045 0.65812886
vt 0.09571323 0.65927184
vt 0.04749428 0.63814938
vt 0.00133272 0.63069713
vt 0.70091885 0.57996356
vt 0.65836912 0.58714151
vt 0.62959629 0.56857944
vt 0.62031519 0.54911804
vt 0.60501438 0.56479990
vt 0.59210622 0.58452034
vt 0.12727499 0.81043613
vt 0.57410794 0.56960046
vt 0.55632299 0.15144897
vt 0.12597960 0.83701444
vt 0.12287067 0.86138296
vt 0.57444322 0.13687968
vt 0.59167951 0.13659012
vt 0.14358166 0.90065610
vt 0.59123755 0.09573203
vt 0.72601891 0.16720700
vt 0.67894298 0.16421998
vt 0.63584465 0.09233350
vt 0.67839432 0.10062402
vt 0.70931602 0.09687501
vt 0.44249642 0.58677578
vt 0.43053311 0.55212033
vt 0.40965450 0.52545059
vt 0.20577556 0.08827972
vt 0.39714256 0.49000263
vt 0.23236912 0.11056042
vt 0.23302443 0.12950355
vt 0.40427482 0.47220248
vt 0.43661383 0.45435661
vt 0.48362884 0.45141530
vt 0.52724534 0.45274115
vt 0.56660992 0.45341170
vt 0.60237789 0.45388412
vt 0.16345444 0.53307050
vt 0.13556547 0.56899089
vt 0.10375988 0.60907173
vt 0.08129631 0.60134512
vt 0.04167265 0.60299098
vt 0.06419718 0.56752783
vt 0.93113232 0.03550404
vt 0.71495479 0.02283973
vt 0.71949625 0.01649994
vt 0.91432273 0.33678102
vt 0.72393107 0.01698762
vt 0.91746217 0.33655238
vt 0.72388536 0.01375675
vt 0.71704262 0.01418346
vt 0.71518338 0.01084596
vt 0.70774633 0.01232421
vt 0.71007800 0.01982224
vt 0.69870907 0.02820414
vt 0.29049397 0.95207542
vt 0.22386527 0.02218443
vt 0.23156141 0.01701808
vt 0.22429200 0.13015890
vt 0.91726404 0.03201413
vt 0.70666426 0.03413248
vt 0.23156141 0.03899401
vt 0.27354723 0.94983518
vt 0.90170413 0.01649994
vt 0.22429200 0.15112895
vt 0.23399979 0.14315850
vt 0.89941812 0.02716786
vt 0.89925051 0.04603481
vt 0.91677636 0.04499847
vt 0.72243756 0.02459228
vt 0.93062937 0.04391646
vt 0.90734285 0.33940226
vt 0.93113232 0.05033243
vt 0.90906495 0.34514767
vt 0.91490185 0.33993566
vt 0.91718781 0.34208447
vt 0.92060155 0.34376085
vt 0.92159218 0.33676577
vt 0.72342813 0.00961155
vt 0.92614889 0.33801544
vt 0.72216326 0.00523770
vt 0.71573204 0.00657880
vt 0.35099626 0.44760531
vt 0.06825098 0.37178695
vt 0.34709483 0.44890070
vt 0.35099626 0.45581961
vt 0.06825098 0.38024509
vt 0.73273969 0.41281271
vt 0.70803589 0.00357652
vt 0.69369519 0.01552457
vt 0.29364863 0.93877101
vt 0.73612297 0.44967794
vt 0.27743343 0.93136448
vt 0.88149607 0.00979441
vt 0.25400972 0.94559848
vt 0.73161197 0.46973360
vt 0.25983137 0.92325687
vt 0.86241573 0.00418615
vt 0.23552378 0.94154471
vt 0.24091868 0.91588074
vt 0.06212456 0.55842966
vt 0.84556043 0.00074190
vt 0.21917139 0.93785661
vt 0.22077158 0.90890086
vt 0.71847516 0.50879335
vt 0.03489091 0.56568384
vt 0.71871901 0.51892793
vt 0.03595771 0.57494962
vt 0.00188136 0.60204613
vt 0.69439620 0.55215085
vt 0.65655559 0.55692089
vt 0.63782579 0.53055596
vt 0.58693987 0.19131649
vt 0.60583735 0.52977872
vt 0.58882964 0.54940760
vt 0.57051134 0.17147416
vt 0.58683324 0.15643239
vt 0.59774494 0.14619124
vt 0.60906816 0.12903112
vt 0.63974601 0.10796964
vt 0.68231100 0.12250847
vt 0.47219893 0.61181492
vt 0.46473140 0.57418764
vt 0.45764485 0.53793204
vt 0.42434573 0.50996685
vt 0.43665954 0.48634505
vt 0.47898066 0.48253512
vt 0.52465457 0.47706401
vt 0.56708235 0.47610390
vt 0.60406947 0.47553998
vt 0.14187479 0.52976346
vt 0.11314764 0.56484562
vt 0.09225377 0.55754572
vt 0.83958644 0.01739907
vt 0.08218022 0.54962099
vt 0.07760826 0.54379940
vt 0.84706920 0.01910597
vt 0.86250716 0.02127004
vt 0.23256724 0.95803422
vt 0.25108367 0.96038115
vt 0.88128269 0.02440941
vt 0.87998730 0.04675108
vt 0.33366853 0.97446281
vt 0.88926840 0.36883044
vt 0.89941812 0.06252432
vt 0.91726404 0.05597121
vt 0.89908284 0.35523647
vt 0.90479779 0.36210966
vt 0.91205198 0.34953678
vt 0.91961098 0.35145700
vt 0.92488396 0.34309030
vt 0.17294888 0.03216654
vt 0.41674104 0.06281388
vt 0.17683505 0.03090161
vt 0.72091359 0.00247926
vt 0.92915112 0.33937180
vt 0.17793231 0.02747262
vt 0.41925561 0.06048220
vt 0.70610040 0.32297367
vt 0.34326965 0.44652331
vt 0.06273415 0.37712091
vt 0.34429070 0.45534718
vt 0.69518864 0.32271463
vt 0.72676569 0.40973425
vt 0.29738238 0.92574096
vt 0.69369519 0.00068098
vt 0.72694856 0.42812878
vt 0.28240162 0.91202503
vt 0.71783513 0.44678235
vt 0.70760918 0.46638083
vt 0.26505864 0.89884257
vt 0.69809949 0.48622316
vt 0.24562781 0.88841850
vt 0.21917139 0.87759817
vt 0.68644100 0.51142991
vt 0.68328631 0.52194536
vt 0.65402579 0.51403594
vt 0.61673385 0.22205526
vt 0.63672853 0.50009143
vt 0.62203729 0.51350248
vt 0.60256076 0.20806509
vt 0.61848640 0.19148409
vt 0.60166162 0.17232758
vt 0.61178088 0.15274435
vt 0.64137667 0.13471562
vt 0.68349969 0.14387476
vt 0.49295563 0.60766965
vt 0.49245271 0.55789626
vt 0.47541454 0.50801617
vt 0.52669668 0.50341368
vt 0.57029796 0.49882650
vt 0.60480100 0.49775976
vt 0.11985318 0.52717268
vt 0.60550207 0.51740396
vt 0.10039186 0.52485621
vt 0.09159846 0.52290547
vt 0.60693461 0.52612114
vt 0.84114087 0.04800075
vt 0.84863889 0.04743689
vt 0.86151659 0.04723877
vt 0.88128269 0.06660861
vt 0.34869504 0.97499621
vt 0.32908133 0.96245378
vt 0.89739126 0.37693805
vt 0.91776693 0.36660540
vt 0.17793231 0.03899401
vt 0.92858726 0.35110646
vt 0.70931602 0.31189430
vt 0.41285488 0.07035762
vt 0.41925561 0.07069290
vt 0.70328104 0.31459177
vt 0.69872433 0.31783783
vt 0.72169077 0.40578711
vt 0.71567106 0.42242908
vt 0.70197040 0.43919289
vt 0.68855935 0.45809036
vt 0.81899738 0.25130057
vt 0.67493486 0.47758216
vt 0.80290407 0.27544051
vt 0.65928352 0.50542539
vt 0.64357126 0.49207526
vt 0.62334794 0.23014766
vt 0.63406157 0.20864421
vt 0.63838971 0.16510391
vt 0.67589498 0.17167228
vt 0.52175897 0.60920888
vt 0.52689481 0.56664395
vt 0.53238118 0.52662408
vt 0.57563192 0.52049762
vt 0.58262700 0.53125697
vt 0.83958644 0.07556969
vt 0.58869249 0.53567648
vt 0.37781844 0.97191775
vt 0.84706920 0.07271981
vt 0.86250716 0.07031190
vt 0.36452925 0.97350270
vt 0.34502223 0.95858288
vt 0.89085335 0.39380860
vt 0.91464275 0.38448179
vt 0.93302202 0.36648351
vt 0.70416498 0.29607534
vt 0.69276553 0.30115020
vt 0.68534374 0.30692613
vt 0.70782250 0.41587591
vt 0.67010385 0.29171669
vt 0.69203401 0.43049097
vt 0.65426964 0.27419084
vt 0.67562068 0.44760531
vt 0.66152382 0.46529883
vt 0.80290407 0.23977923
vt 0.66152382 0.46529883
vt 0.64066041 0.25646693
vt 0.63899928 0.21743762
vt 0.66355073 0.20193863
vt 0.55417418 0.61135769
vt 0.69835854 0.20779079
vt 0.55386937 0.57510209
vt 0.56423247 0.54687786
vt 0.57362026 0.54919428
vt 0.37464854 0.95212114
vt 0.36039925 0.95503199
vt 0.88501644 0.40921611
vt 0.91209769 0.40248007
vt 0.93730444 0.38414651
vt 0.69576776 0.27701026
vt 0.67973542 0.28373104
vt 0.66697967 0.26443738
vt 0.65398008 0.24479318
vt 0.66633958 0.21253037
vt 0.56383628 0.60946798
vt 0.56356192 0.57638222
vt 0.69779468 0.21777290
vt 0.37781844 0.92380548
vt 0.35978967 0.92970330
vt 0.70428687 0.23697513
vt 0.90924788 0.41924393
vt 0.94058102 0.40203810
vt 0.68622762 0.25715268
vt 0.94087058 0.41924393
vt 0.67731231 0.23737133
vt 0.49077633 0.95881146
vt 0.81521785 0.23712748
vt 0.29799199 0.44464880
vt 0.49333662 0.95891815
vt 0.30038464 0.44379538
vt 0.81223089 0.23979449
vt 0.29593462 0.44806254
vt 0.81111836 0.24253768
vt 0.80102956 0.63842368
vt 0.29570600 0.45117146
vt 0.49703991 0.95977157
vt 0.30411842 0.44379538
vt 0.49973735 0.96278906
vt 0.30719689 0.44589847
vt 0.79836255 0.63929236
vt 0.29695567 0.45357937
vt 0.93908751 0.89858347
vt 0.46355793 0.32419288
vt 0.50144422 0.96525794
vt 0.30934569 0.44815397
vt 0.79462880 0.63984102
vt 0.94849050 0.25189495
vt 0.29863206 0.45700830
vt 0.94483292 0.25187969
vt 0.30181721 0.45755696
vt 0.93693870 0.25349510
vt 0.94544256 0.90187532
vt 0.30933046 0.45537764
vt 0.93888938 0.25216925
vt 0.30739498 0.45723695
vt 0.30955905 0.45226872
vt 0.94282126 0.90010750
vt 0.94228786 0.25152916
vt 0.30408794 0.45825797
vt 0.94737798 0.88430375
vt 0.94015431 0.88236827
vt 0.46800795 0.31061417
vt 0.46137860 0.31190956
vt 0.51151776 0.95236498
vt 0.50595522 0.94887507
vt 0.49897537 0.94600999
vt 0.49202600 0.94485176
vt 0.80999058 0.22426504
vt 0.80454999 0.22822744
vt 0.79967320 0.23272318
vt 0.80302596 0.62412870
vt 0.79709768 0.62507355
vt 0.78926438 0.62565267
vt 0.95259005 0.23709702
vt 0.94573212 0.23465866
vt 0.21449275 0.11254162
vt 0.93834078 0.23424715
vt 0.93299156 0.23621309
vt 0.20853397 0.11456847
vt 0.01776130 0.58500797
vt 0.95798492 0.88858616
vt 0.35831138 0.65325212
vt 0.95251381 0.88562959
vt 0.01994060 0.72751594
vt 0.95260531 0.86598539
vt 0.03062375 0.73030484
vt 0.94239455 0.86485767
vt 0.46137860 0.29983956
vt 0.93386024 0.86621404
vt 0.04234321 0.72812557
vt 0.52191138 0.93983781
vt 0.51290458 0.93415332
vt 0.50222147 0.93043482
vt 0.49230030 0.92761546
vt 0.80330032 0.20881182
vt 0.79382110 0.21426773
vt 0.78496671 0.21826053
vt 0.80685121 0.60437787
vt 0.79706717 0.60460645
vt 0.78524107 0.60419500
vt 0.96037763 0.21798623
vt 0.77410072 0.60582566
vt 0.94919157 0.21344477
vt 0.20853397 0.09347653
vt 0.93706059 0.21335334
vt 0.45545030 0.21327710
vt 0.02925216 0.56483042
vt 0.97013110 0.87040496
vt 0.01776130 0.56464750
vt 0.44493479 0.20780599
vt 0.35831138 0.63031614
vt 0.35120961 0.63508618
vt 0.43711674 0.20303595
vt 0.96293789 0.86758560
vt 0.95479983 0.84692037
vt 0.01250355 0.74386835
vt 0.02652423 0.76174474
vt 0.94044387 0.84789568
vt 0.02737766 0.74650484
vt 0.04450727 0.74235964
vt 0.53381371 0.92788976
vt 0.05796407 0.73348999
vt 0.52095127 0.92118424
vt 0.50574189 0.91350335
vt 0.49127924 0.90944952
vt 0.79699099 0.19287091
vt 0.78313798 0.19642180
vt 0.76986402 0.20241112
vt 0.81229180 0.58343828
vt 0.79849976 0.58042073
vt 0.78143108 0.58072555
vt 0.76524633 0.58333158
vt 0.48082468 0.20189291
vt 0.95140135 0.19180417
vt 0.93299156 0.19096595
vt 0.46654493 0.19322145
vt 0.45141175 0.18656164
vt 0.97013110 0.84765184
vt 0.43921986 0.18250781
vt 0.30468228 0.22437173
vt 0.00063169 0.73547119
vt 0.28415421 0.23270792
vt 0.00602660 0.75997686
vt 0.02734718 0.77975821
vt 0.04744856 0.75557256
vt 0.06556877 0.74373120
vt 0.52780920 0.91123259
vt 0.07818738 0.72838461
vt 0.50846982 0.90115905
vt 0.49077633 0.89405727
vt 0.79411066 0.17878932
vt 0.77344537 0.18173057
vt 0.75703204 0.18613493
vt 0.81936312 0.56361121
vt 0.80041999 0.55801821
vt 0.77829164 0.55702758
vt 0.75716919 0.55960310
vt 0.49571404 0.18290406
vt 0.47681659 0.17388207
vt 0.45705050 0.16687173
vt 0.43803114 0.16306174
vt 0.28904620 0.21445060
vt 0.43633953 0.14111632
vt 0.27097172 0.20437706
vt 0.26716173 0.22912657
vt 0.00174420 0.77875245
vt 0.25224191 0.22874558
vt 0.00107365 0.79475427
vt 0.02977032 0.79545534
vt 0.23307015 0.22990382
vt 0.00063169 0.81662345
vt 0.23162237 0.26407158
vt 0.03493663 0.81645584
vt 0.06061581 0.78391874
vt 0.05458082 0.77101058
vt 0.07661767 0.75516111
vt 0.51032907 0.88672686
vt 0.09205566 0.73568451
vt 0.31413102 0.38082421
vt 0.81387675 0.16175115
vt 0.79045308 0.16190350
vt 0.76635885 0.16298556
vt 0.74359047 0.16617066
vt 0.82827842 0.54058373
vt 0.80369651 0.53290284
vt 0.77650863 0.53061688
vt 0.75139332 0.53448784
vt 0.51064909 0.16222358
vt 0.48687491 0.15094608
vt 0.45976320 0.14335662
vt 0.43373349 0.12368190
vt 0.25577757 0.19910401
vt 0.42986256 0.10149270
vt 0.23553902 0.19462353
vt 0.42809474 0.08297622
vt 0.21773885 0.19198704
vt 0.21458420 0.23084867
vt 0.00156132 0.23888010
vt 0.19443709 0.23322612
vt 0.02193703 0.23607594
vt 0.21356313 0.26966465
vt 0.00156132 0.20038420
vt 0.21356313 0.26966465
vt 0.04150502 0.83402741
vt 0.07119228 0.80295330
vt 0.08696554 0.76595092
vt 0.31912968 0.41194403
vt 0.32662770 0.38082421
vt 0.10287596 0.74362451
vt 0.81713808 0.14850765
vt 0.78982824 0.14739519
vt 0.85324132 0.53837395
vt 0.76110113 0.14820290
vt 0.73530000 0.15093082
vt 0.83442008 0.52397227
vt 0.80677497 0.51435596
vt 0.77559423 0.51107937
vt 0.74744618 0.51528561
vt 0.52137798 0.14585596
vt 0.49298611 0.13422793
vt 0.46233872 0.12580025
vt 0.46392366 0.10408348
vt 0.46409130 0.08437830
vt 0.46534097 0.06502366
vt 0.42526013 0.06327111
vt 0.19844517 0.19050872
vt 0.42539728 0.04487658
vt 0.17948678 0.18935055
vt 0.17514342 0.23427767
vt 0.19308074 0.27510524
vt 0.04808864 0.85397637
vt 0.08064099 0.81909233
vt 0.70931602 0.84818524
vt 0.10145865 0.78097743
vt 0.11860351 0.75446010
vt 0.70917886 0.88476092
vt 0.82273114 0.13093609
vt 0.79020923 0.12901586
vt 0.75495940 0.12948835
vt 0.86531132 0.52083290
vt 0.72536361 0.13084465
vt 0.84295446 0.50269747
vt 0.80968583 0.49099320
vt 0.77451217 0.48672605
vt 0.74342287 0.49251723
vt 0.53222877 0.12482494
vt 0.49978310 0.11153573
vt 0.50426358 0.09410137
vt 0.50825644 0.07415235
vt 0.51220357 0.05633694
vt 0.46684974 0.04675108
vt 0.46776411 0.02978909
vt 0.42526013 0.02671063
vt 0.74758333 0.84108347
vt 0.16036074 0.18928957
vt 0.15566687 0.23644173
vt 0.17325367 0.27947909
vt 0.05604385 0.87048119
vt 0.67469102 0.80217612
vt 0.09117175 0.83777642
vt 0.11285808 0.79394656
vt 0.69360375 0.84734708
vt 0.69105870 0.88837278
vt 0.82518476 0.11176437
vt 0.78944725 0.11025560
vt 0.75098181 0.11110902
vt 0.71940482 0.11316645
vt 0.84941614 0.48533922
vt 0.81309950 0.47168434
vt 0.77475601 0.46877348
vt 0.74072540 0.47387886
vt 0.54053450 0.10713142
vt 0.73918617 0.45682544
vt 0.54612750 0.08920938
vt 0.73871374 0.44006157
vt 0.55143100 0.07151586
vt 0.74023771 0.42494363
vt 0.80503762 0.19198704
vt 0.55589628 0.05539209
vt 0.51448953 0.03949690
vt 0.51671457 0.02562863
vt 0.47137597 0.01520455
vt 0.72992033 0.88683355
vt 0.75886083 0.84789568
vt 0.14397790 0.18971628
vt 0.13815627 0.23665506
vt 0.15360948 0.28275567
vt 0.06291703 0.88683355
vt 0.10057475 0.85358018
vt 0.65570217 0.79963100
vt 0.12553765 0.81019223
vt 0.67437100 0.84545732
vt 0.67174977 0.88989675
vt 0.83007675 0.09129721
vt 0.78857857 0.09033710
vt 0.74708045 0.09073335
vt 0.71257734 0.09346128
vt 0.85502440 0.46564931
vt 0.81555313 0.45333552
vt 0.77474076 0.44926649
vt 0.77579236 0.43235022
vt 0.77836788 0.41753709
vt 0.84088182 0.21542591
vt 0.78036427 0.40420216
vt 0.84382308 0.20337123
vt 0.80867994 0.17892647
vt 0.55732882 0.04009128
vt 0.72821349 0.93378758
vt 0.51837569 0.01223278
vt 0.47411916 0.00215924
vt 0.74159408 0.89289904
vt 0.76727325 0.90714830
vt 0.75415170 0.89975697
vt 0.11302572 0.19053924
vt 0.78126347 0.86578727
vt 0.77003169 0.85569853
vt 0.12777790 0.18986869
vt 0.12081329 0.23659414
vt 0.13497113 0.28275567
vt 0.96769273 0.65480655
vt 0.06899774 0.89943695
vt 0.10888048 0.86921626
vt 0.63680476 0.79688787
vt 0.65533644 0.84519827
vt 0.65390384 0.89172554
vt 0.83147883 0.07285696
vt 0.78828901 0.07096726
vt 0.74517542 0.07156157
vt 0.70945317 0.07588971
vt 0.86005354 0.44970840
vt 0.81858587 0.43577921
vt 0.82126808 0.41996020
vt 0.82431608 0.40694535
vt 0.88681477 0.21571547
vt 0.84799880 0.19009727
vt 0.81323671 0.16649073
vt 0.55818224 0.02610105
vt 0.52026546 0.00074190
vt 0.74127406 0.93890816
vt 0.75541663 0.94280958
vt 0.77024502 0.94622332
vt 0.81102693 0.93005383
vt 0.80305648 0.95044476
vt 0.79606134 0.92205286
vt 0.78646022 0.94870740
vt 0.78127867 0.91534734
vt 0.79280001 0.87615043
vt 0.81736672 0.84108347
vt 0.25836834 0.23994690
vt 0.10641161 0.23505491
vt 0.11779580 0.28158218
vt 0.28857374 0.75563353
vt 0.95018214 0.65581238
vt 0.11496118 0.88181967
vt 0.96769273 0.68981254
vt 0.24930061 0.72378218
vt 0.61809015 0.79688787
vt 0.63526553 0.84353709
vt 0.63386345 0.89212179
vt 0.83297229 0.05242032
vt 0.78921866 0.05190217
vt 0.74394101 0.05406624
vt 0.70745677 0.05749518
vt 0.86320823 0.43341702
vt 0.86531132 0.41907626
vt 0.70745677 0.04028940
vt 0.88312674 0.21816909
vt 0.92823672 0.21571547
vt 0.88701290 0.23014766
vt 0.92986739 0.20196915
vt 0.88882643 0.20280731
vt 0.89224017 0.18787223
vt 0.85270792 0.17662525
vt 0.55818224 0.01366532
vt 0.81980509 0.15448171
vt 0.74291992 0.97466093
vt 0.82760787 0.14125347
vt 0.75680345 0.97499621
vt 0.83632511 0.12865013
vt 0.77106798 0.97459996
vt 0.84828836 0.11551338
vt 0.78830427 0.97357887
vt 0.85938299 0.10391581
vt 0.80386418 0.96996701
vt 0.87373894 0.09178489
vt 0.82239586 0.96571511
vt 0.82192343 0.95202971
vt 0.82727259 0.93810046
vt 0.85171735 0.91717613
vt 0.83833677 0.92493320
vt 0.82806510 0.91232985
vt 0.81648278 0.89968073
vt 0.80450422 0.88777840
vt 0.82631248 0.85461646
vt 0.34337631 0.75563353
vt 0.20475449 0.02710688
vt 0.24411906 0.23348516
vt 0.10261688 0.27761984
vt 0.24411906 0.27787894
vt 0.20475449 0.07313126
vt 0.29992744 0.74655056
vt 0.26100484 0.71646708
vt 0.59951276 0.79758888
vt 0.61769396 0.84356761
vt 0.61639857 0.89081115
vt 0.83362764 0.03500116
vt 0.78827381 0.03466588
vt 0.74394101 0.03687567
vt 0.74593741 0.02087379
vt 0.84578907 0.23776758
vt 0.89051807 0.24310154
vt 0.93113232 0.18739980
vt 0.89376414 0.25742704
vt 0.93037033 0.17212945
vt 0.89457184 0.17287624
vt 0.85775232 0.16129392
vt 0.86316252 0.14655697
vt 0.87020332 0.13142377
vt 0.87777752 0.11606199
vt 0.88533652 0.10045636
vt 0.68060410 0.40462887
vt 0.89384037 0.08546036
vt 0.88722622 0.08119321
vt 0.83925116 0.95887244
vt 0.83900732 0.95202971
vt 0.84173524 0.94456220
vt 0.84821218 0.93826813
vt 0.85545111 0.93377233
vt 0.36562651 0.67155516
vt 0.86224812 0.93331516
vt 0.35736653 0.68415856
vt 0.86692673 0.91658175
vt 0.36445305 0.71063018
vt 0.84769404 0.90030563
vt 0.35850951 0.72638822
vt 0.84226865 0.88439518
vt 0.83483160 0.86889625
vt 0.35046285 0.74126232
vt 0.19164820 0.06444454
vt 0.31237844 0.73595887
vt 0.27296814 0.70983773
vt 0.58338898 0.79906714
vt 0.59916228 0.84199786
vt 0.59795833 0.88902807
vt 0.83286566 0.01689619
vt 0.78921866 0.01750576
vt 0.74756807 0.00539005
vt 0.85211360 0.25047761
vt 0.85817903 0.26458973
vt 0.89624822 0.27368796
vt 0.92886156 0.15521324
vt 0.89614159 0.15620381
vt 0.89786369 0.13849509
vt 0.89996678 0.12136549
vt 0.90136886 0.10496736
vt 0.68737060 0.40337920
vt 0.90168887 0.08850831
vt 0.90964407 0.08809686
vt 0.89304787 0.34449238
vt 0.25394878 0.69225097
vt 0.88544321 0.34601635
vt 0.90277094 0.07343608
vt 0.68060410 0.38592958
vt 0.90277094 0.07343608
vt 0.88897884 0.36134768
vt 0.25663099 0.67440504
vt 0.88897884 0.36134768
vt 0.85618263 0.95100862
vt 0.86774969 0.93610406
vt 0.87319034 0.37172604
vt 0.36100885 0.66474295
vt 0.34639382 0.67141801
vt 0.34685102 0.69868219
vt 0.33514678 0.71098071
vt 0.32362545 0.72312689
vt 0.28688213 0.70217204
vt 0.26012093 0.66750139
vt 0.58207840 0.84187591
vt 0.58198690 0.88687927
vt 0.78888339 0.30447251
vt 0.83099115 0.00153440
vt 0.78923392 0.00222021
vt 0.81527883 0.27188963
vt 0.82405698 0.28417295
vt 0.86447310 0.27949435
vt 0.89699501 0.29063469
vt 0.92625552 0.13820553
vt 0.89699501 0.30834341
vt 0.92150068 0.12128925
vt 0.91618198 0.10434252
vt 0.89614159 0.32638741
vt 0.88055116 0.33041072
vt 0.26080671 0.69225097
vt 0.87914914 0.35119790
vt 0.87357134 0.35782725
vt 0.87154442 0.36564529
vt 0.35832664 0.65690970
vt 0.85339373 0.36613297
vt 0.34198949 0.65521801
vt 0.33215979 0.67778826
vt 0.31728566 0.68620074
vt 0.30195436 0.69385111
vt 0.27464452 0.66230458
vt 0.56619841 0.84269893
vt 0.56630510 0.88294739
vt 0.79988658 0.31549090
vt 0.83501446 0.29855943
vt 0.87000519 0.29633439
vt 0.87614685 0.31302208
vt 0.86736870 0.33854884
vt 0.85769141 0.35246283
vt 0.83573073 0.36483759
vt 0.32502753 0.65558380
vt 0.81844872 0.36139339
vt 0.30748644 0.65616292
vt 0.29093593 0.65889084
vt 0.80311739 0.35686713
vt 0.55173582 0.84292752
vt 0.55193388 0.87861925
vt 0.81235278 0.32600641
vt 0.84499657 0.31171143
vt 0.85618263 0.32571685
vt 0.84120184 0.34369993
vt 0.82676971 0.33545512
f 3/3 6/6 9/9
f 6/6 13/13 9/9
f 13/13 16/16 9/9
f 14/14 18/18 8/8
f 18/18 20/20 8/8
f 20/20 22/22 8/8
f 22/22 25/25 8/8
f 23/23 27/27 7/7
f 27/27 30/30 7/7
f 11/11 28/28 31/31
f 29/29 26/26 33/33
f 26/26 24/24 33/33
f 24/24 21/21 33/33
f 33/33 21/21 35/35
f 21/21 19/19 35/35
f 19/19 17/17 35/35
f 17/17 15/15 35/35
f 15/15 12/12 35/35
f 12/12 4/4 35/35
f 5/5 1/1 34/34
f 2/2 10/10 36/36
f 38/38 41/41 44/44
f 41/41 46/46 44/44
f 46/46 48/48 44/44
f 44/44 48/48 49/49
f 50/50 47/47 52/52
f 47/47 45/45 52/52
f 45/45 39/39 52/52
f 40/40 37/37 51/51
f 37/37 42/42 51/51
f 43/43 54/54 52/52
f 54/54 56/56 52/52
f 56/56 58/58 52/52
f 58/58 60/60 52/52
f 52/52 60/60 61/61
f 59/59 57/57 62/62
f 57/57 55/55 62/62
f 55/55 53/53 62/62
f 53/53 44/44 62/62
f 62/62 44/44 63/63
f 44/44 49/49 63/63
f 50/50 52/52 64/64
f 65/65 67/67 68/68
f 68/68 67/67 69/69
f 71/71 66/66 72/72
f 66/66 76/76 72/72
f 74/74 75/75 77/77
f 76/76 66/66 79/79
f 79/79 66/66 80/80
f 82/82 67/67 83/83
f 67/67 65/65 83/83
f 83/83 65/65 84/84
f 65/65 68/68 84/84
f 84/84 68/68 85/85
f 68/68 69/69 85/85
f 69/69 88/88 85/85
f 85/85 88/88 89/89
f 89/89 88/88 90/90
f 91/91 86/86 93/93
f 87/87 70/70 92/92
f 70/70 73/73 92/92
f 94/94 74/74 95/95
f 74/74 77/77 95/95
f 78/78 81/81 96/96
f 96/96 81/81 97/97
f 97/97 81/81 98/98
f 82/82 83/83 99/99
f 83/83 84/84 99/99
f 99/99 84/84 100/100
f 84/84 85/85 100/100
f 85/85 89/89 100/100
f 100/100 89/89 101/101
f 101/101 89/89 102/102
f 104/104 105/105 107/107
f 107/107 105/105 109/109
f 105/105 110/110 109/109
f 109/109 110/110 111/111
f 110/110 115/115 111/111
f 113/113 114/114 116/116
f 114/114 102/102 116/116
f 102/102 89/89 116/116
f 89/89 90/90 116/116
f 119/119 117/117 120/120
f 117/117 91/91 120/120
f 91/91 93/93 120/120
f 121/121 94/94 122/122
f 94/94 95/95 122/122
f 123/123 96/96 124/124
f 96/96 97/97 124/124
f 124/124 97/97 125/125
f 97/97 98/98 125/125
f 99/99 100/100 126/126
f 100/100 101/101 126/126
f 126/126 101/101 127/127
f 129/129 127/127 130/130
f 127/127 101/101 130/130
f 101/101 102/102 130/130
f 102/102 114/114 130/130
f 115/115 110/110 132/132
f 132/132 110/110 134/134
f 110/110 105/105 134/134
f 134/134 105/105 135/135
f 105/105 104/104 135/135
f 104/104 140/140 135/135
f 136/136 137/137 141/141
f 147/147 144/144 150/150
f 144/144 138/138 150/150
f 150/150 138/138 151/151
f 153/153 139/139 155/155
f 139/139 103/103 155/155
f 155/155 103/103 157/157
f 103/103 106/106 157/157
f 157/157 106/106 159/159
f 107/107 109/109 158/158
f 161/161 108/108 162/162
f 108/108 112/112 162/162
f 112/112 117/117 162/162
f 117/117 119/119 162/162
f 163/163 118/118 164/164
f 118/118 121/121 164/164
f 121/121 122/122 164/164
f 165/165 123/123 166/166
f 123/123 124/124 166/166
f 124/124 125/125 166/166
f 126/126 127/127 167/167
f 127/127 129/129 167/167
f 167/167 129/129 168/168
f 170/170 128/128 172/172
f 128/128 131/131 172/172
f 132/132 134/134 171/171
f 172/172 133/133 174/174
f 134/134 135/135 173/173
f 135/135 142/142 173/173
f 174/174 143/143 176/176
f 144/144 147/147 175/175
f 176/176 145/145 178/178
f 146/146 148/148 177/177
f 149/149 152/152 179/179
f 152/152 154/154 179/179
f 154/154 156/156 179/179
f 156/156 160/160 179/179
f 179/179 160/160 181/181
f 160/160 163/163 181/181
f 163/163 164/164 181/181
f 165/165 166/166 180/180
f 166/166 169/169 180/180
f 182/182 170/170 183/183
f 170/170 172/172 183/183
f 172/172 174/174 183/183
f 174/174 176/176 183/183
f 176/176 178/178 183/183
f 184/184 189/189 191/191
f 196/196 193/193 198/198
f 190/190 185/185 197/197
f 200/200 186/186 201/201
f 204/204 187/187 205/205
f 208/208 188/188 209/209
f 189/189 184/184 211/211
f 211/211 184/184 213/213
f 184/184 191/191 213/213
f 192/192 194/194 212/212
f 216/216 195/195 220/220
f 196/196 198/198 219/219
f 199/199 202/202 218/218
f 224/224 221/221 226/226
f 217/217 203/203 225/225
f 231/231 228/228 232/232
f 228/228 204/204 232/232
f 204/204 205/205 232/232
f 234/234 206/206 236/236
f 236/236 206/206 237/237
f 240/240 207/207 241/241
f 208/208 209/209 244/244
f 244/244 209/209 245/245
f 210/210 214/214 246/246
f 246/246 214/214 247/247
f 249/249 215/215 250/250
f 216/216 220/220 253/253
f 220/220 222/222 253/253
f 253/253 222/222 256/256
f 222/222 258/258 256/256
f 256/256 258/258 260/260
f 260/260 258/258 261/261
f 263/263 257/257 264/264
f 257/257 223/223 264/264
f 265/265 224/224 266/266
f 224/224 226/226 266/266
f 267/267 227/227 269/269
f 228/228 231/231 268/268
f 270/270 229/229 273/273
f 230/230 233/233 272/272
f 234/234 236/236 271/271
f 275/275 235/235 276/276
f 282/282 278/278 283/283
f 276/276 235/235 284/284
f 235/235 238/238 284/284
f 284/284 238/238 285/285
f 286/286 285/285 288/288
f 285/285 238/238 288/288
f 239/239 242/242 287/287
f 289/289 243/243 290/290
f 244/244 245/245 291/291
f 291/291 245/245 292/292
f 246/246 247/247 294/294
f 294/294 247/247 298/298
f 248/248 251/251 297/297
f 252/252 254/254 296/296
f 255/255 259/259 295/295
f 299/299 260/260 302/302
f 302/302 260/260 303/303
f 260/260 261/261 303/303
f 305/305 262/262 307/307
f 307/307 262/262 308/308
f 262/262 265/265 308/308
f 265/265 266/266 308/308
f 310/310 267/267 311/311
f 267/267 269/269 311/311
f 316/316 313/313 317/317
f 313/313 270/270 317/317
f 270/270 273/273 317/317
f 318/318 274/274 321/321
f 275/275 276/276 320/320
f 277/277 279/279 319/319
f 323/323 280/280 324/324
f 325/325 281/281 328/328
f 281/281 284/284 328/328
f 284/284 285/285 328/328
f 285/285 286/286 328/328
f 328/328 286/286 329/329
f 286/286 288/288 329/329
f 289/289 290/290 331/331
f 331/331 290/290 333/333
f 291/291 292/292 332/332
f 334/334 293/293 336/336
f 294/294 298/298 335/335
f 298/298 300/300 335/335
f 337/337 301/301 340/340
f 301/301 304/304 340/340
f 340/340 304/304 342/342
f 305/305 307/307 341/341
f 343/343 306/306 344/344
f 306/306 309/309 344/344
f 309/309 312/312 344/344
f 313/313 316/316 346/346
f 346/346 316/316 347/347
f 349/349 314/314 350/350
f 353/353 351/351 357/357
f 350/350 314/314 356/356
f 315/315 318/318 355/355
f 318/318 321/321 355/355
f 322/322 325/325 354/354
f 362/362 360/360 364/364
f 354/354 325/325 363/363
f 325/325 328/328 363/363
f 366/366 326/326 368/368
f 327/327 330/330 367/367
f 331/331 333/333 370/370
f 370/370 333/333 371/371
f 334/334 336/336 373/373
f 373/373 336/336 374/374
f 336/336 338/338 374/374
f 376/376 339/339 377/377
f 339/339 343/343 377/377
f 343/343 344/344 377/377
f 345/345 348/348 379/379
f 379/379 348/348 380/380
f 382/382 349/349 384/384
f 349/349 350/350 384/384
f 351/351 353/353 383/383
f 384/384 352/352 386/386
f 352/352 358/358 386/386
f 359/359 361/361 385/385
f 386/386 362/362 387/387
f 362/362 364/364 387/387
f 365/365 369/369 388/388
f 388/388 369/369 390/390
f 370/370 371/371 389/389
f 372/372 375/375 391/391
f 391/391 375/375 392/392
f 375/375 378/378 392/392
f 378/378 381/381 392/392
f 382/382 384/384 394/394
f 394/394 384/384 395/395
f 384/384 386/386 395/395
f 386/386 387/387 395/395
f 388/388 390/390 396/396
f 397/397 398/398 400/400
f 398/398 402/402 400/400
f 402/402 405/405 400/400
f 408/408 400/400 409/409
f 400/400 405/405 409/409
f 410/410 403/403 413/413
f 404/404 401/401 412/412
f 402/402 416/416 411/411
f 415/415 418/418 414/414
f 414/414 418/418 419/419
f 418/418 423/423 419/419
f 421/421 422/422 425/425
f 425/425 422/422 427/427
f 427/427 422/422 429/429
f 423/423 418/418 428/428
f 429/429 417/417 430/430
f 418/418 415/415 431/431
f 431/431 415/415 432/432
f 416/416 402/402 433/433
f 402/402 398/398 433/433
f 433/433 398/398 435/435
f 435/435 398/398 436/436
f 398/398 397/397 436/436
f 436/436 397/397 437/437
f 441/441 437/437 443/443
f 437/437 397/397 443/443
f 443/443 397/397 445/445
f 397/397 400/400 445/445
f 445/445 400/400 447/447
f 399/399 406/406 446/446
f 449/449 407/407 451/451
f 407/407 410/410 451/451
f 410/410 413/413 451/451
f 413/413 420/420 451/451
f 421/421 425/425 450/450
f 452/452 424/424 454/454
f 456/456 454/454 458/458
f 454/454 424/424 458/458
f 458/458 424/424 460/460
f 424/424 426/426 460/460
f 460/460 426/426 462/462
f 462/462 426/426 463/463
f 427/427 429/429 464/464
f 464/464 429/429 465/465
f 429/429 430/430 465/465
f 465/465 430/430 466/466
f 431/431 432/432 467/467
f 432/432 434/434 467/467
f 467/467 434/434 472/472
f 472/472 434/434 473/473
f 435/435 436/436 476/476
f 476/476 436/436 478/478
f 436/436 437/437 478/478
f 478/478 437/437 481/481
f 437/437 441/441 481/481
f 481/481 441/441 482/482
f 484/484 438/438 485/485
f 486/486 439/439 487/487
f 440/440 442/442 488/488
f 488/488 442/442 490/490
f 442/442 444/444 490/490
f 445/445 447/447 489/489
f 491/491 448/448 492/492
f 449/449 451/451 493/493
f 493/493 451/451 495/495
f 495/495 451/451 500/500
f 503/503 505/505 506/506
f 505/505 509/509 506/506
f 509/509 500/500 506/506
f 506/506 500/500 510/510
f 500/500 451/451 510/510
f 451/451 453/453 510/510
f 453/453 455/455 510/510
f 510/510 455/455 511/511
f 511/511 455/455 512/512
f 513/513 456/456 515/515
f 456/456 458/458 515/515
f 515/515 458/458 516/516
f 457/457 459/459 517/517
f 459/459 461/461 517/517
f 517/517 461/461 519/519
f 525/525 519/519 526/526
f 519/519 461/461 526/526
f 462/462 463/463 529/529
f 529/529 463/463 530/530
f 464/464 465/465 532/532
f 532/532 465/465 533/533
f 465/465 466/466 533/533
f 466/466 468/468 533/533
f 534/534 469/469 535/535
f 537/537 470/470 540/540
f 540/540 470/470 541/541
f 471/471 474/474 543/543
f 543/543 474/474 544/544
f 475/475 477/477 546/546
f 546/546 477/477 547/547
f 477/477 479/479 547/547
f 550/550 480/480 552/552
f 480/480 483/483 552/552
f 552/552 483/483 555/555
f 555/555 483/483 556/556
f 484/484 485/485 557/557
f 557/557 485/485 560/560
f 560/560 485/485 564/564
f 564/564 485/485 566/566
f 485/485 488/488 566/566
f 566/566 488/488 567/567
f 488/488 490/490 567/567
f 491/491 492/492 568/568
f 568/568 492/492 569/569
f 492/492 494/494 569/569
f 569/569 494/494 570/570
f 494/494 496/496 570/570
f 573/573 497/497 574/574
f 575/575 498/498 577/577
f 499/499 507/507 576/576
f 578/578 508/508 579/579
f 579/579 508/508 580/580
f 508/508 504/504 580/580
f 504/504 501/501 580/580
f 581/581 502/502 582/582
f 503/503 506/506 584/584
f 506/506 510/510 584/584
f 510/510 511/511 584/584
f 584/584 511/511 587/587
f 587/587 511/511 589/589
f 511/511 512/512 589/589
f 589/589 512/512 590/590
f 513/513 515/515 591/591
f 591/591 515/515 593/593
f 514/514 517/517 592/592
f 517/517 519/519 592/592
f 593/593 518/518 594/594
f 518/518 520/520 594/594
f 595/595 521/521 596/596
f 602/602 599/599 603/603
f 599/599 522/522 603/603
f 605/605 523/523 606/606
f 524/524 527/527 608/608
f 608/608 527/527 610/610
f 528/528 531/531 609/609
f 531/531 534/534 609/609
f 534/534 535/535 609/609
f 612/612 536/536 613/613
f 613/613 536/536 614/614
f 536/536 538/538 614/614
f 615/615 539/539 616/616
f 539/539 542/542 616/616
f 616/616 542/542 617/617
f 542/542 545/545 617/617
f 617/617 545/545 618/618
f 545/545 548/548 618/618
f 619/619 549/549 620/620
f 549/549 551/551 620/620
f 620/620 551/551 621/621
f 551/551 553/553 621/621
f 622/622 554/554 623/623
f 555/555 556/556 624/624
f 556/556 558/558 624/624
f 624/624 558/558 627/627
f 627/627 558/558 629/629
f 559/559 561/561 628/628
f 631/631 562/562 632/632
f 634/634 563/563 636/636
f 563/563 565/565 636/636
f 565/565 568/568 636/636
f 568/568 569/569 636/636
f 636/636 569/569 637/637
f 569/569 570/570 637/637
f 638/638 571/571 639/639
f 572/572 575/575 640/640
f 640/640 575/575 641/641
f 575/575 577/577 641/641
f 641/641 577/577 642/642
f 643/643 578/578 644/644
f 578/578 579/579 644/644
f 579/579 580/580 644/644
f 644/644 580/580 646/646
f 581/581 582/582 645/645
f 583/583 585/585 646/646
f 646/646 585/585 647/647
f 586/586 588/588 648/648
f 648/648 588/588 649/649
f 589/589 590/590 650/650
f 650/650 590/590 651/651
f 591/591 593/593 653/653
f 593/593 594/594 653/653
f 653/653 594/594 654/654
f 594/594 597/597 654/654
f 598/598 600/600 657/657
f 657/657 600/600 658/658
f 661/661 601/601 662/662
f 601/601 604/604 662/662
f 664/664 662/662 665/665
f 662/662 604/604 665/665
f 604/604 607/607 665/665
f 665/665 607/607 666/666
f 666/666 607/607 667/667
f 607/607 611/611 667/667
f 612/612 613/613 668/668
f 668/668 613/613 669/669
f 669/669 613/613 670/670
f 613/613 614/614 670/670
f 671/671 615/615 672/672
f 615/615 616/616 672/672
f 672/672 616/616 673/673
f 616/616 617/617 673/673
f 673/673 617/617 674/674
f 617/617 618/618 674/674
f 676/676 619/619 678/678
f 619/619 620/620 678/678
f 678/678 620/620 679/679
f 620/620 621/621 679/679
f 681/681 622/622 682/682
f 682/682 622/622 683/683
f 622/622 623/623 683/683
f 623/623 625/625 683/683
f 683/683 625/625 684/684
f 685/685 626/626 686/686
f 627/627 629/629 688/688
f 688/688 629/629 689/689
f 630/630 633/633 692/692
f 692/692 633/633 693/693
f 633/633 635/635 693/693
f 635/635 638/638 693/693
f 693/693 638/638 694/694
f 638/638 639/639 694/694
f 695/695 640/640 696/696
f 640/640 641/641 696/696
f 696/696 641/641 697/697
f 697/697 641/641 698/698
f 641/641 642/642 698/698
f 699/699 643/643 700/700
f 643/643 644/644 700/700
f 700/700 644/644 701/701
f 644/644 646/646 701/701
f 646/646 647/647 701/701
f 701/701 647/647 702/702
f 648/648 649/649 704/704
f 704/704 649/649 707/707
f 650/650 651/651 706/706
f 652/652 655/655 705/705
f 708/708 656/656 709/709
f 656/656 659/659 709/709
f 711/711 660/660 713/713
f 661/661 662/662 712/712
f 662/662 664/664 712/712
f 713/713 663/663 715/715
f 715/715 663/663 716/716
f 719/719 664/664 720/720
f 664/664 665/665 720/720
f 665/665 666/666 720/720
f 720/720 666/666 721/721
f 721/721 666/666 722/722
f 666/666 667/667 722/722
f 668/668 669/669 723/723
f 723/723 669/669 725/725
f 725/725 669/669 726/726
f 669/669 670/670 726/726
f 728/728 671/671 730/730
f 671/671 672/672 730/730
f 730/730 672/672 734/734
f 672/672 673/673 734/734
f 734/734 673/673 735/735
f 673/673 674/674 735/735
f 738/738 675/675 739/739
f 675/675 677/677 739/739
f 739/739 677/677 740/740
f 677/677 680/680 740/740
f 741/741 681/681 743/743
f 681/681 682/682 743/743
f 743/743 682/682 744/744
f 682/682 683/683 744/744
f 683/683 684/684 744/744
f 745/745 685/685 746/746
f 685/685 686/686 746/746
f 746/746 686/686 748/748
f 687/687 690/690 747/747
f 750/750 691/691 752/752
f 692/692 693/693 751/751
f 693/693 694/694 751/751
f 753/753 695/695 755/755
f 695/695 696/696 755/755
f 755/755 696/696 757/757
f 696/696 697/697 757/757
f 757/757 697/697 758/758
f 697/697 698/698 758/758
f 760/760 699/699 762/762
f 699/699 700/700 762/762
f 762/762 700/700 763/763
f 700/700 701/701 763/763
f 701/701 702/702 763/763
f 765/765 703/703 766/766
f 703/703 708/708 766/766
f 708/708 709/709 766/766
f 767/767 710/710 768/768
f 711/711 713/713 769/769
f 713/713 715/715 769/769
f 769/769 715/715 771/771
f 771/771 715/715 772/772
f 714/714 717/717 773/773
f 773/773 717/717 774/774
f 775/775 718/718 776/776
f 778/778 719/719 780/780
f 719/719 720/720 780/780
f 720/720 721/721 780/780
f 721/721 722/722 780/780
f 723/723 725/725 779/779
f 781/781 724/724 782/782
f 724/724 727/727 782/782
f 782/782 727/727 785/785
f 728/728 730/730 784/784
f 729/729 731/731 783/783
f 787/787 732/732 788/788
f 733/733 736/736 789/789
f 789/789 736/736 790/790
f 792/792 737/737 793/793
f 795/795 738/738 797/797
f 738/738 739/739 797/797
f 739/739 740/740 797/797
f 797/797 740/740 798/798
f 740/740 742/742 798/798
f 800/800 743/743 801/801
f 743/743 744/744 801/801
f 802/802 745/745 803/803
f 745/745 746/746 803/803
f 803/803 746/746 804/804
f 746/746 748/748 804/804
f 805/805 749/749 806/806
f 750/750 752/752 807/807
f 752/752 754/754 807/807
f 807/807 754/754 810/810
f 754/754 756/756 810/810
f 810/810 756/756 813/813
f 756/756 759/759 813/813
f 813/813 759/759 816/816
f 759/759 761/761 816/816
f 761/761 764/764 816/816
f 816/816 764/764 818/818
f 765/765 766/766 817/817
f 820/820 767/767 822/822
f 822/822 767/767 823/823
f 767/767 768/768 823/823
f 768/768 770/770 823/823
f 823/823 770/770 824/824
f 825/825 771/771 826/826
f 771/771 772/772 826/826
f 772/772 775/775 826/826
f 826/826 775/775 827/827
f 775/775 776/776 827/827
f 830/830 777/777 834/834
f 778/778 780/780 833/833
f 781/781 782/782 832/832
f 782/782 785/785 832/832
f 786/786 789/789 831/831
f 789/789 790/790 831/831
f 791/791 794/794 837/837
f 794/794 796/796 837/837
f 796/796 799/799 837/837
f 837/837 799/799 839/839
f 800/800 801/801 838/838
f 841/841 802/802 842/842
f 802/802 803/803 842/842
f 842/842 803/803 843/843
f 803/803 804/804 843/843
f 844/844 805/805 845/845
f 805/805 806/806 845/845
f 806/806 808/808 845/845
f 845/845 808/808 846/846
f 809/809 811/811 847/847
f 847/847 811/811 848/848
f 812/812 814/814 851/851
f 851/851 814/814 852/852
f 815/815 819/819 855/855
f 819/819 821/821 855/855
f 855/855 821/821 856/856
f 857/857 822/822 858/858
f 822/822 823/823 858/858
f 823/823 824/824 858/858
f 858/858 824/824 861/861
f 825/825 826/826 860/860
f 826/826 827/827 860/860
f 828/828 863/863 859/859
f 861/861 862/862 865/865
f 862/862 829/829 865/865
f 830/830 834/834 864/864
f 868/868 835/835 870/870
f 836/836 840/840 869/869
f 841/841 842/842 872/872
f 872/872 842/842 873/873
f 842/842 843/843 873/873
f 874/874 844/844 876/876
f 844/844 845/845 876/876
f 845/845 846/846 876/876
f 847/847 848/848 875/875
f 878/878 849/849 880/880
f 850/850 853/853 879/879
f 854/854 857/857 882/882
f 882/882 857/857 883/883
f 890/890 894/894 897/897
f 891/891 887/887 896/896
f 883/883 857/857 895/895
f 857/857 858/858 895/895
f 858/858 861/861 895/895
f 861/861 865/865 895/895
f 900/900 866/866 903/903
f 903/903 866/866 905/905
f 867/867 871/871 904/904
f 908/908 872/872 911/911
f 872/872 873/873 911/911
f 873/873 877/877 911/911
f 878/878 880/880 910/910
f 881/881 884/884 909/909
f 914/914 885/885 915/915
f 886/886 892/892 917/917
f 917/917 892/892 918/918
f 893/893 888/888 920/920
f 920/920 888/888 921/921
f 923/923 889/889 925/925
f 890/890 897/897 924/924
f 926/926 898/898 927/927
f 928/928 899/899 929/929
f 899/899 901/901 929/929
f 902/902 906/906 930/930
f 930/930 906/906 931/931
f 907/907 912/912 932/932
f 932/932 912/912 933/933
f 913/913 916/916 935/935
f 935/935 916/916 936/936
f 917/917 918/918 938/938
f 941/941 938/938 942/942
f 938/938 918/918 942/942
f 919/919 922/922 943/943
f 943/943 922/922 944/944
f 948/948 945/945 949/949
f 945/945 923/923 949/949
f 923/923 925/925 949/949
f 951/951 926/926 952/952
f 926/926 927/927 952/952
f 953/953 928/928 954/954
f 928/928 929/929 954/954
f 955/955 930/930 956/956
f 930/930 931/931 956/956
f 932/932 933/933 957/957
f 957/957 933/933 958/958
f 934/934 937/937 959/959
f 937/937 939/939 959/959
f 959/959 939/939 960/960
f 966/966 962/962 968/968
f 962/962 940/940 968/968
f 941/941 942/942 967/967
f 971/971 943/943 973/973
f 943/943 944/944 973/973
f 945/945 948/948 972/972
f 975/975 946/946 978/978
f 947/947 950/950 977/977
f 951/951 952/952 976/976
f 980/980 953/953 981/981
f 953/953 954/954 981/981
f 982/982 955/955 984/984
f 955/955 956/956 984/984
f 957/957 958/958 983/983
f 958/958 961/961 983/983
f 961/961 963/963 983/983
f 984/984 964/964 987/987
f 965/965 969/969 986/986
f 970/970 974/974 985/985
f 974/974 979/979 985/985
f 980/980 981/981 988/988
f 991/991 993/993 995/995
f 995/995 993/993 998/998
f 998/998 993/993 1000/1000
f 1000/1000 993/993 1003/1003
f 1003/1003 993/993 1006/1006
f 1010/1010 1013/1013 1014/1014
f 1016/1016 1011/1011 1017/1017
f 1011/1011 1020/1020 1017/1017
f 1020/1020 1022/1022 1017/1017
f 1022/1022 1006/1006 1017/1017
f 1006/1006 993/993 1017/1017
f 1023/1023 1018/1018 1024/1024
f 1018/1018 992/992 1024/1024
f 992/992 989/989 1024/1024
f 1024/1024 989/989 1025/1025
f 1027/1027 990/990 1029/1029
f 990/990 994/994 1029/1029
f 994/994 996/996 1029/1029
f 1029/1029 996/996 1030/1030
f 997/997 999/999 1032/1032
f 1032/1032 999/999 1034/1034
f 999/999 1001/1001 1034/1034
f 1034/1034 1001/1001 1035/1035
f 1002/1002 1004/1004 1037/1037
f 1037/1037 1004/1004 1039/1039
f 1005/1005 1021/1021 1038/1038
f 1038/1038 1021/1021 1041/1041
f 1041/1041 1021/1021 1043/1043
f 1021/1021 1019/1019 1043/1043
f 1019/1019 1012/1012 1043/1043
f 1012/1012 1007/1007 1043/1043
f 1042/1042 1008/1008 1045/1045
f 1044/1044 1009/1009 1046/1046
f 1009/1009 1015/1015 1046/1046
f 1015/1015 1018/1018 1046/1046
f 1018/1018 1023/1023 1046/1046
f 1046/1046 1023/1023 1048/1048
f 1023/1023 1024/1024 1048/1048
f 1024/1024 1025/1025 1048/1048
f 1026/1026 1028/1028 1047/1047
f 1028/1028 1031/1031 1047/1047
f 1031/1031 1033/1033 1047/1047
f 1033/1033 1036/1036 1047/1047
f 1036/1036 1040/1040 1047/1047
f 1050/1050 1052/1052 1055/1055
f 1052/1052 1056/1056 1055/1055
f 1055/1055 1056/1056 1058/1058
f 1060/1060 1058/1058 1061/1061
f 1058/1058 1056/1056 1061/1061
f 1064/1064 1061/1061 1065/1065
f 1061/1061 1056/1056 1065/1065
f 1065/1065 1056/1056 1066/1066
f 1069/1069 1066/1066 1070/1070
f 1066/1066 1056/1056 1070/1070
f 1056/1056 1052/1052 1070/1070
f 1073/1073 1051/1051 1075/1075
f 1052/1052 1050/1050 1074/1074
f 1080/1080 1078/1078 1081/1081
f 1078/1078 1049/1049 1081/1081
f 1082/1082 1081/1081 1085/1085
f 1081/1081 1049/1049 1085/1085
f 1085/1085 1049/1049 1086/1086
f 1049/1049 1053/1053 1086/1086
f 1054/1054 1057/1057 1089/1089
f 1089/1089 1057/1057 1091/1091
f 1057/1057 1059/1059 1091/1091
f 1091/1091 1059/1059 1092/1092
f 1092/1092 1059/1059 1094/1094
f 1060/1060 1061/1061 1093/1093
f 1061/1061 1064/1064 1093/1093
f 1094/1094 1062/1062 1095/1095
f 1096/1096 1063/1063 1097/1097
f 1097/1097 1063/1063 1098/1098
f 1099/1099 1064/1064 1100/1100
f 1064/1064 1065/1065 1100/1100
f 1100/1100 1065/1065 1103/1103
f 1065/1065 1066/1066 1103/1103
f 1103/1103 1066/1066 1104/1104
f 1066/1066 1069/1069 1104/1104
f 1105/1105 1067/1067 1108/1108
f 1068/1068 1071/1071 1107/1107
f 1072/1072 1076/1076 1106/1106
f 1108/1108 1077/1077 1110/1110
f 1078/1078 1080/1080 1109/1109
f 1110/1110 1079/1079 1111/1111
f 1080/1080 1081/1081 1112/1112
f 1081/1081 1082/1082 1112/1112
f 1112/1112 1082/1082 1114/1114
f 1114/1114 1082/1082 1115/1115
f 1115/1115 1082/1082 1116/1116
f 1082/1082 1085/1085 1116/1116
f 1117/1117 1083/1083 1120/1120
f 1084/1084 1087/1087 1119/1119
f 1088/1088 1090/1090 1118/1118
f 1121/1121 1091/1091 1122/1122
f 1091/1091 1092/1092 1122/1122
f 1122/1122 1092/1092 1124/1124
f 1092/1092 1094/1094 1124/1124
f 1094/1094 1095/1095 1124/1124
f 1124/1124 1095/1095 1125/1125
f 1126/1126 1096/1096 1127/1127
f 1096/1096 1097/1097 1127/1127
f 1127/1127 1097/1097 1129/1129
f 1097/1097 1098/1098 1129/1129
f 1129/1129 1098/1098 1131/1131
f 1099/1099 1100/1100 1130/1130
f 1100/1100 1103/1103 1130/1130
f 1132/1132 1101/1101 1133/1133
f 1134/1134 1102/1102 1135/1135
f 1102/1102 1105/1105 1135/1135
f 1105/1105 1108/1108 1135/1135
f 1108/1108 1110/1110 1135/1135
f 1135/1135 1110/1110 1136/1136
f 1110/1110 1111/1111 1136/1136
f 1136/1136 1111/1111 1137/1137
f 1111/1111 1113/1113 1137/1137
f 1137/1137 1113/1113 1139/1139
f 1143/1143 1145/1145 1146/1146
f 1145/1145 1140/1140 1146/1146
f 1147/1147 1138/1138 1148/1148
f 1138/1138 1114/1114 1148/1148
f 1114/1114 1115/1115 1148/1148
f 1148/1148 1115/1115 1149/1149
f 1115/1115 1116/1116 1149/1149
f 1150/1150 1117/1117 1151/1151
f 1117/1117 1120/1120 1151/1151
f 1121/1121 1122/1122 1152/1152
f 1152/1152 1122/1122 1154/1154
f 1154/1154 1122/1122 1155/1155
f 1122/1122 1124/1124 1155/1155
f 1156/1156 1123/1123 1157/1157
f 1123/1123 1126/1126 1157/1157
f 1157/1157 1126/1126 1158/1158
f 1126/1126 1127/1127 1158/1158
f 1158/1158 1127/1127 1159/1159
f 1127/1127 1129/1129 1159/1159
f 1160/1160 1128/1128 1161/1161
f 1128/1128 1132/1132 1161/1161
f 1132/1132 1133/1133 1161/1161
f 1161/1161 1133/1133 1162/1162
f 1163/1163 1134/1134 1164/1164
f 1134/1134 1135/1135 1164/1164
f 1135/1135 1136/1136 1164/1164
f 1164/1164 1136/1136 1165/1165
f 1136/1136 1137/1137 1165/1165
f 1165/1165 1137/1137 1167/1167
f 1137/1137 1139/1139 1167/1167
f 1140/1140 1145/1145 1166/1166
f 1168/1168 1144/1144 1169/1169
f 1144/1144 1141/1141 1169/1169
f 1141/1141 1170/1170 1169/1169
f 1171/1171 1172/1172 1173/1173
f 1172/1172 1169/1169 1173/1173
f 1169/1169 1170/1170 1173/1173
f 1173/1173 1170/1170 1174/1174
f 1176/1176 1175/1175 1178/1178
f 1174/1174 1170/1170 1177/1177
f 1170/1170 1141/1141 1177/1177
f 1179/1179 1142/1142 1181/1181
f 1142/1142 1147/1147 1181/1181
f 1181/1181 1147/1147 1182/1182
f 1147/1147 1148/1148 1182/1182
f 1148/1148 1149/1149 1182/1182
f 1183/1183 1150/1150 1184/1184
f 1150/1150 1151/1151 1184/1184
f 1151/1151 1153/1153 1184/1184
f 1184/1184 1153/1153 1185/1185
f 1186/1186 1154/1154 1187/1187
f 1154/1154 1155/1155 1187/1187
f 1188/1188 1156/1156 1189/1189
f 1156/1156 1157/1157 1189/1189
f 1189/1189 1157/1157 1190/1190
f 1157/1157 1158/1158 1190/1190
f 1190/1190 1158/1158 1191/1191
f 1158/1158 1159/1159 1191/1191
f 1160/1160 1161/1161 1192/1192
f 1192/1192 1161/1161 1193/1193
f 1161/1161 1162/1162 1193/1193
f 1193/1193 1162/1162 1194/1194
f 1163/1163 1164/1164 1195/1195
f 1164/1164 1165/1165 1195/1195
f 1195/1195 1165/1165 1196/1196
f 1165/1165 1167/1167 1196/1196
f 1197/1197 1168/1168 1198/1198
f 1168/1168 1169/1169 1198/1198
f 1169/1169 1172/1172 1198/1198
f 1198/1198 1172/1172 1200/1200
f 1172/1172 1171/1171 1200/1200
f 1200/1200 1171/1171 1202/1202
f 1202/1202 1171/1171 1203/1203
f 1206/1206 1210/1210 1213/1213
f 1210/1210 1215/1215 1213/1213
f 1213/1213 1215/1215 1217/1217
f 1217/1217 1215/1215 1218/1218
f 1214/1214 1207/1207 1221/1221
f 1223/1223 1226/1226 1227/1227
f 1230/1230 1228/1228 1231/1231
f 1228/1228 1224/1224 1231/1231
f 1232/1232 1233/1233 1234/1234
f 1234/1234 1233/1233 1235/1235
f 1235/1235 1233/1233 1236/1236
f 1233/1233 1237/1237 1236/1236
f 1236/1236 1237/1237 1238/1238
f 1237/1237 1239/1239 1238/1238
f 1238/1238 1239/1239 1240/1240
f 1240/1240 1239/1239 1241/1241
f 1241/1241 1239/1239 1242/1242
f 1242/1242 1239/1239 1243/1243
f 1243/1243 1239/1239 1244/1244
f 1244/1244 1239/1239 1245/1245
f 1239/1239 1237/1237 1245/1245
f 1245/1245 1237/1237 1246/1246
f 1237/1237 1233/1233 1246/1246
f 1246/1246 1233/1233 1247/1247
f 1247/1247 1233/1233 1248/1248
f 1233/1233 1232/1232 1248/1248
f 1248/1248 1232/1232 1249/1249
f 1249/1249 1232/1232 1250/1250
f 1250/1250 1232/1232 1251/1251
f 1232/1232 1234/1234 1251/1251
f 1253/1253 1251/1251 1257/1257
f 1251/1251 1234/1234 1257/1257
f 1257/1257 1234/1234 1259/1259
f 1234/1234 1235/1235 1259/1259
f 1259/1259 1235/1235 1260/1260
f 1260/1260 1235/1235 1261/1261
f 1235/1235 1236/1236 1261/1261
f 1261/1261 1236/1236 1262/1262
f 1236/1236 1238/1238 1262/1262
f 1262/1262 1238/1238 1263/1263
f 1238/1238 1240/1240 1263/1263
f 1240/1240 1241/1241 1263/1263
f 1263/1263 1241/1241 1265/1265
f 1265/1265 1241/1241 1267/1267
f 1241/1241 1242/1242 1267/1267
f 1267/1267 1242/1242 1269/1269
f 1242/1242 1243/1243 1269/1269
f 1243/1243 1244/1244 1269/1269
f 1269/1269 1244/1244 1272/1272
f 1244/1244 1245/1245 1272/1272
f 1272/1272 1245/1245 1274/1274
f 1245/1245 1246/1246 1274/1274
f 1274/1274 1246/1246 1276/1276
f 1246/1246 1247/1247 1276/1276
f 1276/1276 1247/1247 1278/1278
f 1278/1278 1247/1247 1281/1281
f 1247/1247 1248/1248 1281/1281
f 1281/1281 1248/1248 1284/1284
f 1248/1248 1249/1249 1284/1284
f 1284/1284 1249/1249 1286/1286
f 1288/1288 1291/1291 1292/1292
f 1293/1293 1289/1289 1294/1294
f 1289/1289 1299/1299 1294/1294
f 1295/1295 1296/1296 1301/1301
f 1301/1301 1296/1296 1302/1302
f 1304/1304 1297/1297 1307/1307
f 1307/1307 1297/1297 1308/1308
f 1298/1298 1290/1290 1311/1311
f 1290/1290 1287/1287 1311/1311
f 1314/1314 1311/1311 1315/1315
f 1311/1311 1287/1287 1315/1315
f 1288/1288 1292/1292 1316/1316
f 1292/1292 1286/1286 1316/1316
f 1316/1316 1286/1286 1319/1319
f 1286/1286 1249/1249 1319/1319
f 1319/1319 1249/1249 1323/1323
f 1249/1249 1250/1250 1323/1323
f 1250/1250 1324/1324 1323/1323
f 1323/1323 1324/1324 1325/1325
f 1324/1324 1231/1231 1325/1325
f 1231/1231 1224/1224 1325/1325
f 1326/1326 1225/1225 1328/1328
f 1226/1226 1223/1223 1327/1327
f 1330/1330 1222/1222 1334/1334
f 1334/1334 1222/1222 1335/1335
f 1338/1338 1223/1223 1342/1342
f 1342/1342 1223/1223 1344/1344
f 1223/1223 1227/1227 1344/1344
f 1227/1227 1229/1229 1344/1344
f 1344/1344 1229/1229 1345/1345
f 1230/1230 1231/1231 1346/1346
f 1231/1231 1324/1324 1346/1346
f 1346/1346 1324/1324 1348/1348
f 1324/1324 1250/1250 1348/1348
f 1250/1250 1251/1251 1348/1348
f 1348/1348 1251/1251 1351/1351
f 1251/1251 1253/1253 1351/1351
f 1351/1351 1253/1253 1352/1352
f 1253/1253 1221/1221 1352/1352
f 1221/1221 1207/1207 1352/1352
f 1353/1353 1208/1208 1354/1354
f 1209/1209 1205/1205 1356/1356
f 1356/1356 1205/1205 1357/1357
f 1205/1205 1211/1211 1357/1357
f 1357/1357 1211/1211 1358/1358
f 1360/1360 1212/1212 1362/1362
f 1212/1212 1216/1216 1362/1362
f 1362/1362 1216/1216 1364/1364
f 1216/1216 1219/1219 1364/1364
f 1220/1220 1252/1252 1363/1363
f 1252/1252 1254/1254 1363/1363
f 1364/1364 1255/1255 1366/1366
f 1256/1256 1258/1258 1365/1365
f 1367/1367 1259/1259 1368/1368
f 1259/1259 1260/1260 1368/1368
f 1260/1260 1372/1372 1368/1368
f 1369/1369 1370/1370 1373/1373
f 1373/1373 1370/1370 1374/1374
f 1375/1375 1371/1371 1376/1376
f 1372/1372 1260/1260 1377/1377
f 1260/1260 1261/1261 1377/1377
f 1377/1377 1261/1261 1379/1379
f 1261/1261 1262/1262 1379/1379
f 1379/1379 1262/1262 1381/1381
f 1262/1262 1263/1263 1381/1381
f 1381/1381 1263/1263 1382/1382
f 1263/1263 1265/1265 1382/1382
f 1383/1383 1264/1264 1385/1385
f 1265/1265 1267/1267 1384/1384
f 1386/1386 1266/1266 1387/1387
f 1266/1266 1268/1268 1387/1387
f 1387/1387 1268/1268 1388/1388
f 1268/1268 1270/1270 1388/1388
f 1271/1271 1273/1273 1389/1389
f 1389/1389 1273/1273 1391/1391
f 1273/1273 1275/1275 1391/1391
f 1391/1391 1275/1275 1392/1392
f 1275/1275 1277/1277 1392/1392
f 1392/1392 1277/1277 1393/1393
f 1393/1393 1277/1277 1395/1395
f 1277/1277 1279/1279 1395/1395
f 1395/1395 1279/1279 1397/1397
f 1280/1280 1282/1282 1396/1396
f 1399/1399 1283/1283 1400/1400
f 1283/1283 1285/1285 1400/1400
f 1285/1285 1293/1293 1400/1400
f 1293/1293 1294/1294 1400/1400
f 1295/1295 1301/1301 1401/1401
f 1401/1401 1301/1301 1402/1402
f 1403/1403 1300/1300 1405/1405
f 1301/1301 1302/1302 1404/1404
f 1303/1303 1305/1305 1405/1405
f 1405/1405 1305/1305 1408/1408
f 1306/1306 1309/1309 1407/1407
f 1310/1310 1312/1312 1406/1406
f 1409/1409 1313/1313 1410/1410
f 1314/1314 1315/1315 1412/1412
f 1315/1315 1317/1317 1412/1412
f 1412/1412 1317/1317 1414/1414
f 1318/1318 1320/1320 1413/1413
f 1416/1416 1321/1321 1418/1418
f 1322/1322 1326/1326 1417/1417
f 1326/1326 1328/1328 1417/1417
f 1329/1329 1331/1331 1418/1418
f 1418/1418 1331/1331 1419/1419
f 1421/1421 1332/1332 1423/1423
f 1333/1333 1336/1336 1422/1422
f 1337/1337 1339/1339 1424/1424
f 1424/1424 1339/1339 1425/1425
f 1427/1427 1340/1340 1429/1429
f 1341/1341 1343/1343 1428/1428
f 1344/1344 1345/1345 1431/1431
f 1345/1345 1347/1347 1431/1431
f 1431/1431 1347/1347 1433/1433
f 1347/1347 1349/1349 1433/1433
f 1350/1350 1353/1353 1432/1432
f 1353/1353 1354/1354 1432/1432
f 1436/1436 1355/1355 1438/1438
f 1356/1356 1357/1357 1437/1437
f 1357/1357 1358/1358 1437/1437
f 1440/1440 1359/1359 1441/1441
f 1359/1359 1361/1361 1441/1441
f 1441/1441 1361/1361 1442/1442
f 1362/1362 1364/1364 1443/1443
f 1443/1443 1364/1364 1445/1445
f 1364/1364 1366/1366 1445/1445
f 1445/1445 1366/1366 1446/1446
f 1366/1366 1369/1369 1446/1446
f 1369/1369 1373/1373 1446/1446
f 1446/1446 1373/1373 1448/1448
f 1448/1448 1373/1373 1451/1451
f 1373/1373 1374/1374 1451/1451
f 1451/1451 1374/1374 1452/1452
f 1453/1453 1375/1375 1454/1454
f 1375/1375 1376/1376 1454/1454
f 1376/1376 1378/1378 1454/1454
f 1454/1454 1378/1378 1455/1455
f 1378/1378 1380/1380 1455/1455
f 1455/1455 1380/1380 1456/1456
f 1380/1380 1383/1383 1456/1456
f 1456/1456 1383/1383 1457/1457
f 1383/1383 1385/1385 1457/1457
f 1458/1458 1386/1386 1459/1459
f 1386/1386 1387/1387 1459/1459
f 1459/1459 1387/1387 1460/1460
f 1387/1387 1388/1388 1460/1460
f 1460/1460 1388/1388 1461/1461
f 1388/1388 1390/1390 1461/1461
f 1462/1462 1391/1391 1464/1464
f 1391/1391 1392/1392 1464/1464
f 1464/1464 1392/1392 1465/1465
f 1392/1392 1393/1393 1465/1465
f 1393/1393 1395/1395 1465/1465
f 1466/1466 1394/1394 1467/1467
f 1394/1394 1398/1398 1467/1467
f 1467/1467 1398/1398 1468/1468
f 1398/1398 1401/1401 1468/1468
f 1401/1401 1402/1402 1468/1468
f 1469/1469 1403/1403 1472/1472
f 1403/1403 1405/1405 1472/1472
f 1472/1472 1405/1405 1475/1475
f 1405/1405 1408/1408 1475/1475
f 1409/1409 1410/1410 1474/1474
f 1411/1411 1415/1415 1473/1473
f 1477/1477 1416/1416 1478/1478
f 1416/1416 1418/1418 1478/1478
f 1418/1418 1419/1419 1478/1478
f 1480/1480 1420/1420 1482/1482
f 1420/1420 1424/1424 1482/1482
f 1424/1424 1425/1425 1482/1482
f 1482/1482 1425/1425 1483/1483
f 1426/1426 1430/1430 1486/1486
f 1430/1430 1434/1434 1486/1486
f 1486/1486 1434/1434 1488/1488
f 1435/1435 1439/1439 1487/1487
f 1440/1440 1441/1441 1490/1490
f 1490/1490 1441/1441 1491/1491
f 1441/1441 1442/1442 1491/1491
f 1442/1442 1444/1444 1491/1491
f 1493/1493 1445/1445 1494/1494
f 1445/1445 1446/1446 1494/1494
f 1446/1446 1448/1448 1494/1494
f 1496/1496 1495/1495 1497/1497
f 1495/1495 1447/1447 1497/1497
f 1497/1497 1447/1447 1498/1498
f 1447/1447 1449/1449 1498/1498
f 1499/1499 1450/1450 1500/1500
f 1450/1450 1453/1453 1500/1500
f 1500/1500 1453/1453 1501/1501
f 1501/1501 1453/1453 1502/1502
f 1453/1453 1454/1454 1502/1502
f 1454/1454 1455/1455 1502/1502
f 1502/1502 1455/1455 1503/1503
f 1455/1455 1456/1456 1503/1503
f 1503/1503 1456/1456 1504/1504
f 1456/1456 1457/1457 1504/1504
f 1505/1505 1458/1458 1506/1506
f 1458/1458 1459/1459 1506/1506
f 1506/1506 1459/1459 1508/1508
f 1459/1459 1460/1460 1508/1508
f 1508/1508 1460/1460 1509/1509
f 1460/1460 1461/1461 1509/1509
f 1512/1512 1462/1462 1513/1513
f 1462/1462 1464/1464 1513/1513
f 1463/1463 1466/1466 1514/1514
f 1514/1514 1466/1466 1515/1515
f 1466/1466 1467/1467 1515/1515
f 1515/1515 1467/1467 1517/1517
f 1467/1467 1468/1468 1517/1517
f 1468/1468 1470/1470 1517/1517
f 1517/1517 1470/1470 1520/1520
f 1471/1471 1476/1476 1519/1519
f 1477/1477 1478/1478 1518/1518
f 1523/1523 1479/1479 1525/1525
f 1479/1479 1481/1481 1525/1525
f 1482/1482 1483/1483 1524/1524
f 1529/1529 1484/1484 1532/1532
f 1485/1485 1489/1489 1531/1531
f 1489/1489 1492/1492 1531/1531
f 1493/1493 1494/1494 1530/1530
f 1533/1533 1495/1495 1534/1534
f 1495/1495 1496/1496 1534/1534
f 1496/1496 1536/1536 1534/1534
f 1534/1534 1536/1536 1537/1537
f 1538/1538 1535/1535 1539/1539
f 1535/1535 1541/1541 1539/1539
f 1539/1539 1541/1541 1542/1542
f 1541/1541 1544/1544 1542/1542
f 1544/1544 1545/1545 1542/1542
f 1542/1542 1545/1545 1547/1547
f 1547/1547 1545/1545 1551/1551
f 1551/1551 1545/1545 1553/1553
f 1553/1553 1545/1545 1554/1554
f 1545/1545 1544/1544 1554/1554
f 1555/1555 1543/1543 1556/1556
f 1557/1557 1544/1544 1558/1558
f 1544/1544 1541/1541 1558/1558
f 1540/1540 1536/1536 1560/1560
f 1560/1560 1536/1536 1561/1561
f 1536/1536 1496/1496 1561/1561
f 1496/1496 1497/1497 1561/1561
f 1561/1561 1497/1497 1562/1562
f 1497/1497 1498/1498 1562/1562
f 1563/1563 1499/1499 1564/1564
f 1499/1499 1500/1500 1564/1564
f 1564/1564 1500/1500 1565/1565
f 1500/1500 1501/1501 1565/1565
f 1565/1565 1501/1501 1566/1566
f 1566/1566 1501/1501 1567/1567
f 1501/1501 1502/1502 1567/1567
f 1502/1502 1503/1503 1567/1567
f 1567/1567 1503/1503 1568/1568
f 1503/1503 1504/1504 1568/1568
f 1569/1569 1505/1505 1570/1570
f 1505/1505 1506/1506 1570/1570
f 1570/1570 1506/1506 1571/1571
f 1506/1506 1508/1508 1571/1571
f 1571/1571 1508/1508 1573/1573
f 1507/1507 1510/1510 1572/1572
f 1575/1575 1511/1511 1577/1577
f 1511/1511 1514/1514 1577/1577
f 1514/1514 1515/1515 1577/1577
f 1577/1577 1515/1515 1578/1578
f 1515/1515 1517/1517 1578/1578
f 1579/1579 1516/1516 1580/1580
f 1516/1516 1521/1521 1580/1580
f 1580/1580 1521/1521 1582/1582
f 1522/1522 1526/1526 1581/1581
f 1582/1582 1527/1527 1583/1583
f 1528/1528 1533/1533 1584/1584
f 1533/1533 1534/1534 1584/1584
f 1584/1584 1534/1534 1586/1586
f 1534/1534 1537/1537 1586/1586
f 1586/1586 1537/1537 1587/1587
f 1538/1538 1539/1539 1589/1589
f 1589/1589 1539/1539 1591/1591
f 1539/1539 1542/1542 1591/1591
f 1542/1542 1547/1547 1591/1591
f 1591/1591 1547/1547 1594/1594
f 1546/1546 1548/1548 1593/1593
f 1549/1549 1597/1597 1592/1592
f 1598/1598 1599/1599 1600/1600
f 1600/1600 1599/1599 1601/1601
f 1601/1601 1599/1599 1602/1602
f 1602/1602 1599/1599 1603/1603
f 1599/1599 1598/1598 1603/1603
f 1605/1605 1603/1603 1606/1606
f 1603/1603 1598/1598 1606/1606
f 1606/1606 1598/1598 1608/1608
f 1608/1608 1598/1598 1609/1609
f 1609/1609 1598/1598 1610/1610
f 1598/1598 1600/1600 1610/1610
f 1610/1610 1600/1600 1612/1612
f 1600/1600 1613/1613 1612/1612
f 1612/1612 1613/1613 1615/1615
f 1617/1617 1618/1618 1620/1620
f 1620/1620 1618/1618 1622/1622
f 1622/1622 1618/1618 1625/1625
f 1625/1625 1618/1618 1626/1626
f 1618/1618 1617/1617 1626/1626
f 1626/1626 1617/1617 1627/1627
f 1627/1627 1617/1617 1628/1628
f 1629/1629 1616/1616 1630/1630
f 1630/1630 1616/1616 1632/1632
f 1617/1617 1620/1620 1631/1631
f 1619/1619 1634/1634 1633/1633
f 1633/1633 1634/1634 1636/1636
f 1636/1636 1634/1634 1637/1637
f 1634/1634 1619/1619 1637/1637
f 1619/1619 1621/1621 1637/1637
f 1637/1637 1621/1621 1638/1638
f 1639/1639 1638/1638 1640/1640
f 1638/1638 1621/1621 1640/1640
f 1642/1642 1640/1640 1643/1643
f 1640/1640 1621/1621 1643/1643
f 1621/1621 1623/1623 1643/1643
f 1644/1644 1624/1624 1645/1645
f 1625/1625 1626/1626 1646/1646
f 1646/1646 1626/1626 1648/1648
f 1626/1626 1627/1627 1648/1648
f 1648/1648 1627/1627 1649/1649
f 1649/1649 1627/1627 1650/1650
f 1627/1627 1628/1628 1650/1650
f 1629/1629 1630/1630 1651/1651
f 1652/1652 1651/1651 1653/1653
f 1651/1651 1630/1630 1653/1653
f 1653/1653 1630/1630 1655/1655
f 1630/1630 1632/1632 1655/1655
f 1632/1632 1635/1635 1655/1655
f 1655/1655 1635/1635 1656/1656
f 1636/1636 1637/1637 1658/1658
f 1637/1637 1638/1638 1658/1658
f 1658/1658 1638/1638 1659/1659
f 1638/1638 1639/1639 1659/1659
f 1659/1659 1639/1639 1660/1660
f 1660/1660 1639/1639 1661/1661
f 1661/1661 1639/1639 1664/1664
f 1664/1664 1639/1639 1665/1665
f 1639/1639 1640/1640 1665/1665
f 1640/1640 1642/1642 1665/1665
f 1666/1666 1641/1641 1667/1667
f 1667/1667 1641/1641 1668/1668
f 1641/1641 1644/1644 1668/1668
f 1644/1644 1645/1645 1668/1668
f 1668/1668 1645/1645 1669/1669
f 1645/1645 1647/1647 1669/1669
f 1670/1670 1648/1648 1671/1671
f 1648/1648 1649/1649 1671/1671
f 1671/1671 1649/1649 1672/1672
f 1672/1672 1649/1649 1673/1673
f 1649/1649 1650/1650 1673/1673
f 1651/1651 1652/1652 1674/1674
f 1674/1674 1652/1652 1675/1675
f 1678/1678 1675/1675 1680/1680
f 1675/1675 1652/1652 1680/1680
f 1680/1680 1652/1652 1681/1681
f 1652/1652 1653/1653 1681/1681
f 1681/1681 1653/1653 1683/1683
f 1653/1653 1655/1655 1683/1683
f 1685/1685 1683/1683 1686/1686
f 1682/1682 1654/1654 1687/1687
f 1654/1654 1657/1657 1687/1687
f 1687/1687 1657/1657 1688/1688
f 1658/1658 1659/1659 1689/1689
f 1659/1659 1660/1660 1689/1689
f 1689/1689 1660/1660 1692/1692
f 1660/1660 1661/1661 1692/1692
f 1692/1692 1661/1661 1693/1693
f 1661/1661 1664/1664 1693/1693
f 1694/1694 1662/1662 1695/1695
f 1696/1696 1663/1663 1698/1698
f 1663/1663 1666/1666 1698/1698
f 1666/1666 1667/1667 1698/1698
f 1698/1698 1667/1667 1699/1699
f 1667/1667 1668/1668 1699/1699
f 1668/1668 1669/1669 1699/1699
f 1701/1701 1699/1699 1702/1702
f 1699/1699 1669/1669 1702/1702
f 1670/1670 1671/1671 1703/1703
f 1703/1703 1671/1671 1704/1704
f 1671/1671 1672/1672 1704/1704
f 1704/1704 1672/1672 1705/1705
f 1672/1672 1673/1673 1705/1705
f 1674/1674 1675/1675 1706/1706
f 1706/1706 1675/1675 1707/1707
f 1675/1675 1678/1678 1707/1707
f 1710/1710 1676/1676 1711/1711
f 1715/1715 1714/1714 1716/1716
f 1714/1714 1677/1677 1716/1716
f 1677/1677 1679/1679 1716/1716
f 1718/1718 1719/1719 1721/1721
f 1721/1721 1719/1719 1723/1723
f 1719/1719 1724/1724 1723/1723
f 1723/1723 1724/1724 1725/1725
f 1724/1724 1716/1716 1725/1725
f 1716/1716 1679/1679 1725/1725
f 1725/1725 1679/1679 1726/1726
f 1680/1680 1681/1681 1727/1727
f 1727/1727 1681/1681 1728/1728
f 1681/1681 1683/1683 1728/1728
f 1683/1683 1685/1685 1728/1728
f 1729/1729 1684/1684 1730/1730
f 1730/1730 1684/1684 1732/1732
f 1684/1684 1687/1687 1732/1732
f 1687/1687 1688/1688 1732/1732
f 1689/1689 1692/1692 1731/1731
f 1732/1732 1690/1690 1733/1733
f 1691/1691 1694/1694 1734/1734
f 1734/1734 1694/1694 1735/1735
f 1694/1694 1695/1695 1735/1735
f 1735/1735 1695/1695 1737/1737
f 1696/1696 1698/1698 1736/1736
f 1738/1738 1697/1697 1739/1739
f 1698/1698 1699/1699 1740/1740
f 1699/1699 1701/1701 1740/1740
f 1740/1740 1701/1701 1741/1741
f 1742/1742 1700/1700 1743/1743
f 1745/1745 1701/1701 1746/1746
f 1701/1701 1702/1702 1746/1746
f 1703/1703 1704/1704 1747/1747
f 1747/1747 1704/1704 1749/1749
f 1704/1704 1705/1705 1749/1749
f 1705/1705 1708/1708 1749/1749
f 1749/1749 1708/1708 1751/1751
f 1709/1709 1712/1712 1750/1750
f 1755/1755 1713/1713 1756/1756
f 1714/1714 1715/1715 1759/1759
f 1764/1764 1759/1759 1766/1766
f 1759/1759 1715/1715 1766/1766
f 1766/1766 1715/1715 1767/1767
f 1715/1715 1716/1716 1767/1767
f 1716/1716 1724/1724 1767/1767
f 1724/1724 1719/1719 1767/1767
f 1767/1767 1719/1719 1768/1768
f 1719/1719 1718/1718 1768/1768
f 1770/1770 1771/1771 1772/1772
f 1774/1774 1777/1777 1778/1778
f 1777/1777 1782/1782 1778/1778
f 1778/1778 1782/1782 1783/1783
f 1784/1784 1779/1779 1786/1786
f 1788/1788 1786/1786 1790/1790
f 1785/1785 1780/1780 1789/1789
f 1792/1792 1781/1781 1793/1793
f 1781/1781 1775/1775 1793/1793
f 1796/1796 1793/1793 1797/1797
f 1793/1793 1802/1802 1797/1797
f 1804/1804 1809/1809 1811/1811
f 1805/1805 1817/1817 1810/1810
f 1819/1819 1823/1823 1825/1825
f 1820/1820 1829/1829 1824/1824
f 1828/1828 1832/1832 1827/1827
f 1827/1827 1832/1832 1833/1833
f 1830/1830 1813/1813 1835/1835
f 1813/1813 1814/1814 1835/1835
f 1835/1835 1814/1814 1837/1837
f 1837/1837 1814/1814 1838/1838
f 1839/1839 1815/1815 1841/1841
f 1816/1816 1806/1806 1840/1840
f 1807/1807 1799/1799 1841/1841
f 1799/1799 1800/1800 1841/1841
f 1841/1841 1800/1800 1842/1842
f 1844/1844 1801/1801 1845/1845
f 1850/1850 1848/1848 1852/1852
f 1845/1845 1801/1801 1851/1851
f 1802/1802 1793/1793 1854/1854
f 1793/1793 1775/1775 1854/1854
f 1854/1854 1775/1775 1856/1856
f 1776/1776 1773/1773 1855/1855
f 1858/1858 1774/1774 1862/1862
f 1862/1862 1774/1774 1866/1866
f 1866/1866 1774/1774 1868/1868
f 1774/1774 1778/1778 1868/1868
f 1868/1868 1778/1778 1869/1869
f 1778/1778 1783/1783 1869/1869
f 1783/1783 1873/1873 1869/1869
f 1870/1870 1871/1871 1875/1875
f 1875/1875 1871/1871 1877/1877
f 1877/1877 1871/1871 1879/1879
f 1879/1879 1871/1871 1880/1880
f 1872/1872 1784/1784 1881/1881
f 1784/1784 1786/1786 1881/1881
f 1881/1881 1786/1786 1884/1884
f 1786/1786 1788/1788 1884/1884
f 1884/1884 1788/1788 1887/1887
f 1887/1887 1788/1788 1889/1889
f 1889/1889 1788/1788 1891/1891
f 1787/1787 1791/1791 1890/1890
f 1893/1893 1792/1792 1895/1895
f 1792/1792 1793/1793 1895/1895
f 1793/1793 1796/1796 1895/1895
f 1900/1900 1897/1897 1902/1902
f 1894/1894 1794/1794 1901/1901
f 1905/1905 1795/1795 1908/1908
f 1908/1908 1795/1795 1909/1909
f 1795/1795 1798/1798 1909/1909
f 1798/1798 1808/1808 1909/1909
f 1809/1809 1804/1804 1912/1912
f 1912/1912 1804/1804 1913/1913
f 1914/1914 1803/1803 1916/1916
f 1916/1916 1803/1803 1917/1917
f 1803/1803 1812/1812 1917/1917
f 1812/1812 1831/1831 1917/1917
f 1918/1918 1832/1832 1920/1920
f 1832/1832 1828/1828 1920/1920
f 1829/1829 1820/1820 1919/1919
f 1921/1921 1821/1821 1922/1922
f 1923/1923 1822/1822 1924/1924
f 1822/1822 1818/1818 1924/1924
f 1924/1924 1818/1818 1925/1925
f 1925/1925 1818/1818 1926/1926
f 1928/1928 1927/1927 1930/1930
f 1930/1930 1927/1927 1933/1933
f 1926/1926 1818/1818 1932/1932
f 1819/1819 1825/1825 1931/1931
f 1826/1826 1834/1834 1934/1934
f 1834/1834 1836/1836 1934/1934
f 1934/1934 1836/1836 1935/1935
f 1837/1837 1838/1838 1936/1936
f 1936/1936 1838/1838 1938/1938
f 1839/1839 1841/1841 1937/1937
f 1841/1841 1842/1842 1937/1937
f 1843/1843 1846/1846 1938/1938
f 1938/1938 1846/1846 1939/1939
f 1940/1940 1847/1847 1943/1943
f 1847/1847 1849/1849 1943/1943
f 1849/1849 1853/1853 1943/1943
f 1854/1854 1856/1856 1942/1942
f 1857/1857 1859/1859 1941/1941
f 1945/1945 1860/1860 1947/1947
f 1861/1861 1863/1863 1946/1946
f 1950/1950 1864/1864 1953/1953
f 1953/1953 1864/1864 1954/1954
f 1865/1865 1867/1867 1957/1957
f 1957/1957 1867/1867 1958/1958
f 1867/1867 1870/1870 1958/1958
f 1870/1870 1875/1875 1958/1958
f 1959/1959 1874/1874 1960/1960
f 1960/1960 1874/1874 1961/1961
f 1874/1874 1876/1876 1961/1961
f 1876/1876 1962/1962 1961/1961
f 1961/1961 1962/1962 1964/1964
f 1964/1964 1962/1962 1965/1965
f 1962/1962 1876/1876 1965/1965
f 1876/1876 1878/1878 1965/1965
f 1965/1965 1878/1878 1966/1966
f 1966/1966 1878/1878 1968/1968
f 1879/1879 1880/1880 1967/1967
f 1880/1880 1882/1882 1967/1967
f 1969/1969 1883/1883 1971/1971
f 1883/1883 1885/1885 1971/1971
f 1971/1971 1885/1885 1972/1972
f 1972/1972 1885/1885 1973/1973
f 1886/1886 1888/1888 1974/1974
f 1974/1974 1888/1888 1975/1975
f 1888/1888 1892/1892 1975/1975
f 1892/1892 1896/1896 1975/1975
f 1896/1896 1898/1898 1975/1975
f 1899/1899 1903/1903 1977/1977
f 1977/1977 1903/1903 1978/1978
f 1979/1979 1904/1904 1981/1981
f 1904/1904 1906/1906 1981/1981
f 1907/1907 1910/1910 1980/1980
f 1911/1911 1914/1914 1983/1983
f 1983/1983 1914/1914 1984/1984
f 1914/1914 1916/1916 1984/1984
f 1986/1986 1915/1915 1988/1988
f 1915/1915 1918/1918 1988/1988
f 1918/1918 1920/1920 1988/1988
f 1921/1921 1922/1922 1987/1987
f 1991/1991 1993/1993 1994/1994
f 1993/1993 1990/1990 1994/1994
f 1990/1990 1923/1923 1994/1994
f 1994/1994 1923/1923 1995/1995
f 1923/1923 1924/1924 1995/1995
f 1995/1995 1924/1924 1996/1996
f 1924/1924 1925/1925 1996/1996
f 1997/1997 1998/1998 1999/1999
f 1999/1999 1998/1998 2000/2000
f 2001/2001 2000/2000 2002/2002
f 2002/2002 2000/2000 2003/2003
f 2003/2003 2000/2000 2004/2004
f 2000/2000 1998/1998 2004/2004
f 2004/2004 2005/2005 2007/2007
f 2007/2007 2005/2005 2008/2008
f 2005/2005 2011/2011 2008/2008
f 2009/2009 2010/2010 2012/2012
f 2014/2014 2011/2011 2015/2015
f 2015/2015 2011/2011 2016/2016
f 2011/2011 2005/2005 2016/2016
f 2005/2005 2004/2004 2016/2016
f 2004/2004 1998/1998 2016/2016
f 2016/2016 1998/1998 2017/2017
f 1998/1998 1997/1997 2017/2017
f 2017/2017 1997/1997 2018/2018
f 1997/1997 1999/1999 2018/2018
f 2020/2020 2021/2021 2022/2022
f 2021/2021 2025/2025 2022/2022
f 2023/2023 2024/2024 2026/2026
f 2024/2024 2027/2027 2026/2026
f 2026/2026 2027/2027 2028/2028
f 2028/2028 2027/2027 2029/2029
f 2027/2027 2024/2024 2029/2029
f 2029/2029 2024/2024 2030/2030
f 2025/2025 2021/2021 2031/2031
f 2031/2031 2021/2021 2032/2032
f 2033/2033 2032/2032 2034/2034
f 2032/2032 2021/2021 2034/2034
f 2021/2021 2020/2020 2034/2034
f 2020/2020 2035/2035 2034/2034
f 2034/2034 2035/2035 2036/2036
f 2036/2036 2035/2035 2038/2038
f 2035/2035 2020/2020 2038/2038
f 2038/2038 2020/2020 2039/2039
f 2020/2020 2022/2022 2039/2039
f 2023/2023 2026/2026 2042/2042
f 2042/2042 2026/2026 2045/2045
f 2045/2045 2026/2026 2048/2048
f 2026/2026 2028/2028 2048/2048
f 2048/2048 2028/2028 2049/2049
f 2049/2049 2028/2028 2051/2051
f 2028/2028 2029/2029 2051/2051
f 2051/2051 2029/2029 2053/2053
f 2053/2053 2029/2029 2054/2054
f 2029/2029 2030/2030 2054/2054
f 2031/2031 2032/2032 2056/2056
f 2056/2056 2032/2032 2058/2058
f 2032/2032 2033/2033 2058/2058
f 2058/2058 2033/2033 2059/2059
f 2033/2033 2034/2034 2059/2059
f 2059/2059 2034/2034 2060/2060
f 2034/2034 2036/2036 2060/2060
f 2061/2061 2060/2060 2062/2062
f 2060/2060 2036/2036 2062/2062
f 2062/2062 2036/2036 2063/2063
f 2036/2036 2038/2038 2063/2063
f 2065/2065 2037/2037 2068/2068
f 2037/2037 2040/2040 2068/2068
f 2041/2041 2043/2043 2067/2067
f 2044/2044 2046/2046 2066/2066
f 2070/2070 2047/2047 2071/2071
f 2048/2048 2049/2049 2072/2072
f 2072/2072 2049/2049 2073/2073
f 2073/2073 2049/2049 2074/2074
f 2049/2049 2051/2051 2074/2074
f 2075/2075 2050/2050 2077/2077
f 2050/2050 2052/2052 2077/2077
f 2052/2052 2055/2055 2077/2077
f 2055/2055 2057/2057 2077/2077
f 2077/2077 2057/2057 2078/2078
f 2058/2058 2059/2059 2081/2081
f 2081/2081 2059/2059 2082/2082
f 2059/2059 2060/2060 2082/2082
f 2060/2060 2061/2061 2082/2082
f 2082/2082 2061/2061 2083/2083
f 2061/2061 2019/2019 2083/2083
f 2018/2018 1999/1999 2084/2084
f 2084/2084 1999/1999 2085/2085
f 1999/1999 2000/2000 2085/2085
f 2000/2000 2001/2001 2085/2085
f 2085/2085 2001/2001 2087/2087
f 2087/2087 2001/2001 2089/2089
f 2001/2001 2002/2002 2089/2089
f 2089/2089 2002/2002 2091/2091
f 2002/2002 2003/2003 2091/2091
f 2091/2091 2003/2003 2093/2093
f 2003/2003 2004/2004 2093/2093
f 2093/2093 2004/2004 2094/2094
f 2004/2004 2007/2007 2094/2094
f 2096/2096 2097/2097 2098/2098
f 2097/2097 2099/2099 2098/2098
f 2104/2104 2107/2107 2112/2112
f 2107/2107 2116/2116 2112/2112
f 2112/2112 2116/2116 2117/2117
f 2120/2120 2113/2113 2121/2121
f 2122/2122 2121/2121 2123/2123
f 2123/2123 2121/2121 2124/2124
f 2121/2121 2113/2113 2124/2124
f 2125/2125 2114/2114 2127/2127
f 2115/2115 2105/2105 2126/2126
f 2127/2127 2106/2106 2128/2128
f 2106/2106 2100/2100 2128/2128
f 2129/2129 2101/2101 2130/2130
f 2133/2133 2102/2102 2134/2134
f 2103/2103 2108/2108 2135/2135
f 2135/2135 2108/2108 2136/2136
f 2136/2136 2108/2108 2137/2137
f 2138/2138 2109/2109 2139/2139
f 2140/2140 2110/2110 2143/2143
f 2143/2143 2110/2110 2144/2144
f 2111/2111 2118/2118 2146/2146
f 2146/2146 2118/2118 2147/2147
f 2150/2150 2119/2119 2151/2151
f 2120/2120 2121/2121 2152/2152
f 2121/2121 2122/2122 2152/2152
f 2152/2152 2122/2122 2154/2154
f 2154/2154 2122/2122 2155/2155
f 2155/2155 2122/2122 2156/2156
f 2122/2122 2123/2123 2156/2156
f 2158/2158 2157/2157 2160/2160
f 2156/2156 2123/2123 2159/2159
f 2123/2123 2124/2124 2159/2159
f 2125/2125 2127/2127 2160/2160
f 2160/2160 2127/2127 2161/2161
f 2127/2127 2128/2128 2161/2161
f 2161/2161 2128/2128 2162/2162
f 2128/2128 2131/2131 2162/2162
f 2164/2164 2163/2163 2165/2165
f 2163/2163 2132/2132 2165/2165
f 2132/2132 2135/2135 2165/2165
f 2135/2135 2136/2136 2165/2165
f 2136/2136 2137/2137 2165/2165
f 2165/2165 2137/2137 2166/2166
f 2138/2138 2139/2139 2167/2167
f 2167/2167 2139/2139 2168/2168
f 2168/2168 2139/2139 2170/2170
f 2139/2139 2141/2141 2170/2170
f 2170/2170 2141/2141 2171/2171
f 2142/2142 2145/2145 2174/2174
f 2145/2145 2148/2148 2174/2174
f 2174/2174 2148/2148 2175/2175
f 2177/2177 2149/2149 2178/2178
f 2150/2150 2151/2151 2179/2179
f 2151/2151 2153/2153 2179/2179
f 2179/2179 2153/2153 2180/2180
f 2154/2154 2155/2155 2181/2181
f 2155/2155 2182/2182 2181/2181
f 2181/2181 2182/2182 2184/2184
f 2184/2184 2182/2182 2185/2185
f 2185/2185 2182/2182 2187/2187
f 2187/2187 2182/2182 2188/2188
f 2182/2182 2155/2155 2188/2188
f 2155/2155 2156/2156 2188/2188
f 2157/2157 2158/2158 2189/2189
f 2189/2189 2158/2158 2190/2190
f 2190/2190 2158/2158 2191/2191
f 2158/2158 2160/2160 2191/2191
f 2160/2160 2161/2161 2191/2191
f 2191/2191 2161/2161 2192/2192
f 2161/2161 2162/2162 2192/2192
f 2163/2163 2164/2164 2193/2193
f 2193/2193 2164/2164 2194/2194
f 2194/2194 2164/2164 2195/2195
f 2164/2164 2165/2165 2195/2195
f 2165/2165 2166/2166 2195/2195
f 2196/2196 2167/2167 2198/2198
f 2167/2167 2168/2168 2198/2198
f 2168/2168 2170/2170 2198/2198
f 2198/2198 2170/2170 2201/2201
f 2169/2169 2172/2172 2200/2200
f 2173/2173 2176/2176 2199/2199
f 2204/2204 2177/2177 2206/2206
f 2206/2206 2177/2177 2207/2207
f 2177/2177 2178/2178 2207/2207
f 2207/2207 2178/2178 2208/2208
f 2179/2179 2180/2180 2209/2209
f 2180/2180 2183/2183 2209/2209
f 2209/2209 2183/2183 2211/2211
f 2211/2211 2183/2183 2212/2212
f 2184/2184 2185/2185 2213/2213
f 2185/2185 2215/2215 2213/2213
f 2213/2213 2215/2215 2216/2216
f 2218/2218 2214/2214 2219/2219
f 2214/2214 2098/2098 2219/2219
f 2098/2098 2099/2099 2219/2219
f 2099/2099 2220/2220 2219/2219
f 2219/2219 2220/2220 2221/2221
f 2220/2220 2222/2222 2221/2221
f 2221/2221 2222/2222 2223/2223
f 2222/2222 2224/2224 2223/2223
f 2224/2224 2095/2095 2223/2223
f 2095/2095 2006/2006 2223/2223
f 2223/2223 2006/2006 2225/2225
f 2006/2006 2009/2009 2225/2225
f 2225/2225 2009/2009 2226/2226
f 2009/2009 2012/2012 2226/2226
f 2228/2228 2013/2013 2229/2229
f 2014/2014 2015/2015 2230/2230
f 2230/2230 2015/2015 2231/2231
f 2015/2015 2016/2016 2231/2231
f 2016/2016 2017/2017 2231/2231
f 2231/2231 2017/2017 2232/2232
f 2017/2017 2018/2018 2232/2232
f 2019/2019 2061/2061 2233/2233
f 2061/2061 2062/2062 2233/2233
f 2233/2233 2062/2062 2234/2234
f 2062/2062 2063/2063 2234/2234
f 2234/2234 2063/2063 2237/2237
f 2237/2237 2063/2063 2240/2240
f 2064/2064 2069/2069 2239/2239
f 2070/2070 2071/2071 2238/2238
f 2241/2241 2072/2072 2242/2242
f 2072/2072 2073/2073 2242/2242
f 2242/2242 2073/2073 2244/2244
f 2073/2073 1996/1996 2244/2244
f 1996/1996 1925/1925 2244/2244
f 2244/2244 1925/1925 2245/2245
f 1925/1925 1926/1926 2245/2245
f 1927/1927 1928/1928 2246/2246
f 2246/2246 1928/1928 2247/2247
f 2247/2247 1928/1928 2248/2248
f 1928/1928 1930/1930 2248/2248
f 2248/2248 1930/1930 2255/2255
f 1929/1929 1934/1934 2254/2254
f 1934/1934 1935/1935 2254/2254
f 1936/1936 1938/1938 2253/2253
f 1938/1938 1939/1939 2253/2253
f 1940/1940 1943/1943 2252/2252
f 1944/1944 1948/1948 2251/2251
f 1949/1949 1951/1951 2250/2250
f 1952/1952 1955/1955 2249/2249
f 2256/2256 1956/1956 2257/2257
f 1956/1956 1959/1959 2257/2257
f 1959/1959 1960/1960 2257/2257
f 1960/1960 1961/1961 2257/2257
f 2257/2257 1961/1961 2258/2258
f 1961/1961 1964/1964 2258/2258
f 2259/2259 1963/1963 2260/2260
f 2261/2261 1964/1964 2262/2262
f 1964/1964 1965/1965 2262/2262
f 2262/2262 1965/1965 2264/2264
f 1965/1965 1966/1966 2264/2264
f 1966/1966 1968/1968 2264/2264
f 1969/1969 1971/1971 2263/2263
f 2264/2264 1970/1970 2270/2270
f 1971/1971 1972/1972 2269/2269
f 1972/1972 1973/1973 2269/2269
f 1973/1973 1976/1976 2269/2269
f 1977/1977 1978/1978 2268/2268
f 1979/1979 1981/1981 2267/2267
f 1982/1982 1985/1985 2266/2266
f 1986/1986 1988/1988 2265/2265
f 1989/1989 1992/1992 2271/2271
f 2271/2271 1992/1992 2272/2272
f 1993/1993 1991/1991 2274/2274
f 2274/2274 1991/1991 2275/2275
f 2275/2275 1991/1991 2276/2276
f 1991/1991 1994/1994 2276/2276
f 1994/1994 1995/1995 2276/2276
f 2276/2276 1995/1995 2277/2277
f 1995/1995 1996/1996 2277/2277
f 1996/1996 2073/2073 2277/2277
f 2277/2277 2073/2073 2278/2278
f 2073/2073 2074/2074 2278/2278
f 2278/2278 2074/2074 2279/2279
f 2074/2074 2076/2076 2279/2279
f 2076/2076 2079/2079 2279/2279
f 2280/2280 2080/2080 2281/2281
f 2281/2281 2080/2080 2282/2282
f 2081/2081 2082/2082 2283/2283
f 2082/2082 2083/2083 2283/2283
f 2283/2283 2083/2083 2284/2284
f 2084/2084 2085/2085 2286/2286
f 2286/2286 2085/2085 2287/2287
f 2085/2085 2087/2087 2287/2287
f 2288/2288 2086/2086 2289/2289
f 2289/2289 2086/2086 2291/2291
f 2086/2086 2088/2088 2291/2291
f 2089/2089 2091/2091 2290/2290
f 2292/2292 2090/2090 2293/2293
f 2090/2090 2092/2092 2293/2293
f 2293/2293 2092/2092 2294/2294
f 2092/2092 2095/2095 2294/2294
f 2095/2095 2224/2224 2294/2294
f 2224/2224 2222/2222 2294/2294
f 2294/2294 2222/2222 2295/2295
f 2222/2222 2220/2220 2295/2295
f 2295/2295 2220/2220 2296/2296
f 2220/2220 2099/2099 2296/2296
f 2300/2300 2302/2302 2305/2305
f 2305/2305 2302/2302 2308/2308
f 2311/2311 2313/2313 2316/2316
f 2313/2313 2318/2318 2316/2316
f 2318/2318 2308/2308 2316/2316
f 2308/2308 2302/2302 2316/2316
f 2316/2316 2302/2302 2319/2319
f 2321/2321 2301/2301 2322/2322
f 2322/2322 2301/2301 2324/2324
f 2324/2324 2301/2301 2326/2326
f 2302/2302 2300/2300 2325/2325
f 2328/2328 2297/2297 2329/2329
f 2330/2330 2298/2298 2331/2331
f 2299/2299 2303/2303 2332/2332
f 2332/2332 2303/2303 2334/2334
f 2304/2304 2306/2306 2333/2333
f 2334/2334 2307/2307 2336/2336
f 2308/2308 2318/2318 2335/2335
f 2337/2337 2317/2317 2338/2338
f 2338/2338 2317/2317 2339/2339
f 2318/2318 2313/2313 2340/2340
f 2340/2340 2313/2313 2341/2341
f 2345/2345 2343/2343 2346/2346
f 2343/2343 2312/2312 2346/2346
f 2312/2312 2309/2309 2346/2346
f 2346/2346 2309/2309 2347/2347
f 2348/2348 2310/2310 2349/2349
f 2310/2310 2314/2314 2349/2349
f 2315/2315 2320/2320 2350/2350
f 2350/2350 2320/2320 2351/2351
f 2321/2321 2322/2322 2352/2352
f 2352/2352 2322/2322 2353/2353
f 2353/2353 2322/2322 2354/2354
f 2322/2322 2324/2324 2354/2354
f 2355/2355 2323/2323 2357/2357
f 2323/2323 2327/2327 2357/2357
f 2328/2328 2329/2329 2356/2356
f 2358/2358 2357/2357 2361/2361
f 2356/2356 2329/2329 2360/2360
f 2330/2330 2331/2331 2359/2359
f 2362/2362 2332/2332 2363/2363
f 2332/2332 2334/2334 2363/2363
f 2363/2363 2334/2334 2364/2364
f 2334/2334 2336/2336 2364/2364
f 2337/2337 2338/2338 2365/2365
f 2367/2367 2365/2365 2368/2368
f 2365/2365 2338/2338 2368/2368
f 2338/2338 2339/2339 2368/2368
f 2368/2368 2339/2339 2369/2369
f 2339/2339 2342/2342 2369/2369
f 2342/2342 2344/2344 2369/2369
f 2369/2369 2344/2344 2370/2370
f 2370/2370 2344/2344 2371/2371
f 2374/2374 2372/2372 2376/2376
f 2376/2376 2372/2372 2378/2378
f 2372/2372 2345/2345 2378/2378
f 2345/2345 2346/2346 2378/2378
f 2378/2378 2346/2346 2379/2379
f 2346/2346 2347/2347 2379/2379
f 2380/2380 2348/2348 2381/2381
f 2381/2381 2348/2348 2383/2383
f 2348/2348 2349/2349 2383/2383
f 2350/2350 2351/2351 2382/2382
f 2383/2383 2352/2352 2384/2384
f 2352/2352 2353/2353 2384/2384
f 2353/2353 2354/2354 2384/2384
f 2385/2385 2355/2355 2386/2386
f 2355/2355 2357/2357 2386/2386
f 2357/2357 2358/2358 2386/2386
f 2386/2386 2358/2358 2387/2387
f 2387/2387 2358/2358 2388/2388
f 2358/2358 2361/2361 2388/2388
f 2362/2362 2363/2363 2389/2389
f 2389/2389 2363/2363 2390/2390
f 2363/2363 2364/2364 2390/2390
f 2364/2364 2366/2366 2390/2390
f 2390/2390 2366/2366 2391/2391
f 2392/2392 2367/2367 2393/2393
f 2367/2367 2368/2368 2393/2393
f 2368/2368 2369/2369 2393/2393
f 2369/2369 2370/2370 2393/2393
f 2393/2393 2370/2370 2394/2394
f 2394/2394 2370/2370 2395/2395
f 2370/2370 2371/2371 2395/2395
f 2371/2371 2373/2373 2395/2395
f 2395/2395 2373/2373 2396/2396
f 2373/2373 2400/2400 2396/2396
f 2398/2398 2296/2296 2397/2397
f 2397/2397 2296/2296 2401/2401
f 2296/2296 2099/2099 2401/2401
f 2099/2099 2097/2097 2401/2401
f 2401/2401 2097/2097 2402/2402
f 2403/2403 2402/2402 2404/2404
f 2402/2402 2097/2097 2404/2404
f 2097/2097 2096/2096 2404/2404
f 2404/2404 2096/2096 2405/2405
f 2405/2405 2096/2096 2407/2407
f 2096/2096 2098/2098 2407/2407
f 2098/2098 2214/2214 2407/2407
f 2215/2215 2185/2185 2406/2406
f 2185/2185 2187/2187 2406/2406
f 2408/2408 2186/2186 2409/2409
f 2186/2186 2189/2189 2409/2409
f 2189/2189 2190/2190 2409/2409
f 2409/2409 2190/2190 2410/2410
f 2190/2190 2191/2191 2410/2410
f 2191/2191 2192/2192 2410/2410
f 2410/2410 2192/2192 2411/2411
f 2412/2412 2193/2193 2414/2414
f 2193/2193 2194/2194 2414/2414
f 2417/2417 2414/2414 2418/2418
f 2414/2414 2194/2194 2418/2418
f 2194/2194 2195/2195 2418/2418
f 2419/2419 2196/2196 2421/2421
f 2196/2196 2198/2198 2421/2421
f 2197/2197 2202/2202 2420/2420
f 2203/2203 2205/2205 2421/2421
f 2421/2421 2205/2205 2422/2422
f 2206/2206 2207/2207 2423/2423
f 2423/2423 2207/2207 2424/2424
f 2207/2207 2208/2208 2424/2424
f 2208/2208 2210/2210 2424/2424
f 2424/2424 2210/2210 2425/2425
f 2425/2425 2210/2210 2426/2426
f 2211/2211 2212/2212 2427/2427
f 2212/2212 2217/2217 2427/2427
f 2427/2427 2217/2217 2428/2428
f 2430/2430 2218/2218 2431/2431
f 2218/2218 2219/2219 2431/2431
f 2219/2219 2221/2221 2431/2431
f 2431/2431 2221/2221 2432/2432
f 2221/2221 2223/2223 2432/2432
f 2223/2223 2225/2225 2432/2432
f 2432/2432 2225/2225 2433/2433
f 2225/2225 2226/2226 2433/2433
f 2433/2433 2226/2226 2434/2434
f 2437/2437 2227/2227 2441/2441
f 2227/2227 2230/2230 2441/2441
f 2441/2441 2230/2230 2443/2443
f 2230/2230 2231/2231 2443/2443
f 2443/2443 2231/2231 2444/2444
f 2231/2231 2232/2232 2444/2444
f 2233/2233 2234/2234 2445/2445
f 2445/2445 2234/2234 2446/2446
f 2234/2234 2237/2237 2446/2446
f 2447/2447 2235/2235 2448/2448
f 2450/2450 2236/2236 2452/2452
f 2236/2236 2241/2241 2452/2452
f 2241/2241 2242/2242 2452/2452
f 2452/2452 2242/2242 2453/2453
f 2242/2242 2244/2244 2453/2453
f 2243/2243 2246/2246 2454/2454
f 2246/2246 2247/2247 2454/2454
f 2454/2454 2247/2247 2456/2456
f 2247/2247 2248/2248 2456/2456
f 2456/2456 2248/2248 2457/2457
f 2248/2248 2255/2255 2457/2457
f 2460/2460 2256/2256 2462/2462
f 2256/2256 2257/2257 2462/2462
f 2257/2257 2258/2258 2462/2462
f 2462/2462 2258/2258 2464/2464
f 2258/2258 2261/2261 2464/2464
f 2464/2464 2261/2261 2465/2465
f 2465/2465 2261/2261 2466/2466
f 2261/2261 2262/2262 2466/2466
f 2466/2466 2262/2262 2467/2467
f 2262/2262 2264/2264 2467/2467
f 2264/2264 2270/2270 2467/2467
f 2467/2467 2270/2270 2469/2469
f 2271/2271 2272/2272 2468/2468
f 2470/2470 2273/2273 2471/2471
f 2274/2274 2275/2275 2472/2472
f 2472/2472 2275/2275 2473/2473
f 2275/2275 2276/2276 2473/2473
f 2276/2276 2277/2277 2473/2473
f 2277/2277 2278/2278 2473/2473
f 2473/2473 2278/2278 2474/2474
f 2278/2278 2279/2279 2474/2474
f 2280/2280 2281/2281 2475/2475
f 2475/2475 2281/2281 2476/2476
f 2476/2476 2281/2281 2477/2477
f 2281/2281 2282/2282 2477/2477
f 2282/2282 2285/2285 2477/2477
f 2477/2477 2285/2285 2479/2479
f 2286/2286 2287/2287 2478/2478
f 2479/2479 2288/2288 2480/2480
f 2288/2288 2289/2289 2480/2480
f 2480/2480 2289/2289 2481/2481
f 2481/2481 2289/2289 2482/2482
f 2289/2289 2291/2291 2482/2482
f 2482/2482 2291/2291 2483/2483
f 2292/2292 2293/2293 2484/2484
f 2484/2484 2293/2293 2485/2485
f 2293/2293 2294/2294 2485/2485
f 2294/2294 2295/2295 2485/2485
f 2485/2485 2295/2295 2486/2486
f 2295/2295 2296/2296 2486/2486
f 2296/2296 2398/2398 2486/2486
f 2486/2486 2398/2398 2487/2487
f 2489/2489 2399/2399 2490/2490
f 2399/2399 2374/2374 2490/2490
f 2374/2374 2376/2376 2490/2490
f 2491/2491 2375/2375 2492/2492
f 2492/2492 2375/2375 2494/2494
f 2375/2375 2377/2377 2494/2494
f 2378/2378 2379/2379 2493/2493
f 2494/2494 2380/2380 2495/2495
f 2380/2380 2381/2381 2495/2495
f 2495/2495 2381/2381 2496/2496
f 2381/2381 2383/2383 2496/2496
f 2383/2383 2384/2384 2496/2496
f 2385/2385 2386/2386 2497/2497
f 2497/2497 2386/2386 2498/2498
f 2386/2386 2387/2387 2498/2498
f 2499/2499 2498/2498 2500/2500
f 2498/2498 2387/2387 2500/2500
f 2387/2387 2388/2388 2500/2500
f 2500/2500 2388/2388 2501/2501
f 2502/2502 2389/2389 2503/2503
f 2389/2389 2390/2390 2503/2503
f 2390/2390 2391/2391 2503/2503
f 2503/2503 2391/2391 2504/2504
f 2392/2392 2393/2393 2505/2505
f 2393/2393 2394/2394 2505/2505
f 2505/2505 2394/2394 2506/2506
f 2394/2394 2395/2395 2506/2506
f 2395/2395 2396/2396 2506/2506
f 2397/2397 2401/2401 2507/2507
f 2401/2401 2402/2402 2507/2507
f 2402/2402 2403/2403 2507/2507
f 2507/2507 2403/2403 2508/2508
f 2508/2508 2403/2403 2509/2509
f 2403/2403 2404/2404 2509/2509
f 2404/2404 2405/2405 2509/2509
f 2509/2509 2405/2405 2510/2510
f 2405/2405 2407/2407 2510/2510
f 2510/2510 2407/2407 2511/2511
f 2408/2408 2409/2409 2512/2512
f 2512/2512 2409/2409 2513/2513
f 2409/2409 2410/2410 2513/2513
f 2410/2410 2411/2411 2513/2513
f 2513/2513 2411/2411 2514/2514
f 2515/2515 2412/2412 2516/2516
f 2412/2412 2414/2414 2516/2516
f 2413/2413 2415/2415 2517/2517
f 2517/2517 2415/2415 2518/2518
f 2519/2519 2416/2416 2521/2521
f 2416/2416 2419/2419 2521/2521
f 2419/2419 2421/2421 2521/2521
f 2421/2421 2422/2422 2521/2521
f 2521/2521 2422/2422 2522/2522
f 2423/2423 2424/2424 2523/2523
f 2424/2424 2425/2425 2523/2523
f 2523/2523 2425/2425 2524/2524
f 2425/2425 2426/2426 2524/2524
f 2426/2426 2429/2429 2524/2524
f 2525/2525 2430/2430 2526/2526
f 2430/2430 2431/2431 2526/2526
f 2431/2431 2432/2432 2526/2526
f 2526/2526 2432/2432 2527/2527
f 2432/2432 2433/2433 2527/2527
f 2527/2527 2433/2433 2528/2528
f 2433/2433 2434/2434 2528/2528
f 2529/2529 2435/2435 2530/2530
f 2531/2531 2436/2436 2532/2532
f 2436/2436 2438/2438 2532/2532
f 2535/2535 2439/2439 2536/2536
f 2440/2440 2442/2442 2538/2538
f 2538/2538 2442/2442 2541/2541
f 2443/2443 2444/2444 2540/2540
f 2445/2445 2446/2446 2539/2539
f 2542/2542 2447/2447 2543/2543
f 2447/2447 2448/2448 2543/2543
f 2543/2543 2448/2448 2544/2544
f 2545/2545 2449/2449 2547/2547
f 2449/2449 2451/2451 2547/2547
f 2452/2452 2453/2453 2546/2546
f 2454/2454 2456/2456 2547/2547
f 2547/2547 2456/2456 2548/2548
f 2455/2455 2458/2458 2549/2549
f 2549/2549 2458/2458 2551/2551
f 2459/2459 2461/2461 2550/2550
f 2461/2461 2463/2463 2550/2550
f 2553/2553 2464/2464 2555/2555
f 2464/2464 2465/2465 2555/2555
f 2555/2555 2465/2465 2556/2556
f 2556/2556 2465/2465 2557/2557
f 2465/2465 2466/2466 2557/2557
f 2557/2557 2466/2466 2558/2558
f 2466/2466 2467/2467 2558/2558
f 2467/2467 2469/2469 2558/2558
f 2558/2558 2469/2469 2560/2560
f 2469/2469 2472/2472 2560/2560
f 2560/2560 2472/2472 2561/2561
f 2472/2472 2473/2473 2561/2561
f 2473/2473 2474/2474 2561/2561
f 2475/2475 2476/2476 2562/2562
f 2562/2562 2476/2476 2563/2563
f 2563/2563 2476/2476 2564/2564
f 2476/2476 2477/2477 2564/2564
f 2477/2477 2479/2479 2564/2564
f 2565/2565 2564/2564 2566/2566
f 2564/2564 2479/2479 2566/2566
f 2479/2479 2480/2480 2566/2566
f 2568/2568 2566/2566 2570/2570
f 2566/2566 2480/2480 2570/2570
f 2570/2570 2480/2480 2571/2571
f 2480/2480 2481/2481 2571/2571
f 2571/2571 2481/2481 2572/2572
f 2572/2572 2481/2481 2573/2573
f 2481/2481 2482/2482 2573/2573
f 2573/2573 2482/2482 2574/2574
f 2482/2482 2483/2483 2574/2574
f 2574/2574 2483/2483 2575/2575
f 2484/2484 2485/2485 2576/2576
f 2576/2576 2485/2485 2578/2578
f 2485/2485 2486/2486 2578/2578
f 2486/2486 2487/2487 2578/2578
f 2578/2578 2487/2487 2579/2579
f 2488/2488 2491/2491 2580/2580
f 2491/2491 2492/2492 2580/2580
f 2580/2580 2492/2492 2581/2581
f 2492/2492 2494/2494 2581/2581
f 2494/2494 2495/2495 2581/2581
f 2581/2581 2495/2495 2582/2582
f 2495/2495 2496/2496 2582/2582
f 2497/2497 2498/2498 2583/2583
f 2498/2498 2499/2499 2583/2583
f 2583/2583 2499/2499 2584/2584
f 2584/2584 2499/2499 2585/2585
f 2499/2499 2500/2500 2585/2585
f 2500/2500 2501/2501 2585/2585
f 2585/2585 2501/2501 2586/2586
f 2587/2587 2502/2502 2588/2588
f 2502/2502 2503/2503 2588/2588
f 2503/2503 2504/2504 2588/2588
f 2588/2588 2504/2504 2590/2590
f 2505/2505 2506/2506 2589/2589
f 2507/2507 2508/2508 2591/2591
f 2591/2591 2508/2508 2593/2593
f 2593/2593 2508/2508 2595/2595
f 2508/2508 2509/2509 2595/2595
f 2509/2509 2510/2510 2595/2595
f 2595/2595 2510/2510 2597/2597
f 2510/2510 2511/2511 2597/2597
f 2597/2597 2511/2511 2599/2599
f 2599/2599 2511/2511 2600/2600
f 2512/2512 2513/2513 2602/2602
f 2513/2513 2514/2514 2602/2602
f 2602/2602 2514/2514 2603/2603
f 2515/2515 2516/2516 2604/2604
f 2604/2604 2516/2516 2605/2605
f 2517/2517 2518/2518 2606/2606
f 2606/2606 2518/2518 2607/2607
f 2609/2609 2519/2519 2610/2610
f 2519/2519 2521/2521 2610/2610
f 2520/2520 2523/2523 2611/2611
f 2611/2611 2523/2523 2612/2612
f 2523/2523 2524/2524 2612/2612
f 2614/2614 2525/2525 2615/2615
f 2525/2525 2526/2526 2615/2615
f 2526/2526 2527/2527 2615/2615
f 2527/2527 2528/2528 2615/2615
f 2616/2616 2529/2529 2617/2617
f 2617/2617 2529/2529 2619/2619
f 2529/2529 2530/2530 2619/2619
f 2620/2620 2619/2619 2622/2622
f 2618/2618 2531/2531 2621/2621
f 2531/2531 2532/2532 2621/2621
f 2624/2624 2533/2533 2625/2625
f 2534/2534 2537/2537 2627/2627
f 2627/2627 2537/2537 2628/2628
f 2631/2631 2629/2629 2634/2634
f 2628/2628 2537/2537 2633/2633
f 2538/2538 2541/2541 2632/2632
f 2542/2542 2543/2543 2635/2635
f 2635/2635 2543/2543 2636/2636
f 2638/2638 2636/2636 2639/2639
f 2636/2636 2543/2543 2639/2639
f 2639/2639 2543/2543 2640/2640
f 2543/2543 2544/2544 2640/2640
f 2641/2641 2545/2545 2642/2642
f 2642/2642 2545/2545 2643/2643
f 2545/2545 2547/2547 2643/2643
f 2547/2547 2548/2548 2643/2643
f 2643/2643 2548/2548 2644/2644
f 2548/2548 2552/2552 2644/2644
f 2552/2552 2554/2554 2644/2644
f 2645/2645 2555/2555 2647/2647
f 2555/2555 2556/2556 2647/2647
f 2647/2647 2556/2556 2649/2649
f 2649/2649 2556/2556 2650/2650
f 2556/2556 2557/2557 2650/2650
f 2650/2650 2557/2557 2651/2651
f 2557/2557 2558/2558 2651/2651
f 2558/2558 2560/2560 2651/2651
f 2652/2652 2559/2559 2654/2654
f 2559/2559 2562/2562 2654/2654
f 2562/2562 2563/2563 2654/2654
f 2654/2654 2563/2563 2655/2655
f 2655/2655 2563/2563 2656/2656
f 2563/2563 2564/2564 2656/2656
f 2656/2656 2564/2564 2657/2657
f 2564/2564 2565/2565 2657/2657
f 2565/2565 2659/2659 2657/2657
f 2657/2657 2659/2659 2660/2660
f 2660/2660 2659/2659 2665/2665
f 2664/2664 2658/2658 2663/2663
f 2659/2659 2565/2565 2662/2662
f 2565/2565 2566/2566 2662/2662
f 2566/2566 2568/2568 2662/2662
f 2661/2661 2567/2567 2666/2666
f 2567/2567 2569/2569 2666/2666
f 2570/2570 2571/2571 2665/2665
f 2571/2571 2572/2572 2665/2665
f 2665/2665 2572/2572 2667/2667
f 2667/2667 2572/2572 2668/2668
f 2572/2572 2573/2573 2668/2668
f 2573/2573 2574/2574 2668/2668
f 2668/2668 2574/2574 2669/2669
f 2669/2669 2574/2574 2670/2670
f 2574/2574 2575/2575 2670/2670
f 2575/2575 2577/2577 2670/2670
f 2577/2577 2580/2580 2670/2670
f 2670/2670 2580/2580 2671/2671
f 2580/2580 2581/2581 2671/2671
f 2671/2671 2581/2581 2672/2672
f 2581/2581 2582/2582 2672/2672
f 2583/2583 2584/2584 2673/2673
f 2673/2673 2584/2584 2675/2675
f 2675/2675 2584/2584 2676/2676
f 2584/2584 2585/2585 2676/2676
f 2676/2676 2585/2585 2677/2677
f 2585/2585 2586/2586 2677/2677
f 2678/2678 2587/2587 2679/2679
f 2587/2587 2588/2588 2679/2679
f 2588/2588 2590/2590 2679/2679
f 2681/2681 2591/2591 2682/2682
f 2591/2591 2593/2593 2682/2682
f 2684/2684 2592/2592 2686/2686
f 2592/2592 2594/2594 2686/2686
f 2594/2594 2596/2596 2686/2686
f 2596/2596 2598/2598 2686/2686
f 2686/2686 2598/2598 2687/2687
f 2687/2687 2598/2598 2688/2688
f 2598/2598 2601/2601 2688/2688
f 2601/2601 2604/2604 2688/2688
f 2604/2604 2605/2605 2688/2688
f 2688/2688 2605/2605 2689/2689
f 2605/2605 2608/2608 2689/2689
f 2689/2689 2608/2608 2690/2690
f 2691/2691 2609/2609 2692/2692
f 2692/2692 2609/2609 2694/2694
f 2609/2609 2610/2610 2694/2694
f 2611/2611 2612/2612 2693/2693
f 2694/2694 2613/2613 2695/2695
f 2613/2613 2616/2616 2695/2695
f 2616/2616 2617/2617 2695/2695
f 2695/2695 2617/2617 2696/2696
f 2696/2696 2617/2617 2697/2697
f 2617/2617 2619/2619 2697/2697
f 2619/2619 2620/2620 2697/2697
f 2697/2697 2620/2620 2698/2698
f 2701/2701 2704/2704 2707/2707
f 2704/2704 2709/2709 2707/2707
f 2707/2707 2709/2709 2713/2713
f 2709/2709 2715/2715 2713/2713
f 2715/2715 2718/2718 2713/2713
f 2718/2718 2721/2721 2713/2713
f 2721/2721 2723/2723 2713/2713
f 2713/2713 2723/2723 2724/2724
f 2726/2726 2722/2722 2728/2728
f 2728/2728 2722/2722 2729/2729
f 2722/2722 2719/2719 2729/2729
f 2729/2729 2719/2719 2731/2731
f 2720/2720 2716/2716 2730/2730
f 2732/2732 2717/2717 2735/2735
f 2717/2717 2714/2714 2735/2735
f 2714/2714 2708/2708 2735/2735
f 2735/2735 2708/2708 2737/2737
f 2737/2737 2708/2708 2738/2738
f 2708/2708 2702/2702 2738/2738
f 2741/2741 2739/2739 2742/2742
f 2739/2739 2703/2703 2742/2742
f 2743/2743 2704/2704 2744/2744
f 2704/2704 2701/2701 2744/2744
f 2746/2746 2699/2699 2747/2747
f 2749/2749 2700/2700 2750/2750
f 2700/2700 2705/2705 2750/2750
f 2706/2706 2710/2710 2751/2751
f 2751/2751 2710/2710 2753/2753
f 2752/2752 2711/2711 2759/2759
f 2712/2712 2725/2725 2758/2758
f 2726/2726 2728/2728 2757/2757
f 2756/2756 2727/2727 2763/2763
f 2728/2728 2729/2729 2762/2762
f 2729/2729 2731/2731 2762/2762
f 2731/2731 2733/2733 2762/2762
f 2734/2734 2736/2736 2761/2761
f 2736/2736 2739/2739 2761/2761
f 2739/2739 2741/2741 2761/2761
f 2760/2760 2740/2740 2765/2765
f 2741/2741 2742/2742 2764/2764
f 2742/2742 2745/2745 2764/2764
f 2745/2745 2748/2748 2764/2764
f 2764/2764 2748/2748 2772/2772
f 2749/2749 2750/2750 2771/2771
f 2750/2750 2754/2754 2771/2771
f 2755/2755 2773/2773 2770/2770
f 2774/2774 2777/2777 2769/2769
f 2776/2776 2778/2778 2768/2768
f 2778/2778 2698/2698 2768/2768
f 2698/2698 2620/2620 2768/2768
f 2620/2620 2622/2622 2768/2768
f 2623/2623 2626/2626 2767/2767
f 2627/2627 2628/2628 2766/2766
f 2628/2628 2630/2630 2766/2766
f 2766/2766 2630/2630 2782/2782
f 2631/2631 2634/2634 2781/2781
f 2635/2635 2636/2636 2780/2780
f 2636/2636 2638/2638 2780/2780
f 2779/2779 2637/2637 2783/2783
f 2783/2783 2637/2637 2786/2786
f 2638/2638 2639/2639 2785/2785
f 2788/2788 2784/2784 2789/2789
f 2790/2790 2785/2785 2791/2791
f 2785/2785 2639/2639 2791/2791
f 2791/2791 2639/2639 2792/2792
f 2639/2639 2640/2640 2792/2792
f 2793/2793 2641/2641 2795/2795
f 2641/2641 2642/2642 2795/2795
f 2795/2795 2642/2642 2799/2799
f 2799/2799 2642/2642 2800/2800
f 2642/2642 2643/2643 2800/2800
f 2643/2643 2644/2644 2800/2800
f 2644/2644 2646/2646 2800/2800
f 2803/2803 2647/2647 2804/2804
f 2647/2647 2649/2649 2804/2804
f 2806/2806 2648/2648 2807/2807
f 2649/2649 1772/1772 2808/2808
f 1772/1772 1771/1771 2808/2808
f 2810/2810 2808/2808 2811/2811
f 2808/2808 1771/1771 2811/2811
f 2812/2812 2814/2814 2815/2815
f 2817/2817 2813/2813 2819/2819
f 2813/2813 2811/2811 2819/2819
f 2819/2819 2811/2811 2820/2820
f 2811/2811 1771/1771 2820/2820
f 2820/2820 1771/1771 2821/2821
f 1771/1771 1770/1770 2821/2821
f 2821/2821 1770/1770 2822/2822
f 1770/1770 1772/1772 2822/2822
f 2822/2822 1772/1772 2823/2823
f 1772/1772 2649/2649 2823/2823
f 2823/2823 2649/2649 2824/2824
f 2649/2649 2650/2650 2824/2824
f 2824/2824 2650/2650 2825/2825
f 2650/2650 2651/2651 2825/2825
f 2651/2651 2653/2653 2825/2825
f 2654/2654 2655/2655 2826/2826
f 2826/2826 2655/2655 2827/2827
f 2827/2827 2655/2655 2828/2828
f 2655/2655 2656/2656 2828/2828
f 2828/2828 2656/2656 2829/2829
f 2656/2656 2657/2657 2829/2829
f 2829/2829 2657/2657 2830/2830
f 2657/2657 2660/2660 2830/2830
f 2830/2830 2660/2660 2831/2831
f 2831/2831 2660/2660 2832/2832
f 2660/2660 2665/2665 2832/2832
f 2832/2832 2665/2665 2833/2833
f 2833/2833 2665/2665 2834/2834
f 2834/2834 2665/2665 2835/2835
f 2835/2835 2665/2665 2836/2836
f 2665/2665 2667/2667 2836/2836
f 2836/2836 2667/2667 2837/2837
f 2667/2667 2668/2668 2837/2837
f 2668/2668 2669/2669 2837/2837
f 2837/2837 2669/2669 2838/2838
f 2838/2838 2669/2669 2839/2839
f 2669/2669 2670/2670 2839/2839
f 2670/2670 2671/2671 2839/2839
f 2839/2839 2671/2671 2840/2840
f 2671/2671 2672/2672 2840/2840
f 2672/2672 2674/2674 2840/2840
f 2840/2840 2674/2674 2841/2841
f 2841/2841 2674/2674 2842/2842
f 2843/2843 2675/2675 2844/2844
f 2675/2675 2676/2676 2844/2844
f 2844/2844 2676/2676 2846/2846
f 2676/2676 2677/2677 2846/2846
f 2678/2678 2679/2679 2845/2845
f 2680/2680 2683/2683 2846/2846
f 2846/2846 2683/2683 2848/2848
f 2684/2684 2686/2686 2847/2847
f 2848/2848 2685/2685 2849/2849
f 2686/2686 2687/2687 2850/2850
f 2850/2850 2687/2687 2851/2851
f 2851/2851 2687/2687 2852/2852
f 2687/2687 2688/2688 2852/2852
f 2852/2852 2688/2688 2853/2853
f 2688/2688 2689/2689 2853/2853
f 2689/2689 2690/2690 2853/2853
f 2853/2853 2690/2690 2854/2854
f 2855/2855 2691/2691 2856/2856
f 2691/2691 2692/2692 2856/2856
f 2856/2856 2692/2692 2857/2857
f 2692/2692 2694/2694 2857/2857
f 2694/2694 2695/2695 2857/2857
f 2695/2695 2696/2696 2857/2857
f 2857/2857 2696/2696 2858/2858
f 2696/2696 2697/2697 2858/2858
f 2858/2858 2697/2697 2859/2859
f 2697/2697 2698/2698 2859/2859
f 2698/2698 2778/2778 2859/2859
f 2859/2859 2778/2778 2860/2860
f 2778/2778 2776/2776 2860/2860
f 2777/2777 2774/2774 2861/2861
f 2861/2861 2774/2774 2862/2862
f 2775/2775 2787/2787 2863/2863
f 2787/2787 2790/2790 2863/2863
f 2863/2863 2790/2790 2864/2864
f 2790/2790 2791/2791 2864/2864
f 2791/2791 2792/2792 2864/2864
f 2864/2864 2792/2792 2865/2865
f 2793/2793 2795/2795 2866/2866
f 2866/2866 2795/2795 2868/2868
f 2794/2794 2796/2796 2867/2867
f 2870/2870 2797/2797 2873/2873
f 2798/2798 2801/2801 2872/2872
f 2802/2802 2805/2805 2871/2871
f 2806/2806 2807/2807 2875/2875
f 2807/2807 2809/2809 2875/2875
f 2875/2875 2809/2809 2877/2877
f 2810/2810 2811/2811 2876/2876
f 2811/2811 2813/2813 2876/2876
f 2878/2878 2814/2814 2879/2879
f 2814/2814 2812/2812 2879/2879
f 2879/2879 2812/2812 1769/1769
f 1769/1769 2812/2812 2880/2880
f 2812/2812 2815/2815 2880/2880
f 2880/2880 2815/2815 2881/2881
f 2882/2882 2816/2816 2883/2883
f 2816/2816 2818/2818 2883/2883
f 2885/2885 2884/2884 2886/2886
f 2884/2884 2819/2819 2886/2886
f 2819/2819 2820/2820 2886/2886
f 2886/2886 2820/2820 2887/2887
f 2820/2820 2821/2821 2887/2887
f 2887/2887 2821/2821 2888/2888
f 2821/2821 2822/2822 2888/2888
f 2888/2888 2822/2822 2889/2889
f 2822/2822 2823/2823 2889/2889
f 2823/2823 2892/2892 2889/2889
f 2893/2893 2890/2890 2894/2894
f 2890/2890 2891/2891 2894/2894
f 2894/2894 2891/2891 2896/2896
f 2892/2892 2823/2823 2895/2895
f 2823/2823 2824/2824 2895/2895
f 2824/2824 2825/2825 2895/2895
f 2826/2826 2827/2827 2896/2896
f 2896/2896 2827/2827 2897/2897
f 2827/2827 2828/2828 2897/2897
f 2897/2897 2828/2828 2898/2898
f 2828/2828 2829/2829 2898/2898
f 2898/2898 2829/2829 2899/2899
f 2829/2829 2830/2830 2899/2899
f 2830/2830 2831/2831 2899/2899
f 2899/2899 2831/2831 2900/2900
f 2831/2831 2832/2832 2900/2900
f 2832/2832 2833/2833 2900/2900
f 2900/2900 2833/2833 2901/2901
f 2833/2833 2834/2834 2901/2901
f 2834/2834 2835/2835 2901/2901
f 2901/2901 2835/2835 2902/2902
f 2835/2835 2836/2836 2902/2902
f 2836/2836 2837/2837 2902/2902
f 2902/2902 2837/2837 2903/2903
f 2837/2837 2838/2838 2903/2903
f 2903/2903 2838/2838 2904/2904
f 2838/2838 2839/2839 2904/2904
f 2839/2839 2840/2840 2904/2904
f 2840/2840 2841/2841 2904/2904
f 2904/2904 2841/2841 2906/2906
f 2841/2841 2842/2842 2906/2906
f 2906/2906 2842/2842 2907/2907
f 2908/2908 2843/2843 2909/2909
f 2843/2843 2844/2844 2909/2909
f 2844/2844 2846/2846 2909/2909
f 2909/2909 2846/2846 2910/2910
f 2846/2846 2848/2848 2910/2910
f 2910/2910 2848/2848 2911/2911
f 2848/2848 2849/2849 2911/2911
f 2911/2911 2849/2849 2912/2912
f 2850/2850 2851/2851 2913/2913
f 2913/2913 2851/2851 2914/2914
f 2914/2914 2851/2851 2915/2915
f 2851/2851 2852/2852 2915/2915
f 2915/2915 2852/2852 2916/2916
f 2852/2852 2853/2853 2916/2916
f 2916/2916 2853/2853 2917/2917
f 2853/2853 2854/2854 2917/2917
f 2918/2918 2855/2855 2919/2919
f 2855/2855 2856/2856 2919/2919
f 2919/2919 2856/2856 2920/2920
f 2856/2856 2857/2857 2920/2920
f 2857/2857 2858/2858 2920/2920
f 2920/2920 2858/2858 2921/2921
f 2921/2921 2858/2858 2923/2923
f 2858/2858 2859/2859 2923/2923
f 2859/2859 2860/2860 2923/2923
f 2861/2861 2862/2862 2922/2922
f 2863/2863 2864/2864 2923/2923
f 2923/2923 2864/2864 2924/2924
f 2924/2924 2864/2864 2925/2925
f 2864/2864 2865/2865 2925/2925
f 2925/2925 2865/2865 2929/2929
f 2866/2866 2868/2868 2928/2928
f 2869/2869 2874/2874 2927/2927
f 2875/2875 2877/2877 2926/2926
f 2929/2929 2878/2878 2930/2930
f 2878/2878 2879/2879 2930/2930
f 2879/2879 1769/1769 2930/2930
f 1768/1768 1718/1718 2932/2932
f 2932/2932 1718/1718 2933/2933
f 1717/1717 1720/1720 2934/2934
f 2934/2934 1720/1720 2935/2935
f 2935/2935 1720/1720 2936/2936
f 1720/1720 1722/1722 2936/2936
f 2936/2936 1722/1722 2937/2937
f 1723/1723 1725/1725 2938/2938
f 1725/1725 1726/1726 2938/2938
f 2938/2938 1726/1726 2940/2940
f 1727/1727 1728/1728 2939/2939
f 2942/2942 1729/1729 2943/2943
f 1729/1729 1730/1730 2943/2943
f 2943/2943 1730/1730 2944/2944
f 1730/1730 1732/1732 2944/2944
f 1732/1732 1733/1733 2944/2944
f 1734/1734 1735/1735 2945/2945
f 2945/2945 1735/1735 2946/2946
f 1735/1735 1737/1737 2946/2946
f 2946/2946 1737/1737 2947/2947
f 1738/1738 1739/1739 2948/2948
f 1739/1739 1742/1742 2948/2948
f 2948/2948 1742/1742 2949/2949
f 1742/1742 1743/1743 2949/2949
f 2949/2949 1743/1743 2950/2950
f 2951/2951 1744/1744 2955/2955
f 1745/1745 1746/1746 2954/2954
f 1747/1747 1749/1749 2953/2953
f 1748/1748 1752/1752 2952/2952
f 2956/2956 1753/1753 2959/2959
f 1754/1754 1757/1757 2958/2958
f 1758/1758 1760/1760 2957/2957
f 2960/2960 1761/1761 2961/2961
f 2964/2964 1762/1762 2966/2966
f 1763/1763 1765/1765 2965/2965
f 2969/2969 1766/1766 2970/2970
f 1766/1766 1767/1767 2970/2970
f 1767/1767 1768/1768 2970/2970
f 2970/2970 1768/1768 2971/2971
f 1769/1769 2880/2880 2972/2972
f 2972/2972 2880/2880 2973/2973
f 2880/2880 2881/2881 2973/2973
f 2973/2973 2881/2881 2974/2974
f 2975/2975 2882/2882 2976/2976
f 2882/2882 2883/2883 2976/2976
f 2884/2884 2885/2885 2977/2977
f 2885/2885 2979/2979 2977/2977
f 2977/2977 2979/2979 2980/2980
f 2981/2981 2978/2978 2982/2982
f 2978/2978 2984/2984 2982/2982
f 2982/2982 2984/2984 2985/2985
f 2984/2984 1615/1615 2985/2985
f 1615/1615 1613/1613 2985/2985
f 2985/2985 1613/1613 2986/2986
f 2986/2986 1613/1613 2987/2987
f 1613/1613 1600/1600 2987/2987
f 1600/1600 1601/1601 2987/2987
f 2987/2987 1601/1601 2988/2988
f 2988/2988 1601/1601 2989/2989
f 1601/1601 1602/1602 2989/2989
f 2989/2989 1602/1602 1594/1594
f 1594/1594 1602/1602 2991/2991
f 1602/1602 1603/1603 2991/2991
f 2991/2991 1603/1603 2992/2992
f 1603/1603 1605/1605 2992/2992
f 2994/2994 2993/2993 2995/2995
f 2993/2993 1604/1604 2995/2995
f 2996/2996 2995/2995 2997/2997
f 2997/2997 2995/2995 2999/2999
f 2995/2995 1604/1604 2999/2999
f 1605/1605 1606/1606 2998/2998
f 1606/1606 1608/1608 2998/2998
f 1607/1607 3002/3002 3000/3000
f 3000/3000 3002/3002 3004/3004
f 3004/3004 3002/3002 3005/3005
f 3006/3006 3005/3005 3007/3007
f 3005/3005 3002/3002 3007/3007
f 3001/3001 1608/1608 3008/3008
f 1608/1608 1609/1609 3008/3008
f 3008/3008 1609/1609 3011/3011
f 3011/3011 1609/1609 3013/3013
f 1609/1609 1610/1610 3013/3013
f 1610/1610 1612/1612 3013/3013
f 3013/3013 1612/1612 3014/3014
f 3015/3015 1611/1611 3017/3017
f 1612/1612 1615/1615 3016/3016
f 3017/3017 1614/1614 3018/3018
f 1614/1614 2983/2983 3018/3018
f 2983/2983 2979/2979 3018/3018
f 3018/3018 2979/2979 3019/3019
f 2979/2979 2885/2885 3019/3019
f 3019/3019 2885/2885 3020/3020
f 2885/2885 2886/2886 3020/3020
f 2886/2886 2887/2887 3020/3020
f 3020/3020 2887/2887 3021/3021
f 2887/2887 2888/2888 3021/3021
f 3021/3021 2888/2888 3022/3022
f 2888/2888 2889/2889 3022/3022
f 2890/2890 2893/2893 3023/3023
f 3023/3023 2893/2893 3024/3024
f 3024/3024 2893/2893 3025/3025
f 3025/3025 2893/2893 3026/3026
f 2893/2893 2894/2894 3026/3026
f 3026/3026 2894/2894 3028/3028
f 3028/3028 2894/2894 3029/3029
f 2894/2894 2896/2896 3029/3029
f 2896/2896 2897/2897 3029/3029
f 2897/2897 2898/2898 3029/3029
f 3029/3029 2898/2898 3030/3030
f 2898/2898 2899/2899 3030/3030
f 3030/3030 2899/2899 3031/3031
f 3031/3031 2899/2899 3032/3032
f 2899/2899 2900/2900 3032/3032
f 2900/2900 2901/2901 3032/3032
f 2901/2901 2902/2902 3032/3032
f 2902/2902 2903/2903 3032/3032
f 3032/3032 2903/2903 3033/3033
f 3033/3033 2903/2903 3034/3034
f 2903/2903 2904/2904 3034/3034
f 2904/2904 2906/2906 3034/3034
f 3034/3034 2906/2906 3035/3035
f 3036/3036 2905/2905 3038/3038
f 2906/2906 2907/2907 3037/3037
f 3038/3038 2908/2908 3039/3039
f 2908/2908 2909/2909 3039/3039
f 2909/2909 2910/2910 3039/3039
f 3039/3039 2910/2910 3040/3040
f 2910/2910 2911/2911 3040/3040
f 3040/3040 2911/2911 3041/3041
f 2911/2911 2912/2912 3041/3041
f 3041/3041 2912/2912 3042/3042
f 2913/2913 2914/2914 3043/3043
f 3043/3043 2914/2914 3044/3044
f 2914/2914 2915/2915 3044/3044
f 3044/3044 2915/2915 3045/3045
f 2915/2915 2916/2916 3045/3045
f 3045/3045 2916/2916 3046/3046
f 2916/2916 2917/2917 3046/3046
f 3046/3046 2917/2917 3047/3047
f 2918/2918 2919/2919 3048/3048
f 3048/3048 2919/2919 3049/3049
f 2919/2919 2920/2920 3049/3049
f 2920/2920 2921/2921 3049/3049
f 3049/3049 2921/2921 3050/3050
f 3050/3050 2921/2921 3051/3051
f 2921/2921 2923/2923 3051/3051
f 2923/2923 2924/2924 3051/3051
f 3051/3051 2924/2924 3052/3052
f 2924/2924 2925/2925 3052/3052
f 3052/3052 2925/2925 3054/3054
f 2925/2925 2929/2929 3054/3054
f 2929/2929 2930/2930 3054/3054
f 3054/3054 2930/2930 3055/3055
f 2931/2931 2934/2934 3056/3056
f 3056/3056 2934/2934 3057/3057
f 2934/2934 2935/2935 3057/3057
f 3057/3057 2935/2935 3059/3059
f 2935/2935 2936/2936 3059/3059
f 3059/3059 2936/2936 3062/3062
f 2936/2936 2937/2937 3062/3062
f 3062/3062 2937/2937 3064/3064
f 2937/2937 2941/2941 3064/3064
f 3064/3064 2941/2941 3065/3065
f 2942/2942 2943/2943 3067/3067
f 3067/3067 2943/2943 3068/3068
f 2943/2943 2944/2944 3068/3068
f 2945/2945 2946/2946 3069/3069
f 3069/3069 2946/2946 3070/3070
f 2946/2946 2947/2947 3070/3070
f 3070/3070 2947/2947 3071/3071
f 2948/2948 2949/2949 3072/3072
f 3072/3072 2949/2949 3074/3074
f 2949/2949 2950/2950 3074/3074
f 3074/3074 2950/2950 3076/3076
f 2951/2951 2955/2955 3075/3075
f 2955/2955 2960/2960 3075/3075
f 2960/2960 2961/2961 3075/3075
f 3077/3077 2962/2962 3078/3078
f 3078/3078 2962/2962 3080/3080
f 2963/2963 2967/2967 3079/3079
f 3082/3082 2968/2968 3083/3083
f 2969/2969 2970/2970 3086/3086
f 2970/2970 2971/2971 3086/3086
f 3086/3086 2971/2971 3087/3087
f 2972/2972 2973/2973 3090/3090
f 3090/3090 2973/2973 3091/3091
f 2973/2973 2974/2974 3091/3091
f 3091/3091 2974/2974 3092/3092
f 2975/2975 2976/2976 3093/3093
f 2976/2976 2981/2981 3093/3093
f 3093/3093 2981/2981 3095/3095
f 2981/2981 2982/2982 3095/3095
f 3095/3095 2982/2982 3096/3096
f 2982/2982 2985/2985 3096/3096
f 2985/2985 2986/2986 3096/3096
f 3096/3096 2986/2986 3097/3097
f 3097/3097 2986/2986 3098/3098
f 2986/2986 2987/2987 3098/3098
f 2987/2987 2988/2988 3098/3098
f 3098/3098 2988/2988 3100/3100
f 2988/2988 2989/2989 3100/3100
f 2989/2989 1594/1594 3100/3100
f 1594/1594 1595/1595 3100/3100
f 1596/1596 1550/1550 3099/3099
f 1551/1551 1553/1553 3100/3100
f 3100/3100 1553/1553 3101/3101
f 3102/3102 1552/1552 3103/3103
f 1552/1552 1555/1555 3103/3103
f 3103/3103 1555/1555 3104/3104
f 1555/1555 1556/1556 3104/3104
f 3104/3104 1556/1556 3105/3105
f 3105/3105 1556/1556 3107/3107
f 1556/1556 1559/1559 3107/3107
f 1560/1560 1561/1561 3106/3106
f 1561/1561 1562/1562 3106/3106
f 3108/3108 1563/1563 3109/3109
f 1563/1563 1564/1564 3109/3109
f 3109/3109 1564/1564 3110/3110
f 1564/1564 1565/1565 3110/3110
f 3110/3110 1565/1565 3111/3111
f 1565/1565 1566/1566 3111/3111
f 3111/3111 1566/1566 3113/3113
f 3113/3113 1566/1566 3114/3114
f 1566/1566 1567/1567 3114/3114
f 1567/1567 1568/1568 3114/3114
f 3115/3115 1569/1569 3116/3116
f 1569/1569 1570/1570 3116/3116
f 3116/3116 1570/1570 3118/3118
f 1570/1570 1571/1571 3118/3118
f 3118/3118 1571/1571 3119/3119
f 1571/1571 1573/1573 3119/3119
f 3121/3121 1574/1574 3122/3122
f 1574/1574 1576/1576 3122/3122
f 1576/1576 1579/1579 3122/3122
f 3122/3122 1579/1579 3123/3123
f 1579/1579 1580/1580 3123/3123
f 3123/3123 1580/1580 3124/3124
f 1580/1580 1582/1582 3124/3124
f 3124/3124 1582/1582 3125/3125
f 1582/1582 1583/1583 3125/3125
f 1583/1583 1585/1585 3125/3125
f 3125/3125 1585/1585 3126/3126
f 1585/1585 1588/1588 3126/3126
f 3126/3126 1588/1588 3128/3128
f 1589/1589 1591/1591 3127/3127
f 3129/3129 1590/1590 3131/3131
f 1591/1591 1594/1594 3130/3130
f 1594/1594 2991/2991 3130/3130
f 3133/3133 2990/2990 3134/3134
f 2990/2990 2993/2993 3134/3134
f 2993/2993 2994/2994 3134/3134
f 3134/3134 2994/2994 3135/3135
f 2994/2994 2995/2995 3135/3135
f 2995/2995 2996/2996 3135/3135
f 3135/3135 2996/2996 3136/3136
f 3136/3136 2996/2996 3137/3137
f 3138/3138 3137/3137 3139/3139
f 3137/3137 2996/2996 3139/3139
f 2996/2996 2997/2997 3139/3139
f 3139/3139 2997/2997 3141/3141
f 3141/3141 2997/2997 3142/3142
f 2997/2997 2999/2999 3142/3142
f 2999/2999 3003/3003 3142/3142
f 3144/3144 3143/3143 3145/3145
f 3143/3143 3004/3004 3145/3145
f 3004/3004 3005/3005 3145/3145
f 3145/3145 3005/3005 3146/3146
f 3146/3146 3005/3005 3147/3147
f 3005/3005 3006/3006 3147/3147
f 3147/3147 3006/3006 3148/3148
f 3148/3148 3006/3006 3149/3149
f 3006/3006 3007/3007 3149/3149
f 3007/3007 3009/3009 3149/3149
f 3151/3151 3010/3010 3152/3152
f 3010/3010 3012/3012 3152/3152
f 3012/3012 3015/3015 3152/3152
f 3015/3015 3017/3017 3152/3152
f 3152/3152 3017/3017 3153/3153
f 3017/3017 3018/3018 3153/3153
f 3153/3153 3018/3018 3154/3154
f 3154/3154 3018/3018 3155/3155
f 3018/3018 3019/3019 3155/3155
f 3155/3155 3019/3019 3156/3156
f 3019/3019 3020/3020 3156/3156
f 3020/3020 3021/3021 3156/3156
f 3156/3156 3021/3021 3157/3157
f 3021/3021 3022/3022 3157/3157
f 3023/3023 3024/3024 3158/3158
f 3158/3158 3024/3024 3159/3159
f 3159/3159 3024/3024 3160/3160
f 3024/3024 3025/3025 3160/3160
f 3160/3160 3025/3025 3161/3161
f 3025/3025 3026/3026 3161/3161
f 3026/3026 3028/3028 3161/3161
f 3028/3028 1204/1204 3161/3161
f 1203/1203 1171/1171 3162/3162
f 1171/1171 1173/1173 3162/3162
f 3162/3162 1173/1173 3164/3164
f 1173/1173 1174/1174 3164/3164
f 3164/3164 1174/1174 3165/3165
f 1175/1175 1176/1176 3166/3166
f 3166/3166 1176/1176 3168/3168
f 3168/3168 1176/1176 3169/3169
f 1176/1176 1178/1178 3169/3169
f 1178/1178 1180/1180 3169/3169
f 3169/3169 1180/1180 3170/3170
f 1180/1180 1183/1183 3170/3170
f 1183/1183 1184/1184 3170/3170
f 1184/1184 1185/1185 3170/3170
f 3170/3170 1185/1185 3171/3171
f 3173/3173 1186/1186 3174/3174
f 1186/1186 1187/1187 3174/3174
f 1188/1188 1189/1189 3176/3176
f 3176/3176 1189/1189 3178/3178
f 3178/3178 1189/1189 3179/3179
f 1189/1189 1190/1190 3179/3179
f 3179/3179 1190/1190 3180/3180
f 1190/1190 1191/1191 3180/3180
f 3181/3181 1192/1192 3182/3182
f 1192/1192 1193/1193 3182/3182
f 1193/1193 1194/1194 3182/3182
f 3182/3182 1194/1194 3184/3184
f 1195/1195 1196/1196 3183/3183
f 3186/3186 1197/1197 3187/3187
f 1197/1197 1198/1198 3187/3187
f 1198/1198 1200/1200 3187/3187
f 3190/3190 1199/1199 3192/3192
f 1200/1200 1202/1202 3191/3191
f 3194/3194 1201/1201 3195/3195
f 3195/3195 1201/1201 3198/3198
f 1202/1202 1203/1203 3197/3197
f 1204/1204 3028/3028 3196/3196
f 3199/3199 3027/3027 3200/3200
f 3202/3202 3028/3028 3204/3204
f 3028/3028 3029/3029 3204/3204
f 3029/3029 3030/3030 3204/3204
f 3204/3204 3030/3030 3205/3205
f 3030/3030 3031/3031 3205/3205
f 3205/3205 3031/3031 3206/3206
f 3031/3031 3032/3032 3206/3206
f 3032/3032 3033/3033 3206/3206
f 3206/3206 3033/3033 3208/3208
f 3208/3208 3033/3033 3209/3209
f 3033/3033 3034/3034 3209/3209
f 3034/3034 3035/3035 3209/3209
f 3210/3210 3036/3036 3211/3211
f 3036/3036 3038/3038 3211/3211
f 3211/3211 3038/3038 3212/3212
f 3038/3038 3039/3039 3212/3212
f 3212/3212 3039/3039 3213/3213
f 3039/3039 3040/3040 3213/3213
f 3213/3213 3040/3040 3214/3214
f 3040/3040 3041/3041 3214/3214
f 3041/3041 3042/3042 3214/3214
f 3214/3214 3042/3042 3215/3215
f 3043/3043 3044/3044 3216/3216
f 3216/3216 3044/3044 3217/3217
f 3217/3217 3044/3044 3218/3218
f 3044/3044 3045/3045 3218/3218
f 3045/3045 3046/3046 3218/3218
f 3218/3218 3046/3046 3219/3219
f 3046/3046 3047/3047 3219/3219
f 3219/3219 3047/3047 3220/3220
f 3048/3048 3049/3049 3221/3221
f 3049/3049 3050/3050 3221/3221
f 3221/3221 3050/3050 3222/3222
f 3050/3050 3051/3051 3222/3222
f 3051/3051 3052/3052 3222/3222
f 3052/3052 3054/3054 3222/3222
f 3223/3223 3053/3053 3224/3224
f 3053/3053 3056/3056 3224/3224
f 3056/3056 3057/3057 3224/3224
f 3224/3224 3057/3057 3225/3225
f 3057/3057 3059/3059 3225/3225
f 3226/3226 3058/3058 3227/3227
f 3058/3058 3060/3060 3227/3227
f 3227/3227 3060/3060 3228/3228
f 3061/3061 3063/3063 3229/3229
f 3229/3229 3063/3063 3231/3231
f 3063/3063 3066/3066 3231/3231
f 3231/3231 3066/3066 3233/3233
f 3067/3067 3068/3068 3232/3232
f 3069/3069 3070/3070 3233/3233
f 3233/3233 3070/3070 3234/3234
f 3234/3234 3070/3070 3235/3235
f 3070/3070 3071/3071 3235/3235
f 3072/3072 3074/3074 3237/3237
f 3237/3237 3074/3074 3238/3238
f 3073/3073 3077/3077 3239/3239
f 3077/3077 3078/3078 3239/3239
f 3239/3239 3078/3078 3240/3240
f 3078/3078 3080/3080 3240/3240
f 3240/3240 3080/3080 3243/3243
f 3081/3081 3084/3084 3242/3242
f 3085/3085 3088/3088 3241/3241
f 3244/3244 3089/3089 3246/3246
f 3246/3246 3089/3089 3247/3247
f 3090/3090 3091/3091 3249/3249
f 3249/3249 3091/3091 3250/3250
f 3091/3091 3092/3092 3250/3250
f 3250/3250 3092/3092 3251/3251
f 3092/3092 3094/3094 3251/3251
f 3252/3252 3095/3095 3254/3254
f 3095/3095 3096/3096 3254/3254
f 3096/3096 3097/3097 3254/3254
f 3254/3254 3097/3097 3255/3255
f 3097/3097 3098/3098 3255/3255
f 3098/3098 3100/3100 3255/3255
f 3100/3100 3101/3101 3255/3255
f 3256/3256 3102/3102 3257/3257
f 3102/3102 3103/3103 3257/3257
f 3257/3257 3103/3103 3258/3258
f 3103/3103 3104/3104 3258/3258
f 3258/3258 3104/3104 3259/3259
f 3104/3104 3105/3105 3259/3259
f 3259/3259 3105/3105 3260/3260
f 3105/3105 3107/3107 3260/3260
f 3108/3108 3109/3109 3261/3261
f 3261/3261 3109/3109 3262/3262
f 3109/3109 3110/3110 3262/3262
f 3262/3262 3110/3110 3263/3263
f 3110/3110 3111/3111 3263/3263
f 3263/3263 3111/3111 3264/3264
f 3111/3111 3113/3113 3264/3264
f 3265/3265 3112/3112 3267/3267
f 3267/3267 3112/3112 3268/3268
f 3112/3112 3115/3115 3268/3268
f 3115/3115 3116/3116 3268/3268
f 3268/3268 3116/3116 3269/3269
f 3116/3116 3118/3118 3269/3269
f 3272/3272 3117/3117 3274/3274
f 3118/3118 3119/3119 3273/3273
f 3277/3277 3120/3120 3278/3278
f 3121/3121 3122/3122 3279/3279
f 3122/3122 3123/3123 3279/3279
f 3279/3279 3123/3123 3281/3281
f 3123/3123 3124/3124 3281/3281
f 3281/3281 3124/3124 3283/3283
f 3124/3124 3125/3125 3283/3283
f 3125/3125 3126/3126 3283/3283
f 3283/3283 3126/3126 3284/3284
f 3126/3126 3128/3128 3284/3284
f 3284/3284 3128/3128 3285/3285
f 3128/3128 3132/3132 3285/3285
f 3133/3133 3134/3134 3286/3286
f 3286/3286 3134/3134 3287/3287
f 3134/3134 3135/3135 3287/3287
f 3135/3135 3136/3136 3287/3287
f 3287/3287 3136/3136 3288/3288
f 3136/3136 3137/3137 3288/3288
f 3288/3288 3137/3137 3289/3289
f 3137/3137 3138/3138 3289/3289
f 3289/3289 3138/3138 3290/3290
f 3138/3138 3139/3139 3290/3290
f 3139/3139 3141/3141 3290/3290
f 3290/3290 3141/3141 3292/3292
f 3292/3292 3141/3141 3293/3293
f 3140/3140 3143/3143 3294/3294
f 3143/3143 3144/3144 3294/3294
f 3294/3294 3144/3144 3295/3295
f 3144/3144 3145/3145 3295/3295
f 3145/3145 3146/3146 3295/3295
f 3295/3295 3146/3146 3297/3297
f 3301/3301 3304/3304 3306/3306
f 3302/3302 3310/3310 3305/3305
f 3308/3308 3309/3309 3311/3311
f 3311/3311 3309/3309 3312/3312
f 3310/3310 3302/3302 3313/3313
f 3313/3313 3302/3302 3314/3314
f 3320/3320 3323/3323 3324/3324
f 3325/3325 3321/3321 3326/3326
f 3321/3321 3328/3328 3326/3326
f 3329/3329 3330/3330 3331/3331
f 3331/3331 3330/3330 3332/3332
f 3330/3330 3333/3333 3332/3332
f 3332/3332 3333/3333 3334/3334
f 3334/3334 3333/3333 3335/3335
f 3333/3333 3336/3336 3335/3335
f 3335/3335 3336/3336 3337/3337
f 3336/3336 3338/3338 3337/3337
f 3337/3337 3338/3338 3339/3339
f 3339/3339 3338/3338 3340/3340
f 3340/3340 3338/3338 3341/3341
f 3341/3341 3338/3338 3342/3342
f 3342/3342 3338/3338 3343/3343
f 3343/3343 3338/3338 3344/3344
f 3338/3338 3336/3336 3344/3344
f 3344/3344 3336/3336 3345/3345
f 3336/3336 3333/3333 3345/3345
f 3345/3345 3333/3333 3346/3346
f 3346/3346 3333/3333 3347/3347
f 3333/3333 3330/3330 3347/3347
f 3347/3347 3330/3330 3348/3348
f 3330/3330 3329/3329 3348/3348
f 3351/3351 3348/3348 3353/3353
f 3348/3348 3329/3329 3353/3353
f 3329/3329 3354/3354 3353/3353
f 3353/3353 3354/3354 3355/3355
f 3354/3354 3326/3326 3355/3355
f 3326/3326 3328/3328 3355/3355
f 3356/3356 3327/3327 3358/3358
f 3327/3327 3322/3322 3358/3358
f 3322/3322 3316/3316 3358/3358
f 3358/3358 3316/3316 3359/3359
f 3361/3361 3317/3317 3362/3362
f 3365/3365 3318/3318 3366/3366
f 3368/3368 3319/3319 3369/3369
f 3320/3320 3324/3324 3370/3370
f 3370/3370 3324/3324 3371/3371
f 3325/3325 3326/3326 3372/3372
f 3326/3326 3354/3354 3372/3372
f 3372/3372 3354/3354 3374/3374
f 3354/3354 3329/3329 3374/3374
f 3329/3329 3331/3331 3374/3374
f 3374/3374 3331/3331 3377/3377
f 3379/3379 3383/3383 3385/3385
f 3380/3380 3388/3388 3384/3384
f 3388/3388 3392/3392 3384/3384
f 3389/3389 3395/3395 3386/3386
f 3386/3386 3395/3395 3398/3398
f 3398/3398 3395/3395 3399/3399
f 3401/3401 3393/3393 3403/3403
f 3403/3403 3393/3393 3404/3404
f 3394/3394 3390/3390 3405/3405
f 3405/3405 3390/3390 3406/3406
f 3391/3391 3387/3387 3407/3407
f 3387/3387 3381/3381 3407/3407
f 3407/3407 3381/3381 3410/3410
f 3381/3381 3377/3377 3410/3410
f 3377/3377 3331/3331 3410/3410
f 3410/3410 3331/3331 3413/3413
f 3331/3331 3332/3332 3413/3413
f 3413/3413 3332/3332 3415/3415
f 3332/3332 3334/3334 3415/3415
f 3415/3415 3334/3334 3416/3416
f 3416/3416 3334/3334 3417/3417
f 3334/3334 3335/3335 3417/3417
f 3417/3417 3335/3335 3419/3419
f 3335/3335 3337/3337 3419/3419
f 3419/3419 3337/3337 3421/3421
f 3337/3337 3339/3339 3421/3421
f 3421/3421 3339/3339 3423/3423
f 3339/3339 3340/3340 3423/3423
f 3340/3340 3341/3341 3423/3423
f 3423/3423 3341/3341 3426/3426
f 3341/3341 3342/3342 3426/3426
f 3426/3426 3342/3342 3428/3428
f 3428/3428 3342/3342 3431/3431
f 3342/3342 3343/3343 3431/3431
f 3343/3343 3344/3344 3431/3431
f 3431/3431 3344/3344 3433/3433
f 3344/3344 3345/3345 3433/3433
f 3433/3433 3345/3345 3435/3435
f 3345/3345 3346/3346 3435/3435
f 3435/3435 3346/3346 3437/3437
f 3437/3437 3346/3346 3440/3440
f 3346/3346 3347/3347 3440/3440
f 3440/3440 3347/3347 3444/3444
f 3347/3347 3348/3348 3444/3444
f 3444/3444 3348/3348 3446/3446
f 3348/3348 3351/3351 3446/3446
f 3351/3351 3315/3315 3446/3446
f 3446/3446 3315/3315 3447/3447
f 3315/3315 3303/3303 3447/3447
f 3303/3303 3300/3300 3447/3447
f 3448/3448 3301/3301 3449/3449
f 3301/3301 3306/3306 3449/3449
f 3450/3450 3307/3307 3452/3452
f 3452/3452 3307/3307 3453/3453
f 3308/3308 3311/3311 3455/3455
f 3455/3455 3311/3311 3457/3457
f 3311/3311 3312/3312 3457/3457
f 3457/3457 3312/3312 3459/3459
f 3313/3313 3314/3314 3458/3458
f 3314/3314 3349/3349 3458/3458
f 3350/3350 3352/3352 3461/3461
f 3461/3461 3352/3352 3462/3462
f 3352/3352 3356/3356 3462/3462
f 3356/3356 3358/3358 3462/3462
f 3357/3357 3360/3360 3463/3463
f 3463/3463 3360/3360 3465/3465
f 3465/3465 3360/3360 3467/3467
f 3360/3360 3363/3363 3467/3467
f 3364/3364 3367/3367 3466/3466
f 3469/3469 3368/3368 3470/3470
f 3368/3368 3369/3369 3470/3470
f 3473/3473 3370/3370 3475/3475
f 3370/3370 3371/3371 3475/3475
f 3371/3371 3373/3373 3475/3475
f 3475/3475 3373/3373 3479/3479
f 3373/3373 3375/3375 3479/3479
f 3479/3479 3375/3375 3481/3481
f 3376/3376 3382/3382 3480/3480
f 3382/3382 3378/3378 3480/3480
f 3483/3483 3379/3379 3484/3484
f 3379/3379 3385/3385 3484/3484
f 3385/3385 3396/3396 3484/3484
f 3485/3485 3397/3397 3487/3487
f 3397/3397 3400/3400 3487/3487
f 3400/3400 3402/3402 3487/3487
f 3487/3487 3402/3402 3488/3488
f 3489/3489 3403/3403 3491/3491
f 3403/3403 3404/3404 3491/3491
f 3405/3405 3406/3406 3490/3490
f 3406/3406 3408/3408 3490/3490
f 3409/3409 3411/3411 3491/3491
f 3491/3491 3411/3411 3493/3493
f 3412/3412 3414/3414 3492/3492
f 3494/3494 3415/3415 3497/3497
f 3415/3415 3416/3416 3497/3497
f 3497/3497 3416/3416 3499/3499
f 3499/3499 3416/3416 3502/3502
f 3416/3416 3417/3417 3502/3502
f 3502/3502 3417/3417 3506/3506
f 3417/3417 3419/3419 3506/3506
f 3506/3506 3419/3419 3507/3507
f 3418/3418 3420/3420 3508/3508
f 3420/3420 3422/3422 3508/3508
f 3508/3508 3422/3422 3509/3509
f 3422/3422 3424/3424 3509/3509
f 3509/3509 3424/3424 3510/3510
f 3425/3425 3427/3427 3511/3511
f 3511/3511 3427/3427 3512/3512
f 3427/3427 3429/3429 3512/3512
f 3512/3512 3429/3429 3513/3513
f 3430/3430 3432/3432 3514/3514
f 3514/3514 3432/3432 3516/3516
f 3432/3432 3434/3434 3516/3516
f 3516/3516 3434/3434 3518/3518
f 3434/3434 3436/3436 3518/3518
f 3518/3518 3436/3436 3519/3519
f 3519/3519 3436/3436 3521/3521
f 3436/3436 3438/3438 3521/3521
f 3521/3521 3438/3438 3523/3523
f 3439/3439 3441/3441 3522/3522
f 3525/3525 3442/3442 3527/3527
f 3443/3443 3445/3445 3526/3526
f 3445/3445 3448/3448 3526/3526
f 3448/3448 3449/3449 3526/3526
f 3450/3450 3452/3452 3528/3528
f 3528/3528 3452/3452 3529/3529
f 3531/3531 3451/3451 3533/3533
f 3452/3452 3453/3453 3532/3532
f 3454/3454 3456/3456 3533/3533
f 3533/3533 3456/3456 3535/3535
f 3457/3457 3459/3459 3534/3534
f 3536/3536 3460/3460 3537/3537
f 3460/3460 3463/3463 3537/3537
f 3463/3463 3465/3465 3537/3537
f 3540/3540 3464/3464 3542/3542
f 3464/3464 3468/3468 3542/3542
f 3468/3468 3471/3471 3542/3542
f 3542/3542 3471/3471 3544/3544
f 3472/3472 3474/3474 3543/3543
f 3474/3474 3476/3476 3543/3543
f 3546/3546 3477/3477 3549/3549
f 3478/3478 3482/3482 3548/3548
f 3483/3483 3484/3484 3547/3547
f 3484/3484 3486/3486 3547/3547
f 3551/3551 3487/3487 3553/3553
f 3487/3487 3488/3488 3553/3553
f 3553/3553 3488/3488 3554/3554
f 3489/3489 3491/3491 3556/3556
f 3491/3491 3493/3493 3556/3556
f 3556/3556 3493/3493 3557/3557
f 3493/3493 3495/3495 3557/3557
f 3557/3557 3495/3495 3558/3558
f 3496/3496 3498/3498 3559/3559
f 3498/3498 3500/3500 3559/3559
f 3559/3559 3500/3500 3561/3561
f 3501/3501 3503/3503 3560/3560
f 3562/3562 3504/3504 3563/3563
f 3505/3505 3508/3508 3564/3564
f 3564/3564 3508/3508 3565/3565
f 3508/3508 3509/3509 3565/3565
f 3565/3565 3509/3509 3566/3566
f 3509/3509 3510/3510 3566/3566
f 3566/3566 3510/3510 3567/3567
f 3511/3511 3512/3512 3568/3568
f 3568/3568 3512/3512 3569/3569
f 3512/3512 3513/3513 3569/3569
f 3569/3569 3513/3513 3570/3570
f 3513/3513 3515/3515 3570/3570
f 3570/3570 3515/3515 3571/3571
f 3515/3515 3517/3517 3571/3571
f 3571/3571 3517/3517 3572/3572
f 3518/3518 3519/3519 3573/3573
f 3573/3573 3519/3519 3574/3574
f 3519/3519 3521/3521 3574/3574
f 3575/3575 3520/3520 3576/3576
f 3520/3520 3524/3524 3576/3576
f 3576/3576 3524/3524 3578/3578
f 3525/3525 3527/3527 3577/3577
f 3527/3527 3530/3530 3577/3577
f 3579/3579 3531/3531 3580/3580
f 3531/3531 3533/3533 3580/3580
f 3533/3533 3535/3535 3580/3580
f 3581/3581 3536/3536 3582/3582
f 3536/3536 3537/3537 3582/3582
f 3584/3584 3538/3538 3587/3587
f 3539/3539 3541/3541 3586/3586
f 3542/3542 3544/3544 3585/3585
f 3591/3591 3545/3545 3593/3593
f 3546/3546 3549/3549 3592/3592
f 3550/3550 3552/3552 3595/3595
f 3595/3595 3552/3552 3596/3596
f 3552/3552 3555/3555 3596/3596
f 3556/3556 3557/3557 3598/3598
f 3598/3598 3557/3557 3600/3600
f 3557/3557 3558/3558 3600/3600
f 3600/3600 3558/3558 3601/3601
f 3558/3558 3562/3562 3601/3601
f 3562/3562 3563/3563 3601/3601
f 3601/3601 3563/3563 3602/3602
f 3564/3564 3565/3565 3603/3603
f 3603/3603 3565/3565 3605/3605
f 3565/3565 3566/3566 3605/3605
f 3605/3605 3566/3566 3606/3606
f 3566/3566 3567/3567 3606/3606
f 3606/3606 3567/3567 3607/3607
f 3568/3568 3569/3569 3608/3608
f 3608/3608 3569/3569 3609/3609
f 3569/3569 3570/3570 3609/3609
f 3609/3609 3570/3570 3611/3611
f 3570/3570 3571/3571 3611/3611
f 3611/3611 3571/3571 3612/3612
f 3571/3571 3572/3572 3612/3612
f 3613/3613 3573/3573 3614/3614
f 3573/3573 3574/3574 3614/3614
f 3615/3615 3575/3575 3617/3617
f 3575/3575 3576/3576 3617/3617
f 3617/3617 3576/3576 3618/3618
f 3576/3576 3578/3578 3618/3618
f 3578/3578 3581/3581 3618/3618
f 3581/3581 3582/3582 3618/3618
f 3619/3619 3583/3583 3620/3620
f 3621/3621 3622/3622 3625/3625
f 3625/3625 3622/3622 3628/3628
f 3622/3622 3620/3620 3628/3628
f 3628/3628 3620/3620 3629/3629
f 3620/3620 3583/3583 3629/3629
f 3583/3583 3588/3588 3629/3629
f 3631/3631 3589/3589 3632/3632
f 3590/3590 3594/3594 3633/3633
f 3633/3633 3594/3594 3634/3634
f 3594/3594 3597/3597 3634/3634
f 3634/3634 3597/3597 3635/3635
f 3597/3597 3599/3599 3635/3635
f 3636/3636 3600/3600 3637/3637
f 3600/3600 3601/3601 3637/3637
f 3601/3601 3602/3602 3637/3637
f 3637/3637 3602/3602 3638/3638
f 3602/3602 3604/3604 3638/3638
f 3639/3639 3605/3605 3640/3640
f 3605/3605 3606/3606 3640/3640
f 3640/3640 3606/3606 3641/3641
f 3606/3606 3607/3607 3641/3641
f 3641/3641 3607/3607 3642/3642
f 3608/3608 3609/3609 3643/3643
f 3643/3643 3609/3609 3644/3644
f 3609/3609 3611/3611 3644/3644
f 3644/3644 3611/3611 3645/3645
f 3610/3610 3613/3613 3646/3646
f 3646/3646 3613/3613 3647/3647
f 3613/3613 3614/3614 3647/3647
f 3647/3647 3614/3614 3648/3648
f 3614/3614 3616/3616 3648/3648
f 3648/3648 3616/3616 3649/3649
f 3616/3616 3619/3619 3649/3649
f 3649/3649 3619/3619 3650/3650
f 3619/3619 3620/3620 3650/3650
f 3650/3650 3620/3620 3651/3651
f 3620/3620 3622/3622 3651/3651
f 3622/3622 3621/3621 3651/3651
f 3651/3651 3621/3621 3652/3652
f 3621/3621 3654/3654 3652/3652
f 3652/3652 3654/3654 3655/3655
f 3656/3656 3653/3653 3657/3657
f 3657/3657 3653/3653 3658/3658
f 3660/3660 3654/3654 3662/3662
f 3654/3654 3621/3621 3662/3662
f 3621/3621 3625/3625 3662/3662
f 3299/3299 3665/3665 3666/3666
f 3661/3661 3623/3623 3667/3667
f 3667/3667 3623/3623 3668/3668
f 3624/3624 3626/3626 3669/3669
f 3669/3669 3626/3626 3670/3670
f 3627/3627 3630/3630 3671/3671
f 3630/3630 3633/3633 3671/3671
f 3671/3671 3633/3633 3672/3672
f 3633/3633 3634/3634 3672/3672
f 3672/3672 3634/3634 3673/3673
f 3634/3634 3635/3635 3673/3673
f 3674/3674 3636/3636 3675/3675
f 3636/3636 3637/3637 3675/3675
f 3637/3637 3638/3638 3675/3675
f 3675/3675 3638/3638 3676/3676
f 3639/3639 3640/3640 3677/3677
f 3677/3677 3640/3640 3679/3679
f 3640/3640 3641/3641 3679/3679
f 3679/3679 3641/3641 3681/3681
f 3641/3641 3642/3642 3681/3681
f 3681/3681 3642/3642 3682/3682
f 3643/3643 3644/3644 3683/3683
f 3683/3683 3644/3644 3684/3684
f 3644/3644 3645/3645 3684/3684
f 3684/3684 3645/3645 3685/3685
f 3646/3646 3647/3647 3686/3686
f 3686/3686 3647/3647 3688/3688
f 3647/3647 3648/3648 3688/3688
f 3688/3688 3648/3648 3689/3689
f 3648/3648 3649/3649 3689/3689
f 3689/3689 3649/3649 3690/3690
f 3649/3649 3650/3650 3690/3690
f 3650/3650 3651/3651 3690/3690
f 3690/3690 3651/3651 3691/3691
f 3651/3651 3652/3652 3691/3691
f 3652/3652 3655/3655 3691/3691
f 3691/3691 3655/3655 3692/3692
f 3693/3693 3656/3656 3694/3694
f 3656/3656 3657/3657 3694/3694
f 3694/3694 3657/3657 3695/3695
f 3695/3695 3657/3657 3696/3696
f 3657/3657 3658/3658 3696/3696
f 3697/3697 3659/3659 3698/3698
f 3698/3698 3659/3659 3700/3700
f 3659/3659 3663/3663 3700/3700
f 3664/3664 3296/3296 3699/3699
f 3297/3297 3146/3146 3701/3701
f 3146/3146 3147/3147 3701/3701
f 3701/3701 3147/3147 3702/3702
f 3147/3147 3148/3148 3702/3702
f 3702/3702 3148/3148 3703/3703
f 3703/3703 3148/3148 3704/3704
f 3148/3148 3149/3149 3704/3704
f 3705/3705 3150/3150 3706/3706
f 3151/3151 3152/3152 3707/3707
f 3152/3152 3153/3153 3707/3707
f 3707/3707 3153/3153 3709/3709
f 3153/3153 3154/3154 3709/3709
f 3709/3709 3154/3154 3711/3711
f 3154/3154 3155/3155 3711/3711
f 3711/3711 3155/3155 3713/3713
f 3713/3713 3155/3155 3714/3714
f 3155/3155 3156/3156 3714/3714
f 3156/3156 3157/3157 3714/3714
f 3158/3158 3159/3159 3715/3715
f 3715/3715 3159/3159 3716/3716
f 3716/3716 3159/3159 3717/3717
f 3159/3159 3160/3160 3717/3717
f 3717/3717 3160/3160 3718/3718
f 3160/3160 3161/3161 3718/3718
f 3162/3162 3164/3164 3719/3719
f 3719/3719 3164/3164 3720/3720
f 3163/3163 3166/3166 3723/3723
f 3723/3723 3166/3166 3724/3724
f 3166/3166 3168/3168 3724/3724
f 3727/3727 3167/3167 3729/3729
f 3729/3729 3167/3167 3731/3731
f 3168/3168 3169/3169 3730/3730
f 3169/3169 3170/3170 3730/3730
f 3170/3170 3171/3171 3730/3730
f 3732/3732 3172/3172 3733/3733
f 3172/3172 3175/3175 3733/3733
f 3175/3175 3177/3177 3733/3733
f 3733/3733 3177/3177 3734/3734
f 3178/3178 3179/3179 3735/3735
f 3735/3735 3179/3179 3738/3738
f 3738/3738 3179/3179 3739/3739
f 3179/3179 3180/3180 3739/3739
f 3742/3742 3181/3181 3743/3743
f 3181/3181 3182/3182 3743/3743
f 3182/3182 3184/3184 3743/3743
f 3746/3746 3185/3185 3748/3748
f 3185/3185 3188/3188 3748/3748
f 3748/3748 3188/3188 3750/3750
f 3189/3189 3193/3193 3749/3749
f 3752/3752 3194/3194 3754/3754
f 3194/3194 3195/3195 3754/3754
f 3754/3754 3195/3195 3755/3755
f 3195/3195 3198/3198 3755/3755
f 3198/3198 3201/3201 3755/3755
f 3755/3755 3201/3201 3757/3757
f 3202/3202 3204/3204 3756/3756
f 3757/3757 3203/3203 3759/3759
f 3204/3204 3205/3205 3758/3758
f 3205/3205 3206/3206 3758/3758
f 3206/3206 3208/3208 3758/3758
f 3760/3760 3207/3207 3761/3761
f 3207/3207 3210/3210 3761/3761
f 3210/3210 3211/3211 3761/3761
f 3761/3761 3211/3211 3762/3762
f 3211/3211 3212/3212 3762/3762
f 3762/3762 3212/3212 3763/3763
f 3212/3212 3213/3213 3763/3763
f 3213/3213 3214/3214 3763/3763
f 3763/3763 3214/3214 3764/3764
f 3214/3214 3215/3215 3764/3764
f 3764/3764 3215/3215 3765/3765
f 3216/3216 3217/3217 3766/3766
f 3766/3766 3217/3217 3767/3767
f 3767/3767 3217/3217 3768/3768
f 3217/3217 3218/3218 3768/3768
f 3768/3768 3218/3218 3769/3769
f 3218/3218 3219/3219 3769/3769
f 3219/3219 3220/3220 3769/3769
f 3769/3769 3220/3220 3771/3771
f 3221/3221 3222/3222 3770/3770
f 3772/3772 3223/3223 3773/3773
f 3223/3223 3224/3224 3773/3773
f 3224/3224 3225/3225 3773/3773
f 3774/3774 3226/3226 3775/3775
f 3226/3226 3227/3227 3775/3775
f 3775/3775 3227/3227 3777/3777
f 3227/3227 3228/3228 3777/3777
f 3777/3777 3228/3228 3778/3778
f 3228/3228 3230/3230 3778/3778
f 3780/3780 3231/3231 3782/3782
f 3231/3231 3233/3233 3782/3782
f 3233/3233 3234/3234 3782/3782
f 3782/3782 3234/3234 3783/3783
f 3234/3234 3235/3235 3783/3783
f 3236/3236 3239/3239 3785/3785
f 3785/3785 3239/3239 3787/3787
f 3239/3239 3240/3240 3787/3787
f 3787/3787 3240/3240 3789/3789
f 3240/3240 3243/3243 3789/3789
f 3243/3243 3245/3245 3789/3789
f 3789/3789 3245/3245 3790/3790
f 3245/3245 3248/3248 3790/3790
f 3792/3792 3249/3249 3793/3793
f 3249/3249 3250/3250 3793/3793
f 3793/3793 3250/3250 3794/3794
f 3250/3250 3251/3251 3794/3794
f 3794/3794 3251/3251 3795/3795
f 3251/3251 3253/3253 3795/3795
f 3253/3253 3256/3256 3795/3795
f 3256/3256 3257/3257 3795/3795
f 3795/3795 3257/3257 3796/3796
f 3257/3257 3258/3258 3796/3796
f 3796/3796 3258/3258 3797/3797
f 3258/3258 3259/3259 3797/3797
f 3797/3797 3259/3259 3798/3798
f 3259/3259 3260/3260 3798/3798
f 3798/3798 3260/3260 3799/3799
f 3261/3261 3262/3262 3800/3800
f 3800/3800 3262/3262 3801/3801
f 3262/3262 3263/3263 3801/3801
f 3801/3801 3263/3263 3802/3802
f 3263/3263 3264/3264 3802/3802
f 3802/3802 3264/3264 3803/3803
f 3264/3264 3266/3266 3803/3803
f 3804/3804 3267/3267 3806/3806
f 3806/3806 3267/3267 3807/3807
f 3267/3267 3268/3268 3807/3807
f 3268/3268 3269/3269 3807/3807
f 3810/3810 3270/3270 3812/3812
f 3271/3271 3275/3275 3811/3811
f 3814/3814 3276/3276 3815/3815
f 3276/3276 3279/3279 3815/3815
f 3279/3279 3281/3281 3815/3815
f 3816/3816 3280/3280 3817/3817
f 3280/3280 3282/3282 3817/3817
f 3283/3283 3284/3284 3818/3818
f 3818/3818 3284/3284 3819/3819
f 3284/3284 3285/3285 3819/3819
f 3820/3820 3286/3286 3821/3821
f 3286/3286 3287/3287 3821/3821
f 3821/3821 3287/3287 3822/3822
f 3287/3287 3288/3288 3822/3822
f 3822/3822 3288/3288 3823/3823
f 3823/3823 3288/3288 3824/3824
f 3288/3288 3289/3289 3824/3824
f 3824/3824 3289/3289 3825/3825
f 3289/3289 3290/3290 3825/3825
f 3290/3290 3292/3292 3825/3825
f 3826/3826 3291/3291 3827/3827
f 3291/3291 3294/3294 3827/3827
f 3294/3294 3295/3295 3827/3827
f 3827/3827 3295/3295 3828/3828
f 3295/3295 3297/3297 3828/3828
f 3298/3298 3667/3667 3829/3829
f 3829/3829 3667/3667 3830/3830
f 3667/3667 3668/3668 3830/3830
f 3830/3830 3668/3668 3831/3831
f 3668/3668 3671/3671 3831/3831
f 3671/3671 3672/3672 3831/3831
f 3831/3831 3672/3672 3832/3832
f 3672/3672 3673/3673 3832/3832
f 3833/3833 3674/3674 3834/3834
f 3674/3674 3675/3675 3834/3834
f 3675/3675 3676/3676 3834/3834
f 3834/3834 3676/3676 3836/3836
f 3677/3677 3679/3679 3835/3835
f 3838/3838 3678/3678 3839/3839
f 3679/3679 3681/3681 3840/3840
f 3840/3840 3681/3681 3841/3841
f 3680/3680 3683/3683 3842/3842
f 3842/3842 3683/3683 3843/3843
f 3683/3683 3684/3684 3843/3843
f 3843/3843 3684/3684 3844/3844
f 3684/3684 3685/3685 3844/3844
f 3844/3844 3685/3685 3845/3845
f 3685/3685 3687/3687 3845/3845
f 3845/3845 3687/3687 3846/3846
f 3688/3688 3689/3689 3847/3847
f 3847/3847 3689/3689 3848/3848
f 3689/3689 3690/3690 3848/3848
f 3690/3690 3691/3691 3848/3848
f 3691/3691 3692/3692 3848/3848
f 3848/3848 3692/3692 3849/3849
f 3851/3851 3693/3693 3852/3852
f 3693/3693 3694/3694 3852/3852
f 3852/3852 3694/3694 3853/3853
f 3694/3694 3695/3695 3853/3853
f 3853/3853 3695/3695 3854/3854
f 3854/3854 3695/3695 3856/3856
f 3695/3695 3696/3696 3856/3856
f 3697/3697 3698/3698 3855/3855
f 3698/3698 3700/3700 3855/3855
f 3701/3701 3702/3702 3857/3857
f 3702/3702 3703/3703 3857/3857
f 3857/3857 3703/3703 3858/3858
f 3703/3703 3704/3704 3858/3858
f 3859/3859 3705/3705 3860/3860
f 3705/3705 3706/3706 3860/3860
f 3706/3706 3708/3708 3860/3860
f 3860/3860 3708/3708 3861/3861
f 3708/3708 3710/3710 3861/3861
f 3861/3861 3710/3710 3862/3862
f 3710/3710 3712/3712 3862/3862
f 3862/3862 3712/3712 3863/3863
f 3712/3712 3715/3715 3863/3863
f 3715/3715 3716/3716 3863/3863
f 3863/3863 3716/3716 3864/3864
f 3716/3716 3717/3717 3864/3864
f 3864/3864 3717/3717 3867/3867
f 3717/3717 3718/3718 3867/3867
f 3719/3719 3720/3720 3866/3866
f 3872/3872 3868/3868 3875/3875
f 3865/3865 3721/3721 3874/3874
f 3722/3722 3725/3725 3873/3873
f 3878/3878 3726/3726 3880/3880
f 3727/3727 3729/3729 3879/3879
f 3882/3882 3728/3728 3883/3883
f 3728/3728 3732/3732 3883/3883
f 3732/3732 3733/3733 3883/3883
f 3733/3733 3734/3734 3883/3883
f 3883/3883 3734/3734 3885/3885
f 3734/3734 3736/3736 3885/3885
f 3885/3885 3736/3736 3886/3886
f 3737/3737 3740/3740 3888/3888
f 3888/3888 3740/3740 3890/3890
f 3741/3741 3744/3744 3889/3889
f 3745/3745 3747/3747 3890/3890
f 3890/3890 3747/3747 3891/3891
f 3747/3747 3751/3751 3891/3891
f 3891/3891 3751/3751 3892/3892
f 3751/3751 3753/3753 3892/3892
f 3892/3892 3753/3753 3893/3893
f 3754/3754 3755/3755 3894/3894
f 3755/3755 3757/3757 3894/3894
f 3894/3894 3757/3757 3896/3896
f 3757/3757 3759/3759 3896/3896
f 3896/3896 3759/3759 3897/3897
f 3760/3760 3761/3761 3898/3898
f 3898/3898 3761/3761 3899/3899
f 3761/3761 3762/3762 3899/3899
f 3762/3762 3763/3763 3899/3899
f 3899/3899 3763/3763 3900/3900
f 3763/3763 3764/3764 3900/3900
f 3900/3900 3764/3764 3901/3901
f 3764/3764 3765/3765 3901/3901
f 3901/3901 3765/3765 3902/3902
f 3766/3766 3767/3767 3903/3903
f 3903/3903 3767/3767 3904/3904
f 3904/3904 3767/3767 3905/3905
f 3767/3767 3768/3768 3905/3905
f 3768/3768 3769/3769 3905/3905
f 3905/3905 3769/3769 3906/3906
f 3769/3769 3771/3771 3906/3906
f 3906/3906 3771/3771 3907/3907
f 3771/3771 3774/3774 3907/3907
f 3774/3774 3775/3775 3907/3907
f 3907/3907 3775/3775 3908/3908
f 3775/3775 3777/3777 3908/3908
f 3908/3908 3777/3777 3909/3909
f 3910/3910 3776/3776 3911/3911
f 3776/3776 3779/3779 3911/3911
f 3779/3779 3781/3781 3911/3911
f 3781/3781 3784/3784 3911/3911
f 3784/3784 3786/3786 3911/3911
f 3911/3911 3786/3786 3913/3913
f 3786/3786 3788/3788 3913/3913
f 3789/3789 3790/3790 3912/3912
f 3913/3913 3791/3791 3914/3914
f 3915/3915 3792/3792 3916/3916
f 3792/3792 3793/3793 3916/3916
f 3916/3916 3793/3793 3917/3917
f 3793/3793 3794/3794 3917/3917
f 3917/3917 3794/3794 3918/3918
f 3794/3794 3795/3795 3918/3918
f 3795/3795 3796/3796 3918/3918
f 3918/3918 3796/3796 3919/3919
f 3796/3796 3797/3797 3919/3919
f 3919/3919 3797/3797 3920/3920
f 3797/3797 3798/3798 3920/3920
f 3920/3920 3798/3798 3921/3921
f 3798/3798 3799/3799 3921/3921
f 3923/3923 3800/3800 3924/3924
f 3800/3800 3801/3801 3924/3924
f 3924/3924 3801/3801 3925/3925
f 3801/3801 3802/3802 3925/3925
f 3925/3925 3802/3802 3926/3926
f 3802/3802 3803/3803 3926/3926
f 3928/3928 3804/3804 3930/3930
f 3804/3804 3806/3806 3930/3930
f 3930/3930 3806/3806 3933/3933
f 3805/3805 3808/3808 3932/3932
f 3809/3809 3813/3813 3931/3931
f 3935/3935 3814/3814 3936/3936
f 3814/3814 3815/3815 3936/3936
f 3815/3815 3818/3818 3936/3936
f 3818/3818 3819/3819 3936/3936
f 3937/3937 3820/3820 3938/3938
f 3820/3820 3821/3821 3938/3938
f 3938/3938 3821/3821 3939/3939
f 3821/3821 3822/3822 3939/3939
f 3939/3939 3822/3822 3940/3940
f 3822/3822 3823/3823 3940/3940
f 3940/3940 3823/3823 3941/3941
f 3823/3823 3824/3824 3941/3941
f 3941/3941 3824/3824 3942/3942
f 3824/3824 3825/3825 3942/3942
f 3943/3943 3826/3826 3944/3944
f 3826/3826 3827/3827 3944/3944
f 3944/3944 3827/3827 3945/3945
f 3827/3827 3828/3828 3945/3945
f 3945/3945 3828/3828 3946/3946
f 3829/3829 3830/3830 3947/3947
f 3947/3947 3830/3830 3948/3948
f 3830/3830 3831/3831 3948/3948
f 3831/3831 3832/3832 3948/3948
f 3950/3950 3833/3833 3953/3953
f 3833/3833 3834/3834 3953/3953
f 3834/3834 3836/3836 3953/3953
f 3953/3953 3836/3836 3954/3954
f 3837/3837 3840/3840 3955/3955
f 3955/3955 3840/3840 3956/3956
f 3840/3840 3841/3841 3956/3956
f 3956/3956 3841/3841 3957/3957
f 3842/3842 3843/3843 3958/3958
f 3958/3958 3843/3843 3959/3959
f 3843/3843 3844/3844 3959/3959
f 3959/3959 3844/3844 3960/3960
f 3844/3844 3845/3845 3960/3960
f 3960/3960 3845/3845 3962/3962
f 3845/3845 3846/3846 3962/3962
f 3962/3962 3846/3846 3964/3964
f 3847/3847 3848/3848 3963/3963
f 3848/3848 3849/3849 3963/3963
f 3965/3965 3850/3850 3966/3966
f 3851/3851 3852/3852 3967/3967
f 3967/3967 3852/3852 3968/3968
f 3852/3852 3853/3853 3968/3968
f 3968/3968 3853/3853 3969/3969
f 3853/3853 3854/3854 3969/3969
f 3969/3969 3854/3854 3970/3970
f 3854/3854 3856/3856 3970/3970
f 3856/3856 3859/3859 3970/3970
f 3859/3859 3860/3860 3970/3970
f 3860/3860 3861/3861 3970/3970
f 3970/3970 3861/3861 3971/3971
f 3861/3861 3862/3862 3971/3971
f 3971/3971 3862/3862 3972/3972
f 3862/3862 3863/3863 3972/3972
f 3972/3972 3863/3863 3973/3973
f 3863/3863 3864/3864 3973/3973
f 3973/3973 3864/3864 3975/3975
f 3864/3864 3867/3867 3975/3975
f 3868/3868 3872/3872 3974/3974
f 3976/3976 3869/3869 3977/3977
f 3980/3980 3870/3870 3983/3983
f 3871/3871 3876/3876 3982/3982
f 3877/3877 3881/3881 3981/3981
f 3986/3986 3882/3882 3987/3987
f 3882/3882 3883/3883 3987/3987
f 3883/3883 3885/3885 3987/3987
f 3988/3988 3884/3884 3989/3989
f 3884/3884 3887/3887 3989/3989
f 3990/3990 3888/3888 3992/3992
f 3888/3888 3890/3890 3992/3992
f 3890/3890 3891/3891 3992/3992
f 3992/3992 3891/3891 3993/3993
f 3891/3891 3892/3892 3993/3993
f 3993/3993 3892/3892 3994/3994
f 3892/3892 3893/3893 3994/3994
f 3893/3893 3895/3895 3994/3994
f 3994/3994 3895/3895 3995/3995
f 3895/3895 3898/3898 3995/3995
f 3995/3995 3898/3898 3996/3996
f 3898/3898 3899/3899 3996/3996
f 3996/3996 3899/3899 3997/3997
f 3899/3899 3900/3900 3997/3997
f 3900/3900 3901/3901 3997/3997
f 3997/3997 3901/3901 3998/3998
f 3901/3901 3902/3902 3998/3998
f 3998/3998 3902/3902 3999/3999
f 3903/3903 3904/3904 4000/4000
f 4000/4000 3904/3904 4001/4001
f 3904/3904 3905/3905 4001/4001
f 4001/4001 3905/3905 4002/4002
f 3905/3905 3906/3906 4002/4002
f 4002/4002 3906/3906 4003/4003
f 3906/3906 3907/3907 4003/4003
f 4003/4003 3907/3907 4004/4004
f 3907/3907 3908/3908 4004/4004
f 4004/4004 3908/3908 4005/4005
f 3908/3908 3909/3909 4005/4005
f 4006/4006 3910/3910 4007/4007
f 3910/3910 3911/3911 4007/4007
f 3911/3911 3913/3913 4007/4007
f 3913/3913 3914/3914 4007/4007
f 4009/4009 3915/3915 4010/4010
f 3915/3915 3916/3916 4010/4010
f 3916/3916 3917/3917 4010/4010
f 4010/4010 3917/3917 4011/4011
f 4011/4011 3917/3917 4012/4012
f 3917/3917 3918/3918 4012/4012
f 3918/3918 3919/3919 4012/4012
f 4012/4012 3919/3919 4013/4013
f 3919/3919 3920/3920 4013/4013
f 3920/3920 3921/3921 4013/4013
f 4013/4013 3921/3921 4014/4014
f 4015/4015 3922/3922 4016/4016
f 3923/3923 3924/3924 4017/4017
f 4017/4017 3924/3924 4018/4018
f 3924/3924 3925/3925 4018/4018
f 4018/4018 3925/3925 4019/4019
f 3925/3925 3926/3926 4019/4019
f 3927/3927 3929/3929 4020/4020
f 4020/4020 3929/3929 4021/4021
f 4021/4021 3929/3929 4022/4022
f 3929/3929 3934/3934 4022/4022
f 3934/3934 3937/3937 4022/4022
f 3937/3937 3938/3938 4022/4022
f 4022/4022 3938/3938 4023/4023
f 3938/3938 3939/3939 4023/4023
f 4023/4023 3939/3939 4024/4024
f 3939/3939 3940/3940 4024/4024
f 4024/4024 3940/3940 4025/4025
f 3940/3940 3941/3941 4025/4025
f 4025/4025 3941/3941 4026/4026
f 3941/3941 3942/3942 4026/4026
f 3943/3943 3944/3944 4027/4027
f 4027/4027 3944/3944 4029/4029
f 3944/3944 3945/3945 4029/4029
f 4029/4029 3945/3945 4030/4030
f 3945/3945 3946/3946 4030/4030
f 4030/4030 3946/3946 4033/4033
f 3947/3947 3948/3948 4032/4032
f 3949/3949 3951/3951 4031/4031
f 3952/3952 3955/3955 4034/4034
f 4034/4034 3955/3955 4036/4036
f 3955/3955 3956/3956 4036/4036
f 4036/4036 3956/3956 4038/4038
f 3956/3956 3957/3957 4038/4038
f 4038/4038 3957/3957 4039/4039
f 3958/3958 3959/3959 4042/4042
f 4042/4042 3959/3959 4043/4043
f 3959/3959 3960/3960 4043/4043
f 4043/4043 3960/3960 4045/4045
f 3960/3960 3962/3962 4045/4045
f 4045/4045 3962/3962 4046/4046
f 3961/3961 3965/3965 4047/4047
f 4047/4047 3965/3965 4049/4049
f 3965/3965 3966/3966 4049/4049
f 4049/4049 3966/3966 4050/4050
f 3967/3967 3968/3968 4051/4051
f 4051/4051 3968/3968 4052/4052
f 3968/3968 3969/3969 4052/4052
f 4052/4052 3969/3969 4053/4053
f 3969/3969 3970/3970 4053/4053
f 3970/3970 3971/3971 4053/4053
f 3971/3971 3972/3972 4053/4053
f 4053/4053 3972/3972 4054/4054
f 3972/3972 3973/3973 4054/4054
f 4054/4054 3973/3973 4055/4055
f 3973/3973 3975/3975 4055/4055
f 3975/3975 3978/3978 4055/4055
f 4055/4055 3978/3978 4056/4056
f 4056/4056 3978/3978 4057/4057
f 4059/4059 3979/3979 4060/4060
f 3979/3979 3984/3984 4060/4060
f 3985/3985 3988/3988 4061/4061
f 3988/3988 3989/3989 4061/4061
f 4061/4061 3989/3989 4062/4062
f 3989/3989 3991/3991 4062/4062
f 3992/3992 3993/3993 4063/4063
f 4063/4063 3993/3993 4065/4065
f 4065/4065 3993/3993 4066/4066
f 3993/3993 3994/3994 4066/4066
f 3994/3994 3995/3995 4066/4066
f 4066/4066 3995/3995 4067/4067
f 4067/4067 3995/3995 4068/4068
f 3995/3995 3996/3996 4068/4068
f 4068/4068 3996/3996 4069/4069
f 3996/3996 3997/3997 4069/4069
f 4069/4069 3997/3997 4070/4070
f 3997/3997 3998/3998 4070/4070
f 3998/3998 3999/3999 4070/4070
f 4070/4070 3999/3999 4071/4071
f 4000/4000 4001/4001 4072/4072
f 4072/4072 4001/4001 4073/4073
f 4073/4073 4001/4001 4074/4074
f 4001/4001 4002/4002 4074/4074
f 4002/4002 4003/4003 4074/4074
f 4074/4074 4003/4003 4075/4075
f 4003/4003 4004/4004 4075/4075
f 4004/4004 4005/4005 4075/4075
f 4075/4075 4005/4005 4076/4076
f 4076/4076 4005/4005 4077/4077
f 4005/4005 4008/4008 4077/4077
f 4009/4009 4010/4010 4078/4078
f 4010/4010 4011/4011 4078/4078
f 4078/4078 4011/4011 4080/4080
f 4011/4011 4012/4012 4080/4080
f 4080/4080 4012/4012 4081/4081
f 4012/4012 4013/4013 4081/4081
f 4013/4013 4014/4014 4081/4081
f 4082/4082 4015/4015 4083/4083
f 4083/4083 4015/4015 4084/4084
f 4015/4015 4016/4016 4084/4084
f 4085/4085 4017/4017 4086/4086
f 4017/4017 4018/4018 4086/4086
f 4086/4086 4018/4018 4087/4087
f 4018/4018 4019/4019 4087/4087
f 4088/4088 4089/4089 4091/4091
f 4091/4091 4089/4089 4092/4092
f 4089/4089 4087/4087 4092/4092
f 4087/4087 4019/4019 4092/4092
f 4020/4020 4021/4021 4093/4093
f 4021/4021 4022/4022 4093/4093
f 4022/4022 4023/4023 4093/4093
f 4023/4023 4024/4024 4093/4093
f 4093/4093 4024/4024 4094/4094
f 4094/4094 4024/4024 4095/4095
f 4024/4024 4025/4025 4095/4095
f 4097/4097 4095/4095 4098/4098
f 4095/4095 4025/4025 4098/4098
f 4025/4025 4026/4026 4098/4098
f 4026/4026 4028/4028 4098/4098
f 4098/4098 4028/4028 4099/4099
f 4029/4029 4030/4030 4100/4100
f 4100/4100 4030/4030 4101/4101
f 4030/4030 4033/4033 4101/4101
f 4033/4033 4035/4035 4101/4101
f 4102/4102 4101/4101 4105/4105
f 4101/4101 4035/4035 4105/4105
f 4036/4036 4038/4038 4104/4104
f 4037/4037 4040/4040 4103/4103
f 4107/4107 4041/4041 4108/4108
f 4042/4042 4043/4043 4109/4109
f 4109/4109 4043/4043 4110/4110
f 4043/4043 4045/4045 4110/4110
f 4110/4110 4045/4045 4111/4111
f 4044/4044 4047/4047 4112/4112
f 4112/4112 4047/4047 4113/4113
f 4047/4047 4049/4049 4113/4113
f 4113/4113 4049/4049 4114/4114
f 4048/4048 4051/4051 4115/4115
f 4115/4115 4051/4051 4116/4116
f 4051/4051 4052/4052 4116/4116
f 4116/4116 4052/4052 4117/4117
f 4052/4052 4053/4053 4117/4117
f 4053/4053 4054/4054 4117/4117
f 4117/4117 4054/4054 4118/4118
f 4054/4054 4055/4055 4118/4118
f 4055/4055 4056/4056 4118/4118
f 4118/4118 4056/4056 4120/4120
f 4056/4056 4057/4057 4120/4120
f 4120/4120 4057/4057 4121/4121
f 4058/4058 4061/4061 4123/4123
f 4061/4061 4062/4062 4123/4123
f 4062/4062 4064/4064 4123/4123
f 4123/4123 4064/4064 4124/4124
f 4065/4065 4066/4066 4125/4125
f 4066/4066 4067/4067 4125/4125
f 4125/4125 4067/4067 4126/4126
f 4067/4067 4068/4068 4126/4126
f 4126/4126 4068/4068 4127/4127
f 4068/4068 4069/4069 4127/4127
f 4069/4069 4070/4070 4127/4127
f 4127/4127 4070/4070 4128/4128
f 4070/4070 4071/4071 4128/4128
f 4128/4128 4071/4071 4129/4129
f 4072/4072 4073/4073 4130/4130
f 4130/4130 4073/4073 4131/4131
f 4073/4073 4074/4074 4131/4131
f 4131/4131 4074/4074 4132/4132
f 4074/4074 4075/4075 4132/4132
f 4075/4075 4076/4076 4132/4132
f 4132/4132 4076/4076 4133/4133
f 4133/4133 4076/4076 4134/4134
f 4076/4076 4077/4077 4134/4134
f 4077/4077 4079/4079 4134/4134
f 4134/4134 4079/4079 4135/4135
f 4079/4079 4082/4082 4135/4135
f 4082/4082 4083/4083 4135/4135
f 4135/4135 4083/4083 4136/4136
f 4083/4083 4084/4084 4136/4136
f 4136/4136 4084/4084 4137/4137
f 4085/4085 4086/4086 4138/4138
f 4138/4138 4086/4086 4139/4139
f 4086/4086 4087/4087 4139/4139
f 4087/4087 4089/4089 4139/4139
f 4139/4139 4089/4089 4140/4140
f 4089/4089 4088/4088 4140/4140
f 4140/4140 4088/4088 4141/4141
f 4141/4141 4088/4088 4142/4142
f 4088/4088 4091/4091 4142/4142
f 4142/4142 4091/4091 4143/4143
f 4090/4090 4093/4093 4144/4144
f 4093/4093 4094/4094 4144/4144
f 4144/4144 4094/4094 4147/4147
f 4094/4094 4095/4095 4147/4147
f 4095/4095 4097/4097 4147/4147
f 4147/4147 4097/4097 4148/4148
f 4150/4150 4149/4149 4152/4152
f 4149/4149 4096/4096 4152/4152
f 4097/4097 4098/4098 4151/4151
f 4098/4098 4099/4099 4151/4151
f 4100/4100 4101/4101 4153/4153
f 4101/4101 4102/4102 4153/4153
f 4153/4153 4102/4102 4154/4154
f 4102/4102 4105/4105 4154/4154
f 4106/4106 4109/4109 4155/4155
f 4109/4109 4110/4110 4155/4155
f 4155/4155 4110/4110 4156/4156
f 4110/4110 4111/4111 4156/4156
f 4156/4156 4111/4111 4157/4157
f 4112/4112 4113/4113 4158/4158
f 4158/4158 4113/4113 4159/4159
f 4159/4159 4113/4113 4160/4160
f 4113/4113 4114/4114 4160/4160
f 4115/4115 4116/4116 4161/4161
f 4161/4161 4116/4116 4163/4163
f 4116/4116 4117/4117 4163/4163
f 4117/4117 4118/4118 4163/4163
f 4163/4163 4118/4118 4164/4164
f 4118/4118 4120/4120 4164/4164
f 4165/4165 4119/4119 4166/4166
f 4119/4119 4122/4122 4166/4166
f 4122/4122 4125/4125 4166/4166
f 4166/4166 4125/4125 4167/4167
f 4125/4125 4126/4126 4167/4167
f 4167/4167 4126/4126 4168/4168
f 4126/4126 4127/4127 4168/4168
f 4168/4168 4127/4127 4169/4169
f 4127/4127 4128/4128 4169/4169
f 4128/4128 4129/4129 4169/4169
f 4169/4169 4129/4129 4170/4170
f 4130/4130 4131/4131 4171/4171
f 4171/4171 4131/4131 4172/4172
f 4131/4131 4132/4132 4172/4172
f 4132/4132 4133/4133 4172/4172
f 4172/4172 4133/4133 4173/4173
f 4133/4133 4134/4134 4173/4173
f 4134/4134 4135/4135 4173/4173
f 4173/4173 4135/4135 4174/4174
f 4135/4135 4136/4136 4174/4174
f 4136/4136 4175/4175 4174/4174
f 4174/4174 4175/4175 4176/4176
f 4178/4178 4179/4179 4181/4181
f 4183/4183 4181/4181 4184/4184
f 4181/4181 4179/4179 4184/4184
f 4185/4185 4184/4184 4186/4186
f 4186/4186 4184/4184 4187/4187
f 4184/4184 4179/4179 4187/4187
f 4179/4179 4178/4178 4187/4187
f 4187/4187 4178/4178 4188/4188
f 4178/4178 4194/4194 4188/4188
f 4190/4190 4191/4191 4195/4195
f 4198/4198 4192/4192 4199/4199
f 4200/4200 4193/4193 4201/4201
f 4201/4201 4193/4193 4202/4202
f 4202/4202 4193/4193 4204/4204
f 4193/4193 4177/4177 4204/4204
f 4178/4178 4181/4181 4203/4203
f 4205/4205 4180/4180 4207/4207
f 4207/4207 4180/4180 4208/4208
f 4208/4208 4180/4180 4209/4209
f 4180/4180 4182/4182 4209/4209
f 4210/4210 4209/4209 4211/4211
f 4209/4209 4182/4182 4211/4211
f 4183/4183 4184/4184 4212/4212
f 4184/4184 4185/4185 4212/4212
f 4214/4214 4212/4212 4215/4215
f 4212/4212 4185/4185 4215/4215
f 4185/4185 4186/4186 4215/4215
f 4218/4218 4216/4216 4219/4219
f 4215/4215 4186/4186 4222/4222
f 4222/4222 4186/4186 4223/4223
f 4186/4186 4187/4187 4223/4223
f 4187/4187 4188/4188 4223/4223
f 4189/4189 4196/4196 4224/4224
f 4224/4224 4196/4196 4226/4226
f 4196/4196 4228/4228 4226/4226
f 4226/4226 4228/4228 4230/4230
f 4228/4228 4232/4232 4230/4230
f 4230/4230 4232/4232 4233/4233
f 4232/4232 4236/4236 4233/4233
f 4233/4233 4236/4236 4237/4237
f 4234/4234 4176/4176 4239/4239
f 4239/4239 4176/4176 4241/4241
f 4176/4176 4175/4175 4241/4241
f 4241/4241 4175/4175 4242/4242
f 4175/4175 4136/4136 4242/4242
f 4136/4136 4137/4137 4242/4242
f 4243/4243 4138/4138 4244/4244
f 4138/4138 4139/4139 4244/4244
f 4139/4139 4140/4140 4244/4244
f 4140/4140 4141/4141 4244/4244
f 4244/4244 4141/4141 4245/4245
f 4245/4245 4141/4141 4247/4247
f 4247/4247 4141/4141 4248/4248
f 4141/4141 4142/4142 4248/4248
f 4142/4142 4143/4143 4248/4248
f 4143/4143 4145/4145 4248/4248
f 4146/4146 4149/4149 4249/4249
f 4249/4249 4149/4149 4250/4250
f 4149/4149 4150/4150 4250/4250
f 4250/4250 4150/4150 4251/4251
f 4251/4251 4150/4150 4252/4252
f 4150/4150 4152/4152 4252/4252
f 4252/4252 4152/4152 4253/4253
f 4152/4152 4155/4155 4253/4253
f 4155/4155 4156/4156 4253/4253
f 4253/4253 4156/4156 4254/4254
f 4156/4156 4157/4157 4254/4254
f 4255/4255 4158/4158 4256/4256
f 4158/4158 4159/4159 4256/4256
f 4256/4256 4159/4159 4257/4257
f 4257/4257 4159/4159 4258/4258
f 4159/4159 4160/4160 4258/4258
f 4160/4160 4162/4162 4258/4258
f 4258/4258 4162/4162 4259/4259
f 4162/4162 4165/4165 4259/4259
f 4165/4165 4166/4166 4259/4259
f 4259/4259 4166/4166 4260/4260
f 4166/4166 4167/4167 4260/4260
f 4260/4260 4167/4167 4261/4261
f 4167/4167 4168/4168 4261/4261
f 4261/4261 4168/4168 4262/4262
f 4168/4168 4169/4169 4262/4262
f 4169/4169 4170/4170 4262/4262
f 4262/4262 4170/4170 4263/4263
f 4171/4171 4172/4172 4264/4264
f 4264/4264 4172/4172 4265/4265
f 4172/4172 4173/4173 4265/4265
f 4173/4173 4174/4174 4265/4265
f 4265/4265 4174/4174 4266/4266
f 4174/4174 4176/4176 4266/4266
f 4266/4266 4176/4176 4268/4268
f 4176/4176 4234/4234 4268/4268
f 4268/4268 4234/4234 4269/4269
f 4235/4235 4231/4231 4270/4270
f 4270/4270 4231/4231 4271/4271
f 4231/4231 4227/4227 4271/4271
f 4272/4272 4228/4228 4273/4273
f 4228/4228 4196/4196 4273/4273
f 4197/4197 4200/4200 4274/4274
f 4274/4274 4200/4200 4275/4275
f 4200/4200 4201/4201 4275/4275
f 4275/4275 4201/4201 4278/4278
f 4278/4278 4201/4201 4279/4279
f 4201/4201 4202/4202 4279/4279
f 4202/4202 4204/4204 4279/4279
f 4204/4204 4206/4206 4279/4279
f 4280/4280 4207/4207 4281/4281
f 4281/4281 4207/4207 4282/4282
f 4207/4207 4208/4208 4282/4282
f 4208/4208 4209/4209 4282/4282
f 4282/4282 4209/4209 4283/4283
f 4209/4209 4210/4210 4283/4283
f 4283/4283 4210/4210 4284/4284
f 4210/4210 4211/4211 4284/4284
f 4211/4211 4213/4213 4284/4284
f 4287/4287 4285/4285 4290/4290
f 4284/4284 4213/4213 4289/4289
f 4214/4214 4215/4215 4288/4288
f 4216/4216 4218/4218 4293/4293
f 4293/4293 4218/4218 4295/4295
f 4217/4217 4220/4220 4294/4294
f 4297/4297 4221/4221 4300/4300
f 4222/4222 4223/4223 4299/4299
f 4224/4224 4226/4226 4298/4298
f 4300/4300 4225/4225 4302/4302
f 4226/4226 4230/4230 4301/4301
f 4302/4302 4229/4229 4303/4303
f 4230/4230 4233/4233 4304/4304
f 4304/4304 4233/4233 4306/4306
f 4233/4233 4237/4237 4306/4306
f 4306/4306 4237/4237 4307/4307
f 4238/4238 4240/4240 4308/4308
f 4308/4308 4240/4240 4309/4309
f 4240/4240 4243/4243 4309/4309
f 4243/4243 4244/4244 4309/4309
f 4309/4309 4244/4244 4310/4310
f 4244/4244 4245/4245 4310/4310
f 4312/4312 4310/4310 4313/4313
f 4310/4310 4245/4245 4313/4313
f 4245/4245 4247/4247 4313/4313
f 4314/4314 4246/4246 4315/4315
f 4315/4315 4246/4246 4316/4316
f 4246/4246 4249/4249 4316/4316
f 4249/4249 4250/4250 4316/4316
f 4250/4250 4251/4251 4316/4316
f 4316/4316 4251/4251 4317/4317
f 4251/4251 4252/4252 4317/4317
f 4317/4317 4252/4252 4318/4318
f 4252/4252 4253/4253 4318/4318
f 4253/4253 4254/4254 4318/4318
f 4318/4318 4254/4254 4319/4319
f 4255/4255 4256/4256 4320/4320
f 4320/4320 4256/4256 4321/4321
f 4256/4256 4257/4257 4321/4321
f 4321/4321 4257/4257 4322/4322
f 4257/4257 4258/4258 4322/4322
f 4258/4258 4259/4259 4322/4322
f 4259/4259 4260/4260 4322/4322
f 4322/4322 4260/4260 4323/4323
f 4260/4260 4261/4261 4323/4323
f 4261/4261 4262/4262 4323/4323
f 4323/4323 4262/4262 4324/4324
f 4262/4262 4263/4263 4324/4324
f 4324/4324 4263/4263 4325/4325
f 4264/4264 4265/4265 4326/4326
f 4265/4265 4266/4266 4326/4326
f 4326/4326 4266/4266 4328/4328
f 4266/4266 4268/4268 4328/4328
f 4328/4328 4268/4268 4329/4329
f 4267/4267 4270/4270 4331/4331
f 4331/4331 4270/4270 4332/4332
f 4270/4270 4271/4271 4332/4332
f 4332/4332 4271/4271 4333/4333
f 4271/4271 4274/4274 4333/4333
f 4274/4274 4275/4275 4333/4333
f 4333/4333 4275/4275 4334/4334
f 4275/4275 4278/4278 4334/4334
f 4335/4335 4276/4276 4336/4336
f 4277/4277 4280/4280 4337/4337
f 4280/4280 4281/4281 4337/4337
f 4337/4337 4281/4281 4338/4338
f 4281/4281 4282/4282 4338/4338
f 4282/4282 4283/4283 4338/4338
f 4338/4338 4283/4283 4340/4340
f 4283/4283 4284/4284 4340/4340
f 4285/4285 4287/4287 4339/4339
f 4342/4342 4286/4286 4343/4343
f 4286/4286 4291/4291 4343/4343
f 4344/4344 4292/4292 4345/4345
f 4292/4292 4296/4296 4345/4345
f 4346/4346 4297/4297 4347/4347
f 4297/4297 4300/4300 4347/4347
f 4300/4300 4302/4302 4347/4347
f 4347/4347 4302/4302 4348/4348
f 4302/4302 4303/4303 4348/4348
f 4348/4348 4303/4303 4349/4349
f 4303/4303 4305/4305 4349/4349
f 4349/4349 4305/4305 4351/4351
f 4305/4305 4308/4308 4351/4351
f 4351/4351 4308/4308 4353/4353
f 4308/4308 4309/4309 4353/4353
f 4309/4309 4310/4310 4353/4353
f 4353/4353 4310/4310 4354/4354
f 4310/4310 4312/4312 4354/4354
f 4355/4355 4311/4311 4356/4356
f 4311/4311 4314/4314 4356/4356
f 4314/4314 4315/4315 4356/4356
f 4356/4356 4315/4315 4357/4357
f 4315/4315 4316/4316 4357/4357
f 4316/4316 4317/4317 4357/4357
f 4317/4317 4318/4318 4357/4357
f 4318/4318 4319/4319 4357/4357
f 4357/4357 4319/4319 4358/4358
f 4320/4320 4321/4321 4359/4359
f 4359/4359 4321/4321 4360/4360
f 4360/4360 4321/4321 4361/4361
f 4321/4321 4322/4322 4361/4361
f 4322/4322 4323/4323 4361/4361
f 4323/4323 4324/4324 4361/4361
f 4361/4361 4324/4324 4362/4362
f 4324/4324 4325/4325 4362/4362
f 4325/4325 4327/4327 4362/4362
f 4362/4362 4327/4327 4363/4363
f 4327/4327 4330/4330 4363/4363
f 4364/4364 4331/4331 4367/4367
f 4331/4331 4332/4332 4367/4367
f 4367/4367 4332/4332 4368/4368
f 4332/4332 4333/4333 4368/4368
f 4333/4333 4334/4334 4368/4368
f 4369/4369 4335/4335 4370/4370
f 4335/4335 4336/4336 4370/4370
f 4371/4371 4337/4337 4372/4372
f 4337/4337 4338/4338 4372/4372
f 4372/4372 4338/4338 4373/4373
f 4338/4338 4340/4340 4373/4373
f 4341/4341 4344/4344 4374/4374
f 4374/4374 4344/4344 4375/4375
f 4344/4344 4345/4345 4375/4375
f 4375/4375 4345/4345 4376/4376
f 4346/4346 4347/4347 4377/4377
f 4347/4347 4348/4348 4377/4377
f 4377/4377 4348/4348 4379/4379
f 4348/4348 4349/4349 4379/4379
f 4379/4379 4349/4349 4381/4381
f 4349/4349 4351/4351 4381/4381
f 4381/4381 4351/4351 4384/4384
f 4350/4350 4352/4352 4383/4383
f 4353/4353 4354/4354 4382/4382
f 4385/4385 4355/4355 4386/4386
f 4355/4355 4356/4356 4386/4386
f 4386/4386 4356/4356 4387/4387
f 4356/4356 4357/4357 4387/4387
f 4357/4357 4358/4358 4387/4387
f 4388/4388 4359/4359 4390/4390
f 4359/4359 4360/4360 4390/4390
f 4390/4390 4360/4360 4391/4391
f 4360/4360 4361/4361 4391/4391
f 4361/4361 4362/4362 4391/4391
f 4362/4362 4363/4363 4391/4391
f 4391/4391 4363/4363 4392/4392
f 4363/4363 4365/4365 4392/4392
f 4393/4393 4366/4366 4394/4394
f 4366/4366 4369/4369 4394/4394
f 4369/4369 4370/4370 4394/4394
f 4395/4395 4371/4371 4396/4396
f 4371/4371 4372/4372 4396/4396
f 4396/4396 4372/4372 4397/4397
f 4372/4372 4373/4373 4397/4397
f 4374/4374 4375/4375 4398/4398
f 4398/4398 4375/4375 4399/4399
f 4375/4375 4376/4376 4399/4399
f 4376/4376 4378/4378 4399/4399
f 4399/4399 4378/4378 4400/4400
f 4378/4378 4380/4380 4400/4400
f 4400/4400 4380/4380 4401/4401
f 4380/4380 4385/4385 4401/4401
f 4385/4385 4386/4386 4401/4401
f 4401/4401 4386/4386 4402/4402
f 4386/4386 4387/4387 4402/4402
f 4387/4387 4389/4389 4402/4402
f 4403/4403 4390/4390 4404/4404
f 4390/4390 4391/4391 4404/4404
f 4391/4391 4392/4392 4404/4404
f 4406/4406 4393/4393 4407/4407
f 4393/4393 4394/4394 4407/4407
f 4395/4395 4396/4396 4409/4409
f 4409/4409 4396/4396 4410/4410
f 4396/4396 4397/4397 4410/4410
f 4398/4398 4399/4399 4411/4411
f 4399/4399 4400/4400 4411/4411
f 4411/4411 4400/4400 4413/4413
f 4400/4400 4401/4401 4413/4413
f 4401/4401 4402/4402 4413/4413
f 4402/4402 4405/4405 4413/4413
f 4405/4405 4408/4408 4413/4413
f 4416/4416 4418/4418 4420/4420
f 4420/4420 4418/4418 4423/4423
f 4418/4418 4425/4425 4423/4423
f 4425/4425 4427/4427 4423/4423
f 4423/4423 4427/4427 4429/4429
f 4427/4427 4433/4433 4429/4429
f 4436/4436 4429/4429 4438/4438
f 4429/4429 4433/4433 4438/4438
f 4441/4441 4443/4443 4444/4444
f 4443/4443 4447/4447 4444/4444
f 4447/4447 4438/4438 4444/4444
f 4438/4438 4433/4433 4444/4444
f 4445/4445 4430/4430 4448/4448
f 4448/4448 4430/4430 4449/4449
f 4450/4450 4431/4431 4451/4451
f 4432/4432 4426/4426 4452/4452
f 4452/4452 4426/4426 4453/4453
f 4426/4426 4424/4424 4453/4453
f 4453/4453 4424/4424 4454/4454
f 4424/4424 4417/4417 4454/4454
f 4454/4454 4417/4417 4455/4455
f 4417/4417 4414/4414 4455/4455
f 4456/4456 4415/4415 4457/4457
f 4415/4415 4419/4419 4457/4457
f 4457/4457 4419/4419 4458/4458
f 4419/4419 4421/4421 4458/4458
f 4459/4459 4422/4422 4460/4460
f 4422/4422 4428/4428 4460/4460
f 4428/4428 4434/4434 4460/4460
f 4460/4460 4434/4434 4461/4461
f 4435/4435 4437/4437 4462/4462
f 4462/4462 4437/4437 4463/4463
f 4437/4437 4446/4446 4463/4463
f 4463/4463 4446/4446 4465/4465
f 4446/4446 4442/4442 4465/4465
f 4465/4465 4442/4442 4466/4466
f 4442/4442 4439/4439 4466/4466
f 4469/4469 4440/4440 4471/4471
f 4440/4440 4445/4445 4471/4471
f 4445/4445 4448/4448 4471/4471
f 4471/4471 4448/4448 4473/4473
f 4473/4473 4448/4448 4475/4475
f 4448/4448 4449/4449 4475/4475
f 4475/4475 4449/4449 4477/4477
f 4450/4450 4451/4451 4476/4476
f 4479/4479 4452/4452 4480/4480
f 4452/4452 4453/4453 4480/4480
f 4453/4453 4454/4454 4480/4480
f 4480/4480 4454/4454 4481/4481
f 4454/4454 4455/4455 4481/4481
f 4481/4481 4455/4455 4482/4482
f 4456/4456 4457/4457 4483/4483
f 4483/4483 4457/4457 4484/4484
f 4457/4457 4458/4458 4484/4484
f 4484/4484 4458/4458 4485/4485
f 4486/4486 4459/4459 4487/4487
f 4459/4459 4460/4460 4487/4487
f 4487/4487 4460/4460 4488/4488
f 4460/4460 4461/4461 4488/4488
f 4489/4489 4462/4462 4491/4491
f 4462/4462 4463/4463 4491/4491
f 4463/4463 4465/4465 4491/4491
f 4491/4491 4465/4465 4493/4493
f 4464/4464 4467/4467 4492/4492
f 4495/4495 4468/4468 4497/4497
f 4469/4469 4471/4471 4496/4496
f 4499/4499 4470/4470 4500/4500
f 4471/4471 4473/4473 4502/4502
f 4502/4502 4473/4473 4503/4503
f 4505/4505 4504/4504 4507/4507
f 4503/4503 4473/4473 4506/4506
f 4472/4472 4474/4474 4507/4507
f 4507/4507 4474/4474 4508/4508
f 4474/4474 4478/4478 4508/4508
f 4509/4509 4479/4479 4511/4511
f 4479/4479 4480/4480 4511/4511
f 4480/4480 4481/4481 4511/4511
f 4511/4511 4481/4481 4512/4512
f 4512/4512 4481/4481 4513/4513
f 4481/4481 4482/4482 4513/4513
f 4514/4514 4483/4483 4515/4515
f 4483/4483 4484/4484 4515/4515
f 4484/4484 4485/4485 4515/4515
f 4515/4515 4485/4485 4516/4516
f 4486/4486 4487/4487 4517/4517
f 4517/4517 4487/4487 4518/4518
f 4487/4487 4488/4488 4518/4518
f 4518/4518 4488/4488 4519/4519
f 4488/4488 4490/4490 4519/4519
f 4519/4519 4490/4490 4520/4520
f 4491/4491 4493/4493 4522/4522
f 4522/4522 4493/4493 4523/4523
f 4494/4494 4498/4498 4524/4524
f 4524/4524 4498/4498 4525/4525
f 4498/4498 4501/4501 4525/4525
f 4525/4525 4501/4501 4527/4527
f 4502/4502 4503/4503 4526/4526
f 4529/4529 4504/4504 4531/4531
f 4504/4504 4505/4505 4531/4531
f 4531/4531 4505/4505 4532/4532
f 4532/4532 4505/4505 4533/4533
f 4505/4505 4507/4507 4533/4533
f 4507/4507 4508/4508 4533/4533
f 4508/4508 4510/4510 4533/4533
f 4533/4533 4510/4510 4534/4534
f 4511/4511 4512/4512 4535/4535
f 4535/4535 4512/4512 4537/4537
f 4512/4512 4513/4513 4537/4537
f 4537/4537 4513/4513 4538/4538
f 4514/4514 4515/4515 4539/4539
f 4539/4539 4515/4515 4540/4540
f 4515/4515 4516/4516 4540/4540
f 4540/4540 4516/4516 4541/4541
f 4517/4517 4518/4518 4542/4542
f 4542/4542 4518/4518 4543/4543
f 4518/4518 4519/4519 4543/4543
f 4543/4543 4519/4519 4544/4544
f 4519/4519 4520/4520 4544/4544
f 4544/4544 4520/4520 4545/4545
f 4521/4521 4524/4524 4546/4546
f 4546/4546 4524/4524 4547/4547
f 4547/4547 4524/4524 4548/4548
f 4524/4524 4525/4525 4548/4548
f 4525/4525 4527/4527 4548/4548
f 4548/4548 4527/4527 4549/4549
f 4528/4528 4530/4530 4550/4550
f 4552/4552 4550/4550 4553/4553
f 4550/4550 4530/4530 4553/4553
f 4531/4531 4532/4532 4554/4554
f 4554/4554 4532/4532 4556/4556
f 4532/4532 4557/4557 4556/4556
f 4556/4556 4557/4557 4559/4559
f 4559/4559 4557/4557 4561/4561
f 4561/4561 4557/4557 4562/4562
f 4562/4562 4557/4557 4563/4563
f 4557/4557 4532/4532 4563/4563
f 4532/4532 4533/4533 4563/4563
f 4533/4533 4534/4534 4563/4563
f 4563/4563 4534/4534 4564/4564
f 4534/4534 4536/4536 4564/4564
f 4564/4564 4536/4536 4566/4566
f 4537/4537 4538/4538 4565/4565
f 4568/4568 4539/4539 4569/4569
f 4539/4539 4540/4540 4569/4569
f 4569/4569 4540/4540 4570/4570
f 4540/4540 4541/4541 4570/4570
f 4570/4570 4541/4541 4571/4571
f 4542/4542 4543/4543 4572/4572
f 4572/4572 4543/4543 4573/4573
f 4543/4543 4544/4544 4573/4573
f 4573/4573 4544/4544 4574/4574
f 4544/4544 4545/4545 4574/4574
f 4574/4574 4545/4545 4575/4575
f 4546/4546 4547/4547 4576/4576
f 4576/4576 4547/4547 4577/4577
f 4547/4547 4548/4548 4577/4577
f 4577/4577 4548/4548 4578/4578
f 4548/4548 4549/4549 4578/4578
f 4549/4549 4551/4551 4578/4578
f 4578/4578 4551/4551 4579/4579
f 4552/4552 4553/4553 4580/4580
f 4553/4553 4555/4555 4580/4580
f 4580/4580 4555/4555 4582/4582
f 4555/4555 4558/4558 4582/4582
f 4582/4582 4558/4558 4584/4584
f 4584/4584 4558/4558 4585/4585
f 4558/4558 4560/4560 4585/4585
f 4588/4588 4586/4586 4590/4590
f 4585/4585 4560/4560 4589/4589
f 4592/4592 4561/4561 4593/4593
f 4561/4561 4562/4562 4593/4593
f 4593/4593 4562/4562 4594/4594
f 4562/4562 4563/4563 4594/4594
f 4563/4563 4564/4564 4594/4594
f 4564/4564 4566/4566 4594/4594
f 4595/4595 4567/4567 4596/4596
f 4568/4568 4569/4569 4598/4598
f 4598/4598 4569/4569 4599/4599
f 4569/4569 4570/4570 4599/4599
f 4599/4599 4570/4570 4601/4601
f 4570/4570 4571/4571 4601/4601
f 4601/4601 4571/4571 4602/4602
f 4572/4572 4573/4573 4603/4603
f 4603/4603 4573/4573 4604/4604
f 4573/4573 4574/4574 4604/4604
f 4604/4604 4574/4574 4605/4605
f 4605/4605 4574/4574 4606/4606
f 4574/4574 4575/4575 4606/4606
f 4576/4576 4577/4577 4607/4607
f 4607/4607 4577/4577 4608/4608
f 4577/4577 4578/4578 4608/4608
f 4608/4608 4578/4578 4609/4609
f 4578/4578 4579/4579 4609/4609
f 4609/4609 4579/4579 4610/4610
f 4579/4579 4581/4581 4610/4610
f 4610/4610 4581/4581 4611/4611
f 4581/4581 4583/4583 4611/4611
f 4611/4611 4583/4583 4612/4612
f 4612/4612 4583/4583 4613/4613
f 4584/4584 4585/4585 4614/4614
f 4585/4585 4587/4587 4614/4614
f 4614/4614 4587/4587 4616/4616
f 4616/4616 4587/4587 4617/4617
f 4617/4617 4587/4587 4618/4618
f 4587/4587 4591/4591 4618/4618
f 4619/4619 4592/4592 4620/4620
f 4592/4592 4593/4593 4620/4620
f 4620/4620 4593/4593 4622/4622
f 4593/4593 4594/4594 4622/4622
f 4594/4594 4597/4597 4622/4622
f 4622/4622 4597/4597 4623/4623
f 4598/4598 4599/4599 4625/4625
f 4625/4625 4599/4599 4626/4626
f 4599/4599 4601/4601 4626/4626
f 4626/4626 4601/4601 4627/4627
f 4600/4600 4603/4603 4628/4628
f 4628/4628 4603/4603 4630/4630
f 4603/4603 4604/4604 4630/4630
f 4630/4630 4604/4604 4631/4631
f 4604/4604 4605/4605 4631/4631
f 4631/4631 4605/4605 4632/4632
f 4605/4605 4606/4606 4632/4632
f 4632/4632 4606/4606 4633/4633
f 4607/4607 4608/4608 4634/4634
f 4634/4634 4608/4608 4635/4635
f 4608/4608 4609/4609 4635/4635
f 4609/4609 4610/4610 4635/4635
f 4635/4635 4610/4610 4636/4636
f 4610/4610 4611/4611 4636/4636
f 4636/4636 4611/4611 4637/4637
f 4611/4611 4612/4612 4637/4637
f 4637/4637 4612/4612 4638/4638
f 4638/4638 4612/4612 4639/4639
f 4612/4612 4613/4613 4639/4639
f 4613/4613 4615/4615 4639/4639
f 4639/4639 4615/4615 4640/4640
f 4640/4640 4615/4615 4641/4641
f 4616/4616 4617/4617 4643/4643
f 4643/4643 4617/4617 4644/4644
f 4644/4644 4617/4617 4645/4645
f 4617/4617 4618/4618 4645/4645
f 4646/4646 4619/4619 4648/4648
f 4619/4619 4620/4620 4648/4648
f 4648/4648 4620/4620 4649/4649
f 4620/4620 4622/4622 4649/4649
f 4621/4621 4624/4624 4650/4650
f 4650/4650 4624/4624 4651/4651
f 4625/4625 4626/4626 4652/4652
f 4652/4652 4626/4626 4653/4653
f 4626/4626 4627/4627 4653/4653
f 4653/4653 4627/4627 4654/4654
f 4627/4627 4629/4629 4654/4654
f 4654/4654 4629/4629 4655/4655
f 4630/4630 4631/4631 4656/4656
f 4656/4656 4631/4631 4657/4657
f 4631/4631 4632/4632 4657/4657
f 4657/4657 4632/4632 4658/4658
f 4632/4632 4633/4633 4658/4658
f 4658/4658 4633/4633 4659/4659
f 4634/4634 4635/4635 4660/4660
f 4635/4635 4636/4636 4660/4660
f 4660/4660 4636/4636 4662/4662
f 4636/4636 4637/4637 4662/4662
f 4662/4662 4637/4637 4664/4664
f 4637/4637 4638/4638 4664/4664
f 4664/4664 4638/4638 4667/4667
f 4667/4667 4638/4638 4668/4668
f 4638/4638 4639/4639 4668/4668
f 4639/4639 4640/4640 4668/4668
f 4668/4668 4640/4640 4669/4669
f 4669/4669 4640/4640 4670/4670
f 4640/4640 4641/4641 4670/4670
f 4671/4671 4642/4642 4672/4672
f 4643/4643 4644/4644 4673/4673
f 4673/4673 4644/4644 4674/4674
f 4674/4674 4644/4644 4675/4675
f 4644/4644 4645/4645 4675/4675
f 4676/4676 4646/4646 4677/4677
f 4646/4646 4648/4648 4677/4677
f 4678/4678 4647/4647 4680/4680
f 4648/4648 4649/4649 4679/4679
f 4650/4650 4651/4651 4680/4680
f 4680/4680 4651/4651 4681/4681
f 4652/4652 4653/4653 4682/4682
f 4682/4682 4653/4653 4683/4683
f 4653/4653 4654/4654 4683/4683
f 4683/4683 4654/4654 4684/4684
f 4654/4654 4655/4655 4684/4684
f 4684/4684 4655/4655 4685/4685
f 4656/4656 4657/4657 4686/4686
f 4686/4686 4657/4657 4687/4687
f 4657/4657 4658/4658 4687/4687
f 4687/4687 4658/4658 4688/4688
f 4658/4658 4659/4659 4688/4688
f 4659/4659 4661/4661 4688/4688
f 4688/4688 4661/4661 4689/4689
f 4661/4661 4663/4663 4689/4689
f 4689/4689 4663/4663 4690/4690
f 4663/4663 4665/4665 4690/4690
f 4691/4691 4666/4666 4693/4693
f 4693/4693 4666/4666 4694/4694
f 4667/4667 4668/4668 4695/4695
f 4668/4668 4669/4669 4695/4695
f 4695/4695 4669/4669 4697/4697
f 4669/4669 4670/4670 4697/4697
f 4697/4697 4670/4670 4698/4698
f 4671/4671 4672/4672 4699/4699
f 4700/4700 4701/4701 4703/4703
f 4701/4701 4699/4699 4703/4703
f 4703/4703 4699/4699 4704/4704
f 4699/4699 4672/4672 4704/4704
f 4673/4673 4674/4674 4705/4705
f 4705/4705 4674/4674 4706/4706
f 4706/4706 4674/4674 4707/4707
f 4674/4674 4675/4675 4707/4707
f 4709/4709 4676/4676 4710/4710
f 4676/4676 4677/4677 4710/4710
f 4711/4711 4678/4678 4712/4712
f 4678/4678 4680/4680 4712/4712
f 4680/4680 4681/4681 4712/4712
f 4712/4712 4681/4681 4713/4713
f 4682/4682 4683/4683 4714/4714
f 4714/4714 4683/4683 4715/4715
f 4683/4683 4684/4684 4715/4715
f 4715/4715 4684/4684 4716/4716
f 4684/4684 4685/4685 4716/4716
f 4716/4716 4685/4685 4717/4717
f 4686/4686 4687/4687 4718/4718
f 4718/4718 4687/4687 4719/4719
f 4687/4687 4688/4688 4719/4719
f 4688/4688 4689/4689 4719/4719
f 4719/4719 4689/4689 4720/4720
f 4689/4689 4690/4690 4720/4720
f 4720/4720 4690/4690 4721/4721
f 4690/4690 4692/4692 4721/4721
f 4722/4722 4693/4693 4723/4723
f 4723/4723 4693/4693 4724/4724
f 4693/4693 4694/4694 4724/4724
f 4695/4695 4697/4697 4725/4725
f 4725/4725 4697/4697 4726/4726
f 4696/4696 4699/4699 4727/4727
f 4699/4699 4701/4701 4727/4727
f 4727/4727 4701/4701 4728/4728
f 4701/4701 4700/4700 4728/4728
f 4728/4728 4700/4700 4729/4729
f 4730/4730 4731/4731 4732/4732
f 4731/4731 4733/4733 4732/4732
f 4732/4732 4733/4733 4734/4734
f 4733/4733 4729/4729 4734/4734
f 4729/4729 4700/4700 4734/4734
f 4734/4734 4700/4700 4735/4735
f 4700/4700 4703/4703 4735/4735
f 4735/4735 4703/4703 4736/4736
f 4702/4702 4705/4705 4738/4738
f 4705/4705 4706/4706 4738/4738
f 4738/4738 4706/4706 4739/4739
f 4706/4706 4707/4707 4739/4739
f 4741/4741 4708/4708 4743/4743
f 4709/4709 4710/4710 4742/4742
f 4745/4745 4711/4711 4746/4746
f 4711/4711 4712/4712 4746/4746
f 4712/4712 4713/4713 4746/4746
f 4746/4746 4713/4713 4747/4747
f 4714/4714 4715/4715 4748/4748
f 4748/4748 4715/4715 4749/4749
f 4715/4715 4716/4716 4749/4749
f 4749/4749 4716/4716 4750/4750
f 4716/4716 4717/4717 4750/4750
f 4750/4750 4717/4717 4751/4751
f 4718/4718 4719/4719 4752/4752
f 4719/4719 4720/4720 4752/4752
f 4752/4752 4720/4720 4753/4753
f 4720/4720 4721/4721 4753/4753
f 4758/4758 4756/4756 4759/4759
f 4756/4756 4722/4722 4759/4759
f 4722/4722 4723/4723 4759/4759
f 4760/4760 4759/4759 4761/4761
f 4759/4759 4723/4723 4761/4761
f 4723/4723 4724/4724 4761/4761
f 4761/4761 4724/4724 4763/4763
f 4725/4725 4726/4726 4762/4762
f 4727/4727 4728/4728 4764/4764
f 4764/4764 4728/4728 4766/4766
f 4766/4766 4728/4728 4768/4768
f 4728/4728 4729/4729 4768/4768
f 4729/4729 4733/4733 4768/4768
f 4768/4768 4733/4733 4770/4770
f 4770/4770 4733/4733 4772/4772
f 4733/4733 4731/4731 4772/4772
f 4772/4772 4731/4731 4774/4774
f 4774/4774 4731/4731 4775/4775
f 4731/4731 4730/4730 4775/4775
f 4775/4775 4730/4730 4776/4776
f 4777/4777 4778/4778 4779/4779
f 4778/4778 4776/4776 4779/4779
f 4776/4776 4730/4730 4779/4779
f 4779/4779 4730/4730 4780/4780
f 4730/4730 4732/4732 4780/4780
f 4780/4780 4732/4732 4781/4781
f 4732/4732 4734/4734 4781/4781
f 4734/4734 4735/4735 4781/4781
f 4781/4781 4735/4735 4782/4782
f 4735/4735 4736/4736 4782/4782
f 4785/4785 4737/4737 4787/4787
f 4738/4738 4739/4739 4786/4786
f 4789/4789 4740/4740 4790/4790
f 4740/4740 4744/4744 4790/4790
f 4791/4791 4745/4745 4792/4792
f 4745/4745 4746/4746 4792/4792
f 4746/4746 4747/4747 4792/4792
f 4792/4792 4747/4747 4793/4793
f 4748/4748 4749/4749 4794/4794
f 4794/4794 4749/4749 4795/4795
f 4749/4749 4750/4750 4795/4795
f 4795/4795 4750/4750 4796/4796
f 4750/4750 4751/4751 4796/4796
f 4751/4751 4754/4754 4796/4796
f 4796/4796 4754/4754 4797/4797
f 4755/4755 4757/4757 4798/4798
f 4798/4798 4757/4757 4799/4799
f 4758/4758 4759/4759 4800/4800
f 4759/4759 4760/4760 4800/4800
f 4800/4800 4760/4760 4802/4802
f 4802/4802 4760/4760 4803/4803
f 4803/4803 4760/4760 4804/4804
f 4760/4760 4761/4761 4804/4804
f 4761/4761 4763/4763 4804/4804
f 4763/4763 4765/4765 4804/4804
f 4765/4765 4767/4767 4804/4804
f 4804/4804 4767/4767 4805/4805
f 4767/4767 4769/4769 4805/4805
f 4805/4805 4769/4769 4806/4806
f 4806/4806 4769/4769 4807/4807
f 4769/4769 4771/4771 4807/4807
f 4807/4807 4771/4771 4808/4808
f 4771/4771 4773/4773 4808/4808
f 4808/4808 4773/4773 4810/4810
f 4810/4810 4773/4773 4811/4811
f 4774/4774 4775/4775 4812/4812
f 4812/4812 4775/4775 4813/4813
f 4775/4775 4776/4776 4813/4813
f 4813/4813 4776/4776 4814/4814
f 4776/4776 4778/4778 4814/4814
f 4814/4814 4778/4778 4815/4815
f 4815/4815 4778/4778 4816/4816
f 4778/4778 4777/4777 4816/4816
f 4816/4816 4777/4777 4818/4818
f 4818/4818 4777/4777 4820/4820
f 4820/4820 4777/4777 4822/4822
f 4777/4777 4779/4779 4822/4822
f 4822/4822 4779/4779 4824/4824
f 4779/4779 4780/4780 4824/4824
f 4824/4824 4780/4780 4825/4825
f 4780/4780 4781/4781 4825/4825
f 4781/4781 4782/4782 4825/4825
f 4826/4826 4783/4783 4828/4828
f 4784/4784 4788/4788 4827/4827
f 4828/4828 4789/4789 4829/4829
f 4789/4789 4790/4790 4829/4829
f 4830/4830 4791/4791 4831/4831
f 4791/4791 4792/4792 4831/4831
f 4792/4792 4793/4793 4831/4831
f 4831/4831 4793/4793 4832/4832
f 4794/4794 4795/4795 4833/4833
f 4833/4833 4795/4795 4834/4834
f 4795/4795 4796/4796 4834/4834
f 4796/4796 4797/4797 4834/4834
f 4834/4834 4797/4797 4835/4835
f 4798/4798 4799/4799 4836/4836
f 4799/4799 4801/4801 4836/4836
f 4836/4836 4801/4801 4837/4837
f 4837/4837 4801/4801 4838/4838
f 4802/4802 4803/4803 4839/4839
f 4839/4839 4803/4803 4840/4840
f 4803/4803 4804/4804 4840/4840
f 4804/4804 4805/4805 4840/4840
f 4840/4840 4805/4805 4841/4841
f 4805/4805 4806/4806 4841/4841
f 4841/4841 4806/4806 4842/4842
f 4806/4806 4807/4807 4842/4842
f 4807/4807 4808/4808 4842/4842
f 4842/4842 4808/4808 4843/4843
f 4808/4808 4810/4810 4843/4843
f 4810/4810 4845/4845 4843/4843
f 4843/4843 4845/4845 4846/4846
f 4849/4849 4847/4847 4853/4853
f 4846/4846 4845/4845 4852/4852
f 4844/4844 4809/4809 4851/4851
f 4810/4810 4811/4811 4850/4850
f 4812/4812 4813/4813 4856/4856
f 4813/4813 4814/4814 4856/4856
f 4814/4814 4815/4815 4856/4856
f 4815/4815 4816/4816 4856/4856
f 4816/4816 4818/4818 4856/4856
f 4856/4856 4818/4818 4857/4857
f 4817/4817 4819/4819 4859/4859
f 4859/4859 4819/4819 4860/4860
f 4860/4860 4819/4819 4861/4861
f 4819/4819 4821/4821 4861/4861
f 4861/4861 4821/4821 4862/4862
f 4821/4821 4823/4823 4862/4862
f 4862/4862 4823/4823 4863/4863
f 4823/4823 4826/4826 4863/4863
f 4826/4826 4828/4828 4863/4863
f 4863/4863 4828/4828 4864/4864
f 4828/4828 4829/4829 4864/4864
f 4864/4864 4829/4829 4865/4865
f 4830/4830 4831/4831 4866/4866
f 4866/4866 4831/4831 4867/4867
f 4831/4831 4832/4832 4867/4867
f 4869/4869 4833/4833 4870/4870
f 4833/4833 4834/4834 4870/4870
f 4834/4834 4835/4835 4870/4870
f 4871/4871 4836/4836 4872/4872
f 4836/4836 4837/4837 4872/4872
f 4872/4872 4837/4837 4873/4873
f 4837/4837 4838/4838 4873/4873
f 4873/4873 4838/4838 4874/4874
f 4839/4839 4840/4840 4875/4875
f 4840/4840 4841/4841 4875/4875
f 4875/4875 4841/4841 4877/4877
f 4841/4841 4842/4842 4877/4877
f 4842/4842 4843/4843 4877/4877
f 4877/4877 4843/4843 4878/4878
f 4843/4843 4846/4846 4878/4878
f 4847/4847 4849/4849 4879/4879
f 4879/4879 4849/4849 4880/4880
f 4880/4880 4849/4849 4882/4882
f 4848/4848 4854/4854 4881/4881
f 4882/4882 4855/4855 4883/4883
f 4883/4883 4855/4855 4884/4884
f 4855/4855 4858/4858 4884/4884
f 4859/4859 4860/4860 4885/4885
f 4885/4885 4860/4860 4887/4887
f 4887/4887 4860/4860 4888/4888
f 4860/4860 4861/4861 4888/4888
f 4888/4888 4861/4861 4889/4889
f 4861/4861 4862/4862 4889/4889
f 4889/4889 4862/4862 4890/4890
f 4862/4862 4863/4863 4890/4890
f 4863/4863 4864/4864 4890/4890
f 4890/4890 4864/4864 4891/4891
f 4864/4864 4865/4865 4891/4891
f 4866/4866 4867/4867 4892/4892
f 4892/4892 4867/4867 4893/4893
f 4868/4868 4871/4871 4894/4894
f 4871/4871 4872/4872 4894/4894
f 4894/4894 4872/4872 4895/4895
f 4872/4872 4873/4873 4895/4895
f 4895/4895 4873/4873 4896/4896
f 4873/4873 4874/4874 4896/4896
f 4874/4874 4876/4876 4896/4896
f 4896/4896 4876/4876 4897/4897
f 4876/4876 4879/4879 4897/4897
f 4879/4879 4880/4880 4897/4897
f 4897/4897 4880/4880 4898/4898
f 4880/4880 4882/4882 4898/4898
f 4898/4898 4882/4882 4899/4899
f 4882/4882 4883/4883 4899/4899
f 4883/4883 4884/4884 4899/4899
f 4884/4884 4886/4886 4899/4899
f 4899/4899 4886/4886 4900/4900
f 4887/4887 4888/4888 4901/4901
f 4901/4901 4888/4888 4903/4903
f 4888/4888 4889/4889 4903/4903
f 4903/4903 4889/4889 4904/4904
f 4889/4889 4890/4890 4904/4904
f 4890/4890 4891/4891 4904/4904
f 4906/4906 4892/4892 4907/4907
f 4892/4892 4893/4893 4907/4907
f 4894/4894 4895/4895 4908/4908
f 4908/4908 4895/4895 4909/4909
f 4895/4895 4896/4896 4909/4909
f 4896/4896 4897/4897 4909/4909
f 4909/4909 4897/4897 4910/4910
f 4897/4897 4898/4898 4910/4910
f 4910/4910 4898/4898 4911/4911
f 4898/4898 4899/4899 4911/4911
f 4899/4899 4900/4900 4911/4911
f 4900/4900 4902/4902 4911/4911
f 4911/4911 4902/4902 4912/4912
f 4902/4902 4905/4905 4912/4912
f 4905/4905 4908/4908 4912/4912
f 4908/4908 4909/4909 4912/4912
f 4909/4909 4910/4910 4912/4912
f 4911/4911 4912/4912 4910/4910
f 4410/4410 4412/4412 4409/4409
f 984/984 987/987 982/982
f 393/393 396/396 390/390
f 182/182 183/183 178/178
f 61/61 64/64 52/52
f 32/32 36/36 10/10

