# https://github.com/mikedh/trimesh
mtllib material.mtl

o Warmwood Ten Rung Ladder Mesh
usemtl Warmwood Ten Rung Ladder Material
v 0.10839842 -0.49511719 0.01464844
v 0.10839842 -0.49511719 0.01464844
v 0.10839842 -0.49316406 0.01464844
v 0.10839842 -0.49316406 0.01464844
v 0.10839842 -0.49316406 0.01464844
v 0.10839842 -0.49316406 0.01660156
v 0.10839842 -0.39746094 0.01074219
v 0.10839842 -0.39746094 0.01074219
v 0.10839842 -0.39746094 0.01074219
v 0.07128904 0.49902344 -0.04785156
v 0.07324217 0.49902344 -0.04589844
v 0.07324217 0.49902344 -0.04785156
v 0.09082029 0.49902344 -0.04785156
v 0.09277342 0.49902344 -0.04785156
v 0.09082029 0.49902344 -0.04589844
v 0.07324217 0.49902344 -0.04003906
v 0.09082029 0.49902344 -0.04003906
v 0.07324217 0.49902344 -0.03417969
v 0.07324217 0.49902344 -0.03417969
v 0.09082029 0.49902344 -0.03417969
v 0.09082029 0.49902344 -0.03417969
v 0.09082029 0.49707031 -0.02832031
v 0.07324217 0.49707031 -0.02832031
v 0.07324217 0.49511719 -0.02441406
v 0.07324217 0.49511719 -0.02441406
v 0.06933592 0.49511719 -0.02441406
v 0.06933592 0.49511719 -0.02441406
v 0.06933592 0.49511719 -0.02441406
v 0.06933592 0.49707031 -0.03027344
v 0.06933592 0.49707031 -0.03027344
v 0.06933592 0.49707031 -0.03417969
v 0.06933592 0.49707031 -0.03417969
v 0.06933592 0.49707031 -0.03417969
v 0.06933592 0.49902344 -0.04003906
v 0.06933592 0.49902344 -0.04003906
v 0.06933592 0.49902344 -0.04003906
v 0.06933592 0.49902344 -0.04785156
v 0.06933592 0.49902344 -0.04785156
v 0.06933592 0.49902344 -0.04980469
v 0.06933592 0.49902344 -0.04980469
v 0.06933592 0.49902344 -0.04980469
v 0.07324217 0.49902344 -0.04980469
v 0.09082029 0.49902344 -0.04980469
v 0.09472654 0.49902344 -0.04980469
v 0.09472654 0.49902344 -0.04980469
v 0.09472654 0.49902344 -0.04980469
v 0.09472654 0.49902344 -0.04589844
v 0.09472654 0.49902344 -0.04589844
v 0.09472654 0.49902344 -0.04003906
v 0.09472654 0.49902344 -0.04003906
v 0.09472654 0.49902344 -0.04003906
v 0.09472654 0.49707031 -0.03417969
v 0.09472654 0.49707031 -0.03417969
v 0.09472654 0.49707031 -0.03417969
v 0.09472654 0.49707031 -0.03027344
v 0.09472654 0.49707031 -0.03027344
v 0.09472654 0.49511719 -0.02441406
v 0.09472654 0.49511719 -0.02441406
v 0.09472654 0.49511719 -0.02441406
v 0.09082029 0.49511719 -0.02441406
v 0.09082029 0.49511719 -0.02441406
v 0.09082029 0.49511719 -0.02441406
v 0.09082029 0.49316406 -0.02050781
v 0.09082029 0.49316406 -0.02050781
v 0.09082029 0.49316406 -0.02050781
v 0.07324217 0.49316406 -0.02050781
v 0.07324217 0.49316406 -0.02050781
v 0.07324217 0.49316406 -0.02050781
v 0.07324217 0.48925781 -0.01855469
v 0.07324217 0.48925781 -0.01855469
v 0.09082029 0.48925781 -0.01855469
v 0.09082029 0.48925781 -0.01855469
v 0.09082029 0.48925781 -0.01855469
v 0.09472654 0.48925781 -0.01855469
v 0.09472654 0.48925781 -0.01855469
v 0.09472654 0.48925781 -0.01855469
v 0.09472654 0.48535156 -0.01660156
v 0.09472654 0.48535156 -0.01660156
v 0.09082029 0.48535156 -0.01660156
v 0.09082029 0.48535156 -0.01660156
v 0.07324217 0.48535156 -0.01660156
v 0.07324217 0.48535156 -0.01660156
v 0.06933592 0.48535156 -0.01660156
v 0.06933592 0.48535156 -0.01660156
v 0.06933592 0.48925781 -0.01855469
v 0.06933592 0.48925781 -0.01855469
v 0.06933592 0.48925781 -0.01855469
v 0.06933592 0.48535156 -0.01855469
v 0.06933592 0.48730469 -0.02050781
v 0.06933592 0.49121094 -0.02441406
v 0.06933592 0.49121094 -0.02441406
v 0.06933592 0.49121094 -0.02050781
v 0.06933592 0.49121094 -0.02050781
v 0.06933592 0.49121094 -0.02050781
v 0.06933592 0.49121094 -0.02050781
v 0.06933592 0.49121094 -0.02050781
v 0.06933592 0.49121094 -0.02636719
v 0.06933592 0.49121094 -0.02636719
v 0.06933592 0.49316406 -0.03027344
v 0.06933592 0.49511719 -0.03417969
v 0.06933592 0.49707031 -0.04003906
v 0.06933592 0.49707031 -0.04785156
v 0.06933592 0.49707031 -0.04980469
v 0.06933592 0.49707031 -0.04980469
v 0.07128904 0.49902344 -0.04980469
v 0.07128904 0.49707031 -0.04980469
v 0.09277342 0.49707031 -0.04980469
v 0.09277342 0.49902344 -0.04980469
v 0.09472654 0.49707031 -0.04980469
v 0.09472654 0.49707031 -0.04980469
v 0.09472654 0.49707031 -0.04785156
v 0.09472654 0.49707031 -0.04003906
v 0.09472654 0.49511719 -0.03417969
v 0.09472654 0.49316406 -0.03027344
v 0.09472654 0.49121094 -0.02636719
v 0.09472654 0.49121094 -0.02636719
v 0.09472654 0.49121094 -0.02246094
v 0.09472654 0.49121094 -0.02246094
v 0.09472654 0.49121094 -0.02246094
v 0.09472654 0.49121094 -0.02246094
v 0.09472654 0.49121094 -0.02246094
v 0.09472654 0.49121094 -0.02441406
v 0.09472654 0.49121094 -0.02441406
v 0.09472654 0.48730469 -0.02050781
v 0.09472654 0.48535156 -0.01855469
v 0.09472654 0.48144531 -0.01855469
v 0.09472654 0.48144531 -0.01660156
v 0.09472654 0.48144531 -0.01660156
v 0.09472654 0.48144531 -0.01660156
v 0.09472654 0.48144531 -0.01660156
v 0.09082029 0.48144531 -0.01464844
v 0.09082029 0.48144531 -0.01464844
v 0.07324217 0.48144531 -0.01464844
v 0.07324217 0.48144531 -0.01464844
v 0.06933592 0.48144531 -0.01660156
v 0.06933592 0.48144531 -0.01660156
v 0.06933592 0.48144531 -0.01660156
v 0.06933592 0.48144531 -0.01660156
v 0.06933592 0.48144531 -0.01855469
v 0.06933592 0.49316406 -0.04785156
v 0.06933592 0.49316406 -0.04785156
v 0.06933592 0.49316406 -0.04785156
v 0.06933592 0.49316406 -0.04785156
v 0.06933592 0.49511719 -0.04980469
v 0.06933592 0.49511719 -0.04980469
v 0.07128904 0.49511719 -0.04980469
v 0.07128904 0.49511719 -0.04980469
v 0.09277342 0.49511719 -0.04980469
v 0.09277342 0.49511719 -0.04980469
v 0.09472654 0.49511719 -0.04980469
v 0.09472654 0.49511719 -0.04980469
v 0.09472654 0.49316406 -0.04785156
v 0.09472654 0.49316406 -0.04785156
v 0.09667967 0.34082031 -0.04003906
v 0.09667967 0.34277344 -0.00878906
v 0.09667967 0.34472656 -0.00683594
v 0.09667967 0.34472656 -0.00683594
v 0.09667967 0.34472656 -0.00683594
v 0.09472654 0.34472656 -0.00683594
v 0.07324217 0.34472656 -0.00683594
v 0.07128904 0.34472656 -0.00683594
v 0.07128904 0.34472656 -0.00683594
v 0.07128904 0.34472656 -0.00683594
v 0.07128904 0.34277344 -0.00878906
v 0.06933592 0.34082031 -0.04003906
v 0.06933592 0.34082031 -0.04003906
v 0.07128904 0.34082031 -0.04199219
v 0.07128904 0.34082031 -0.04199219
v 0.07128904 0.34082031 -0.04199219
v 0.07128904 0.34082031 -0.04199219
v 0.07128904 0.34082031 -0.04199219
v 0.07324217 0.34082031 -0.04394531
v 0.07324217 0.34082031 -0.04394531
v 0.09472654 0.34082031 -0.04394531
v 0.09472654 0.34082031 -0.04394531
v 0.09667967 0.34082031 -0.04199219
v 0.09667967 0.34082031 -0.04199219
v 0.09667967 0.34082031 -0.04199219
v 0.09863279 0.25488281 -0.03417969
v 0.09863279 0.25488281 -0.03417969
v 0.09863279 0.25683594 -0.00292969
v 0.09863279 0.25683594 -0.00292969
v 0.09667967 0.25683594 -0.00097656
v 0.09667967 0.25683594 -0.00097656
v 0.09667967 0.25683594 -0.00097656
v 0.09472654 0.25683594 -0.00097656
v 0.07519529 0.25683594 -0.00097656
v 0.07324217 0.25683594 -0.00097656
v 0.07324217 0.25683594 -0.00097656
v 0.07128904 0.25683594 -0.00292969
v 0.07128904 0.25683594 -0.00292969
v 0.07128904 0.25488281 -0.03417969
v 0.07128904 0.25488281 -0.03613281
v 0.07128904 0.25488281 -0.03613281
v 0.07128904 0.25488281 -0.03613281
v 0.07324217 0.25488281 -0.03613281
v 0.07324217 0.25488281 -0.03613281
v 0.09667967 0.25488281 -0.03613281
v 0.09667967 0.25488281 -0.03613281
v 0.09863279 0.16894531 -0.03027344
v 0.09863279 0.16894531 -0.03027344
v 0.10058592 0.16894531 -0.02832031
v 0.10058592 0.16894531 -0.02832031
v 0.10058592 0.08496094 -0.02246094
v 0.09863279 0.17089844 0.00292969
v 0.09863279 0.17089844 0.00292969
v 0.09863279 0.17089844 0.00488281
v 0.09863279 0.17089844 0.00488281
v 0.09667967 0.17089844 0.00488281
v 0.07519529 0.17089844 0.00488281
v 0.07324217 0.17089844 0.00488281
v 0.07324217 0.17089844 0.00488281
v 0.07324217 0.17089844 0.00488281
v 0.07324217 0.17089844 0.00292969
v 0.07324217 0.17089844 0.00292969
v 0.07324217 0.16894531 -0.02832031
v 0.07324217 0.16894531 -0.03027344
v 0.07324217 0.16894531 -0.03027344
v 0.07324217 0.16894531 -0.03027344
v 0.07519529 0.16894531 -0.03027344
v 0.09667967 0.16894531 -0.03027344
v 0.09863279 0.08496094 -0.02441406
v 0.10058592 0.08496094 -0.02441406
v 0.10058592 0.08496094 -0.02441406
v 0.10058592 0.08496094 -0.02441406
v 0.10058592 0.08496094 -0.02441406
v 0.10253904 -0.01074218 -0.01464844
v 0.10253904 -0.01074218 -0.01464844
v 0.10253904 -0.00878906 0.01464844
v 0.10058592 0.08691407 0.00878906
v 0.10058592 0.08886719 0.01074219
v 0.10058592 0.08886719 0.01074219
v 0.09667967 0.08886719 0.01074219
v 0.07714842 0.08886719 0.01074219
v 0.07519529 0.08886719 0.01074219
v 0.07519529 0.08886719 0.01074219
v 0.07519529 0.08886719 0.01074219
v 0.07519529 0.08886719 0.01074219
v 0.07324217 0.08691407 0.00878906
v 0.07324217 0.08691407 0.00878906
v 0.07324217 0.08496094 -0.02246094
v 0.07324217 0.08496094 -0.02246094
v 0.07519529 0.08496094 -0.02441406
v 0.07519529 0.08496094 -0.02441406
v 0.07714842 0.08496094 -0.02441406
v 0.09863279 -0.01074218 -0.01855469
v 0.09863279 -0.01074218 -0.01855469
v 0.10058592 -0.01074218 -0.01660156
v 0.10449217 -0.10644531 -0.00878906
v 0.10449217 -0.10644531 -0.00878906
v 0.10449217 -0.10449219 0.02246094
v 0.10449217 -0.10449219 0.02246094
v 0.10058592 -0.00683593 0.01855469
v 0.10058592 -0.00683593 0.01855469
v 0.10058592 -0.00683593 0.01855469
v 0.09863279 -0.00683593 0.01855469
v 0.07910154 -0.00683593 0.01855469
v 0.07519529 -0.00878906 0.01855469
v 0.07519529 -0.00878906 0.01855469
v 0.07519529 -0.00878906 0.01464844
v 0.07519529 -0.00878906 0.01464844
v 0.07519529 -0.01074218 -0.01464844
v 0.07519529 -0.01074218 -0.01660156
v 0.07519529 -0.01074218 -0.01660156
v 0.07714842 -0.01074218 -0.01855469
v 0.07714842 -0.01074218 -0.01855469
v 0.07910154 -0.10644531 -0.01074219
v 0.10058592 -0.10644531 -0.01074219
v 0.10253904 -0.10644531 -0.01074219
v 0.10253904 -0.10644531 -0.01074219
v 0.10253904 -0.10644531 -0.01074219
v 0.10449217 -0.20410156 -0.00292969
v 0.10449217 -0.20410156 -0.00292969
v 0.10644529 -0.29980469 0.00488281
v 0.10449217 -0.20019531 0.03027344
v 0.10449217 -0.20019531 0.03027344
v 0.10253904 -0.10449219 0.02441406
v 0.10253904 -0.10449219 0.02441406
v 0.10253904 -0.10449219 0.02441406
v 0.10058592 -0.10449219 0.02441406
v 0.07910154 -0.10449219 0.02441406
v 0.07714842 -0.10449219 0.02441406
v 0.07714842 -0.10449219 0.02441406
v 0.07714842 -0.10449219 0.02246094
v 0.07519529 -0.10644531 -0.00878906
v 0.07519529 -0.10644531 -0.00878906
v 0.07714842 -0.10644531 -0.01074219
v 0.07714842 -0.10644531 -0.01074219
v 0.07714842 -0.10644531 -0.01074219
v 0.07714842 -0.20410156 -0.00488281
v 0.07714842 -0.20410156 -0.00488281
v 0.07910154 -0.20410156 -0.00488281
v 0.10253904 -0.20410156 -0.00488281
v 0.10449217 -0.20410156 -0.00488281
v 0.10449217 -0.20410156 -0.00488281
v 0.10644529 -0.29980469 0.00292969
v 0.10644529 -0.29980469 0.00292969
v 0.10839842 -0.39550781 0.04589844
v 0.10839842 -0.39550781 0.04589844
v 0.10644529 -0.29785156 0.03808594
v 0.10644529 -0.29785156 0.03808594
v 0.10644529 -0.29785156 0.04003906
v 0.10644529 -0.29785156 0.04003906
v 0.10449217 -0.20019531 0.03222656
v 0.10449217 -0.20019531 0.03222656
v 0.10253904 -0.20019531 0.03222656
v 0.08105467 -0.20019531 0.03222656
v 0.07714842 -0.20019531 0.03222656
v 0.07714842 -0.20019531 0.03222656
v 0.07714842 -0.20019531 0.03027344
v 0.07714842 -0.20410156 -0.00292969
v 0.07714842 -0.20410156 -0.00292969
v 0.07910154 -0.29980469 0.00292969
v 0.07910154 -0.29980469 0.00292969
v 0.08105467 -0.29980469 0.00292969
v 0.10449217 -0.29980469 0.00292969
v 0.10449217 -0.29980469 0.00292969
v 0.10644529 -0.39941406 0.00878906
v 0.10644529 -0.39941406 0.00878906
v 0.10644529 -0.49316406 0.01464844
v 0.10644529 -0.49511719 0.01464844
v 0.10644529 -0.49707031 0.01464844
v 0.10644529 -0.49707031 0.01464844
v 0.10644529 -0.49707031 0.01464844
v 0.10449217 -0.49902344 0.01660156
v 0.10644529 -0.49902344 0.01660156
v 0.10644529 -0.49902344 0.01464844
v 0.10644529 -0.49902344 0.01464844
v 0.10644529 -0.49902344 0.01464844
v 0.10644529 -0.49902344 0.04980469
v 0.10644529 -0.49902344 0.04785156
v 0.10839842 -0.49902344 0.04785156
v 0.10839842 -0.49902344 0.04785156
v 0.10839842 -0.49902344 0.02050781
v 0.10644529 -0.49902344 0.01855469
v 0.10839842 -0.49902344 0.01660156
v 0.10839842 -0.49902344 0.01660156
v 0.10839842 -0.49902344 0.01660156
v 0.10839842 -0.49902344 0.01660156
v 0.10839842 -0.49707031 0.01464844
v 0.10839842 -0.49707031 0.01464844
v 0.10839842 -0.49707031 0.01464844
v 0.10839842 -0.49511719 0.01660156
v 0.10839842 -0.49121094 0.05175781
v 0.10839842 -0.49121094 0.05175781
v 0.10839842 -0.49121094 0.05371094
v 0.10839842 -0.49121094 0.05371094
v 0.10839842 -0.49121094 0.05371094
v 0.10644529 -0.39550781 0.04589844
v 0.10644529 -0.39550781 0.04589844
v 0.10644529 -0.39550781 0.04589844
v 0.10644529 -0.39550781 0.04589844
v 0.10644529 -0.39550781 0.04589844
v 0.10449217 -0.29785156 0.04003906
v 0.10449217 -0.29785156 0.04003906
v 0.08105467 -0.29785156 0.04003906
v 0.08105467 -0.29785156 0.04003906
v 0.07910154 -0.29785156 0.04003906
v 0.07910154 -0.29785156 0.04003906
v 0.07910154 -0.29785156 0.03808594
v 0.07910154 -0.29785156 0.03808594
v 0.07910154 -0.29980469 0.00488281
v 0.07910154 -0.29980469 0.00488281
v 0.08105467 -0.39941406 0.00878906
v 0.08105467 -0.39941406 0.00878906
v 0.08105467 -0.39941406 0.00878906
v 0.08105467 -0.49316406 0.01464844
v 0.08105467 -0.49316406 0.01464844
v 0.08105467 -0.49316406 0.01464844
v 0.08300779 -0.49316406 0.01464844
v 0.08300779 -0.49511719 0.01464844
v 0.08300779 -0.49707031 0.01464844
v 0.08300779 -0.49707031 0.01464844
v 0.08300779 -0.49902344 0.01464844
v 0.08300779 -0.49902344 0.01464844
v 0.08300779 -0.49902344 0.01464844
v 0.08496092 -0.49902344 0.01660156
v 0.10253904 -0.49902344 0.05175781
v 0.10644529 -0.49902344 0.05175781
v 0.10644529 -0.49902344 0.05175781
v 0.10644529 -0.49902344 0.05175781
v 0.10839842 -0.49902344 0.05175781
v 0.10839842 -0.49902344 0.05175781
v 0.10839842 -0.49902344 0.05175781
v 0.10839842 -0.49902344 0.05175781
v 0.10839842 -0.49707031 0.04785156
v 0.10839842 -0.49902344 0.01855469
v 0.10839842 -0.49707031 0.01660156
v 0.10839842 -0.49707031 0.05175781
v 0.10839842 -0.49707031 0.05175781
v 0.10839842 -0.49707031 0.05175781
v 0.10839842 -0.49707031 0.04980469
v 0.10839842 -0.49511719 0.05175781
v 0.10839842 -0.49511719 0.05175781
v 0.10839842 -0.49316406 0.05175781
v 0.10839842 -0.49316406 0.05371094
v 0.10839842 -0.49316406 0.05371094
v 0.10644529 -0.49121094 0.05566406
v 0.10644529 -0.49121094 0.05566406
v 0.10644529 -0.49121094 0.05566406
v 0.10449217 -0.39550781 0.04785156
v 0.10449217 -0.39550781 0.04785156
v 0.08105467 -0.39550781 0.04785156
v 0.08105467 -0.39550781 0.04785156
v 0.08105467 -0.39550781 0.04589844
v 0.08105467 -0.39550781 0.04589844
v 0.08105467 -0.39550781 0.04589844
v 0.08105467 -0.39550781 0.04589844
v 0.08105467 -0.39550781 0.04589844
v 0.08105467 -0.39550781 0.04589844
v 0.07910154 -0.39550781 0.04589844
v 0.07910154 -0.39550781 0.04589844
v 0.07910154 -0.39746094 0.01074219
v 0.07910154 -0.39746094 0.01074219
v 0.08105467 -0.49316406 0.01660156
v 0.08105467 -0.49511719 0.01464844
v 0.08105467 -0.49511719 0.01464844
v 0.08105467 -0.49707031 0.01464844
v 0.08105467 -0.49707031 0.01464844
v 0.08105467 -0.49707031 0.01464844
v 0.08105467 -0.49902344 0.01660156
v 0.08105467 -0.49902344 0.01660156
v 0.08105467 -0.49902344 0.01660156
v 0.08105467 -0.49902344 0.04785156
v 0.08105467 -0.49902344 0.04785156
v 0.08300779 -0.49902344 0.04589844
v 0.08105467 -0.49902344 0.02050781
v 0.08300779 -0.49902344 0.01855469
v 0.08300779 -0.49902344 0.01660156
v 0.08300779 -0.49902344 0.04980469
v 0.08496092 -0.49902344 0.05175781
v 0.08691404 -0.49902344 0.05175781
v 0.10449217 -0.49902344 0.05371094
v 0.10449217 -0.49902344 0.05371094
v 0.10449217 -0.49902344 0.05371094
v 0.10644529 -0.49707031 0.05371094
v 0.10644529 -0.49707031 0.05371094
v 0.10839842 -0.49511719 0.05371094
v 0.10839842 -0.49511719 0.05371094
v 0.10644529 -0.49316406 0.05566406
v 0.10644529 -0.49316406 0.05566406
v 0.08300779 -0.49121094 0.05566406
v 0.08300779 -0.49121094 0.05566406
v 0.08300779 -0.49121094 0.05566406
v 0.08300779 -0.49121094 0.05566406
v 0.08105467 -0.49121094 0.05371094
v 0.08105467 -0.49121094 0.05371094
v 0.08105467 -0.49121094 0.05371094
v 0.08105467 -0.49121094 0.05175781
v 0.08105467 -0.49121094 0.05175781
v 0.08105467 -0.49511719 0.01660156
v 0.08105467 -0.49707031 0.01660156
v 0.08105467 -0.49902344 0.01855469
v 0.08105467 -0.49707031 0.04785156
v 0.08105467 -0.49707031 0.05175781
v 0.08105467 -0.49707031 0.05175781
v 0.08105467 -0.49707031 0.05175781
v 0.08105467 -0.49902344 0.05175781
v 0.08105467 -0.49902344 0.05175781
v 0.08105467 -0.49902344 0.05175781
v 0.08300779 -0.49902344 0.05175781
v 0.08300779 -0.49902344 0.05175781
v 0.08496092 -0.49902344 0.05371094
v 0.08496092 -0.49902344 0.05371094
v 0.10449217 -0.49707031 0.05566406
v 0.10449217 -0.49707031 0.05566406
v 0.10449217 -0.49707031 0.05566406
v 0.10449217 -0.49511719 0.05566406
v 0.10449217 -0.49511719 0.05566406
v 0.08300779 -0.49316406 0.05566406
v 0.08300779 -0.49316406 0.05566406
v 0.08105467 -0.49316406 0.05371094
v 0.08105467 -0.49316406 0.05371094
v 0.08105467 -0.49316406 0.05175781
v 0.08105467 -0.49707031 0.04980469
v 0.08105467 -0.49511719 0.05175781
v 0.08105467 -0.49511719 0.05175781
v 0.08300779 -0.49707031 0.05371094
v 0.08496092 -0.49707031 0.05566406
v 0.08496092 -0.49707031 0.05566406
v 0.08496092 -0.49511719 0.05566406
v 0.08496092 -0.49511719 0.05566406
v 0.08105467 -0.49511719 0.05371094
v 0.08105467 -0.49511719 0.05371094
v 0.08105467 -0.49511719 0.05371094
v 0.08105467 -0.49511719 0.05371094
v 0.07128904 0.42871094 -0.02246094
v 0.07128904 0.42871094 -0.02246094
v 0.07128904 0.43066406 -0.02441406
v 0.07128904 0.43066406 -0.02441406
v 0.07128904 0.43066406 -0.02441406
v 0.07128904 0.42871094 -0.02441406
v 0.07128904 0.42871094 -0.02441406
v 0.07128904 0.43066406 -0.02246094
v 0.07128904 0.43066406 -0.02246094
v 0.07128904 0.43066406 -0.02246094
v 0.07128904 0.43066406 -0.02246094
v 0.07128904 0.43066406 -0.02636719
v 0.07128904 0.43066406 -0.02636719
v 0.07128904 0.43066406 -0.02636719
v 0.07128904 0.43261719 -0.02636719
v 0.07128904 0.43261719 -0.02636719
v 0.07128904 0.43261719 -0.02636719
v 0.07128904 0.43261719 -0.02832031
v 0.07128904 0.42675781 -0.02246094
v 0.07128904 0.42675781 -0.02246094
v 0.07128904 0.42675781 -0.02246094
v 0.07128904 0.42675781 -0.02246094
v 0.07128904 0.42675781 -0.02246094
v 0.07128904 0.42675781 -0.02246094
v 0.05175779 0.42675781 -0.04589844
v 0.05175779 0.42675781 -0.04589844
v 0.05371092 0.42675781 -0.04589844
v 0.05371092 0.42675781 -0.04589844
v 0.05371092 0.42675781 -0.04589844
v 0.06933592 0.42675781 -0.04394531
v 0.06933592 0.42675781 -0.04394531
v 0.07128904 0.42871094 -0.04394531
v 0.07128904 0.42871094 -0.04394531
v 0.07128904 0.42871094 -0.04394531
v 0.06933592 0.43457031 -0.03808594
v 0.06933592 0.43652344 -0.03417969
v 0.06933592 0.43652344 -0.03417969
v 0.07128904 0.43457031 -0.03808594
v 0.07128904 0.43457031 -0.03808594
v 0.07128904 0.43457031 -0.03808594
v 0.07128904 0.43457031 -0.03808594
v 0.07128904 0.43457031 -0.03808594
v 0.06933592 0.43457031 -0.03417969
v 0.06933592 0.43457031 -0.03417969
v 0.06933592 0.43457031 -0.03417969
v 0.07128904 0.43261719 -0.03808594
v 0.07128904 0.43457031 -0.03613281
v 0.07128904 0.43457031 -0.03613281
v 0.07128904 0.43457031 -0.03613281
v 0.07128904 0.43457031 -0.03417969
v 0.07128904 0.43457031 -0.03417969
v 0.07128904 0.43457031 -0.03417969
v 0.07128904 0.43457031 -0.03417969
v 0.07128904 0.42675781 -0.04394531
v 0.07128904 0.42675781 -0.04394531
v 0.07128904 0.42675781 -0.04394531
v 0.07128904 0.42675781 -0.04394531
v 0.07128904 0.42675781 -0.04394531
v 0.07128904 0.43457031 -0.03222656
v 0.07128904 0.43457031 -0.03222656
v 0.06933592 0.43652344 -0.03222656
v 0.06933592 0.43652344 -0.03222656
v 0.06933592 0.43652344 -0.03222656
v 0.06933592 0.43652344 -0.03222656
v 0.06933592 0.43652344 -0.03222656
v 0.06933592 0.43652344 -0.03222656
v 0.06933592 0.43457031 -0.03027344
v 0.06933592 0.43457031 -0.03027344
v 0.06933592 0.43457031 -0.03027344
v 0.04785154 0.43457031 -0.02832031
v 0.04785154 0.43457031 -0.02832031
v 0.04785154 0.43457031 -0.02832031
v 0.04785154 0.43457031 -0.02832031
v 0.04785154 0.43652344 -0.03222656
v 0.04589842 0.43652344 -0.03417969
v 0.04589842 0.43457031 -0.03808594
v 0.04589842 0.43457031 -0.04003906
v 0.04589842 0.43457031 -0.04003906
v 0.06933592 0.43457031 -0.04003906
v 0.06933592 0.43457031 -0.04003906
v 0.06933592 0.43457031 -0.04003906
v 0.07128904 0.43261719 -0.04003906
v 0.07128904 0.43261719 -0.04003906
v 0.07128904 0.43261719 -0.04003906
v 0.07128904 0.43261719 -0.04003906
v 0.07128904 0.43066406 -0.04003906
v 0.07128904 0.43066406 -0.04003906
v 0.07128904 0.43066406 -0.04003906
v 0.07128904 0.43066406 -0.04003906
v 0.07128904 0.43066406 -0.04199219
v 0.07128904 0.43066406 -0.04199219
v 0.07128904 0.43066406 -0.04199219
v 0.07128904 0.43066406 -0.04199219
v 0.06933592 0.43066406 -0.04199219
v 0.06933592 0.43066406 -0.04199219
v 0.06933592 0.43066406 -0.04199219
v 0.06933592 0.42871094 -0.04394531
v 0.06933592 0.42871094 -0.04394531
v 0.06933592 0.42871094 -0.04394531
v 0.06933592 0.42871094 -0.04394531
v 0.06933592 0.42871094 -0.04394531
v 0.05175779 0.42675781 -0.04394531
v 0.05175779 0.42675781 -0.04394531
v 0.01855467 0.42675781 -0.04394531
v 0.01855467 0.42675781 -0.04394531
v 0.01660154 0.42480469 -0.04394531
v 0.04980467 0.42675781 -0.04589844
v 0.04980467 0.42675781 -0.04589844
v 0.04980467 0.42675781 -0.04589844
v 0.06933592 0.41113281 -0.04003906
v 0.07128904 0.41113281 -0.04003906
v 0.07128904 0.41113281 -0.04003906
v 0.07128904 0.40722656 -0.03808594
v 0.07128904 0.40722656 -0.03808594
v 0.07128904 0.40722656 -0.03808594
v 0.06933592 0.40722656 -0.03808594
v 0.06933592 0.40722656 -0.03808594
v 0.06933592 0.40722656 -0.03808594
v 0.06933592 0.40722656 -0.03808594
v 0.07128904 0.40722656 -0.03613281
v 0.07128904 0.40722656 -0.03613281
v 0.07128904 0.40722656 -0.03613281
v 0.07128904 0.40722656 -0.03613281
v 0.06933592 0.40527344 -0.03613281
v 0.06933592 0.40527344 -0.03613281
v 0.06933592 0.40527344 -0.03613281
v 0.06933592 0.40527344 -0.03613281
v 0.07128904 0.40722656 -0.02441406
v 0.07128904 0.40722656 -0.02441406
v 0.07128904 0.40722656 -0.02441406
v 0.07128904 0.40722656 -0.02441406
v 0.07128904 0.40917969 -0.02246094
v 0.07128904 0.40917969 -0.02246094
v 0.07128904 0.40917969 -0.02246094
v 0.07128904 0.42675781 -0.02246094
v 0.07128904 0.43457031 -0.03027344
v 0.07128904 0.43457031 -0.03027344
v 0.07128904 0.43457031 -0.03027344
v 0.07128904 0.43457031 -0.03027344
v 0.07128904 0.43457031 -0.03027344
v 0.07128904 0.43261719 -0.02441406
v 0.07128904 0.43261719 -0.02441406
v 0.07128904 0.43261719 -0.02441406
v 0.07128904 0.43261719 -0.02832031
v 0.07128904 0.43457031 -0.02636719
v 0.07128904 0.43457031 -0.02636719
v 0.07128904 0.43457031 -0.02636719
v 0.06933592 0.43457031 -0.02636719
v 0.06933592 0.43457031 -0.02636719
v 0.06933592 0.43457031 -0.02636719
v 0.04785154 0.43457031 -0.02636719
v 0.01660154 0.43457031 -0.02636719
v 0.01660154 0.43457031 -0.02636719
v 0.01660154 0.43457031 -0.02636719
v 0.01660154 0.43457031 -0.02636719
v -0.01660158 0.43457031 -0.02636719
v -0.01660158 0.43457031 -0.02636719
v 0.01660154 0.43652344 -0.02832031
v 0.01660154 0.43652344 -0.02832031
v 0.01660154 0.43652344 -0.02832031
v 0.01660154 0.43652344 -0.03222656
v 0.01660154 0.43652344 -0.03222656
v 0.01660154 0.43652344 -0.03417969
v 0.01660154 0.43652344 -0.03417969
v 0.01660154 0.43457031 -0.03808594
v 0.01660154 0.43457031 -0.04003906
v 0.01660154 0.43457031 -0.04003906
v 0.01660154 0.43457031 -0.04003906
v 0.01660154 0.43457031 -0.04003906
v 0.04589842 0.43261719 -0.04199219
v 0.06933592 0.43261719 -0.04199219
v 0.06933592 0.43261719 -0.04199219
v 0.06933592 0.43261719 -0.04199219
v 0.06933592 0.43261719 -0.04199219
v 0.06933592 0.43261719 -0.04199219
v 0.06933592 0.43261719 -0.04199219
v 0.06933592 0.43261719 -0.04199219
v 0.04785154 0.43261719 -0.04199219
v 0.01660154 0.43261719 -0.04199219
v 0.01660154 0.43261719 -0.04199219
v 0.01660154 0.43261719 -0.04199219
v 0.01660154 0.43261719 -0.04199219
v -0.01660158 0.43066406 -0.04199219
v -0.01660158 0.43066406 -0.04199219
v -0.01464846 0.42871094 -0.04394531
v -0.01464846 0.42871094 -0.04394531
v -0.01269533 0.42675781 -0.04394531
v 0.01855467 0.41113281 -0.04003906
v 0.04785154 0.41113281 -0.04003906
v 0.04980467 0.40722656 -0.03808594
v 0.04980467 0.40722656 -0.03808594
v 0.04980467 0.40527344 -0.03613281
v 0.04980467 0.40527344 -0.03613281
v 0.06933592 0.40722656 -0.02441406
v 0.06933592 0.40722656 -0.02441406
v 0.06933592 0.40917969 -0.02246094
v 0.06933592 0.40917969 -0.02246094
v 0.06933592 0.41308594 -0.02246094
v 0.07128904 0.41308594 -0.02246094
v 0.06933592 0.42675781 -0.02246094
v 0.05371092 0.43066406 -0.02246094
v 0.05371092 0.43066406 -0.02246094
v 0.06933592 0.42871094 -0.02246094
v 0.06933592 0.42871094 -0.02246094
v 0.06933592 0.43066406 -0.02246094
v 0.06933592 0.43066406 -0.02246094
v 0.06933592 0.43261719 -0.02441406
v 0.06933592 0.43261719 -0.02441406
v 0.06933592 0.43261719 -0.02441406
v 0.04785154 0.43457031 -0.02441406
v 0.04785154 0.43457031 -0.02441406
v 0.04785154 0.43457031 -0.02441406
v 0.04785154 0.43457031 -0.02441406
v 0.04785154 0.43457031 -0.02441406
v 0.01660154 0.43261719 -0.02636719
v 0.01660154 0.43261719 -0.02636719
v 0.01660154 0.43261719 -0.02636719
v 0.01660154 0.43261719 -0.02636719
v -0.01660158 0.43261719 -0.02441406
v -0.01660158 0.43261719 -0.02441406
v -0.01660158 0.43261719 -0.02441406
v -0.05371096 0.43261719 -0.02441406
v -0.05371096 0.43457031 -0.02636719
v -0.05371096 0.43457031 -0.02636719
v -0.01855471 0.43457031 -0.03027344
v -0.01855471 0.43457031 -0.03027344
v -0.01855471 0.43652344 -0.03222656
v -0.01855471 0.43652344 -0.03222656
v -0.01855471 0.43652344 -0.03613281
v -0.01855471 0.43652344 -0.03613281
v -0.01855471 0.43457031 -0.03613281
v -0.01855471 0.43457031 -0.03613281
v -0.05566408 0.43457031 -0.03808594
v -0.05566408 0.43457031 -0.04003906
v -0.05566408 0.43457031 -0.04003906
v -0.01855471 0.43457031 -0.03808594
v -0.01855471 0.43457031 -0.03808594
v -0.01855471 0.43457031 -0.03808594
v -0.01855471 0.43261719 -0.04003906
v -0.01855471 0.43261719 -0.04003906
v -0.01660158 0.43261719 -0.04199219
v -0.01660158 0.43261719 -0.04199219
v -0.01660158 0.43261719 -0.04199219
v -0.01660158 0.43261719 -0.04199219
v -0.05175783 0.42871094 -0.04394531
v -0.05175783 0.42871094 -0.04394531
v -0.05175783 0.42871094 -0.04394531
v -0.05175783 0.42871094 -0.04394531
v -0.05175783 0.42675781 -0.04394531
v -0.01660158 0.41113281 -0.04003906
v 0.01855467 0.40722656 -0.03808594
v 0.01855467 0.40722656 -0.03808594
v 0.01855467 0.40527344 -0.03613281
v 0.01855467 0.40527344 -0.03613281
v 0.04980467 0.40722656 -0.02441406
v 0.04980467 0.40722656 -0.02441406
v 0.04980467 0.40917969 -0.02246094
v 0.04980467 0.40917969 -0.02246094
v 0.04980467 0.41308594 -0.02246094
v -0.01269533 0.42675781 -0.02246094
v 0.01855467 0.41308594 -0.02246094
v 0.01855467 0.42675781 -0.02246094
v 0.04589842 0.42871094 -0.02246094
v 0.01855467 0.43066406 -0.02246094
v 0.05175779 0.43066406 -0.02246094
v 0.05175779 0.43066406 -0.02246094
v 0.05175779 0.43066406 -0.02246094
v 0.05175779 0.43066406 -0.02246094
v 0.05175779 0.43066406 -0.02246094
v 0.02050779 0.43066406 -0.02246094
v 0.02050779 0.43066406 -0.02246094
v 0.02050779 0.43066406 -0.02246094
v -0.01464846 0.43066406 -0.02246094
v -0.01464846 0.43066406 -0.02246094
v -0.01464846 0.43066406 -0.02246094
v -0.01464846 0.43066406 -0.02246094
v -0.05371096 0.43066406 -0.02246094
v -0.05371096 0.43066406 -0.02246094
v -0.08300783 0.43261719 -0.02441406
v -0.08496096 0.43457031 -0.02636719
v -0.08496096 0.43457031 -0.02636719
v -0.08496096 0.43457031 -0.02636719
v -0.05566408 0.43457031 -0.03027344
v -0.05566408 0.43457031 -0.03027344
v -0.05566408 0.43457031 -0.03027344
v -0.05566408 0.43457031 -0.03027344
v -0.05566408 0.43457031 -0.03222656
v -0.05566408 0.43457031 -0.03613281
v -0.05566408 0.43457031 -0.03613281
v -0.05566408 0.43457031 -0.03613281
v -0.05566408 0.43457031 -0.03613281
v -0.08496096 0.43457031 -0.03808594
v -0.08496096 0.43457031 -0.03808594
v -0.08496096 0.43457031 -0.04003906
v -0.08496096 0.43457031 -0.04003906
v -0.08496096 0.43457031 -0.04003906
v -0.08496096 0.43261719 -0.04003906
v -0.08496096 0.43261719 -0.04003906
v -0.08496096 0.43261719 -0.04003906
v -0.05371096 0.43261719 -0.04003906
v -0.05371096 0.43261719 -0.04003906
v -0.05371096 0.43066406 -0.04199219
v -0.05371096 0.43066406 -0.04199219
v -0.08300783 0.42871094 -0.04394531
v -0.08300783 0.42871094 -0.04394531
v -0.08300783 0.42675781 -0.04394531
v -0.08300783 0.42480469 -0.04394531
v -0.05175783 0.40917969 -0.04003906
v -0.05175783 0.40917969 -0.04003906
v -0.01660158 0.40722656 -0.03808594
v -0.01660158 0.40722656 -0.03808594
v -0.01855471 0.40527344 -0.03613281
v -0.01855471 0.40527344 -0.03613281
v 0.01855467 0.40722656 -0.02441406
v 0.01855467 0.40722656 -0.02441406
v 0.01855467 0.40917969 -0.02246094
v 0.01855467 0.40917969 -0.02246094
v -0.01660158 0.41308594 -0.02246094
v -0.05175783 0.42675781 -0.02246094
v -0.05175783 0.42871094 -0.02246094
v -0.01269533 0.42871094 -0.02246094
v 0.01855467 0.42871094 -0.02246094
v -0.01464846 0.42871094 -0.02246094
v -0.05371096 0.42871094 -0.02246094
v -0.08300783 0.42871094 -0.02246094
v -0.08300783 0.43066406 -0.02246094
v -0.08300783 0.43066406 -0.02246094
v -0.08496096 0.43066406 -0.02441406
v -0.08496096 0.43066406 -0.02441406
v -0.08496096 0.43261719 -0.02636719
v -0.08496096 0.43457031 -0.03027344
v -0.08496096 0.43457031 -0.03027344
v -0.08496096 0.43457031 -0.03027344
v -0.08496096 0.43652344 -0.03222656
v -0.08496096 0.43652344 -0.03222656
v -0.08496096 0.43652344 -0.03222656
v -0.08496096 0.43652344 -0.03222656
v -0.08496096 0.43457031 -0.03417969
v -0.08496096 0.43457031 -0.03417969
v -0.08496096 0.43457031 -0.03417969
v -0.08496096 0.43261719 -0.03613281
v -0.08496096 0.43261719 -0.03808594
v -0.08496096 0.43066406 -0.04003906
v -0.08496096 0.43066406 -0.04199219
v -0.08496096 0.43066406 -0.04199219
v -0.08496096 0.42871094 -0.04394531
v -0.08496096 0.42871094 -0.04394531
v -0.08496096 0.42871094 -0.04394531
v -0.08496096 0.42675781 -0.04394531
v -0.08496096 0.42675781 -0.04394531
v -0.08496096 0.42480469 -0.04394531
v -0.08496096 0.42480469 -0.04394531
v -0.08300783 0.40917969 -0.04003906
v -0.08300783 0.40917969 -0.04003906
v -0.08300783 0.40917969 -0.04003906
v -0.08300783 0.40917969 -0.04003906
v -0.05175783 0.40722656 -0.03808594
v -0.05175783 0.40722656 -0.03808594
v -0.05175783 0.40722656 -0.03808594
v -0.05175783 0.40527344 -0.03613281
v -0.05175783 0.40527344 -0.03613281
v -0.05175783 0.40527344 -0.03613281
v -0.01855471 0.40722656 -0.02441406
v -0.01855471 0.40722656 -0.02441406
v -0.01660158 0.40917969 -0.02246094
v -0.01660158 0.40917969 -0.02246094
v -0.05175783 0.41308594 -0.02246094
v -0.08300783 0.42675781 -0.02246094
v -0.08300783 0.42675781 -0.02246094
v -0.08496096 0.41113281 -0.02246094
v -0.08496096 0.41113281 -0.02246094
v -0.08496096 0.41113281 -0.02246094
v -0.08496096 0.41113281 -0.02246094
v -0.08496096 0.42675781 -0.02246094
v -0.08496096 0.42675781 -0.02246094
v -0.08496096 0.42871094 -0.02246094
v -0.08496096 0.42871094 -0.02246094
v -0.08496096 0.42871094 -0.02246094
v -0.08496096 0.42871094 -0.02441406
v -0.08496096 0.43066406 -0.02636719
v -0.08496096 0.43261719 -0.02832031
v -0.08496096 0.43261719 -0.03027344
v -0.08496096 0.43457031 -0.03222656
v -0.08496096 0.43261719 -0.03417969
v -0.08496096 0.42480469 -0.04199219
v -0.08496096 0.42871094 -0.04199219
v -0.08496096 0.42675781 -0.04199219
v -0.08496096 0.42480469 -0.04199219
v -0.08496096 0.40917969 -0.04003906
v -0.08496096 0.40917969 -0.04003906
v -0.08496096 0.40917969 -0.04003906
v -0.08496096 0.40722656 -0.03808594
v -0.08496096 0.40722656 -0.03808594
v -0.08300783 0.40527344 -0.03808594
v -0.08300783 0.40527344 -0.03808594
v -0.08300783 0.40527344 -0.03808594
v -0.08300783 0.40527344 -0.03808594
v -0.08300783 0.40527344 -0.03613281
v -0.05175783 0.40722656 -0.02441406
v -0.05175783 0.40722656 -0.02441406
v -0.05175783 0.40722656 -0.02441406
v -0.05175783 0.40917969 -0.02246094
v -0.05175783 0.40917969 -0.02246094
v -0.05175783 0.40917969 -0.02246094
v -0.08300783 0.41113281 -0.02050781
v -0.08300783 0.41113281 -0.02050781
v -0.08300783 0.41113281 -0.02050781
v -0.08496096 0.40917969 -0.02246094
v -0.08496096 0.40917969 -0.02246094
v -0.08496096 0.42480469 -0.02441406
v -0.08496096 0.40527344 -0.03613281
v -0.08496096 0.40527344 -0.03613281
v -0.08496096 0.40527344 -0.03613281
v -0.08496096 0.40527344 -0.03613281
v -0.08300783 0.40527344 -0.02441406
v -0.08300783 0.40527344 -0.02441406
v -0.08300783 0.40527344 -0.02441406
v -0.08300783 0.40722656 -0.02246094
v -0.08300783 0.40722656 -0.02246094
v -0.08300783 0.40722656 -0.02246094
v -0.08496096 0.40722656 -0.02441406
v -0.08496096 0.40722656 -0.02441406
v 0.07324217 0.33691406 -0.01855469
v 0.07324217 0.33691406 -0.01855469
v 0.07324217 0.33691406 -0.01855469
v 0.07324217 0.33691406 -0.02050781
v 0.07324217 0.33691406 -0.02050781
v 0.07324217 0.33691406 -0.02050781
v 0.07128904 0.33886719 -0.02246094
v 0.07128904 0.33886719 -0.02246094
v 0.07128904 0.33886719 -0.02246094
v 0.05566404 0.33105469 -0.03808594
v 0.05566404 0.33105469 -0.03808594
v 0.05566404 0.33300781 -0.03808594
v 0.05566404 0.33300781 -0.03808594
v 0.05566404 0.33300781 -0.03808594
v 0.07128904 0.33105469 -0.03808594
v 0.07128904 0.33105469 -0.03808594
v 0.07128904 0.33105469 -0.03808594
v 0.07128904 0.33105469 -0.03808594
v 0.07128904 0.33300781 -0.03613281
v 0.07128904 0.33300781 -0.03613281
v 0.07128904 0.33300781 -0.03613281
v 0.07128904 0.33300781 -0.03613281
v 0.07128904 0.33300781 -0.03613281
v 0.07128904 0.33300781 -0.03613281
v 0.07128904 0.33300781 -0.03613281
v 0.07128904 0.33691406 -0.03027344
v 0.07128904 0.33691406 -0.03027344
v 0.07128904 0.33691406 -0.03027344
v 0.07128904 0.33691406 -0.03027344
v 0.07324217 0.33691406 -0.03222656
v 0.07324217 0.33691406 -0.03222656
v 0.07324217 0.33691406 -0.03222656
v 0.07324217 0.33691406 -0.03222656
v 0.07324217 0.33691406 -0.03222656
v 0.07128904 0.33886719 -0.03222656
v 0.07128904 0.33886719 -0.03222656
v 0.07128904 0.33886719 -0.03222656
v 0.07128904 0.33886719 -0.03222656
v 0.07128904 0.33886719 -0.03222656
v 0.07128904 0.33691406 -0.03417969
v 0.07128904 0.33691406 -0.03417969
v 0.07128904 0.33691406 -0.03417969
v 0.07128904 0.33691406 -0.03417969
v 0.07324217 0.33496094 -0.03222656
v 0.07324217 0.33496094 -0.03222656
v 0.07324217 0.33496094 -0.03222656
v 0.07324217 0.33496094 -0.03222656
v 0.07128904 0.33496094 -0.03417969
v 0.07128904 0.33496094 -0.03417969
v 0.07128904 0.33496094 -0.03417969
v 0.07128904 0.33496094 -0.03417969
v 0.07128904 0.33496094 -0.03417969
v 0.07324217 0.33300781 -0.03613281
v 0.07324217 0.33300781 -0.03613281
v 0.07324217 0.33300781 -0.03613281
v 0.07324217 0.33300781 -0.03613281
v 0.07324217 0.32910156 -0.03613281
v 0.07324217 0.32910156 -0.03613281
v 0.07324217 0.32910156 -0.03613281
v 0.07324217 0.32910156 -0.03613281
v 0.07324217 0.32910156 -0.03613281
v 0.07324217 0.32910156 -0.03613281
v 0.07324217 0.32910156 -0.03613281
v 0.07128904 0.33886719 -0.02832031
v 0.07128904 0.33886719 -0.02832031
v 0.07128904 0.33886719 -0.02832031
v 0.07128904 0.33886719 -0.03027344
v 0.07128904 0.33886719 -0.03027344
v 0.07128904 0.33886719 -0.03027344
v 0.04785154 0.34082031 -0.02441406
v 0.04980467 0.34082031 -0.02050781
v 0.04980467 0.34082031 -0.02050781
v 0.04980467 0.34082031 -0.02050781
v 0.06933592 0.34082031 -0.02441406
v 0.06933592 0.34082031 -0.02441406
v 0.06933592 0.34082031 -0.02441406
v 0.06933592 0.34082031 -0.02441406
v 0.06933592 0.34082031 -0.02441406
v 0.06933592 0.34082031 -0.02050781
v 0.06933592 0.34082031 -0.02050781
v 0.06933592 0.34082031 -0.02050781
v 0.07128904 0.34082031 -0.02441406
v 0.07128904 0.34082031 -0.02441406
v 0.07128904 0.34082031 -0.02441406
v 0.07128904 0.33886719 -0.02636719
v 0.07128904 0.33886719 -0.02636719
v 0.07128904 0.33886719 -0.02636719
v 0.07128904 0.33886719 -0.02441406
v 0.07128904 0.33886719 -0.02050781
v 0.07128904 0.33886719 -0.02050781
v 0.07128904 0.33886719 -0.02050781
v 0.07128904 0.33886719 -0.01855469
v 0.07128904 0.33886719 -0.01855469
v 0.07128904 0.33886719 -0.01855469
v 0.07128904 0.33886719 -0.01855469
v 0.04980467 0.33886719 -0.01855469
v 0.04980467 0.33886719 -0.01855469
v 0.04980467 0.33886719 -0.01855469
v 0.01464842 0.34082031 -0.01855469
v 0.01464842 0.34082031 -0.01855469
v 0.01464842 0.34082031 -0.01855469
v 0.01464842 0.34082031 -0.01855469
v 0.01464842 0.34082031 -0.02050781
v 0.01464842 0.34082031 -0.02441406
v 0.01464842 0.34082031 -0.02441406
v 0.01464842 0.34082031 -0.02441406
v -0.02246096 0.34082031 -0.02441406
v -0.02246096 0.34082031 -0.02441406
v 0.01464842 0.34277344 -0.02636719
v 0.01464842 0.34277344 -0.02636719
v 0.01464842 0.34277344 -0.02636719
v 0.04785154 0.34082031 -0.02636719
v 0.04785154 0.34082031 -0.02636719
v 0.06933592 0.34082031 -0.02636719
v 0.06933592 0.34082031 -0.02636719
v 0.06933592 0.33886719 -0.03027344
v 0.06933592 0.33886719 -0.03222656
v 0.06933592 0.33886719 -0.03222656
v 0.06933592 0.33886719 -0.03222656
v 0.06933592 0.33886719 -0.03222656
v 0.06933592 0.33886719 -0.03222656
v 0.06933592 0.33691406 -0.03417969
v 0.06933592 0.33691406 -0.03417969
v 0.06933592 0.33691406 -0.03417969
v 0.06933592 0.33691406 -0.03417969
v 0.06933592 0.33691406 -0.03417969
v 0.05175779 0.33300781 -0.03808594
v 0.05175779 0.33300781 -0.03808594
v 0.05175779 0.33300781 -0.03808594
v 0.05175779 0.33300781 -0.03808594
v 0.05371092 0.33105469 -0.03808594
v 0.05371092 0.33105469 -0.03808594
v 0.05175779 0.33105469 -0.03808594
v 0.05175779 0.33105469 -0.03808594
v 0.07128904 0.33105469 -0.03613281
v 0.07128904 0.33105469 -0.03613281
v 0.07128904 0.33105469 -0.03613281
v 0.07324217 0.33105469 -0.03613281
v 0.07128904 0.31347656 -0.03222656
v 0.07128904 0.31347656 -0.03222656
v 0.07324217 0.30957031 -0.03027344
v 0.07324217 0.30957031 -0.03027344
v 0.07324217 0.30957031 -0.03027344
v 0.07324217 0.30957031 -0.03027344
v 0.07324217 0.31152344 -0.01464844
v 0.07324217 0.31152344 -0.01464844
v 0.07324217 0.31152344 -0.01464844
v 0.07324217 0.31152344 -0.01464844
v 0.07324217 0.30957031 -0.01660156
v 0.07324217 0.30957031 -0.01660156
v 0.07324217 0.30957031 -0.01660156
v 0.07324217 0.30957031 -0.01660156
v 0.07324217 0.32910156 -0.01464844
v 0.07324217 0.32910156 -0.01464844
v 0.07324217 0.32910156 -0.01464844
v 0.07324217 0.32910156 -0.01464844
v 0.07324217 0.30957031 -0.02832031
v 0.07324217 0.30957031 -0.02832031
v 0.07324217 0.33496094 -0.01660156
v 0.07324217 0.33496094 -0.01660156
v 0.07324217 0.33300781 -0.01464844
v 0.07324217 0.33300781 -0.01464844
v 0.07324217 0.33300781 -0.01464844
v 0.07324217 0.33300781 -0.01464844
v 0.07324217 0.33300781 -0.01464844
v 0.07324217 0.33300781 -0.01464844
v 0.07128904 0.33300781 -0.01464844
v 0.07128904 0.33300781 -0.01464844
v 0.07128904 0.33300781 -0.01464844
v 0.07128904 0.33496094 -0.01464844
v 0.07128904 0.33496094 -0.01464844
v 0.07128904 0.33496094 -0.01464844
v 0.07128904 0.33691406 -0.01464844
v 0.07128904 0.33691406 -0.01464844
v 0.07128904 0.33691406 -0.01464844
v 0.05566404 0.33496094 -0.01269531
v 0.05566404 0.33496094 -0.01269531
v 0.05566404 0.33496094 -0.01269531
v 0.05566404 0.33496094 -0.01269531
v 0.07128904 0.33691406 -0.01660156
v 0.07128904 0.33691406 -0.01660156
v 0.07128904 0.33691406 -0.01660156
v 0.07128904 0.33691406 -0.01660156
v 0.07128904 0.33691406 -0.01660156
v 0.07128904 0.33691406 -0.01660156
v 0.04980467 0.33886719 -0.01660156
v 0.04980467 0.33886719 -0.01660156
v 0.04980467 0.33886719 -0.01660156
v 0.04980467 0.33886719 -0.01660156
v 0.04980467 0.33886719 -0.01660156
v 0.01855467 0.33496094 -0.01464844
v 0.01855467 0.33496094 -0.01464844
v 0.01855467 0.33496094 -0.01464844
v 0.01464842 0.33886719 -0.01660156
v 0.01464842 0.33886719 -0.01660156
v -0.02050783 0.33886719 -0.01660156
v -0.02050783 0.33886719 -0.01660156
v -0.02246096 0.34082031 -0.01855469
v -0.02246096 0.34082031 -0.01855469
v -0.02246096 0.34082031 -0.02050781
v -0.06347658 0.34082031 -0.02050781
v -0.06347658 0.34277344 -0.02441406
v -0.08105471 0.34277344 -0.03027344
v -0.08105471 0.34277344 -0.03027344
v -0.08105471 0.34277344 -0.03027344
v -0.06347658 0.34082031 -0.02832031
v -0.06347658 0.34082031 -0.03027344
v -0.06347658 0.34082031 -0.03027344
v -0.02441408 0.34082031 -0.02832031
v 0.01464842 0.34082031 -0.03027344
v 0.04785154 0.34082031 -0.03027344
v 0.04785154 0.34082031 -0.03027344
v 0.04785154 0.34082031 -0.03027344
v 0.04785154 0.33886719 -0.03222656
v 0.04785154 0.33886719 -0.03222656
v 0.04785154 0.33886719 -0.03222656
v 0.04785154 0.33886719 -0.03417969
v 0.04785154 0.33886719 -0.03417969
v 0.04785154 0.33886719 -0.03417969
v 0.04785154 0.33691406 -0.03613281
v 0.04785154 0.33691406 -0.03613281
v 0.04785154 0.33691406 -0.03613281
v 0.01660154 0.33300781 -0.03808594
v 0.01660154 0.33300781 -0.03808594
v 0.01660154 0.33300781 -0.03808594
v 0.01464842 0.33105469 -0.03808594
v 0.01464842 0.31347656 -0.03222656
v 0.04980467 0.31347656 -0.03222656
v 0.06933592 0.31347656 -0.03222656
v 0.07128904 0.30761719 -0.03027344
v 0.07128904 0.30761719 -0.03027344
v 0.07128904 0.30761719 -0.03027344
v 0.07128904 0.30761719 -0.03027344
v 0.07128904 0.30761719 -0.02832031
v 0.07128904 0.30761719 -0.02832031
v 0.07128904 0.30957031 -0.01660156
v 0.07128904 0.30957031 -0.01660156
v 0.07128904 0.31152344 -0.01464844
v 0.07128904 0.31152344 -0.01464844
v 0.07128904 0.32910156 -0.01269531
v 0.07324217 0.33105469 -0.01464844
v 0.07128904 0.33300781 -0.01269531
v 0.07128904 0.33300781 -0.01269531
v 0.07128904 0.33300781 -0.01269531
v 0.07128904 0.33300781 -0.01269531
v 0.07128904 0.33300781 -0.01269531
v 0.07128904 0.33105469 -0.01269531
v 0.07128904 0.31542969 -0.01269531
v 0.07128904 0.31542969 -0.01269531
v 0.04980467 0.31542969 -0.01464844
v 0.01464842 0.33105469 -0.01269531
v 0.01464842 0.31542969 -0.01464844
v 0.04785154 0.33300781 -0.01269531
v 0.05175779 0.33496094 -0.01269531
v 0.05371092 0.33496094 -0.01269531
v 0.05371092 0.33496094 -0.01269531
v 0.05371092 0.33496094 -0.01269531
v 0.05371092 0.33496094 -0.01269531
v 0.05371092 0.33496094 -0.01269531
v 0.01660154 0.33496094 -0.01269531
v 0.01660154 0.33496094 -0.01269531
v -0.01855471 0.33496094 -0.01464844
v -0.01855471 0.33496094 -0.01464844
v -0.01855471 0.33496094 -0.01464844
v -0.01855471 0.33496094 -0.01464844
v -0.01855471 0.33496094 -0.01464844
v -0.01855471 0.33496094 -0.01464844
v -0.06347658 0.33496094 -0.01269531
v -0.06347658 0.33496094 -0.01269531
v -0.06542971 0.33496094 -0.01464844
v -0.06542971 0.33496094 -0.01464844
v -0.06542971 0.33496094 -0.01464844
v -0.06542971 0.33496094 -0.01464844
v -0.06152346 0.33886719 -0.01660156
v -0.06152346 0.33886719 -0.01660156
v -0.06347658 0.34082031 -0.01855469
v -0.06347658 0.34082031 -0.01855469
v -0.08105471 0.34082031 -0.01855469
v -0.08105471 0.34082031 -0.01855469
v -0.08105471 0.34082031 -0.01855469
v -0.08105471 0.34277344 -0.02246094
v -0.08105471 0.34277344 -0.02246094
v -0.08105471 0.34277344 -0.02441406
v -0.08105471 0.34277344 -0.02441406
v -0.08105471 0.34277344 -0.02441406
v -0.08105471 0.34277344 -0.02832031
v -0.08105471 0.34277344 -0.02832031
v -0.08105471 0.34277344 -0.02832031
v -0.08105471 0.34277344 -0.02832031
v -0.08105471 0.34082031 -0.03027344
v -0.08105471 0.34082031 -0.03027344
v -0.08105471 0.34082031 -0.03027344
v -0.08105471 0.34082031 -0.03222656
v -0.08105471 0.34082031 -0.03222656
v -0.08105471 0.34082031 -0.03222656
v -0.08105471 0.34082031 -0.03222656
v -0.08105471 0.34082031 -0.03222656
v -0.06347658 0.34082031 -0.03222656
v -0.06347658 0.34082031 -0.03222656
v -0.02246096 0.34082031 -0.03222656
v -0.02246096 0.34082031 -0.03222656
v 0.01464842 0.34082031 -0.03222656
v 0.01464842 0.34082031 -0.03222656
v 0.01464842 0.34082031 -0.03222656
v 0.01464842 0.33886719 -0.03417969
v 0.01464842 0.33886719 -0.03417969
v 0.01464842 0.33886719 -0.03417969
v 0.01464842 0.33886719 -0.03417969
v 0.01464842 0.33886719 -0.03417969
v -0.06152346 0.33496094 -0.03613281
v -0.06152346 0.33496094 -0.03613281
v -0.06152346 0.33496094 -0.03613281
v -0.02050783 0.33691406 -0.03417969
v -0.01855471 0.33300781 -0.03613281
v -0.01855471 0.33300781 -0.03613281
v -0.01855471 0.33300781 -0.03613281
v -0.01855471 0.33300781 -0.03613281
v -0.01855471 0.33300781 -0.03808594
v -0.01855471 0.33300781 -0.03808594
v -0.01660158 0.33105469 -0.03808594
v -0.01660158 0.33105469 -0.03808594
v -0.02246096 0.31347656 -0.03417969
v -0.02246096 0.31347656 -0.03417969
v -0.06542971 0.31347656 -0.03417969
v -0.06542971 0.31347656 -0.03417969
v -0.02441408 0.30957031 -0.03027344
v 0.01464842 0.30957031 -0.03027344
v 0.01464842 0.30957031 -0.03027344
v 0.04980467 0.30957031 -0.03027344
v 0.04980467 0.30957031 -0.03027344
v 0.04980467 0.30761719 -0.02832031
v 0.04980467 0.30761719 -0.02832031
v 0.05175779 0.30957031 -0.01660156
v 0.05175779 0.30957031 -0.01660156
v 0.05175779 0.31152344 -0.01464844
v 0.05175779 0.31152344 -0.01464844
v 0.01464842 0.31152344 -0.01464844
v 0.01464842 0.31152344 -0.01464844
v -0.02246096 0.31542969 -0.01464844
v -0.01660158 0.33300781 -0.01269531
v 0.01660154 0.33300781 -0.01269531
v 0.01660154 0.33300781 -0.01269531
v -0.01855471 0.33300781 -0.01269531
v -0.06152346 0.33300781 -0.01269531
v -0.06152346 0.33300781 -0.01269531
v -0.06152346 0.33300781 -0.01269531
v -0.06152346 0.33300781 -0.01269531
v -0.06152346 0.33300781 -0.01269531
v -0.08105471 0.33300781 -0.01269531
v -0.08105471 0.33300781 -0.01269531
v -0.08105471 0.33300781 -0.01269531
v -0.08105471 0.33496094 -0.01464844
v -0.08105471 0.33496094 -0.01464844
v -0.08105471 0.33496094 -0.01464844
v -0.08105471 0.33496094 -0.01464844
v -0.08105471 0.33496094 -0.01464844
v -0.08105471 0.33496094 -0.01464844
v -0.08105471 0.33496094 -0.01464844
v -0.08105471 0.33496094 -0.01464844
v -0.08105471 0.33691406 -0.01464844
v -0.08105471 0.33691406 -0.01464844
v -0.08105471 0.33691406 -0.01464844
v -0.08105471 0.33691406 -0.01464844
v -0.08300783 0.33691406 -0.01660156
v -0.08300783 0.33691406 -0.01660156
v -0.08300783 0.33691406 -0.01660156
v -0.08300783 0.33691406 -0.01660156
v -0.08105471 0.33886719 -0.01660156
v -0.08105471 0.33886719 -0.01660156
v -0.08105471 0.33886719 -0.01660156
v -0.08105471 0.33886719 -0.01660156
v -0.08105471 0.33886719 -0.01660156
v -0.08105471 0.34082031 -0.02050781
v -0.08105471 0.34082031 -0.02050781
v -0.08300783 0.34082031 -0.02246094
v -0.08300783 0.34082031 -0.02246094
v -0.08300783 0.34082031 -0.02636719
v -0.08300783 0.34082031 -0.02636719
v -0.08300783 0.34082031 -0.02832031
v -0.08300783 0.34082031 -0.02832031
v -0.08300783 0.34082031 -0.03027344
v -0.08300783 0.34082031 -0.03027344
v -0.08300783 0.34082031 -0.03027344
v -0.08300783 0.33886719 -0.03222656
v -0.08300783 0.33886719 -0.03222656
v -0.08300783 0.33886719 -0.03222656
v -0.08300783 0.33886719 -0.03222656
v -0.06347658 0.33886719 -0.03417969
v -0.02246096 0.33886719 -0.03417969
v -0.02246096 0.33886719 -0.03417969
v -0.06152346 0.33886719 -0.03417969
v -0.08105471 0.33886719 -0.03417969
v -0.08105471 0.33886719 -0.03417969
v -0.08105471 0.33496094 -0.03613281
v -0.08105471 0.33496094 -0.03613281
v -0.08105471 0.33496094 -0.03613281
v -0.08105471 0.33300781 -0.03613281
v -0.08105471 0.33300781 -0.03613281
v -0.08105471 0.33300781 -0.03613281
v -0.06152346 0.33300781 -0.03808594
v -0.06152346 0.33300781 -0.03808594
v -0.06152346 0.33300781 -0.03808594
v -0.06152346 0.33300781 -0.03808594
v -0.06152346 0.33300781 -0.03808594
v -0.05957033 0.33300781 -0.03808594
v -0.05957033 0.33300781 -0.03808594
v -0.08105471 0.33300781 -0.03808594
v -0.08105471 0.33300781 -0.03808594
v -0.08105471 0.33300781 -0.03808594
v -0.08105471 0.33300781 -0.03808594
v -0.08105471 0.33300781 -0.03808594
v -0.08105471 0.33105469 -0.03808594
v -0.08105471 0.33105469 -0.03808594
v -0.08105471 0.31347656 -0.03417969
v -0.08105471 0.31347656 -0.03417969
v -0.08105471 0.31347656 -0.03417969
v -0.08105471 0.31347656 -0.03417969
v -0.06542971 0.30957031 -0.03027344
v -0.02441408 0.30761719 -0.02832031
v -0.02441408 0.30761719 -0.02832031
v 0.01464842 0.30761719 -0.02832031
v 0.01464842 0.30761719 -0.02832031
v 0.01464842 0.30957031 -0.01660156
v 0.01464842 0.30957031 -0.01660156
v -0.02246096 0.31152344 -0.01464844
v -0.02246096 0.31152344 -0.01464844
v -0.06542971 0.31542969 -0.01269531
v -0.06542971 0.31542969 -0.01269531
v -0.08105471 0.33300781 -0.01464844
v -0.08105471 0.33300781 -0.01464844
v -0.08105471 0.33300781 -0.01464844
v -0.08300783 0.31738281 -0.01464844
v -0.08300783 0.31738281 -0.01464844
v -0.08300783 0.33300781 -0.01464844
v -0.08300783 0.33300781 -0.01464844
v -0.08300783 0.33496094 -0.01464844
v -0.08300783 0.33496094 -0.01464844
v -0.08300783 0.33496094 -0.01464844
v -0.08300783 0.33496094 -0.01660156
v -0.08300783 0.33691406 -0.01855469
v -0.08300783 0.33886719 -0.02050781
v -0.08300783 0.33886719 -0.02050781
v -0.08300783 0.33496094 -0.03613281
v -0.08300783 0.33496094 -0.03613281
v -0.08300783 0.33496094 -0.03613281
v -0.08300783 0.33300781 -0.03613281
v -0.08300783 0.33300781 -0.03613281
v -0.08300783 0.33300781 -0.03613281
v -0.08300783 0.33105469 -0.03613281
v -0.08300783 0.33105469 -0.03613281
v -0.08300783 0.33105469 -0.03613281
v -0.08300783 0.31347656 -0.03417969
v -0.08300783 0.31347656 -0.03417969
v -0.08300783 0.31347656 -0.03417969
v -0.08300783 0.30957031 -0.03027344
v -0.08300783 0.30957031 -0.03027344
v -0.08300783 0.30957031 -0.03027344
v -0.08105471 0.30957031 -0.03027344
v -0.08105471 0.30957031 -0.03027344
v -0.06738283 0.30761719 -0.02832031
v -0.06738283 0.30761719 -0.02832031
v -0.02441408 0.30957031 -0.01660156
v -0.02441408 0.30957031 -0.01660156
v -0.06542971 0.31152344 -0.01464844
v -0.06542971 0.31152344 -0.01464844
v -0.06542971 0.31152344 -0.01464844
v -0.06542971 0.31152344 -0.01464844
v -0.08105471 0.31542969 -0.01464844
v -0.08105471 0.31542969 -0.01464844
v -0.08300783 0.31347656 -0.01464844
v -0.08300783 0.31347656 -0.01464844
v -0.08300783 0.31347656 -0.01464844
v -0.08300783 0.33105469 -0.01660156
v -0.08300783 0.30957031 -0.02832031
v -0.08300783 0.30957031 -0.02832031
v -0.08105471 0.30957031 -0.02832031
v -0.08105471 0.30957031 -0.02832031
v -0.06738283 0.30957031 -0.01660156
v -0.06738283 0.30957031 -0.01660156
v -0.08105471 0.31152344 -0.01464844
v -0.08105471 0.31152344 -0.01464844
v -0.08300783 0.31152344 -0.01660156
v -0.08300783 0.31152344 -0.01660156
v -0.08300783 0.31152344 -0.01660156
v -0.08105471 0.30957031 -0.01660156
v -0.08105471 0.30957031 -0.01660156
v 0.07128904 0.24121094 -0.03222656
v 0.07128904 0.24121094 -0.03222656
v 0.07128904 0.24121094 -0.03222656
v 0.05566404 0.24121094 -0.03222656
v 0.05566404 0.24121094 -0.03222656
v 0.07128904 0.24121094 -0.03027344
v 0.07128904 0.24121094 -0.03027344
v 0.07128904 0.24121094 -0.03027344
v 0.07128904 0.24121094 -0.03027344
v 0.07128904 0.24121094 -0.03027344
v 0.07128904 0.24121094 -0.03027344
v 0.07128904 0.24121094 -0.03027344
v 0.06933592 0.24511719 -0.02832031
v 0.06933592 0.24511719 -0.02832031
v 0.06933592 0.24511719 -0.02832031
v 0.06933592 0.24511719 -0.02832031
v 0.07128904 0.24511719 -0.02832031
v 0.07128904 0.24511719 -0.02832031
v 0.07128904 0.24511719 -0.02832031
v 0.07128904 0.24316406 -0.02832031
v 0.07128904 0.24316406 -0.02832031
v 0.07128904 0.24511719 -0.02636719
v 0.07128904 0.24511719 -0.02636719
v 0.07128904 0.24707031 -0.02636719
v 0.07128904 0.24707031 -0.02636719
v 0.07128904 0.24707031 -0.02636719
v 0.07128904 0.24511719 -0.02441406
v 0.07128904 0.24511719 -0.02441406
v 0.07128904 0.24707031 -0.02246094
v 0.07128904 0.24707031 -0.02246094
v 0.07128904 0.24707031 -0.02246094
v 0.07128904 0.24707031 -0.02246094
v 0.06933592 0.24707031 -0.02050781
v 0.06933592 0.24707031 -0.02246094
v 0.06933592 0.24707031 -0.02636719
v 0.06933592 0.24707031 -0.02636719
v 0.04785154 0.24707031 -0.02636719
v 0.04785154 0.24707031 -0.02636719
v 0.04785154 0.24707031 -0.02636719
v 0.04980467 0.24511719 -0.02832031
v 0.04980467 0.24511719 -0.02832031
v 0.04980467 0.24511719 -0.02832031
v 0.04980467 0.24511719 -0.03027344
v 0.04980467 0.24511719 -0.03027344
v 0.04980467 0.24511719 -0.03027344
v 0.05371092 0.24121094 -0.03222656
v 0.05371092 0.24121094 -0.03222656
v 0.05371092 0.24121094 -0.03222656
v 0.05371092 0.24121094 -0.03222656
v 0.05371092 0.24121094 -0.03222656
v 0.05175779 0.23925781 -0.03222656
v 0.05175779 0.24121094 -0.03222656
v 0.05175779 0.24121094 -0.03222656
v 0.07128904 0.23925781 -0.03222656
v 0.07128904 0.23925781 -0.03222656
v 0.07128904 0.23925781 -0.03027344
v 0.07128904 0.23925781 -0.03027344
v 0.07324217 0.21972656 -0.02441406
v 0.07324217 0.21972656 -0.02441406
v 0.07324217 0.21972656 -0.02441406
v 0.07324217 0.21972656 -0.02441406
v 0.07128904 0.22363281 -0.02832031
v 0.07128904 0.22363281 -0.02832031
v 0.07324217 0.23925781 -0.03027344
v 0.07324217 0.23925781 -0.03027344
v 0.07324217 0.23925781 -0.03027344
v 0.07324217 0.23925781 -0.03027344
v 0.07324217 0.23925781 -0.03027344
v 0.07324217 0.23925781 -0.03027344
v 0.07128904 0.24707031 -0.02050781
v 0.07128904 0.24707031 -0.02050781
v 0.07128904 0.24707031 -0.01855469
v 0.07128904 0.24707031 -0.01855469
v 0.07128904 0.24316406 -0.01074219
v 0.07128904 0.24316406 -0.01074219
v 0.07128904 0.24316406 -0.01074219
v 0.07324217 0.24316406 -0.01074219
v 0.07324217 0.24316406 -0.01074219
v 0.07324217 0.24316406 -0.01074219
v 0.07324217 0.24316406 -0.01074219
v 0.07128904 0.24511719 -0.01269531
v 0.07128904 0.24511719 -0.01269531
v 0.07128904 0.24511719 -0.01269531
v 0.07128904 0.24511719 -0.01269531
v 0.07324217 0.24511719 -0.01269531
v 0.07324217 0.24511719 -0.01269531
v 0.07324217 0.24511719 -0.01269531
v 0.07128904 0.24707031 -0.01464844
v 0.07128904 0.24707031 -0.01464844
v 0.07128904 0.24707031 -0.01464844
v 0.07128904 0.24707031 -0.01464844
v 0.07128904 0.24707031 -0.01464844
v 0.04980467 0.24707031 -0.01269531
v 0.04980467 0.24707031 -0.01269531
v 0.04980467 0.24707031 -0.01269531
v 0.04980467 0.24707031 -0.01269531
v 0.04980467 0.24707031 -0.01464844
v 0.04980467 0.24707031 -0.01464844
v 0.04980467 0.24902344 -0.01855469
v 0.04785154 0.24902344 -0.02050781
v 0.04785154 0.24902344 -0.02246094
v 0.01464842 0.24902344 -0.02246094
v 0.01464842 0.24902344 -0.02636719
v 0.01464842 0.24902344 -0.02636719
v 0.01464842 0.24902344 -0.02636719
v 0.01464842 0.24707031 -0.02832031
v 0.01464842 0.24707031 -0.02832031
v 0.01464842 0.24707031 -0.02832031
v 0.01464842 0.24707031 -0.02832031
v -0.02050783 0.24511719 -0.02832031
v -0.02050783 0.24511719 -0.02832031
v 0.01464842 0.24511719 -0.02832031
v 0.01464842 0.24511719 -0.02832031
v 0.01660154 0.24121094 -0.03027344
v 0.01660154 0.24121094 -0.03027344
v 0.01660154 0.24121094 -0.03222656
v 0.01660154 0.24121094 -0.03222656
v 0.01464842 0.23925781 -0.03222656
v 0.01464842 0.22363281 -0.02636719
v 0.04980467 0.22363281 -0.02832031
v 0.04980467 0.22363281 -0.02832031
v 0.06933592 0.22363281 -0.02832031
v 0.06933592 0.22363281 -0.02832031
v 0.06933592 0.22363281 -0.02832031
v 0.06933592 0.22363281 -0.02832031
v 0.07128904 0.21777344 -0.02441406
v 0.07128904 0.21777344 -0.02441406
v 0.07128904 0.21777344 -0.02441406
v 0.07128904 0.21777344 -0.02441406
v 0.07128904 0.21777344 -0.02441406
v 0.07128904 0.21777344 -0.02246094
v 0.07128904 0.21777344 -0.02246094
v 0.07128904 0.21777344 -0.02246094
v 0.07324217 0.21777344 -0.02441406
v 0.07324217 0.21777344 -0.02441406
v 0.07324217 0.21777344 -0.02441406
v 0.07324217 0.21972656 -0.01074219
v 0.07324217 0.21972656 -0.01074219
v 0.07324217 0.21972656 -0.01074219
v 0.07128904 0.21972656 -0.01074219
v 0.07128904 0.21972656 -0.00878906
v 0.07128904 0.21972656 -0.00878906
v 0.07128904 0.21972656 -0.00878906
v 0.07128904 0.21972656 -0.00878906
v 0.07324217 0.22167969 -0.00878906
v 0.07324217 0.22167969 -0.00878906
v 0.07324217 0.22167969 -0.00878906
v 0.07128904 0.22363281 -0.00878906
v 0.07324217 0.23730469 -0.00683594
v 0.07324217 0.23730469 -0.00683594
v 0.07324217 0.23730469 -0.00683594
v 0.07324217 0.23730469 -0.00878906
v 0.07324217 0.23730469 -0.00878906
v 0.07324217 0.23730469 -0.00878906
v 0.07324217 0.24121094 -0.00878906
v 0.07324217 0.24121094 -0.00878906
v 0.07324217 0.24121094 -0.00878906
v 0.07324217 0.24121094 -0.00878906
v 0.07324217 0.24121094 -0.00878906
v 0.07324217 0.23925781 -0.00878906
v 0.07324217 0.23925781 -0.00878906
v 0.07324217 0.23925781 -0.00878906
v 0.07128904 0.24121094 -0.00683594
v 0.07128904 0.24121094 -0.00683594
v 0.07128904 0.24121094 -0.00683594
v 0.07128904 0.24121094 -0.00683594
v 0.07128904 0.24121094 -0.00683594
v 0.07128904 0.24121094 -0.00878906
v 0.07128904 0.24121094 -0.00878906
v 0.07128904 0.24121094 -0.00878906
v 0.05566404 0.24316406 -0.00683594
v 0.05566404 0.24316406 -0.00683594
v 0.05566404 0.24316406 -0.00683594
v 0.07128904 0.24316406 -0.00878906
v 0.07128904 0.24316406 -0.00878906
v 0.07128904 0.24316406 -0.00878906
v 0.07128904 0.24316406 -0.00878906
v 0.07128904 0.24316406 -0.00878906
v 0.07128904 0.24316406 -0.00878906
v 0.07128904 0.24316406 -0.00878906
v 0.07128904 0.24316406 -0.00878906
v 0.07128904 0.24511719 -0.00878906
v 0.07128904 0.24511719 -0.00878906
v 0.07128904 0.24511719 -0.00878906
v 0.07128904 0.24511719 -0.01074219
v 0.07128904 0.24511719 -0.01074219
v 0.07128904 0.24511719 -0.01074219
v 0.07128904 0.24511719 -0.01074219
v 0.04980467 0.24511719 -0.01074219
v 0.04980467 0.24511719 -0.01074219
v -0.02050783 0.24511719 -0.01074219
v -0.02050783 0.24511719 -0.01074219
v -0.02050783 0.24511719 -0.01074219
v 0.01464842 0.24511719 -0.01074219
v 0.01464842 0.24511719 -0.01074219
v 0.01464842 0.24707031 -0.01269531
v 0.01464842 0.24707031 -0.01269531
v 0.01464842 0.24707031 -0.01269531
v 0.01464842 0.24902344 -0.01464844
v 0.01464842 0.24902344 -0.01464844
v 0.01464842 0.24902344 -0.01464844
v 0.01464842 0.24902344 -0.01660156
v 0.01464842 0.24902344 -0.02050781
v -0.02246096 0.24902344 -0.02050781
v -0.06542971 0.24902344 -0.02050781
v -0.06542971 0.24902344 -0.02246094
v -0.02246096 0.24902344 -0.02246094
v -0.02246096 0.24902344 -0.02636719
v -0.02246096 0.24902344 -0.02636719
v -0.02246096 0.24707031 -0.02832031
v -0.02246096 0.24707031 -0.02832031
v -0.06347658 0.24511719 -0.02832031
v -0.06347658 0.24511719 -0.02832031
v -0.06152346 0.24316406 -0.03027344
v -0.01855471 0.24316406 -0.03027344
v -0.01855471 0.24316406 -0.03027344
v -0.01855471 0.24121094 -0.03027344
v -0.01855471 0.24121094 -0.03027344
v -0.01660158 0.24121094 -0.03222656
v -0.01660158 0.24121094 -0.03222656
v -0.01660158 0.23925781 -0.03222656
v -0.01660158 0.23925781 -0.03222656
v -0.02246096 0.22363281 -0.02832031
v -0.02246096 0.22363281 -0.02832031
v 0.01464842 0.21972656 -0.02441406
v 0.01464842 0.21972656 -0.02441406
v 0.04980467 0.21972656 -0.02441406
v 0.04980467 0.21972656 -0.02441406
v 0.04980467 0.21777344 -0.02246094
v 0.04980467 0.21777344 -0.02246094
v 0.05175779 0.21972656 -0.01074219
v 0.05175779 0.21972656 -0.01074219
v 0.05175779 0.22167969 -0.00878906
v 0.05175779 0.22167969 -0.00878906
v 0.01464842 0.23925781 -0.00683594
v -0.01660158 0.23925781 -0.00683594
v -0.01660158 0.23925781 -0.00683594
v 0.01464842 0.22363281 -0.00878906
v -0.02246096 0.22363281 -0.00878906
v 0.01464842 0.22167969 -0.00878906
v 0.01464842 0.22167969 -0.00878906
v 0.04980467 0.22363281 -0.00878906
v 0.07128904 0.23925781 -0.00683594
v 0.07128904 0.23925781 -0.00683594
v 0.07128904 0.23925781 -0.00683594
v 0.05566404 0.24121094 -0.00683594
v 0.05371092 0.24316406 -0.00683594
v 0.05371092 0.24316406 -0.00683594
v 0.05371092 0.24316406 -0.00683594
v 0.05371092 0.24316406 -0.00683594
v 0.01855467 0.24316406 -0.00683594
v 0.01855467 0.24316406 -0.00683594
v -0.01855471 0.24316406 -0.00683594
v -0.01855471 0.24316406 -0.00683594
v -0.06542971 0.24316406 -0.00683594
v -0.06542971 0.24316406 -0.00683594
v -0.06542971 0.24316406 -0.00683594
v -0.06542971 0.24316406 -0.00683594
v -0.06542971 0.24316406 -0.00683594
v -0.06347658 0.24707031 -0.01074219
v -0.06347658 0.24707031 -0.01074219
v -0.06347658 0.24707031 -0.01074219
v -0.02050783 0.24707031 -0.01269531
v -0.02050783 0.24707031 -0.01269531
v -0.02050783 0.24707031 -0.01269531
v -0.02246096 0.24902344 -0.01464844
v -0.02246096 0.24902344 -0.01464844
v -0.02246096 0.24902344 -0.01855469
v -0.06542971 0.24902344 -0.01855469
v -0.08105471 0.25097656 -0.01855469
v -0.08105471 0.25097656 -0.01855469
v -0.08105471 0.25097656 -0.02050781
v -0.08105471 0.25097656 -0.02050781
v -0.08105471 0.24902344 -0.02246094
v -0.08105471 0.24902344 -0.02441406
v -0.08105471 0.24902344 -0.02441406
v -0.08105471 0.24902344 -0.02441406
v -0.06542971 0.24707031 -0.02636719
v -0.06542971 0.24707031 -0.02636719
v -0.06347658 0.24707031 -0.02832031
v -0.06347658 0.24707031 -0.02832031
v -0.06347658 0.24707031 -0.02832031
v -0.07910158 0.24707031 -0.02832031
v -0.07910158 0.24707031 -0.02832031
v -0.07910158 0.24707031 -0.02832031
v -0.07910158 0.24316406 -0.03027344
v -0.07910158 0.24316406 -0.03027344
v -0.07910158 0.24316406 -0.03027344
v -0.07910158 0.24316406 -0.03027344
v -0.07910158 0.24316406 -0.03027344
v -0.07910158 0.24316406 -0.03027344
v -0.06152346 0.24121094 -0.03222656
v -0.06152346 0.24121094 -0.03222656
v -0.06152346 0.24121094 -0.03222656
v -0.06152346 0.24121094 -0.03222656
v -0.06152346 0.24121094 -0.03222656
v -0.06152346 0.24121094 -0.03222656
v -0.06152346 0.24121094 -0.03027344
v -0.06152346 0.24121094 -0.03027344
v -0.06542971 0.22363281 -0.02636719
v -0.06542971 0.22363281 -0.02636719
v -0.02246096 0.21972656 -0.02441406
v -0.02246096 0.21972656 -0.02441406
v 0.01464842 0.21777344 -0.02246094
v 0.01464842 0.21777344 -0.02246094
v 0.01464842 0.21972656 -0.01074219
v 0.01464842 0.21972656 -0.01074219
v -0.02246096 0.22167969 -0.00878906
v -0.02246096 0.22167969 -0.00878906
v -0.06347658 0.22363281 -0.00683594
v -0.06347658 0.22363281 -0.00683594
v -0.06152346 0.24121094 -0.00683594
v -0.06152346 0.24121094 -0.00683594
v -0.06347658 0.24121094 -0.00683594
v -0.06347658 0.24121094 -0.00683594
v -0.01660158 0.24121094 -0.00683594
v 0.01660154 0.24121094 -0.00683594
v 0.04785154 0.24121094 -0.00683594
v 0.05175779 0.24121094 -0.00683594
v 0.01660154 0.24121094 -0.00683594
v -0.01855471 0.24121094 -0.00683594
v -0.06542971 0.24121094 -0.00683594
v -0.08105471 0.24316406 -0.00878906
v -0.08105471 0.24316406 -0.00878906
v -0.08105471 0.24121094 -0.00683594
v -0.08105471 0.24121094 -0.00683594
v -0.08105471 0.24121094 -0.00683594
v -0.08105471 0.24121094 -0.00683594
v -0.07910158 0.24316406 -0.00683594
v -0.07910158 0.24316406 -0.00683594
v -0.07910158 0.24316406 -0.00683594
v -0.07910158 0.24316406 -0.00683594
v -0.07910158 0.24316406 -0.00683594
v -0.07910158 0.24121094 -0.00683594
v -0.07910158 0.24121094 -0.00683594
v -0.07910158 0.24121094 -0.00683594
v -0.07910158 0.24121094 -0.00683594
v -0.07910158 0.24316406 -0.00878906
v -0.07910158 0.24316406 -0.00878906
v -0.07910158 0.24316406 -0.00878906
v -0.07910158 0.24511719 -0.01074219
v -0.07910158 0.24511719 -0.01074219
v -0.07910158 0.24511719 -0.01074219
v -0.07910158 0.24511719 -0.01074219
v -0.07910158 0.24511719 -0.01074219
v -0.06347658 0.24707031 -0.01269531
v -0.06347658 0.24707031 -0.01269531
v -0.06542971 0.24902344 -0.01464844
v -0.06542971 0.24902344 -0.01464844
v -0.08105471 0.24902344 -0.01464844
v -0.08105471 0.24902344 -0.01464844
v -0.08105471 0.24902344 -0.01464844
v -0.08105471 0.24902344 -0.01464844
v -0.08105471 0.24902344 -0.01855469
v -0.08105471 0.24902344 -0.02050781
v -0.08105471 0.24707031 -0.02050781
v -0.08105471 0.24707031 -0.02246094
v -0.08105471 0.24707031 -0.02441406
v -0.08105471 0.24707031 -0.02636719
v -0.08105471 0.24707031 -0.02636719
v -0.08105471 0.24707031 -0.02636719
v -0.08105471 0.24707031 -0.02636719
v -0.08105471 0.24511719 -0.02832031
v -0.08105471 0.24511719 -0.02832031
v -0.08105471 0.24511719 -0.02832031
v -0.08105471 0.24511719 -0.02832031
v -0.08105471 0.24316406 -0.02832031
v -0.08105471 0.24316406 -0.02832031
v -0.08105471 0.24316406 -0.02832031
v -0.08105471 0.24316406 -0.02832031
v -0.08105471 0.24316406 -0.03027344
v -0.08105471 0.24316406 -0.03027344
v -0.08105471 0.24316406 -0.03027344
v -0.08105471 0.24121094 -0.03027344
v -0.08105471 0.24121094 -0.03027344
v -0.07910158 0.24121094 -0.03027344
v -0.07910158 0.24121094 -0.03027344
v -0.07910158 0.22363281 -0.02832031
v -0.07910158 0.22363281 -0.02832031
v -0.06542971 0.21972656 -0.02441406
v -0.06542971 0.21972656 -0.02441406
v -0.02246096 0.21777344 -0.02246094
v -0.02246096 0.21777344 -0.02246094
v -0.02246096 0.21972656 -0.01074219
v -0.02246096 0.21972656 -0.01074219
v -0.06542971 0.22167969 -0.00878906
v -0.06542971 0.22167969 -0.00878906
v -0.06542971 0.22167969 -0.00878906
v -0.07910158 0.22363281 -0.00683594
v -0.07910158 0.22363281 -0.00683594
v -0.07910158 0.22363281 -0.00683594
v -0.07910158 0.22363281 -0.00683594
v -0.08105471 0.22558594 -0.00878906
v -0.08105471 0.22558594 -0.00878906
v -0.08105471 0.24121094 -0.00878906
v -0.08105471 0.24121094 -0.00878906
v -0.08105471 0.24121094 -0.00878906
v -0.08105471 0.24121094 -0.00878906
v -0.08105471 0.24121094 -0.00878906
v -0.08105471 0.24316406 -0.01074219
v -0.08105471 0.24316406 -0.01074219
v -0.08105471 0.24316406 -0.01074219
v -0.08105471 0.24511719 -0.01074219
v -0.08105471 0.24511719 -0.01074219
v -0.08105471 0.24511719 -0.01074219
v -0.08105471 0.24511719 -0.01074219
v -0.08105471 0.24511719 -0.01074219
v -0.08105471 0.24511719 -0.01074219
v -0.08105471 0.24707031 -0.01269531
v -0.08105471 0.24707031 -0.01269531
v -0.08105471 0.24902344 -0.01660156
v -0.08105471 0.24707031 -0.01464844
v -0.08105471 0.24707031 -0.01660156
v -0.08105471 0.24707031 -0.01855469
v -0.08105471 0.23925781 -0.03027344
v -0.08105471 0.23925781 -0.03027344
v -0.08105471 0.23925781 -0.03027344
v -0.08105471 0.23925781 -0.03027344
v -0.08105471 0.23925781 -0.03027344
v -0.08105471 0.22363281 -0.02636719
v -0.08105471 0.22363281 -0.02636719
v -0.08105471 0.21972656 -0.02441406
v -0.08105471 0.21972656 -0.02441406
v -0.07910158 0.21972656 -0.02441406
v -0.06738283 0.21777344 -0.02246094
v -0.06738283 0.21777344 -0.02246094
v -0.06738283 0.21972656 -0.01074219
v -0.06738283 0.21972656 -0.01074219
v -0.06738283 0.21972656 -0.01074219
v -0.07910158 0.21972656 -0.01074219
v -0.07910158 0.21972656 -0.00878906
v -0.07910158 0.21972656 -0.00878906
v -0.07910158 0.21972656 -0.00878906
v -0.07910158 0.21972656 -0.00878906
v -0.08105471 0.22167969 -0.00878906
v -0.08105471 0.22167969 -0.00878906
v -0.08105471 0.22167969 -0.00878906
v -0.08300783 0.23730469 -0.00878906
v -0.08300783 0.23730469 -0.00878906
v -0.08300783 0.23730469 -0.00878906
v -0.08300783 0.23730469 -0.00878906
v -0.08105471 0.21777344 -0.02246094
v -0.08105471 0.21777344 -0.02246094
v -0.08105471 0.21777344 -0.02246094
v -0.07910158 0.21777344 -0.02246094
v -0.07910158 0.21777344 -0.02246094
v -0.08105471 0.21972656 -0.01074219
v -0.08105471 0.21972656 -0.01074219
v -0.08105471 0.21972656 -0.01074219
v 0.07324217 0.15722656 -0.01269531
v 0.07324217 0.15722656 -0.01269531
v 0.07324217 0.14941406 -0.02441406
v 0.07324217 0.14941406 -0.02441406
v 0.07324217 0.14941406 -0.02441406
v 0.07324217 0.14941406 -0.02441406
v 0.07324217 0.14941406 -0.02441406
v 0.07324217 0.14941406 -0.02441406
v 0.07324217 0.14941406 -0.02441406
v 0.07324217 0.15722656 -0.01074219
v 0.07324217 0.15722656 -0.01074219
v 0.04589842 0.15917969 -0.01855469
v 0.07128904 0.15722656 -0.01855469
v 0.07128904 0.15722656 -0.02050781
v 0.07128904 0.15722656 -0.02050781
v 0.07324217 0.15722656 -0.01855469
v 0.07324217 0.15722656 -0.01855469
v 0.07324217 0.15722656 -0.01855469
v 0.07324217 0.15527344 -0.02050781
v 0.07324217 0.15527344 -0.02050781
v 0.07324217 0.15527344 -0.02050781
v 0.07128904 0.15527344 -0.02246094
v 0.07128904 0.15527344 -0.02246094
v 0.07128904 0.15527344 -0.02246094
v 0.07128904 0.15527344 -0.02246094
v 0.07128904 0.15527344 -0.02246094
v 0.07128904 0.15527344 -0.02246094
v 0.07324217 0.15527344 -0.02246094
v 0.07324217 0.15527344 -0.02246094
v 0.07324217 0.15527344 -0.02246094
v 0.07324217 0.15527344 -0.02246094
v 0.07324217 0.15332031 -0.02246094
v 0.07324217 0.15332031 -0.02246094
v 0.07324217 0.15332031 -0.02246094
v 0.07324217 0.15332031 -0.02246094
v 0.07128904 0.15527344 -0.02441406
v 0.07128904 0.15527344 -0.02441406
v 0.07128904 0.15527344 -0.02441406
v 0.07128904 0.15527344 -0.02441406
v 0.07128904 0.15332031 -0.02441406
v 0.07128904 0.15332031 -0.02441406
v 0.07324217 0.15136719 -0.02441406
v 0.07324217 0.15136719 -0.02441406
v 0.07324217 0.15136719 -0.02441406
v 0.07324217 0.15136719 -0.02441406
v 0.07324217 0.14941406 -0.02636719
v 0.07324217 0.14941406 -0.02636719
v 0.07324217 0.14941406 -0.02636719
v 0.07128904 0.14941406 -0.02636719
v 0.07128904 0.14941406 -0.02636719
v 0.07128904 0.14941406 -0.02636719
v 0.07128904 0.14941406 -0.02636719
v 0.07128904 0.14941406 -0.02636719
v 0.07324217 0.15527344 -0.01855469
v 0.07324217 0.15722656 -0.01660156
v 0.07324217 0.15722656 -0.01660156
v 0.07324217 0.15722656 -0.01660156
v 0.07128904 0.15722656 -0.01660156
v 0.04589842 0.15917969 -0.01660156
v 0.01464842 0.15917969 -0.01660156
v 0.01464842 0.15917969 -0.01855469
v 0.04589842 0.15722656 -0.02246094
v 0.04589842 0.15722656 -0.02246094
v 0.04589842 0.15722656 -0.02246094
v 0.04589842 0.15722656 -0.02246094
v 0.04589842 0.15527344 -0.02441406
v 0.04589842 0.15527344 -0.02441406
v 0.01855467 0.15136719 -0.02636719
v 0.01855467 0.15136719 -0.02636719
v 0.01855467 0.15136719 -0.02636719
v 0.01855467 0.15136719 -0.02636719
v 0.04980467 0.15136719 -0.02636719
v 0.07128904 0.15136719 -0.02636719
v 0.07128904 0.15136719 -0.02636719
v 0.07128904 0.15136719 -0.02636719
v 0.07128904 0.15136719 -0.02636719
v 0.07128904 0.15136719 -0.02636719
v 0.05371092 0.15136719 -0.02636719
v 0.04980467 0.15136719 -0.02636719
v 0.04980467 0.14941406 -0.02636719
v 0.01660154 0.15136719 -0.02636719
v 0.01660154 0.14941406 -0.02636719
v 0.01660154 0.13378906 -0.02246094
v 0.04785154 0.13378906 -0.02246094
v 0.07128904 0.13378906 -0.02246094
v 0.07128904 0.13378906 -0.02246094
v 0.07324217 0.13378906 -0.02246094
v 0.07324217 0.13378906 -0.02246094
v 0.07324217 0.12988281 -0.02050781
v 0.07324217 0.12988281 -0.02050781
v 0.07324217 0.12988281 -0.02050781
v 0.07128904 0.12988281 -0.02050781
v 0.07128904 0.12988281 -0.02050781
v 0.07128904 0.12988281 -0.02050781
v 0.07128904 0.12988281 -0.02050781
v 0.07128904 0.12988281 -0.02050781
v 0.07324217 0.12988281 -0.01855469
v 0.07324217 0.12988281 -0.01855469
v 0.07324217 0.12988281 -0.01855469
v 0.07324217 0.12988281 -0.01855469
v 0.07128904 0.12792969 -0.01855469
v 0.07128904 0.12792969 -0.01855469
v 0.07128904 0.12792969 -0.01855469
v 0.07128904 0.12792969 -0.01855469
v 0.07324217 0.12988281 -0.00683594
v 0.07324217 0.12988281 -0.00683594
v 0.07324217 0.12988281 -0.00683594
v 0.07324217 0.12988281 -0.00683594
v 0.07324217 0.13574219 -0.00292969
v 0.07324217 0.13574219 -0.00292969
v 0.07324217 0.13183594 -0.00488281
v 0.07324217 0.13183594 -0.00488281
v 0.07324217 0.13183594 -0.00488281
v 0.07324217 0.14746094 -0.00292969
v 0.07324217 0.15527344 -0.00878906
v 0.07324217 0.15332031 -0.00683594
v 0.07324217 0.15136719 -0.00488281
v 0.07324217 0.15136719 -0.00292969
v 0.07324217 0.15136719 -0.00292969
v 0.07324217 0.15136719 -0.00292969
v 0.07324217 0.15332031 -0.00488281
v 0.07324217 0.15332031 -0.00488281
v 0.07324217 0.15527344 -0.00683594
v 0.07324217 0.15527344 -0.00683594
v 0.07324217 0.15527344 -0.00683594
v 0.07324217 0.15527344 -0.00683594
v 0.07128904 0.15722656 -0.00683594
v 0.07128904 0.15722656 -0.00683594
v 0.07128904 0.15722656 -0.00683594
v 0.07128904 0.15722656 -0.01074219
v 0.07128904 0.15722656 -0.01074219
v 0.07128904 0.15722656 -0.01269531
v 0.07128904 0.15722656 -0.01269531
v 0.04589842 0.15917969 -0.01269531
v 0.04589842 0.15917969 -0.01269531
v 0.01660154 0.15917969 -0.01269531
v -0.02050783 0.15917969 -0.01074219
v -0.02050783 0.15917969 -0.01074219
v -0.02050783 0.15917969 -0.01074219
v -0.02050783 0.15917969 -0.01269531
v -0.02050783 0.15917969 -0.01660156
v -0.02050783 0.15917969 -0.01855469
v -0.08105471 0.15917969 -0.02050781
v -0.08105471 0.15917969 -0.02050781
v -0.05761721 0.15917969 -0.02050781
v -0.05761721 0.15917969 -0.02050781
v -0.05761721 0.15917969 -0.02050781
v -0.05761721 0.15917969 -0.02050781
v -0.05761721 0.15917969 -0.02050781
v -0.08105471 0.15917969 -0.02246094
v -0.08105471 0.15917969 -0.02246094
v -0.08105471 0.15917969 -0.02246094
v -0.08105471 0.15917969 -0.02246094
v -0.05761721 0.15722656 -0.02246094
v -0.05761721 0.15722656 -0.02246094
v -0.05761721 0.15722656 -0.02246094
v -0.05761721 0.15722656 -0.02246094
v -0.02050783 0.15722656 -0.02246094
v -0.02050783 0.15722656 -0.02246094
v 0.01464842 0.15722656 -0.02246094
v 0.01464842 0.15722656 -0.02246094
v 0.01464842 0.15722656 -0.02246094
v 0.01464842 0.15722656 -0.02246094
v -0.01855471 0.15722656 -0.02246094
v -0.01660158 0.15332031 -0.02636719
v -0.01660158 0.15332031 -0.02636719
v -0.01660158 0.15332031 -0.02636719
v -0.01660158 0.15136719 -0.02636719
v -0.01660158 0.14941406 -0.02636719
v -0.01855471 0.13378906 -0.02246094
v -0.01855471 0.13378906 -0.02246094
v 0.01660154 0.12988281 -0.02050781
v 0.01660154 0.12988281 -0.02050781
v 0.01660154 0.12988281 -0.02050781
v 0.04785154 0.12988281 -0.02050781
v 0.04785154 0.12988281 -0.02050781
v 0.04785154 0.12988281 -0.01855469
v 0.04785154 0.12988281 -0.01855469
v 0.07128904 0.12988281 -0.00683594
v 0.07128904 0.12988281 -0.00683594
v 0.07128904 0.12988281 -0.00683594
v 0.07128904 0.13183594 -0.00488281
v 0.07128904 0.13183594 -0.00488281
v 0.07128904 0.13183594 -0.00488281
v 0.07128904 0.13574219 -0.00292969
v 0.07324217 0.14941406 -0.00292969
v 0.07128904 0.14941406 -0.00292969
v 0.05371092 0.15332031 -0.00292969
v 0.05371092 0.15332031 -0.00292969
v 0.07128904 0.15136719 -0.00292969
v 0.07128904 0.15136719 -0.00292969
v 0.07128904 0.15332031 -0.00292969
v 0.07128904 0.15332031 -0.00292969
v 0.07128904 0.15332031 -0.00292969
v 0.07128904 0.15527344 -0.00488281
v 0.07128904 0.15527344 -0.00488281
v 0.07128904 0.15527344 -0.00488281
v 0.04785154 0.15722656 -0.00488281
v 0.04785154 0.15722656 -0.00488281
v 0.04785154 0.15722656 -0.00488281
v 0.04785154 0.15722656 -0.00488281
v 0.04785154 0.15722656 -0.00683594
v 0.04785154 0.15722656 -0.01074219
v 0.04785154 0.15722656 -0.01074219
v 0.01660154 0.15917969 -0.01074219
v 0.01660154 0.15917969 -0.01074219
v 0.01660154 0.15917969 -0.01074219
v 0.01660154 0.15917969 -0.01074219
v -0.01855471 0.15722656 -0.00878906
v -0.01855471 0.15722656 -0.00878906
v -0.01855471 0.15722656 -0.00878906
v -0.08105471 0.15722656 -0.00488281
v -0.08105471 0.15722656 -0.00488281
v -0.08105471 0.15722656 -0.00488281
v -0.08105471 0.15722656 -0.00488281
v -0.08105471 0.15722656 -0.00488281
v -0.05566408 0.15722656 -0.00488281
v -0.05566408 0.15722656 -0.00488281
v -0.05566408 0.15722656 -0.00488281
v -0.05566408 0.15722656 -0.00488281
v -0.05761721 0.15917969 -0.00683594
v -0.05761721 0.15917969 -0.00683594
v -0.05761721 0.15917969 -0.00683594
v -0.05761721 0.15917969 -0.01074219
v -0.05761721 0.15917969 -0.01074219
v -0.05957033 0.15917969 -0.01269531
v -0.05957033 0.15917969 -0.01660156
v -0.05957033 0.15917969 -0.01855469
v -0.08105471 0.16113281 -0.01855469
v -0.08105471 0.16113281 -0.01855469
v -0.08105471 0.16113281 -0.01855469
v -0.08300783 0.15917969 -0.02050781
v -0.08300783 0.15917969 -0.02050781
v -0.08300783 0.15917969 -0.02050781
v -0.08300783 0.15917969 -0.02050781
v -0.08300783 0.15917969 -0.02050781
v -0.08300783 0.15722656 -0.02246094
v -0.08300783 0.15722656 -0.02246094
v -0.08300783 0.15722656 -0.02246094
v -0.08105471 0.15722656 -0.02246094
v -0.08105471 0.15722656 -0.02246094
v -0.08105471 0.15722656 -0.02246094
v -0.08105471 0.15332031 -0.02441406
v -0.08105471 0.15332031 -0.02441406
v -0.08105471 0.15332031 -0.02441406
v -0.08105471 0.15332031 -0.02441406
v -0.08105471 0.15332031 -0.02636719
v -0.08105471 0.15332031 -0.02636719
v -0.08105471 0.15332031 -0.02636719
v -0.08105471 0.15332031 -0.02636719
v -0.08105471 0.15332031 -0.02636719
v -0.05566408 0.15332031 -0.02636719
v -0.05566408 0.15332031 -0.02636719
v -0.05566408 0.15332031 -0.02636719
v -0.05371096 0.15136719 -0.02636719
v -0.05371096 0.13574219 -0.02246094
v -0.05371096 0.13574219 -0.02246094
v -0.02050783 0.13183594 -0.02050781
v -0.02050783 0.13183594 -0.02050781
v -0.02050783 0.13183594 -0.02050781
v -0.02050783 0.13183594 -0.02050781
v 0.01660154 0.12988281 -0.01855469
v 0.01660154 0.12988281 -0.01855469
v 0.04980467 0.12988281 -0.00488281
v 0.04980467 0.12988281 -0.00488281
v 0.04980467 0.12988281 -0.00488281
v 0.04980467 0.13183594 -0.00488281
v 0.04785154 0.13574219 -0.00292969
v 0.04589842 0.15136719 -0.00292969
v 0.01660154 0.13574219 -0.00292969
v 0.01660154 0.15136719 -0.00292969
v 0.04980467 0.15332031 -0.00292969
v 0.05175779 0.15332031 -0.00292969
v 0.05175779 0.15332031 -0.00292969
v 0.05175779 0.15332031 -0.00292969
v 0.05175779 0.15332031 -0.00292969
v 0.05175779 0.15332031 -0.00292969
v 0.01855467 0.15332031 -0.00292969
v 0.01855467 0.15332031 -0.00292969
v 0.01855467 0.15332031 -0.00292969
v 0.01660154 0.15722656 -0.00683594
v 0.01660154 0.15722656 -0.00683594
v -0.01855471 0.15722656 -0.00683594
v -0.01855471 0.15722656 -0.00683594
v -0.01855471 0.15722656 -0.00683594
v -0.05761721 0.15527344 -0.00292969
v -0.05761721 0.15527344 -0.00292969
v -0.05761721 0.15527344 -0.00292969
v -0.05761721 0.15527344 -0.00292969
v -0.05761721 0.15527344 -0.00292969
v -0.08105471 0.15527344 -0.00292969
v -0.08105471 0.15527344 -0.00292969
v -0.08105471 0.15527344 -0.00292969
v -0.08105471 0.15527344 -0.00488281
v -0.08105471 0.15527344 -0.00488281
v -0.08105471 0.15527344 -0.00488281
v -0.08105471 0.15527344 -0.00488281
v -0.08300783 0.15722656 -0.00683594
v -0.08300783 0.15722656 -0.00683594
v -0.08300783 0.15722656 -0.00683594
v -0.08300783 0.15722656 -0.00683594
v -0.08105471 0.15917969 -0.00878906
v -0.08105471 0.15917969 -0.00878906
v -0.08105471 0.15917969 -0.00878906
v -0.08105471 0.16113281 -0.01074219
v -0.08105471 0.16113281 -0.01074219
v -0.08105471 0.16113281 -0.01074219
v -0.08105471 0.16113281 -0.01464844
v -0.08105471 0.16113281 -0.01464844
v -0.08105471 0.16113281 -0.01660156
v -0.08105471 0.16113281 -0.01660156
v -0.08300783 0.15917969 -0.01660156
v -0.08300783 0.15917969 -0.01660156
v -0.08300783 0.15917969 -0.01855469
v -0.08300783 0.15917969 -0.01855469
v -0.08300783 0.15722656 -0.02050781
v -0.08300783 0.15332031 -0.02441406
v -0.08300783 0.15332031 -0.02441406
v -0.08300783 0.15332031 -0.02441406
v -0.08300783 0.15332031 -0.02441406
v -0.08300783 0.15332031 -0.02636719
v -0.08300783 0.15332031 -0.02636719
v -0.08300783 0.15332031 -0.02636719
v -0.08300783 0.15136719 -0.02636719
v -0.08300783 0.15136719 -0.02636719
v -0.08300783 0.15136719 -0.02636719
v -0.08105471 0.15136719 -0.02636719
v -0.08105471 0.15136719 -0.02636719
v -0.08105471 0.15136719 -0.02636719
v -0.08105471 0.13574219 -0.02246094
v -0.08105471 0.13574219 -0.02246094
v -0.05371096 0.13183594 -0.02050781
v -0.05371096 0.13183594 -0.02050781
v -0.02050783 0.12988281 -0.01855469
v -0.02050783 0.12988281 -0.01855469
v 0.01660154 0.12988281 -0.00488281
v 0.01660154 0.12988281 -0.00488281
v 0.01660154 0.12988281 -0.00488281
v 0.01660154 0.13183594 -0.00488281
v -0.01855471 0.13574219 -0.00292969
v -0.01464846 0.15136719 -0.00292969
v -0.05371096 0.15332031 -0.00292969
v -0.01660158 0.15332031 -0.00292969
v -0.01660158 0.15332031 -0.00292969
v -0.01660158 0.15332031 -0.00292969
v -0.01660158 0.15332031 -0.00292969
v -0.05761721 0.15332031 -0.00292969
v -0.08105471 0.15332031 -0.00292969
v -0.08300783 0.15332031 -0.00292969
v -0.08300783 0.15332031 -0.00292969
v -0.08300783 0.15332031 -0.00292969
v -0.08300783 0.15527344 -0.00488281
v -0.08300783 0.15527344 -0.00488281
v -0.08300783 0.15527344 -0.00488281
v -0.08300783 0.15527344 -0.00488281
v -0.08300783 0.15527344 -0.00683594
v -0.08300783 0.15722656 -0.00878906
v -0.08300783 0.15917969 -0.00878906
v -0.08300783 0.15917969 -0.00878906
v -0.08300783 0.15917969 -0.01074219
v -0.08300783 0.15917969 -0.01464844
v -0.08300783 0.15917969 -0.01464844
v -0.08300783 0.15917969 -0.01269531
v -0.08300783 0.15136719 -0.02441406
v -0.08300783 0.15136719 -0.02441406
v -0.08300783 0.15136719 -0.02441406
v -0.08300783 0.15136719 -0.02441406
v -0.08300783 0.13574219 -0.02246094
v -0.08300783 0.13574219 -0.02246094
v -0.08300783 0.13183594 -0.02050781
v -0.08300783 0.13183594 -0.02050781
v -0.08300783 0.13183594 -0.02050781
v -0.08105471 0.13183594 -0.02050781
v -0.08105471 0.13183594 -0.02050781
v -0.05566408 0.12988281 -0.01855469
v -0.05566408 0.12988281 -0.01855469
v -0.02050783 0.12988281 -0.00683594
v -0.02050783 0.12988281 -0.00683594
v -0.02050783 0.13183594 -0.00488281
v -0.02050783 0.13183594 -0.00488281
v -0.05371096 0.13574219 -0.00292969
v -0.05371096 0.13574219 -0.00292969
v -0.05371096 0.15136719 -0.00292969
v -0.08105471 0.15136719 -0.00292969
v -0.05566408 0.15332031 -0.00292969
v -0.08300783 0.15136719 -0.00292969
v -0.08300783 0.15136719 -0.00292969
v -0.08300783 0.13769531 -0.00292969
v -0.08300783 0.13769531 -0.00292969
v -0.08300783 0.14941406 -0.00488281
v -0.08300783 0.12988281 -0.01855469
v -0.08300783 0.12988281 -0.01855469
v -0.08300783 0.12988281 -0.01855469
v -0.08105471 0.12988281 -0.01855469
v -0.08105471 0.12988281 -0.01855469
v -0.05566408 0.13183594 -0.00683594
v -0.05566408 0.13183594 -0.00683594
v -0.05371096 0.13378906 -0.00488281
v -0.05371096 0.13378906 -0.00488281
v -0.08105471 0.13769531 -0.00292969
v -0.08105471 0.13769531 -0.00292969
v -0.08300783 0.13378906 -0.00488281
v -0.08300783 0.13378906 -0.00488281
v -0.08300783 0.13378906 -0.00488281
v -0.08300783 0.13183594 -0.00683594
v -0.08300783 0.13183594 -0.00683594
v -0.08300783 0.13183594 -0.00683594
v -0.08105471 0.13183594 -0.00683594
v -0.08105471 0.13183594 -0.00683594
v -0.08105471 0.13378906 -0.00488281
v -0.08105471 0.13378906 -0.00488281
v 0.07519529 0.06933594 -0.00097656
v 0.07519529 0.06933594 -0.00097656
v 0.07519529 0.07128907 -0.00292969
v 0.07519529 0.07128907 -0.00292969
v 0.07519529 0.07128907 -0.00292969
v 0.07324217 0.07128907 -0.00292969
v 0.07324217 0.07128907 -0.00292969
v 0.07324217 0.07128907 -0.00683594
v 0.07519529 0.07128907 -0.01074219
v 0.07519529 0.07128907 -0.01074219
v 0.07519529 0.07128907 -0.01074219
v 0.07324217 0.07128907 -0.01269531
v 0.07324217 0.07128907 -0.01269531
v 0.07324217 0.07128907 -0.00878906
v 0.04980467 0.07324219 -0.00878906
v 0.05175779 0.07324219 -0.00683594
v 0.01855467 0.07324219 -0.00683594
v 0.01855467 0.07324219 -0.00878906
v 0.04980467 0.07128907 -0.01269531
v 0.07324217 0.07128907 -0.01464844
v 0.07324217 0.07128907 -0.01464844
v 0.07324217 0.07128907 -0.01464844
v 0.07519529 0.06933594 -0.01464844
v 0.07519529 0.06933594 -0.01464844
v 0.07519529 0.06933594 -0.01464844
v 0.07519529 0.06933594 -0.01464844
v 0.07519529 0.06933594 -0.01464844
v 0.07519529 0.06933594 -0.01464844
v 0.07519529 0.06933594 -0.01269531
v 0.07519529 0.06738282 -0.01464844
v 0.07519529 0.06738282 -0.01464844
v 0.07519529 0.06738282 -0.01660156
v 0.07519529 0.06738282 -0.01660156
v 0.07324217 0.06738282 -0.01660156
v 0.07324217 0.06738282 -0.01660156
v 0.07324217 0.06738282 -0.01660156
v 0.05957029 0.06542969 -0.02050781
v 0.05957029 0.06542969 -0.02050781
v 0.05957029 0.06542969 -0.02050781
v 0.07324217 0.06542969 -0.01855469
v 0.07324217 0.06542969 -0.01855469
v 0.07324217 0.06542969 -0.01855469
v 0.07324217 0.06542969 -0.01855469
v 0.07324217 0.06542969 -0.01855469
v 0.07324217 0.06347657 -0.01855469
v 0.07324217 0.06347657 -0.01855469
v 0.07519529 0.06347657 -0.01855469
v 0.07519529 0.06542969 -0.01855469
v 0.07519529 0.06542969 -0.01855469
v 0.07519529 0.06542969 -0.01855469
v 0.07519529 0.06152344 -0.01855469
v 0.07519529 0.06152344 -0.01855469
v 0.07519529 0.06152344 -0.01855469
v 0.07519529 0.06152344 -0.01855469
v 0.07519529 0.06152344 -0.01855469
v 0.07519529 0.07128907 -0.00878906
v 0.07519529 0.07128907 -0.00878906
v 0.07519529 0.07128907 -0.00683594
v 0.07519529 0.07128907 -0.00683594
v 0.07519529 0.07128907 -0.00683594
v 0.07519529 0.07128907 -0.00683594
v 0.07519529 0.06933594 -0.00488281
v 0.07519529 0.06933594 -0.00488281
v 0.07519529 0.06933594 -0.00292969
v 0.07519529 0.06933594 -0.00292969
v 0.07519529 0.06738282 -0.00097656
v 0.07519529 0.06738282 -0.00097656
v 0.07519529 0.06738282 -0.00097656
v 0.07519529 0.06738282 -0.00097656
v 0.07714842 0.06542969 0.00097656
v 0.07714842 0.06542969 0.00097656
v 0.07714842 0.06542969 0.00097656
v 0.07519529 0.06738282 0.00097656
v 0.07519529 0.06738282 0.00097656
v 0.07519529 0.06738282 0.00097656
v 0.07519529 0.06738282 0.00097656
v 0.07519529 0.06738282 0.00097656
v 0.07519529 0.06738282 0.00097656
v 0.07324217 0.06933594 -0.00097656
v 0.07324217 0.06933594 -0.00097656
v 0.07324217 0.06933594 -0.00097656
v 0.05175779 0.07128907 -0.00097656
v 0.05175779 0.07128907 -0.00292969
v 0.05175779 0.07128907 -0.00292969
v 0.05175779 0.07128907 -0.00292969
v 0.05175779 0.07128907 -0.00292969
v 0.01855467 0.07324219 -0.00292969
v 0.01855467 0.07324219 -0.00292969
v 0.01855467 0.07324219 -0.00292969
v -0.01855471 0.07324219 -0.00488281
v -0.01855471 0.07324219 -0.00488281
v -0.01855471 0.07324219 -0.00683594
v -0.02050783 0.07324219 -0.01074219
v -0.02050783 0.07324219 -0.01269531
v -0.02050783 0.07324219 -0.01269531
v 0.01855467 0.07324219 -0.01269531
v 0.01855467 0.07324219 -0.01269531
v 0.04980467 0.07128907 -0.01464844
v 0.04980467 0.07128907 -0.01464844
v 0.07324217 0.06933594 -0.01660156
v 0.07324217 0.06933594 -0.01660156
v 0.07324217 0.06933594 -0.01660156
v 0.07324217 0.06933594 -0.01660156
v 0.07324217 0.06933594 -0.01660156
v 0.07324217 0.06933594 -0.01660156
v 0.07324217 0.06933594 -0.01660156
v 0.05761717 0.06542969 -0.02050781
v 0.05761717 0.06542969 -0.02050781
v 0.05761717 0.06542969 -0.02050781
v 0.05761717 0.06542969 -0.02050781
v 0.05566404 0.06542969 -0.02050781
v 0.05566404 0.06542969 -0.02050781
v 0.05566404 0.06542969 -0.02050781
v 0.05566404 0.06347657 -0.02050781
v 0.02246092 0.06347657 -0.01855469
v 0.01855467 0.06152344 -0.01855469
v 0.02050779 0.04589844 -0.01660156
v 0.02050779 0.04589844 -0.01660156
v 0.05371092 0.04589844 -0.01660156
v 0.05371092 0.04589844 -0.01660156
v 0.07324217 0.04589844 -0.01660156
v 0.07324217 0.04589844 -0.01660156
v 0.07324217 0.04589844 -0.01660156
v 0.07324217 0.04589844 -0.01660156
v 0.07519529 0.04589844 -0.01464844
v 0.07519529 0.04589844 -0.01464844
v 0.07324217 0.04003907 -0.01269531
v 0.07324217 0.04003907 -0.01269531
v 0.07324217 0.04003907 -0.01269531
v 0.07324217 0.04003907 -0.01269531
v 0.07324217 0.04003907 -0.01269531
v 0.07519529 0.04199219 -0.01269531
v 0.07519529 0.04199219 -0.01269531
v 0.07519529 0.04199219 -0.01269531
v 0.07519529 0.04003907 -0.01269531
v 0.07519529 0.04003907 -0.01269531
v 0.07519529 0.04003907 -0.01269531
v 0.07714842 0.06542969 0.00292969
v 0.07714842 0.06542969 0.00292969
v 0.07714842 0.06542969 0.00292969
v 0.07714842 0.06542969 0.00292969
v 0.07714842 0.06152344 0.00292969
v 0.07714842 0.06152344 0.00292969
v 0.07714842 0.06152344 0.00292969
v 0.07714842 0.06152344 0.00292969
v 0.07714842 0.06152344 0.00292969
v 0.07714842 0.06152344 0.00292969
v 0.07714842 0.06152344 0.00292969
v 0.07714842 0.06152344 0.00292969
v 0.07714842 0.06347657 0.00292969
v 0.07519529 0.06152344 0.00292969
v 0.07519529 0.06152344 0.00292969
v 0.07519529 0.06347657 0.00292969
v 0.07519529 0.06347657 0.00292969
v 0.07519529 0.06542969 0.00292969
v 0.07519529 0.06542969 0.00292969
v 0.07519529 0.06542969 0.00292969
v 0.07519529 0.06542969 0.00292969
v 0.07519529 0.06542969 0.00292969
v 0.07519529 0.06542969 0.00292969
v 0.07519529 0.06933594 0.00097656
v 0.07519529 0.06933594 0.00097656
v 0.07519529 0.06933594 0.00097656
v 0.07519529 0.06933594 0.00097656
v 0.07519529 0.06933594 0.00097656
v 0.05175779 0.07128907 0.00097656
v 0.05175779 0.07128907 0.00097656
v 0.05175779 0.07128907 0.00097656
v 0.01855467 0.07128907 -0.00097656
v 0.01855467 0.07128907 -0.00097656
v 0.01855467 0.07128907 -0.00097656
v -0.01855471 0.07128907 -0.00097656
v -0.01855471 0.07128907 -0.00097656
v -0.01855471 0.07128907 -0.00097656
v -0.05761721 0.07128907 -0.00097656
v -0.05761721 0.07128907 -0.00097656
v -0.05761721 0.07128907 -0.00097656
v -0.05957033 0.07324219 -0.00292969
v -0.05957033 0.07324219 -0.00292969
v -0.05957033 0.07324219 -0.00292969
v -0.05957033 0.07324219 -0.00683594
v -0.05957033 0.07324219 -0.00878906
v -0.05957033 0.07324219 -0.01074219
v -0.05957033 0.07128907 -0.01464844
v -0.05957033 0.07128907 -0.01464844
v -0.05957033 0.07128907 -0.01464844
v -0.05957033 0.07128907 -0.01464844
v -0.01855471 0.07128907 -0.01464844
v -0.01855471 0.06933594 -0.01660156
v 0.01855467 0.07128907 -0.01464844
v 0.05175779 0.06933594 -0.01660156
v 0.05175779 0.06933594 -0.01660156
v 0.05175779 0.06738282 -0.01660156
v 0.05175779 0.06738282 -0.01660156
v 0.02050779 0.06542969 -0.01855469
v 0.02050779 0.06542969 -0.01855469
v -0.01464846 0.06542969 -0.01855469
v -0.01269533 0.06347657 -0.01855469
v -0.01855471 0.04589844 -0.01660156
v -0.01855471 0.04589844 -0.01660156
v 0.02050779 0.04199219 -0.01269531
v 0.05566404 0.04199219 -0.01269531
v 0.05566404 0.04199219 -0.01269531
v 0.05566404 0.04003907 -0.01074219
v 0.05566404 0.04003907 -0.01074219
v 0.07519529 0.04199219 0.00097656
v 0.07519529 0.04199219 0.00097656
v 0.07519529 0.04199219 0.00097656
v 0.07519529 0.04199219 0.00097656
v 0.07714842 0.04394532 0.00292969
v 0.07714842 0.04394532 0.00292969
v 0.07714842 0.04394532 0.00292969
v 0.07519529 0.04199219 0.00292969
v 0.07519529 0.04199219 0.00292969
v 0.07519529 0.04199219 0.00292969
v 0.07519529 0.04199219 0.00292969
v 0.07519529 0.04589844 0.00292969
v 0.07519529 0.04589844 0.00292969
v 0.07519529 0.06347657 0.00488281
v 0.07519529 0.06347657 0.00488281
v 0.07519529 0.06347657 0.00488281
v 0.05957029 0.06542969 0.00488281
v 0.05957029 0.06542969 0.00488281
v 0.05175779 0.06347657 0.00488281
v 0.05566404 0.06542969 0.00488281
v 0.05566404 0.06542969 0.00488281
v 0.05761717 0.06738282 0.00488281
v 0.05761717 0.06738282 0.00488281
v 0.05957029 0.06738282 0.00292969
v 0.07519529 0.06738282 0.00292969
v 0.07519529 0.06738282 0.00292969
v 0.07519529 0.06738282 0.00292969
v 0.07519529 0.06738282 0.00292969
v 0.05761717 0.06738282 0.00292969
v 0.05761717 0.06738282 0.00292969
v 0.05761717 0.06738282 0.00292969
v 0.02246092 0.06738282 0.00292969
v 0.02246092 0.06738282 0.00292969
v -0.01464846 0.06738282 0.00292969
v -0.01464846 0.06738282 0.00292969
v -0.01660158 0.06933594 0.00097656
v -0.01660158 0.06933594 0.00097656
v -0.01660158 0.06933594 0.00097656
v -0.05761721 0.07128907 0.00097656
v -0.05761721 0.07128907 0.00097656
v -0.05761721 0.07128907 0.00097656
v -0.05761721 0.07128907 0.00097656
v -0.07910158 0.06933594 0.00097656
v -0.07910158 0.06933594 0.00097656
v -0.07910158 0.07128907 -0.00097656
v -0.07910158 0.07128907 -0.00097656
v -0.07910158 0.07128907 -0.00097656
v -0.07910158 0.07128907 -0.00097656
v -0.07910158 0.07324219 -0.00488281
v -0.07910158 0.07324219 -0.00488281
v -0.07910158 0.07324219 -0.00683594
v -0.07910158 0.07324219 -0.00683594
v -0.07910158 0.07324219 -0.00878906
v -0.07910158 0.07324219 -0.00878906
v -0.07910158 0.07324219 -0.01074219
v -0.07910158 0.07324219 -0.01074219
v -0.07910158 0.07324219 -0.01074219
v -0.07910158 0.07128907 -0.01269531
v -0.07910158 0.07128907 -0.01269531
v -0.07910158 0.07128907 -0.01464844
v -0.07910158 0.07128907 -0.01464844
v -0.07910158 0.06933594 -0.01660156
v -0.07910158 0.06738282 -0.01855469
v -0.07910158 0.06738282 -0.01855469
v -0.07910158 0.06738282 -0.01855469
v -0.01660158 0.06738282 -0.01855469
v 0.02050779 0.06738282 -0.01855469
v 0.02050779 0.06738282 -0.01855469
v -0.01464846 0.06738282 -0.01855469
v -0.05761721 0.06738282 -0.01855469
v -0.05761721 0.06738282 -0.01855469
v -0.05566408 0.06542969 -0.01855469
v -0.05566408 0.06347657 -0.01855469
v -0.05371096 0.04589844 -0.01660156
v -0.05371096 0.04589844 -0.01660156
v -0.01855471 0.04199219 -0.01269531
v 0.02050779 0.04003907 -0.01074219
v 0.02050779 0.04003907 -0.01074219
v 0.05566404 0.04199219 0.00097656
v 0.05566404 0.04199219 0.00097656
v 0.05566404 0.04394532 0.00292969
v 0.05566404 0.04394532 0.00292969
v 0.05566404 0.04589844 0.00292969
v 0.05566404 0.04589844 0.00292969
v 0.02050779 0.04589844 0.00488281
v 0.02050779 0.04589844 0.00488281
v 0.02050779 0.04589844 0.00488281
v 0.01855467 0.06347657 0.00488281
v 0.02050779 0.06542969 0.00488281
v 0.02050779 0.06542969 0.00488281
v 0.02246092 0.06542969 0.00292969
v 0.02246092 0.06542969 0.00292969
v 0.02246092 0.06542969 0.00292969
v 0.02246092 0.06542969 0.00292969
v -0.01464846 0.06542969 0.00292969
v -0.01464846 0.06542969 0.00292969
v -0.05957033 0.06542969 0.00292969
v -0.05957033 0.06542969 0.00292969
v -0.05957033 0.06738282 0.00292969
v -0.05957033 0.06738282 0.00292969
v -0.05957033 0.06738282 0.00292969
v -0.05957033 0.06738282 0.00292969
v -0.07910158 0.06738282 0.00292969
v -0.07910158 0.06738282 0.00292969
v -0.08105471 0.06738282 0.00097656
v -0.08105471 0.06738282 0.00097656
v -0.08105471 0.07128907 -0.00097656
v -0.08105471 0.07128907 -0.00097656
v -0.08105471 0.07128907 -0.00097656
v -0.08105471 0.07128907 -0.00097656
v -0.08105471 0.07128907 -0.00488281
v -0.08105471 0.07128907 -0.00488281
v -0.08105471 0.07128907 -0.00683594
v -0.08105471 0.07128907 -0.00683594
v -0.08105471 0.07128907 -0.00878906
v -0.08105471 0.07128907 -0.00878906
v -0.08105471 0.07128907 -0.01074219
v -0.08105471 0.07128907 -0.01074219
v -0.08105471 0.07128907 -0.01074219
v -0.08105471 0.07128907 -0.01074219
v -0.08105471 0.07128907 -0.01269531
v -0.08105471 0.07128907 -0.01269531
v -0.08105471 0.07128907 -0.01269531
v -0.08105471 0.06933594 -0.01464844
v -0.08105471 0.06933594 -0.01464844
v -0.08105471 0.06542969 -0.01660156
v -0.08105471 0.06542969 -0.01660156
v -0.08105471 0.06542969 -0.01660156
v -0.08105471 0.06542969 -0.01855469
v -0.08105471 0.06542969 -0.01855469
v -0.08105471 0.06542969 -0.01855469
v -0.08105471 0.06542969 -0.01855469
v -0.07910158 0.06542969 -0.01855469
v -0.07910158 0.06542969 -0.01855469
v -0.07910158 0.06347657 -0.01855469
v -0.07910158 0.06347657 -0.01855469
v -0.07910158 0.04589844 -0.01660156
v -0.07910158 0.04589844 -0.01660156
v -0.05371096 0.04199219 -0.01269531
v -0.01855471 0.04003907 -0.01074219
v -0.01855471 0.04003907 -0.01074219
v 0.02050779 0.04199219 0.00097656
v 0.02050779 0.04199219 0.00097656
v 0.02050779 0.04199219 0.00097656
v 0.02050779 0.04394532 0.00292969
v 0.02050779 0.04394532 0.00292969
v 0.02050779 0.04394532 0.00292969
v 0.02050779 0.04394532 0.00292969
v 0.02050779 0.04394532 0.00292969
v 0.02050779 0.04394532 0.00292969
v -0.01855471 0.04785157 0.00488281
v -0.01855471 0.04785157 0.00488281
v -0.01269533 0.06347657 0.00488281
v -0.01269533 0.06542969 0.00488281
v -0.01269533 0.06542969 0.00488281
v -0.05761721 0.06542969 0.00488281
v -0.05761721 0.06542969 0.00488281
v -0.05761721 0.06542969 0.00488281
v -0.07910158 0.06542969 0.00292969
v -0.07910158 0.06542969 0.00292969
v -0.08105471 0.06542969 0.00292969
v -0.08105471 0.06542969 0.00292969
v -0.08105471 0.06542969 0.00292969
v -0.08105471 0.06542969 0.00097656
v -0.08105471 0.06738282 -0.00097656
v -0.08105471 0.06933594 -0.00292969
v -0.08105471 0.06347657 -0.01660156
v -0.08105471 0.06347657 -0.01660156
v -0.08105471 0.04589844 -0.01464844
v -0.08105471 0.04589844 -0.01464844
v -0.08105471 0.04199219 -0.01269531
v -0.08105471 0.04199219 -0.01269531
v -0.07910158 0.04199219 -0.01269531
v -0.05371096 0.04003907 -0.01074219
v -0.05371096 0.04003907 -0.01074219
v -0.01855471 0.04003907 0.00097656
v -0.01855471 0.04003907 0.00097656
v -0.01855471 0.04003907 0.00097656
v -0.01855471 0.04003907 0.00097656
v -0.01855471 0.04199219 0.00292969
v -0.01855471 0.04199219 0.00292969
v -0.01855471 0.04199219 0.00292969
v -0.05371096 0.04785157 0.00488281
v -0.05566408 0.06347657 0.00488281
v -0.05566408 0.06542969 0.00488281
v -0.05566408 0.06542969 0.00488281
v -0.07910158 0.06347657 0.00292969
v -0.07910158 0.06347657 0.00292969
v -0.07910158 0.06347657 0.00292969
v -0.07910158 0.06347657 0.00292969
v -0.08105471 0.06347657 0.00292969
v -0.08105471 0.06347657 0.00292969
v -0.08105471 0.04785157 0.00292969
v -0.08105471 0.04785157 0.00292969
v -0.08105471 0.04785157 0.00292969
v -0.08105471 0.04785157 0.00292969
v -0.08105471 0.06152344 0.00097656
v -0.08105471 0.04003907 -0.01074219
v -0.08105471 0.04003907 -0.01074219
v -0.08105471 0.04003907 -0.01074219
v -0.07910158 0.04003907 -0.01074219
v -0.07910158 0.04003907 -0.01074219
v -0.07910158 0.04003907 -0.01074219
v -0.07910158 0.04003907 -0.01074219
v -0.07910158 0.04003907 0.00097656
v -0.07910158 0.04003907 0.00097656
v -0.05371096 0.04003907 0.00097656
v -0.05371096 0.04003907 0.00097656
v -0.05371096 0.04003907 0.00097656
v -0.05371096 0.04394532 0.00292969
v -0.05371096 0.04394532 0.00292969
v -0.07910158 0.04785157 0.00488281
v -0.07910158 0.04785157 0.00488281
v -0.07910158 0.04785157 0.00488281
v -0.08105471 0.04199219 0.00292969
v -0.08105471 0.04199219 0.00292969
v -0.08105471 0.04199219 0.00292969
v -0.08105471 0.04199219 0.00292969
v -0.08105471 0.04199219 0.00097656
v -0.08105471 0.04199219 0.00097656
v -0.08105471 0.04199219 0.00097656
v -0.08105471 0.04199219 0.00097656
v -0.07910158 0.04199219 0.00292969
v -0.07910158 0.04199219 0.00292969
v -0.07910158 0.04199219 0.00292969
v -0.07910158 -0.02246093 0.00878906
v -0.07910158 -0.02246093 0.00878906
v -0.07714846 -0.02246093 0.01074219
v -0.07714846 -0.02246093 0.01074219
v -0.07714846 -0.02246093 0.01074219
v -0.07714846 -0.02050781 0.00878906
v -0.07714846 -0.02050781 0.00878906
v -0.07714846 -0.02050781 0.00878906
v -0.07714846 -0.02050781 0.00878906
v -0.07714846 -0.02050781 0.00878906
v 0.07324217 -0.02636718 -0.00878906
v 0.07324217 -0.02636718 -0.00878906
v 0.07324217 -0.02441406 -0.00683594
v 0.07324217 -0.02441406 -0.00683594
v 0.07324217 -0.02441406 -0.00683594
v 0.07519529 -0.02636718 -0.00878906
v 0.07519529 -0.02636718 -0.00878906
v 0.07519529 -0.02441406 -0.00683594
v 0.07519529 -0.02441406 -0.00683594
v 0.07519529 -0.02441406 -0.00683594
v 0.07519529 -0.02441406 -0.00683594
v 0.07519529 -0.02441406 -0.00683594
v 0.07714842 -0.02832031 -0.00878906
v 0.07714842 -0.02832031 -0.00878906
v 0.07714842 -0.02832031 -0.00683594
v 0.07714842 -0.02832031 -0.00683594
v 0.07714842 -0.02832031 -0.00683594
v 0.07714842 -0.02832031 -0.00683594
v 0.07714842 -0.02636718 -0.00683594
v 0.07714842 -0.02636718 -0.00683594
v 0.07714842 -0.02636718 -0.00683594
v 0.07714842 -0.02636718 -0.00683594
v 0.07714842 -0.02441406 -0.00488281
v 0.07714842 -0.02441406 -0.00488281
v 0.07714842 -0.02441406 -0.00488281
v 0.07519529 -0.02441406 -0.00488281
v 0.07714842 -0.02441406 -0.00097656
v 0.07714842 -0.02441406 -0.00097656
v 0.07519529 -0.02441406 -0.00097656
v 0.07519529 -0.02441406 -0.00097656
v 0.07324217 -0.02441406 -0.00488281
v 0.07324217 -0.02441406 -0.00488281
v 0.04980467 -0.02246093 -0.00488281
v 0.04980467 -0.02246093 -0.00683594
v 0.04980467 -0.02246093 -0.00683594
v 0.04980467 -0.02246093 -0.00683594
v 0.01660154 -0.02246093 -0.00683594
v 0.01660154 -0.02246093 -0.00683594
v 0.04980467 -0.02441406 -0.00878906
v 0.04980467 -0.02441406 -0.00878906
v 0.04980467 -0.02441406 -0.00878906
v 0.04980467 -0.02636718 -0.01074219
v 0.04980467 -0.02636718 -0.01074219
v 0.05371092 -0.03027343 -0.01269531
v 0.05371092 -0.03027343 -0.01269531
v 0.05371092 -0.03027343 -0.01269531
v 0.05566404 -0.03027343 -0.01269531
v 0.05566404 -0.03027343 -0.01269531
v 0.07519529 -0.03027343 -0.01269531
v 0.07519529 -0.03027343 -0.01269531
v 0.07519529 -0.03027343 -0.01269531
v 0.07519529 -0.03027343 -0.01269531
v 0.07714842 -0.03222656 -0.01074219
v 0.07714842 -0.03027343 -0.01074219
v 0.07714842 -0.03027343 -0.01074219
v 0.07714842 -0.03027343 -0.01074219
v 0.07714842 -0.03417968 -0.01074219
v 0.07714842 -0.03417968 -0.01074219
v 0.07714842 -0.03417968 -0.01074219
v 0.07714842 -0.03417968 -0.01074219
v 0.07714842 -0.02441406 0.00097656
v 0.07714842 -0.02441406 0.00097656
v 0.07714842 -0.02441406 0.00292969
v 0.07714842 -0.02441406 0.00292969
v 0.07714842 -0.02441406 0.00292969
v 0.07519529 -0.02441406 0.00097656
v 0.07519529 -0.02441406 0.00097656
v 0.07324217 -0.02246093 -0.00097656
v 0.07324217 -0.02246093 -0.00097656
v 0.04980467 -0.02246093 -0.00097656
v 0.01855467 -0.02050781 -0.00292969
v 0.01660154 -0.02050781 -0.00488281
v 0.01660154 -0.02050781 -0.00488281
v -0.02050783 -0.02050781 -0.00488281
v -0.02050783 -0.02050781 -0.00488281
v -0.02050783 -0.02050781 -0.00488281
v -0.02050783 -0.02050781 -0.00683594
v -0.02050783 -0.02050781 -0.00683594
v -0.02050783 -0.02050781 -0.00683594
v 0.01855467 -0.02246093 -0.00878906
v 0.01855467 -0.02246093 -0.00878906
v 0.01855467 -0.02246093 -0.00878906
v 0.01855467 -0.02832031 -0.01269531
v 0.01855467 -0.02832031 -0.01269531
v 0.02050779 -0.03027343 -0.01269531
v -0.01464846 -0.02832031 -0.01269531
v -0.01464846 -0.03027343 -0.01269531
v 0.01660154 -0.03027343 -0.01269531
v 0.05371092 -0.03222656 -0.01269531
v 0.07519529 -0.03222656 -0.01269531
v 0.07519529 -0.03222656 -0.01269531
v 0.07519529 -0.04980468 -0.00878906
v 0.07519529 -0.04980468 -0.00878906
v 0.07714842 -0.05371093 -0.00488281
v 0.07714842 -0.05371093 -0.00488281
v 0.07714842 -0.05371093 -0.00488281
v 0.07714842 -0.05566406 -0.00488281
v 0.07714842 -0.05566406 -0.00488281
v 0.07714842 -0.05566406 -0.00488281
v 0.07519529 -0.05566406 -0.00488281
v 0.07519529 -0.05566406 -0.00488281
v 0.07714842 -0.05371093 0.00878906
v 0.07714842 -0.05371093 0.00878906
v 0.07714842 -0.05371093 0.00878906
v 0.07714842 -0.05175781 0.01074219
v 0.07714842 -0.05175781 0.01074219
v 0.07714842 -0.05175781 0.01074219
v 0.07714842 -0.03417968 0.01074219
v 0.07714842 -0.03417968 0.01074219
v 0.07714842 -0.03417968 0.01074219
v 0.07714842 -0.02636718 0.00488281
v 0.07714842 -0.02636718 0.00488281
v 0.07714842 -0.02636718 0.00488281
v 0.07714842 -0.02636718 0.00683594
v 0.07714842 -0.02636718 0.00683594
v 0.07714842 -0.02636718 0.00683594
v 0.07714842 -0.03027343 0.00878906
v 0.07714842 -0.03027343 0.00878906
v 0.07714842 -0.03027343 0.01074219
v 0.07714842 -0.03027343 0.01074219
v 0.07714842 -0.03027343 0.01074219
v 0.07714842 -0.02832031 0.00878906
v 0.07714842 -0.02832031 0.00878906
v 0.07714842 -0.02832031 0.00878906
v 0.07714842 -0.02832031 0.00878906
v 0.07714842 -0.02832031 0.00878906
v 0.07714842 -0.02832031 0.00878906
v 0.07519529 -0.02636718 0.00683594
v 0.07519529 -0.02636718 0.00683594
v 0.07519529 -0.02636718 0.00683594
v 0.07519529 -0.02441406 0.00683594
v 0.07519529 -0.02441406 0.00683594
v 0.07519529 -0.02441406 0.00683594
v 0.07519529 -0.02441406 0.00488281
v 0.07519529 -0.02441406 0.00488281
v 0.07519529 -0.02441406 0.00488281
v 0.07519529 -0.02441406 0.00488281
v 0.07519529 -0.02441406 0.00488281
v 0.07519529 -0.02441406 0.00488281
v 0.07519529 -0.02441406 0.00488281
v 0.07324217 -0.02246093 0.00097656
v 0.07324217 -0.02246093 0.00097656
v 0.04980467 -0.02246093 0.00097656
v 0.01855467 -0.02050781 0.00097656
v 0.01855467 -0.02050781 0.00097656
v -0.02050783 -0.02050781 0.00292969
v -0.02050783 -0.02050781 0.00292969
v -0.02050783 -0.01855468 0.00097656
v -0.02050783 -0.01855468 0.00097656
v -0.02050783 -0.01855468 -0.00292969
v -0.02050783 -0.01855468 -0.00292969
v -0.02050783 -0.01855468 -0.00292969
v -0.06152346 -0.01855468 -0.00488281
v -0.06152346 -0.01855468 -0.00488281
v -0.06152346 -0.01855468 -0.00683594
v -0.06152346 -0.01855468 -0.00683594
v -0.06152346 -0.01855468 -0.00683594
v -0.05957033 -0.02050781 -0.00878906
v -0.05957033 -0.02050781 -0.00878906
v -0.05957033 -0.02050781 -0.00878906
v -0.05957033 -0.02050781 -0.00878906
v -0.05957033 -0.02050781 -0.00878906
v -0.01855471 -0.02246093 -0.00878906
v -0.01855471 -0.02246093 -0.00878906
v -0.01660158 -0.02636718 -0.01269531
v -0.01660158 -0.02636718 -0.01269531
v -0.01660158 -0.02636718 -0.01269531
v -0.01660158 -0.02636718 -0.01269531
v -0.05761721 -0.02636718 -0.01269531
v -0.02050783 -0.04785156 -0.00878906
v -0.02050783 -0.04785156 -0.00878906
v 0.01660154 -0.04785156 -0.00878906
v 0.01660154 -0.04785156 -0.00878906
v 0.05175779 -0.04980468 -0.00878906
v 0.05175779 -0.04980468 -0.00878906
v 0.07324217 -0.04980468 -0.00878906
v 0.07324217 -0.04980468 -0.00878906
v 0.07324217 -0.05566406 -0.00488281
v 0.07324217 -0.05566406 -0.00488281
v 0.07324217 -0.05566406 -0.00488281
v 0.07324217 -0.05566406 -0.00488281
v 0.07519529 -0.05371093 0.00878906
v 0.07519529 -0.05371093 0.00878906
v 0.07519529 -0.05175781 0.01074219
v 0.07519529 -0.05175781 0.01074219
v 0.07519529 -0.04785156 0.01074219
v 0.07519529 -0.04785156 0.01074219
v 0.07714842 -0.03222656 0.01074219
v 0.07519529 -0.03222656 0.01074219
v 0.07519529 -0.03222656 0.01074219
v 0.07519529 -0.03027343 0.01074219
v 0.07519529 -0.03027343 0.01074219
v 0.07519529 -0.03027343 0.01074219
v 0.07519529 -0.02832031 0.01074219
v 0.07519529 -0.02832031 0.01074219
v 0.07519529 -0.02832031 0.01074219
v 0.07519529 -0.02636718 0.01074219
v 0.07519529 -0.02636718 0.01074219
v 0.07519529 -0.02636718 0.01074219
v 0.07519529 -0.02636718 0.00878906
v 0.07519529 -0.02636718 0.00878906
v 0.07519529 -0.02636718 0.00878906
v 0.07519529 -0.02636718 0.00878906
v 0.07519529 -0.02636718 0.00878906
v 0.07519529 -0.02636718 0.00878906
v 0.07519529 -0.02636718 0.00878906
v 0.04980467 -0.02246093 0.00683594
v 0.04980467 -0.02246093 0.00683594
v 0.04980467 -0.02246093 0.00683594
v 0.04980467 -0.02246093 0.00292969
v 0.04980467 -0.02246093 0.00292969
v 0.01855467 -0.02050781 0.00488281
v 0.01855467 -0.02050781 0.00488281
v -0.01855471 -0.02050781 0.00683594
v -0.01855471 -0.02050781 0.00683594
v -0.01855471 -0.02050781 0.00683594
v -0.01855471 -0.02050781 0.00683594
v -0.05957033 -0.01855468 0.00683594
v -0.05957033 -0.01855468 0.00683594
v -0.05957033 -0.01855468 0.00683594
v -0.06152346 -0.01855468 0.00292969
v -0.06152346 -0.01855468 0.00292969
v -0.06152346 -0.01855468 0.00292969
v -0.06152346 -0.01855468 0.00292969
v -0.06152346 -0.01855468 -0.00097656
v -0.06152346 -0.01855468 -0.00292969
v -0.07910158 -0.01660156 -0.00292969
v -0.07910158 -0.01660156 -0.00292969
v -0.07910158 -0.01660156 -0.00488281
v -0.07910158 -0.01660156 -0.00488281
v -0.07910158 -0.01660156 -0.00488281
v -0.07910158 -0.01855468 -0.00683594
v -0.07910158 -0.01855468 -0.00683594
v -0.07910158 -0.01855468 -0.00683594
v -0.07910158 -0.01855468 -0.00878906
v -0.07910158 -0.01855468 -0.00878906
v -0.07910158 -0.01855468 -0.00878906
v -0.07910158 -0.02441406 -0.01269531
v -0.07910158 -0.02441406 -0.01269531
v -0.07910158 -0.02441406 -0.01269531
v -0.07910158 -0.02441406 -0.01269531
v -0.05761721 -0.02441406 -0.01269531
v -0.05761721 -0.02441406 -0.01269531
v -0.05761721 -0.02441406 -0.01269531
v -0.07714846 -0.02441406 -0.01269531
v -0.07714846 -0.02636718 -0.01269531
v -0.06152346 -0.04589843 -0.00878906
v -0.02050783 -0.05175781 -0.00683594
v -0.02050783 -0.05175781 -0.00683594
v -0.02050783 -0.05175781 -0.00683594
v 0.01660154 -0.05175781 -0.00488281
v 0.01660154 -0.05175781 -0.00488281
v 0.01660154 -0.05175781 -0.00488281
v 0.05175779 -0.05371093 -0.00488281
v 0.05175779 -0.05371093 -0.00488281
v 0.05175779 -0.05371093 -0.00488281
v 0.05175779 -0.05371093 -0.00292969
v 0.05175779 -0.05371093 0.00878906
v 0.05175779 -0.05371093 0.00878906
v 0.05175779 -0.05175781 0.01074219
v 0.05175779 -0.05175781 0.01074219
v 0.05175779 -0.04785156 0.01074219
v 0.01855467 -0.03027343 0.01074219
v 0.01660154 -0.04589843 0.01074219
v 0.04785154 -0.03027343 0.01074219
v 0.07519529 -0.03222656 0.01269531
v 0.07519529 -0.03222656 0.01269531
v 0.07519529 -0.03222656 0.01269531
v 0.05566404 -0.02832031 0.01074219
v 0.05566404 -0.02832031 0.01074219
v 0.05566404 -0.02832031 0.01074219
v 0.05566404 -0.02832031 0.01074219
v 0.04980467 -0.02441406 0.00878906
v 0.04980467 -0.02441406 0.00878906
v 0.04980467 -0.02441406 0.00878906
v 0.02050779 -0.02636718 0.01074219
v 0.02050779 -0.02636718 0.01074219
v 0.01855467 -0.02246093 0.00683594
v 0.01855467 -0.02246093 0.00683594
v 0.01855467 -0.02246093 0.00683594
v 0.01855467 -0.02246093 0.00683594
v -0.01855471 -0.02246093 0.00683594
v -0.01855471 -0.02246093 0.00683594
v -0.01855471 -0.02246093 0.00683594
v -0.05957033 -0.02050781 0.00878906
v -0.05957033 -0.02050781 0.00878906
v -0.05957033 -0.02050781 0.00878906
v -0.07910158 -0.01855468 0.00488281
v -0.07910158 -0.01855468 0.00488281
v -0.07910158 -0.01855468 0.00488281
v -0.07910158 -0.01855468 0.00488281
v -0.07910158 -0.01660156 0.00292969
v -0.07910158 -0.01660156 0.00292969
v -0.07910158 -0.01660156 0.00292969
v -0.07910158 -0.01660156 -0.00097656
v -0.07910158 -0.01660156 -0.00097656
v -0.07910158 -0.01855468 -0.00292969
v -0.07910158 -0.01855468 -0.00488281
v -0.07910158 -0.01855468 -0.00488281
v -0.07910158 -0.02050781 -0.00683594
v -0.07910158 -0.02050781 -0.00683594
v -0.07910158 -0.02050781 -0.00878906
v -0.07910158 -0.02050781 -0.00878906
v -0.07910158 -0.02441406 -0.01074219
v -0.07910158 -0.02441406 -0.01074219
v -0.07910158 -0.02441406 -0.01074219
v -0.07910158 -0.02636718 -0.01074219
v -0.07910158 -0.02636718 -0.01074219
v -0.07910158 -0.02636718 -0.01074219
v -0.07910158 -0.02636718 -0.01269531
v -0.07910158 -0.02636718 -0.01269531
v -0.07910158 -0.02636718 -0.01269531
v -0.07910158 -0.02636718 -0.01269531
v -0.07714846 -0.04589843 -0.00878906
v -0.07714846 -0.04589843 -0.00878906
v -0.06347658 -0.04980468 -0.00683594
v -0.06347658 -0.04980468 -0.00683594
v -0.06347658 -0.04980468 -0.00683594
v -0.02246096 -0.05175781 -0.00488281
v -0.02246096 -0.05175781 -0.00488281
v 0.01660154 -0.05371093 -0.00292969
v 0.01660154 -0.05371093 -0.00292969
v 0.01660154 -0.05371093 -0.00292969
v 0.01660154 -0.05175781 0.00878906
v 0.01660154 -0.05175781 0.00878906
v 0.01660154 -0.05175781 0.00878906
v 0.01660154 -0.05175781 0.00878906
v 0.01660154 -0.04980468 0.00878906
v -0.02050783 -0.04589843 0.01074219
v 0.01855467 -0.02832031 0.01074219
v 0.05371092 -0.02832031 0.01074219
v 0.02050779 -0.02832031 0.01074219
v -0.01464846 -0.02832031 0.01074219
v -0.01464846 -0.02832031 0.01074219
v -0.01464846 -0.02832031 0.01074219
v -0.01660158 -0.02636718 0.01074219
v -0.01660158 -0.02636718 0.01074219
v -0.01660158 -0.02636718 0.01074219
v -0.06152346 -0.02441406 0.01074219
v -0.06152346 -0.02441406 0.01074219
v -0.06152346 -0.02441406 0.01074219
v -0.06152346 -0.02441406 0.01074219
v -0.07714846 -0.02441406 0.01074219
v -0.07910158 -0.02441406 0.01074219
v -0.07910158 -0.02441406 0.01074219
v -0.07910158 -0.02441406 0.01074219
v -0.07910158 -0.02441406 0.01074219
v -0.07910158 -0.02441406 0.00878906
v -0.07910158 -0.02441406 0.00878906
v -0.07910158 -0.02050781 0.00683594
v -0.07910158 -0.02050781 0.00683594
v -0.07910158 -0.02050781 0.00683594
v -0.07910158 -0.02050781 0.00683594
v -0.07910158 -0.02050781 0.00488281
v -0.07910158 -0.01855468 0.00097656
v -0.07910158 -0.01855468 -0.00097656
v -0.08105471 -0.02832031 -0.01074219
v -0.08105471 -0.02832031 -0.01074219
v -0.08105471 -0.02832031 -0.01074219
v -0.08105471 -0.02832031 -0.01074219
v -0.08105471 -0.02832031 -0.01074219
v -0.08105471 -0.02832031 -0.01074219
v -0.08105471 -0.02832031 -0.01074219
v -0.08105471 -0.04394531 -0.00878906
v -0.08105471 -0.04394531 -0.00878906
v -0.08105471 -0.04394531 -0.00878906
v -0.08105471 -0.04394531 -0.00878906
v -0.08105471 -0.04785156 -0.00683594
v -0.08105471 -0.04785156 -0.00683594
v -0.07714846 -0.04980468 -0.00683594
v -0.07714846 -0.04980468 -0.00683594
v -0.06542971 -0.05175781 -0.00488281
v -0.06542971 -0.05175781 -0.00488281
v -0.02246096 -0.05175781 0.00683594
v -0.02246096 -0.05175781 0.00683594
v -0.02050783 -0.04980468 0.00878906
v -0.02050783 -0.04980468 0.00878906
v -0.06152346 -0.04394531 0.01074219
v -0.05761721 -0.02636718 0.01074219
v -0.05761721 -0.02636718 0.01074219
v -0.05957033 -0.02636718 0.01074219
v -0.05957033 -0.02636718 0.01074219
v -0.07714846 -0.02636718 0.01074219
v -0.07910158 -0.02636718 0.01074219
v -0.07910158 -0.02636718 0.01074219
v -0.07910158 -0.02636718 0.01074219
v -0.08105471 -0.04199218 0.01074219
v -0.08105471 -0.04199218 0.01074219
v -0.08105471 -0.04199218 0.01074219
v -0.08105471 -0.02832031 0.00878906
v -0.08105471 -0.02832031 0.00878906
v -0.08105471 -0.02832031 0.00878906
v -0.08105471 -0.02832031 0.00878906
v -0.08105471 -0.02832031 0.00878906
v -0.08105471 -0.04980468 -0.00488281
v -0.08105471 -0.04980468 -0.00488281
v -0.08105471 -0.04980468 -0.00488281
v -0.07714846 -0.05175781 -0.00488281
v -0.07714846 -0.05175781 -0.00488281
v -0.07714846 -0.04980468 0.00683594
v -0.07714846 -0.04980468 0.00683594
v -0.06542971 -0.04980468 0.00683594
v -0.06542971 -0.04980468 0.00683594
v -0.06347658 -0.04785156 0.00878906
v -0.06347658 -0.04785156 0.00878906
v -0.07714846 -0.04394531 0.01074219
v -0.08105471 -0.04785156 0.00878906
v -0.08105471 -0.04785156 0.00878906
v -0.08105471 -0.04785156 0.00878906
v -0.08105471 -0.04980468 0.00683594
v -0.08105471 -0.04980468 0.00683594
v -0.08105471 -0.04980468 0.00683594
v -0.07714846 -0.04785156 0.00878906
v -0.07714846 -0.04785156 0.00878906
v 0.07714842 -0.11035156 0.00097656
v 0.07714842 -0.11035156 0.00097656
v 0.07714842 -0.11035156 0.00097656
v 0.07714842 -0.10839844 0.00292969
v 0.07714842 -0.10839844 0.00292969
v 0.07714842 -0.10839844 0.00292969
v 0.07714842 -0.11035156 0.00488281
v 0.07714842 -0.10839844 0.00683594
v 0.07714842 -0.10839844 0.00683594
v 0.07714842 -0.11035156 0.00878906
v 0.07714842 -0.11035156 0.00878906
v 0.07714842 -0.10839844 0.00878906
v 0.07714842 -0.10839844 0.00878906
v 0.07519529 -0.10839844 0.00683594
v 0.07519529 -0.10839844 0.00488281
v 0.07519529 -0.10839844 0.00488281
v 0.07519529 -0.10839844 0.00488281
v 0.07519529 -0.10839844 0.00097656
v 0.07519529 -0.10839844 0.00097656
v 0.07519529 -0.10839844 0.00097656
v 0.07519529 -0.11035156 -0.00292969
v 0.07519529 -0.11035156 -0.00292969
v 0.07519529 -0.11035156 -0.00292969
v 0.07519529 -0.11035156 -0.00097656
v 0.07519529 -0.11035156 -0.00097656
v 0.07714842 -0.11035156 -0.00097656
v 0.07714842 -0.11035156 -0.00097656
v 0.07714842 -0.11035156 -0.00097656
v 0.07714842 -0.11035156 -0.00097656
v 0.07714842 -0.11035156 -0.00097656
v 0.07714842 -0.11035156 -0.00097656
v 0.07714842 -0.11816406 -0.00488281
v 0.07714842 -0.11816406 -0.00488281
v 0.07714842 -0.11816406 -0.00488281
v 0.07714842 -0.13964844 -0.00097656
v 0.07714842 -0.13964844 -0.00097656
v 0.07714842 -0.13964844 -0.00097656
v 0.07714842 -0.14160156 0.00097656
v 0.07714842 -0.14160156 0.00097656
v 0.07714842 -0.14160156 0.00097656
v 0.07519529 -0.14160156 -0.00097656
v 0.07519529 -0.14160156 -0.00097656
v 0.07519529 -0.14160156 -0.00097656
v 0.07519529 -0.14160156 -0.00097656
v 0.07519529 -0.14160156 0.00097656
v 0.07519529 -0.14160156 0.00097656
v 0.07714842 -0.13964844 0.01464844
v 0.07714842 -0.13964844 0.01464844
v 0.07714842 -0.13964844 0.01464844
v 0.07714842 -0.13964844 0.01464844
v 0.07714842 -0.11816406 0.01660156
v 0.07714842 -0.12011719 0.01660156
v 0.07910154 -0.11816406 0.01660156
v 0.07910154 -0.11816406 0.01660156
v 0.07910154 -0.12011719 0.01660156
v 0.07910154 -0.12011719 0.01660156
v 0.07910154 -0.12011719 0.01660156
v 0.07910154 -0.12011719 0.01660156
v 0.07910154 -0.12011719 0.01660156
v 0.07714842 -0.13574219 0.01660156
v 0.07714842 -0.13574219 0.01660156
v 0.07714842 -0.13574219 -0.00292969
v 0.07714842 -0.13574219 -0.00292969
v 0.07714842 -0.11621094 0.01464844
v 0.07714842 -0.11621094 0.01464844
v 0.07714842 -0.11425781 0.01269531
v 0.07714842 -0.11425781 0.01269531
v 0.07714842 -0.11230469 0.01074219
v 0.07714842 -0.11230469 0.01074219
v 0.07714842 -0.11230469 0.01464844
v 0.07714842 -0.11230469 0.01464844
v 0.07714842 -0.11230469 0.01464844
v 0.07714842 -0.11035156 0.01269531
v 0.07714842 -0.11035156 0.01269531
v 0.07714842 -0.11035156 0.01269531
v 0.07519529 -0.11035156 0.01269531
v 0.07519529 -0.11035156 0.01269531
v 0.07519529 -0.10839844 0.00878906
v 0.04980467 -0.10839844 0.00683594
v 0.04980467 -0.10839844 0.00488281
v 0.04980467 -0.10839844 0.00097656
v 0.04980467 -0.10839844 0.00097656
v 0.04980467 -0.11035156 -0.00097656
v 0.04980467 -0.11035156 -0.00097656
v 0.04980467 -0.11035156 -0.00292969
v 0.04980467 -0.11035156 -0.00292969
v 0.04980467 -0.11035156 -0.00292969
v 0.04980467 -0.11035156 -0.00292969
v 0.01855467 -0.10839844 -0.00097656
v 0.01855467 -0.10839844 -0.00097656
v 0.01855467 -0.10839844 -0.00097656
v 0.01855467 -0.10839844 -0.00097656
v 0.01855467 -0.10839844 -0.00097656
v 0.01855467 -0.11035156 -0.00292969
v 0.01855467 -0.11035156 -0.00292969
v 0.01855467 -0.11035156 -0.00292969
v 0.01855467 -0.11035156 -0.00292969
v 0.01855467 -0.11035156 -0.00292969
v 0.04980467 -0.11035156 -0.00488281
v 0.04980467 -0.11035156 -0.00488281
v 0.04980467 -0.11035156 -0.00488281
v 0.07519529 -0.11230469 -0.00292969
v 0.07519529 -0.11230469 -0.00292969
v 0.07519529 -0.11230469 -0.00292969
v 0.07519529 -0.11230469 -0.00292969
v 0.07519529 -0.11230469 -0.00292969
v 0.07714842 -0.11230469 -0.00292969
v 0.07714842 -0.11230469 -0.00292969
v 0.07714842 -0.11230469 -0.00292969
v 0.07714842 -0.11621094 -0.00488281
v 0.07714842 -0.11621094 -0.00488281
v 0.07714842 -0.11621094 -0.00488281
v 0.07714842 -0.11621094 -0.00683594
v 0.07714842 -0.11621094 -0.00683594
v 0.07714842 -0.11621094 -0.00683594
v 0.07714842 -0.11621094 -0.00683594
v 0.07519529 -0.11816406 -0.00683594
v 0.07519529 -0.11816406 -0.00683594
v 0.07519529 -0.13574219 -0.00292969
v 0.07519529 -0.13574219 -0.00292969
v -0.01074221 -0.11816406 -0.00683594
v 0.02050779 -0.11816406 -0.00683594
v 0.02050779 -0.13574219 -0.00292969
v 0.05175779 -0.13574219 -0.00292969
v 0.02050779 -0.13964844 -0.00097656
v 0.02050779 -0.13964844 -0.00097656
v 0.05175779 -0.13964844 -0.00097656
v 0.05175779 -0.13964844 -0.00097656
v 0.05371092 -0.14160156 0.00097656
v 0.05371092 -0.14160156 0.00097656
v 0.07519529 -0.14160156 0.01464844
v 0.07519529 -0.14160156 0.01464844
v 0.07519529 -0.14160156 0.01464844
v 0.07519529 -0.13964844 0.01660156
v 0.07519529 -0.13964844 0.01660156
v 0.07519529 -0.13964844 0.01660156
v 0.07519529 -0.13574219 0.01660156
v 0.07519529 -0.13574219 0.01660156
v 0.07519529 -0.13574219 0.01660156
v 0.07519529 -0.13574219 0.01660156
v 0.07519529 -0.11621094 0.01660156
v 0.07519529 -0.11621094 0.01660156
v 0.07714842 -0.11621094 0.01660156
v 0.07714842 -0.11621094 0.01660156
v 0.07714842 -0.11621094 0.01660156
v 0.07714842 -0.11425781 0.01660156
v 0.07714842 -0.11425781 0.01660156
v 0.07714842 -0.11425781 0.01660156
v 0.07714842 -0.11425781 0.01464844
v 0.07714842 -0.11425781 0.01464844
v 0.07714842 -0.11425781 0.01464844
v 0.07714842 -0.11425781 0.01464844
v 0.07519529 -0.11035156 0.01464844
v 0.07519529 -0.11035156 0.01464844
v 0.07519529 -0.11035156 0.01464844
v 0.07519529 -0.11035156 0.01464844
v 0.07519529 -0.11035156 0.01464844
v 0.05175779 -0.11035156 0.01269531
v 0.05175779 -0.11035156 0.01269531
v 0.04980467 -0.10839844 0.01074219
v 0.04980467 -0.10839844 0.01074219
v 0.02050779 -0.10839844 0.01074219
v 0.02050779 -0.10839844 0.01074219
v 0.02050779 -0.10839844 0.01074219
v 0.01855467 -0.10839844 0.00683594
v -0.01660158 -0.10644531 0.00683594
v 0.01855467 -0.10839844 0.00292969
v 0.01855467 -0.10839844 0.00292969
v 0.01855467 -0.10839844 0.00097656
v 0.01855467 -0.10839844 0.00097656
v -0.01660158 -0.10644531 0.00097656
v -0.01660158 -0.10644531 0.00097656
v -0.01660158 -0.10839844 -0.00097656
v -0.01660158 -0.10839844 -0.00097656
v -0.05566408 -0.10644531 0.00097656
v -0.05566408 -0.10644531 0.00097656
v -0.05566408 -0.10644531 0.00097656
v -0.05566408 -0.10839844 -0.00097656
v -0.05566408 -0.10839844 -0.00097656
v -0.05566408 -0.10839844 -0.00097656
v -0.05566408 -0.10839844 -0.00097656
v -0.05566408 -0.10839844 -0.00097656
v -0.05566408 -0.10839844 -0.00097656
v -0.05566408 -0.10839844 -0.00097656
v -0.01660158 -0.10839844 -0.00292969
v -0.01660158 -0.10839844 -0.00292969
v -0.01660158 -0.10839844 -0.00292969
v -0.01660158 -0.10839844 -0.00292969
v -0.01464846 -0.11035156 -0.00292969
v -0.01464846 -0.11035156 -0.00292969
v -0.01269533 -0.11425781 -0.00488281
v -0.01269533 -0.11425781 -0.00488281
v -0.01269533 -0.11425781 -0.00488281
v -0.01269533 -0.11425781 -0.00683594
v -0.01269533 -0.11425781 -0.00683594
v -0.01269533 -0.11425781 -0.00683594
v -0.01269533 -0.11621094 -0.00683594
v 0.02050779 -0.11621094 -0.00683594
v 0.02050779 -0.11621094 -0.00683594
v 0.02050779 -0.11621094 -0.00683594
v 0.02246092 -0.11621094 -0.00683594
v 0.02246092 -0.11621094 -0.00683594
v 0.05566404 -0.11621094 -0.00683594
v 0.05566404 -0.11621094 -0.00683594
v 0.07519529 -0.11621094 -0.00683594
v 0.07519529 -0.11621094 -0.00683594
v 0.07519529 -0.11621094 -0.00683594
v 0.07519529 -0.11621094 -0.00683594
v 0.05761717 -0.11621094 -0.00683594
v 0.05566404 -0.11621094 -0.00683594
v 0.05371092 -0.11621094 -0.00683594
v 0.02050779 -0.11621094 -0.00683594
v -0.01074221 -0.11621094 -0.00683594
v -0.05175783 -0.11621094 -0.00683594
v -0.01464846 -0.13574219 -0.00292969
v -0.01660158 -0.13964844 -0.00097656
v -0.01660158 -0.13964844 -0.00097656
v 0.02050779 -0.14160156 0.00097656
v 0.02050779 -0.14160156 0.00097656
v 0.05371092 -0.13964844 0.01464844
v 0.05371092 -0.13964844 0.01464844
v 0.05371092 -0.13964844 0.01464844
v 0.05371092 -0.13769531 0.01464844
v 0.05371092 -0.13769531 0.01464844
v 0.05371092 -0.13769531 0.01464844
v 0.05371092 -0.13769531 0.01464844
v 0.05371092 -0.13574219 0.01660156
v 0.05371092 -0.13574219 0.01660156
v 0.05371092 -0.13574219 0.01660156
v 0.04980467 -0.11621094 0.01855469
v 0.04980467 -0.11621094 0.01855469
v 0.04980467 -0.11621094 0.01855469
v 0.05371092 -0.11425781 0.01855469
v 0.05371092 -0.11425781 0.01855469
v 0.05371092 -0.11425781 0.01855469
v 0.05566404 -0.11425781 0.01855469
v 0.05566404 -0.11425781 0.01855469
v 0.05761717 -0.11425781 0.01855469
v 0.05761717 -0.11425781 0.01855469
v 0.05761717 -0.11425781 0.01855469
v 0.05761717 -0.11425781 0.01660156
v 0.07519529 -0.11425781 0.01660156
v 0.07519529 -0.11425781 0.01660156
v 0.07519529 -0.11425781 0.01660156
v 0.07519529 -0.11425781 0.01660156
v 0.07519529 -0.11425781 0.01660156
v 0.05566404 -0.11425781 0.01660156
v 0.05566404 -0.11425781 0.01660156
v 0.05175779 -0.11035156 0.01464844
v 0.05175779 -0.11035156 0.01464844
v 0.02050779 -0.11035156 0.01269531
v 0.02050779 -0.11035156 0.01269531
v 0.02050779 -0.11035156 0.01269531
v -0.01660158 -0.10839844 0.01269531
v -0.01660158 -0.10839844 0.01269531
v -0.01660158 -0.10839844 0.01269531
v -0.01660158 -0.10839844 0.01074219
v -0.01660158 -0.10839844 0.01074219
v -0.05566408 -0.10644531 0.01074219
v -0.05566408 -0.10644531 0.01074219
v -0.05566408 -0.10644531 0.01074219
v -0.05761721 -0.10644531 0.00683594
v -0.01855471 -0.10644531 0.00292969
v -0.01855471 -0.10644531 0.00292969
v -0.01660158 -0.10644531 0.00292969
v -0.01660158 -0.10644531 0.00292969
v -0.05566408 -0.10644531 0.00292969
v -0.07714846 -0.10644531 0.00097656
v -0.07714846 -0.10644531 0.00097656
v -0.07714846 -0.10644531 -0.00097656
v -0.07714846 -0.10644531 -0.00097656
v -0.07714846 -0.10644531 -0.00097656
v -0.07714846 -0.10644531 -0.00097656
v -0.07714846 -0.10839844 -0.00097656
v -0.07714846 -0.10839844 -0.00097656
v -0.07714846 -0.10839844 -0.00097656
v -0.07714846 -0.10839844 -0.00292969
v -0.07714846 -0.10839844 -0.00292969
v -0.07714846 -0.10839844 -0.00292969
v -0.07714846 -0.11035156 -0.00292969
v -0.07714846 -0.11035156 -0.00292969
v -0.07714846 -0.11035156 -0.00292969
v -0.07714846 -0.11035156 -0.00292969
v -0.05566408 -0.11035156 -0.00292969
v -0.05566408 -0.11035156 -0.00292969
v -0.05566408 -0.11035156 -0.00292969
v -0.05566408 -0.11035156 -0.00292969
v -0.05175783 -0.11230469 -0.00488281
v -0.05175783 -0.11230469 -0.00488281
v -0.05175783 -0.11230469 -0.00488281
v -0.05175783 -0.11425781 -0.00683594
v -0.05175783 -0.11425781 -0.00683594
v -0.05175783 -0.11425781 -0.00683594
v -0.07519533 -0.11425781 -0.00683594
v -0.07519533 -0.11425781 -0.00683594
v -0.07714846 -0.11425781 -0.00683594
v -0.07714846 -0.11425781 -0.00683594
v -0.07714846 -0.11425781 -0.00683594
v -0.07714846 -0.11425781 -0.00683594
v -0.07519533 -0.11621094 -0.00683594
v -0.07519533 -0.11621094 -0.00683594
v -0.04980471 -0.13574219 -0.00292969
v -0.05175783 -0.13964844 -0.00097656
v -0.05175783 -0.13964844 -0.00097656
v -0.01660158 -0.14160156 0.00097656
v -0.01660158 -0.14160156 0.00097656
v 0.02050779 -0.13964844 0.01464844
v 0.02050779 -0.13964844 0.01464844
v 0.02050779 -0.13964844 0.01464844
v 0.02050779 -0.13964844 0.01464844
v 0.02050779 -0.13964844 0.01660156
v 0.02050779 -0.13964844 0.01660156
v 0.02050779 -0.13964844 0.01660156
v 0.02050779 -0.13378906 0.01660156
v 0.02050779 -0.11816406 0.01660156
v 0.02050779 -0.11816406 0.01660156
v -0.01074221 -0.11621094 0.01660156
v -0.01074221 -0.11621094 0.01660156
v -0.01074221 -0.11621094 0.01660156
v -0.01074221 -0.11621094 0.01855469
v -0.01074221 -0.11621094 0.01855469
v 0.02050779 -0.11621094 0.01855469
v 0.02050779 -0.11621094 0.01855469
v 0.02050779 -0.11621094 0.01855469
v 0.02246092 -0.11425781 0.01660156
v 0.02246092 -0.11425781 0.01660156
v 0.02246092 -0.11425781 0.01660156
v 0.02246092 -0.11425781 0.01660156
v 0.02050779 -0.11035156 0.01464844
v 0.02050779 -0.11035156 0.01464844
v -0.01464846 -0.11035156 0.01464844
v -0.01464846 -0.11035156 0.01464844
v -0.01464846 -0.11035156 0.01464844
v -0.01464846 -0.11035156 0.01464844
v -0.05371096 -0.11035156 0.01464844
v -0.05371096 -0.11035156 0.01464844
v -0.05566408 -0.10839844 0.01269531
v -0.05566408 -0.10839844 0.01269531
v -0.05566408 -0.10839844 0.01269531
v -0.07714846 -0.10839844 0.01269531
v -0.07714846 -0.10839844 0.01269531
v -0.07714846 -0.10839844 0.01269531
v -0.07714846 -0.10839844 0.01074219
v -0.07714846 -0.10644531 0.00878906
v -0.07714846 -0.10644531 0.00878906
v -0.07714846 -0.10644531 0.00683594
v -0.07714846 -0.10644531 0.00683594
v -0.07714846 -0.10644531 0.00292969
v -0.07714846 -0.10644531 0.00292969
v -0.07714846 -0.10839844 0.00292969
v -0.07714846 -0.10839844 0.00097656
v -0.07714846 -0.10839844 0.00097656
v -0.07714846 -0.11035156 -0.00097656
v -0.07714846 -0.11035156 -0.00097656
v -0.07714846 -0.11035156 -0.00097656
v -0.07714846 -0.11425781 -0.00292969
v -0.07714846 -0.11425781 -0.00292969
v -0.07714846 -0.11425781 -0.00488281
v -0.07714846 -0.11425781 -0.00488281
v -0.07714846 -0.11425781 -0.00488281
v -0.07714846 -0.11425781 -0.00488281
v -0.07714846 -0.11425781 -0.00488281
v -0.07714846 -0.11425781 -0.00488281
v -0.07714846 -0.11621094 -0.00488281
v -0.07714846 -0.11621094 -0.00488281
v -0.07714846 -0.11621094 -0.00488281
v -0.07714846 -0.13574219 -0.00292969
v -0.07714846 -0.13574219 -0.00292969
v -0.07519533 -0.13574219 -0.00292969
v -0.07519533 -0.13574219 -0.00292969
v -0.07519533 -0.13964844 -0.00097656
v -0.07519533 -0.13964844 -0.00097656
v -0.07519533 -0.14160156 0.00097656
v -0.07519533 -0.14160156 0.00097656
v -0.05175783 -0.14160156 0.00097656
v -0.05175783 -0.14160156 0.00097656
v -0.01660158 -0.14160156 0.01464844
v -0.01660158 -0.14160156 0.01464844
v -0.01660158 -0.14160156 0.01464844
v -0.01660158 -0.13964844 0.01660156
v -0.01660158 -0.13964844 0.01660156
v -0.01660158 -0.13964844 0.01660156
v -0.01660158 -0.13964844 0.01660156
v -0.01464846 -0.13378906 0.01660156
v -0.05175783 -0.11621094 0.01660156
v -0.05175783 -0.11621094 0.01660156
v -0.05175783 -0.11621094 0.01855469
v -0.05175783 -0.11621094 0.01855469
v -0.05175783 -0.11621094 0.01855469
v -0.05371096 -0.11425781 0.01660156
v -0.01269533 -0.11425781 0.01660156
v -0.01269533 -0.11425781 0.01660156
v -0.05566408 -0.11425781 0.01660156
v -0.05566408 -0.11425781 0.01660156
v -0.05566408 -0.11425781 0.01660156
v -0.07519533 -0.11230469 0.01660156
v -0.07519533 -0.11230469 0.01660156
v -0.07519533 -0.11230469 0.01660156
v -0.07519533 -0.11230469 0.01660156
v -0.07519533 -0.11425781 0.01660156
v -0.07519533 -0.11425781 0.01660156
v -0.07714846 -0.11425781 0.01660156
v -0.07714846 -0.11425781 0.01660156
v -0.07714846 -0.11425781 0.01660156
v -0.07714846 -0.11425781 0.01660156
v -0.07714846 -0.11230469 0.01660156
v -0.07714846 -0.11230469 0.01660156
v -0.07714846 -0.11230469 0.01660156
v -0.07714846 -0.11230469 0.01464844
v -0.07714846 -0.11230469 0.01464844
v -0.07714846 -0.11230469 0.01464844
v -0.07714846 -0.11230469 0.01464844
v -0.07714846 -0.11230469 0.01464844
v -0.07714846 -0.11230469 0.01464844
v -0.07714846 -0.11230469 0.01464844
v -0.07714846 -0.11035156 0.01269531
v -0.07714846 -0.11035156 0.01269531
v -0.07714846 -0.11035156 0.01269531
v -0.07714846 -0.11035156 0.01269531
v -0.07714846 -0.11035156 0.01464844
v -0.07714846 -0.11035156 0.01464844
v -0.07714846 -0.11035156 0.01464844
v -0.07714846 -0.11035156 0.01464844
v -0.07714846 -0.11035156 0.01464844
v -0.07714846 -0.11035156 0.01464844
v -0.07714846 -0.11035156 0.01074219
v -0.07714846 -0.10839844 0.00878906
v -0.07714846 -0.10839844 0.00683594
v -0.07910158 -0.11816406 -0.00488281
v -0.07910158 -0.11816406 -0.00488281
v -0.07910158 -0.11816406 -0.00488281
v -0.07910158 -0.11816406 -0.00488281
v -0.07910158 -0.11816406 -0.00488281
v -0.07910158 -0.11816406 -0.00488281
v -0.07910158 -0.13964844 -0.00097656
v -0.07910158 -0.13964844 -0.00097656
v -0.07910158 -0.13964844 -0.00097656
v -0.07910158 -0.13964844 -0.00097656
v -0.07910158 -0.14160156 0.00097656
v -0.07910158 -0.14160156 0.00097656
v -0.07910158 -0.14160156 0.00097656
v -0.07519533 -0.14160156 0.01464844
v -0.07519533 -0.14160156 0.01464844
v -0.07519533 -0.14160156 0.01464844
v -0.05175783 -0.13964844 0.01464844
v -0.05175783 -0.13964844 0.01464844
v -0.05175783 -0.13964844 0.01464844
v -0.05175783 -0.13769531 0.01660156
v -0.05175783 -0.13769531 0.01660156
v -0.05175783 -0.13769531 0.01660156
v -0.05175783 -0.13378906 0.01660156
v -0.07519533 -0.11621094 0.01660156
v -0.07519533 -0.11621094 0.01660156
v -0.07714846 -0.11621094 0.01660156
v -0.07714846 -0.11621094 0.01660156
v -0.07714846 -0.11621094 0.01660156
v -0.07910158 -0.11425781 0.01660156
v -0.07910158 -0.11425781 0.01660156
v -0.07910158 -0.11425781 0.01660156
v -0.07910158 -0.11425781 0.01660156
v -0.07910158 -0.11425781 0.01464844
v -0.07910158 -0.11425781 0.01464844
v -0.07910158 -0.11425781 0.01464844
v -0.07910158 -0.11425781 0.01464844
v -0.07910158 -0.11230469 0.01464844
v -0.07910158 -0.11230469 0.01464844
v -0.07910158 -0.11230469 0.01464844
v -0.07910158 -0.12011719 0.01464844
v -0.07910158 -0.12011719 0.01464844
v -0.07910158 -0.12011719 0.01464844
v -0.07910158 -0.12011719 0.01464844
v -0.07910158 -0.12011719 0.01464844
v -0.07910158 -0.13964844 0.01464844
v -0.07910158 -0.13964844 0.01464844
v -0.07910158 -0.13964844 0.01464844
v -0.07519533 -0.13964844 0.01660156
v -0.07519533 -0.13964844 0.01660156
v -0.07519533 -0.13964844 0.01660156
v -0.07519533 -0.13378906 0.01660156
v -0.07910158 -0.13378906 0.01660156
v -0.07910158 -0.13378906 0.01660156
v -0.07910158 -0.13378906 0.01660156
v -0.07910158 -0.13769531 0.01660156
v -0.07910158 -0.13769531 0.01660156
v -0.07910158 -0.13769531 0.01660156
v 0.07910154 -0.23339844 0.02246094
v 0.07910154 -0.23339844 0.02246094
v 0.07910154 -0.23339844 0.02246094
v 0.07910154 -0.23339844 0.02246094
v 0.07910154 -0.23339844 0.02246094
v 0.07910154 -0.23339844 0.02246094
v 0.07910154 -0.23339844 0.02050781
v 0.07910154 -0.23339844 0.02050781
v 0.07910154 -0.23535156 0.00878906
v 0.07910154 -0.23535156 0.00878906
v 0.07910154 -0.23535156 0.00878906
v 0.07910154 -0.23535156 0.00878906
v 0.07714842 -0.20410156 0.01855469
v 0.07714842 -0.20410156 0.01855469
v 0.07714842 -0.20410156 0.01855469
v 0.07714842 -0.20410156 0.01855469
v 0.07714842 -0.20410156 0.01855469
v 0.07714842 -0.20410156 0.01855469
v 0.07714842 -0.20214844 0.01660156
v 0.07714842 -0.20214844 0.01660156
v 0.07714842 -0.20214844 0.01660156
v 0.05175779 -0.20214844 0.01660156
v 0.05175779 -0.20214844 0.01660156
v 0.05175779 -0.20214844 0.01660156
v 0.05175779 -0.20214844 0.01660156
v 0.07714842 -0.20410156 0.00488281
v 0.07714842 -0.20410156 0.00488281
v 0.07714842 -0.20410156 0.00488281
v 0.07714842 -0.20410156 0.00488281
v 0.07519529 -0.20214844 0.00488281
v 0.07519529 -0.20214844 0.00488281
v 0.07519529 -0.20214844 0.00488281
v 0.07714842 -0.20410156 0.00683594
v 0.07714842 -0.20410156 0.00683594
v 0.07714842 -0.20410156 0.00683594
v 0.07714842 -0.20214844 0.00878906
v 0.07714842 -0.20214844 0.00878906
v 0.07714842 -0.20214844 0.00878906
v 0.05175779 -0.20019531 0.01074219
v 0.05175779 -0.20019531 0.00878906
v 0.04980467 -0.20214844 0.00488281
v 0.04980467 -0.20214844 0.00488281
v 0.04980467 -0.20214844 0.00488281
v 0.04980467 -0.20214844 0.00488281
v 0.04980467 -0.20214844 0.00488281
v 0.07519529 -0.20410156 0.00488281
v 0.07519529 -0.20410156 0.00488281
v 0.07519529 -0.20410156 0.00488281
v 0.07519529 -0.20410156 0.00488281
v 0.07714842 -0.20605469 0.00488281
v 0.07714842 -0.20605469 0.00488281
v 0.07714842 -0.20605469 0.00488281
v 0.07519529 -0.20410156 0.00292969
v 0.07519529 -0.20410156 0.00292969
v 0.07519529 -0.20410156 0.00292969
v 0.05957029 -0.20800781 0.00097656
v 0.07714842 -0.20800781 0.00097656
v 0.07714842 -0.20800781 0.00097656
v 0.07910154 -0.20996094 0.00097656
v 0.07910154 -0.20996094 0.00097656
v 0.07910154 -0.20996094 0.00097656
v 0.07910154 -0.20800781 0.00292969
v 0.07910154 -0.20800781 0.00292969
v 0.07910154 -0.20800781 0.00292969
v 0.07910154 -0.20605469 0.00488281
v 0.07910154 -0.20605469 0.00488281
v 0.07910154 -0.20605469 0.00488281
v 0.07910154 -0.20605469 0.00488281
v 0.07910154 -0.20410156 0.00683594
v 0.07910154 -0.20410156 0.00683594
v 0.07910154 -0.20410156 0.00683594
v 0.07910154 -0.20410156 0.00683594
v 0.07714842 -0.20410156 0.00878906
v 0.07714842 -0.20410156 0.00878906
v 0.07714842 -0.20410156 0.00878906
v 0.07714842 -0.20410156 0.00878906
v 0.07714842 -0.20214844 0.01074219
v 0.07714842 -0.20214844 0.01074219
v 0.07714842 -0.20214844 0.01074219
v 0.07714842 -0.20214844 0.01074219
v 0.05175779 -0.20019531 0.01464844
v 0.05175779 -0.20019531 0.01464844
v 0.02050779 -0.20019531 0.01660156
v 0.02050779 -0.20019531 0.01660156
v 0.02050779 -0.20019531 0.01660156
v 0.02050779 -0.20019531 0.01660156
v -0.01660158 -0.20214844 0.01855469
v -0.01660158 -0.20214844 0.01855469
v -0.01660158 -0.20214844 0.01855469
v -0.01660158 -0.20019531 0.01660156
v -0.01660158 -0.20019531 0.01660156
v -0.01660158 -0.20019531 0.01660156
v 0.02050779 -0.20019531 0.01464844
v 0.02050779 -0.20019531 0.01074219
v 0.02050779 -0.20019531 0.00878906
v 0.02050779 -0.20019531 0.00488281
v 0.02050779 -0.20019531 0.00488281
v 0.02050779 -0.20214844 0.00488281
v 0.02050779 -0.20214844 0.00488281
v -0.01660158 -0.20019531 0.00488281
v -0.01660158 -0.20019531 0.00488281
v -0.05761721 -0.20019531 0.00488281
v -0.05761721 -0.20019531 0.00488281
v -0.05761721 -0.20019531 0.00488281
v -0.05761721 -0.20019531 0.00488281
v -0.05761721 -0.20019531 0.00488281
v -0.01660158 -0.20214844 0.00488281
v -0.01660158 -0.20214844 0.00488281
v -0.01660158 -0.20214844 0.00488281
v 0.02050779 -0.20410156 0.00292969
v 0.02050779 -0.20410156 0.00292969
v 0.02050779 -0.20410156 0.00292969
v 0.05175779 -0.20410156 0.00292969
v 0.05175779 -0.20410156 0.00292969
v 0.05175779 -0.20410156 0.00292969
v 0.05175779 -0.20410156 0.00292969
v 0.05566404 -0.20800781 0.00097656
v 0.05761717 -0.20996094 0.00097656
v 0.07714842 -0.20996094 0.00097656
v 0.07910154 -0.23339844 0.00683594
v 0.07910154 -0.23339844 0.00683594
v 0.07910154 -0.23339844 0.00683594
v 0.07910154 -0.23339844 0.00683594
v 0.07910154 -0.23339844 0.00683594
v 0.07714842 -0.22949219 0.00488281
v 0.07714842 -0.22949219 0.00488281
v 0.07910154 -0.21191406 0.00097656
v 0.07910154 -0.21191406 0.00097656
v 0.07910154 -0.21191406 0.00097656
v 0.07910154 -0.21191406 0.00097656
v 0.07910154 -0.21191406 0.00097656
v 0.07910154 -0.21191406 0.00097656
v 0.07714842 -0.20214844 0.01464844
v 0.07714842 -0.20214844 0.01464844
v 0.07714842 -0.20214844 0.01464844
v 0.07714842 -0.20214844 0.01464844
v 0.07714842 -0.20214844 0.01464844
v 0.07714842 -0.20214844 0.01464844
v 0.07714842 -0.20410156 0.01660156
v 0.07714842 -0.20410156 0.01660156
v 0.07714842 -0.20410156 0.01660156
v 0.07714842 -0.20410156 0.01660156
v 0.07910154 -0.20410156 0.01855469
v 0.07910154 -0.20410156 0.01855469
v 0.07910154 -0.20410156 0.01855469
v 0.07910154 -0.20410156 0.01855469
v 0.07910154 -0.20605469 0.02050781
v 0.07910154 -0.20605469 0.02050781
v 0.07714842 -0.20605469 0.02050781
v 0.07714842 -0.20605469 0.02050781
v 0.07714842 -0.20605469 0.02050781
v 0.07714842 -0.20410156 0.02050781
v 0.07714842 -0.20410156 0.02050781
v 0.07714842 -0.20410156 0.02050781
v 0.07714842 -0.20410156 0.02050781
v 0.07714842 -0.20410156 0.02050781
v 0.05175779 -0.20214844 0.02050781
v 0.05175779 -0.20214844 0.02050781
v 0.02050779 -0.20214844 0.02050781
v 0.02050779 -0.20214844 0.02050781
v -0.01464846 -0.20214844 0.02050781
v -0.01464846 -0.20214844 0.02050781
v -0.05761721 -0.20214844 0.02050781
v -0.05761721 -0.20214844 0.02050781
v -0.05761721 -0.20214844 0.02050781
v -0.05761721 -0.20214844 0.02050781
v -0.05761721 -0.20019531 0.01855469
v -0.05761721 -0.20019531 0.01855469
v -0.05761721 -0.19824219 0.01660156
v -0.05761721 -0.19824219 0.01660156
v -0.05761721 -0.19824219 0.01660156
v -0.01660158 -0.20019531 0.01269531
v -0.01855471 -0.20019531 0.01074219
v -0.01855471 -0.20019531 0.00878906
v -0.05957033 -0.19824219 0.00878906
v -0.07519533 -0.19824219 0.00683594
v -0.07519533 -0.19824219 0.00488281
v -0.07519533 -0.19824219 0.00488281
v -0.07519533 -0.20019531 0.00488281
v -0.07519533 -0.20019531 0.00488281
v -0.07519533 -0.20019531 0.00488281
v -0.07519533 -0.20019531 0.00488281
v -0.07519533 -0.20019531 0.00488281
v -0.07519533 -0.20019531 0.00292969
v -0.07519533 -0.20019531 0.00292969
v -0.07519533 -0.20019531 0.00292969
v -0.07519533 -0.20019531 0.00292969
v -0.05761721 -0.20214844 0.00292969
v -0.05761721 -0.20214844 0.00292969
v -0.05761721 -0.20214844 0.00292969
v -0.01464846 -0.20214844 0.00292969
v -0.01464846 -0.20214844 0.00292969
v -0.01464846 -0.20214844 0.00292969
v -0.01269533 -0.20605469 0.00097656
v -0.01269533 -0.20800781 0.00097656
v -0.01269533 -0.20800781 0.00097656
v 0.02246092 -0.20800781 0.00097656
v 0.02050779 -0.20996094 0.00097656
v -0.01074221 -0.20800781 0.00097656
v -0.01074221 -0.20800781 0.00097656
v -0.01074221 -0.20996094 0.00097656
v -0.01660158 -0.22753906 0.00292969
v -0.01660158 -0.22753906 0.00292969
v 0.02050779 -0.22753906 0.00488281
v 0.05371092 -0.22949219 0.00292969
v 0.05371092 -0.22949219 0.00292969
v 0.05371092 -0.22949219 0.00292969
v 0.05566404 -0.20996094 0.00097656
v 0.07519529 -0.22949219 0.00488281
v 0.07519529 -0.22949219 0.00488281
v 0.07714842 -0.23535156 0.00683594
v 0.07714842 -0.23535156 0.00683594
v 0.07714842 -0.23535156 0.00683594
v 0.07714842 -0.23535156 0.00683594
v 0.07714842 -0.23535156 0.00878906
v 0.07714842 -0.23535156 0.00878906
v 0.07714842 -0.23535156 0.00878906
v 0.07714842 -0.23339844 0.02050781
v 0.07714842 -0.23339844 0.02050781
v 0.07714842 -0.23144531 0.02246094
v 0.07714842 -0.23144531 0.02246094
v 0.07910154 -0.23144531 0.02246094
v 0.07910154 -0.23144531 0.02246094
v 0.07910154 -0.23144531 0.02246094
v 0.07910154 -0.23144531 0.02246094
v 0.07714842 -0.22949219 0.02441406
v 0.07714842 -0.22949219 0.02441406
v 0.07714842 -0.20996094 0.02441406
v 0.07714842 -0.21191406 0.02441406
v 0.07910154 -0.21191406 0.02441406
v 0.07910154 -0.22949219 0.02441406
v 0.07910154 -0.22949219 0.02441406
v 0.07910154 -0.22949219 0.02441406
v 0.07910154 -0.21386719 0.02441406
v 0.07910154 -0.21386719 0.02441406
v 0.07910154 -0.21386719 0.02441406
v 0.07910154 -0.21386719 0.02441406
v 0.07910154 -0.21386719 0.02441406
v 0.07910154 -0.21386719 0.02441406
v 0.07910154 -0.21386719 0.02441406
v 0.07910154 -0.21386719 0.02441406
v 0.07910154 -0.20996094 0.02246094
v 0.07910154 -0.20996094 0.02246094
v 0.07910154 -0.20996094 0.02441406
v 0.07910154 -0.20996094 0.02441406
v 0.07910154 -0.20996094 0.02441406
v 0.07910154 -0.20800781 0.02246094
v 0.07910154 -0.20800781 0.02246094
v 0.07910154 -0.20800781 0.02246094
v 0.07910154 -0.20800781 0.02246094
v 0.07910154 -0.20800781 0.02246094
v 0.07910154 -0.20800781 0.02246094
v 0.07910154 -0.20800781 0.02246094
v 0.07910154 -0.20800781 0.02246094
v 0.07714842 -0.20800781 0.02246094
v 0.07714842 -0.20800781 0.02246094
v 0.07714842 -0.20800781 0.02246094
v 0.07714842 -0.20605469 0.02246094
v 0.07714842 -0.20605469 0.02246094
v 0.07714842 -0.20605469 0.02246094
v 0.07714842 -0.20605469 0.02246094
v 0.07714842 -0.20605469 0.02246094
v 0.07714842 -0.20605469 0.02246094
v 0.07714842 -0.20605469 0.02246094
v 0.05566404 -0.20605469 0.02441406
v 0.05566404 -0.20605469 0.02441406
v 0.05566404 -0.20605469 0.02441406
v 0.05175779 -0.20410156 0.02050781
v 0.05175779 -0.20410156 0.02050781
v 0.05175779 -0.20410156 0.02050781
v 0.02050779 -0.20410156 0.02050781
v 0.02050779 -0.20410156 0.02050781
v -0.01269533 -0.20605469 0.02246094
v -0.01269533 -0.20605469 0.02246094
v -0.01269533 -0.20605469 0.02246094
v -0.01269533 -0.20605469 0.02246094
v -0.05957033 -0.20605469 0.02246094
v -0.05957033 -0.20605469 0.02246094
v -0.05957033 -0.20605469 0.02246094
v -0.05957033 -0.20605469 0.02246094
v -0.07519533 -0.20214844 0.02050781
v -0.07519533 -0.20214844 0.02050781
v -0.07519533 -0.20214844 0.02050781
v -0.07519533 -0.20019531 0.01855469
v -0.07519533 -0.20019531 0.01855469
v -0.07519533 -0.19824219 0.01464844
v -0.05957033 -0.19824219 0.01269531
v -0.05957033 -0.19824219 0.01074219
v -0.07519533 -0.19824219 0.01074219
v -0.07519533 -0.19824219 0.01074219
v -0.07714846 -0.19824219 0.00683594
v -0.07714846 -0.19824219 0.00683594
v -0.07714846 -0.19824219 0.00683594
v -0.07714846 -0.19824219 0.00488281
v -0.07714846 -0.19824219 0.00488281
v -0.07714846 -0.19824219 0.00488281
v -0.07714846 -0.20019531 0.00488281
v -0.07714846 -0.20019531 0.00488281
v -0.07714846 -0.20019531 0.00488281
v -0.07714846 -0.20214844 0.00292969
v -0.07714846 -0.20214844 0.00292969
v -0.07714846 -0.20214844 0.00292969
v -0.07714846 -0.20214844 0.00292969
v -0.07714846 -0.20214844 0.00292969
v -0.07519533 -0.20410156 0.00097656
v -0.07519533 -0.20410156 0.00097656
v -0.07519533 -0.20410156 0.00097656
v -0.07519533 -0.20410156 0.00097656
v -0.07519533 -0.20410156 0.00097656
v -0.07519533 -0.20410156 0.00097656
v -0.05566408 -0.20410156 0.00097656
v -0.05566408 -0.20410156 0.00097656
v -0.05566408 -0.20605469 0.00097656
v -0.05566408 -0.20605469 0.00097656
v -0.05566408 -0.20800781 0.00097656
v -0.05957033 -0.22753906 0.00292969
v -0.05957033 -0.22753906 0.00292969
v -0.01855471 -0.23144531 0.00683594
v 0.02050779 -0.23339844 0.00683594
v 0.02050779 -0.23339844 0.00683594
v 0.05371092 -0.23339844 0.00683594
v 0.05371092 -0.23339844 0.00683594
v 0.05371092 -0.23339844 0.00683594
v 0.05371092 -0.23535156 0.00878906
v 0.05371092 -0.23535156 0.00878906
v 0.05566404 -0.23339844 0.02050781
v 0.05566404 -0.23339844 0.02050781
v 0.05566404 -0.23144531 0.02246094
v 0.05566404 -0.23144531 0.02246094
v 0.05371092 -0.22753906 0.02441406
v 0.05175779 -0.20996094 0.02441406
v 0.02050779 -0.22753906 0.02246094
v 0.02050779 -0.20996094 0.02441406
v -0.01074221 -0.20996094 0.02441406
v 0.02246092 -0.20800781 0.02441406
v 0.05566404 -0.20800781 0.02441406
v 0.05761717 -0.20800781 0.02441406
v 0.07714842 -0.20800781 0.02441406
v 0.07714842 -0.20800781 0.02441406
v 0.07714842 -0.20800781 0.02441406
v 0.07714842 -0.20800781 0.02441406
v 0.07714842 -0.20800781 0.02441406
v 0.05957029 -0.20800781 0.02441406
v 0.05761717 -0.20800781 0.02441406
v 0.05761717 -0.20800781 0.02441406
v 0.02246092 -0.20800781 0.02441406
v 0.02246092 -0.20800781 0.02441406
v 0.02246092 -0.20800781 0.02441406
v -0.01269533 -0.20800781 0.02441406
v -0.01269533 -0.20800781 0.02441406
v -0.01269533 -0.20800781 0.02441406
v -0.01074221 -0.20800781 0.02441406
v -0.01074221 -0.20800781 0.02441406
v -0.05761721 -0.20605469 0.02441406
v -0.05761721 -0.20605469 0.02441406
v -0.05761721 -0.20605469 0.02441406
v -0.05761721 -0.20605469 0.02441406
v -0.07519533 -0.20605469 0.02246094
v -0.07519533 -0.20605469 0.02246094
v -0.07519533 -0.20410156 0.02246094
v -0.07519533 -0.20410156 0.02246094
v -0.07519533 -0.20410156 0.02246094
v -0.07714846 -0.20410156 0.02246094
v -0.07714846 -0.20410156 0.02246094
v -0.07714846 -0.20410156 0.02246094
v -0.07714846 -0.20214844 0.02050781
v -0.07714846 -0.20214844 0.02050781
v -0.07714846 -0.20019531 0.01855469
v -0.07714846 -0.20019531 0.01855469
v -0.07714846 -0.20019531 0.01855469
v -0.07714846 -0.19824219 0.01464844
v -0.07714846 -0.19824219 0.01464844
v -0.07714846 -0.19824219 0.01464844
v -0.07519533 -0.19824219 0.01269531
v -0.07519533 -0.19824219 0.01269531
v -0.07519533 -0.19824219 0.01269531
v -0.07714846 -0.20019531 0.00878906
v -0.07714846 -0.20019531 0.00878906
v -0.07714846 -0.20019531 0.00683594
v -0.07714846 -0.20214844 0.00488281
v -0.07714846 -0.20410156 0.00292969
v -0.07714846 -0.20410156 0.00292969
v -0.07714846 -0.20410156 0.00292969
v -0.07714846 -0.20410156 0.00292969
v -0.07714846 -0.20410156 0.00292969
v -0.07714846 -0.20605469 0.00292969
v -0.07714846 -0.20605469 0.00292969
v -0.07714846 -0.20605469 0.00097656
v -0.07714846 -0.20605469 0.00097656
v -0.07714846 -0.20605469 0.00097656
v -0.07519533 -0.20605469 0.00097656
v -0.07519533 -0.20800781 0.00097656
v -0.07519533 -0.22753906 0.00292969
v -0.07519533 -0.22753906 0.00292969
v -0.07519533 -0.23144531 0.00683594
v -0.06152346 -0.23144531 0.00683594
v -0.01855471 -0.23339844 0.00878906
v -0.01855471 -0.23339844 0.00878906
v 0.02050779 -0.23535156 0.00878906
v 0.02050779 -0.23535156 0.00878906
v 0.02050779 -0.23339844 0.02050781
v 0.02050779 -0.23339844 0.02050781
v 0.02050779 -0.23144531 0.02246094
v 0.02050779 -0.23144531 0.02246094
v -0.01660158 -0.22753906 0.02246094
v -0.05566408 -0.20800781 0.02441406
v -0.07519533 -0.20605469 0.02441406
v -0.07519533 -0.20605469 0.02441406
v -0.07714846 -0.20800781 0.02246094
v -0.07714846 -0.20605469 0.02441406
v -0.07714846 -0.20605469 0.02441406
v -0.07714846 -0.20605469 0.02441406
v -0.07714846 -0.20605469 0.02246094
v -0.07714846 -0.20605469 0.02246094
v -0.07714846 -0.20605469 0.02246094
v -0.07714846 -0.20410156 0.02050781
v -0.07714846 -0.20214844 0.01855469
v -0.07714846 -0.20019531 0.01464844
v -0.07714846 -0.20019531 0.01464844
v -0.07714846 -0.20019531 0.01464844
v -0.07714846 -0.20019531 0.01269531
v -0.07714846 -0.20019531 0.01269531
v -0.07714846 -0.20800781 0.00097656
v -0.07714846 -0.20800781 0.00097656
v -0.07714846 -0.20800781 0.00097656
v -0.07714846 -0.20800781 0.00097656
v -0.07714846 -0.22753906 0.00292969
v -0.07714846 -0.22753906 0.00292969
v -0.07714846 -0.22753906 0.00292969
v -0.07714846 -0.23144531 0.00683594
v -0.07714846 -0.23144531 0.00683594
v -0.07714846 -0.23339844 0.00878906
v -0.07714846 -0.23339844 0.00878906
v -0.07714846 -0.23339844 0.00878906
v -0.07519533 -0.23339844 0.00878906
v -0.07519533 -0.23339844 0.00878906
v -0.06152346 -0.23339844 0.00878906
v -0.06152346 -0.23339844 0.00878906
v -0.01855471 -0.23339844 0.02050781
v -0.01855471 -0.23339844 0.02050781
v -0.01660158 -0.23144531 0.02246094
v -0.01660158 -0.23144531 0.02246094
v -0.05957033 -0.22558594 0.02441406
v -0.07519533 -0.20800781 0.02441406
v -0.07714846 -0.20800781 0.02441406
v -0.07714846 -0.20800781 0.02441406
v -0.07714846 -0.20800781 0.02441406
v -0.07714846 -0.22558594 0.02246094
v -0.07714846 -0.22558594 0.02246094
v -0.07714846 -0.20996094 0.02050781
v -0.07714846 -0.23144531 0.02050781
v -0.07714846 -0.23144531 0.02050781
v -0.07714846 -0.23144531 0.02050781
v -0.07519533 -0.23144531 0.02050781
v -0.07519533 -0.23144531 0.02050781
v -0.06152346 -0.23144531 0.02050781
v -0.06152346 -0.23144531 0.02050781
v -0.05957033 -0.22949219 0.02246094
v -0.05957033 -0.22949219 0.02246094
v -0.07519533 -0.22558594 0.02441406
v -0.07519533 -0.22558594 0.02441406
v -0.07714846 -0.22949219 0.02246094
v -0.07714846 -0.22949219 0.02246094
v -0.07714846 -0.22949219 0.02246094
v -0.07714846 -0.22949219 0.02246094
v -0.07519533 -0.22949219 0.02246094
v -0.07519533 -0.22949219 0.02246094
v 0.07910154 -0.29980469 0.00878906
v 0.07910154 -0.29980469 0.00878906
v 0.07910154 -0.29980469 0.00878906
v 0.07714842 -0.29785156 0.00683594
v 0.07714842 -0.29785156 0.00683594
v 0.07714842 -0.29785156 0.00683594
v 0.07714842 -0.29785156 0.00683594
v 0.07910154 -0.29589844 0.01074219
v 0.07910154 -0.29589844 0.01074219
v 0.07910154 -0.29589844 0.01074219
v 0.07910154 -0.29589844 0.01074219
v 0.07714842 -0.29589844 0.01074219
v 0.07714842 -0.29589844 0.01074219
v 0.07714842 -0.29589844 0.01074219
v 0.07714842 -0.29589844 0.01074219
v 0.07714842 -0.29589844 0.01074219
v 0.07714842 -0.29589844 0.01074219
v 0.07714842 -0.29589844 0.01074219
v 0.07910154 -0.29589844 0.01269531
v 0.07910154 -0.29394531 0.01269531
v 0.07910154 -0.29394531 0.01269531
v 0.07910154 -0.29394531 0.01269531
v 0.07910154 -0.29394531 0.01269531
v 0.07714842 -0.29394531 0.01074219
v 0.07714842 -0.29394531 0.01074219
v 0.07714842 -0.29394531 0.01074219
v 0.07714842 -0.29394531 0.01074219
v 0.07714842 -0.29394531 0.01269531
v 0.07714842 -0.29394531 0.01464844
v 0.07714842 -0.29394531 0.01855469
v 0.07714842 -0.29394531 0.02246094
v 0.07910154 -0.29394531 0.02246094
v 0.07910154 -0.29394531 0.02246094
v 0.07910154 -0.29394531 0.02441406
v 0.07910154 -0.29394531 0.02441406
v 0.07910154 -0.29394531 0.02441406
v 0.07910154 -0.29589844 0.02441406
v 0.07910154 -0.29785156 0.02636719
v 0.07910154 -0.29589844 0.02636719
v 0.07910154 -0.29589844 0.02636719
v 0.07714842 -0.29394531 0.02441406
v 0.07714842 -0.29394531 0.02441406
v 0.05761717 -0.29199219 0.02246094
v 0.05761717 -0.29199219 0.02246094
v 0.05761717 -0.29199219 0.02246094
v 0.05566404 -0.29199219 0.01855469
v 0.05566404 -0.29199219 0.01660156
v 0.05566404 -0.29199219 0.01269531
v 0.05566404 -0.29199219 0.01269531
v 0.05566404 -0.29394531 0.01074219
v 0.05566404 -0.29394531 0.01074219
v 0.05566404 -0.29394531 0.01074219
v 0.05566404 -0.29394531 0.00878906
v 0.05566404 -0.29394531 0.00878906
v 0.05566404 -0.29394531 0.00878906
v 0.05957029 -0.29980469 0.00683594
v 0.05957029 -0.29980469 0.00683594
v 0.06152342 -0.29980469 0.00683594
v 0.06152342 -0.29980469 0.00683594
v 0.06152342 -0.29980469 0.00683594
v 0.07714842 -0.29980469 0.00683594
v 0.07714842 -0.29980469 0.00683594
v 0.07714842 -0.29980469 0.00683594
v 0.07910154 -0.29589844 0.01464844
v 0.07910154 -0.29394531 0.01660156
v 0.07910154 -0.29394531 0.01660156
v 0.07910154 -0.29394531 0.02050781
v 0.07910154 -0.29394531 0.02050781
v 0.07910154 -0.29394531 0.01660156
v 0.07910154 -0.29394531 0.01855469
v 0.07910154 -0.30175781 0.00878906
v 0.07910154 -0.30175781 0.00878906
v 0.07910154 -0.30175781 0.00878906
v 0.07910154 -0.30175781 0.00878906
v 0.07910154 -0.32128906 0.03027344
v 0.07910154 -0.32128906 0.03027344
v 0.07910154 -0.32519531 0.02832031
v 0.07910154 -0.32519531 0.02832031
v 0.07910154 -0.32519531 0.02832031
v 0.07910154 -0.30761719 0.03027344
v 0.07910154 -0.32714844 0.02636719
v 0.07910154 -0.32714844 0.02636719
v 0.07910154 -0.32714844 0.02636719
v 0.07910154 -0.32714844 0.01464844
v 0.07910154 -0.32714844 0.01464844
v 0.07910154 -0.32714844 0.01269531
v 0.07910154 -0.32714844 0.01269531
v 0.07910154 -0.32714844 0.01269531
v 0.07910154 -0.32128906 0.01074219
v 0.07910154 -0.32128906 0.01074219
v 0.07910154 -0.29980469 0.02832031
v 0.07910154 -0.30175781 0.03027344
v 0.07910154 -0.30175781 0.03027344
v 0.07910154 -0.30175781 0.03027344
v 0.07910154 -0.30175781 0.03027344
v 0.07910154 -0.29980469 0.03027344
v 0.07910154 -0.29980469 0.03027344
v 0.07910154 -0.29980469 0.03027344
v 0.07910154 -0.29785156 0.02832031
v 0.07910154 -0.29785156 0.02832031
v 0.07910154 -0.29785156 0.02832031
v 0.07910154 -0.29785156 0.02832031
v 0.07910154 -0.29785156 0.02832031
v 0.07714842 -0.29589844 0.02636719
v 0.07714842 -0.29589844 0.02636719
v 0.07714842 -0.29589844 0.02636719
v 0.05761717 -0.29394531 0.02441406
v 0.05761717 -0.29394531 0.02441406
v 0.05761717 -0.29394531 0.02441406
v 0.02246092 -0.29394531 0.02636719
v 0.02246092 -0.29394531 0.02636719
v 0.02246092 -0.29394531 0.02636719
v 0.02246092 -0.29199219 0.02441406
v 0.02246092 -0.29199219 0.02441406
v 0.02246092 -0.29199219 0.02441406
v 0.02246092 -0.29199219 0.02050781
v 0.02050779 -0.29199219 0.01855469
v 0.02050779 -0.29199219 0.01464844
v 0.02050779 -0.29199219 0.01269531
v 0.02050779 -0.29199219 0.01269531
v 0.02050779 -0.29394531 0.01074219
v 0.02050779 -0.29394531 0.01074219
v 0.02441404 -0.29785156 0.00683594
v 0.02441404 -0.29785156 0.00683594
v 0.02246092 -0.29980469 0.00683594
v 0.02050779 -0.30175781 0.00683594
v -0.01074221 -0.29980469 0.00683594
v -0.01074221 -0.29980469 0.00683594
v 0.02246092 -0.32128906 0.01074219
v 0.05761717 -0.32128906 0.01074219
v 0.07714842 -0.32128906 0.01074219
v 0.07714842 -0.32128906 0.01074219
v 0.07714842 -0.32714844 0.01269531
v 0.07714842 -0.32714844 0.01269531
v 0.07714842 -0.32714844 0.01269531
v 0.07714842 -0.32714844 0.01464844
v 0.07714842 -0.32714844 0.02636719
v 0.07714842 -0.32714844 0.02636719
v 0.07714842 -0.32519531 0.02832031
v 0.07714842 -0.32519531 0.02832031
v 0.07714842 -0.32128906 0.03027344
v 0.07910154 -0.30566406 0.03222656
v 0.07910154 -0.30566406 0.03222656
v 0.07910154 -0.30371094 0.03222656
v 0.07910154 -0.30371094 0.03222656
v 0.07910154 -0.30371094 0.03222656
v 0.07910154 -0.30371094 0.03027344
v 0.07714842 -0.30175781 0.03222656
v 0.07714842 -0.30175781 0.03222656
v 0.07714842 -0.29980469 0.03027344
v 0.07714842 -0.29980469 0.03027344
v 0.07714842 -0.29980469 0.03027344
v 0.07714842 -0.29980469 0.03027344
v 0.07714842 -0.29980469 0.03027344
v 0.07714842 -0.29785156 0.03027344
v 0.07714842 -0.29785156 0.03027344
v 0.07714842 -0.29785156 0.03027344
v 0.07714842 -0.29785156 0.03027344
v 0.07714842 -0.29785156 0.03027344
v 0.05761717 -0.29589844 0.02832031
v 0.05761717 -0.29589844 0.02832031
v 0.02246092 -0.29589844 0.02832031
v -0.01660158 -0.29589844 0.02832031
v -0.01660158 -0.29589844 0.02832031
v -0.01660158 -0.29394531 0.02636719
v -0.01660158 -0.29199219 0.02441406
v -0.01660158 -0.29199219 0.02441406
v -0.01855471 -0.29199219 0.02050781
v -0.01855471 -0.29199219 0.01660156
v -0.01855471 -0.29199219 0.01464844
v -0.01660158 -0.29199219 0.01269531
v -0.01660158 -0.29199219 0.01269531
v -0.05957033 -0.29199219 0.01269531
v -0.05957033 -0.29199219 0.01269531
v -0.01660158 -0.29394531 0.01074219
v -0.01660158 -0.29394531 0.01074219
v -0.01660158 -0.29394531 0.01074219
v -0.01269533 -0.29785156 0.00683594
v -0.01269533 -0.29785156 0.00683594
v -0.01269533 -0.29785156 0.00683594
v -0.01269533 -0.29980469 0.00683594
v -0.01269533 -0.29980469 0.00683594
v -0.05566408 -0.29785156 0.00683594
v -0.05566408 -0.29785156 0.00683594
v -0.01660158 -0.31933594 0.00878906
v -0.01855471 -0.32519531 0.01269531
v -0.01855471 -0.32519531 0.01269531
v 0.02246092 -0.32519531 0.01269531
v 0.02246092 -0.32519531 0.01269531
v 0.05761717 -0.32519531 0.01269531
v 0.05761717 -0.32519531 0.01269531
v 0.05957029 -0.32714844 0.01464844
v 0.05957029 -0.32714844 0.01464844
v 0.05957029 -0.32714844 0.02636719
v 0.05957029 -0.32714844 0.02636719
v 0.05957029 -0.32519531 0.02832031
v 0.05957029 -0.32519531 0.02832031
v 0.05957029 -0.32128906 0.03027344
v -0.01074221 -0.30371094 0.03222656
v -0.01074221 -0.30371094 0.03222656
v 0.02246092 -0.32128906 0.03027344
v 0.02246092 -0.30371094 0.03222656
v 0.05566404 -0.30371094 0.03222656
v 0.07714842 -0.30371094 0.03222656
v 0.06347654 -0.30175781 0.03222656
v 0.06152342 -0.29980469 0.03222656
v 0.06152342 -0.29980469 0.03222656
v 0.06152342 -0.29980469 0.03222656
v 0.06152342 -0.29980469 0.03222656
v 0.02441404 -0.29980469 0.03222656
v 0.02441404 -0.29980469 0.03222656
v -0.01464846 -0.29980469 0.03222656
v -0.01464846 -0.29980469 0.03222656
v -0.01464846 -0.29980469 0.03222656
v -0.05957033 -0.29980469 0.03222656
v -0.05957033 -0.29980469 0.03222656
v -0.05957033 -0.29980469 0.03027344
v -0.05957033 -0.29980469 0.03027344
v -0.05957033 -0.29980469 0.03027344
v -0.05761721 -0.29589844 0.02832031
v -0.05761721 -0.29589844 0.02832031
v -0.07519533 -0.29589844 0.02832031
v -0.07519533 -0.29589844 0.02832031
v -0.05761721 -0.29394531 0.02636719
v -0.05761721 -0.29394531 0.02636719
v -0.05761721 -0.29394531 0.02636719
v -0.05957033 -0.29199219 0.02441406
v -0.05957033 -0.29199219 0.02441406
v -0.05957033 -0.29199219 0.02441406
v -0.05957033 -0.29199219 0.02050781
v -0.05957033 -0.29003906 0.01660156
v -0.05957033 -0.29003906 0.01464844
v -0.05957033 -0.29003906 0.01464844
v -0.07714846 -0.29003906 0.01464844
v -0.07714846 -0.29003906 0.01464844
v -0.07714846 -0.29003906 0.01464844
v -0.07714846 -0.29003906 0.01464844
v -0.07714846 -0.29003906 0.01269531
v -0.07714846 -0.29003906 0.01269531
v -0.07714846 -0.29003906 0.01269531
v -0.07714846 -0.29199219 0.01074219
v -0.07714846 -0.29199219 0.01074219
v -0.07519533 -0.29199219 0.01074219
v -0.05957033 -0.29199219 0.01074219
v -0.05957033 -0.29199219 0.01074219
v -0.05957033 -0.29199219 0.01074219
v -0.05761721 -0.29589844 0.00683594
v -0.05761721 -0.29589844 0.00683594
v -0.05761721 -0.29589844 0.00683594
v -0.07519533 -0.29785156 0.00683594
v -0.07519533 -0.29980469 0.00683594
v -0.05957033 -0.31933594 0.00878906
v -0.06152346 -0.32519531 0.01269531
v -0.06152346 -0.32519531 0.01269531
v -0.01855471 -0.32714844 0.01464844
v -0.01855471 -0.32714844 0.01464844
v 0.02246092 -0.32714844 0.01464844
v 0.02246092 -0.32714844 0.01464844
v 0.02246092 -0.32714844 0.02636719
v 0.02246092 -0.32714844 0.02636719
v 0.02246092 -0.32519531 0.02832031
v 0.02246092 -0.32519531 0.02832031
v -0.01660158 -0.32128906 0.03027344
v -0.05566408 -0.30175781 0.03222656
v -0.05566408 -0.30175781 0.03222656
v -0.05566408 -0.30175781 0.03222656
v -0.05761721 -0.30175781 0.03222656
v -0.05761721 -0.30175781 0.03222656
v -0.05761721 -0.30175781 0.03222656
v -0.01074221 -0.30175781 0.03222656
v 0.02246092 -0.30175781 0.03222656
v 0.05957029 -0.30175781 0.03222656
v 0.06152342 -0.30175781 0.03222656
v 0.02441404 -0.30175781 0.03222656
v -0.01269533 -0.30175781 0.03222656
v -0.05957033 -0.30175781 0.03222656
v -0.05957033 -0.30175781 0.03222656
v -0.07519533 -0.29980469 0.03027344
v -0.07519533 -0.29785156 0.03027344
v -0.07519533 -0.29785156 0.03027344
v -0.07519533 -0.29785156 0.03027344
v -0.07519533 -0.29785156 0.03027344
v -0.07714846 -0.29785156 0.03027344
v -0.07714846 -0.29785156 0.03027344
v -0.07714846 -0.29785156 0.03027344
v -0.07714846 -0.29589844 0.02832031
v -0.07714846 -0.29589844 0.02832031
v -0.07714846 -0.29589844 0.02832031
v -0.07714846 -0.29199219 0.02636719
v -0.07714846 -0.29199219 0.02636719
v -0.07714846 -0.29199219 0.02636719
v -0.07714846 -0.29199219 0.02636719
v -0.07714846 -0.29003906 0.02246094
v -0.07714846 -0.29003906 0.02246094
v -0.07714846 -0.29199219 0.02246094
v -0.07714846 -0.29003906 0.02050781
v -0.07714846 -0.29003906 0.02050781
v -0.07714846 -0.29003906 0.01660156
v -0.07714846 -0.29003906 0.01660156
v -0.07714846 -0.29199219 0.01464844
v -0.07714846 -0.29199219 0.01269531
v -0.07714846 -0.29394531 0.01074219
v -0.07714846 -0.29394531 0.01074219
v -0.07519533 -0.29589844 0.00683594
v -0.07519533 -0.29589844 0.00683594
v -0.07519533 -0.29589844 0.00683594
v -0.07519533 -0.29589844 0.00683594
v -0.07519533 -0.29589844 0.00683594
v -0.07714846 -0.29589844 0.00683594
v -0.07714846 -0.29589844 0.00683594
v -0.07714846 -0.29589844 0.00683594
v -0.07714846 -0.29785156 0.00683594
v -0.07714846 -0.29785156 0.00683594
v -0.07714846 -0.29980469 0.00683594
v -0.07714846 -0.29980469 0.00683594
v -0.07519533 -0.31933594 0.00878906
v -0.07519533 -0.31933594 0.00878906
v -0.07519533 -0.32519531 0.01269531
v -0.07519533 -0.32519531 0.01269531
v -0.06347658 -0.32714844 0.01464844
v -0.06347658 -0.32714844 0.01464844
v -0.01855471 -0.32519531 0.02636719
v -0.01855471 -0.32519531 0.02636719
v -0.01660158 -0.32519531 0.02832031
v -0.01660158 -0.32519531 0.02832031
v -0.01660158 -0.32519531 0.02832031
v -0.05957033 -0.31933594 0.03027344
v -0.07519533 -0.30175781 0.03027344
v -0.07519533 -0.30175781 0.03027344
v -0.07714846 -0.30175781 0.03027344
v -0.07714846 -0.30175781 0.03027344
v -0.07714846 -0.29980469 0.03027344
v -0.07714846 -0.29980469 0.03027344
v -0.07714846 -0.29785156 0.02832031
v -0.07714846 -0.29589844 0.02636719
v -0.07714846 -0.29394531 0.02441406
v -0.07714846 -0.29394531 0.02246094
v -0.07714846 -0.29199219 0.02050781
v -0.07714846 -0.29199219 0.01660156
v -0.07714846 -0.29589844 0.00878906
v -0.07714846 -0.29589844 0.00878906
v -0.07714846 -0.29589844 0.00878906
v -0.07714846 -0.29589844 0.00878906
v -0.07714846 -0.29785156 0.00878906
v -0.07714846 -0.29980469 0.00878906
v -0.07714846 -0.31933594 0.00878906
v -0.07714846 -0.31933594 0.00878906
v -0.07714846 -0.31933594 0.00878906
v -0.07714846 -0.32324219 0.01269531
v -0.07714846 -0.32324219 0.01269531
v -0.07714846 -0.32519531 0.01464844
v -0.07714846 -0.32519531 0.01464844
v -0.07714846 -0.32519531 0.01464844
v -0.07519533 -0.32714844 0.01464844
v -0.07519533 -0.32714844 0.01464844
v -0.07519533 -0.32714844 0.01464844
v -0.07519533 -0.32519531 0.02636719
v -0.07519533 -0.32519531 0.02636719
v -0.06347658 -0.32519531 0.02636719
v -0.06347658 -0.32519531 0.02636719
v -0.06152346 -0.32324219 0.02832031
v -0.06152346 -0.32324219 0.02832031
v -0.06152346 -0.32324219 0.02832031
v -0.07519533 -0.31933594 0.03027344
v -0.07714846 -0.31933594 0.03027344
v -0.07714846 -0.31933594 0.03027344
v -0.07714846 -0.30566406 0.02832031
v -0.07714846 -0.32519531 0.02636719
v -0.07714846 -0.32519531 0.02636719
v -0.07714846 -0.32519531 0.02636719
v -0.07714846 -0.32519531 0.02636719
v -0.07519533 -0.32324219 0.02832031
v -0.07519533 -0.32324219 0.02832031
v -0.07714846 -0.32324219 0.02832031
v -0.07714846 -0.32324219 0.02832031
v -0.07714846 -0.32324219 0.02832031
v -0.07324221 -0.38378906 0.03417969
v -0.07324221 -0.38183594 0.03417969
v -0.07324221 -0.38183594 0.03027344
v 0.02441404 -0.39160156 0.01464844
v 0.02636717 -0.38964844 0.01464844
v 0.07714842 -0.38574219 0.01855469
v 0.07714842 -0.38574219 0.01855469
v 0.07910154 -0.38378906 0.02050781
v 0.07910154 -0.38378906 0.02050781
v 0.07910154 -0.38378906 0.02050781
v 0.07910154 -0.38574219 0.01855469
v 0.07910154 -0.38574219 0.01855469
v 0.07910154 -0.38574219 0.01855469
v 0.07910154 -0.38574219 0.01855469
v 0.07910154 -0.38574219 0.01855469
v 0.07910154 -0.38574219 0.01855469
v 0.08105467 -0.38574219 0.01855469
v 0.08105467 -0.38574219 0.01855469
v 0.08105467 -0.38574219 0.01855469
v 0.07910154 -0.38574219 0.02050781
v 0.07910154 -0.38574219 0.02050781
v 0.07910154 -0.38574219 0.02050781
v 0.07910154 -0.38378906 0.02246094
v 0.07910154 -0.38378906 0.02246094
v 0.07910154 -0.38378906 0.02246094
v 0.07910154 -0.38378906 0.02246094
v 0.07910154 -0.38378906 0.02246094
v 0.07910154 -0.38378906 0.02246094
v 0.07910154 -0.38378906 0.02636719
v 0.05957029 -0.38183594 0.02441406
v 0.05957029 -0.38183594 0.02441406
v 0.05957029 -0.38378906 0.02246094
v 0.05957029 -0.38378906 0.02246094
v 0.05957029 -0.38378906 0.02050781
v 0.05957029 -0.38378906 0.02050781
v 0.05957029 -0.38378906 0.02050781
v 0.05957029 -0.38574219 0.01855469
v 0.05957029 -0.38574219 0.01855469
v 0.05957029 -0.38574219 0.01855469
v 0.05957029 -0.38574219 0.01660156
v 0.05957029 -0.38574219 0.01660156
v 0.05957029 -0.38574219 0.01660156
v 0.07714842 -0.38574219 0.01660156
v 0.07714842 -0.38574219 0.01660156
v 0.07714842 -0.38574219 0.01660156
v 0.08105467 -0.38964844 0.01660156
v 0.08105467 -0.38964844 0.01660156
v 0.08105467 -0.38964844 0.01660156
v 0.08105467 -0.38769531 0.01855469
v 0.08105467 -0.38769531 0.01855469
v 0.08105467 -0.38769531 0.01855469
v 0.08105467 -0.38574219 0.02050781
v 0.08105467 -0.38574219 0.02050781
v 0.08105467 -0.38574219 0.02050781
v 0.08105467 -0.38574219 0.02050781
v 0.08105467 -0.38574219 0.02246094
v 0.08105467 -0.38574219 0.02246094
v 0.08105467 -0.38378906 0.02636719
v 0.08105467 -0.38378906 0.02636719
v 0.08105467 -0.38378906 0.02636719
v 0.08105467 -0.38574219 0.03027344
v 0.08105467 -0.38378906 0.02832031
v 0.08105467 -0.38378906 0.02832031
v 0.08105467 -0.38574219 0.03222656
v 0.08105467 -0.38574219 0.03222656
v 0.08105467 -0.38574219 0.03222656
v 0.08105467 -0.38574219 0.03417969
v 0.08105467 -0.38574219 0.03417969
v 0.08105467 -0.38574219 0.03417969
v 0.08105467 -0.38574219 0.03417969
v 0.08105467 -0.38769531 0.03417969
v 0.08105467 -0.38769531 0.03417969
v 0.08105467 -0.38769531 0.03417969
v 0.08105467 -0.38964844 0.03613281
v 0.08105467 -0.38964844 0.03613281
v 0.08105467 -0.38964844 0.03613281
v 0.07910154 -0.38769531 0.03613281
v 0.07910154 -0.38769531 0.03613281
v 0.07910154 -0.38769531 0.03613281
v 0.07910154 -0.38769531 0.03613281
v 0.07910154 -0.38769531 0.03613281
v 0.07910154 -0.38769531 0.03613281
v 0.07910154 -0.38574219 0.03417969
v 0.07910154 -0.38574219 0.03417969
v 0.07910154 -0.38574219 0.03417969
v 0.07910154 -0.38378906 0.03222656
v 0.07910154 -0.38378906 0.03222656
v 0.07910154 -0.38378906 0.03222656
v 0.07910154 -0.38378906 0.02832031
v 0.07910154 -0.38378906 0.02832031
v 0.05957029 -0.38378906 0.02832031
v 0.02636717 -0.38183594 0.02832031
v 0.02636717 -0.38183594 0.02441406
v 0.02636717 -0.38183594 0.02441406
v 0.02636717 -0.38183594 0.02246094
v -0.05566408 -0.38183594 0.02246094
v -0.05566408 -0.38183594 0.02246094
v -0.05566408 -0.38183594 0.02246094
v -0.01464846 -0.38183594 0.02246094
v -0.01464846 -0.38183594 0.02246094
v -0.05566408 -0.38378906 0.02050781
v -0.05566408 -0.38378906 0.02050781
v -0.05566408 -0.38378906 0.02050781
v -0.01269533 -0.38378906 0.01855469
v -0.01269533 -0.38378906 0.01855469
v 0.02636717 -0.38378906 0.01855469
v 0.02636717 -0.38378906 0.01855469
v 0.02636717 -0.38378906 0.01855469
v 0.02636717 -0.38378906 0.01855469
v 0.02636717 -0.38378906 0.01855469
v 0.02636717 -0.38378906 0.01855469
v 0.02832029 -0.38964844 0.01464844
v 0.02832029 -0.38964844 0.01464844
v 0.02832029 -0.38964844 0.01464844
v 0.02832029 -0.38964844 0.01464844
v 0.06347654 -0.38964844 0.01464844
v 0.07910154 -0.38964844 0.01464844
v 0.07910154 -0.38964844 0.01464844
v 0.07910154 -0.38964844 0.01464844
v 0.07910154 -0.38964844 0.01464844
v 0.06152342 -0.38964844 0.01464844
v 0.06347654 -0.38964844 0.01464844
v 0.07910154 -0.39160156 0.01464844
v 0.07910154 -0.39160156 0.01464844
v 0.06542967 -0.38964844 0.01464844
v 0.08105467 -0.39160156 0.01660156
v 0.08105467 -0.39160156 0.01660156
v 0.08105467 -0.39160156 0.01660156
v 0.08105467 -0.41699219 0.03808594
v 0.08105467 -0.41699219 0.03808594
v 0.08105467 -0.41699219 0.03808594
v 0.08105467 -0.41699219 0.03613281
v 0.08105467 -0.41699219 0.03613281
v 0.08105467 -0.41699219 0.03613281
v 0.08105467 -0.39355469 0.03808594
v 0.08105467 -0.41894531 0.02246094
v 0.08105467 -0.41894531 0.02246094
v 0.08105467 -0.41894531 0.02246094
v 0.08105467 -0.41894531 0.02246094
v 0.08105467 -0.41308594 0.01855469
v 0.08105467 -0.41308594 0.01855469
v 0.08105467 -0.38964844 0.03808594
v 0.08105467 -0.38964844 0.03808594
v 0.08105467 -0.38964844 0.03808594
v 0.08105467 -0.38964844 0.03808594
v 0.08105467 -0.38964844 0.03808594
v 0.08105467 -0.38964844 0.03808594
v 0.07910154 -0.38964844 0.03808594
v 0.07910154 -0.38964844 0.03808594
v 0.07910154 -0.38964844 0.03808594
v 0.08105467 -0.41308594 0.03808594
v 0.08105467 -0.41308594 0.03808594
v 0.08105467 -0.39355469 0.03808594
v 0.08105467 -0.39355469 0.04003906
v 0.08105467 -0.39355469 0.04003906
v 0.08105467 -0.39160156 0.04003906
v 0.08105467 -0.39160156 0.04003906
v 0.08105467 -0.39160156 0.04003906
v 0.08105467 -0.39160156 0.03808594
v 0.07910154 -0.38964844 0.04003906
v 0.07910154 -0.38964844 0.04003906
v 0.07910154 -0.38964844 0.04003906
v 0.07910154 -0.38964844 0.04003906
v 0.07910154 -0.38964844 0.04003906
v 0.07910154 -0.38769531 0.03808594
v 0.07910154 -0.38769531 0.03808594
v 0.07910154 -0.38769531 0.03808594
v 0.07910154 -0.38769531 0.03808594
v 0.07910154 -0.38769531 0.03808594
v 0.07910154 -0.38574219 0.03613281
v 0.07910154 -0.38574219 0.03613281
v 0.07910154 -0.38574219 0.03613281
v 0.06152342 -0.38378906 0.03417969
v 0.06152342 -0.38378906 0.03417969
v 0.05957029 -0.38378906 0.03222656
v 0.05957029 -0.38378906 0.03222656
v 0.02636717 -0.38378906 0.03222656
v -0.01269533 -0.38183594 0.03027344
v -0.01269533 -0.38183594 0.03027344
v -0.01464846 -0.38183594 0.02832031
v -0.01464846 -0.38183594 0.02441406
v -0.05761721 -0.38183594 0.02441406
v -0.07324221 -0.38183594 0.02246094
v -0.07324221 -0.38183594 0.02246094
v -0.07324221 -0.38183594 0.02246094
v -0.07324221 -0.38183594 0.02050781
v -0.07324221 -0.38183594 0.02050781
v -0.07324221 -0.38183594 0.02050781
v -0.07324221 -0.38183594 0.02050781
v -0.07324221 -0.38183594 0.02050781
v -0.05566408 -0.38378906 0.01855469
v -0.05566408 -0.38378906 0.01855469
v -0.05371096 -0.38574219 0.01660156
v -0.01269533 -0.38574219 0.01660156
v -0.00878908 -0.38769531 0.01464844
v -0.00878908 -0.38769531 0.01464844
v -0.00878908 -0.38769531 0.01464844
v -0.00878908 -0.38964844 0.01464844
v -0.01269533 -0.41308594 0.01855469
v -0.01269533 -0.41308594 0.01855469
v 0.02636717 -0.41308594 0.01855469
v 0.02636717 -0.41308594 0.01855469
v 0.06152342 -0.41308594 0.01855469
v 0.06152342 -0.41308594 0.01855469
v 0.07910154 -0.41308594 0.01855469
v 0.07910154 -0.41308594 0.01855469
v 0.07910154 -0.41894531 0.02246094
v 0.07910154 -0.41894531 0.02246094
v 0.07910154 -0.41894531 0.03613281
v 0.07910154 -0.41894531 0.03613281
v 0.07910154 -0.41894531 0.03613281
v 0.07910154 -0.41699219 0.03808594
v 0.07910154 -0.41699219 0.03808594
v 0.07910154 -0.41699219 0.03808594
v 0.07910154 -0.41699219 0.03808594
v 0.07910154 -0.41699219 0.03808594
v 0.07910154 -0.41308594 0.03808594
v 0.07910154 -0.39160156 0.04003906
v 0.06542967 -0.38964844 0.04003906
v 0.05761717 -0.39160156 0.04003906
v 0.06152342 -0.38964844 0.04003906
v 0.06152342 -0.38964844 0.04003906
v 0.06347654 -0.38769531 0.04003906
v 0.06347654 -0.38769531 0.04003906
v 0.06347654 -0.38769531 0.04003906
v 0.06347654 -0.38769531 0.04003906
v 0.06542967 -0.38769531 0.04003906
v 0.06542967 -0.38769531 0.04003906
v 0.06347654 -0.38769531 0.03808594
v 0.06347654 -0.38769531 0.03808594
v 0.06152342 -0.38574219 0.03613281
v 0.02636717 -0.38378906 0.03417969
v 0.02636717 -0.38378906 0.03417969
v -0.01269533 -0.38378906 0.03417969
v -0.01269533 -0.38378906 0.03417969
v -0.01269533 -0.38378906 0.03417969
v -0.05566408 -0.38378906 0.03417969
v -0.05566408 -0.38378906 0.03417969
v -0.05566408 -0.38378906 0.03417969
v -0.05566408 -0.38183594 0.03222656
v -0.05566408 -0.38183594 0.03222656
v -0.05566408 -0.38183594 0.03222656
v -0.05761721 -0.38183594 0.02832031
v -0.07324221 -0.38183594 0.02832031
v -0.07324221 -0.38183594 0.02441406
v -0.07324221 -0.38183594 0.02441406
v -0.07519533 -0.38183594 0.02246094
v -0.07519533 -0.38183594 0.02246094
v -0.07519533 -0.38183594 0.02246094
v -0.07519533 -0.38183594 0.02246094
v -0.07324221 -0.38378906 0.02050781
v -0.07324221 -0.38378906 0.02050781
v -0.07324221 -0.38378906 0.02050781
v -0.07519533 -0.38378906 0.01855469
v -0.07519533 -0.38378906 0.01855469
v -0.07519533 -0.38378906 0.01855469
v -0.07324221 -0.38378906 0.01855469
v -0.07324221 -0.38378906 0.01855469
v -0.07324221 -0.38378906 0.01855469
v -0.07324221 -0.38378906 0.01855469
v -0.07324221 -0.38574219 0.01660156
v -0.07324221 -0.38574219 0.01660156
v -0.07324221 -0.38574219 0.01660156
v -0.07324221 -0.38574219 0.01464844
v -0.07324221 -0.38574219 0.01464844
v -0.07324221 -0.38574219 0.01464844
v -0.05371096 -0.38769531 0.01464844
v -0.05371096 -0.38769531 0.01464844
v -0.05371096 -0.38769531 0.01464844
v -0.05175783 -0.38964844 0.01464844
v -0.05566408 -0.41308594 0.01855469
v -0.05566408 -0.41308594 0.01855469
v -0.01464846 -0.41699219 0.02246094
v -0.01464846 -0.41699219 0.02246094
v -0.01464846 -0.41699219 0.02246094
v 0.02636717 -0.41699219 0.02246094
v 0.02636717 -0.41699219 0.02246094
v 0.06152342 -0.41699219 0.02050781
v 0.06152342 -0.41699219 0.02050781
v 0.06152342 -0.41699219 0.02050781
v 0.06152342 -0.41894531 0.02441406
v 0.06347654 -0.41699219 0.03613281
v 0.06347654 -0.41699219 0.03613281
v 0.06347654 -0.41699219 0.03808594
v 0.06347654 -0.41699219 0.03808594
v 0.06347654 -0.41699219 0.03808594
v 0.06152342 -0.41113281 0.03808594
v 0.02636717 -0.41113281 0.03808594
v 0.02636717 -0.39160156 0.04003906
v -0.00878908 -0.39160156 0.04003906
v 0.02832029 -0.38964844 0.04003906
v 0.02832029 -0.38964844 0.04003906
v 0.02832029 -0.38769531 0.03808594
v 0.02832029 -0.38769531 0.03808594
v 0.02832029 -0.38769531 0.03808594
v 0.02636717 -0.38574219 0.03613281
v -0.01269533 -0.38574219 0.03613281
v -0.01269533 -0.38574219 0.03613281
v -0.01269533 -0.38574219 0.03613281
v -0.05566408 -0.38378906 0.03613281
v -0.05566408 -0.38378906 0.03613281
v -0.05566408 -0.38378906 0.03613281
v -0.07324221 -0.38574219 0.03613281
v -0.07324221 -0.38574219 0.03613281
v -0.07324221 -0.38574219 0.03613281
v -0.07324221 -0.38378906 0.03417969
v -0.07324221 -0.38378906 0.03417969
v -0.07324221 -0.38183594 0.03027344
v -0.07324221 -0.38183594 0.03027344
v -0.07519533 -0.38183594 0.03027344
v -0.07519533 -0.38183594 0.03027344
v -0.07519533 -0.38183594 0.03027344
v -0.07324221 -0.38183594 0.02636719
v -0.07324221 -0.38183594 0.02636719
v -0.07324221 -0.38183594 0.02636719
v -0.07519533 -0.38378906 0.03027344
v -0.07519533 -0.38378906 0.03027344
v -0.07519533 -0.38378906 0.02636719
v -0.07519533 -0.38378906 0.02636719
v -0.07519533 -0.38378906 0.02441406
v -0.07519533 -0.38378906 0.02441406
v -0.07519533 -0.38378906 0.02246094
v -0.07519533 -0.38378906 0.02050781
v -0.07519533 -0.38378906 0.02050781
v -0.07519533 -0.38378906 0.02050781
v -0.07519533 -0.38574219 0.01855469
v -0.07519533 -0.38574219 0.01855469
v -0.07519533 -0.38574219 0.01855469
v -0.07519533 -0.38769531 0.01660156
v -0.07519533 -0.38769531 0.01660156
v -0.07519533 -0.38769531 0.01660156
v -0.07324221 -0.38769531 0.01464844
v -0.07324221 -0.38769531 0.01464844
v -0.07324221 -0.38769531 0.01464844
v -0.07324221 -0.38769531 0.01464844
v -0.07324221 -0.38964844 0.01464844
v -0.07324221 -0.38964844 0.01464844
v -0.07128908 -0.41308594 0.01855469
v -0.07128908 -0.41308594 0.01855469
v -0.05761721 -0.41699219 0.02050781
v -0.05761721 -0.41699219 0.02050781
v -0.05761721 -0.41699219 0.02050781
v -0.01464846 -0.41894531 0.02441406
v -0.01464846 -0.41894531 0.02441406
v -0.01464846 -0.41894531 0.02441406
v 0.02636717 -0.41894531 0.02441406
v 0.02636717 -0.41894531 0.02441406
v 0.02636717 -0.41699219 0.03613281
v 0.02636717 -0.41699219 0.03613281
v 0.02636717 -0.41503906 0.03808594
v 0.02636717 -0.41503906 0.03808594
v -0.01269533 -0.41113281 0.03808594
v -0.05175783 -0.39160156 0.04003906
v -0.05371096 -0.38964844 0.04003906
v -0.05371096 -0.38964844 0.04003906
v -0.00878908 -0.38964844 0.04003906
v -0.00878908 -0.38964844 0.04003906
v -0.07128908 -0.38769531 0.03808594
v -0.07128908 -0.38769531 0.03808594
v -0.05566408 -0.38964844 0.04003906
v -0.05566408 -0.38964844 0.04003906
v -0.05566408 -0.38964844 0.04003906
v -0.05761721 -0.38769531 0.03808594
v -0.01074221 -0.38769531 0.03808594
v -0.05566408 -0.38769531 0.03808594
v -0.05566408 -0.38769531 0.03808594
v -0.05566408 -0.38769531 0.03808594
v -0.05761721 -0.38769531 0.03808594
v -0.07324221 -0.38769531 0.03808594
v -0.07324221 -0.38769531 0.03808594
v -0.07519533 -0.38964844 0.03808594
v -0.07519533 -0.38964844 0.03808594
v -0.07519533 -0.38769531 0.03808594
v -0.07519533 -0.38769531 0.03808594
v -0.07519533 -0.38769531 0.03808594
v -0.07519533 -0.38769531 0.03613281
v -0.07519533 -0.38769531 0.03613281
v -0.07519533 -0.38574219 0.03417969
v -0.07519533 -0.38574219 0.03417969
v -0.07519533 -0.38378906 0.03222656
v -0.07519533 -0.38378906 0.03222656
v -0.07519533 -0.39160156 0.01660156
v -0.07519533 -0.39160156 0.01660156
v -0.07519533 -0.39160156 0.01660156
v -0.07519533 -0.41308594 0.01855469
v -0.07519533 -0.41308594 0.01855469
v -0.07519533 -0.41699219 0.02050781
v -0.07519533 -0.41699219 0.02050781
v -0.07519533 -0.41699219 0.02050781
v -0.07128908 -0.41699219 0.02050781
v -0.07128908 -0.41699219 0.02050781
v -0.05957033 -0.41894531 0.02246094
v -0.05957033 -0.41894531 0.02246094
v -0.05957033 -0.41894531 0.02246094
v -0.01464846 -0.41699219 0.03613281
v -0.01464846 -0.41699219 0.03613281
v -0.01269533 -0.41503906 0.03808594
v -0.01269533 -0.41503906 0.03808594
v -0.05566408 -0.41113281 0.03808594
v -0.07128908 -0.38964844 0.03808594
v -0.07128908 -0.38964844 0.03808594
v -0.07324221 -0.38964844 0.03808594
v -0.07519533 -0.41113281 0.03808594
v -0.07519533 -0.41113281 0.03808594
v -0.07519533 -0.39355469 0.03613281
v -0.07519533 -0.41894531 0.02246094
v -0.07519533 -0.41894531 0.02246094
v -0.07519533 -0.41894531 0.02246094
v -0.07128908 -0.41894531 0.02246094
v -0.07128908 -0.41894531 0.02246094
v -0.07128908 -0.41699219 0.03613281
v -0.07128908 -0.41699219 0.03613281
v -0.05957033 -0.41699219 0.03613281
v -0.05957033 -0.41699219 0.03613281
v -0.05761721 -0.41503906 0.03808594
v -0.05761721 -0.41503906 0.03808594
v -0.07128908 -0.41113281 0.03808594
v -0.07519533 -0.41503906 0.03808594
v -0.07519533 -0.41503906 0.03808594
v -0.07519533 -0.41503906 0.03808594
v -0.07519533 -0.41699219 0.03613281
v -0.07519533 -0.41699219 0.03613281
v -0.07519533 -0.41699219 0.03613281
v -0.07128908 -0.41503906 0.03808594
v -0.07128908 -0.41503906 0.03808594
v -0.08691408 0.48925781 -0.02246094
v -0.08691408 0.48925781 -0.02246094
v -0.08691408 0.48925781 -0.02246094
v -0.08691408 0.49121094 -0.02636719
v -0.08691408 0.49121094 -0.02636719
v -0.10449221 0.48925781 -0.02246094
v -0.10449221 0.48925781 -0.02246094
v -0.10449221 0.49121094 -0.02636719
v -0.10449221 0.49121094 -0.02636719
v -0.10449221 0.49121094 -0.03027344
v -0.08691408 0.49121094 -0.03027344
v -0.10449221 0.49121094 -0.03417969
v -0.08691408 0.49121094 -0.03417969
v -0.08691408 0.49316406 -0.05175781
v -0.08691408 0.49316406 -0.05175781
v -0.08691408 0.49316406 -0.05175781
v -0.08496096 0.49121094 -0.03417969
v -0.08496096 0.49121094 -0.03417969
v -0.08496096 0.49121094 -0.03027344
v -0.08496096 0.49121094 -0.03027344
v -0.08300783 0.48925781 -0.02636719
v -0.08300783 0.48925781 -0.02636719
v -0.08300783 0.48925781 -0.02636719
v -0.08300783 0.48925781 -0.02636719
v -0.08496096 0.48730469 -0.02246094
v -0.08496096 0.48730469 -0.02246094
v -0.08300783 0.48339844 -0.01855469
v -0.08300783 0.48339844 -0.01855469
v -0.08300783 0.48339844 -0.01855469
v -0.08300783 0.48339844 -0.01855469
v -0.08691408 0.48535156 -0.01855469
v -0.08691408 0.48535156 -0.01855469
v -0.08691408 0.48535156 -0.01855469
v -0.10449221 0.48535156 -0.01855469
v -0.10449221 0.48535156 -0.01855469
v -0.10839846 0.48339844 -0.01855469
v -0.10839846 0.48339844 -0.01855469
v -0.10839846 0.48339844 -0.01855469
v -0.10839846 0.48730469 -0.02246094
v -0.10839846 0.48730469 -0.02246094
v -0.10839846 0.48925781 -0.02636719
v -0.10839846 0.48925781 -0.02636719
v -0.10839846 0.48925781 -0.02636719
v -0.10839846 0.49121094 -0.03027344
v -0.10839846 0.49121094 -0.03027344
v -0.10839846 0.49121094 -0.03417969
v -0.10839846 0.49121094 -0.03417969
v -0.10449221 0.49316406 -0.05175781
v -0.10449221 0.49316406 -0.05175781
v -0.10644533 0.49121094 -0.05371094
v -0.10644533 0.49121094 -0.05371094
v -0.10644533 0.49121094 -0.05371094
v -0.10644533 0.49121094 -0.05371094
v -0.08691408 0.49121094 -0.05371094
v -0.08691408 0.49121094 -0.05371094
v -0.08691408 0.49121094 -0.05371094
v -0.08691408 0.49121094 -0.05371094
v -0.08691408 0.49121094 -0.05371094
v -0.08691408 0.49121094 -0.05371094
v -0.08691408 0.49121094 -0.05566406
v -0.08691408 0.49121094 -0.05566406
v -0.08691408 0.49121094 -0.05566406
v -0.10449221 0.49121094 -0.05566406
v -0.10449221 0.49121094 -0.05566406
v -0.10449221 0.49121094 -0.05566406
v -0.10644533 0.48925781 -0.05566406
v -0.10644533 0.48925781 -0.05566406
v -0.10644533 0.48925781 -0.05566406
v -0.08691408 0.48925781 -0.05566406
v -0.08691408 0.48925781 -0.05566406
v -0.08691408 0.48925781 -0.05566406
v -0.08300783 0.48925781 -0.05566406
v -0.08300783 0.48925781 -0.05566406
v -0.08300783 0.48925781 -0.05566406
v -0.08300783 0.48925781 -0.05566406
v -0.08496096 0.49121094 -0.05371094
v -0.08496096 0.49121094 -0.05371094
v -0.08496096 0.49121094 -0.05371094
v -0.08496096 0.49121094 -0.05175781
v -0.08496096 0.49121094 -0.05175781
v -0.08300783 0.48925781 -0.03613281
v -0.08300783 0.48925781 -0.03613281
v -0.08300783 0.48925781 -0.03222656
v -0.08300783 0.48925781 -0.03222656
v -0.08300783 0.48730469 -0.02832031
v -0.08300783 0.48535156 -0.02441406
v -0.08300783 0.48535156 -0.02441406
v -0.08300783 0.48339844 -0.02050781
v -0.08300783 0.48339844 -0.02050781
v -0.08300783 0.47949219 -0.01855469
v -0.08300783 0.47949219 -0.01855469
v -0.08300783 0.47949219 -0.01855469
v -0.08496096 0.47949219 -0.01660156
v -0.08496096 0.47949219 -0.01660156
v -0.08496096 0.47949219 -0.01660156
v -0.08691408 0.47949219 -0.01660156
v -0.08691408 0.47949219 -0.01660156
v -0.10449221 0.47949219 -0.01660156
v -0.10449221 0.47949219 -0.01660156
v -0.10839846 0.47949219 -0.01660156
v -0.10839846 0.47949219 -0.01660156
v -0.10839846 0.47949219 -0.01855469
v -0.10839846 0.48339844 -0.02050781
v -0.10839846 0.48535156 -0.02441406
v -0.10839846 0.48730469 -0.02832031
v -0.10839846 0.48925781 -0.03222656
v -0.10839846 0.48925781 -0.03613281
v -0.10839846 0.49121094 -0.05175781
v -0.10839846 0.49121094 -0.05175781
v -0.10839846 0.49121094 -0.05175781
v -0.10839846 0.49121094 -0.05175781
v -0.10839846 0.49121094 -0.05371094
v -0.10839846 0.49121094 -0.05371094
v -0.10839846 0.49121094 -0.05371094
v -0.10839846 0.48925781 -0.05566406
v -0.10839846 0.48925781 -0.05566406
v -0.10839846 0.48925781 -0.05566406
v -0.10839846 0.48730469 -0.05566406
v -0.10839846 0.48730469 -0.05566406
v -0.10644533 0.48730469 -0.05566406
v -0.10644533 0.48730469 -0.05566406
v -0.08496096 0.48925781 -0.05566406
v -0.08496096 0.48730469 -0.05566406
v -0.08496096 0.48730469 -0.05566406
v -0.08300783 0.48730469 -0.05566406
v -0.08300783 0.48730469 -0.05566406
v -0.08300783 0.48730469 -0.05175781
v -0.08300783 0.48925781 -0.05175781
v -0.08300783 0.48925781 -0.05175781
v -0.08300783 0.48925781 -0.05175781
v -0.08300783 0.47167969 -0.05175781
v -0.08300783 0.47167969 -0.05175781
v -0.08300783 0.47167969 -0.05175781
v -0.08300783 0.47558594 -0.01855469
v -0.08300783 0.47558594 -0.01660156
v -0.08300783 0.47558594 -0.01660156
v -0.08300783 0.47558594 -0.01660156
v -0.08300783 0.47558594 -0.01660156
v -0.08300783 0.47558594 -0.01660156
v -0.08691408 0.47558594 -0.01464844
v -0.08691408 0.47558594 -0.01464844
v -0.10449221 0.47558594 -0.01464844
v -0.10449221 0.47558594 -0.01464844
v -0.10839846 0.47558594 -0.01660156
v -0.10839846 0.47558594 -0.01660156
v -0.10839846 0.47558594 -0.01660156
v -0.10839846 0.47558594 -0.01660156
v -0.10839846 0.47558594 -0.01855469
v -0.10839846 0.48925781 -0.05175781
v -0.10839846 0.48730469 -0.05175781
v -0.10839846 0.47167969 -0.05175781
v -0.10839846 0.47167969 -0.05371094
v -0.10839846 0.47167969 -0.05371094
v -0.10839846 0.47167969 -0.05371094
v -0.10644533 0.47167969 -0.05566406
v -0.10644533 0.47167969 -0.05566406
v -0.08496096 0.47167969 -0.05566406
v -0.08496096 0.47167969 -0.05566406
v -0.08300783 0.47167969 -0.05371094
v -0.08300783 0.47167969 -0.05371094
v -0.08300783 0.47167969 -0.05371094
v -0.08300783 0.35644531 -0.04589844
v -0.08300783 0.35644531 -0.04589844
v -0.08300783 0.35644531 -0.04589844
v -0.08300783 0.35644531 -0.04589844
v -0.08300783 0.35644531 -0.04589844
v -0.08105471 0.24511719 -0.03613281
v -0.08105471 0.24511719 -0.03613281
v -0.08105471 0.35644531 -0.04394531
v -0.08105471 0.35644531 -0.04394531
v -0.08300783 0.35839844 -0.01074219
v -0.08300783 0.35839844 -0.00878906
v -0.08300783 0.35839844 -0.00878906
v -0.08496096 0.35839844 -0.00878906
v -0.10449221 0.36035156 -0.00878906
v -0.10839846 0.36035156 -0.00878906
v -0.10839846 0.36035156 -0.00878906
v -0.10839846 0.36035156 -0.00878906
v -0.10839846 0.36035156 -0.01074219
v -0.10839846 0.35644531 -0.04394531
v -0.10839846 0.35644531 -0.04589844
v -0.10839846 0.35644531 -0.04589844
v -0.10839846 0.35644531 -0.04589844
v -0.10839846 0.35644531 -0.04589844
v -0.10644533 0.35644531 -0.04785156
v -0.10644533 0.35644531 -0.04785156
v -0.08496096 0.35644531 -0.04785156
v -0.08496096 0.35644531 -0.04785156
v -0.08300783 0.24316406 -0.03808594
v -0.08300783 0.24316406 -0.03808594
v -0.08105471 0.24316406 -0.03808594
v -0.08105471 0.24316406 -0.03808594
v -0.08105471 0.16308594 -0.03222656
v -0.08105471 0.16308594 -0.03222656
v -0.08105471 0.16308594 -0.03222656
v -0.08105471 0.16308594 -0.03027344
v -0.08105471 0.16699219 0.00292969
v -0.08105471 0.24707031 -0.00292969
v -0.08105471 0.24707031 -0.00097656
v -0.08105471 0.24707031 -0.00097656
v -0.08496096 0.24707031 -0.00097656
v -0.10449221 0.24707031 -0.00097656
v -0.10644533 0.24707031 -0.00097656
v -0.10644533 0.24707031 -0.00097656
v -0.10839846 0.24707031 -0.00292969
v -0.10839846 0.24707031 -0.00292969
v -0.10839846 0.24511719 -0.03613281
v -0.10839846 0.24511719 -0.03613281
v -0.10644533 0.24316406 -0.03808594
v -0.10644533 0.24316406 -0.03808594
v -0.10449221 0.24316406 -0.03808594
v -0.10449221 0.24316406 -0.03808594
v -0.08300783 0.16308594 -0.03222656
v -0.08300783 0.08300782 -0.02636719
v -0.08105471 0.08300782 -0.02636719
v -0.08105471 0.08300782 -0.02636719
v -0.07910158 0.08300782 -0.02441406
v -0.07910158 0.08300782 -0.02441406
v -0.07910158 0.08691407 0.00683594
v -0.08105471 0.16699219 0.00488281
v -0.08105471 0.16699219 0.00488281
v -0.08300783 0.16699219 0.00488281
v -0.10449221 0.16699219 0.00488281
v -0.10644533 0.16699219 0.00488281
v -0.10644533 0.16699219 0.00488281
v -0.10644533 0.16699219 0.00488281
v -0.10644533 0.16699219 0.00292969
v -0.10644533 0.16308594 -0.03027344
v -0.10644533 0.16308594 -0.03222656
v -0.10644533 0.16308594 -0.03222656
v -0.10644533 0.16308594 -0.03222656
v -0.10449221 0.16308594 -0.03222656
v -0.10449221 0.08300782 -0.02636719
v -0.08105471 -0.01074218 -0.02050781
v -0.08105471 -0.01074218 -0.02050781
v -0.07910158 -0.01074218 -0.01855469
v -0.07910158 -0.01074218 -0.01855469
v -0.07910158 -0.01074218 -0.01660156
v -0.07910158 -0.00683593 0.01464844
v -0.08105471 0.08691407 0.01074219
v -0.08105471 0.08691407 0.01074219
v -0.08300783 0.08691407 0.01074219
v -0.10253908 0.08691407 0.01074219
v -0.10644533 0.08691407 0.01074219
v -0.10644533 0.08691407 0.01074219
v -0.10644533 0.08691407 0.00683594
v -0.10644533 0.08691407 0.00683594
v -0.10644533 0.08300782 -0.02441406
v -0.10644533 0.08300782 -0.02636719
v -0.10644533 0.08300782 -0.02636719
v -0.10644533 0.08300782 -0.02636719
v -0.10253908 -0.01074218 -0.02050781
v -0.10253908 -0.01074218 -0.02050781
v -0.07910158 -0.10449219 -0.01269531
v -0.07910158 -0.10449219 -0.01269531
v -0.07714846 -0.19824219 -0.00292969
v -0.07714846 -0.19824219 -0.00488281
v -0.07714846 -0.19824219 -0.00488281
v -0.07714846 -0.10449219 -0.01074219
v -0.07714846 -0.10449219 -0.01074219
v -0.07714846 -0.10058594 0.02050781
v -0.07910158 -0.00683593 0.01660156
v -0.07910158 -0.00683593 0.01660156
v -0.08105471 -0.00683593 0.01660156
v -0.10253908 -0.00683593 0.01660156
v -0.10449221 -0.00683593 0.01660156
v -0.10449221 -0.00683593 0.01660156
v -0.10449221 -0.00683593 0.01660156
v -0.10644533 -0.00683593 0.01464844
v -0.10644533 -0.00683593 0.01464844
v -0.10644533 -0.01074218 -0.01660156
v -0.10644533 -0.01074218 -0.01660156
v -0.10449221 -0.01074218 -0.01855469
v -0.10449221 -0.01074218 -0.01855469
v -0.10449221 -0.10449219 -0.01269531
v -0.10449221 -0.10449219 -0.01269531
v -0.10449221 -0.10449219 -0.01269531
v -0.10449221 -0.10449219 -0.01269531
v -0.10253908 -0.10449219 -0.01269531
v -0.10253908 -0.10449219 -0.01269531
v -0.10058596 -0.19824219 -0.00683594
v -0.10058596 -0.19824219 -0.00683594
v -0.07910158 -0.19824219 -0.00683594
v -0.07910158 -0.19824219 -0.00683594
v -0.07519533 -0.29199219 0.00097656
v -0.07519533 -0.29199219 0.00097656
v -0.07519533 -0.29199219 0.00097656
v -0.07714846 -0.29199219 0.00097656
v -0.07714846 -0.29199219 0.00097656
v -0.07519533 -0.39160156 0.00878906
v -0.07519533 -0.39160156 0.00878906
v -0.07519533 -0.39160156 0.00878906
v -0.07519533 -0.39160156 0.00878906
v -0.07324221 -0.39160156 0.00878906
v -0.07324221 -0.39160156 0.00878906
v -0.07324221 -0.39160156 0.00878906
v -0.07519533 -0.29199219 0.00292969
v -0.07519533 -0.29199219 0.00292969
v -0.07714846 -0.19433594 0.02832031
v -0.07910158 -0.10058594 0.02441406
v -0.07910158 -0.10058594 0.02441406
v -0.08105471 -0.10058594 0.02441406
v -0.10253908 -0.10058594 0.02441406
v -0.10449221 -0.10058594 0.02441406
v -0.10449221 -0.10058594 0.02441406
v -0.10449221 -0.10058594 0.02441406
v -0.10449221 -0.10058594 0.02441406
v -0.10449221 -0.10058594 0.02050781
v -0.10449221 -0.10449219 -0.01074219
v -0.10449221 -0.10449219 -0.01074219
v -0.10449221 -0.19824219 -0.00292969
v -0.10449221 -0.19824219 -0.00292969
v -0.10253908 -0.19824219 -0.00488281
v -0.10253908 -0.19824219 -0.00488281
v -0.10253908 -0.19824219 -0.00488281
v -0.10253908 -0.19824219 -0.00488281
v -0.10253908 -0.19824219 -0.00488281
v -0.10058596 -0.29199219 0.00097656
v -0.10058596 -0.29199219 0.00097656
v -0.10058596 -0.29199219 0.00097656
v -0.10058596 -0.29199219 0.00097656
v -0.07519533 -0.39160156 0.00683594
v -0.07519533 -0.39160156 0.00683594
v -0.07324221 -0.49511719 0.01464844
v -0.07324221 -0.49511719 0.01464844
v -0.07324221 -0.49511719 0.01464844
v -0.07324221 -0.49511719 0.01464844
v -0.07519533 -0.49902344 0.01464844
v -0.07519533 -0.49902344 0.01464844
v -0.07519533 -0.49902344 0.01464844
v -0.07324221 -0.49707031 0.01464844
v -0.07324221 -0.49707031 0.01464844
v -0.07324221 -0.49902344 0.01660156
v -0.07324221 -0.49902344 0.01660156
v -0.07324221 -0.49902344 0.01660156
v -0.07128908 -0.49902344 0.01660156
v -0.07128908 -0.49902344 0.01660156
v -0.07128908 -0.49902344 0.01660156
v -0.07324221 -0.49902344 0.01855469
v -0.07324221 -0.49902344 0.01855469
v -0.07324221 -0.49902344 0.04589844
v -0.07519533 -0.49902344 0.04980469
v -0.07324221 -0.49902344 0.04785156
v -0.07324221 -0.49902344 0.04785156
v -0.07324221 -0.49902344 0.04980469
v -0.07324221 -0.49902344 0.04980469
v -0.07324221 -0.49902344 0.04980469
v -0.07324221 -0.49707031 0.04785156
v -0.07324221 -0.49707031 0.04785156
v -0.07324221 -0.49707031 0.04785156
v -0.07324221 -0.49707031 0.04785156
v -0.07128908 -0.49707031 0.04980469
v -0.07128908 -0.49707031 0.04980469
v -0.07128908 -0.49707031 0.04980469
v -0.07128908 -0.49707031 0.01660156
v -0.07128908 -0.49707031 0.01660156
v -0.07128908 -0.49707031 0.01660156
v -0.07128908 -0.49707031 0.01660156
v -0.07128908 -0.49707031 0.01660156
v -0.07128908 -0.49511719 0.01660156
v -0.07128908 -0.49511719 0.01660156
v -0.07128908 -0.49121094 0.05175781
v -0.07128908 -0.49121094 0.05175781
v -0.07128908 -0.49121094 0.05175781
v -0.07324221 -0.38769531 0.04394531
v -0.07324221 -0.38769531 0.04394531
v -0.07519533 -0.38769531 0.04589844
v -0.07519533 -0.38769531 0.04589844
v -0.07519533 -0.29003906 0.03613281
v -0.07519533 -0.29003906 0.03613281
v -0.07714846 -0.19433594 0.03027344
v -0.07714846 -0.19433594 0.03027344
v -0.07714846 -0.19433594 0.03027344
v -0.07910158 -0.19433594 0.03027344
v -0.10058596 -0.19433594 0.03027344
v -0.10253908 -0.19433594 0.03027344
v -0.10253908 -0.19433594 0.03027344
v -0.10449221 -0.19433594 0.02832031
v -0.10449221 -0.19433594 0.02832031
v -0.10253908 -0.29199219 0.00292969
v -0.10253908 -0.29199219 0.00292969
v -0.10253908 -0.29199219 0.00097656
v -0.10253908 -0.29199219 0.00097656
v -0.10058596 -0.39160156 0.00878906
v -0.10058596 -0.39160156 0.00878906
v -0.10058596 -0.39160156 0.00683594
v -0.10058596 -0.39160156 0.00683594
v -0.09863283 -0.49511719 0.01464844
v -0.09863283 -0.49707031 0.01464844
v -0.09863283 -0.49707031 0.01464844
v -0.09863283 -0.49902344 0.01464844
v -0.09863283 -0.49902344 0.01464844
v -0.09863283 -0.49902344 0.01464844
v -0.09863283 -0.49902344 0.04589844
v -0.09863283 -0.49902344 0.01660156
v -0.09667971 -0.49902344 0.01660156
v -0.07519533 -0.49902344 0.01660156
v -0.07714846 -0.49902344 0.05175781
v -0.07519533 -0.49902344 0.05175781
v -0.07519533 -0.49902344 0.05175781
v -0.07324221 -0.49707031 0.05175781
v -0.07324221 -0.49707031 0.05175781
v -0.07324221 -0.49707031 0.05175781
v -0.07128908 -0.49511719 0.05175781
v -0.07128908 -0.49511719 0.05175781
v -0.07128908 -0.49316406 0.05175781
v -0.07128908 -0.49316406 0.05175781
v -0.07324221 -0.49121094 0.05371094
v -0.07324221 -0.49121094 0.05371094
v -0.07324221 -0.49121094 0.05371094
v -0.07714846 -0.38769531 0.04589844
v -0.07714846 -0.29003906 0.03808594
v -0.07714846 -0.29003906 0.03808594
v -0.10058596 -0.29003906 0.03808594
v -0.10253908 -0.29003906 0.03808594
v -0.10253908 -0.29003906 0.03808594
v -0.10253908 -0.29003906 0.03808594
v -0.10253908 -0.29003906 0.03613281
v -0.10253908 -0.29003906 0.03613281
v -0.10253908 -0.38769531 0.04394531
v -0.10253908 -0.38769531 0.04394531
v -0.10253908 -0.39160156 0.00878906
v -0.10253908 -0.39160156 0.00878906
v -0.10058596 -0.49511719 0.01464844
v -0.10058596 -0.49511719 0.01464844
v -0.10058596 -0.49511719 0.01464844
v -0.10058596 -0.49511719 0.01464844
v -0.10058596 -0.49707031 0.01464844
v -0.10058596 -0.49707031 0.01464844
v -0.10058596 -0.49707031 0.01464844
v -0.10058596 -0.49902344 0.01660156
v -0.10058596 -0.49902344 0.01660156
v -0.10058596 -0.49902344 0.01660156
v -0.10058596 -0.49902344 0.01660156
v -0.10058596 -0.49902344 0.01660156
v -0.10058596 -0.49902344 0.01855469
v -0.10058596 -0.49902344 0.01855469
v -0.09863283 -0.49902344 0.01855469
v -0.09863283 -0.49902344 0.04785156
v -0.10058596 -0.49902344 0.04785156
v -0.10058596 -0.49902344 0.04785156
v -0.10058596 -0.49902344 0.04785156
v -0.09863283 -0.49902344 0.04980469
v -0.09863283 -0.49902344 0.04980469
v -0.09667971 -0.49902344 0.04980469
v -0.09472658 -0.49902344 0.05175781
v -0.07714846 -0.49902344 0.05371094
v -0.07714846 -0.49902344 0.05371094
v -0.07714846 -0.49902344 0.05371094
v -0.07324221 -0.49707031 0.05371094
v -0.07324221 -0.49707031 0.05371094
v -0.07324221 -0.49511719 0.05371094
v -0.07324221 -0.49511719 0.05371094
v -0.07324221 -0.49511719 0.05371094
v -0.07324221 -0.49316406 0.05371094
v -0.07324221 -0.49316406 0.05371094
v -0.07324221 -0.49316406 0.05371094
v -0.07519533 -0.49121094 0.05371094
v -0.07519533 -0.49121094 0.05371094
v -0.07519533 -0.49121094 0.05371094
v -0.09863283 -0.38769531 0.04589844
v -0.10058596 -0.38769531 0.04589844
v -0.10058596 -0.38769531 0.04589844
v -0.10058596 -0.38769531 0.04589844
v -0.10058596 -0.38769531 0.04589844
v -0.10058596 -0.49121094 0.05175781
v -0.10058596 -0.49121094 0.05175781
v -0.10058596 -0.49511719 0.01660156
v -0.10058596 -0.49707031 0.01660156
v -0.10058596 -0.49707031 0.04980469
v -0.10058596 -0.49707031 0.04980469
v -0.10058596 -0.49707031 0.04785156
v -0.10058596 -0.49707031 0.04785156
v -0.10058596 -0.49707031 0.05175781
v -0.10058596 -0.49707031 0.05175781
v -0.10058596 -0.49707031 0.05175781
v -0.09863283 -0.49902344 0.05175781
v -0.09863283 -0.49902344 0.05175781
v -0.09667971 -0.49902344 0.05371094
v -0.09667971 -0.49902344 0.05371094
v -0.09667971 -0.49902344 0.05371094
v -0.07714846 -0.49707031 0.05371094
v -0.07519533 -0.49511719 0.05371094
v -0.07519533 -0.49511719 0.05371094
v -0.07519533 -0.49316406 0.05566406
v -0.07519533 -0.49316406 0.05566406
v -0.07519533 -0.49316406 0.05566406
v -0.07519533 -0.49316406 0.05566406
v -0.09863283 -0.49121094 0.05371094
v -0.09863283 -0.49121094 0.05371094
v -0.10058596 -0.49121094 0.05371094
v -0.10058596 -0.49121094 0.05371094
v -0.10058596 -0.49316406 0.05175781
v -0.10058596 -0.49316406 0.05175781
v -0.10058596 -0.49511719 0.05175781
v -0.10058596 -0.49511719 0.05175781
v -0.09863283 -0.49707031 0.05371094
v -0.09863283 -0.49707031 0.05371094
v -0.09667971 -0.49707031 0.05371094
v -0.09667971 -0.49511719 0.05371094
v -0.09667971 -0.49511719 0.05371094
v -0.09667971 -0.49316406 0.05566406
v -0.09667971 -0.49316406 0.05566406
v -0.10058596 -0.49316406 0.05371094
v -0.10058596 -0.49316406 0.05371094
v -0.10058596 -0.49316406 0.05371094
v -0.10058596 -0.49316406 0.05371094
v -0.09863283 -0.49511719 0.05371094
v -0.09863283 -0.49511719 0.05371094
vt 0.15215097 0.05919605
vt 0.20514798 0.00234276
vt 0.02271452 0.00098622
vt 0.15367520 0.06073552
vt 0.20659599 0.00397366
vt 0.20498031 0.00542170
vt 0.22907817 0.13630617
vt 0.01989472 0.09445119
vt 0.28114542 0.08070272
vt 0.81070393 0.43811625
vt 0.80852431 0.44029588
vt 0.80852431 0.43811625
vt 0.78889239 0.43811625
vt 0.78671277 0.43811625
vt 0.78889239 0.44029588
vt 0.80852431 0.44685000
vt 0.78889239 0.44685000
vt 0.29722589 0.26583409
vt 0.80852431 0.45338893
vt 0.13512547 0.10576087
vt 0.78889239 0.45338893
vt 0.78886193 0.45994306
vt 0.80849379 0.45994306
vt 0.30656934 0.27351612
vt 0.80846334 0.46430230
vt 0.30291122 0.27351612
vt 0.03734699 0.42139560
vt 0.81282258 0.46430230
vt 0.03093004 0.42391056
vt 0.81285310 0.45776337
vt 0.81285310 0.45338893
vt 0.02657078 0.42412394
vt 0.30118886 0.26319718
vt 0.29722589 0.25809103
vt 0.02013859 0.42663890
vt 0.81288356 0.44685000
vt 0.01143531 0.42708093
vt 0.81288356 0.43811625
vt 0.81288356 0.43593663
vt 0.00925568 0.42718762
vt 0.96827745 0.81528360
vt 0.80852431 0.43593663
vt 0.78889239 0.43593663
vt 0.94820350 0.83531183
vt 0.99944764 0.78167462
vt 0.78453314 0.43593663
vt 0.99620110 0.78458589
vt 0.78453314 0.44029588
vt 0.78453314 0.44685000
vt 0.99132359 0.78894514
vt 0.13948473 0.11217779
vt 0.13983531 0.10576087
vt 0.98499811 0.79168874
vt 0.78450263 0.45338893
vt 0.98173624 0.79460001
vt 0.78450263 0.45776337
vt 0.97541076 0.79732835
vt 0.29038218 0.08748549
vt 0.78447217 0.46430230
vt 0.29349157 0.08443707
vt 0.23176080 0.01945972
vt 0.78883141 0.46430230
vt 0.78880095 0.46867681
vt 0.23561707 0.02217281
vt 0.87895834 0.90652323
vt 0.86543852 0.92075938
vt 0.30733144 0.26885200
vt 0.80843288 0.46867681
vt 0.15436108 0.06914920
vt 0.86222243 0.91769570
vt 0.23817775 0.02612054
vt 0.15056579 0.11678094
vt 0.87574226 0.90345955
vt 0.15365995 0.11984462
vt 0.96617401 0.79682535
vt 0.87874496 0.90030444
vt 0.96163183 0.79502678
vt 0.87552887 0.89724076
vt 0.24691151 0.02148694
vt 0.87252617 0.90039587
vt 0.17007576 0.14290601
vt 0.85899109 0.91463202
vt 0.85598838 0.91778719
vt 0.13043089 0.09551811
vt 0.12852561 0.09103692
vt 0.15673886 0.06635988
vt 0.85920447 0.92086607
vt 0.13184841 0.09385675
vt 0.13160454 0.09079307
vt 0.13111679 0.08463520
vt 0.00768574 0.31654477
vt 0.04149286 0.41682297
vt 0.30280453 0.26735830
vt 0.86085063 0.92242080
vt 0.15436108 0.06440884
vt 0.12828174 0.08795804
vt 0.00750284 0.31438035
vt 0.03495397 0.41714305
vt 0.03070141 0.41955131
vt 0.02646409 0.42194432
vt 0.02003190 0.42445928
vt 0.01131338 0.42490131
vt 0.00913375 0.42500800
vt 0.96673799 0.81374419
vt 0.96673799 0.81682307
vt 0.96519852 0.81528360
vt 0.94821876 0.83223289
vt 0.94974297 0.83377236
vt 0.94667929 0.83377236
vt 0.99799967 0.78004372
vt 0.99636871 0.78149176
vt 0.98986036 0.78731424
vt 0.98353481 0.79005784
vt 0.97882503 0.79133821
vt 0.97413039 0.79263377
vt 0.04763545 0.32512611
vt 0.97086859 0.79554498
vt 0.15056579 0.12293875
vt 0.23176080 0.02587670
vt 0.29349157 0.09065586
vt 0.97086859 0.79554498
vt 0.04745255 0.32730573
vt 0.97249949 0.79408175
vt 0.96634167 0.79374641
vt 0.96326274 0.79357874
vt 0.96035153 0.79031694
vt 0.87235850 0.89423800
vt 0.95872056 0.79178017
vt 0.87235850 0.89423800
vt 0.24691151 0.02766001
vt 0.25047818 0.02456588
vt 0.86929482 0.89733219
vt 0.85577500 0.91156834
vt 0.17364243 0.13988805
vt 0.85283327 0.91478443
vt 0.17007576 0.13674819
vt 0.85283327 0.91478443
vt 0.13375369 0.09835315
vt 0.13517120 0.09669179
vt 0.00768574 0.29028249
vt 0.14641993 0.06329620
vt 0.00155839 0.00155020
vt 0.01109999 0.42054206
vt 0.00902705 0.42282838
vt 0.96521378 0.81220472
vt 0.00181751 0.47021627
vt 0.96367431 0.81374419
vt 0.61465919 0.01075643
vt 0.94667929 0.83069342
vt 0.94513983 0.83223289
vt 0.99653637 0.77841282
vt 0.04745255 0.30104345
vt 0.99345750 0.77824515
vt 0.87345594 0.65728331
vt 0.84890079 0.68218899
vt 0.84873313 0.68526793
vt 0.57163060 0.19280887
vt 0.76295024 0.78725326
vt 0.76144123 0.78883845
vt 0.74491876 0.80622977
vt 0.74340975 0.80781496
vt 0.05685696 0.15980959
vt 0.24290282 0.20568848
vt 0.24598174 0.20544463
vt 0.27027774 0.18029505
vt 0.00155839 0.14962780
vt 0.84198087 0.69179159
vt 0.00902705 0.25028706
vt 0.00460682 0.14932299
vt 0.84198087 0.69179159
vt 0.15173943 0.47021627
vt 0.15144983 0.46715260
vt 0.84060907 0.69349873
vt 0.82362926 0.71044803
vt 0.46479824 0.00636673
vt 0.82190692 0.71183503
vt 0.46438670 0.00941515
vt 0.87508684 0.65583533
vt 0.37890866 0.01072598
vt 0.80454612 0.59012640
vt 0.78000623 0.61503208
vt 0.56855166 0.27545190
vt 0.57163060 0.27563477
vt 0.77839053 0.61649531
vt 0.69166261 0.71950185
vt 0.69015366 0.72108704
vt 0.67512488 0.73689318
vt 0.67363113 0.73847830
vt 0.05685696 0.07987964
vt 0.05377805 0.08016926
vt 0.31478488 0.27266258
vt 0.33908087 0.24751300
vt 0.00361608 0.23356640
vt 0.34049839 0.24585158
vt 0.77407700 0.62375057
vt 0.23663829 0.46949989
vt 0.77253753 0.62529004
vt 0.75400311 0.64377880
vt 0.37932020 0.00767756
vt 0.68455976 0.57727718
vt 0.29480240 0.00770801
vt 0.29440609 0.01075643
vt 0.73563629 0.52296937
vt 0.66820496 0.45744330
vt 0.56864309 0.35649449
vt 0.71111161 0.54789031
vt 0.70948070 0.54933834
vt 0.62345392 0.65167421
vt 0.62194496 0.65325940
vt 0.60542244 0.67065072
vt 0.05533275 0.00089478
vt 0.60391349 0.67223591
vt 0.38218573 0.34155715
vt 0.04906822 0.16595215
vt 0.38360325 0.33989573
vt 0.40789926 0.31474620
vt 0.40931678 0.31308478
vt 0.58699471 0.01430786
vt 0.70463371 0.55724901
vt 0.70307899 0.55878848
vt 0.68609923 0.57573771
vt 0.61818016 0.51077569
vt 0.21215938 0.00787568
vt 0.61664069 0.51231509
vt 0.51015896 0.02413905
vt 0.66983587 0.45599532
vt 0.41436192 0.02458107
vt 0.59039366 0.38362551
vt 0.56746948 0.40706795
vt 0.64364982 0.48234904
vt 0.64348215 0.48542792
vt 0.55840039 0.58686453
vt 0.55539769 0.59001970
vt 0.54036891 0.60584104
vt 0.44766605 0.40595531
vt 0.53887516 0.60741097
vt 0.44766605 0.40595531
vt 0.05223859 0.09016812
vt 0.04906822 0.08867437
vt 0.45074499 0.40571141
vt 0.47504097 0.38056183
vt 0.50365055 0.01232636
vt 0.50395536 0.01537484
vt 0.63671464 0.49227166
vt 0.63515991 0.49381113
vt 0.54262477 0.43503731
vt 0.41526121 0.01851469
vt 0.41480395 0.02154791
vt 0.32053116 0.02250814
vt 0.51421332 0.30832922
vt 0.03687449 0.09198195
vt 0.48967347 0.33323491
vt 0.56568617 0.41162539
vt 0.03376509 0.18439519
vt 0.48072630 0.51304674
vt 0.47923258 0.51463193
vt 0.46420380 0.53043807
vt 0.45961592 0.53209943
vt 0.52503526 0.48333973
vt 0.05010469 0.00185502
vt 0.52785510 0.48001695
vt 0.55074883 0.45651352
vt 0.55215108 0.45486736
vt 0.40949968 0.01385063
vt 0.40981975 0.01689905
vt 0.55960453 0.41808802
vt 0.48232675 0.34375203
vt 0.46534696 0.36070132
vt 0.46379226 0.36224073
vt 0.51585948 0.30689645
vt 0.32098842 0.01947498
vt 0.22430739 0.01851469
vt 0.43658501 0.23143250
vt 0.35878900 0.15761471
vt 0.41187745 0.25941712
vt 0.03376509 0.00112337
vt 0.03379557 0.09187526
vt 0.48805779 0.33471340
vt 0.40303701 0.43621099
vt 0.40154326 0.43779618
vt 0.38500553 0.45518750
vt 0.38351178 0.45677269
vt 0.60214537 0.55763006
vt 0.60356289 0.55596864
vt 0.62785894 0.53081906
vt 0.31505921 0.01232636
vt 0.31536406 0.01537484
vt 0.62926120 0.52915770
vt 0.48386621 0.34221256
vt 0.70804793 0.60488081
vt 0.40677133 0.26495004
vt 0.40523186 0.26648951
vt 0.38669741 0.28497821
vt 0.38515794 0.28651768
vt 0.43821591 0.22998452
vt 0.30788016 0.21218163
vt 0.36040467 0.15615147
vt 0.36316350 0.04764247
vt 0.25334370 0.10851967
vt 0.25381622 0.04764247
vt 0.33260295 0.18396842
vt 0.24912162 0.28392649
vt 0.33098730 0.18543166
vt 0.41024655 0.26088035
vt 0.32687190 0.36082321
vt 0.32536292 0.36239320
vt 0.30884042 0.37979972
vt 0.30583772 0.38295484
vt 0.67783797 0.63359702
vt 0.67925549 0.63193560
vt 0.21906407 0.01392680
vt 0.70663041 0.60654217
vt 0.78374052 0.68084776
vt 0.32949355 0.19059873
vt 0.32795411 0.19213820
vt 0.30941963 0.21064222
vt 0.02304984 0.19053775
vt 0.02304984 0.09295744
vt 0.22926109 0.13337964
vt 0.15522990 0.05919605
vt 0.15369043 0.05765659
vt 0.08604571 0.23050272
vt 0.15216622 0.05613238
vt 0.06761793 0.14996314
vt 0.46277106 0.69775128
vt 0.46495068 0.69775128
vt 0.06606323 0.15101486
vt 0.15062676 0.05459291
vt 0.46495068 0.69557166
vt 0.46495068 0.73477447
vt 0.46495068 0.73259485
vt 0.46714553 0.73259485
vt 0.17460269 0.02383423
vt 0.46714553 0.70211053
vt 0.46495068 0.69993091
vt 0.20060581 0.00055945
vt 0.08438431 0.22742379
vt 0.06761793 0.15366697
vt 0.46714553 0.69775128
vt 0.15061152 0.05767184
vt 0.08420141 0.23050272
vt 0.20369998 0.00072712
vt 0.20351706 0.00380599
vt 0.47020921 0.04549336
vt 0.17717861 0.03323865
vt 0.17525810 0.44398451
vt 0.43932858 0.05224562
vt 0.17554770 0.03470188
vt 0.25335896 0.10853493
vt 0.36313301 0.04544759
vt 0.25335896 0.10853493
vt 0.34761649 0.05224562
vt 0.16992334 0.20867598
vt 0.25509655 0.05066043
vt 0.24761266 0.28549647
vt 0.01382833 0.21820229
vt 0.22958118 0.30447298
vt 0.22808744 0.30605817
vt 0.75519198 0.71098149
vt 0.00180227 0.45485216
vt 0.75660950 0.70932007
vt 0.02762249 0.00202268
vt 0.78232300 0.68250912
vt 0.86417347 0.75797307
vt 0.02765298 0.09894758
vt 0.24931978 0.11335146
vt 0.02457406 0.19053775
vt 0.93962216 0.83086109
vt 0.17528859 0.03916782
vt 0.17374912 0.04070729
vt 0.17222491 0.03916782
vt 0.22692904 0.02305686
vt 0.17068546 0.03762835
vt 0.16916123 0.03608894
vt 0.22621265 0.02134973
vt 0.43877989 0.69557166
vt 0.44095951 0.69775128
vt 0.46059141 0.73695409
vt 0.17509043 0.43500686
vt 0.22127420 0.19053775
vt 0.46495068 0.73695409
vt 0.46714553 0.73695409
vt 0.21939941 0.19053775
vt 0.17672135 0.43579942
vt 0.17135610 0.02674550
vt 0.17606594 0.02546513
vt 0.19899015 0.00200742
vt 0.20206906 0.00217509
vt 0.17281935 0.02836114
vt 0.17672135 0.43762851
vt 0.17281935 0.02836114
vt 0.17443502 0.02691317
vt 0.17672135 0.43944234
vt 0.17426735 0.02999204
vt 0.17573060 0.03162295
vt 0.17409970 0.03307098
vt 0.17525810 0.44217068
vt 0.17217918 0.44409120
vt 0.09220354 0.13479716
vt 0.43948102 0.04916668
vt 0.34776890 0.04916668
vt 0.16836864 0.21018493
vt 0.15033716 0.22916144
vt 0.01373688 0.10877883
vt 0.83396345 0.78668928
vt 0.15039812 0.22922242
vt 0.01157249 0.10896170
vt 0.00614628 0.09219533
vt 0.83396345 0.78668928
vt 0.11116479 0.45485216
vt 0.11111907 0.45267254
vt 0.83397871 0.78668928
vt 0.02457406 0.09731668
vt 0.86109453 0.75821698
vt 0.93820465 0.83252251
vt 0.94128352 0.83227861
vt 0.17376436 0.03762835
vt 0.17222491 0.03608894
vt 0.94294494 0.83369613
vt 0.22877334 0.02305686
vt 0.43660024 0.69775128
vt 0.22895624 0.01997793
vt 0.94318885 0.83675981
vt 0.92055422 0.86332691
vt 0.43660024 0.73257959
vt 0.43877989 0.73041523
vt 0.43660024 0.70209527
vt 0.43877989 0.69993091
vt 0.43877989 0.69775128
vt 0.43877989 0.73475921
vt 0.44095951 0.73693889
vt 0.44313914 0.73693889
vt 0.46277106 0.73911852
vt 0.16586892 0.42712665
vt 0.17201151 0.43509829
vt 0.22119798 0.18745887
vt 0.17362718 0.43771994
vt 0.17263645 0.03145528
vt 0.17525810 0.44034159
vt 0.17217918 0.44226211
vt 0.09061836 0.13328820
vt 0.01382833 0.00155020
vt 0.07417206 0.15377367
vt 0.33062148 0.29948878
vt 0.00614628 0.00319636
vt 0.00308261 0.00356215
vt 0.33081964 0.29640985
vt 0.90967131 0.86265624
vt 0.21821052 0.45270300
vt 0.91108882 0.86099488
vt 0.93986601 0.83394003
vt 0.94152743 0.83535755
vt 0.94177133 0.83842123
vt 0.91889280 0.86192465
vt 0.91605777 0.86523217
vt 0.16586892 0.40308976
vt 0.91605777 0.86523217
vt 0.91771919 0.86664969
vt 0.16749984 0.40385187
vt 0.43660024 0.73693889
vt 0.16748460 0.40572667
vt 0.43877989 0.73693889
vt 0.44095951 0.73911852
vt 0.16600610 0.40842450
vt 0.16279000 0.42718762
vt 0.08595426 0.13187069
vt 0.17054828 0.43782663
vt 0.17054828 0.43964046
vt 0.08753944 0.13337964
vt 0.07258688 0.15226471
vt 0.33242005 0.29948878
vt 0.33260295 0.29640985
vt 0.91133273 0.86407375
vt 0.91275024 0.86241239
vt 0.91747528 0.86358601
vt 0.91441160 0.86382991
vt 0.16425325 0.40232766
vt 0.16440567 0.40578765
vt 0.16292718 0.40848547
vt 0.07092548 0.14769202
vt 0.07251067 0.14918578
vt 0.33498073 0.30118066
vt 0.91299409 0.86549127
vt 0.33438629 0.29640985
vt 0.06956893 0.15241712
vt 0.16279000 0.40316600
vt 0.65829754 0.17979205
vt 0.13369271 0.17145461
vt 0.05531751 0.15057284
vt 0.06299955 0.30579901
vt 0.13151309 0.16927499
vt 0.06202406 0.30384803
vt 0.13151309 0.17145461
vt 0.13369271 0.16927499
vt 0.65611792 0.17979205
vt 0.72222316 0.50083780
vt 0.22895624 0.19386059
vt 0.22895624 0.19821984
vt 0.28000224 0.07655686
vt 0.05377805 0.14903337
vt 0.38877034 0.13827240
vt 0.28120637 0.07837069
vt 0.22677661 0.19821984
vt 0.38723087 0.13673294
vt 0.66047716 0.17979205
vt 0.13369271 0.17363423
vt 0.06299955 0.30092156
vt 0.05377805 0.15520644
vt 0.28120637 0.07050574
vt 0.38723087 0.14598495
vt 0.54640478 0.22932911
vt 0.49919981 0.23993760
vt 0.66085821 0.33838677
vt 0.54640478 0.23152393
vt 0.49941322 0.24211729
vt 0.49897119 0.25969148
vt 0.66062957 0.35583907
vt 0.03533503 0.17363423
vt 0.23509884 0.20437765
vt 0.66279399 0.35801870
vt 0.77060181 0.52335048
vt 0.11637761 0.09038150
vt 0.77496105 0.52331996
vt 0.33610865 0.30272013
vt 0.11637761 0.09527427
vt 0.77060181 0.52553010
vt 0.01844671 0.19668037
vt 0.38569140 0.16130328
vt 0.33610865 0.29784262
vt 0.11681964 0.07440770
vt 0.11832862 0.09137225
vt 0.38723087 0.16284275
vt 0.79454726 0.34286797
vt 0.33708414 0.30076909
vt 0.38723087 0.15976387
vt 0.79672688 0.34286797
vt 0.21821052 0.18747407
vt 0.11832862 0.07529175
vt 0.33805966 0.29881811
vt 0.38723087 0.17211002
vt 0.27846280 0.24260503
vt 0.03687449 0.17517370
vt 0.66062957 0.35801870
vt 0.78581345 0.35158646
vt 0.79890651 0.34286797
vt 0.21821052 0.18564504
vt 0.77714068 0.52331996
vt 0.11735311 0.08843052
vt 0.11832862 0.07170987
vt 0.21511635 0.18569076
vt 0.02454358 0.01026869
vt 0.51944143 0.15980959
vt 0.02612876 0.01292086
vt 0.68058157 0.44499046
vt 0.52245939 0.15913892
vt 0.51944143 0.13879061
vt 0.68099314 0.42089260
vt 0.03687449 0.66229796
vt 0.78149992 0.49935925
vt 0.77714068 0.49932879
vt 0.77496105 0.49714917
vt 0.77060181 0.49717963
vt 0.53168088 0.24789405
vt 0.76842219 0.49717963
vt 0.76842219 0.52335048
vt 0.53168088 0.26883680
vt 0.01576409 0.19821984
vt 0.38569140 0.16439748
vt 0.01844671 0.19975930
vt 0.13215326 0.00816530
vt 0.27846280 0.25046998
vt 0.27966693 0.24865615
vt 0.13059856 0.00921696
vt 0.03687449 0.16595215
vt 0.03687449 0.16900063
vt 0.03533503 0.17055529
vt 0.03531979 0.16500717
vt 0.25047818 0.11217779
vt 0.23509884 0.20128351
vt 0.24893872 0.11062312
vt 0.19976750 0.16610461
vt 0.23336123 0.20125300
vt 0.66279399 0.35583907
vt 0.23336123 0.20433193
vt 0.19879200 0.16903108
vt 0.66279399 0.35583907
vt 0.54856920 0.24893051
vt 0.66062957 0.33620715
vt 0.54858440 0.22932911
vt 0.54858440 0.19226015
vt 0.66062957 0.29912293
vt 0.65846521 0.29694331
vt 0.49897119 0.23777324
vt 0.54640478 0.22714943
vt 0.66085821 0.33402753
vt 0.64281148 0.35585427
vt 0.79017276 0.36903876
vt 0.64281148 0.35803390
vt 0.09372776 0.23664534
vt 0.79235238 0.37339801
vt 0.63823885 0.35803390
vt 0.09218830 0.23509061
vt 0.63823885 0.35585427
vt 0.14291422 0.77140141
vt 0.18440339 0.09219533
vt 0.18175127 0.09373480
vt 0.10755240 0.10141683
vt 0.79454726 0.37339801
vt 0.09218830 0.23818481
vt 0.18175127 0.09065586
vt 0.13985054 0.77121854
vt 0.77293384 0.34812653
vt 0.11063132 0.10140163
vt 0.10755240 0.09120458
vt 0.75974935 0.35035187
vt 0.09526722 0.11976838
vt 0.80762500 0.37339801
vt 0.80980462 0.37121838
vt 0.09218830 0.11985987
vt 0.68009382 0.17979205
vt 0.80980462 0.35158646
vt 0.13919513 0.07068866
vt 0.68074924 0.44717008
vt 0.02454358 0.01383537
vt 0.21821052 0.18381596
vt 0.80108613 0.34286797
vt 0.22677661 0.19604021
vt 0.71914423 0.50089872
vt 0.14137477 0.06413448
vt 0.14137477 0.06850898
vt 0.13919513 0.06632936
vt 0.71605009 0.50094450
vt 0.68510848 0.44683474
vt 0.71605009 0.49911541
vt 0.25200239 0.57470131
vt 0.68494081 0.44467038
vt 0.68317276 0.42074019
vt 0.03995340 0.63298732
vt 0.68058157 0.38592708
vt 0.13305254 0.03892398
vt 0.39123955 0.17963964
vt 0.78369480 0.42737055
vt 0.39023358 0.14854562
vt 0.03687449 0.63281965
vt 0.38816065 0.17979205
vt 0.78149992 0.46442425
vt 0.40704569 0.19515616
vt 0.77714068 0.46442425
vt 0.45882332 0.17057055
vt 0.77496105 0.46442425
vt 0.77060181 0.46445471
vt 0.76842219 0.46445471
vt 0.40866137 0.17517370
vt 0.52706248 0.27045244
vt 0.53168088 0.22170800
vt 0.52860194 0.24795502
vt 0.66690934 0.35585427
vt 0.19879200 0.16415358
vt 0.25047818 0.10909891
vt 0.03687449 0.16235501
vt 0.13059856 0.00552839
vt 0.01576409 0.20129877
vt 0.52860194 0.26891297
vt 0.66690934 0.33186311
vt 0.52860194 0.22176898
vt 0.53411961 0.26891297
vt 0.33498073 0.67766213
vt 0.66690934 0.29695857
vt 0.53411961 0.23176783
vt 0.33498073 0.64705586
vt 0.33181036 0.64870203
vt 0.66279399 0.26203877
vt 0.66062957 0.26421839
vt 0.64281148 0.29913819
vt 0.64281148 0.33184791
vt 0.63823885 0.33404273
vt 0.14291422 0.75288218
vt 0.13985054 0.75269926
vt 0.77284241 0.32631499
vt 0.75973415 0.34817225
vt 0.09526722 0.11790884
vt 0.09218830 0.11798507
vt 0.68009382 0.17759717
vt 0.67573458 0.17759717
vt 0.67573458 0.17979205
vt 0.66047716 0.17761242
vt 0.06914215 0.30819201
vt 0.65611792 0.16016012
vt 0.06891352 0.32576627
vt 0.65829754 0.17761242
vt 0.65611792 0.17761242
vt 0.72222316 0.49900872
vt 0.71914423 0.49906969
vt 0.21132106 0.57778025
vt 0.25508133 0.57447267
vt 0.68533713 0.42057252
vt 0.25200239 0.55413961
vt 0.20914143 0.55378902
vt 0.06141437 0.66229796
vt 0.13521694 0.07375228
vt 0.06141437 0.63134116
vt 0.01715113 0.73780769
vt 0.36715695 0.77140141
vt 0.13521694 0.03878677
vt 0.13308303 0.00176358
vt 0.36715695 0.74013972
vt 0.39331251 0.14839321
vt 0.39218459 0.11365628
vt 0.38910568 0.11380869
vt 0.78369480 0.38592708
vt 0.77932030 0.42519093
vt 0.40721336 0.16201967
vt 0.40414968 0.16235501
vt 0.77714068 0.42516041
vt 0.77278143 0.42516041
vt 0.46098772 0.13135242
vt 0.45882332 0.13124573
vt 0.77278143 0.42519093
vt 0.77060181 0.38374746
vt 0.55472702 0.04921246
vt 0.76842219 0.38374746
vt 0.77060181 0.42519093
vt 0.55449837 0.09065586
vt 0.41181648 0.14290601
vt 0.40873757 0.14282978
vt 0.52706248 0.23121911
vt 0.52860194 0.19209248
vt 0.52488285 0.23339874
vt 0.40712190 0.14545143
vt 0.53628403 0.23188978
vt 0.33354798 0.61558080
vt 0.53448540 0.19244307
vt 0.40411919 0.11301613
vt 0.66279399 0.22059530
vt 0.66062957 0.22059530
vt 0.64281148 0.25987440
vt 0.63823885 0.29913819
vt 0.14291422 0.72326666
vt 0.13985054 0.72308373
vt 0.77272046 0.29141045
vt 0.75965792 0.32636070
vt 0.09526722 0.09920675
vt 0.09218830 0.09928292
vt 0.68009382 0.15578562
vt 0.67573458 0.15578562
vt 0.66047716 0.08599174
vt 0.67573458 0.12088108
vt 0.66047716 0.12088108
vt 0.65829754 0.15142637
vt 0.65611792 0.12088108
vt 0.21359214 0.55814826
vt 0.72222316 0.48254716
vt 0.65611792 0.15796524
vt 0.06891352 0.30601239
vt 0.65611792 0.15796524
vt 0.02151038 0.74219739
vt 0.06607848 0.63577664
vt 0.21359214 0.52324373
vt 0.65611792 0.08379692
vt 0.39645240 0.15006983
vt 0.37032732 0.74177063
vt 0.02151038 0.70293361
vt 0.65611792 0.04017383
vt 0.39526349 0.11350387
vt 0.39130053 0.08622038
vt 0.38816065 0.08454376
vt 0.54227418 0.79581940
vt 0.78369480 0.35103774
vt 0.40414968 0.12738949
vt 0.77932030 0.38374746
vt 0.42212018 0.20898080
vt 0.77932030 0.38374746
vt 0.77714068 0.38374746
vt 0.46086577 0.08984804
vt 0.77278143 0.38374746
vt 0.16749984 0.02919948
vt 0.77278143 0.38374746
vt 0.52936405 0.79798377
vt 0.77060181 0.35103774
vt 0.76842219 0.35103774
vt 0.52721494 0.79833436
vt 0.55472702 0.01648748
vt 0.52686435 0.79618520
vt 0.41181648 0.08355302
vt 0.55256265 0.01648748
vt 0.55256265 0.05139208
vt 0.41036847 0.11144620
vt 0.52488285 0.19198579
vt 0.40728956 0.11135471
vt 0.40556720 0.08512294
vt 0.66279399 0.18569076
vt 0.66062957 0.18569076
vt 0.65846521 0.18569076
vt 0.14597790 0.65682608
vt 0.64064711 0.22059530
vt 0.63823885 0.25987440
vt 0.14291422 0.68994731
vt 0.13985054 0.68792009
vt 0.77256805 0.24996698
vt 0.75952077 0.29145616
vt 0.09526722 0.06928635
vt 0.09218830 0.06937784
vt 0.68009382 0.12088108
vt 0.67573458 0.08161730
vt 0.66047716 0.04235345
vt 0.65829754 0.04235345
vt 0.65829754 0.08599174
vt 0.65829754 0.12088108
vt 0.65829754 0.08379692
vt 0.65829754 0.04017383
vt 0.65829754 0.00744891
vt 0.65611792 0.00744891
vt 0.39437947 0.08606797
vt 0.39270282 0.08347684
vt 0.54372215 0.79117048
vt 0.54192358 0.79367024
vt 0.77932030 0.35103774
vt 0.53797591 0.79655099
vt 0.42257747 0.18154490
vt 0.77714068 0.35100728
vt 0.41949853 0.18154490
vt 0.53617734 0.79905069
vt 0.16749984 0.00159591
vt 0.77496105 0.35103774
vt 0.16446665 0.00217509
vt 0.53367758 0.79726738
vt 0.53116262 0.79546881
vt 0.52901351 0.79581940
vt 0.52649856 0.79403603
vt 0.52434939 0.79438663
vt 0.40873757 0.08346158
vt 0.40565866 0.08337009
vt 0.52183443 0.79260325
vt 0.66279399 0.18351114
vt 0.52148384 0.79045415
vt 0.66062957 0.18351114
vt 0.52111804 0.78828973
vt 0.65846521 0.18351114
vt 0.64064711 0.18570602
vt 0.04425170 0.28889549
vt 0.02612876 0.63967860
vt 0.14597790 0.62721056
vt 0.02367477 0.67458320
vt 0.01690725 0.67115366
vt 0.14291422 0.65664315
vt 0.13985054 0.65646029
vt 0.01385882 0.67151952
vt 0.77241564 0.21288282
vt 0.75936830 0.25001270
vt 0.09526722 0.03375685
vt 0.09218830 0.03570789
vt 0.68009382 0.08161730
vt 0.67573458 0.04235345
vt 0.15652548 0.45023376
vt 0.66047716 0.00744891
vt 0.15518416 0.43547934
vt 0.70833755 0.47738010
vt 0.54227418 0.76928276
vt 0.67791420 0.00526929
vt 0.54515493 0.78650641
vt 0.66047716 0.00526929
vt 0.39578173 0.08332437
vt 0.65829754 0.00526929
vt 0.54550552 0.78865552
vt 0.54335636 0.78900611
vt 0.54155779 0.79152107
vt 0.53977448 0.79403603
vt 0.53762531 0.79438663
vt 0.53582674 0.79690158
vt 0.53331178 0.79510295
vt 0.52326721 0.78793919
vt 0.52398360 0.79223746
vt 0.52363300 0.79008830
vt 0.52326721 0.78793919
vt 0.64064711 0.18351114
vt 0.52255082 0.77036494
vt 0.04609600 0.28877354
vt 0.52434939 0.76784998
vt 0.04609600 0.28570986
vt 0.01385882 0.64091325
vt 0.02155611 0.63967860
vt 0.04342862 0.28415513
vt 0.77447331 0.17796302
vt 0.77229369 0.17797822
vt 0.75923115 0.21292853
vt 0.70071650 0.25809103
vt 0.09526722 0.00197697
vt 0.09218830 0.00205314
vt 0.69762230 0.25815201
vt 0.68009382 0.04235345
vt 0.15827833 0.43547934
vt 0.67799038 0.00746411
vt 0.71062386 0.47943777
vt 0.70945024 0.47597778
vt 0.54192358 0.76713359
vt 0.54263997 0.78470784
vt 0.04609600 0.28263092
vt 0.52614796 0.76535028
vt 0.70833755 0.46189404
vt 0.77227843 0.17579859
vt 0.75923115 0.17802393
vt 0.71300167 0.47199959
vt 0.70071650 0.22823167
vt 0.68227345 0.00744891
vt 0.69762230 0.22829264
vt 0.71237671 0.47501755
vt 0.53940862 0.76535028
vt 0.71007514 0.47295982
vt 0.01449899 0.40683931
vt 0.06341109 0.34111512
vt 0.25354186 0.02612054
vt 0.03841395 0.37798589
vt 0.01274614 0.40552849
vt 0.25354186 0.02429152
vt 0.16995382 0.75352240
vt 0.03679828 0.37466311
vt 0.25662076 0.02243197
vt 0.23183700 0.49411595
vt 0.20301408 0.76626480
vt 0.16768274 0.43541837
vt 0.05335126 0.40807396
vt 0.20517847 0.76620382
vt 0.20360853 0.78371710
vt 0.23357461 0.51149201
vt 0.07683944 0.22282070
vt 0.16594513 0.45023376
vt 0.29963416 0.09065586
vt 0.23563232 0.51170540
vt 0.05377805 0.42564815
vt 0.16902405 0.45023376
vt 0.07464457 0.22062582
vt 0.20554428 0.78365612
vt 0.15216622 0.04828268
vt 0.11063132 0.41314960
vt 0.08240283 0.33924031
vt 0.22435310 0.13150489
vt 0.15212049 0.18745887
vt 0.17672135 0.14290601
vt 0.17364243 0.02293491
vt 0.03589899 0.01075643
vt 0.10811637 0.41491771
vt 0.15212049 0.19053775
vt 0.14945312 0.18899834
vt 0.22217348 0.13368452
vt 0.77764368 0.34574872
vt 0.21667106 0.12292355
vt 0.17403872 0.14136654
vt 0.17403872 0.14444548
vt 0.21667106 0.12600243
vt 0.22435310 0.01229590
vt 0.17364243 0.01985604
vt 0.12369385 0.16442794
vt 0.29810995 0.08433038
vt 0.03687449 0.00880545
vt 0.17176764 0.02305686
vt 0.12601067 0.16238552
vt 0.17176764 0.01997793
vt 0.22217348 0.01229590
vt 0.30118886 0.08798850
vt 0.15365995 0.04560006
vt 0.29568642 0.08856767
vt 0.12369385 0.15967238
vt 0.15365995 0.04916668
vt 0.20562048 0.78583574
vt 0.20129171 0.78598815
vt 0.27892005 0.07529175
vt 0.15219671 0.75960398
vt 0.08298203 0.35035187
vt 0.11063132 0.42410868
vt 0.03589899 0.00100148
vt 0.29810995 0.09219533
vt 0.22217348 0.12932527
vt 0.08298203 0.33622241
vt 0.16368930 0.75164759
vt 0.07138275 0.14444548
vt 0.77982330 0.34574872
vt 0.22217348 0.13150489
vt 0.78636217 0.31953222
vt 0.32425025 0.55859029
vt 0.39491293 0.17963964
vt 0.79072148 0.32172710
vt 0.14597790 0.18104190
vt 0.14670952 0.11365628
vt 0.78636217 0.34353864
vt 0.07257164 0.13831812
vt 0.05842691 0.01025343
vt 0.14905682 0.11644560
vt 0.32147619 0.57666755
vt 0.79072148 0.34353864
vt 0.16849057 0.75080925
vt 0.14404215 0.18201739
vt 0.05993588 0.01113749
vt 0.16577747 0.75227249
vt 0.05842691 0.01383537
vt 0.07376052 0.14167142
vt 0.16786565 0.75289744
vt 0.14670952 0.11845756
vt 0.14597790 0.18593466
vt 0.17205724 0.75414729
vt 0.25662076 0.02607483
vt 0.06607848 0.33957565
vt 0.32425025 0.57889289
vt 0.14788318 0.11985987
vt 0.32729870 0.55900186
vt 0.63552576 0.22329319
vt 0.39799184 0.17979205
vt 0.39799184 0.14674705
vt 0.63770539 0.18405986
vt 0.08296679 0.09312510
vt 0.79290110 0.28246325
vt 0.79072148 0.28246325
vt 0.70071650 0.17619491
vt 0.78636217 0.28246325
vt 0.65768784 0.43915272
vt 0.78636217 0.24101985
vt 0.65460891 0.40452254
vt 0.65460891 0.43947279
vt 0.78418255 0.28243279
vt 0.69762230 0.17634732
vt 0.70071650 0.20744133
vt 0.78418255 0.31953222
vt 0.07138275 0.13970518
vt 0.78418255 0.34353864
vt 0.77982330 0.34356910
vt 0.77764368 0.34356910
vt 0.71300167 0.20129877
vt 0.23215710 0.67766213
vt 0.60389823 0.39030159
vt 0.21491821 0.12287784
vt 0.29963416 0.08532113
vt 0.22435310 0.01011628
vt 0.21491821 0.12595671
vt 0.60081935 0.39011866
vt 0.23971722 0.50948006
vt 0.05377805 0.40372992
vt 0.23563232 0.48987865
vt 0.59589612 0.37414491
vt 0.20502605 0.76184458
vt 0.20293787 0.76408517
vt 0.23162362 0.49195158
vt 0.20286165 0.76190555
vt 0.23141024 0.48977196
vt 0.07683944 0.22062582
vt 0.23141024 0.51170540
vt 0.20337988 0.78373230
vt 0.20345610 0.78591198
vt 0.18339741 0.78441823
vt 0.28120637 0.05799192
vt 0.27892005 0.05355644
vt 0.17891622 0.78676552
vt 0.13828060 0.38877738
vt 0.15219671 0.78237581
vt 0.72530210 0.50862646
vt 0.69455862 0.35649449
vt 0.33498073 0.68208230
vt 0.16954228 0.78530228
vt 0.13828060 0.37684274
vt 0.21665582 0.78676552
vt 0.72836578 0.50836742
vt 0.16681394 0.78676552
vt 0.01274614 0.41642666
vt 0.03679828 0.38877738
vt 0.17518188 0.76649344
vt 0.33498073 0.69849813
vt 0.13828060 0.38707024
vt 0.15428488 0.78300071
vt 0.06341109 0.34419405
vt 0.01492577 0.40988779
vt 0.33498073 0.70214105
vt 0.13829584 0.17825258
vt 0.44382504 0.69302619
vt 0.09331622 0.13368452
vt 0.06341109 0.34728819
vt 0.01536779 0.41293621
vt 0.13675639 0.17671311
vt 0.10140981 0.14136654
vt 0.44408414 0.69086182
vt 0.10294927 0.13982707
vt 0.17672135 0.01689905
vt 0.44191977 0.69060272
vt 0.26122391 0.63416100
vt 0.09526722 0.12976724
vt 0.43975538 0.69034362
vt 0.44408414 0.67328763
vt 0.17672135 0.00167209
vt 0.66849452 0.33687782
vt 0.25957775 0.61667824
vt 0.32729870 0.57931966
vt 0.06607848 0.34265459
vt 0.09331622 0.12879175
vt 0.25910524 0.63463348
vt 0.70711815 0.23050272
vt 0.63637930 0.24740630
vt 0.08604571 0.12600243
vt 0.63770539 0.22341514
vt 0.70711815 0.20992583
vt 0.15074870 0.03150105
vt 0.21068089 0.76217991
vt 0.15673886 0.00155020
vt 0.51874030 0.05908936
vt 0.21513160 0.72727537
vt 0.21068089 0.72291613
vt 0.08604571 0.09306413
vt 0.21068089 0.68363702
vt 0.08604571 0.06014109
vt 0.08296679 0.05835772
vt 0.79290110 0.24101985
vt 0.79072148 0.24101985
vt 0.79072148 0.19521713
vt 0.78636217 0.19517142
vt 0.11063132 0.15058804
vt 0.41489542 0.18617851
vt 0.77980804 0.17555475
vt 0.78200293 0.19521713
vt 0.41489542 0.20283818
vt 0.77982330 0.19521713
vt 0.78200293 0.23884022
vt 0.77982330 0.28246325
vt 0.77982330 0.31953222
vt 0.67919451 0.38723791
vt 0.71300167 0.18177354
vt 0.70996845 0.18233746
vt 0.67611563 0.38711596
vt 0.23357461 0.65370142
vt 0.23139499 0.65357947
vt 0.68995553 0.41788989
vt 0.60389823 0.37024289
vt 0.60081935 0.37004477
vt 0.68687660 0.41796613
vt 0.20898901 0.75734818
vt 0.68218201 0.38921940
vt 0.03777377 0.36419177
vt 0.20368473 0.72259605
vt 0.20144413 0.72049260
vt 0.18123302 0.72119373
vt 0.18257433 0.76044232
vt 0.18332121 0.78223860
vt 0.17666037 0.78464687
vt 0.39169684 0.77446508
vt 0.23203516 0.78460115
vt 0.14137477 0.38876212
vt 0.14137477 0.38705498
vt 0.22985554 0.78460115
vt 0.21665582 0.78458589
vt 0.72825909 0.50650787
vt 0.72519541 0.50676697
vt 0.69455862 0.35431480
vt 0.33190182 0.69860482
vt 0.33498073 0.70032722
vt 0.67067415 0.35433006
vt 0.17978501 0.01659417
vt 0.10294927 0.14290601
vt 0.13829584 0.17515844
vt 0.33190182 0.70224774
vt 0.67285377 0.35433006
vt 0.33190182 0.68583190
vt 0.69029081 0.35433006
vt 0.69019938 0.33032364
vt 0.67285377 0.29105985
vt 0.69019938 0.29105985
vt 0.67067415 0.32814401
vt 0.66849452 0.33251852
vt 0.52091992 0.09833795
vt 0.15673886 0.03534204
vt 0.71300167 0.21394974
vt 0.25910524 0.61455953
vt 0.66849452 0.33469814
vt 0.66849452 0.29323947
vt 0.52091992 0.05689448
vt 0.21513160 0.68583190
vt 0.51874030 0.01764590
vt 0.66840309 0.25397569
vt 0.57161534 0.30979246
vt 0.11451807 0.41950560
vt 0.38505125 0.15827012
vt 0.11460952 0.36932838
vt 0.38723087 0.10810816
vt 0.38505125 0.10592854
vt 0.25905952 0.65461600
vt 0.48417103 0.04148465
vt 0.21513160 0.63347507
vt 0.21068089 0.63783431
vt 0.08604571 0.02171558
vt 0.08296679 0.01993221
vt 0.79290110 0.19520187
vt 0.08296679 0.00347072
vt 0.05377805 0.11149192
vt 0.79290110 0.17558521
vt 0.05377805 0.11636943
vt 0.78854185 0.17555475
vt 0.05280255 0.11832041
vt 0.30326179 0.08905542
vt 0.78636217 0.17555475
vt 0.78198767 0.17555475
vt 0.30397817 0.08554977
vt 0.05839642 0.00767756
vt 0.11217078 0.15212750
vt 0.05685696 0.00501013
vt 0.16902405 0.03380263
vt 0.11217078 0.14904863
vt 0.41183174 0.18651384
vt 0.11063132 0.14749390
vt 0.16746935 0.03294903
vt 0.09834614 0.33561271
vt 0.77764368 0.17558521
vt 0.09750782 0.35131210
vt 0.77764368 0.19521713
vt 0.09555682 0.38790858
vt 0.77764368 0.24101985
vt 0.77764368 0.28246325
vt 0.09380397 0.42104501
vt 0.67919451 0.35676885
vt 0.68995553 0.38821340
vt 0.23357461 0.61655629
vt 0.67611563 0.35666215
vt 0.09072506 0.42095357
vt 0.10294927 0.11063832
vt 0.01228887 0.21506244
vt 0.05531751 0.63233191
vt 0.09884913 0.02555656
vt 0.10078488 0.07137454
vt 0.68366051 0.35682976
vt 0.09668474 0.07353890
vt 0.05531751 0.67151952
vt 0.03995340 0.32492793
vt 0.03777377 0.32492793
vt 0.20234342 0.68334746
vt 0.01536779 0.05378509
vt 0.20024000 0.68560326
vt 0.18004413 0.67975032
vt 0.39953130 0.68526793
vt 0.17839798 0.63179845
vt 0.39953130 0.64454091
vt 0.39338872 0.68305784
vt 0.39338872 0.72006583
vt 0.17666037 0.72136140
vt 0.17801693 0.76059473
vt 0.39338872 0.75338519
vt 0.39032504 0.75320226
vt 0.22987077 0.76059473
vt 0.21667106 0.76275909
vt 0.72719210 0.48783618
vt 0.72412843 0.48809528
vt 0.69455862 0.33250332
vt 0.72208601 0.45262676
vt 0.69455862 0.29105985
vt 0.69019938 0.24961638
vt 0.67067415 0.25615531
vt 0.57470948 0.34266984
vt 0.67067415 0.29323947
vt 0.57470948 0.30973148
vt 0.67067415 0.20599335
vt 0.51938045 0.11217779
vt 0.44839770 0.69456565
vt 0.11678915 0.37152326
vt 0.57470948 0.26949221
vt 0.51721603 0.09047294
vt 0.20987305 0.00089478
vt 0.44870251 0.67627507
vt 0.26122391 0.63728559
vt 0.38505125 0.08847624
vt 0.11451807 0.34969646
vt 0.44560838 0.67627507
vt 0.21205269 0.00307441
vt 0.66840309 0.18416655
vt 0.05681124 0.01843852
vt 0.09988560 0.24432737
vt 0.09808702 0.24432737
vt 0.30521280 0.10141683
vt 0.48711279 0.02653211
vt 0.25905952 0.63702649
vt 0.09828517 0.24126369
vt 0.05681124 0.01488709
vt 0.49261519 0.78854883
vt 0.30733144 0.09917623
vt 0.08604571 0.00342494
vt 0.21068089 0.61602283
vt 0.48417103 0.02563280
vt 0.30432874 0.09845984
vt 0.05280255 0.10856539
vt 0.05280255 0.11344290
vt 0.30379528 0.09376526
vt 0.48607633 0.79290813
vt 0.30591393 0.09150946
vt 0.48171705 0.79290813
vt 0.30661508 0.08801895
vt 0.47952217 0.79290813
vt 0.30698088 0.08626610
vt 0.30733144 0.08451331
vt 0.47734255 0.79290813
vt 0.05839642 0.00417185
vt 0.16902405 0.03029692
vt 0.05685696 0.00150448
vt 0.47516292 0.79072845
vt 0.09688289 0.33289957
vt 0.09442890 0.35122067
vt 0.10294927 0.06919491
vt 0.09247790 0.38783234
vt 0.10294927 0.02555656
vt 0.09526722 0.33552122
vt 0.10294927 0.00374508
vt 0.01228887 0.19759488
vt 0.09884913 0.00374508
vt 0.05531751 0.16442794
vt 0.09668474 0.00374508
vt 0.09526722 0.17671311
vt 0.05685696 0.16287327
vt 0.01536779 0.00356215
vt 0.20069727 0.63539559
vt 0.03777377 0.27693039
vt 0.05223859 0.63249958
vt 0.00920996 0.21512341
vt 0.20077348 0.63757521
vt 0.01527634 0.00574178
vt 0.00920996 0.19767112
vt 0.05531751 0.16133380
vt 0.09372776 0.17825258
vt 0.69301915 0.35769862
vt 0.19995040 0.61358404
vt 0.69301915 0.35955817
vt 0.19778602 0.61366022
vt 0.17780353 0.61434615
vt 0.69030607 0.37801641
vt 0.08452149 0.12446302
vt 0.39953130 0.62974072
vt 0.39338872 0.64419031
vt 0.22993174 0.67770779
vt 0.39032504 0.68287492
vt 0.39032504 0.71988291
vt 0.22990125 0.72133088
vt 0.21670154 0.72131562
vt 0.72516489 0.45236766
vt 0.72005880 0.41715831
vt 0.69455862 0.24961638
vt 0.15532134 0.42409348
vt 0.69029081 0.20161885
vt 0.20987305 0.00307441
vt 0.51938045 0.09024435
vt 0.67058271 0.18416655
vt 0.49479485 0.76673734
vt 0.68801975 0.18198693
vt 0.49479485 0.78418958
vt 0.67058271 0.18198693
vt 0.05839642 0.01752394
vt 0.66840309 0.18198693
vt 0.49479485 0.78636920
vt 0.49261519 0.78636920
vt 0.49043557 0.78854883
vt 0.30679798 0.09446639
vt 0.48825595 0.79072845
vt 0.09884913 0.00156540
vt 0.09072506 0.33271670
vt 0.47080368 0.78636920
vt 0.68995553 0.35788149
vt 0.09372776 0.17515844
vt 0.09668474 0.00156540
vt 0.47080368 0.78199470
vt 0.08232662 0.10470915
vt 0.68995553 0.35972577
vt 0.08232662 0.12446302
vt 0.47298330 0.76236284
vt 0.39953130 0.62789643
vt 0.47734255 0.75800359
vt 0.23203516 0.61225796
vt 0.39338872 0.62753063
vt 0.23203516 0.61443758
vt 0.39338872 0.62937492
vt 0.39032504 0.64214790
vt 0.22997747 0.62971026
vt 0.21674727 0.67769259
vt 0.72303098 0.41502440
vt 0.69455862 0.20161885
vt 0.71771151 0.37608063
vt 0.69455862 0.20161885
vt 0.15981779 0.42564815
vt 0.15981779 0.40886652
vt 0.69019938 0.18416655
vt 0.69237900 0.18198693
vt 0.71508986 0.35862839
vt 0.49479485 0.76236284
vt 0.49261519 0.78199470
vt 0.47952217 0.75800359
vt 0.22985554 0.61225796
vt 0.72836578 0.35538179
vt 0.22985554 0.61443758
vt 0.21677776 0.62969506
vt 0.72066849 0.37396199
vt 0.69455862 0.18416655
vt 0.71685791 0.36115855
vt 0.21665582 0.61224270
vt 0.49261519 0.76018322
vt 0.71815354 0.35836923
vt 0.21679300 0.61442238
vt 0.71992159 0.36088419
vt 0.13829584 0.79595655
vt 0.30054870 0.64845812
vt 0.15763816 0.03971654
vt 0.13809770 0.77850425
vt 0.15957391 0.02237099
vt 0.10692748 0.14340901
vt 0.20417248 0.69610512
vt 0.15981779 0.03994519
vt 0.30271307 0.64870203
vt 0.71300167 0.48558033
vt 0.00873745 0.22509176
vt 0.09525198 0.44867909
vt 0.23201992 0.56680584
vt 0.28274584 0.67920160
vt 0.20898901 0.69375783
vt 0.10910711 0.14752442
vt 0.09371252 0.44404542
vt 0.23201992 0.56855869
vt 0.10692748 0.14752442
vt 0.00974343 0.22218049
vt 0.09525198 0.44560015
vt 0.01074942 0.21925402
vt 0.09526722 0.44250602
vt 0.77672917 0.17191184
vt 0.23509884 0.56848252
vt 0.09372776 0.44096655
vt 0.35607588 0.13499534
vt 0.09680668 0.44096655
vt 0.09680668 0.43788761
vt 0.35650268 0.13194692
vt 0.03367363 0.77842808
vt 0.78108841 0.17197281
vt 0.78329849 0.16982365
vt 0.78111887 0.16979319
vt 0.77675962 0.16973221
vt 0.23509884 0.56674486
vt 0.77709496 0.14574105
vt 0.45168999 0.12562138
vt 0.23509884 0.54753971
vt 0.23201992 0.54935360
vt 0.44868729 0.12754190
vt 0.28274584 0.65739000
vt 0.28056622 0.65739000
vt 0.06874585 0.14622879
vt 0.20898901 0.67542148
vt 0.15981779 0.02020657
vt 0.20403530 0.67949116
vt 0.06464571 0.15058804
vt 0.07926294 0.13214505
vt 0.13806722 0.77632463
vt 0.13587235 0.77417552
vt 0.07926294 0.12996542
vt 0.13805197 0.77414501
vt 0.13613147 0.79598701
vt 0.30030480 0.65063775
vt 0.30248445 0.65086639
vt 0.71149266 0.48402566
vt 0.05690269 0.02458107
vt 0.10142505 0.11371726
vt 0.02352235 0.80732721
vt 0.46985865 0.22719520
vt 0.69920748 0.47145087
vt 0.47328815 0.23274332
vt 0.35650268 0.14444548
vt 0.09680668 0.45023376
vt 0.01074942 0.22742379
vt 0.70992273 0.48554987
vt 0.46985865 0.24893051
vt 0.02295839 0.78455544
vt 0.03577705 0.77899200
vt 0.78326803 0.17200333
vt 0.03788047 0.77957124
vt 0.78544766 0.17203379
vt 0.11371024 0.15365171
vt 0.00614628 0.24829036
vt 0.05963104 0.15517592
vt 0.09891009 0.11303139
vt 0.15253203 0.19207722
vt 0.11524969 0.15520644
vt 0.06146010 0.15520644
vt 0.05963104 0.15827012
vt 0.00396665 0.25046998
vt 0.40811265 0.19956112
vt 0.61311978 0.38723791
vt 0.08758517 0.32552236
vt 0.09793460 0.11010486
vt 0.06146010 0.15830058
vt 0.61004084 0.38699400
vt 0.78980690 0.17211002
vt 0.04208731 0.78071439
vt 0.08578659 0.32229102
vt 0.05963104 0.16134906
vt 0.61311978 0.36666101
vt 0.41027704 0.17564619
vt 0.54396605 0.31645328
vt 0.79233712 0.14814931
vt 0.07990312 0.35035187
vt 0.79015750 0.14811885
vt 0.78578299 0.14801216
vt 0.78363383 0.14580202
vt 0.78145421 0.14577156
vt 0.78200293 0.10870260
vt 0.77762842 0.10864162
vt 0.36572418 0.15513021
vt 0.45176619 0.09510660
vt 0.28274584 0.61809576
vt 0.44868729 0.09528947
vt 0.36264527 0.15520644
vt 0.07068161 0.10698020
vt 0.10602818 0.39115512
vt 0.06851722 0.06771642
vt 0.10602818 0.42256922
vt 0.06851722 0.10698020
vt 0.06441708 0.10914463
vt 0.08144257 0.09070158
vt 0.07926294 0.09070158
vt 0.13759471 0.73488116
vt 0.13539983 0.73271680
vt 0.11735311 0.73294544
vt 0.02271452 0.76228660
vt 0.11803901 0.77219403
vt 0.30271307 0.66844058
vt 0.11828288 0.79400551
vt 0.02458930 0.78069913
vt 0.70076221 0.46992666
vt 0.47202304 0.22500032
vt 0.69431478 0.46646667
vt 0.01701395 0.78368664
vt 0.33191708 0.78150696
vt 0.05839642 0.02188325
vt 0.10142505 0.11002868
vt 0.05690269 0.02106017
vt 0.32973742 0.78150696
vt 0.33191708 0.78368664
vt 0.02295839 0.80943060
vt 0.09987035 0.11269605
vt 0.20283118 0.11371726
vt 0.03826152 0.81135112
vt 0.31653771 0.78368664
vt 0.31653771 0.78150696
vt 0.20283118 0.11062312
vt 0.31435809 0.78150696
vt 0.04464799 0.42410868
vt 0.25816023 0.78463161
vt 0.25593486 0.78676552
vt 0.04094414 0.80981165
vt 0.20016380 0.11217779
vt 0.25380096 0.78454018
vt 0.23858929 0.78639972
vt 0.15981779 0.12600243
vt 0.04763545 0.79354829
vt 0.09793460 0.11985987
vt 0.08578659 0.33498776
vt 0.04553204 0.79298431
vt 0.18565325 0.00915605
vt 0.08298203 0.16749161
vt 0.10448873 0.18747407
vt 0.15519941 0.19361669
vt 0.09988560 0.11595786
vt 0.04611124 0.79088092
vt 0.15713516 0.12754190
vt 0.18746707 0.00921696
vt 0.26518688 0.02458107
vt 0.08298203 0.16441268
vt 0.18565325 0.00607711
vt 0.23427576 0.78412861
vt 0.04455654 0.17486882
vt 0.26518688 0.02240145
vt 0.10448873 0.18529445
vt 0.08144257 0.16595215
vt 0.23244670 0.76664585
vt 0.05223859 0.29128850
vt 0.04149286 0.15994674
vt 0.11524969 0.15211231
vt 0.15519941 0.19053775
vt 0.10230910 0.18529445
vt 0.26738173 0.02240145
vt 0.04149286 0.17517370
vt 0.05200996 0.30886269
vt 0.09988560 0.10731554
vt 0.00614628 0.24611068
vt 0.09772120 0.10755944
vt 0.06081993 0.15366697
vt 0.00396665 0.24611068
vt 0.41027704 0.19975930
vt 0.00396665 0.24829036
vt 0.05864030 0.15366697
vt 0.54704499 0.33652723
vt 0.05864030 0.12967581
vt 0.54704499 0.31639230
vt 0.05864030 0.05114818
vt 0.16134200 0.67270839
vt 0.54704499 0.25053096
vt 0.05864030 0.09041202
vt 0.54704499 0.28346926
vt 0.79290110 0.10888553
vt 0.54396605 0.28351498
vt 0.08298203 0.31745929
vt 0.07990312 0.31732208
vt 0.54087192 0.28356069
vt 0.79072148 0.10882455
vt 0.78854185 0.10879403
vt 0.78418255 0.10873306
vt 0.78477699 0.06728965
vt 0.78547817 0.01930732
vt 0.78329849 0.01927680
vt 0.78259736 0.06725913
vt 0.77823812 0.06719816
vt 0.36572418 0.12196326
vt 0.36264527 0.12202424
vt 0.07068161 0.06553680
vt 0.06851722 0.01971883
vt 0.10602818 0.35274488
vt 0.10294927 0.35455871
vt 0.10294927 0.39296895
vt 0.06658147 0.06988078
vt 0.06441708 0.06988078
vt 0.08144257 0.05145305
vt 0.07926294 0.05363268
vt 0.13716793 0.69779700
vt 0.36816293 0.15366697
vt 0.13500354 0.69782746
vt 0.01577933 0.69415414
vt 0.11710924 0.69148672
vt 0.11278047 0.73300642
vt 0.01320340 0.72939402
vt 0.71300167 0.45125502
vt 0.01657192 0.76254570
vt 0.01350825 0.76266766
vt 0.32973742 0.75751579
vt 0.31653771 0.75968021
vt 0.04609600 0.40458351
vt 0.04301708 0.40465969
vt 0.25643787 0.76277435
vt 0.23776621 0.72093463
vt 0.53927147 0.24740630
vt 0.23849784 0.68603003
vt 0.25511178 0.72128522
vt 0.25598061 0.67984176
vt 0.04301708 0.36913019
vt 0.25729144 0.72133088
vt 0.25430396 0.76054901
vt 0.18746707 0.00613809
vt 0.15713516 0.12446302
vt 0.23645538 0.78417432
vt 0.23462632 0.76669157
vt 0.09772120 0.08780557
vt 0.05200996 0.28910887
vt 0.23249242 0.76446623
vt 0.06299955 0.13406557
vt 0.23331550 0.72520244
vt 0.06299955 0.09480172
vt 0.23418431 0.68375897
vt 0.06299955 0.05335832
vt 0.06299955 0.00101668
vt 0.23526649 0.63141739
vt 0.02919244 0.16903108
vt 0.19976750 0.44771880
vt 0.16134200 0.63054860
vt 0.19380781 0.45023376
vt 0.65768784 0.37762010
vt 0.15541279 0.63298732
vt 0.15827833 0.67304373
vt 0.65768784 0.42564815
vt 0.54396605 0.25057667
vt 0.54087192 0.24880856
vt 0.79131591 0.06738108
vt 0.78695667 0.06732011
vt 0.78765780 0.01933777
vt 0.40954539 0.79237461
vt 0.78790164 0.00185502
vt 0.78572202 0.00182456
vt 0.40742674 0.79290813
vt 0.40478987 0.79132295
vt 0.40267119 0.79184115
vt 0.20130695 0.43432093
vt 0.78136277 0.00179404
vt 0.20130695 0.44869429
vt 0.77893925 0.01924634
vt 0.36264527 0.08536685
vt 0.77672917 0.02139550
vt 0.07068161 0.01971883
vt 0.77697301 0.00394320
vt 0.21205269 0.17819160
vt 0.07068161 0.00226659
vt 0.06658147 0.00226659
vt 0.21113816 0.18285573
vt 0.23171507 0.20129877
vt 0.03841395 0.18439519
vt 0.13829584 0.62798786
vt 0.10294927 0.33884406
vt 0.13658872 0.64763504
vt 0.07926294 0.00345546
vt 0.06464571 0.02188325
vt 0.09987035 0.35463494
vt 0.13658872 0.64763504
vt 0.37032732 0.10353547
vt 0.36816293 0.10342878
vt 0.13636009 0.64763504
vt 0.11631665 0.64351964
vt 0.01020070 0.65287834
vt 0.11230796 0.69156295
vt 0.00963674 0.69441324
vt 0.01013973 0.72953117
vt 0.32973742 0.71825200
vt 0.31653771 0.71823674
vt 0.04609600 0.36905402
vt 0.04301708 0.33361596
vt 0.25816023 0.67988747
vt 0.03993816 0.29442835
vt 0.25701708 0.63405430
vt 0.53936291 0.19718337
vt 0.23735468 0.63583761
vt 0.23740040 0.63364273
vt 0.53927147 0.19500375
vt 0.23631820 0.68599957
vt 0.23554085 0.72306848
vt 0.23480923 0.75795782
vt 0.23471779 0.76233232
vt 0.23554085 0.72306848
vt 0.23636393 0.68380469
vt 0.23744613 0.63146311
vt 0.17824556 0.14750916
vt 0.32115608 0.28314918
vt 0.23781194 0.61402607
vt 0.08912463 0.23510587
vt 0.17824556 0.14441496
vt 0.32269555 0.28581655
vt 0.02919244 0.15375841
vt 0.23558658 0.61615998
vt 0.31961665 0.28581655
vt 0.15981779 0.07375228
vt 0.27660325 0.07222807
vt 0.23776621 0.61620569
vt 0.24281137 0.54133618
vt 0.09066408 0.23664534
vt 0.23776621 0.61620569
vt 0.27562776 0.07027709
vt 0.19687149 0.43432093
vt 0.02701281 0.15375841
vt 0.19380781 0.43465626
vt 0.27660325 0.06735063
vt 0.15786679 0.06985033
vt 0.54704499 0.19564390
vt 0.65689528 0.36021358
vt 0.65550822 0.37771153
vt 0.54396605 0.21033734
vt 0.54087192 0.20855403
vt 0.79201704 0.01939875
vt 0.41324925 0.78920424
vt 0.79227614 0.00196171
vt 0.54087192 0.19392151
vt 0.41324925 0.78920424
vt 0.40902716 0.79025596
vt 0.40690851 0.79078948
vt 0.40637505 0.78867078
vt 0.40425637 0.78920424
vt 0.40213773 0.78973776
vt 0.77918315 0.00179404
vt 0.19830425 0.43505257
vt 0.40001905 0.79025596
vt 0.20938531 0.17665219
vt 0.20938531 0.17973107
vt 0.39738217 0.78867078
vt 0.04694956 0.12217665
vt 0.23357461 0.19834179
vt 0.03841395 0.18131626
vt 0.23171507 0.19823509
vt 0.04763545 0.12424958
vt 0.21205269 0.12139934
vt 0.20987305 0.12139934
vt 0.13826537 0.62580824
vt 0.03687449 0.18285573
vt 0.20987305 0.11921966
vt 0.13610098 0.62582350
vt 0.36906222 0.08381212
vt 0.13613147 0.62800312
vt 0.01033788 0.64074558
vt 0.11637761 0.62823176
vt 0.11174400 0.64356542
vt 0.00552135 0.65389955
vt 0.00657306 0.69453520
vt 0.32973742 0.67679334
vt 0.31653771 0.67679334
vt 0.04609600 0.33352453
vt 0.33982775 0.13214505
vt 0.24009827 0.54243362
vt 0.04301708 0.29247737
vt 0.25738287 0.61660200
vt 0.03993816 0.27947581
vt 0.24009827 0.52702379
vt 0.24174441 0.55738616
vt 0.31347403 0.09012240
vt 0.24491479 0.55599916
vt 0.09066408 0.23356640
vt 0.24585980 0.54171723
vt 0.31347403 0.10755944
vt 0.11832862 0.08337009
vt 0.17670611 0.14596969
vt 0.11678915 0.08605272
vt 0.00614628 0.27952152
vt 0.17670611 0.14904863
vt 0.15981779 0.06885958
vt 0.31961665 0.28046656
vt 0.17824556 0.15058804
vt 0.00542990 0.28119814
vt 0.41643485 0.78391522
vt 0.54704499 0.19381481
vt 0.54396605 0.19386059
vt 0.41483444 0.78656739
vt 0.41113058 0.78973776
vt 0.41273102 0.78708559
vt 0.41061234 0.78761911
vt 0.40849370 0.78815258
vt 0.13393658 0.62585402
vt 0.20987305 0.11702484
vt 0.04694956 0.12908137
vt 0.39367831 0.78284830
vt 0.02458930 0.63256055
vt 0.39369357 0.76486254
vt 0.00870697 0.63815439
vt 0.39474526 0.76010698
vt 0.00401238 0.63917565
vt 0.00421053 0.64100468
vt 0.00225953 0.65219247
vt 0.32973742 0.62663138
vt 0.34267804 0.13008738
vt 0.04609600 0.29051113
vt 0.31653771 0.62661612
vt 0.31653771 0.61353832
vt 0.24432035 0.52760303
vt 0.33982775 0.11854905
vt 0.31435809 0.61353832
vt 0.24281137 0.56201982
vt 0.24467091 0.55956578
vt 0.41221279 0.75798833
vt 0.31347403 0.08576316
vt 0.00542990 0.27337897
vt 0.11678915 0.07898039
vt 0.31129441 0.10320020
vt 0.41643485 0.77490711
vt 0.39633045 0.75745487
vt 0.32973742 0.61135870
vt 0.00094870 0.63929760
vt 0.00113161 0.64114189
vt 0.32973742 0.61353832
vt 0.24585980 0.56241608
vt 0.31653771 0.61135870
vt 0.40956065 0.75640315
vt 0.27094841 0.78673506
vt 0.31025794 0.54723489
vt 0.06607848 0.41950560
vt 0.05309215 0.11911297
vt 0.06453902 0.15673065
vt 0.23509884 0.09681368
vt 0.11532591 0.42497748
vt 0.59975237 0.36681342
vt 0.29716492 0.55596864
vt 0.27312803 0.78673506
vt 0.31243756 0.54723489
vt 0.26439428 0.75615925
vt 0.26439428 0.78455544
vt 0.26221463 0.78455544
vt 0.07251067 0.41360682
vt 0.07376052 0.41642666
vt 0.06453902 0.40869886
vt 0.26439428 0.78673506
vt 0.19668858 0.16903108
vt 0.06453902 0.41179305
vt 0.07069685 0.41610658
vt 0.15561095 0.03992993
vt 0.24739926 0.10449576
vt 0.19668858 0.16595215
vt 0.06944699 0.41328675
vt 0.35342374 0.68209755
vt 0.16134200 0.12751144
vt 0.24893872 0.10603523
vt 0.05309215 0.12600243
vt 0.06298432 0.41333252
vt 0.19514912 0.16749161
vt 0.15827833 0.04146940
vt 0.06299955 0.15209705
vt 0.05377805 0.12392950
vt 0.24739926 0.10755944
vt 0.35125938 0.68226528
vt 0.29195210 0.57778025
vt 0.12753488 0.41796613
vt 0.15980254 0.12906611
vt 0.16134200 0.13060558
vt 0.15561095 0.04300886
vt 0.06299955 0.15519118
vt 0.15827833 0.04456359
vt 0.23203516 0.09373480
vt 0.02766822 0.13325775
vt 0.23663829 0.09527427
vt 0.06299955 0.15827012
vt 0.02919244 0.13592511
vt 0.02766822 0.13676339
vt 0.23016037 0.09079307
vt 0.59993529 0.36463380
vt 0.11832862 0.42564815
vt 0.23509884 0.09371954
vt 0.06607848 0.41025358
vt 0.30588344 0.54723489
vt 0.26657391 0.78673506
vt 0.06607848 0.40715939
vt 0.26657391 0.78455544
vt 0.26657391 0.75615925
vt 0.26657391 0.72126997
vt 0.26439428 0.72126997
vt 0.35125938 0.65379286
vt 0.07376052 0.39011866
vt 0.26003501 0.75618970
vt 0.29503101 0.55500841
vt 0.29195210 0.55508459
vt 0.12753488 0.38961571
vt 0.12343474 0.35905516
vt 0.28727275 0.52982837
vt 0.41204512 0.18439519
vt 0.60095650 0.30569232
vt 0.12343474 0.39395970
vt 0.60211492 0.36458802
vt 0.23203516 0.09067112
vt 0.15561095 0.04610300
vt 0.16134200 0.13368452
vt 0.12343474 0.41796613
vt 0.60171860 0.34495616
vt 0.60164243 0.34059685
vt 0.59947801 0.34064263
vt 0.60091078 0.30351269
vt 0.59874642 0.30355841
vt 0.58092833 0.30390900
vt 0.58161420 0.33881354
vt 0.11832862 0.40869886
vt 0.58213246 0.36498433
vt 0.29934457 0.57342094
vt 0.58216292 0.36716396
vt 0.23971722 0.09833795
vt 0.30152419 0.57778025
vt 0.57760549 0.36725545
vt 0.23817775 0.09679848
vt 0.57755977 0.36507583
vt 0.76525182 0.17299402
vt 0.45024198 0.23664534
vt 0.21860681 0.00923222
vt 0.22127420 0.01074123
vt 0.10909186 0.09065586
vt 0.30370381 0.57778025
vt 0.23817775 0.09987736
vt 0.21860681 0.01229590
vt 0.44716308 0.23664534
vt 0.76320934 0.17299402
vt 0.11217078 0.09065586
vt 0.10912234 0.08044362
vt 0.75000966 0.17517370
vt 0.20744956 0.17363423
vt 0.31679684 0.57778025
vt 0.32115608 0.57122606
vt 0.64720124 0.18127054
vt 0.20744956 0.17671311
vt 0.65146905 0.18131626
vt 0.31897646 0.57560056
vt 0.32115608 0.55814826
vt 0.31461722 0.54941452
vt 0.31679684 0.55159414
vt 0.31897646 0.55378902
vt 0.62976420 0.18099618
vt 0.06453902 0.42256922
vt 0.32115608 0.55378902
vt 0.06155155 0.42183763
vt 0.31897646 0.55159414
vt 0.27748731 0.78676552
vt 0.31679684 0.54941452
vt 0.05854885 0.42109078
vt 0.04682762 0.00615329
vt 0.05769528 0.41813380
vt 0.27748731 0.78455544
vt 0.04917491 0.00414133
vt 0.04682762 0.00133681
vt 0.27312803 0.78455544
vt 0.12944014 0.42410868
vt 0.27094841 0.78455544
vt 0.12916580 0.39998037
vt 0.27093315 0.75615925
vt 0.27093315 0.72344959
vt 0.10601295 0.72587311
vt 0.10587577 0.71456337
vt 0.27311280 0.68200612
vt 0.27093315 0.68200612
vt 0.26657391 0.68200612
vt 0.26439428 0.68200612
vt 0.23355937 0.47384387
vt 0.12447120 0.00302869
vt 0.49941322 0.28581655
vt 0.00768574 0.25089675
vt 0.26221463 0.64056265
vt 0.23355937 0.49480188
vt 0.12447120 0.02919948
vt 0.12229157 0.00302869
vt 0.15059628 0.18593466
vt 0.44102049 0.67211396
vt 0.49941322 0.26402026
vt 0.00462207 0.25124729
vt 0.49633428 0.28563362
vt 0.43481693 0.69762933
vt 0.42103800 0.10751373
vt 0.26003501 0.68203664
vt 0.00768574 0.28427708
vt 0.42103800 0.17211002
vt 0.41949853 0.17951769
vt 0.29503101 0.52706951
vt 0.26003501 0.72130042
vt 0.42103800 0.14241827
vt 0.41204512 0.15215802
vt 0.41488016 0.14432353
vt 0.60235876 0.26639801
vt 0.60019439 0.26644373
vt 0.59803003 0.26648951
vt 0.46252716 0.18107241
vt 0.58016622 0.26466042
vt 0.45946351 0.21512341
vt 0.76525182 0.11191869
vt 0.57637089 0.30401570
vt 0.57704157 0.33890498
vt 0.76525182 0.14680803
vt 0.44749838 0.21364492
vt 0.76307219 0.14682323
vt 0.75000966 0.17299402
vt 0.28428531 0.56535780
vt 0.20557477 0.17357326
vt 0.20557477 0.17666739
vt 0.28120637 0.56547976
vt 0.65149951 0.17913663
vt 0.64723170 0.17907566
vt 0.63194382 0.18104190
vt 0.63197434 0.17884701
vt 0.07376052 0.33521640
vt 0.62791991 0.15915418
vt 0.07354713 0.35497022
vt 0.62979466 0.17881656
vt 0.62761503 0.17878604
vt 0.69149494 0.47273123
vt 0.06368545 0.41961229
vt 0.68846178 0.47327995
vt 0.35884997 0.14444548
vt 0.06069799 0.41886538
vt 0.06453902 0.39685571
vt 0.35667035 0.11827469
vt 0.20440112 0.67612267
vt 0.27966693 0.75836939
vt 0.27748731 0.75836939
vt 0.27312803 0.75836939
vt 0.13215326 0.40193135
vt 0.27311280 0.72344959
vt 0.13215326 0.37245303
vt 0.27311280 0.72344959
vt 0.10601295 0.76064044
vt 0.10910711 0.72765636
vt 0.27530766 0.68421626
vt 0.10910711 0.71607232
vt 0.09002391 0.36710298
vt 0.24099755 0.10295630
vt 0.18249813 0.45177323
vt 0.27966693 0.61440712
vt 0.47949171 0.24688804
vt 0.10910711 0.68026853
vt 0.27966693 0.64277279
vt 0.61610723 0.36740786
vt 0.48278400 0.27045244
vt 0.10587577 0.67875957
vt 0.47949171 0.26911116
vt 0.27748731 0.64056265
vt 0.49171591 0.25815201
vt 0.27311280 0.64056265
vt 0.27093315 0.63838303
vt 0.26657391 0.63838303
vt 0.26439428 0.63838303
vt 0.26439428 0.61434615
vt 0.18115681 0.43717122
vt 0.23663829 0.47378290
vt 0.12447120 0.00083381
vt 0.23355937 0.47210628
vt 0.18440339 0.43582994
vt 0.32745111 0.11832041
vt 0.14791365 0.18437994
vt 0.14791365 0.18747407
vt 0.32495138 0.11652184
vt 0.43920666 0.66961426
vt 0.43887132 0.67177862
vt 0.17518188 0.01226544
vt 0.07682420 0.13212979
vt 0.07836366 0.13674819
vt 0.13829584 0.00075758
vt 0.41635865 0.08574790
vt 0.43481693 0.67112321
vt 0.07682420 0.13830286
vt 0.17518188 0.01843852
vt 0.14905682 0.12293875
vt 0.60095650 0.19442451
vt 0.13611622 0.00092524
vt 0.41488016 0.10940373
vt 0.13829584 0.02919948
vt 0.60152048 0.22277498
vt 0.59938657 0.22500032
vt 0.58156848 0.22535086
vt 0.46252716 0.14700615
vt 0.45937204 0.17919761
vt 0.57772744 0.26252651
vt 0.12907434 0.06029350
vt 0.76511461 0.07046002
vt 0.12601067 0.09527427
vt 0.76307219 0.11191869
vt 0.28120637 0.54467422
vt 0.74782997 0.14900285
vt 0.65404499 0.15517592
vt 0.65186536 0.15514547
vt 0.64762801 0.15290487
vt 0.63022149 0.15046614
vt 0.64816147 0.11801553
vt 0.63072443 0.11774123
vt 0.62798089 0.15479487
vt 0.36110580 0.12263393
vt 0.68846178 0.45468450
vt 0.62795037 0.15697455
vt 0.07354713 0.33303678
vt 0.62795037 0.15697455
vt 0.62851435 0.11989033
vt 0.20898901 0.64775699
vt 0.36110580 0.08554977
vt 0.20281594 0.64603460
vt 0.27748731 0.72348005
vt 0.27748731 0.68421626
vt 0.20281594 0.61309630
vt 0.61318070 0.40209901
vt 0.09002391 0.39338052
vt 0.48557332 0.26815087
vt 0.61926234 0.36576170
vt 0.62761503 0.03479332
vt 0.05161366 0.15827012
vt 0.62801135 0.00862253
vt 0.19710012 0.10909891
vt 0.05377805 0.13219076
vt 0.09220354 0.36728591
vt 0.05161366 0.13200784
vt 0.01382833 0.22280544
vt 0.24279612 0.10295630
vt 0.24119569 0.09989262
vt 0.01204500 0.22588438
vt 0.34215981 0.11365628
vt 0.18440339 0.44934970
vt 0.27530766 0.61437666
vt 0.18153787 0.44713962
vt 0.49479485 0.23602039
vt 0.49171591 0.23580700
vt 0.18037947 0.44427407
vt 0.27311280 0.61434615
vt 0.18077576 0.44072264
vt 0.26875353 0.61434615
vt 0.26657391 0.61434615
vt 0.18095867 0.43895459
vt 0.33176464 0.11760402
vt 0.18400709 0.43938136
vt 0.18420525 0.43761325
vt 0.32960024 0.11796981
vt 0.32710055 0.11617124
vt 0.17249927 0.01689905
vt 0.43515223 0.66897404
vt 0.32207063 0.11258936
vt 0.14905682 0.11984462
vt 0.14751735 0.12138408
vt 0.31992149 0.11293989
vt 0.60091078 0.19224489
vt 0.31957090 0.11079079
vt 0.09680668 0.23970902
vt 0.59874642 0.19229060
vt 0.09526722 0.24124843
vt 0.43179896 0.09533525
vt 0.59879214 0.19447023
vt 0.43179896 0.11217779
vt 0.58097404 0.19482082
vt 0.57699585 0.22545755
vt 0.12907434 0.02881843
vt 0.12601067 0.06011057
vt 0.76307219 0.07046002
vt 0.74782997 0.11191869
vt 0.11435041 0.09833795
vt 0.65460891 0.11810702
vt 0.65242928 0.11807650
vt 0.64875591 0.07875174
vt 0.63124269 0.08285189
vt 0.62973374 0.03919834
vt 0.62910879 0.08064175
vt 0.61926234 0.40414149
vt 0.20898901 0.61483389
vt 0.62910879 0.08064175
vt 0.62979466 0.03482383
vt 0.63019097 0.00865304
vt 0.63022149 0.00647342
vt 0.34574172 0.10864162
vt 0.19976750 0.11063832
vt 0.01199927 0.22280544
vt 0.05179657 0.12982821
vt 0.19976750 0.10755944
vt 0.34395838 0.11114132
vt 0.34179398 0.11150718
vt 0.34001064 0.11402214
vt 0.18324499 0.44648421
vt 0.34036121 0.11617124
vt 0.18344314 0.44470090
vt 0.33391377 0.11723822
vt 0.18382420 0.44116467
vt 0.33606294 0.11688763
vt 0.42879626 0.09602112
vt 0.09526722 0.23816955
vt 0.32172006 0.11042494
vt 0.59851778 0.19229060
vt 0.32100368 0.09286600
vt 0.58092833 0.19264120
vt 0.32243642 0.08820188
vt 0.12907434 0.00106245
vt 0.57637089 0.19273263
vt 0.57640135 0.19491225
vt 0.12907434 0.00290674
vt 0.12601067 0.02679121
vt 0.76307219 0.03119618
vt 0.75000966 0.07047522
vt 0.11678915 0.06203109
vt 0.11371024 0.06203109
vt 0.65305424 0.07663310
vt 0.10986921 0.02947384
vt 0.64935040 0.03948790
vt 0.63191336 0.03922880
vt 0.63237059 0.00868350
vt 0.62976420 0.03701872
vt 0.34539112 0.10649246
vt 0.63240111 0.00650388
vt 0.64765853 0.00673252
vt 0.34287617 0.09141797
vt 0.34287617 0.10469389
vt 0.32421976 0.08568692
vt 0.76307219 0.00066614
vt 0.12601067 0.00087953
vt 0.12601067 0.00272381
vt 0.76307219 0.00284576
vt 0.74987245 0.03119618
vt 0.11608802 0.02759904
vt 0.65143853 0.03951842
vt 0.11294813 0.02947384
vt 0.10896993 0.00251043
vt 0.64762801 0.00891215
vt 0.65194154 0.00679350
vt 0.11371024 0.00142825
vt 0.34001064 0.08748549
vt 0.33749568 0.08568692
vt 0.11678915 0.00142825
vt 0.74987245 0.00065088
vt 0.74987245 0.00283051
vt 0.11672819 0.00330305
vt 0.65189582 0.00897312
vt 0.11364927 0.00330305
vt 0.30425254 0.53930902
vt 0.24585980 0.49786556
vt 0.36596805 0.77446508
vt 0.30425254 0.53623009
vt 0.24276565 0.49786556
vt 0.24279612 0.49603647
vt 0.36596805 0.77228546
vt 0.36160880 0.77228546
vt 0.12922676 0.08144963
vt 0.06005782 0.75952780
vt 0.35724953 0.77446508
vt 0.13154358 0.07940716
vt 0.35505468 0.77228546
vt 0.35942918 0.77228546
vt 0.35941392 0.74608421
vt 0.36159354 0.74826384
vt 0.36159354 0.71117961
vt 0.35941392 0.71117961
vt 0.35505468 0.74611467
vt 0.35287505 0.77228546
vt 0.03368887 0.77132523
vt 0.13215326 0.07768482
vt 0.18318403 0.00107765
vt 0.05280255 0.01075643
vt 0.05530226 0.76057947
vt 0.12922676 0.07669407
vt 0.21667106 0.07837069
vt 0.02612876 0.00151968
vt 0.05742092 0.76111293
vt 0.05377805 0.00880545
vt 0.18440339 0.00289148
vt 0.02612876 0.00459862
vt 0.18258958 0.00409561
vt 0.21479627 0.07541370
vt 0.03687449 0.15842253
vt 0.02437591 0.00455290
vt 0.04736109 0.10289532
vt 0.06299955 0.36335343
vt 0.70605123 0.15772140
vt 0.02437591 0.00764704
vt 0.03589899 0.16134906
vt 0.71361136 0.41246367
vt 0.04763545 0.11832041
vt 0.70582259 0.17299402
vt 0.06232890 0.37647694
vt 0.70365822 0.17299402
vt 0.70365822 0.17517370
vt 0.18197989 0.00712883
vt 0.02612876 0.00767756
vt 0.70582259 0.17517370
vt 0.70149380 0.17517370
vt 0.47754070 0.24893051
vt 0.04894628 0.76798719
vt 0.05280255 0.00100148
vt 0.18440339 0.01075643
vt 0.06217648 0.76006126
vt 0.35942918 0.77446508
vt 0.36160880 0.77446508
vt 0.06429514 0.76057947
vt 0.23166935 0.47161853
vt 0.30115837 0.53315115
vt 0.23203516 0.47468221
vt 0.30115837 0.53623009
vt 0.41260907 0.09182954
vt 0.30271307 0.53776956
vt 0.30271307 0.54084843
vt 0.41335595 0.09483224
vt 0.05389998 0.29163903
vt 0.16900881 0.07843167
vt 0.05531751 0.29503804
vt 0.33456919 0.11958551
vt 0.16900881 0.08202881
vt 0.30425254 0.54240310
vt 0.17056350 0.07937670
vt 0.04758973 0.00718975
vt 0.17978501 0.00305915
vt 0.08450625 0.13062084
vt 0.24893872 0.49786556
vt 0.24589029 0.49603647
vt 0.08450625 0.12691700
vt 0.63566291 0.42180711
vt 0.63706517 0.39783120
vt 0.24313146 0.47591680
vt 0.63488555 0.39769405
vt 0.08450625 0.73297596
vt 0.36596805 0.74829429
vt 0.08450625 0.70172948
vt 0.06296907 0.38303107
vt 0.36596805 0.71117961
vt 0.20583388 0.56394029
vt 0.36377320 0.66973615
vt 0.36159354 0.66973615
vt 0.35723430 0.66755652
vt 0.03687449 0.68746281
vt 0.35505468 0.66755652
vt 0.03682876 0.72236741
vt 0.35505468 0.71117961
vt 0.35287505 0.74611467
vt 0.03371936 0.75038248
vt 0.03589899 0.15647155
vt 0.21667106 0.07530701
vt 0.13154358 0.07466686
vt 0.03060996 0.77140141
vt 0.70992273 0.17300928
vt 0.50863475 0.29657751
vt 0.71760482 0.41336298
vt 0.04763545 0.10073096
vt 0.71760482 0.39546865
vt 0.50427544 0.27918619
vt 0.06266423 0.36153960
vt 0.06232890 0.35972577
vt 0.50427544 0.27700657
vt 0.70605123 0.15336215
vt 0.70388687 0.15336215
vt 0.70365822 0.11627793
vt 0.70149380 0.11191869
vt 0.45493656 0.18880016
vt 0.68390435 0.11409831
vt 0.45874712 0.22004658
vt 0.68390435 0.15118253
vt 0.68390435 0.17299402
vt 0.46098772 0.23841339
vt 0.31501350 0.70685089
vt 0.48097017 0.23274332
vt 0.04894628 0.78597295
vt 0.47799796 0.23198122
vt 0.47970510 0.22500032
vt 0.30823073 0.70520473
vt 0.45325994 0.23970902
vt 0.35188431 0.78458589
vt 0.10294927 0.24586684
vt 0.10294927 0.24893051
vt 0.05001323 0.79074371
vt 0.47754070 0.22719520
vt 0.10140981 0.24740630
vt 0.35188431 0.78676552
vt 0.04947976 0.79286242
vt 0.46098772 0.08050460
vt 0.04758973 0.01075643
vt 0.17056350 0.08297384
vt 0.33652020 0.12056100
vt 0.33456919 0.12446302
vt 0.05389998 0.29964119
vt 0.41260907 0.10295630
vt 0.30115837 0.54857624
vt 0.23166935 0.48711979
vt 0.07222106 0.77382493
vt 0.69301915 0.39798361
vt 0.46091151 0.07614535
vt 0.46095723 0.07832497
vt 0.37276608 0.09318608
vt 0.45873186 0.07619107
vt 0.37276608 0.09100646
vt 0.45877761 0.07837069
vt 0.04917491 0.00984192
vt 0.45880809 0.08055031
vt 0.37276608 0.08882684
vt 0.02611352 0.18285573
vt 0.45880809 0.08055031
vt 0.17978501 0.00615329
vt 0.08604571 0.12956911
vt 0.18132448 0.00151968
vt 0.10761337 0.41182351
vt 0.10657690 0.53167266
vt 0.63770539 0.42410868
vt 0.13221422 0.52594161
vt 0.06764842 0.41488719
vt 0.63924479 0.39795315
vt 0.08758517 0.70188189
vt 0.63924479 0.36080801
vt 0.06604799 0.38297009
vt 0.06604799 0.34821796
vt 0.49333158 0.27468979
vt 0.36814770 0.66976666
vt 0.36814770 0.62614357
vt 0.17210297 0.68994731
vt 0.20898901 0.52723718
vt 0.20583388 0.52557576
vt 0.16902405 0.68817919
vt 0.36596805 0.62393343
vt 0.36159354 0.62393343
vt 0.35941392 0.62393343
vt 0.35723430 0.62393343
vt 0.35287505 0.62396395
vt 0.51169837 0.05992764
vt 0.46714553 0.24893051
vt 0.03384130 0.65260398
vt 0.03379557 0.68927664
vt 0.03071665 0.68933761
vt 0.03374984 0.72244358
vt 0.03062520 0.75219631
vt 0.70992273 0.14900285
vt 0.70775837 0.14900285
vt 0.50863475 0.27261680
vt 0.50643986 0.23774278
vt 0.70582259 0.11409831
vt 0.70582259 0.07483453
vt 0.70365822 0.07701415
vt 0.68390435 0.07047522
vt 0.45044014 0.15206653
vt 0.44879398 0.18919647
vt 0.31501350 0.68665498
vt 0.45284840 0.22225672
vt 0.44976947 0.22245485
vt 0.34970468 0.76495397
vt 0.69301915 0.37922055
vt 0.06482862 0.79444754
vt 0.33652020 0.78676552
vt 0.01997093 0.21512341
vt 0.01827905 0.21820229
vt 0.46057618 0.05652869
vt 0.69027561 0.38136965
vt 0.01827905 0.21512341
vt 0.33434057 0.78676552
vt 0.21674727 0.57624078
vt 0.45836607 0.05439478
vt 0.45842704 0.05875403
vt 0.37276608 0.11063832
vt 0.02919244 0.18285573
vt 0.37494570 0.09100646
vt 0.45877761 0.07827926
vt 0.44137105 0.08076370
vt 0.02763774 0.16770500
vt 0.43260679 0.07873648
vt 0.55318755 0.33959091
vt 0.43699655 0.08083993
vt 0.43922189 0.08297384
vt 0.00768574 0.54584789
vt 0.00550611 0.54802752
vt 0.11063132 0.41119862
vt 0.18132448 0.00459862
vt 0.45885381 0.08272994
vt 0.00550611 0.56547976
vt 0.00550611 0.54584789
vt 0.12633075 0.53124589
vt 0.10761337 0.39501143
vt 0.16522875 0.52588063
vt 0.07222106 0.38653678
vt 0.20629114 0.52021056
vt 0.07222106 0.35176939
vt 0.06914215 0.34998608
vt 0.11217078 0.41488719
vt 0.49633428 0.27659506
vt 0.37032732 0.62614357
vt 0.49633428 0.23821527
vt 0.10784201 0.36923689
vt 0.18140069 0.49634135
vt 0.10887847 0.34516954
vt 0.18289442 0.47533762
vt 0.17210297 0.66982764
vt 0.36814770 0.60215247
vt 0.17981550 0.47539860
vt 0.36814770 0.60215247
vt 0.34728116 0.31595027
vt 0.36377320 0.60212195
vt 0.34728116 0.31416696
vt 0.36159354 0.60212195
vt 0.34728116 0.31238365
vt 0.35941392 0.60212195
vt 0.35723430 0.60212195
vt 0.34728116 0.31060028
vt 0.51169837 0.04087496
vt 0.50872618 0.04169804
vt 0.46537745 0.22708851
vt 0.46324354 0.22746956
vt 0.03387178 0.63515174
vt 0.03077762 0.63521266
vt 0.14443845 0.00461388
vt 0.70798701 0.00284576
vt 0.02769870 0.63528889
vt 0.02762249 0.69115138
vt 0.70798701 0.11409831
vt 0.02757677 0.72433364
vt 0.70798701 0.07483453
vt 0.02766822 0.65449405
vt 0.70798701 0.02683693
vt 0.70582259 0.02901655
vt 0.70365822 0.02901655
vt 0.68390435 0.03119618
vt 0.44640097 0.11899108
vt 0.44431278 0.15244758
vt 0.44573030 0.18937939
vt 0.34970468 0.72567493
vt 0.33650497 0.76493871
vt 0.21821052 0.55670029
vt 0.21511635 0.55679178
vt 0.43658501 0.05695546
vt 0.05071437 0.32268733
vt 0.43663073 0.05913508
vt 0.04763545 0.28924602
vt 0.47328815 0.26248080
vt 0.39736691 0.05971426
vt 0.39552262 0.07937670
vt 0.39774796 0.08151054
vt 0.55318755 0.30034232
vt 0.00550611 0.50662982
vt 0.39992759 0.08155632
vt 0.55100793 0.30252194
vt 0.16553360 0.52802980
vt 0.55100793 0.26107854
vt 0.20658074 0.52237493
vt 0.55100793 0.21090132
vt 0.25628543 0.51551592
vt 0.11217078 0.36685914
vt 0.07222106 0.30968577
vt 0.25599584 0.51336682
vt 0.18597333 0.49358249
vt 0.27760923 0.51037931
vt 0.18597333 0.47529191
vt 0.09802605 0.78950912
vt 0.18438816 0.47265500
vt 0.36814770 0.59997278
vt 0.17981550 0.47356951
vt 0.09648659 0.79412746
vt 0.35036010 0.31962365
vt 0.09217306 0.79475242
vt 0.35036010 0.31605703
vt 0.09000867 0.79505724
vt 0.35036010 0.31425840
vt 0.08784428 0.79536211
vt 0.35036010 0.31247509
vt 0.50951874 0.03871059
vt 0.35036010 0.31069177
vt 0.08569514 0.79566693
vt 0.46714553 0.22454304
vt 0.46499640 0.22493935
vt 0.08353075 0.79598701
vt 0.03535027 0.63245386
vt 0.08106152 0.79412746
vt 0.03227135 0.63251483
vt 0.02757677 0.63169175
vt 0.07828745 0.79011881
vt 0.14443845 0.00100148
vt 0.14292946 0.00193125
vt 0.07612306 0.79042363
vt 0.46077433 0.08478767
vt 0.70582259 0.00066614
vt 0.46098772 0.08661669
vt 0.70582259 0.00284576
vt 0.45938727 0.08754647
vt 0.70365822 0.00284576
vt 0.68390435 0.00284576
vt 0.44347447 0.09510660
vt 0.44027361 0.11937213
vt 0.44124910 0.15263051
vt 0.34968942 0.68205184
vt 0.33650497 0.72567493
vt 0.08452149 0.67763162
vt 0.21821052 0.52304560
vt 0.05071437 0.28920031
vt 0.39732119 0.05762613
vt 0.21511635 0.52313703
vt 0.08142734 0.67766213
vt 0.39732119 0.05762613
vt 0.47635183 0.26277041
vt 0.47635183 0.22442108
vt 0.35378957 0.06265604
vt 0.36063331 0.07997113
vt 0.55318755 0.26325816
vt 0.36066377 0.08215076
vt 0.46228328 0.21635801
vt 0.25413629 0.51591229
vt 0.55318755 0.21308094
vt 0.55100793 0.18908978
vt 0.27789882 0.51254374
vt 0.18746707 0.47259402
vt 0.28006321 0.51223886
vt 0.09988560 0.78703988
vt 0.09772120 0.78734469
vt 0.09587690 0.78981394
vt 0.09401736 0.79228318
vt 0.07798260 0.78795439
vt 0.45771065 0.08497053
vt 0.07735767 0.76821578
vt 0.44179782 0.09254593
vt 0.07889713 0.76358217
vt 0.43711847 0.09365857
vt 0.43734711 0.09548765
vt 0.43720993 0.11957026
vt 0.34967420 0.64278805
vt 0.33662689 0.68206710
vt 0.35362190 0.05410516
vt 0.09066408 0.72221494
vt 0.08452149 0.64051700
vt 0.08142734 0.64054739
vt 0.08760041 0.72189486
vt 0.35366762 0.05619335
vt 0.31452575 0.06332666
vt 0.31265098 0.08079422
vt 0.31268147 0.08297384
vt 0.46252716 0.21820229
vt 0.46252716 0.19547623
vt 0.28646493 0.08134294
vt 0.27044541 0.06760973
vt 0.27820367 0.51470816
vt 0.09958075 0.78487551
vt 0.28035283 0.51440328
vt 0.28274584 0.53167266
vt 0.26738173 0.05311441
vt 0.05118688 0.16276658
vt 0.09711152 0.76760614
vt 0.09711152 0.78303123
vt 0.08075668 0.76111293
vt 0.37186676 0.15791953
vt 0.43405479 0.09384149
vt 0.43428344 0.09568578
vt 0.36971763 0.15827012
vt 0.70685905 0.20757854
vt 0.34967420 0.61443758
vt 0.69990861 0.21487951
vt 0.33661166 0.61443758
vt 0.33661166 0.64278805
vt 0.70685905 0.23818481
vt 0.31435809 0.05477583
vt 0.09066408 0.68758476
vt 0.31444955 0.05905885
vt 0.27044541 0.05274862
vt 0.28617534 0.06381440
vt 0.05377805 0.16442794
vt 0.05377805 0.15807199
vt 0.28387377 0.05739748
vt 0.21819527 0.07989490
vt 0.09618175 0.76111293
vt 0.36971763 0.14490271
vt 0.09401736 0.76143306
vt 0.21973473 0.07835543
vt 0.69760710 0.21283704
vt 0.69698215 0.21583974
vt 0.21973473 0.08143437
vt 0.28605339 0.05736697
vt 0.31034940 0.27548236
vt 0.17865710 0.41795087
vt 0.48250964 0.02653211
vt 0.46373129 0.05002028
vt 0.18132448 0.41639614
vt 0.37653089 0.15223420
vt 0.05853360 0.29572397
vt 0.47955266 0.02563280
vt 0.18132448 0.41949034
vt 0.71300167 0.27921671
vt 0.43899328 0.19821984
vt 0.43178374 0.72494328
vt 0.69769853 0.44744444
vt 0.44207218 0.19803691
vt 0.43486264 0.72486711
vt 0.43178374 0.72668087
vt 0.32678047 0.29040444
vt 0.32678047 0.28732550
vt 0.08814913 0.12421912
vt 0.17518188 0.08297384
vt 0.69772899 0.44962406
vt 0.43486264 0.72661996
vt 0.26709214 0.23306340
vt 0.32944784 0.29194391
vt 0.33037761 0.29037398
vt 0.26890597 0.23184407
vt 0.08912463 0.00880545
vt 0.08814913 0.12908137
vt 0.08912463 0.12714559
vt 0.08814913 0.01075643
vt 0.77932030 0.52510327
vt 0.17251451 0.08143437
vt 0.17251451 0.08451331
vt 0.78178954 0.52324373
vt 0.69993913 0.45177323
vt 0.69990861 0.44959360
vt 0.78610307 0.52386868
vt 0.70429838 0.45171225
vt 0.16286622 0.03447324
vt 0.70428312 0.44953263
vt 0.16437519 0.02996159
vt 0.69989341 0.44741398
vt 0.69954282 0.42121267
vt 0.44255993 0.17619491
vt 0.69736320 0.42122793
vt 0.66826588 0.25010413
vt 0.69689071 0.38415897
vt 0.66538513 0.22056484
vt 0.66520220 0.25046998
vt 0.69518358 0.42128891
vt 0.43948102 0.17639303
vt 0.14733446 0.59786940
vt 0.43640211 0.17657596
vt 0.43202761 0.18127054
vt 0.15184613 0.60178661
vt 0.42562589 0.70762819
vt 0.15402576 0.60171044
vt 0.42562589 0.70938104
vt 0.32678047 0.29657751
vt 0.42562589 0.72683334
vt 0.17582206 0.60082638
vt 0.70813942 0.26891297
vt 0.70538056 0.26644373
vt 0.26649770 0.23608136
vt 0.32944784 0.29503804
vt 0.70513672 0.26830328
vt 0.70563972 0.26459944
vt 0.77375692 0.53312063
vt 0.08814913 0.00100148
vt 0.26890597 0.23970902
vt 0.78826749 0.52417350
vt 0.70649326 0.45168179
vt 0.79041660 0.52447832
vt 0.17249927 0.08605272
vt 0.70867288 0.45166653
vt 0.70646274 0.44950217
vt 0.16286622 0.03630233
vt 0.16596037 0.03444278
vt 0.70423740 0.44732255
vt 0.70390207 0.42115170
vt 0.70128042 0.38624716
vt 0.69907033 0.38409799
vt 0.66843355 0.22018379
vt 0.66520220 0.18716925
vt 0.00460682 0.75440639
vt 0.69853687 0.34265459
vt 0.63310224 0.40322691
vt 0.01074942 0.75471127
vt 0.69635719 0.34268504
vt 0.69474155 0.38636911
vt 0.01074942 0.78982919
vt 0.43963343 0.14761585
vt 0.43202761 0.14901811
vt 0.11252135 0.60120738
vt 0.11479243 0.60328031
vt 0.07546765 0.60268593
vt 0.07555910 0.60485029
vt 0.11043317 0.60344803
vt 0.15192235 0.60396624
vt 0.17589827 0.60299075
vt 0.70839852 0.26705343
vt 0.17672135 0.62297320
vt 0.70824611 0.24825984
vt 0.77715594 0.55564857
vt 0.70454228 0.24287939
vt 0.30118886 0.09681368
vt 0.20411152 0.50269729
vt 0.77685106 0.55779773
vt 0.29923788 0.09583819
vt 0.30021337 0.09388721
vt 0.20193188 0.50272775
vt 0.20437063 0.51806140
vt 0.01382833 0.56540358
vt 0.79227614 0.55779773
vt 0.79474539 0.55595338
vt 0.01074942 0.56547976
vt 0.49388030 0.22282070
vt 0.08103104 0.13368452
vt 0.01997093 0.15752327
vt 0.79751945 0.53651965
vt 0.14748688 0.04669750
vt 0.17518188 0.08759218
vt 0.79227614 0.52694762
vt 0.09830041 0.13719022
vt 0.14905682 0.04764247
vt 0.79442531 0.52726769
vt 0.01928503 0.16235501
vt 0.08103104 0.12880701
vt 0.46990436 0.22245485
vt 0.02652506 0.19053775
vt 0.08298203 0.12978250
vt 0.79628485 0.52972162
vt 0.01997093 0.16442794
vt 0.08200654 0.12685603
vt 0.02652506 0.18745887
vt 0.05068389 0.16749161
vt 0.09988560 0.13982707
vt 0.09988560 0.13627565
vt 0.05068389 0.16389447
vt 0.13983531 0.17977679
vt 0.46252716 0.13348633
vt 0.71300167 0.44942594
vt 0.14137477 0.17823732
vt 0.71082205 0.44945639
vt 0.17518188 0.08449805
vt 0.14905682 0.04403007
vt 0.09830041 0.13362354
vt 0.13983531 0.17669791
vt 0.71082205 0.44945639
vt 0.16286622 0.03994519
vt 0.16596037 0.03625661
vt 0.70641702 0.44729203
vt 0.70609695 0.42112124
vt 0.70563972 0.38620144
vt 0.53482074 0.31500530
vt 0.70727062 0.34254789
vt 0.53782344 0.27854604
vt 0.53474456 0.27840883
vt 0.70507574 0.34254789
vt 0.66826588 0.18680346
vt 0.70071650 0.34259361
vt 0.00768574 0.75449789
vt 0.00768574 0.71709359
vt 0.69794238 0.29682142
vt 0.69576275 0.29685187
vt 0.20744956 0.71523404
vt 0.63310224 0.36577696
vt 0.20476693 0.71761179
vt 0.02240967 0.52553010
vt 0.73360908 0.40414149
vt 0.73758727 0.38226897
vt 0.63008428 0.36768222
vt 0.63008428 0.40513223
vt 0.00783816 0.75678420
vt 0.43202761 0.11678094
vt 0.00186323 0.75922292
vt 0.62400264 0.40720516
vt 0.07319657 0.60061300
vt 0.02742434 0.60244203
vt 0.08912463 0.32532424
vt 0.06982805 0.62509191
vt 0.08912463 0.36050314
vt 0.11124101 0.62343049
vt 0.08741751 0.39453888
vt 0.15055054 0.62402493
vt 0.08741751 0.41488719
vt 0.17454171 0.62304944
vt 0.30118886 0.09193623
vt 0.70839852 0.24012053
vt 0.17483132 0.63003033
vt 0.19975226 0.50277352
vt 0.20219100 0.51810712
vt 0.01382833 0.56352878
vt 0.01074942 0.56362021
vt 0.49391079 0.22062582
vt 0.13457677 0.39030159
vt 0.48956677 0.22056484
vt 0.47208402 0.22250062
vt 0.13457677 0.37284929
vt 0.47212973 0.22030574
vt 0.13457677 0.37066966
vt 0.15835454 0.69842196
vt 0.46995011 0.22027522
vt 0.02919244 0.18899834
vt 0.46777049 0.22024477
vt 0.13675639 0.03380263
vt 0.46559083 0.22021425
vt 0.52245939 0.29788834
vt 0.13829584 0.03226316
vt 0.14137477 0.18131626
vt 0.05223859 0.16483951
vt 0.02919244 0.18591940
vt 0.13675639 0.03072369
vt 0.52029496 0.29810172
vt 0.46549940 0.22021425
vt 0.46560609 0.13368452
vt 0.46252716 0.10935801
vt 0.66381520 0.42410868
vt 0.71263587 0.42104501
vt 0.66055340 0.42564815
vt 0.70827657 0.42109078
vt 0.65921205 0.39536196
vt 0.70999897 0.38614047
vt 0.65921205 0.36054885
vt 0.05853360 0.36115855
vt 0.53168088 0.31040215
vt 0.71166033 0.34466654
vt 0.52860194 0.27214432
vt 0.37653089 0.16903108
vt 0.71106589 0.29883337
vt 0.53782344 0.24015105
vt 0.70667619 0.29671466
vt 0.17057875 0.42410868
vt 0.70667619 0.29671466
vt 0.70231688 0.29677564
vt 0.70013726 0.29680616
vt 0.43262205 0.77861094
vt 0.69987816 0.27714378
vt 0.69769853 0.27715898
vt 0.43048814 0.77908349
vt 0.20744956 0.69915354
vt 0.20443159 0.69980896
vt 0.42788172 0.77742207
vt 0.02458930 0.50368804
vt 0.02240967 0.50368804
vt 0.42574784 0.77789462
vt 0.73758727 0.38618618
vt 0.73142946 0.36495388
vt 0.72984427 0.38618618
vt 0.42007774 0.77245313
vt 0.00337221 0.60123789
vt 0.02734813 0.60027766
vt 0.62400264 0.36975515
vt 0.73142946 0.38415897
vt 0.00555184 0.60114646
vt 0.00562805 0.60331082
vt 0.02396437 0.62475657
vt 0.09500811 0.50269729
vt 0.15526038 0.67331809
vt 0.07001095 0.62964928
vt 0.11143915 0.62823176
vt 0.15827833 0.70935059
vt 0.08299728 0.36013734
vt 0.15076394 0.62881100
vt 0.08129016 0.39417309
vt 0.17574584 0.50332224
vt 0.17579158 0.50550187
vt 0.17602021 0.51856440
vt 0.01382833 0.54109228
vt 0.01074942 0.54118377
vt 0.49430707 0.19445503
vt 0.48994783 0.19439405
vt 0.47087988 0.15702027
vt 0.48834741 0.15509975
vt 0.47039214 0.18974519
vt 0.13675639 0.37284929
vt 0.47220594 0.22032094
vt 0.16134200 0.69916880
vt 0.52029496 0.27621400
vt 0.46809056 0.19843322
vt 0.16134200 0.67987221
vt 0.46809056 0.19843322
vt 0.46560609 0.10955614
vt 0.46373129 0.19181812
vt 0.66689414 0.42406297
vt 0.46649012 0.15913892
vt 0.66997302 0.39656609
vt 0.66229099 0.39522481
vt 0.71219385 0.38614047
vt 0.66381520 0.39484376
vt 0.06077420 0.40260202
vt 0.66381520 0.36007637
vt 0.06304529 0.67717433
vt 0.06071323 0.36115855
vt 0.53168088 0.27202237
vt 0.05856409 0.31535584
vt 0.37954882 0.16842139
vt 0.70861191 0.27705228
vt 0.17865710 0.42410868
vt 0.44065467 0.77458704
vt 0.17210297 0.40717465
vt 0.16902405 0.40717465
vt 0.43900850 0.77719343
vt 0.70641702 0.27705228
vt 0.70205778 0.27711326
vt 0.43474069 0.77813846
vt 0.43214953 0.77647704
vt 0.33805966 0.13214505
vt 0.43001562 0.77694958
vt 0.33720610 0.12918806
vt 0.42740923 0.77528816
vt 0.28274584 0.25354886
vt 0.42527533 0.77576065
vt 0.28120637 0.24905246
vt 0.03227135 0.03380263
vt 0.42221165 0.77198064
vt 0.03129585 0.03186685
vt 0.14597790 0.06207681
vt 0.42173913 0.76984674
vt 0.41960523 0.77031922
vt 0.14445369 0.06300658
vt 0.35342374 0.68395710
vt 0.00344842 0.60340226
vt 0.24031165 0.52348763
vt 0.00652734 0.62545770
vt 0.02196765 0.62940538
vt 0.23784243 0.53758663
vt 0.04701053 0.50367284
vt 0.24125667 0.57624078
vt 0.09285896 0.50490743
vt 0.07993360 0.35995442
vt 0.15526038 0.70992976
vt 0.13652776 0.50618780
vt 0.01221266 0.50667548
vt 0.13675639 0.51938748
vt 0.07581822 0.40874457
vt 0.49479485 0.15519118
vt 0.49261519 0.15516073
vt 0.48895708 0.11365628
vt 0.46870026 0.15698975
vt 0.46812105 0.19625360
vt 0.46866977 0.15916938
vt 0.46924895 0.11992085
vt 0.01987947 0.05224562
vt 0.46924895 0.11992085
vt 0.66997302 0.36179876
vt 0.46709982 0.11769545
vt 0.06914215 0.67920160
vt 0.47955266 0.04148465
vt 0.06299955 0.31316102
vt 0.06914215 0.63725513
vt 0.46566707 0.06750304
vt 0.46591094 0.05005074
vt 0.17865710 0.41485673
vt 0.46595666 0.04787111
vt 0.03574657 0.01997793
vt 0.31193459 0.27284545
vt 0.29503101 0.25988960
vt 0.30981591 0.27336371
vt 0.17865710 0.42102981
vt 0.30876422 0.27813447
vt 0.29349157 0.26430982
vt 0.44231606 0.77198064
vt 0.44018215 0.77245313
vt 0.43640211 0.77553207
vt 0.43426821 0.77600455
vt 0.14445369 0.05939418
vt 0.03227135 0.02895558
vt 0.28274584 0.24454075
vt 0.42125139 0.76771283
vt 0.33805966 0.11926544
vt 0.42125139 0.76771283
vt 0.35093927 0.68667018
vt 0.00207663 0.62346101
vt 0.35342374 0.70224774
vt 0.41960523 0.75019956
vt 0.24125667 0.51883876
vt 0.42079413 0.74547446
vt 0.23663829 0.52016485
vt 0.00671024 0.63003033
vt 0.23569328 0.52481365
vt 0.23448914 0.53609288
vt 0.04487662 0.50574577
vt 0.09308759 0.51796997
vt 0.07836366 0.37057823
vt 0.07523902 0.37243778
vt 0.49322489 0.11371726
vt 0.48744810 0.06782311
vt 0.01997093 0.00420231
vt 0.46777049 0.07189274
vt 0.46780095 0.06971312
vt 0.01987947 0.00202268
vt 0.46809056 0.05008125
vt 0.03687449 0.01859093
vt 0.46813628 0.04790163
vt 0.07683944 0.42410868
vt 0.48560381 0.04598111
vt 0.44137105 0.74760842
vt 0.07683944 0.40929329
vt 0.29349157 0.25551510
vt 0.30876422 0.26912636
vt 0.03574657 0.01511568
vt 0.07394343 0.42211199
vt 0.44255993 0.76298773
vt 0.42244029 0.74286807
vt 0.02742434 0.50618780
vt 0.23358986 0.52048492
vt 0.23264484 0.52513373
vt 0.03179885 0.50598961
vt 0.07825696 0.31744403
vt 0.03201224 0.51917410
vt 0.04510526 0.51894546
vt 0.07793688 0.32864702
vt 0.07481223 0.33052182
vt 0.49176165 0.06570446
vt 0.48770723 0.05037081
vt 0.49205124 0.04607254
vt 0.07528474 0.31369448
vt 0.43781963 0.74169445
vt 0.02765298 0.51925027
vt 0.43522847 0.74003303
vt 0.07836366 0.31369448
vt 0.07517804 0.31744403
vt 0.49199027 0.05043179
vt 0.22281365 0.19361669
vt 0.15519941 0.12615490
vt 0.45354953 0.74759316
vt 0.28808060 0.78673506
vt 0.22435310 0.19094932
vt 0.45601878 0.74574888
vt 0.45787832 0.74821806
vt 0.29245511 0.78673506
vt 0.46034753 0.74635851
vt 0.05050098 0.40690029
vt 0.46219185 0.74882782
vt 0.46249670 0.74667859
vt 0.29463473 0.78673506
vt 0.29245511 0.78455544
vt 0.22281365 0.18826669
vt 0.29027548 0.78455544
vt 0.15519941 0.12141454
vt 0.15283687 0.12418866
vt 0.28590098 0.78455544
vt 0.22281365 0.57596636
vt 0.13215326 0.07222807
vt 0.22741678 0.08605272
vt 0.28154171 0.78458589
vt 0.21973473 0.57602739
vt 0.28373659 0.78458589
vt 0.15401052 0.12754190
vt 0.21973473 0.57778025
vt 0.28373659 0.78676552
vt 0.22741678 0.08913165
vt 0.54090238 0.32884520
vt 0.45140040 0.74728835
vt 0.02004714 0.55488646
vt 0.35311893 0.58506596
vt 0.44583699 0.75530571
vt 0.44676676 0.77967793
vt 0.35342374 0.60939246
vt 0.19249699 0.00151968
vt 0.76307219 0.53014845
vt 0.44861108 0.78214717
vt 0.19514912 0.00305915
vt 0.19249699 0.00461388
vt 0.35127461 0.61158729
vt 0.02902477 0.41488719
vt 0.76525182 0.52795357
vt 0.15042861 0.05070615
vt 0.76307219 0.52795357
vt 0.74769282 0.53013319
vt 0.15068772 0.03840572
vt 0.17606594 0.47360003
vt 0.46403614 0.78214717
vt 0.17606594 0.49749970
vt 0.17606594 0.49532008
vt 0.01997093 0.15327066
vt 0.17824556 0.49749970
vt 0.46927944 0.76088434
vt 0.17824556 0.49532008
vt 0.01899543 0.15520644
vt 0.46927944 0.76088434
vt 0.05050098 0.42104501
vt 0.46682546 0.77813846
vt 0.17606594 0.47788304
vt 0.35336280 0.60481977
vt 0.44522732 0.77505952
vt 0.46774000 0.75623548
vt 0.05223859 0.41598463
vt 0.46589568 0.75376624
vt 0.05165939 0.41296667
vt 0.05108018 0.40993351
vt 0.46403614 0.75129700
vt 0.03129585 0.00420231
vt 0.19360967 0.10449576
vt 0.46836492 0.75192195
vt 0.46650538 0.74945271
vt 0.19094229 0.10295630
vt 0.29899397 0.78676552
vt 0.49019170 0.27659506
vt 0.29899397 0.78458589
vt 0.29463473 0.78455544
vt 0.29245511 0.75618970
vt 0.29027548 0.75618970
vt 0.28590098 0.75618970
vt 0.22281365 0.55325556
vt 0.21973473 0.55333173
vt 0.28373659 0.75622022
vt 0.16288146 0.02919948
vt 0.67457616 0.39264888
vt 0.13213801 0.04386240
vt 0.28154171 0.75622022
vt 0.28372133 0.72130042
vt 0.64230847 0.42718762
vt 0.04149286 0.41336298
vt 0.03381081 0.41336298
vt 0.16288146 0.00101668
vt 0.15983303 0.00142825
vt 0.03071665 0.41336298
vt 0.43004611 0.16749161
vt 0.27966693 0.54577166
vt 0.67459142 0.35775954
vt 0.27966693 0.57470131
vt 0.35342374 0.11607981
vt 0.67239654 0.39264888
vt 0.22555724 0.08617467
vt 0.12998886 0.07222807
vt 0.67459142 0.42104501
vt 0.35103074 0.14444548
vt 0.53885990 0.32599491
vt 0.53809780 0.32754958
vt 0.15365995 0.00767756
vt 0.44893116 0.74914789
vt 0.15151080 0.00351644
vt 0.22281365 0.08451331
vt 0.44615710 0.75315654
vt 0.44399270 0.75285172
vt 0.22127420 0.08297384
vt 0.35307318 0.58265769
vt 0.02097691 0.55779773
vt 0.35092404 0.58485258
vt 0.02304984 0.55551142
vt 0.02304984 0.53670257
vt 0.35118315 0.60485029
vt 0.25494415 0.58607197
vt 0.28984869 0.58562994
vt 0.29010782 0.60561240
vt 0.32501236 0.60517037
vt 0.03073189 0.36234742
vt 0.29016876 0.61018503
vt 0.32507333 0.60974300
vt 0.03073189 0.39196301
vt 0.02766822 0.39362437
vt 0.76307219 0.50396240
vt 0.74782997 0.52796882
vt 0.07376052 0.13676339
vt 0.15365995 0.03922880
vt 0.07068161 0.13676339
vt 0.08912463 0.69148672
vt 0.15289783 0.03625661
vt 0.15042861 0.03355873
vt 0.08476537 0.69148672
vt 0.45792404 0.19821984
vt 0.17388630 0.47788304
vt 0.14137477 0.64845812
vt 0.17388630 0.49967933
vt 0.01899543 0.15034419
vt 0.17606594 0.49967933
vt 0.46990436 0.75654030
vt 0.17606594 0.50185895
vt 0.19668858 0.16287327
vt 0.47020921 0.75439119
vt 0.46806008 0.75407106
vt 0.19514912 0.16442794
vt 0.24738401 0.21820229
vt 0.03227135 0.00615329
vt 0.19360967 0.10140163
vt 0.03227135 0.00127584
vt 0.24892348 0.21375161
vt 0.73929441 0.52399063
vt 0.30118886 0.78458589
vt 0.29899397 0.75839984
vt 0.49019170 0.25464630
vt 0.48711279 0.25286299
vt 0.29681435 0.75618970
vt 0.48711279 0.22541183
vt 0.16740838 0.66844058
vt 0.29681435 0.72348005
vt 0.29245511 0.72130042
vt 0.29243985 0.68200612
vt 0.59775567 0.05992764
vt 0.28808060 0.72130042
vt 0.22281365 0.52533191
vt 0.28590098 0.72130042
vt 0.28590098 0.68200612
vt 0.64538741 0.39568204
vt 0.04149286 0.37409914
vt 0.64230847 0.39575827
vt 0.28590098 0.63838303
vt 0.28274584 0.69762933
vt 0.64538741 0.36077750
vt 0.64230847 0.36083847
vt 0.27965167 0.69762933
vt 0.41797432 0.20744133
vt 0.45792404 0.11524147
vt 0.35433829 0.10755944
vt 0.28734899 0.53729701
vt 0.04149286 0.33047611
vt 0.03272862 0.38117152
vt 0.03931323 0.37409914
vt 0.28587049 0.57316184
vt 0.43025950 0.12816685
vt 0.27044541 0.57435071
vt 0.42820182 0.13045317
vt 0.27352434 0.51729929
vt 0.42420837 0.13283092
vt 0.45638457 0.13647383
vt 0.45420495 0.13658053
vt 0.26428759 0.57624078
vt 0.25271878 0.58175838
vt 0.25274926 0.58392280
vt 0.27196962 0.54717398
vt 0.45606449 0.17363423
vt 0.28981820 0.58346558
vt 0.34715924 0.08553451
vt 0.27204585 0.54891157
vt 0.54090238 0.30771953
vt 0.34715924 0.12261868
vt 0.35089356 0.58268821
vt 0.22281365 0.08143437
vt 0.15365995 0.00130630
vt 0.53325081 0.32341897
vt 0.33126166 0.58293205
vt 0.32908201 0.58296251
vt 0.32690239 0.58299303
vt 0.28981820 0.58346558
vt 0.25492889 0.58389235
vt 0.20911095 0.58447152
vt 0.25084400 0.60610014
vt 0.24872532 0.61070329
vt 0.03073189 0.32718378
vt 0.02766822 0.36216456
vt 0.76307219 0.46687824
vt 0.07272406 0.11540914
vt 0.74769282 0.50396240
vt 0.08904842 0.66749561
vt 0.08686879 0.66749561
vt 0.52038640 0.27351612
vt 0.01536779 0.37167567
vt 0.45792404 0.17733806
vt 0.45489085 0.17788678
vt 0.01228887 0.37187380
vt 0.14989513 0.47786784
vt 0.01823332 0.56394029
vt 0.03535027 0.39030159
vt 0.14553587 0.49958789
vt 0.14989513 0.50176752
vt 0.52706248 0.29101413
vt 0.14137477 0.62774402
vt 0.14110041 0.62960356
vt 0.52706248 0.29319376
vt 0.52706248 0.29537338
vt 0.15425439 0.50176752
vt 0.14081080 0.63144785
vt 0.52488285 0.29537338
vt 0.74372989 0.52399063
vt 0.25047818 0.21820229
vt 0.19514912 0.16133380
vt 0.17388630 0.50185895
vt 0.52488285 0.31500530
vt 0.52488285 0.29319376
vt 0.74372989 0.50217903
vt 0.73929441 0.49781978
vt 0.30118886 0.75839984
vt 0.49019170 0.22536612
vt 0.29899397 0.72351050
vt 0.17048730 0.66830343
vt 0.16740838 0.63362753
vt 0.24738401 0.57599688
vt 0.29899397 0.68203664
vt 0.07225155 0.67151952
vt 0.29681435 0.68203664
vt 0.07066637 0.63495356
vt 0.24430510 0.53946137
vt 0.29681435 0.63838303
vt 0.29243985 0.63618815
vt 0.59775567 0.01842326
vt 0.28808060 0.67982650
vt 0.28808060 0.68200612
vt 0.59763372 0.02060288
vt 0.28808060 0.63838303
vt 0.04353531 0.76045752
vt 0.28590098 0.61437666
vt 0.28146550 0.67760110
vt 0.28372133 0.61437666
vt 0.04135568 0.76064044
vt 0.41797432 0.18335873
vt 0.41580993 0.18354160
vt 0.04118802 0.75846082
vt 0.45792404 0.09125030
vt 0.45574442 0.09125030
vt 0.03900839 0.75864375
vt 0.35650268 0.08365971
vt 0.35433829 0.08347684
vt 0.03882548 0.75646412
vt 0.19360967 0.42657793
vt 0.28427005 0.51815283
vt 0.42593074 0.08469617
vt 0.28427005 0.53735799
vt 0.18957049 0.45023376
vt 0.27044541 0.53769332
vt 0.45420495 0.09286600
vt 0.42420837 0.08914691
vt 0.26736650 0.54124475
vt 0.26428759 0.54132092
vt 0.60697716 0.39491993
vt 0.20909570 0.58230710
vt 0.60496521 0.36882538
vt 0.18290967 0.58264244
vt 0.60479754 0.36664575
vt 0.21755511 0.00089478
vt 0.19312191 0.47198433
vt 0.18073003 0.58265769
vt 0.19514912 0.47430116
vt 0.18294016 0.58480680
vt 0.21158017 0.60660315
vt 0.20946151 0.61120629
vt 0.03073189 0.29386443
vt 0.02766822 0.32700086
vt 0.76307219 0.42543477
vt 0.08904842 0.63041139
vt 0.74769282 0.46687824
vt 0.06453902 0.75141895
vt 0.52245939 0.23650813
vt 0.01228887 0.33927083
vt 0.52027971 0.23638618
vt 0.11281095 0.47350854
vt 0.11281095 0.48004746
vt 0.01997093 0.53569663
vt 0.11281095 0.49748451
vt 0.01690725 0.50513601
vt 0.07790639 0.49966413
vt 0.10756765 0.07265490
vt 0.03535027 0.33358550
vt 0.10538802 0.07265490
vt 0.01690725 0.53592521
vt 0.10538802 0.10755944
vt 0.03535027 0.36286569
vt 0.52488285 0.25612479
vt 0.11499058 0.50184375
vt 0.03225611 0.36474049
vt 0.74372989 0.46509486
vt 0.73929441 0.46291524
vt 0.30118886 0.72351050
vt 0.17056350 0.63527364
vt 0.30118886 0.68424672
vt 0.73929441 0.42365146
vt 0.25047818 0.57778025
vt 0.73929441 0.38001311
vt 0.25047818 0.54118377
vt 0.07376052 0.63495356
vt 0.29899397 0.63841355
vt 0.24738401 0.53940046
vt 0.29899397 0.61440712
vt 0.24738401 0.51928079
vt 0.05639970 0.75719571
vt 0.05422007 0.75737864
vt 0.05223859 0.75972593
vt 0.29461950 0.61437666
vt 0.05005896 0.75990880
vt 0.29243985 0.61437666
vt 0.28808060 0.61437666
vt 0.04571494 0.76027465
vt 0.04553204 0.75809503
vt 0.34574172 0.09833795
vt 0.04335241 0.75827789
vt 0.34488815 0.09538096
vt 0.26584229 0.06146711
vt 0.04100511 0.75629646
vt 0.26479056 0.05750418
vt 0.03845967 0.75212008
vt 0.60697716 0.36647809
vt 0.26576608 0.51766515
vt 0.18957049 0.42587680
vt 0.03629528 0.75230300
vt 0.18074527 0.58290160
vt 0.21755511 0.00307441
vt 0.19214642 0.47489560
vt 0.21973473 0.00307441
vt 0.18077576 0.58506596
vt 0.24125667 0.48904032
vt 0.18105012 0.60698420
vt 0.19514912 0.49480188
vt 0.18322974 0.60695374
vt 0.18329072 0.61152637
vt 0.03073189 0.27165657
vt 0.76307219 0.35998493
vt 0.02766822 0.27147365
vt 0.02766822 0.29368150
vt 0.76307219 0.38617098
vt 0.74782997 0.42543477
vt 0.69301915 0.45485216
vt 0.06453902 0.71611810
vt 0.52245939 0.19500375
vt 0.06146010 0.71614861
vt 0.68994027 0.45479119
vt 0.07136750 0.47350854
vt 0.07354713 0.48004746
vt 0.03208845 0.49966413
vt 0.10756765 0.02685219
vt 0.10538802 0.02685219
vt 0.03210369 0.49957263
vt 0.03535027 0.29516000
vt 0.03225611 0.29339188
vt 0.74372989 0.42583108
vt 0.03225611 0.33181739
vt 0.02772919 0.50184375
vt 0.49371263 0.06914920
vt 0.74372989 0.37783349
vt 0.20437063 0.11524147
vt 0.24413744 0.21205974
vt 0.49633428 0.05053848
vt 0.00591765 0.50402337
vt 0.03225611 0.27325702
vt 0.00591765 0.50184375
vt 0.00373802 0.50184375
vt 0.22369769 0.00307441
vt 0.15981779 0.19821984
vt 0.11677391 0.15365171
vt 0.11832862 0.15519118
vt 0.20591009 0.11370200
vt 0.00373802 0.50402337
vt 0.24432035 0.20899606
vt 0.20437063 0.11216259
vt 0.11677391 0.15673065
vt 0.15713516 0.19668037
vt 0.09066408 0.17517370
vt 0.21973473 0.12641400
vt 0.09680668 0.13676339
vt 0.09680668 0.13366926
vt 0.21818003 0.12908137
vt 0.09680668 0.12069815
vt 0.05621679 0.75501609
vt 0.05839642 0.75484842
vt 0.25047818 0.51923501
vt 0.73929441 0.35384232
vt 0.49371263 0.04811502
vt 0.24253701 0.20899606
vt 0.09526722 0.13522398
vt 0.05403716 0.75519902
vt 0.05205568 0.75756156
vt 0.04987605 0.75774443
vt 0.17861137 0.58726084
vt 0.03592947 0.74794376
vt 0.26584229 0.05296201
vt 0.34574172 0.08545828
vt 0.03592947 0.74794376
vt 0.23868075 0.47093260
vt 0.17893146 0.61158729
vt 0.23868075 0.49326241
vt 0.03827677 0.72367823
vt 0.03073189 0.26795274
vt 0.02766822 0.26776981
vt 0.04027349 0.72131562
vt 0.76307219 0.35562563
vt 0.16596037 0.13676339
vt 0.20130695 0.47360003
vt 0.74782997 0.36000013
vt 0.74769282 0.38617098
vt 0.20130695 0.49621940
vt 0.69301915 0.42040485
vt 0.68994027 0.42034388
vt 0.19822805 0.49634135
vt 0.03208845 0.47568816
vt 0.03208845 0.48004746
vt 0.10756765 0.00068140
vt 0.00591765 0.49966413
vt 0.00373802 0.49966413
vt 0.13369271 0.42410868
vt 0.10997590 0.09554863
vt 0.11217078 0.09339947
vt 0.14751735 0.05684876
vt 0.22589257 0.00307441
vt 0.00155839 0.50184375
vt 0.09066408 0.17209476
vt 0.15981779 0.19514090
vt 0.22589257 0.00089478
vt 0.14544442 0.05616283
vt 0.09452035 0.12357897
vt 0.21818003 0.12546897
vt 0.08912463 0.17363423
vt 0.14751735 0.04995930
vt 0.11217078 0.09987736
vt 0.13094912 0.42043537
vt 0.05748189 0.74396551
vt 0.09680668 0.13062084
vt 0.74769282 0.35562563
vt 0.05566807 0.72223020
vt 0.16596037 0.13199264
vt 0.19822805 0.47370672
vt 0.16303389 0.13578790
vt 0.00591765 0.47350854
vt 0.00591765 0.48004746
vt 0.13369271 0.40758622
vt 0.00155839 0.48004746
vt 0.05839642 0.72857094
vt 0.16303389 0.13101715
vt 0.05803061 0.72421169
vt 0.00155839 0.47568816
vt 0.71083724 0.17671311
vt 0.01855340 0.40568095
vt 0.19976750 0.23356640
vt 0.12907434 0.36530441
vt 0.15196808 0.42410868
vt 0.45176619 0.14598495
vt 0.71301693 0.17668265
vt 0.45146134 0.14382052
vt 0.72621661 0.17654544
vt 0.45176619 0.13055986
vt 0.13666494 0.42220342
vt 0.10448873 0.00196171
vt 0.07836366 0.16288847
vt 0.08144257 0.16287327
vt 0.18871693 0.00764704
vt 0.11985283 0.15671539
vt 0.02394913 0.41488719
vt 0.04917491 0.41950560
vt 0.30271307 0.64522678
vt 0.07836366 0.15979433
vt 0.04611124 0.41915500
vt 0.30054870 0.61695254
vt 0.04917491 0.39557534
vt 0.02175426 0.38650626
vt 0.20437063 0.55381954
vt 0.37464085 0.15273720
vt 0.16596037 0.20128351
vt 0.01010925 0.19053775
vt 0.19069842 0.16221786
vt 0.37503713 0.79072845
vt 0.37646991 0.15026796
vt 0.19360967 0.16119659
vt 0.01010925 0.18835813
vt 0.01536779 0.21974176
vt 0.19127761 0.16394019
vt 0.19360967 0.16595215
vt 0.01536779 0.21664762
vt 0.37941164 0.79290813
vt 0.38157603 0.76452720
vt 0.37939641 0.76452720
vt 0.37503713 0.76237804
vt 0.08849970 0.12293875
vt 0.17672135 0.68813348
vt 0.19054599 0.47276169
vt 0.37249172 0.12219191
vt 0.37433600 0.15057284
vt 0.19054599 0.49634135
vt 0.35496321 0.13982707
vt 0.28888842 0.25079006
vt 0.29042789 0.25345743
vt 0.08761565 0.01331711
vt 0.37249172 0.15304208
vt 0.28728801 0.25167412
vt 0.35278359 0.13965940
vt 0.55318755 0.18700159
vt 0.54870635 0.16964078
vt 0.54913312 0.18925744
vt 0.28728801 0.25702411
vt 0.54701447 0.19149804
vt 0.39822048 0.18726069
vt 0.28882748 0.25969148
vt 0.29038218 0.25702411
vt 0.39864725 0.18421227
vt 0.08761565 0.01689905
vt 0.37279654 0.15520644
vt 0.08912463 0.01421642
vt 0.39908928 0.18114859
vt 0.16329300 0.20283818
vt 0.16596037 0.20437765
vt 0.39953130 0.17810017
vt 0.34947604 0.08618993
vt 0.01228887 0.18835813
vt 0.01010925 0.18617851
vt 0.35188431 0.08428466
vt 0.50982362 0.07663310
vt 0.01690725 0.21820229
vt 0.01690725 0.21510816
vt 0.51015896 0.07356942
vt 0.14852335 0.38697881
vt 0.38159129 0.79290813
vt 0.38595054 0.76452720
vt 0.20129171 0.55365187
vt 0.38813016 0.72962260
vt 0.20437063 0.52434117
vt 0.02175426 0.35157126
vt 0.10756765 0.66536164
vt 0.02393389 0.31015825
vt 0.59778613 0.11832041
vt 0.10756765 0.63041139
vt 0.10450397 0.63073146
vt 0.59470719 0.11832041
vt 0.38813016 0.68817919
vt 0.38595054 0.72962260
vt 0.38157603 0.72962260
vt 0.37939641 0.72962260
vt 0.37503713 0.72962260
vt 0.09066408 0.09021384
vt 0.17672135 0.66194743
vt 0.08849970 0.09021384
vt 0.37503713 0.68817919
vt 0.09066408 0.04877043
vt 0.37503713 0.64237648
vt 0.01320340 0.39798361
vt 0.23049571 0.53775430
vt 0.01175540 0.25380802
vt 0.09066408 0.00295246
vt 0.08849970 0.04877043
vt 0.01382833 0.29961067
vt 0.17672135 0.62878048
vt 0.01353873 0.34113038
vt 0.55187672 0.12594146
vt 0.17362718 0.66202366
vt 0.35496321 0.11356485
vt 0.18757376 0.47474319
vt 0.17362718 0.68994731
vt 0.55262363 0.16083080
vt 0.54861492 0.16528153
vt 0.54649627 0.16750687
vt 0.54696876 0.18930316
vt 0.52029496 0.19207722
vt 0.02463503 0.02612054
vt 0.10602818 0.00461388
vt 0.13512547 0.41952080
vt 0.48324126 0.22535086
vt 0.52482188 0.18979090
vt 0.48557332 0.22975588
vt 0.51015896 0.08913165
vt 0.35188431 0.09681368
vt 0.39953130 0.18901354
vt 0.54485011 0.19154376
vt 0.48324126 0.24893051
vt 0.13512547 0.39464557
vt 0.30054870 0.64539444
vt 0.20156607 0.57778025
vt 0.38595054 0.79290813
vt 0.15274543 0.38812196
vt 0.00567378 0.09807879
vt 0.07682420 0.15825486
vt 0.07682420 0.16134906
vt 0.00614628 0.10111201
vt 0.16033602 0.43611956
vt 0.07990312 0.16133380
vt 0.07990312 0.16442794
vt 0.16288146 0.43782663
vt 0.09069457 0.33610046
vt 0.19054599 0.00767756
vt 0.09145667 0.33908790
vt 0.19054599 0.00459862
vt 0.18871693 0.00456810
vt 0.11061608 0.00100148
vt 0.11985283 0.15980959
vt 0.12139229 0.15825486
vt 0.29663146 0.55165517
vt 0.03865782 0.69302619
vt 0.04536437 0.17211002
vt 0.02612876 0.41488719
vt 0.04318474 0.14374435
vt 0.02611352 0.38650626
vt 0.04318474 0.10883975
vt 0.02611352 0.35160172
vt 0.04318474 0.06957597
vt 0.02612876 0.31235313
vt 0.02612876 0.26435560
vt 0.04318474 0.02157837
vt 0.16565554 0.72416592
vt 0.59929514 0.07997113
vt 0.16262235 0.72472990
vt 0.59620094 0.07997113
vt 0.59312201 0.07997113
vt 0.15958916 0.72529387
vt 0.38811493 0.64234602
vt 0.38375565 0.68817919
vt 0.38157603 0.68599957
vt 0.37939641 0.68599957
vt 0.37939641 0.64016640
vt 0.37721679 0.62271410
vt 0.37503713 0.62271410
vt 0.01536779 0.37835175
vt 0.23049571 0.52205485
vt 0.01320340 0.37835175
vt 0.25047818 0.04302412
vt 0.16902405 0.20585614
vt 0.31193459 0.08483338
vt 0.16724072 0.20591712
vt 0.14980368 0.06454605
vt 0.27660325 0.05258095
vt 0.30975497 0.08483338
vt 0.30975497 0.10449576
vt 0.27446935 0.07222807
vt 0.22741678 0.53783047
vt 0.01175540 0.30188179
vt 0.22741678 0.57624078
vt 0.55318755 0.08663195
vt 0.54913312 0.08890301
vt 0.54696876 0.08894873
vt 0.01074942 0.05006599
vt 0.54782230 0.12819731
vt 0.54559696 0.12606341
vt 0.01065796 0.05224562
vt 0.54701447 0.09112841
vt 0.54485011 0.09117413
vt 0.31347403 0.67209876
vt 0.52495909 0.08504677
vt 0.52561450 0.12650543
vt 0.31300154 0.73946905
vt 0.17518188 0.00258666
vt 0.52448654 0.16362011
vt 0.54645056 0.16532725
vt 0.16911550 0.02305686
vt 0.52477616 0.18761128
vt 0.51808488 0.18994331
vt 0.30557859 0.76217991
vt 0.72836578 0.17433536
vt 0.02612876 0.02342266
vt 0.10602818 0.00092524
vt 0.02463503 0.02259964
vt 0.72618616 0.17435062
vt 0.71300167 0.17450303
vt 0.01997093 0.40295255
vt 0.19758786 0.23138678
vt 0.01689201 0.40307450
vt 0.01692249 0.40493405
vt 0.15019998 0.02151740
vt 0.12886095 0.36748403
vt 0.19758786 0.23356640
vt 0.01381309 0.40318120
vt 0.62334722 0.18529445
vt 0.60155094 0.18497437
vt 0.60373056 0.18500489
vt 0.60370010 0.18718451
vt 0.15212049 0.01910913
vt 0.01382833 0.40505600
vt 0.62330151 0.18747407
vt 0.12866279 0.10295630
vt 0.00154315 0.19593352
vt 0.09069457 0.34881240
vt 0.16033602 0.45023376
vt 0.00567378 0.11524147
vt 0.15981779 0.40363848
vt 0.12907434 0.38723791
vt 0.15019998 0.00176358
vt 0.00084201 0.20076525
vt 0.12866279 0.09807879
vt 0.60152048 0.18715400
vt 0.04917491 0.16903108
vt 0.13061380 0.09905428
vt 0.11061608 0.00461388
vt 0.19054599 0.00151968
vt 0.09220354 0.34209061
vt 0.00154315 0.20283818
vt 0.12963830 0.09612781
vt 0.04650753 0.17057055
vt 0.20744956 0.11832041
vt 0.11217078 0.19515616
vt 0.20591009 0.11678094
vt 0.01010925 0.17761242
vt 0.11217078 0.19297653
vt 0.12139229 0.16134906
vt 0.11217078 0.00194645
vt 0.10999115 0.19297653
vt 0.01228887 0.17761242
vt 0.65003628 0.43486965
vt 0.13917990 0.06300658
vt 0.29964939 0.55098450
vt 0.29663146 0.53063619
vt 0.13917990 0.03901541
vt 0.04303232 0.66906554
vt 0.03865782 0.66467577
vt 0.14288373 0.06146711
vt 0.04536437 0.14374435
vt 0.14288373 0.03218693
vt 0.04536437 0.10883975
vt 0.14597790 0.00103194
vt 0.66843355 0.43936610
vt 0.02087021 0.33344829
vt 0.04763545 0.07175559
vt 0.02087021 0.28110671
vt 0.42257747 0.10449576
vt 0.25828215 0.50708705
vt 0.04763545 0.01941401
vt 0.04318474 0.00194645
vt 0.25828215 0.49123520
vt 0.16292718 0.70793307
vt 0.15989399 0.70849705
vt 0.39030978 0.62274456
vt 0.38593531 0.62271410
vt 0.38375565 0.64016640
vt 0.38157603 0.64016640
vt 0.27350909 0.24219346
vt 0.38157603 0.62271410
vt 0.27513999 0.23778850
vt 0.47516292 0.75756156
vt 0.37721679 0.62053448
vt 0.37503713 0.62053448
vt 0.47298330 0.75756156
vt 0.01536779 0.37617213
vt 0.01320340 0.37617213
vt 0.47298330 0.75538188
vt 0.24872532 0.04302412
vt 0.16724072 0.20282298
vt 0.24880154 0.04610300
vt 0.47080368 0.75320226
vt 0.01228887 0.19219917
vt 0.15212049 0.06250358
vt 0.27248788 0.05258095
vt 0.14980368 0.05979049
vt 0.01044457 0.19515616
vt 0.16021408 0.19975930
vt 0.54978853 0.01906341
vt 0.22433786 0.52219200
vt 0.22433786 0.53964430
vt 0.55026108 0.04087496
vt 0.01065796 0.00202268
vt 0.54809666 0.04092067
vt 0.54593229 0.04096639
vt 0.52392262 0.03707969
vt 0.31272718 0.63138688
vt 0.30730096 0.66999531
vt 0.51887745 0.12665784
vt 0.30629498 0.70775014
vt 0.51968527 0.16372681
vt 0.16911550 0.00164163
vt 0.30685896 0.73921001
vt 0.30379528 0.73908806
vt 0.72588128 0.14817983
vt 0.71271205 0.15051186
vt 0.01977278 0.38239092
vt 0.01669386 0.38249761
vt 0.62578601 0.16131854
vt 0.62153345 0.15907794
vt 0.60196251 0.15662396
vt 0.62199068 0.12199378
vt 0.60246551 0.12171942
vt 0.60296845 0.08681482
vt 0.60025537 0.12386853
vt 0.59970665 0.16095275
vt 0.59967619 0.16313237
vt 0.65306950 0.43430573
vt 0.01010925 0.17979205
vt 0.20744956 0.11524147
vt 0.04650753 0.16747636
vt 0.59937131 0.18494391
vt 0.65034109 0.41807282
vt 0.14137477 0.04117984
vt 0.65003628 0.41625899
vt 0.14905682 0.03392452
vt 0.04303232 0.63201183
vt 0.14123759 0.00191599
vt 0.50086123 0.28824008
vt 0.67151248 0.43947279
vt 0.14905682 0.00098622
vt 0.60078883 0.08678436
vt 0.50095266 0.29041970
vt 0.67151248 0.39752638
vt 0.50095266 0.23803234
vt 0.59937131 0.03441226
vt 0.02304984 0.28328633
vt 0.02087021 0.26365441
vt 0.42257747 0.08704346
vt 0.26122391 0.49213451
vt 0.42039782 0.08704346
vt 0.16596037 0.70736909
vt 0.42039782 0.08486384
vt 0.49261519 0.75102264
vt 0.16565554 0.70557052
vt 0.49043557 0.75320226
vt 0.16262235 0.70613444
vt 0.15958916 0.70668316
vt 0.48825595 0.75538188
vt 0.39030978 0.62056494
vt 0.48389667 0.75756156
vt 0.10602818 0.00656486
vt 0.38593531 0.62053448
vt 0.38375565 0.62271410
vt 0.10448873 0.00921696
vt 0.27350909 0.24397683
vt 0.27660325 0.24050158
vt 0.47734255 0.75538188
vt 0.47516292 0.75538188
vt 0.47298330 0.75320226
vt 0.16288146 0.20129877
vt 0.01044457 0.19207722
vt 0.47080368 0.75102264
vt 0.23720226 0.20256382
vt 0.20129171 0.17363423
vt 0.23817775 0.20451486
vt 0.20283118 0.17209476
vt 0.16288146 0.19821984
vt 0.20129171 0.17055529
vt 0.54757845 0.01692951
vt 0.54762417 0.01910913
vt 0.54545981 0.01915491
vt 0.52354157 0.01962739
vt 0.31245282 0.61657155
vt 0.30632547 0.61632764
vt 0.30655411 0.62928349
vt 0.72481436 0.06747252
vt 0.30423731 0.66987336
vt 0.30321607 0.70762819
vt 0.72545451 0.11109561
vt 0.71225476 0.11124802
vt 0.01943745 0.34873623
vt 0.01635853 0.34884292
vt 0.62634993 0.12205476
vt 0.62258512 0.08055031
vt 0.60152048 0.03662241
vt 0.59964567 0.01478040
vt 0.02304984 0.26365441
vt 0.49261519 0.74666339
vt 0.02304984 0.26147479
vt 0.59967619 0.01260072
vt 0.49479485 0.74884301
vt 0.42257747 0.08486384
vt 0.02087021 0.26147479
vt 0.49261519 0.74884301
vt 0.49043557 0.75102264
vt 0.48825595 0.75320226
vt 0.10448873 0.00554365
vt 0.48389667 0.75538188
vt 0.27660325 0.24586684
vt 0.27660325 0.24408352
vt 0.48171705 0.75538188
vt 0.20283118 0.16901582
vt 0.23720226 0.20744133
vt 0.46862403 0.74666339
vt 0.54541403 0.01697522
vt 0.52349585 0.01744777
vt 0.47080368 0.72483659
vt 0.31242234 0.61472720
vt 0.47516292 0.72047734
vt 0.30629498 0.61446810
vt 0.47734255 0.71829772
vt 0.72403699 0.00203794
vt 0.30321607 0.61434615
vt 0.72406745 0.00421757
vt 0.30326179 0.61620569
vt 0.30349043 0.62914634
vt 0.72425038 0.01947498
vt 0.71173656 0.06762499
vt 0.01907164 0.31133193
vt 0.01602321 0.31332862
vt 0.62694442 0.08061129
vt 0.62119812 0.03253752
vt 0.60182530 0.01481086
vt 0.60185581 0.01263124
vt 0.68687660 0.44951737
vt 0.49479485 0.74666339
vt 0.68687660 0.46664959
vt 0.49261519 0.72703147
vt 0.49043557 0.74448377
vt 0.49043557 0.72047734
vt 0.01689201 0.25450915
vt 0.71083724 0.00217509
vt 0.01692249 0.25638396
vt 0.71086776 0.00435472
vt 0.71105069 0.01962739
vt 0.01704443 0.26946169
vt 0.01398076 0.27145845
vt 0.62546593 0.03259850
vt 0.62144196 0.01510048
vt 0.68384337 0.46620756
vt 0.49261519 0.72265697
vt 0.68658698 0.47021627
vt 0.62575549 0.01296657
vt 0.01381309 0.25463110
vt 0.01382833 0.25649065
vt 0.62572503 0.01514620
vt 0.03539599 0.40939999
vt 0.14135952 0.44715488
vt 0.33345652 0.12418866
vt 0.65959311 0.44401497
vt 0.62234128 0.40720516
vt 0.03820055 0.41182351
vt 0.33034712 0.12600243
vt 0.24125667 0.21052027
vt 0.66329694 0.44717008
vt 0.33034712 0.12066770
vt 0.13982007 0.44253647
vt 0.23950382 0.21047455
vt 0.13050710 0.01186913
vt 0.00091822 0.39184105
vt 0.65460891 0.07375228
vt 0.19714585 0.53054476
vt 0.08452149 0.33806670
vt 0.66383046 0.44505143
vt 0.14135952 0.44098181
vt 0.13050710 0.01535958
vt 0.24125667 0.20744133
vt 0.13982007 0.43944234
vt 0.49708116 0.23510587
vt 0.49487105 0.23295671
vt 0.07586394 0.76832247
vt 0.00306737 0.39164287
vt 0.13215326 0.01276839
vt 0.49705067 0.23292625
vt 0.49923030 0.23289573
vt 0.50358957 0.23285002
vt 0.50796407 0.23278904
vt 0.50797933 0.23496866
vt 0.21958230 0.47154230
vt 0.22177719 0.47154230
vt 0.50270551 0.05206269
vt 0.51015896 0.23493820
vt 0.22177719 0.47372192
vt 0.22395681 0.47590160
vt 0.22395681 0.47372192
vt 0.50566250 0.05293149
vt 0.50323898 0.05030984
vt 0.51014370 0.23275858
vt 0.50566250 0.03197354
vt 0.06452377 0.33806670
vt 0.50767446 0.21094704
vt 0.50328469 0.20882839
vt 0.50110507 0.20884359
vt 0.49674582 0.20890456
vt 0.07836366 0.74896497
vt 0.00091822 0.36775839
vt 0.07528474 0.74913263
vt 0.65460891 0.04973066
vt 0.65242928 0.04973066
vt 0.07383674 0.75012338
vt 0.17310895 0.52845657
vt 0.08452149 0.32131553
vt 0.17754441 0.53467536
vt 0.62234128 0.38963091
vt 0.66383046 0.42712665
vt 0.08386608 0.32294643
vt 0.19717632 0.53441626
vt 0.03841395 0.40996397
vt 0.62019211 0.40694600
vt 0.14291422 0.43944234
vt 0.50144041 0.23504490
vt 0.14291422 0.43636340
vt 0.21740268 0.47154230
vt 0.50579965 0.23499918
vt 0.21304342 0.47154230
vt 0.21522306 0.47154230
vt 0.14291422 0.44869429
vt 0.03562463 0.40754044
vt 0.19940169 0.53679407
vt 0.20432490 0.48027611
vt 0.17666037 0.57261312
vt 0.22831607 0.50208759
vt 0.11985283 0.09219533
vt 0.17672135 0.56834531
vt 0.22613645 0.50644684
vt 0.22831607 0.48681498
vt 0.73153615 0.17651498
vt 0.12293175 0.09211910
vt 0.22395681 0.50862646
vt 0.74459869 0.17668265
vt 0.21086380 0.50862646
vt 0.19976750 0.56544930
vt 0.74677831 0.17671311
vt 0.20868416 0.50862646
vt 0.19967605 0.55871224
vt 0.20650454 0.50208759
vt 0.22613645 0.47809643
vt 0.22831607 0.48027611
vt 0.47023970 0.72015727
vt 0.22589257 0.13676339
vt 0.22831607 0.48027611
vt 0.22433786 0.13522398
vt 0.03687449 0.17866415
vt 0.22831607 0.47809643
vt 0.22613645 0.47590160
vt 0.03531979 0.18131626
vt 0.06146010 0.00461388
vt 0.18053189 0.15317923
vt 0.50863475 0.05378509
vt 0.18286394 0.15048134
vt 0.67483526 0.45758051
vt 0.50621122 0.05117869
vt 0.50863475 0.03282708
vt 0.67422557 0.43563175
vt 0.06761793 0.33791429
vt 0.67919451 0.39662707
vt 0.09523673 0.72334290
vt 0.06761793 0.30488449
vt 0.06452377 0.30502164
vt 0.09215782 0.72338861
vt 0.50936633 0.17166799
vt 0.50500709 0.17171371
vt 0.50279695 0.16956455
vt 0.49843770 0.16961026
vt 0.49625808 0.16964078
vt 0.07743388 0.71755087
vt 0.65460891 0.01046687
vt 0.07435497 0.71771848
vt 0.06830383 0.72152907
vt 0.13825013 0.53299868
vt 0.13610098 0.53519356
vt 0.13395183 0.53740370
vt 0.53927147 0.30118066
vt 0.09901679 0.53566611
vt 0.13642107 0.55952013
vt 0.17568488 0.55901706
vt 0.03841395 0.38745129
vt 0.19749641 0.55874276
vt 0.19758786 0.56547976
vt 0.73400533 0.50708705
vt 0.74680877 0.17453349
vt 0.74462914 0.17450303
vt 0.73156661 0.17433536
vt 0.12293175 0.09024435
vt 0.11985283 0.09033579
vt 0.17452647 0.56831479
vt 0.17448075 0.57258260
vt 0.17640126 0.58997393
vt 0.23049571 0.48463535
vt 0.23049571 0.48245573
vt 0.17637077 0.59215355
vt 0.47328815 0.72069073
vt 0.22831607 0.48245573
vt 0.17416066 0.59430271
vt 0.47222120 0.71779472
vt 0.03531979 0.17771912
vt 0.22589257 0.13368452
vt 0.46918800 0.71726125
vt 0.00306737 0.67430884
vt 0.06146010 0.00107765
vt 0.18286394 0.15520644
vt 0.05987491 0.00197697
vt 0.00091822 0.67458320
vt 0.10140981 0.77446508
vt 0.67919451 0.45791584
vt 0.67856961 0.43598235
vt 0.09833089 0.75622022
vt 0.09833089 0.72328192
vt 0.65306950 0.42564815
vt 0.09833089 0.68670070
vt 0.09523673 0.68674648
vt 0.09215782 0.68679214
vt 0.50883287 0.12804490
vt 0.50444311 0.12591100
vt 0.50006860 0.12597197
vt 0.49788898 0.12600243
vt 0.49573985 0.12819731
vt 0.07644314 0.68439913
vt 0.12047776 0.37605017
vt 0.07528474 0.64600414
vt 0.12139229 0.42410868
vt 0.05071437 0.67078793
vt 0.07336423 0.68455160
vt 0.06729785 0.68837738
vt 0.04467848 0.67458320
vt 0.09680668 0.53353220
vt 0.09683716 0.53569663
vt 0.53936291 0.29900104
vt 0.53927147 0.25095773
vt 0.04882434 0.53414190
vt 0.09275226 0.55767578
vt 0.73004240 0.41574073
vt 0.09067933 0.56467193
vt 0.73245066 0.45454729
vt 0.13648203 0.56409276
vt 0.17574584 0.56358975
vt 0.73450834 0.48779047
vt 0.73155135 0.48965001
vt 0.74488825 0.15487111
vt 0.73182571 0.15470344
vt 0.12293175 0.07341701
vt 0.11985283 0.07349318
vt 0.15489456 0.56802523
vt 0.15484884 0.57229304
vt 0.46243572 0.10603523
vt 0.07603161 0.59065986
vt 0.11340539 0.57168335
vt 0.11311579 0.59120858
vt 0.15019998 0.59175730
vt 0.17419115 0.59212309
vt 0.15888801 0.59407407
vt 0.00091822 0.65699375
vt 0.47328815 0.70258307
vt 0.15667790 0.59622324
vt 0.10448873 0.75977165
vt 0.11523446 0.59559828
vt 0.10448873 0.72501951
vt 0.10448873 0.68842304
vt 0.07161138 0.59495813
vt 0.09770597 0.42410868
vt 0.02144942 0.59421122
vt 0.09988560 0.37399244
vt 0.10290354 0.64553165
vt 0.09770597 0.37390101
vt 0.65306950 0.37745243
vt 0.64884740 0.38002837
vt 0.09833089 0.64827526
vt 0.25640738 0.49085414
vt 0.09833089 0.63181365
vt 0.25220054 0.51016593
vt 0.11371024 0.70992976
vt 0.09523673 0.64832091
vt 0.09215782 0.64655286
vt 0.11078374 0.70788729
vt 0.50822318 0.08006257
vt 0.50386393 0.08010828
vt 0.49950466 0.08013880
vt 0.49730977 0.08016926
vt 0.07836366 0.64583647
vt 0.07790639 0.63013703
vt 0.49706590 0.06053734
vt 0.40512517 0.74681580
vt 0.12139229 0.35629630
vt 0.11921266 0.35643351
vt 0.40294555 0.74681580
vt 0.09372776 0.73527753
vt 0.40076593 0.74462092
vt 0.09064884 0.73535371
vt 0.09064884 0.73709130
vt 0.11831337 0.37620258
vt 0.09064884 0.75106835
vt 0.05071437 0.63160026
vt 0.04461751 0.63367319
vt 0.08449101 0.75295842
vt 0.04661423 0.53200799
vt 0.02701281 0.53441626
vt 0.02704329 0.53659588
vt 0.04476993 0.55828547
vt 0.04268175 0.56529689
vt 0.72751218 0.37510514
vt 0.74600095 0.06762499
vt 0.72696346 0.41575599
vt 0.72938699 0.45454729
vt 0.74540651 0.11342764
vt 0.73234397 0.11326003
vt 0.12293175 0.03788751
vt 0.11985283 0.03797895
vt 0.11346636 0.56740028
vt 0.06978232 0.57102793
vt 0.02583916 0.59209263
vt 0.46406662 0.08605272
vt 0.46252716 0.05581230
vt 0.02365953 0.59206212
vt 0.46243572 0.05363268
vt 0.46385324 0.08388835
vt 0.07600112 0.59283948
vt 0.11308531 0.59338820
vt 0.15452875 0.59399784
vt 0.15670839 0.59404361
vt 0.11526494 0.59341866
vt 0.07382149 0.59280896
vt 0.46363986 0.08170873
vt 0.02147990 0.59203160
vt 0.00398190 0.59404361
vt 0.64928943 0.36027449
vt 0.09845283 0.35643351
vt 0.00395141 0.59622324
vt 0.10140981 0.63175273
vt 0.00177178 0.59617746
vt 0.42257747 0.73808205
vt 0.10140981 0.62992364
vt 0.09833089 0.62996936
vt 0.42039782 0.74026167
vt 0.25662076 0.48868978
vt 0.11371024 0.69113618
vt 0.25220054 0.48824775
vt 0.41821820 0.74462092
vt 0.51015896 0.06040019
vt 0.50579965 0.06043065
vt 0.41384369 0.74681580
vt 0.41384369 0.74462092
vt 0.41166407 0.74681580
vt 0.50362003 0.06044590
vt 0.49924555 0.06050688
vt 0.40730479 0.74681580
vt 0.40512517 0.74462092
vt 0.40294555 0.74462092
vt 0.26276335 0.05305344
vt 0.40076593 0.74244130
vt 0.08449101 0.73724377
vt 0.39640665 0.74027693
vt 0.26276335 0.05838823
vt 0.07529999 0.15980959
vt 0.02698232 0.53225183
vt 0.07376052 0.15827012
vt 0.39640665 0.74026167
vt 0.02480269 0.53228235
vt 0.39640665 0.73808205
vt 0.02483318 0.53444672
vt 0.39640665 0.73590243
vt 0.02486366 0.53662634
vt 0.73450834 0.36132622
vt 0.02731765 0.55851412
vt 0.02742434 0.56547976
vt 0.72671962 0.36217982
vt 0.72432661 0.37326086
vt 0.74664110 0.01746297
vt 0.25662076 0.57470131
vt 0.73280126 0.06745732
vt 0.11985283 0.00057471
vt 0.73059112 0.06960642
vt 0.06984328 0.56676012
vt 0.02175426 0.57250643
vt 0.46406662 0.06413448
vt 0.00402762 0.59186399
vt 0.42257747 0.73372281
vt 0.00183275 0.59183347
vt 0.00180227 0.59399784
vt 0.42257747 0.73590243
vt 0.42039782 0.73808205
vt 0.41821820 0.74026167
vt 0.41603857 0.74244130
vt 0.41384369 0.74244130
vt 0.41166407 0.74462092
vt 0.40730479 0.74462092
vt 0.39858630 0.74026167
vt 0.07529999 0.15673065
vt 0.26122391 0.05572081
vt 0.39858630 0.74026167
vt 0.39858630 0.73808205
vt 0.39858630 0.73590243
vt 0.02513802 0.55854464
vt 0.39858630 0.71409088
vt 0.73440164 0.35948193
vt 0.40294555 0.70973158
vt 0.72825909 0.35949719
vt 0.40512517 0.70753676
vt 0.36433715 0.08562595
vt 0.72518015 0.35951239
vt 0.72364068 0.36217982
vt 0.36726364 0.08463520
vt 0.74680877 0.00436997
vt 0.25662076 0.52048492
vt 0.73360908 0.00420231
vt 0.73344141 0.01728010
vt 0.25662076 0.53170311
vt 0.73110932 0.01942927
vt 0.25354186 0.53365409
vt 0.01963560 0.56819284
vt 0.00431722 0.57224727
vt 0.00212235 0.57221681
vt 0.42257747 0.71409088
vt 0.42039782 0.72936356
vt 0.73363954 0.00200742
vt 0.36726364 0.09527427
vt 0.41821820 0.70753676
vt 0.25662076 0.51861012
vt 0.25354186 0.52056110
vt 0.00436295 0.56796426
vt 0.00218332 0.56793380
vt 0.25354186 0.51870155
vt 0.42039782 0.70973158
vt 0.32228401 0.28708166
vt 0.32423502 0.28805715
vt 0.32228401 0.29195917
vt 0.56577760 0.07931572
vt 0.56356746 0.07716656
vt 0.00306737 0.56330013
vt 0.01843147 0.19340330
vt 0.18132448 0.01228064
vt 0.71705610 0.35122067
vt 0.02151038 0.19507992
vt 0.18132448 0.01535958
vt 0.01843147 0.19515616
vt 0.00306737 0.56547976
vt 0.31653771 0.27740288
vt 0.10448873 0.24739105
vt 0.26430282 0.22984731
vt 0.10602818 0.24894577
vt 0.50113559 0.74329484
vt 0.26212320 0.22984731
vt 0.26430282 0.23202693
vt 0.03538075 0.02369702
vt 0.18286394 0.01382011
vt 0.11092092 0.07991016
vt 0.71923572 0.35122067
vt 0.18286394 0.01074123
vt 0.03687449 0.02101445
vt 0.13521694 0.10227042
vt 0.71923572 0.35122067
vt 0.72359496 0.35122067
vt 0.72141534 0.32937866
vt 0.11217078 0.06215304
vt 0.10912234 0.06253409
vt 0.71923572 0.32940912
vt 0.71705610 0.32940912
vt 0.11063132 0.67766213
vt 0.02151038 0.17762768
vt 0.01843147 0.17768866
vt 0.10755240 0.67754018
vt 0.00306737 0.54366827
vt 0.70210350 0.20744133
vt 0.26276335 0.55136549
vt 0.00088774 0.54366827
vt 0.00088774 0.56330013
vt 0.26276335 0.57099748
vt 0.31345880 0.27740288
vt 0.00154315 0.42698950
vt 0.49855965 0.74744070
vt 0.31653771 0.28273761
vt 0.10448873 0.25046998
vt 0.31809241 0.28007025
vt 0.50093740 0.74545926
vt 0.03687449 0.02458107
vt 0.26212320 0.23202693
vt 0.50329995 0.74349302
vt 0.13291536 0.09955728
vt 0.50547957 0.74369121
vt 0.13230568 0.10127968
vt 0.13230568 0.10603523
vt 0.51002175 0.74190784
vt 0.72359496 0.35340029
vt 0.51416761 0.74446851
vt 0.72578984 0.35340029
vt 0.51218617 0.74210596
vt 0.14210638 0.11385447
vt 0.73014909 0.35343081
vt 0.51633203 0.74466670
vt 0.24250653 0.02766001
vt 0.17164570 0.71300870
vt 0.14328003 0.11524147
vt 0.51851165 0.74486482
vt 0.24432035 0.02766001
vt 0.51831347 0.74704444
vt 0.18633915 0.09833795
vt 0.52027971 0.74940693
vt 0.15824784 0.01595402
vt 0.18900652 0.09987736
vt 0.24422888 0.02458107
vt 0.18900652 0.09679848
vt 0.15981779 0.01330191
vt 0.02454358 0.01641130
vt 0.09064884 0.12444776
vt 0.17518188 0.71221614
vt 0.09064884 0.12136883
vt 0.73232871 0.35125118
vt 0.17224015 0.71127105
vt 0.16929841 0.71032608
vt 0.73014909 0.35122067
vt 0.14443845 0.11184245
vt 0.14210638 0.10903794
vt 0.72578984 0.35122067
vt 0.72578984 0.32940912
vt 0.72577459 0.29229444
vt 0.10912234 0.03262895
vt 0.72141534 0.29229444
vt 0.71923572 0.29229444
vt 0.71923572 0.20067382
vt 0.43794155 0.21205974
vt 0.08298203 0.71180457
vt 0.71923572 0.24649179
vt 0.07990312 0.74834001
vt 0.07990312 0.71162164
vt 0.43486264 0.21205974
vt 0.71705610 0.20071954
vt 0.38294783 0.14028436
vt 0.71487647 0.24870187
vt 0.00306737 0.50655353
vt 0.11063132 0.64719301
vt 0.71487647 0.29232496
vt 0.38416719 0.17517370
vt 0.17056350 0.70066249
vt 0.70992273 0.17857265
vt 0.25866321 0.51644576
vt 0.70210350 0.17831355
vt 0.16303389 0.70378721
vt 0.56353700 0.07497168
vt 0.25866321 0.55570954
vt 0.56275964 0.01827085
vt 0.00460682 0.42718762
vt 0.31345880 0.28273761
vt 0.25866321 0.57316184
vt 0.56303400 0.03790271
vt 0.56300354 0.03572309
vt 0.56492400 0.01824033
vt 0.00460682 0.42531282
vt 0.56297302 0.03354347
vt 0.00154315 0.42511469
vt 0.56512219 0.01604545
vt 0.49836150 0.74960512
vt 0.51970053 0.78002846
vt 0.09924542 0.18285573
vt 0.63612020 0.36419177
vt 0.57164580 0.34696811
vt 0.10142505 0.18285573
vt 0.51752090 0.77983034
vt 0.52206308 0.75394917
vt 0.59618568 0.01560348
vt 0.75429267 0.35343081
vt 0.57470948 0.35957336
vt 0.50211108 0.78060770
vt 0.58922005 0.01571018
vt 0.49836150 0.77370298
vt 0.31743699 0.08599174
vt 0.16175354 0.07529175
vt 0.21667106 0.01229590
vt 0.02454358 0.01997793
vt 0.15981779 0.01689905
vt 0.52245939 0.74960512
vt 0.21513160 0.01075643
vt 0.09064884 0.12754190
vt 0.02612876 0.01906341
vt 0.63176090 0.36417651
vt 0.31743699 0.11217779
vt 0.31743699 0.09036624
vt 0.61005610 0.36413080
vt 0.31961665 0.09036624
vt 0.31961665 0.08818662
vt 0.60787642 0.36413080
vt 0.16442092 0.07375228
vt 0.31743699 0.08818662
vt 0.21667106 0.00920177
vt 0.16175354 0.07221287
vt 0.60569680 0.36195117
vt 0.02151038 0.41642666
vt 0.09220354 0.12908137
vt 0.01844671 0.41612178
vt 0.01074942 0.15673065
vt 0.56637204 0.25508833
vt 0.15058103 0.77134043
vt 0.09220354 0.12598723
vt 0.09220354 0.12290829
vt 0.14750211 0.77140141
vt 0.73450834 0.35125118
vt 0.14440796 0.75498557
vt 0.73232871 0.33158875
vt 0.17518188 0.69299573
vt 0.73014909 0.32940912
vt 0.73014909 0.29232496
vt 0.02612876 0.71915126
vt 0.72795421 0.24867141
vt 0.72577459 0.24649179
vt 0.72141534 0.24649179
vt 0.72141534 0.19849420
vt 0.19668858 0.10448050
vt 0.12907434 0.16903108
vt 0.71923572 0.18105716
vt 0.43661550 0.19549149
vt 0.71705610 0.18105716
vt 0.12753488 0.16749161
vt 0.38416719 0.08600700
vt 0.71705610 0.18105716
vt 0.71487647 0.20071954
vt 0.38162175 0.10188937
vt 0.37860382 0.10382509
vt 0.37986892 0.14046729
vt 0.16303389 0.66979718
vt 0.37691194 0.14412540
vt 0.56195182 0.11644560
vt 0.56411618 0.11641514
vt 0.05685696 0.33480483
vt 0.59066802 0.12040859
vt 0.05685696 0.37181282
vt 0.59005839 0.07678550
vt 0.05685696 0.40513223
vt 0.58952487 0.03752166
vt 0.00192420 0.40295255
vt 0.58925050 0.01788980
vt 0.59621620 0.01778311
vt 0.75426221 0.35125118
vt 0.73902005 0.35146457
vt 0.08604571 0.42220342
vt 0.57470948 0.34658706
vt 0.09924542 0.18067610
vt 0.57284993 0.34413308
vt 0.08299728 0.42256922
vt 0.73670322 0.35149503
vt 0.63613540 0.36199689
vt 0.63177615 0.36199689
vt 0.60787642 0.36195117
vt 0.60572731 0.34667850
vt 0.60793740 0.33796000
vt 0.15365995 0.75481796
vt 0.60574257 0.34230399
vt 0.01074942 0.13915646
vt 0.02151038 0.40118450
vt 0.60356289 0.34448361
vt 0.56855166 0.23763609
vt 0.56855166 0.23981571
vt 0.01049030 0.14132082
vt 0.56637204 0.23763609
vt 0.15058103 0.75670797
vt 0.14750211 0.75492465
vt 0.14440796 0.72204733
vt 0.73232871 0.29232496
vt 0.14440796 0.68545085
vt 0.00152791 0.72221494
vt 0.73232871 0.24870187
vt 0.73232871 0.20071954
vt 0.16408560 0.74834001
vt 0.02612876 0.67875957
vt 0.02306508 0.67911011
vt 0.16100667 0.74834001
vt 0.73013383 0.20067382
vt 0.72577459 0.19849420
vt 0.72577459 0.18105716
vt 0.18592761 0.15589231
vt 0.72141534 0.18105716
vt 0.71923572 0.17886227
vt 0.18755852 0.15327066
vt 0.04708674 0.71759659
vt 0.19495097 0.10443479
vt 0.12907434 0.16595215
vt 0.19668858 0.10755944
vt 0.25904429 0.22742379
vt 0.04272748 0.71541691
vt 0.24739926 0.21204448
vt 0.26122391 0.22524416
vt 0.12753488 0.16439748
vt 0.25904429 0.22524416
vt 0.24585980 0.21359915
vt 0.38108829 0.08618993
vt 0.37800938 0.08637285
vt 0.25598061 0.22588438
vt 0.51015896 0.23774278
vt 0.25598061 0.22370470
vt 0.56079340 0.18846482
vt 0.50799453 0.23795617
vt 0.37552491 0.10399276
vt 0.51015896 0.25969148
vt 0.56265295 0.16662282
vt 0.56478685 0.16441268
vt 0.59133869 0.16839093
vt 0.05685696 0.29407781
vt 0.59551507 0.12251198
vt 0.02144942 0.70040345
vt 0.05072961 0.33257949
vt 0.05072961 0.37146229
vt 0.59487486 0.07670927
vt 0.59408230 0.03746074
vt 0.05208617 0.40568095
vt 0.75603026 0.33157355
vt 0.75180823 0.33164972
vt 0.08299728 0.40671742
vt 0.73863900 0.33401227
vt 0.73645937 0.33404273
vt 0.07537619 0.13522398
vt 0.63616592 0.34454459
vt 0.62964225 0.34234971
vt 0.62971848 0.30308592
vt 0.60801363 0.30305541
vt 0.60808986 0.26379162
vt 0.60581875 0.30521983
vt 0.15365995 0.72372389
vt 0.56637204 0.19837224
vt 0.60356289 0.30521983
vt 0.15058103 0.72376966
vt 0.14750211 0.72200155
vt 0.14750211 0.68540514
vt 0.42872006 0.21666282
vt 0.00460682 0.72221494
vt 0.00302164 0.68208230
vt 0.42428458 0.16883296
vt 0.73450834 0.20070428
vt 0.73450834 0.18111813
vt 0.42553443 0.14912480
vt 0.16745411 0.73187852
vt 0.16437519 0.73187852
vt 0.73232871 0.18108761
vt 0.15971109 0.73104018
vt 0.72795421 0.18105716
vt 0.72795421 0.17886227
vt 0.15974158 0.72921109
vt 0.05582050 0.71759659
vt 0.72359496 0.18105716
vt 0.05144599 0.71761179
vt 0.18592761 0.15767568
vt 0.05582050 0.71541691
vt 0.18900652 0.16134906
vt 0.05144599 0.71541691
vt 0.18900652 0.15778238
vt 0.18900652 0.15598381
vt 0.04926636 0.71541691
vt 0.04708674 0.71541691
vt 0.26122391 0.22742379
vt 0.19495097 0.10752892
vt 0.04490711 0.71541691
vt 0.24585980 0.21052027
vt 0.04272748 0.71323729
vt 0.37939641 0.08361399
vt 0.04054785 0.71105766
vt 0.43027475 0.19026339
vt 0.37631750 0.08379692
vt 0.25816023 0.22370470
vt 0.37493044 0.08655572
vt 0.43333843 0.19008052
vt 0.56295776 0.18843436
vt 0.43333843 0.19192481
vt 0.56512219 0.18840384
vt 0.43231720 0.21666282
vt 0.59158260 0.18584317
vt 0.59594184 0.17050958
vt 0.17672135 0.42718762
vt 0.02151038 0.65868562
vt 0.01840098 0.70070827
vt 0.75060409 0.24658322
vt 0.04766594 0.33239663
vt 0.04766594 0.37127936
vt 0.75125951 0.29238594
vt 0.73805976 0.29256880
vt 0.07683944 0.09885615
vt 0.07374528 0.09894758
vt 0.63407773 0.30310118
vt 0.62980992 0.25946283
vt 0.60819656 0.21579403
vt 0.60603213 0.21361440
vt 0.28274584 0.07837069
vt 0.15365995 0.68895656
vt 0.60591018 0.26377636
vt 0.15058103 0.63045716
vt 0.60380679 0.19396728
vt 0.28250197 0.07620633
vt 0.60603213 0.21141952
vt 0.15365995 0.64504385
vt 0.15058103 0.64326054
vt 0.15058103 0.68717325
vt 0.17025867 0.74834001
vt 0.42872006 0.16861951
vt 0.15058103 0.64508963
vt 0.17028916 0.74651098
vt 0.60380679 0.19178766
vt 0.17053303 0.73187852
vt 0.06453902 0.70887804
vt 0.60598642 0.18960798
vt 0.60380679 0.18960798
vt 0.06453902 0.71105766
vt 0.17056350 0.73004943
vt 0.06235939 0.71105766
vt 0.16899356 0.72921109
vt 0.06017976 0.71323729
vt 0.16591465 0.72921109
vt 0.16282049 0.72921109
vt 0.05800012 0.71541691
vt 0.43027475 0.19396728
vt 0.04054785 0.70669842
vt 0.56756091 0.19053775
vt 0.04272748 0.68270725
vt 0.59164357 0.19020247
vt 0.04490711 0.67833281
vt 0.17672135 0.41052794
vt 0.59621620 0.19014150
vt 0.59615523 0.18578219
vt 0.17672135 0.41423178
vt 0.01840098 0.65714616
vt 0.17364243 0.42516041
vt 0.75208259 0.19637555
vt 0.73741961 0.24676609
vt 0.07683944 0.05959237
vt 0.07374528 0.06154335
vt 0.63416916 0.25947809
vt 0.62991661 0.21146524
vt 0.28274584 0.05861682
vt 0.60598642 0.19396728
vt 0.60598642 0.19178766
vt 0.62996233 0.18965375
vt 0.06453902 0.68488693
vt 0.06235939 0.70451880
vt 0.04708674 0.67615312
vt 0.75183868 0.17893851
vt 0.17364243 0.41034502
vt 0.17364243 0.41404885
vt 0.75189966 0.18329775
vt 0.07683944 0.00537598
vt 0.73652029 0.18351114
vt 0.73670322 0.19658893
vt 0.07683944 0.01659417
vt 0.07374528 0.01854521
vt 0.63429111 0.20930088
vt 0.62996233 0.19401300
vt 0.63432163 0.18966895
vt 0.07374528 0.00171787
vt 0.06453902 0.68051243
vt 0.73645937 0.17913663
vt 0.06235939 0.67833281
vt 0.07683944 0.00162637
vt 0.07374528 0.00545216
vt 0.63432163 0.19402826
vt 0.09961124 0.44398451
vt 0.49633428 0.04764247
vt 0.78578299 0.51324487
vt 0.09961124 0.44869429
vt 0.78581345 0.50887036
vt 0.49517590 0.03121144
vt 0.80541492 0.51324487
vt 0.49045083 0.03078467
vt 0.80544537 0.50887036
vt 0.80544537 0.50451112
vt 0.78581345 0.50451112
vt 0.80544537 0.50015187
vt 0.78581345 0.50015187
vt 0.41027704 0.65760338
vt 0.44562361 0.20515501
vt 0.78584397 0.48050469
vt 0.44254470 0.22161657
vt 0.78363383 0.50015187
vt 0.44254470 0.22527468
vt 0.78363383 0.50451112
vt 0.78142375 0.50887036
vt 0.43945053 0.22896326
vt 0.83643270 0.94711310
vt 0.10429058 0.44802368
vt 0.83173811 0.94840866
vt 0.10253773 0.44297850
vt 0.82556504 0.94802761
vt 0.17978501 0.09219533
vt 0.80404311 0.97874057
vt 0.10544898 0.43724746
vt 0.10078488 0.43793333
vt 0.80259508 0.98340470
vt 0.50247687 0.04709375
vt 0.78902960 0.99759513
vt 0.50131845 0.03066272
vt 0.78444171 0.99924129
vt 0.09942833 0.13234317
vt 0.50247687 0.02604431
vt 0.09891009 0.12618536
vt 0.49633428 0.02659303
vt 0.49162447 0.02616626
vt 0.10005326 0.12144506
vt 0.80977416 0.50887036
vt 0.10121166 0.11670470
vt 0.80980462 0.50451112
vt 0.10403147 0.11338192
vt 0.80980462 0.50015187
vt 0.80547589 0.48050469
vt 0.41027704 0.64190400
vt 0.34574172 0.11187297
vt 0.40719810 0.64022732
vt 0.08758517 0.17211002
vt 0.24279612 0.02342266
vt 0.34574172 0.13368452
vt 0.14443845 0.11524147
vt 0.25508133 0.21925402
vt 0.27198488 0.02240145
vt 0.44405368 0.20251811
vt 0.40719810 0.65767962
vt 0.10294927 0.42410868
vt 0.14289898 0.11678094
vt 0.34356207 0.13368452
vt 0.24130240 0.02612054
vt 0.10294927 0.40447682
vt 0.34356207 0.11405259
vt 0.10078488 0.40229714
vt 0.23970197 0.02348363
vt 0.82512301 0.96043473
vt 0.25200239 0.21931499
vt 0.14443845 0.11832041
vt 0.10078488 0.42410868
vt 0.80666476 0.97898448
vt 0.56112874 0.19247353
vt 0.43946576 0.20158833
vt 0.25200239 0.22282070
vt 0.25508133 0.22099161
vt 0.44254470 0.20337170
vt 0.26980525 0.02240145
vt 0.26980525 0.02458107
vt 0.44254470 0.20520073
vt 0.84458727 0.93987304
vt 0.43946576 0.21983320
vt 0.43945053 0.22349131
vt 0.84132546 0.94276905
vt 0.83661562 0.94403416
vt 0.83190578 0.94531453
vt 0.10602818 0.44364917
vt 0.10602818 0.43893933
vt 0.82719594 0.94657964
vt 0.82266903 0.94476581
vt 0.16304912 0.07620633
vt 0.17978501 0.08855247
vt 0.17670611 0.08864391
vt 0.16596037 0.07520032
vt 0.79931802 0.97724682
vt 0.25809926 0.02208138
vt 0.79780906 0.97881681
vt 0.33645922 0.30732322
vt 0.78424352 0.99300724
vt 0.78122556 0.99616235
vt 0.10134884 0.13682437
vt 0.10275112 0.13514775
vt 0.10083061 0.13066655
vt 0.10197377 0.12592626
vt 0.10313217 0.12118590
vt 0.10427534 0.11644560
vt 0.10709514 0.11312282
vt 0.40867659 0.63751423
vt 0.80980462 0.48050469
vt 0.11669770 0.09838367
vt 0.08758517 0.16901582
vt 0.08604571 0.17055529
vt 0.11811522 0.09672225
vt 0.24279612 0.02166986
vt 0.23970197 0.02174604
vt 0.12117890 0.09646314
vt 0.82666248 0.95888007
vt 0.12285554 0.09786540
vt 0.82512301 0.95735580
vt 0.23592190 0.03127241
vt 0.82358354 0.95891052
vt 0.80820423 0.97744501
vt 0.47635183 0.02685219
vt 0.80666476 0.97590554
vt 0.80512530 0.97746027
vt 0.56103730 0.19463789
vt 0.56538129 0.19483608
vt 0.85763454 0.92827380
vt 0.43945053 0.20524645
vt 0.56548798 0.19265646
vt 0.56461918 0.21227312
vt 0.47020921 0.04302412
vt 0.84458727 0.91361082
vt 0.81977302 0.94150400
vt 0.79768711 0.97265893
vt 0.16596037 0.07991016
vt 0.81814212 0.94295198
vt 0.79768711 0.97265893
vt 0.26276335 0.02612054
vt 0.26276335 0.02141070
vt 0.79460824 0.97575313
vt 0.78104270 0.98994356
vt 0.34113857 0.30732322
vt 0.77808571 0.99315965
vt 0.34045267 0.30262864
vt 0.77808571 0.99315965
vt 0.10467163 0.13964421
vt 0.10608915 0.13796753
vt 0.11835910 0.09978592
vt 0.12003574 0.10120344
vt 0.13335739 0.11246741
vt 0.81267017 0.94494867
vt 0.13475966 0.11080599
vt 0.25104213 0.03363496
vt 0.25070682 0.03058648
vt 0.81129837 0.94665581
vt 0.79436433 0.96366608
vt 0.46139926 0.02615106
vt 0.79265720 0.96505314
vt 0.46106392 0.02919948
vt 0.56243956 0.21218163
vt 0.56548798 0.34113038
vt 0.34697631 0.02915376
vt 0.70131093 0.87411833
vt 0.75420123 0.82176155
vt 0.35711235 0.03997570
vt 0.66343415 0.73605484
vt 0.24639328 0.04149991
vt 0.35671607 0.04302412
vt 0.75255507 0.82319427
vt 0.72629285 0.84947181
vt 0.72466189 0.85091978
vt 0.70291132 0.88202906
vt 0.70140237 0.88359898
vt 0.68791306 0.90086836
vt 0.68489510 0.90402347
vt 0.03841395 0.00103194
vt 0.19732875 0.22939003
vt 0.19874628 0.22772866
vt 0.22601451 0.20222849
vt 0.22741678 0.20055187
vt 0.01844671 0.00318110
vt 0.72130865 0.85401392
vt 0.36398658 0.03380263
vt 0.36366650 0.03075415
vt 0.71993685 0.85572106
vt 0.70301807 0.87273133
vt 0.34731165 0.02610528
vt 0.23476350 0.02919948
vt 0.61148882 0.78470784
vt 0.60994941 0.78626251
vt 0.66361707 0.73297596
vt 0.54643530 0.72302282
vt 0.65922731 0.00383651
vt 0.59931034 0.67048305
vt 0.59767944 0.67193103
vt 0.57284993 0.69982421
vt 0.63715667 0.76231706
vt 0.63552576 0.76378036
vt 0.61438483 0.79434085
vt 0.61136693 0.79749602
vt 0.59629238 0.81325638
vt 0.59478343 0.81482637
vt 0.03841395 0.10441953
vt 0.04149286 0.10414517
vt 0.28972676 0.31607223
vt 0.31533358 0.28915459
vt 0.01532207 0.11336672
vt 0.01844671 0.11493665
vt 0.62996233 0.76615810
vt 0.47635183 0.03058648
vt 0.62842292 0.76769757
vt 0.54797477 0.72148335
vt 0.48444539 0.65824360
vt 0.48290595 0.65979826
vt 0.57973939 0.00310487
vt 0.57935834 0.00615329
vt 0.53335750 0.60940766
vt 0.51015896 0.63586807
vt 0.57121903 0.70127225
vt 0.54962093 0.73238146
vt 0.54811192 0.73396665
vt 0.53152847 0.75131226
vt 0.03932847 0.17825258
vt 0.53001946 0.75288218
vt 0.35238728 0.38047040
vt 0.35378957 0.37880898
vt 0.38107306 0.35330886
vt 0.01698346 0.19361669
vt 0.38247532 0.35163224
vt 0.56643301 0.70291841
vt 0.56489354 0.70447308
vt 0.50137943 0.64124858
vt 0.40863088 0.58585858
vt 0.48717374 0.00158066
vt 0.48679268 0.00462908
vt 0.45889953 0.53549844
vt 0.45726863 0.53694642
vt 0.43408528 0.56339157
vt 0.50691235 0.63877934
vt 0.48484170 0.67043734
vt 0.48333272 0.67202252
vt 0.46825823 0.68778288
vt 0.46524027 0.69093800
vt 0.41646534 0.44320714
vt 0.77447331 0.17517370
vt 0.41928515 0.43988436
vt 0.44515109 0.41604561
vt 0.44655338 0.41438419
vt 0.00158888 0.24138564
vt 0.50291890 0.63969386
vt 0.00768574 0.33417994
vt 0.42556491 0.56884825
vt 0.33264869 0.51329064
vt 0.39422703 0.00310487
vt 0.30673701 0.39056069
vt 0.30129555 0.00462908
vt 0.30835268 0.38911271
vt 0.39386120 0.00615329
vt 0.38281065 0.46302193
vt 0.35962731 0.48946708
vt 0.43245438 0.56485486
vt 0.41055140 0.59637564
vt 0.40904242 0.59794557
vt 0.39245895 0.61529118
vt 0.49218842 0.51580560
vt 0.39094996 0.61686110
vt 0.77447331 0.08789706
vt 0.77140963 0.08826286
vt 0.49360594 0.51414418
vt 0.51947188 0.49030542
vt 0.00158888 0.33498776
vt 0.52087420 0.48862880
vt 0.00463731 0.33457625
vt 0.00722848 0.42618161
vt 0.59661251 0.56122720
vt 0.03096053 0.18747407
vt 0.35264641 0.49320143
vt 0.00107064 0.43640912
vt 0.35110694 0.49474090
vt 0.09331622 0.43336070
vt 0.27529243 0.42234063
vt 0.30167660 0.00158066
vt 0.25837362 0.43935084
vt 0.18083672 0.36835289
vt 0.23389471 0.31518817
vt 0.20930909 0.00485772
vt 0.00888987 0.00308967
vt 0.18237619 0.36679816
vt 0.15346180 0.23783422
vt 0.10179087 0.28965759
vt 0.00922520 0.11470801
vt 0.35147277 0.03842098
vt 0.40259498 0.19053775
vt 0.15346180 0.23781896
vt 0.35150325 0.03624135
vt 0.24017447 0.03631753
vt 0.23226379 0.31663620
vt 0.28353843 0.41700584
vt 0.35636550 0.49237835
vt 0.33469114 0.52380770
vt 0.33318216 0.52539289
vt 0.31659868 0.54273844
vt 0.77140963 0.00098622
vt 0.31508970 0.54430842
vt 0.37340623 0.77754402
vt 0.56652445 0.59006536
vt 0.56934428 0.58674264
vt 0.00593289 0.42718762
vt 0.59521019 0.56290388
vt 0.66953099 0.63716364
vt 0.03227135 0.09387195
vt 0.27666423 0.42064875
vt 0.02922292 0.09423780
vt 0.67093331 0.63548708
vt 0.55933017 0.34881240
vt 0.09368204 0.43640912
vt 0.18592761 0.43336070
vt 0.55715054 0.24400729
vt 0.22895624 0.46221411
vt 0.20084970 0.34824842
vt 0.10195853 0.28981000
vt 0.00704557 0.11454034
vt 0.46714553 0.03842098
vt 0.00704557 0.23050272
vt 0.01827905 0.20960569
vt 0.40078115 0.08862865
vt 0.01675483 0.20500261
vt 0.40497276 0.70378721
vt 0.40259498 0.08423895
vt 0.01675483 0.20806628
vt 0.40082690 0.08676910
vt 0.24585980 0.10449576
vt 0.39954653 0.08397979
vt 0.40279314 0.70160758
vt 0.16596037 0.66690111
vt 0.24432035 0.10603523
vt 0.40061349 0.70160758
vt 0.05993588 0.66998005
vt 0.40279314 0.69942796
vt 0.40279314 0.66894358
vt 0.40497276 0.66458434
vt 0.40279314 0.66676396
vt 0.05993588 0.63725513
vt 0.40277788 0.66458434
vt 0.12904385 0.43662250
vt 0.05993588 0.63507551
vt 0.16596037 0.63193560
vt 0.40279314 0.66662681
vt 0.05774101 0.63725513
vt 0.64628673 0.42436785
vt 0.13061380 0.43927467
vt 0.04095939 0.18018836
vt 0.64846635 0.42654747
vt 0.24585980 0.10755944
vt 0.16378075 0.66676396
vt 0.64846635 0.38952422
vt 0.06866964 0.15555704
vt 0.39776322 0.08651000
vt 0.39773273 0.08836955
vt 0.07011764 0.15718794
vt 0.04367249 0.18652910
vt 0.12899813 0.44560015
vt 0.51310068 0.30102825
vt 0.51323783 0.20222849
vt 0.12700140 0.26716012
vt 0.10546423 0.29854375
vt 0.51631677 0.20236570
vt 0.51310068 0.10873306
vt 0.20600155 0.34289843
vt 0.28190753 0.41845387
vt 0.51438099 0.01799649
vt 0.26040083 0.44974601
vt 0.25889185 0.45131594
vt 0.24230838 0.46866155
vt 0.24079940 0.47024673
vt 0.37340623 0.69244701
vt 0.37032732 0.69272137
vt 0.64366508 0.66100240
vt 0.02922292 0.00162637
vt 0.74526930 0.70976210
vt 0.74667162 0.70808548
vt 0.55934542 0.24400729
vt 0.55715054 0.13246512
vt 0.11736836 0.46189404
vt 0.11753602 0.46407366
vt 0.12195625 0.26970559
vt 0.03829201 0.18950129
vt 0.21310440 0.18439519
vt 0.03675255 0.18797708
vt 0.03521309 0.18643761
vt 0.21237276 0.18268806
vt 0.43115878 0.70378721
vt 0.43114355 0.66894358
vt 0.43115878 0.70160758
vt 0.42896393 0.70160758
vt 0.40497276 0.70160758
vt 0.40715238 0.66240472
vt 0.40497276 0.66240472
vt 0.12596494 0.43663776
vt 0.64628673 0.42872709
vt 0.05774101 0.63289583
vt 0.12753488 0.43930513
vt 0.12908958 0.44195729
vt 0.04077648 0.18326724
vt 0.04222449 0.18489820
vt 0.12904385 0.44378632
vt 0.51617956 0.30118066
vt 0.12591921 0.44563061
vt 0.02323275 0.21687621
vt 0.10395525 0.30011368
vt 0.51617956 0.10888553
vt 0.18297063 0.37568432
vt 0.16487819 0.39459985
vt 0.37307090 0.60376811
vt 0.16336921 0.39618504
vt 0.71824497 0.73834115
vt 0.18592761 0.42901671
vt 0.71966249 0.73666453
vt 0.09552634 0.43026656
vt 0.79732132 0.81374419
vt 0.82600707 0.78658259
vt 0.55934542 0.13246512
vt 0.00158888 0.46407366
vt 0.55716574 0.01680756
vt 0.91006762 0.86620766
vt 0.03983147 0.18796188
vt 0.03829201 0.18642241
vt 0.91172898 0.86762524
vt 0.21494870 0.18439519
vt 0.21513160 0.18133152
vt 0.91198814 0.87068886
vt 0.64078426 0.39798361
vt 0.07926294 0.66446239
vt 0.43333843 0.70160758
vt 0.07940012 0.66662681
vt 0.43333843 0.69942796
vt 0.43115878 0.69942796
vt 0.43114355 0.66676396
vt 0.08144257 0.69929075
vt 0.72068369 0.45427293
vt 0.43332317 0.66676396
vt 0.72001308 0.45727563
vt 0.43114355 0.66458434
vt 0.42896393 0.66458434
vt 0.42678431 0.66240472
vt 0.40715238 0.66024029
vt 0.40567389 0.65792352
vt 0.12288602 0.43666822
vt 0.40349427 0.66229796
vt 0.12605639 0.44015872
vt 0.40131465 0.66229796
vt 0.72068369 0.48250145
vt 0.12601067 0.44197249
vt 0.12596494 0.44380158
vt 0.18326023 0.09525901
vt 0.02166281 0.21536726
vt 0.18592761 0.09371954
vt 0.07836366 0.41950560
vt 0.02172378 0.21844620
vt 0.08737177 0.31745929
vt 0.79590380 0.81540555
vt 0.08586280 0.31902921
vt 0.79590380 0.81540555
vt 0.09523673 0.42718762
vt 0.00075056 0.43026656
vt 0.87997955 0.89504588
vt 0.90865010 0.86788434
vt 0.91032672 0.86928660
vt 0.64078426 0.36083847
vt 0.88638127 0.89760655
vt 0.07926294 0.69942796
vt 0.64064711 0.36301810
vt 0.88496375 0.89926791
vt 0.71656835 0.45639163
vt 0.07953730 0.70378721
vt 0.71883941 0.45846456
vt 0.43114355 0.66240472
vt 0.42896393 0.66024029
vt 0.71816874 0.46146727
vt 0.40567389 0.63611197
vt 0.40349427 0.65792352
vt 0.40131465 0.66011834
vt 0.72018069 0.48070288
vt 0.18592761 0.09681368
vt 0.12288602 0.44383204
vt 0.71723896 0.48161739
vt 0.08144257 0.41944462
vt 0.07836366 0.39754158
vt 0.00363133 0.23736173
vt 0.00212235 0.23894691
vt 0.87856203 0.89670724
vt 0.71303213 0.45581239
vt 0.88164097 0.89646339
vt 0.88330233 0.89786565
vt 0.71480024 0.45610201
vt 0.71589768 0.45937908
vt 0.40349427 0.63393235
vt 0.40349427 0.63611197
vt 0.40131465 0.63611197
vt 0.71463257 0.46090329
vt 0.71169084 0.46181780
vt 0.08144257 0.39932495
vt 0.88022345 0.89812475
vt 0.00055241 0.23743790
vt 0.07985739 0.39485902
vt 0.71185851 0.45701653
vt 0.40131465 0.63393235
vt 0.71412957 0.45910472
f 2/2 5/5 6/6
f 6/6 5/5 9/9
f 10/10 11/11 12/12
f 12/12 11/11 13/13
f 14/14 13/13 15/15
f 13/13 11/11 15/15
f 11/11 16/16 15/15
f 15/15 16/16 17/17
f 16/16 19/19 17/17
f 17/17 19/19 21/21
f 22/22 21/21 23/23
f 21/21 19/19 23/23
f 25/25 23/23 28/28
f 28/28 23/23 30/30
f 23/23 19/19 30/30
f 30/30 19/19 31/31
f 33/33 18/18 34/34
f 19/19 16/16 36/36
f 16/16 11/11 36/36
f 36/36 11/11 38/38
f 11/11 10/10 38/38
f 38/38 10/10 39/39
f 39/39 10/10 42/42
f 10/10 12/12 42/42
f 12/12 13/13 42/42
f 42/42 13/13 43/43
f 13/13 14/14 43/43
f 43/43 14/14 46/46
f 46/46 14/14 48/48
f 14/14 15/15 48/48
f 48/48 15/15 49/49
f 15/15 17/17 49/49
f 17/17 21/21 49/49
f 51/51 20/20 52/52
f 54/54 21/21 56/56
f 21/21 22/22 56/56
f 56/56 22/22 59/59
f 59/59 22/22 62/62
f 22/22 23/23 62/62
f 23/23 25/25 62/62
f 62/62 25/25 63/63
f 25/25 68/68 63/63
f 66/66 70/70 65/65
f 65/65 70/70 73/73
f 76/76 73/73 78/78
f 78/78 73/73 80/80
f 80/80 73/73 82/82
f 73/73 70/70 82/82
f 82/82 70/70 83/83
f 70/70 87/87 83/83
f 84/84 85/85 88/88
f 88/88 85/85 89/89
f 90/90 89/89 96/96
f 89/89 85/85 96/96
f 86/86 69/69 95/95
f 70/70 66/66 94/94
f 67/67 24/24 93/93
f 24/24 26/26 93/93
f 92/92 27/27 98/98
f 27/27 29/29 98/98
f 98/98 29/29 99/99
f 99/99 29/29 100/100
f 29/29 32/32 100/100
f 100/100 32/32 101/101
f 32/32 35/35 101/101
f 35/35 37/37 101/101
f 101/101 37/37 102/102
f 37/37 40/40 102/102
f 102/102 40/40 103/103
f 41/41 105/105 104/104
f 104/104 105/105 106/106
f 106/106 105/105 107/107
f 105/105 108/108 107/107
f 107/107 108/108 109/109
f 108/108 44/44 109/109
f 110/110 45/45 111/111
f 45/45 47/47 111/111
f 111/111 47/47 112/112
f 47/47 50/50 112/112
f 50/50 53/53 112/112
f 112/112 53/53 113/113
f 53/53 55/55 113/113
f 113/113 55/55 114/114
f 114/114 55/55 115/115
f 55/55 57/57 115/115
f 115/115 57/57 121/121
f 58/58 60/60 120/120
f 61/61 64/64 119/119
f 64/64 71/71 119/119
f 72/72 74/74 118/118
f 123/123 117/117 124/124
f 117/117 75/75 124/124
f 124/124 75/75 125/125
f 75/75 77/77 125/125
f 125/125 77/77 126/126
f 126/126 77/77 128/128
f 78/78 80/80 127/127
f 130/130 79/79 131/131
f 132/132 80/80 133/133
f 80/80 82/82 133/133
f 134/134 81/81 136/136
f 82/82 83/83 135/135
f 138/138 84/84 139/139
f 84/84 88/88 139/139
f 139/139 88/88 141/141
f 88/88 89/89 141/141
f 89/89 90/90 141/141
f 91/91 97/97 140/140
f 98/98 99/99 143/143
f 99/99 100/100 143/143
f 100/100 101/101 143/143
f 101/101 102/102 143/143
f 143/143 102/102 144/144
f 102/102 103/103 144/144
f 104/104 106/106 145/145
f 145/145 106/106 147/147
f 106/106 107/107 147/147
f 147/147 107/107 149/149
f 107/107 109/109 149/149
f 149/149 109/109 150/150
f 110/110 111/111 151/151
f 151/151 111/111 153/153
f 111/111 112/112 153/153
f 112/112 113/113 153/153
f 113/113 114/114 153/153
f 114/114 115/115 153/153
f 116/116 122/122 152/152
f 123/123 124/124 153/153
f 124/124 125/125 153/153
f 125/125 126/126 153/153
f 153/153 126/126 154/154
f 154/154 126/126 155/155
f 155/155 126/126 156/156
f 126/126 128/128 156/156
f 158/158 129/129 159/159
f 129/129 132/132 159/159
f 159/159 132/132 160/160
f 132/132 133/133 160/160
f 133/133 137/137 160/160
f 160/160 137/137 161/161
f 138/138 139/139 163/163
f 163/163 139/139 164/164
f 164/164 139/139 165/165
f 139/139 141/141 165/165
f 166/166 142/142 169/169
f 143/143 144/144 168/168
f 145/145 147/147 167/167
f 171/171 146/146 172/172
f 173/173 147/147 174/174
f 147/147 149/149 174/174
f 175/175 148/148 177/177
f 149/149 150/150 176/176
f 151/151 153/153 178/178
f 153/153 154/154 178/178
f 178/178 154/154 180/180
f 180/180 154/154 181/181
f 154/154 155/155 181/181
f 155/155 156/156 181/181
f 182/182 157/157 183/183
f 185/185 158/158 186/186
f 158/158 159/159 186/186
f 186/186 159/159 187/187
f 159/159 160/160 187/187
f 187/187 160/160 188/188
f 160/160 161/161 188/188
f 189/189 162/162 190/190
f 163/163 164/164 191/191
f 191/191 164/164 192/192
f 164/164 165/165 192/192
f 192/192 165/165 194/194
f 166/166 169/169 193/193
f 195/195 170/170 197/197
f 171/171 172/172 196/196
f 173/173 174/174 197/197
f 197/197 174/174 198/198
f 175/175 177/177 199/199
f 177/177 179/179 199/199
f 201/201 199/199 202/202
f 199/199 179/179 202/202
f 204/204 203/203 206/206
f 203/203 180/180 206/206
f 180/180 181/181 206/206
f 182/182 183/183 205/205
f 206/206 184/184 207/207
f 185/185 186/186 208/208
f 208/208 186/186 209/209
f 209/209 186/186 210/210
f 186/186 187/187 210/210
f 187/187 188/188 210/210
f 210/210 188/188 212/212
f 189/189 190/190 211/211
f 213/213 191/191 215/215
f 191/191 192/192 215/215
f 215/215 192/192 216/216
f 192/192 194/194 216/216
f 216/216 194/194 217/217
f 219/219 195/195 220/220
f 195/195 197/197 220/220
f 197/197 198/198 220/220
f 220/220 198/198 221/221
f 198/198 200/200 221/221
f 222/222 221/221 224/224
f 221/221 200/200 224/224
f 201/201 202/202 223/223
f 203/203 204/204 226/226
f 226/226 204/204 228/228
f 228/228 204/204 229/229
f 229/229 204/204 230/230
f 204/204 206/206 230/230
f 230/230 206/206 231/231
f 206/206 207/207 231/231
f 208/208 209/209 232/232
f 232/232 209/209 233/233
f 209/209 210/210 233/233
f 233/233 210/210 234/234
f 234/234 210/210 236/236
f 210/210 212/212 236/236
f 213/213 215/215 235/235
f 238/238 214/214 239/239
f 240/240 215/215 241/241
f 215/215 216/216 241/241
f 216/216 217/217 241/241
f 242/242 218/218 243/243
f 244/244 219/219 245/245
f 219/219 220/220 245/245
f 220/220 221/221 245/245
f 221/221 222/222 245/245
f 245/245 222/222 246/246
f 222/222 224/224 246/246
f 247/247 225/225 248/248
f 225/225 227/227 248/248
f 248/248 227/227 249/249
f 228/228 229/229 250/250
f 250/250 229/229 252/252
f 252/252 229/229 253/253
f 229/229 230/230 253/253
f 230/230 231/231 253/253
f 255/255 232/232 256/256
f 232/232 233/233 256/256
f 256/256 233/233 257/257
f 233/233 234/234 257/257
f 234/234 236/236 257/257
f 257/257 236/236 258/258
f 259/259 237/237 261/261
f 238/238 239/239 260/260
f 240/240 241/241 261/261
f 261/261 241/241 262/262
f 262/262 241/241 263/263
f 242/242 243/243 264/264
f 264/264 243/243 265/265
f 244/244 245/245 266/266
f 245/245 246/246 266/266
f 266/266 246/246 267/267
f 267/267 246/246 268/268
f 268/268 246/246 269/269
f 247/247 248/248 271/271
f 248/248 249/249 271/271
f 271/271 249/249 272/272
f 274/274 273/273 275/275
f 273/273 250/250 275/275
f 250/250 252/252 275/275
f 276/276 251/251 277/277
f 251/251 254/254 277/277
f 255/255 256/256 279/279
f 279/279 256/256 280/280
f 256/256 257/257 280/280
f 280/280 257/257 281/281
f 281/281 257/257 282/282
f 257/257 258/258 282/282
f 259/259 261/261 283/283
f 283/283 261/261 284/284
f 284/284 261/261 285/285
f 261/261 262/262 285/285
f 262/262 263/263 285/285
f 286/286 264/264 287/287
f 264/264 265/265 287/287
f 266/266 267/267 289/289
f 291/291 289/289 292/292
f 289/289 267/267 292/292
f 267/267 268/268 292/292
f 292/292 268/268 293/293
f 293/293 268/268 294/294
f 268/268 269/269 294/294
f 270/270 273/273 295/295
f 273/273 274/274 295/295
f 295/295 274/274 297/297
f 297/297 274/274 9/9
f 299/299 9/9 301/301
f 9/9 274/274 301/301
f 274/274 275/275 301/301
f 303/303 301/301 304/304
f 301/301 275/275 304/304
f 275/275 278/278 304/304
f 305/305 279/279 306/306
f 279/279 280/280 306/306
f 306/306 280/280 307/307
f 280/280 281/281 307/307
f 281/281 282/282 307/307
f 307/307 282/282 308/308
f 309/309 283/283 310/310
f 283/283 284/284 310/310
f 284/284 285/285 310/310
f 310/310 285/285 312/312
f 286/286 287/287 311/311
f 288/288 290/290 312/312
f 312/312 290/290 313/313
f 291/291 292/292 314/314
f 314/314 292/292 315/315
f 315/315 292/292 316/316
f 292/292 293/293 316/316
f 293/293 294/294 316/316
f 294/294 296/296 316/316
f 296/296 7/7 316/316
f 317/317 8/8 318/318
f 8/8 3/3 318/318
f 319/319 4/4 320/320
f 4/4 1/1 320/320
f 320/320 1/1 321/321
f 321/321 1/1 323/323
f 330/330 325/325 326/326
f 325/325 329/329 326/326
f 330/330 331/331 332/332
f 332/332 331/331 334/334
f 331/331 335/335 334/334
f 335/335 326/326 334/334
f 334/334 326/326 339/339
f 326/326 329/329 339/339
f 327/327 324/324 338/338
f 337/337 322/322 341/341
f 323/323 1/1 340/340
f 342/342 2/2 343/343
f 2/2 6/6 343/343
f 343/343 6/6 345/345
f 6/6 9/9 345/345
f 9/9 299/299 345/345
f 348/348 345/345 351/351
f 344/344 298/298 350/350
f 298/298 300/300 350/350
f 301/301 303/303 349/349
f 353/353 302/302 355/355
f 302/302 305/305 355/355
f 305/305 306/306 355/355
f 355/355 306/306 357/357
f 306/306 307/307 357/357
f 357/357 307/307 358/358
f 307/307 308/308 358/358
f 309/309 310/310 359/359
f 359/359 310/310 361/361
f 361/361 310/310 363/363
f 310/310 312/312 363/363
f 312/312 313/313 363/363
f 363/363 313/313 364/364
f 314/314 315/315 366/366
f 315/315 316/316 366/366
f 316/316 319/319 366/366
f 369/369 366/366 370/370
f 366/366 319/319 370/370
f 319/319 320/320 370/370
f 320/320 321/321 370/370
f 370/370 321/321 371/371
f 371/371 321/321 373/373
f 321/321 323/323 373/373
f 323/323 328/328 373/373
f 373/373 328/328 374/374
f 376/376 329/329 377/377
f 329/329 325/325 377/377
f 377/377 325/325 378/378
f 325/325 330/330 378/378
f 378/378 330/330 381/381
f 381/381 330/330 382/382
f 330/330 332/332 382/382
f 389/389 385/385 386/386
f 385/385 333/333 386/386
f 333/333 387/387 386/386
f 386/386 387/387 388/388
f 387/387 336/336 388/388
f 336/336 342/342 388/388
f 342/342 343/343 388/388
f 391/391 392/392 394/394
f 394/394 392/392 395/395
f 392/392 388/388 395/395
f 388/388 343/343 395/395
f 343/343 345/345 395/395
f 345/345 348/348 395/395
f 395/395 348/348 396/396
f 397/397 346/346 398/398
f 347/347 352/352 400/400
f 400/400 352/352 401/401
f 352/352 354/354 401/401
f 402/402 355/355 403/403
f 355/355 357/357 403/403
f 404/404 356/356 407/407
f 357/357 358/358 406/406
f 359/359 361/361 405/405
f 410/410 360/360 411/411
f 412/412 361/361 414/414
f 361/361 363/363 414/414
f 362/362 365/365 413/413
f 365/365 367/367 413/413
f 414/414 368/368 415/415
f 415/415 368/368 416/416
f 369/369 370/370 417/417
f 370/370 371/371 417/417
f 371/371 373/373 417/417
f 417/417 373/373 418/418
f 420/420 372/372 422/422
f 372/372 375/375 422/422
f 430/430 425/425 426/426
f 425/425 427/427 426/426
f 426/426 427/427 428/428
f 428/428 427/427 429/429
f 427/427 421/421 429/429
f 421/421 376/376 429/429
f 376/376 377/377 429/429
f 430/430 429/429 431/431
f 429/429 377/377 431/431
f 431/431 377/377 432/432
f 377/377 378/378 432/432
f 432/432 378/378 433/433
f 378/378 381/381 433/433
f 435/435 379/379 437/437
f 380/380 383/383 436/436
f 384/384 390/390 437/437
f 390/390 393/393 437/437
f 437/437 393/393 439/439
f 394/394 395/395 438/438
f 395/395 396/396 438/438
f 439/439 397/397 440/440
f 397/397 398/398 440/440
f 441/441 399/399 443/443
f 399/399 402/402 443/443
f 402/402 403/403 443/443
f 404/404 407/407 442/442
f 445/445 408/408 446/446
f 448/448 409/409 450/450
f 410/410 411/411 449/449
f 412/412 414/414 450/450
f 414/414 415/415 450/450
f 450/450 415/415 451/451
f 415/415 416/416 451/451
f 416/416 419/419 451/451
f 451/451 419/419 452/452
f 419/419 423/423 452/452
f 423/423 453/453 452/452
f 452/452 453/453 454/454
f 453/453 424/424 454/454
f 457/457 454/454 458/458
f 454/454 424/424 458/458
f 425/425 430/430 460/460
f 460/460 430/430 462/462
f 430/430 431/431 462/462
f 462/462 431/431 463/463
f 431/431 432/432 463/463
f 432/432 433/433 463/463
f 464/464 434/434 465/465
f 435/435 437/437 467/467
f 467/467 437/437 468/468
f 437/437 439/439 468/468
f 439/439 440/440 468/468
f 469/469 441/441 470/470
f 441/441 443/443 470/470
f 471/471 444/444 472/472
f 444/444 447/447 472/472
f 473/473 448/448 474/474
f 448/448 450/450 474/474
f 450/450 451/451 474/474
f 451/451 452/452 474/474
f 452/452 475/475 474/474
f 474/474 475/475 476/476
f 475/475 455/455 476/476
f 477/477 456/456 478/478
f 456/456 459/459 478/478
f 459/459 461/461 478/478
f 478/478 461/461 479/479
f 461/461 464/464 479/479
f 464/464 465/465 479/479
f 466/466 469/469 480/480
f 480/480 469/469 481/481
f 469/469 470/470 481/481
f 482/482 471/471 484/484
f 471/471 472/472 484/484
f 473/473 474/474 483/483
f 474/474 476/476 483/483
f 477/477 478/478 486/486
f 478/478 479/479 486/486
f 494/494 488/488 491/491
f 488/488 493/493 491/491
f 497/497 498/498 627/627
f 627/627 498/498 503/503
f 504/504 501/501 510/510
f 502/502 499/499 509/509
f 500/500 489/489 508/508
f 490/490 492/492 507/507
f 493/493 488/488 506/506
f 512/512 515/515 516/516
f 517/517 520/520 543/543
f 521/521 523/523 526/526
f 522/522 531/531 525/525
f 532/532 528/528 535/535
f 524/524 529/529 534/534
f 529/529 539/539 534/534
f 533/533 536/536 544/544
f 544/544 536/536 545/545
f 546/546 537/537 550/550
f 538/538 530/530 549/549
f 531/531 522/522 548/548
f 555/555 552/552 556/556
f 559/559 547/547 560/560
f 547/547 523/523 560/560
f 560/560 523/523 561/561
f 561/561 523/523 562/562
f 523/523 521/521 562/562
f 562/562 521/521 564/564
f 564/564 521/521 565/565
f 521/521 526/526 565/565
f 567/567 527/527 569/569
f 528/528 532/532 568/568
f 532/532 540/540 568/568
f 571/571 541/541 572/572
f 542/542 518/518 575/575
f 575/575 518/518 576/576
f 579/579 519/519 582/582
f 582/582 519/519 584/584
f 520/520 517/517 583/583
f 517/517 513/513 583/583
f 587/587 514/514 589/589
f 514/514 511/511 589/589
f 589/589 511/511 590/590
f 592/592 591/591 595/595
f 590/590 511/511 594/594
f 512/512 516/516 593/593
f 595/595 517/517 596/596
f 517/517 543/543 596/596
f 543/543 598/598 596/596
f 598/598 601/601 596/596
f 596/596 601/601 603/603
f 599/599 609/609 602/602
f 605/605 606/606 610/610
f 613/613 607/607 614/614
f 618/618 617/617 621/621
f 617/617 608/608 621/621
f 608/608 600/600 621/621
f 600/600 597/597 621/621
f 597/597 544/544 621/621
f 544/544 545/545 621/621
f 621/621 545/545 626/626
f 546/546 550/550 625/625
f 551/551 553/553 624/624
f 629/629 630/630 631/631
f 630/630 622/622 631/631
f 623/623 554/554 633/633
f 633/633 554/554 636/636
f 554/554 557/557 636/636
f 636/636 557/557 637/637
f 637/637 557/557 639/639
f 643/643 641/641 645/645
f 638/638 558/558 644/644
f 559/559 560/560 646/646
f 646/646 560/560 648/648
f 560/560 561/561 648/648
f 648/648 561/561 650/650
f 561/561 562/562 650/650
f 650/650 562/562 651/651
f 562/562 564/564 651/651
f 651/651 564/564 652/652
f 655/655 563/563 665/665
f 665/665 563/563 656/656
f 563/563 566/566 656/656
f 656/656 566/566 663/663
f 567/567 569/569 662/662
f 570/570 573/573 661/661
f 574/574 577/577 660/660
f 578/578 580/580 659/659
f 581/581 585/585 658/658
f 586/586 588/588 657/657
f 657/657 588/588 664/664
f 588/588 591/591 664/664
f 664/664 591/591 668/668
f 670/670 667/667 671/671
f 668/668 591/591 672/672
f 672/672 591/591 673/673
f 591/591 592/592 673/673
f 673/673 592/592 674/674
f 674/674 592/592 675/675
f 592/592 595/595 675/675
f 595/595 596/596 675/675
f 675/675 596/596 676/676
f 596/596 603/603 676/676
f 677/677 604/604 678/678
f 604/604 611/611 678/678
f 679/679 612/612 680/680
f 612/612 615/615 680/680
f 681/681 616/616 682/682
f 616/616 619/619 682/682
f 683/683 620/620 684/684
f 620/620 685/685 684/684
f 685/685 505/505 684/684
f 684/684 505/505 686/686
f 505/505 487/487 686/686
f 688/688 686/686 690/690
f 686/686 487/487 690/690
f 487/487 495/495 690/690
f 690/690 495/495 691/691
f 692/692 496/496 693/693
f 496/496 628/628 693/693
f 628/628 632/632 693/693
f 632/632 634/634 693/693
f 695/695 635/635 697/697
f 636/636 637/637 696/696
f 637/637 639/639 696/696
f 700/700 640/640 704/704
f 704/704 640/640 705/705
f 641/641 643/643 707/707
f 707/707 643/643 708/708
f 708/708 643/643 709/709
f 710/710 642/642 711/711
f 642/642 646/646 711/711
f 646/646 648/648 711/711
f 712/712 647/647 713/713
f 648/648 650/650 714/714
f 714/714 650/650 715/715
f 716/716 649/649 717/717
f 650/650 651/651 718/718
f 719/719 718/718 721/721
f 721/721 718/718 722/722
f 718/718 651/651 722/722
f 651/651 652/652 722/722
f 724/724 653/653 725/725
f 726/726 654/654 728/728
f 655/655 665/665 727/727
f 666/666 669/669 730/730
f 730/730 669/669 732/732
f 670/670 671/671 731/731
f 734/734 672/672 735/735
f 672/672 673/673 735/735
f 735/735 673/673 736/736
f 673/673 674/674 736/736
f 736/736 674/674 737/737
f 674/674 675/675 737/737
f 675/675 676/676 737/737
f 738/738 677/677 739/739
f 677/677 678/678 739/739
f 740/740 679/679 741/741
f 679/679 680/680 741/741
f 681/681 682/682 742/742
f 742/742 682/682 743/743
f 683/683 684/684 744/744
f 744/744 684/684 745/745
f 684/684 686/686 745/745
f 746/746 747/747 748/748
f 748/748 747/747 749/749
f 747/747 745/745 749/749
f 745/745 686/686 749/749
f 750/750 749/749 755/755
f 749/749 686/686 755/755
f 686/686 688/688 755/755
f 687/687 689/689 754/754
f 690/690 691/691 753/753
f 692/692 693/693 752/752
f 694/694 698/698 751/751
f 751/751 698/698 758/758
f 699/699 701/701 757/757
f 756/756 702/702 762/762
f 703/703 706/706 761/761
f 760/760 707/707 764/764
f 707/707 708/708 764/764
f 764/764 708/708 765/765
f 708/708 709/709 765/765
f 765/765 709/709 766/766
f 768/768 710/710 770/770
f 710/710 711/711 770/770
f 712/712 713/713 769/769
f 772/772 714/714 773/773
f 714/714 715/715 773/773
f 773/773 715/715 775/775
f 716/716 717/717 774/774
f 718/718 719/719 777/777
f 777/777 719/719 779/779
f 779/779 719/719 780/780
f 719/719 721/721 780/780
f 782/782 720/720 785/785
f 785/785 720/720 786/786
f 720/720 723/723 786/786
f 724/724 725/725 787/787
f 787/787 725/725 789/789
f 726/726 728/728 788/788
f 729/729 733/733 789/789
f 789/789 733/733 790/790
f 791/791 734/734 792/792
f 734/734 735/735 792/792
f 792/792 735/735 793/793
f 793/793 735/735 795/795
f 735/735 736/736 795/795
f 795/795 736/736 796/796
f 736/736 737/737 796/796
f 738/738 739/739 797/797
f 797/797 739/739 798/798
f 799/799 740/740 800/800
f 740/740 741/741 800/800
f 742/742 743/743 801/801
f 801/801 743/743 802/802
f 744/744 745/745 803/803
f 745/745 747/747 803/803
f 803/803 747/747 804/804
f 747/747 746/746 804/804
f 804/804 746/746 805/805
f 806/806 805/805 807/807
f 805/805 746/746 807/807
f 807/807 746/746 808/808
f 746/746 748/748 808/808
f 748/748 749/749 808/808
f 749/749 750/750 808/808
f 750/750 759/759 808/808
f 808/808 759/759 809/809
f 809/809 759/759 810/810
f 759/759 763/763 810/810
f 811/811 810/810 812/812
f 810/810 763/763 812/812
f 764/764 765/765 813/813
f 813/813 765/765 814/814
f 765/765 766/766 814/814
f 815/815 767/767 816/816
f 816/816 767/767 818/818
f 768/768 770/770 817/817
f 819/819 771/771 821/821
f 772/772 773/773 820/820
f 773/773 775/775 820/820
f 823/823 776/776 825/825
f 777/777 779/779 824/824
f 826/826 778/778 827/827
f 827/827 778/778 828/828
f 778/778 781/781 828/828
f 781/781 783/783 828/828
f 828/828 783/783 829/829
f 829/829 783/783 830/830
f 784/784 787/787 831/831
f 787/787 789/789 831/831
f 789/789 790/790 831/831
f 831/831 790/790 832/832
f 834/834 791/791 836/836
f 791/791 792/792 836/836
f 836/836 792/792 838/838
f 792/792 793/793 838/838
f 838/838 793/793 839/839
f 793/793 795/795 839/839
f 842/842 794/794 845/845
f 794/794 797/797 845/845
f 797/797 798/798 845/845
f 845/845 798/798 846/846
f 848/848 799/799 849/849
f 799/799 800/800 849/849
f 850/850 801/801 851/851
f 801/801 802/802 851/851
f 803/803 804/804 852/852
f 852/852 804/804 853/853
f 804/804 805/805 853/853
f 853/853 805/805 855/855
f 805/805 806/806 855/855
f 806/806 811/811 855/855
f 859/859 855/855 861/861
f 861/861 855/855 863/863
f 855/855 811/811 863/863
f 811/811 812/812 863/863
f 813/813 814/814 862/862
f 864/864 815/815 865/865
f 865/865 815/815 866/866
f 815/815 816/816 866/866
f 866/866 816/816 867/867
f 816/816 818/818 867/867
f 867/867 818/818 868/868
f 874/874 868/868 869/869
f 868/868 818/818 869/869
f 818/818 822/822 869/869
f 822/822 826/826 869/869
f 869/869 826/826 870/870
f 826/826 827/827 870/870
f 870/870 827/827 871/871
f 827/827 828/828 871/871
f 828/828 829/829 871/871
f 871/871 829/829 872/872
f 829/829 830/830 872/872
f 830/830 833/833 872/872
f 833/833 835/835 872/872
f 872/872 835/835 873/873
f 835/835 837/837 873/873
f 873/873 837/837 874/874
f 874/874 837/837 876/876
f 838/838 839/839 875/875
f 877/877 840/840 879/879
f 879/879 840/840 882/882
f 841/841 843/843 881/881
f 844/844 847/847 880/880
f 883/883 848/848 884/884
f 884/884 848/848 885/885
f 848/848 849/849 885/885
f 887/887 850/850 888/888
f 850/850 851/851 888/888
f 852/852 853/853 890/890
f 890/890 853/853 892/892
f 853/853 855/855 892/892
f 854/854 856/856 891/891
f 893/893 857/857 894/894
f 895/895 858/858 896/896
f 858/858 860/860 896/896
f 860/860 864/864 896/896
f 864/864 865/865 896/896
f 865/865 866/866 896/896
f 866/866 867/867 896/896
f 867/867 868/868 896/896
f 868/868 874/874 896/896
f 874/874 876/876 896/896
f 876/876 878/878 896/896
f 896/896 878/878 898/898
f 879/879 882/882 897/897
f 883/883 884/884 900/900
f 900/900 884/884 901/901
f 884/884 885/885 901/901
f 903/903 886/886 905/905
f 886/886 889/889 905/905
f 890/890 892/892 904/904
f 893/893 894/894 906/906
f 906/906 894/894 908/908
f 895/895 896/896 907/907
f 896/896 898/898 907/907
f 899/899 902/902 908/908
f 911/911 914/914 1000/1000
f 1000/1000 914/914 917/917
f 919/919 922/922 923/923
f 926/926 920/920 930/930
f 937/937 942/942 943/943
f 947/947 938/938 948/948
f 939/939 955/955 951/951
f 951/951 955/955 957/957
f 933/933 960/960 963/963
f 956/956 952/952 962/962
f 961/961 953/953 971/971
f 954/954 940/940 970/970
f 941/941 934/934 969/969
f 996/996 967/967 974/974
f 968/968 935/935 973/973
f 972/972 936/936 977/977
f 936/936 944/944 977/977
f 978/978 981/981 984/984
f 981/981 989/989 984/984
f 986/986 992/992 994/994
f 993/993 990/990 996/996
f 996/996 990/990 915/915
f 915/915 990/990 999/999
f 991/991 982/982 998/998
f 983/983 987/987 997/997
f 997/997 987/987 1003/1003
f 1002/1002 988/988 1004/1004
f 988/988 979/979 1004/1004
f 1006/1006 980/980 1007/1007
f 1010/1010 981/981 1011/1011
f 981/981 978/978 1011/1011
f 1011/1011 978/978 1013/1013
f 1016/1016 1014/1014 1017/1017
f 1019/1019 1012/1012 1020/1020
f 1013/1013 978/978 1021/1021
f 1021/1021 978/978 1023/1023
f 978/978 984/984 1023/1023
f 985/985 995/995 1022/1022
f 995/995 975/975 1022/1022
f 1023/1023 976/976 1024/1024
f 976/976 945/945 1024/1024
f 1024/1024 945/945 1025/1025
f 946/946 949/949 1029/1029
f 1029/1029 949/949 1032/1032
f 950/950 958/958 1031/1031
f 959/959 927/927 1030/1030
f 1034/1034 928/928 1036/1036
f 929/929 921/921 1035/1035
f 922/922 919/919 1038/1038
f 1038/1038 919/919 1039/1039
f 1042/1042 1040/1040 1044/1044
f 1040/1040 918/918 1044/1044
f 918/918 924/924 1044/1044
f 925/925 931/931 1043/1043
f 932/932 964/964 1045/1045
f 964/964 1046/1046 1045/1045
f 1046/1046 965/965 1045/1045
f 1045/1045 965/965 1047/1047
f 1048/1048 966/966 1049/1049
f 1056/1056 1060/1060 1063/1063
f 1060/1060 1066/1066 1063/1063
f 1066/1066 1052/1052 1063/1063
f 1052/1052 967/967 1063/1063
f 967/967 996/996 1063/1063
f 996/996 915/915 1063/1063
f 916/916 912/912 1062/1062
f 913/913 909/909 1061/1061
f 909/909 1068/1068 1061/1061
f 1061/1061 1068/1068 1074/1074
f 1077/1077 1071/1071 1080/1080
f 1071/1071 1083/1083 1080/1080
f 1080/1080 1083/1083 1084/1084
f 1087/1087 1081/1081 1091/1091
f 1082/1082 1072/1072 1090/1090
f 1073/1073 1067/1067 1089/1089
f 1067/1067 910/910 1089/1089
f 910/910 1001/1001 1089/1089
f 1002/1002 1004/1004 1088/1088
f 1093/1093 1005/1005 1095/1095
f 1005/1005 1008/1008 1095/1095
f 1101/1101 1098/1098 1102/1102
f 1094/1094 1009/1009 1103/1103
f 1103/1103 1009/1009 1105/1105
f 1105/1105 1009/1009 1106/1106
f 1010/1010 1011/1011 1107/1107
f 1107/1107 1011/1011 1108/1108
f 1011/1011 1013/1013 1108/1108
f 1013/1013 1015/1015 1108/1108
f 1108/1108 1015/1015 1109/1109
f 1109/1109 1015/1015 1110/1110
f 1113/1113 1114/1114 1116/1116
f 1116/1116 1114/1114 1117/1117
f 1114/1114 1110/1110 1117/1117
f 1110/1110 1015/1015 1117/1117
f 1015/1015 1018/1018 1117/1117
f 1117/1117 1018/1018 1118/1118
f 1118/1118 1018/1018 1119/1119
f 1018/1018 1021/1021 1119/1119
f 1021/1021 1023/1023 1119/1119
f 1023/1023 1024/1024 1119/1119
f 1024/1024 1025/1025 1119/1119
f 1121/1121 1026/1026 1122/1122
f 1124/1124 1027/1027 1125/1125
f 1028/1028 1033/1033 1127/1127
f 1127/1127 1033/1033 1128/1128
f 1033/1033 1037/1037 1128/1128
f 1130/1130 1038/1038 1133/1133
f 1038/1038 1039/1039 1133/1133
f 1039/1039 1041/1041 1133/1133
f 1133/1133 1041/1041 1134/1134
f 1135/1135 1134/1134 1136/1136
f 1134/1134 1041/1041 1136/1136
f 1136/1136 1041/1041 1137/1137
f 1041/1041 1045/1045 1137/1137
f 1045/1045 1047/1047 1137/1137
f 1137/1137 1047/1047 1138/1138
f 1047/1047 1050/1050 1138/1138
f 1141/1141 1051/1051 1142/1142
f 1051/1051 1065/1065 1142/1142
f 1065/1065 1057/1057 1142/1142
f 1143/1143 1058/1058 1144/1144
f 1145/1145 1059/1059 1146/1146
f 1059/1059 1053/1053 1146/1146
f 1147/1147 1054/1054 1157/1157
f 1055/1055 1064/1064 1156/1156
f 1156/1156 1064/1064 1148/1148
f 1064/1064 1149/1149 1148/1148
f 1148/1148 1149/1149 1154/1154
f 1149/1149 1069/1069 1154/1154
f 1070/1070 1075/1075 1153/1153
f 1076/1076 1078/1078 1152/1152
f 1079/1079 1085/1085 1151/1151
f 1150/1150 1086/1086 1155/1155
f 1157/1157 1155/1155 1158/1158
f 1159/1159 1160/1160 1161/1161
f 1160/1160 1158/1158 1161/1161
f 1158/1158 1155/1155 1161/1161
f 1161/1161 1155/1155 1162/1162
f 1162/1162 1155/1155 1167/1167
f 1155/1155 1086/1086 1167/1167
f 1087/1087 1091/1091 1166/1166
f 1092/1092 1096/1096 1165/1165
f 1097/1097 1099/1099 1164/1164
f 1163/1163 1100/1100 1169/1169
f 1169/1169 1100/1100 1171/1171
f 1101/1101 1102/1102 1170/1170
f 1102/1102 1104/1104 1170/1170
f 1177/1177 1175/1175 1178/1178
f 1170/1170 1104/1104 1181/1181
f 1181/1181 1104/1104 1182/1182
f 1105/1105 1106/1106 1183/1183
f 1183/1183 1106/1106 1184/1184
f 1107/1107 1108/1108 1185/1185
f 1108/1108 1109/1109 1185/1185
f 1185/1185 1109/1109 1188/1188
f 1188/1188 1109/1109 1190/1190
f 1109/1109 1110/1110 1190/1190
f 1190/1190 1110/1110 1193/1193
f 1110/1110 1114/1114 1193/1193
f 1193/1193 1114/1114 1194/1194
f 1114/1114 1113/1113 1194/1194
f 1197/1197 1111/1111 1200/1200
f 1200/1200 1111/1111 1202/1202
f 1112/1112 1115/1115 1201/1201
f 1205/1205 1116/1116 1207/1207
f 1207/1207 1116/1116 1209/1209
f 1116/1116 1117/1117 1209/1209
f 1117/1117 1118/1118 1209/1209
f 1209/1209 1118/1118 1210/1210
f 1118/1118 1119/1119 1210/1210
f 1120/1120 1123/1123 1212/1212
f 1212/1212 1123/1123 1215/1215
f 1124/1124 1125/1125 1214/1214
f 1126/1126 1129/1129 1213/1213
f 1129/1129 1131/1131 1213/1213
f 1220/1220 1221/1221 1223/1223
f 1221/1221 1217/1217 1223/1223
f 1213/1213 1131/1131 1222/1222
f 1225/1225 1132/1132 1226/1226
f 1227/1227 1133/1133 1229/1229
f 1133/1133 1134/1134 1229/1229
f 1134/1134 1135/1135 1229/1229
f 1229/1229 1135/1135 1230/1230
f 1233/1233 1231/1231 1234/1234
f 1234/1234 1231/1231 1235/1235
f 1230/1230 1135/1135 1236/1236
f 1135/1135 1136/1136 1236/1236
f 1236/1236 1136/1136 1237/1237
f 1136/1136 1137/1137 1237/1237
f 1137/1137 1138/1138 1237/1237
f 1238/1238 1139/1139 1239/1239
f 1140/1140 1143/1143 1240/1240
f 1143/1143 1144/1144 1240/1240
f 1240/1240 1144/1144 1241/1241
f 1145/1145 1146/1146 1242/1242
f 1242/1242 1146/1146 1243/1243
f 1147/1147 1157/1157 1244/1244
f 1157/1157 1158/1158 1244/1244
f 1244/1244 1158/1158 1246/1246
f 1158/1158 1160/1160 1246/1246
f 1246/1246 1160/1160 1247/1247
f 1252/1252 1247/1247 1248/1248
f 1247/1247 1160/1160 1248/1248
f 1160/1160 1159/1159 1248/1248
f 1248/1248 1159/1159 1250/1250
f 1159/1159 1161/1161 1250/1250
f 1161/1161 1162/1162 1250/1250
f 1162/1162 1168/1168 1250/1250
f 1168/1168 1172/1172 1250/1250
f 1249/1249 1173/1173 1251/1251
f 1251/1251 1173/1173 1256/1256
f 1174/1174 1176/1176 1255/1255
f 1259/1259 1254/1254 1263/1263
f 1255/1255 1176/1176 1262/1262
f 1177/1177 1178/1178 1261/1261
f 1179/1179 1271/1271 1260/1260
f 1267/1267 1268/1268 1272/1272
f 1275/1275 1269/1269 1279/1279
f 1270/1270 1180/1180 1278/1278
f 1181/1181 1182/1182 1277/1277
f 1183/1183 1184/1184 1276/1276
f 1184/1184 1186/1186 1276/1276
f 1280/1280 1187/1187 1281/1281
f 1187/1187 1189/1189 1281/1281
f 1189/1189 1191/1191 1281/1281
f 1282/1282 1192/1192 1284/1284
f 1284/1284 1192/1192 1286/1286
f 1286/1286 1192/1192 1288/1288
f 1192/1192 1195/1195 1288/1288
f 1288/1288 1195/1195 1289/1289
f 1196/1196 1198/1198 1291/1291
f 1291/1291 1198/1198 1293/1293
f 1199/1199 1203/1203 1292/1292
f 1295/1295 1204/1204 1300/1300
f 1300/1300 1204/1204 1296/1296
f 1204/1204 1206/1206 1296/1296
f 1206/1206 1208/1208 1296/1296
f 1296/1296 1208/1208 1298/1298
f 1208/1208 1211/1211 1298/1298
f 1211/1211 1216/1216 1298/1298
f 1217/1217 1221/1221 1297/1297
f 1297/1297 1221/1221 1299/1299
f 1221/1221 1220/1220 1299/1299
f 1301/1301 1299/1299 1303/1303
f 1299/1299 1220/1220 1303/1303
f 1307/1307 1304/1304 1316/1316
f 1302/1302 1218/1218 1315/1315
f 1315/1315 1218/1218 1312/1312
f 1219/1219 1224/1224 1311/1311
f 1225/1225 1226/1226 1310/1310
f 1227/1227 1229/1229 1309/1309
f 1308/1308 1228/1228 1314/1314
f 1229/1229 1230/1230 1313/1313
f 1230/1230 1232/1232 1313/1313
f 1319/1319 1313/1313 1321/1321
f 1313/1313 1232/1232 1321/1321
f 1321/1321 1232/1232 1322/1322
f 1325/1325 1233/1233 1326/1326
f 1233/1233 1234/1234 1326/1326
f 1326/1326 1234/1234 1328/1328
f 1328/1328 1234/1234 1329/1329
f 1234/1234 1235/1235 1329/1329
f 1235/1235 1238/1238 1329/1329
f 1238/1238 1239/1239 1329/1329
f 1240/1240 1241/1241 1330/1330
f 1330/1330 1241/1241 1331/1331
f 1242/1242 1243/1243 1332/1332
f 1243/1243 1245/1245 1332/1332
f 1332/1332 1245/1245 1333/1333
f 1246/1246 1247/1247 1334/1334
f 1334/1334 1247/1247 1336/1336
f 1247/1247 1252/1252 1336/1336
f 1336/1336 1252/1252 1339/1339
f 1253/1253 1257/1257 1338/1338
f 1258/1258 1264/1264 1337/1337
f 1341/1341 1339/1339 1343/1343
f 1343/1343 1339/1339 1345/1345
f 1339/1339 1265/1265 1345/1345
f 1266/1266 1273/1273 1344/1344
f 1346/1346 1274/1274 1347/1347
f 1347/1347 1274/1274 1348/1348
f 1348/1348 1274/1274 1350/1350
f 1275/1275 1279/1279 1349/1349
f 1279/1279 1282/1282 1349/1349
f 1282/1282 1284/1284 1349/1349
f 1350/1350 1283/1283 1357/1357
f 1283/1283 1285/1285 1357/1357
f 1285/1285 1287/1287 1357/1357
f 1287/1287 1290/1290 1357/1357
f 1290/1290 1294/1294 1357/1357
f 1357/1357 1294/1294 1353/1353
f 1295/1295 1300/1300 1352/1352
f 1301/1301 1303/1303 1351/1351
f 1351/1351 1303/1303 1356/1356
f 1303/1303 1305/1305 1356/1356
f 1306/1306 1317/1317 1355/1355
f 1354/1354 1318/1318 1359/1359
f 1318/1318 1320/1320 1359/1359
f 1320/1320 1323/1323 1359/1359
f 1358/1358 1324/1324 1360/1360
f 1362/1362 1325/1325 1365/1365
f 1365/1365 1325/1325 1367/1367
f 1325/1325 1326/1326 1367/1367
f 1367/1367 1326/1326 1368/1368
f 1326/1326 1328/1328 1368/1368
f 1369/1369 1327/1327 1370/1370
f 1327/1327 1330/1330 1370/1370
f 1330/1330 1331/1331 1370/1370
f 1332/1332 1333/1333 1371/1371
f 1371/1371 1333/1333 1373/1373
f 1334/1334 1336/1336 1372/1372
f 1375/1375 1335/1335 1376/1376
f 1336/1336 1339/1339 1377/1377
f 1339/1339 1341/1341 1377/1377
f 1377/1377 1341/1341 1378/1378
f 1380/1380 1340/1340 1381/1381
f 1340/1340 1342/1342 1381/1381
f 1342/1342 1346/1346 1381/1381
f 1346/1346 1347/1347 1381/1381
f 1347/1347 1348/1348 1381/1381
f 1348/1348 1350/1350 1381/1381
f 1350/1350 1357/1357 1381/1381
f 1357/1357 1361/1361 1381/1381
f 1361/1361 1363/1363 1381/1381
f 1381/1381 1363/1363 1382/1382
f 1364/1364 1366/1366 1383/1383
f 1383/1383 1366/1366 1385/1385
f 1366/1366 1369/1369 1385/1385
f 1385/1385 1369/1369 1386/1386
f 1369/1369 1370/1370 1386/1386
f 1371/1371 1373/1373 1387/1387
f 1387/1387 1373/1373 1389/1389
f 1374/1374 1377/1377 1388/1388
f 1377/1377 1378/1378 1388/1388
f 1389/1389 1379/1379 1392/1392
f 1380/1380 1381/1381 1391/1391
f 1381/1381 1382/1382 1391/1391
f 1383/1383 1385/1385 1390/1390
f 1392/1392 1384/1384 1394/1394
f 1385/1385 1386/1386 1393/1393
f 1387/1387 1389/1389 1394/1394
f 1397/1397 1399/1399 1402/1402
f 1410/1410 1413/1413 1400/1400
f 1406/1406 1411/1411 1415/1415
f 1415/1415 1411/1411 1417/1417
f 1411/1411 1420/1420 1417/1417
f 1417/1417 1420/1420 1422/1422
f 1422/1422 1420/1420 1423/1423
f 1427/1427 1426/1426 1428/1428
f 1426/1426 1418/1418 1428/1428
f 1428/1428 1418/1418 1429/1429
f 1419/1419 1412/1412 1430/1430
f 1412/1412 1407/1407 1430/1430
f 1433/1433 1430/1430 1434/1434
f 1430/1430 1407/1407 1434/1434
f 1436/1436 1408/1408 1437/1437
f 1439/1439 1409/1409 1441/1441
f 1409/1409 1401/1401 1441/1441
f 1402/1402 1399/1399 1440/1440
f 1445/1445 1447/1447 1448/1448
f 1447/1447 1444/1444 1448/1448
f 1444/1444 1398/1398 1448/1448
f 1398/1398 1395/1395 1448/1448
f 1449/1449 1396/1396 1450/1450
f 1396/1396 1403/1403 1450/1450
f 1455/1455 1457/1457 1462/1462
f 1456/1456 1451/1451 1461/1461
f 1451/1451 1404/1404 1461/1461
f 1405/1405 1414/1414 1460/1460
f 1414/1414 1416/1416 1460/1460
f 1417/1417 1422/1422 1459/1459
f 1421/1421 1424/1424 1458/1458
f 1463/1463 1425/1425 1464/1464
f 1426/1426 1427/1427 1465/1465
f 1465/1465 1427/1427 1467/1467
f 1470/1470 1474/1474 1475/1475
f 1474/1474 1481/1481 1475/1475
f 1481/1481 1486/1486 1475/1475
f 1478/1478 1482/1482 1487/1487
f 1490/1490 1483/1483 1492/1492
f 1483/1483 1467/1467 1492/1492
f 1492/1492 1467/1467 1493/1493
f 1467/1467 1427/1427 1493/1493
f 1493/1493 1427/1427 1494/1494
f 1427/1427 1428/1428 1494/1494
f 1494/1494 1428/1428 1495/1495
f 1428/1428 1429/1429 1495/1495
f 1429/1429 1431/1431 1495/1495
f 1495/1495 1431/1431 1496/1496
f 1496/1496 1431/1431 1497/1497
f 1499/1499 1432/1432 1501/1501
f 1432/1432 1435/1435 1501/1501
f 1436/1436 1437/1437 1500/1500
f 1505/1505 1503/1503 1507/1507
f 1503/1503 1438/1438 1507/1507
f 1507/1507 1438/1438 1508/1508
f 1438/1438 1442/1442 1508/1508
f 1443/1443 1446/1446 1509/1509
f 1509/1509 1446/1446 1510/1510
f 1447/1447 1445/1445 1511/1511
f 1511/1511 1445/1445 1512/1512
f 1513/1513 1512/1512 1515/1515
f 1512/1512 1445/1445 1515/1515
f 1515/1515 1445/1445 1517/1517
f 1445/1445 1448/1448 1517/1517
f 1449/1449 1450/1450 1516/1516
f 1451/1451 1456/1456 1519/1519
f 1519/1519 1456/1456 1521/1521
f 1457/1457 1455/1455 1520/1520
f 1524/1524 1452/1452 1526/1526
f 1453/1453 1530/1530 1525/1525
f 1528/1528 1533/1533 1527/1527
f 1527/1527 1533/1533 1534/1534
f 1534/1534 1533/1533 1536/1536
f 1531/1531 1541/1541 1535/1535
f 1538/1538 1539/1539 1542/1542
f 1542/1542 1539/1539 1543/1543
f 1554/1554 1545/1545 1548/1548
f 1545/1545 1540/1540 1548/1548
f 1540/1540 1532/1532 1548/1548
f 1532/1532 1529/1529 1548/1548
f 1529/1529 1454/1454 1548/1548
f 1454/1454 1463/1463 1548/1548
f 1463/1463 1464/1464 1548/1548
f 1464/1464 1466/1466 1548/1548
f 1466/1466 1484/1484 1548/1548
f 1485/1485 1479/1479 1547/1547
f 1480/1480 1471/1471 1546/1546
f 1546/1546 1471/1471 1553/1553
f 1556/1556 1549/1549 1559/1559
f 1550/1550 1564/1564 1558/1558
f 1567/1567 1561/1561 1572/1572
f 1557/1557 1562/1562 1571/1571
f 1563/1563 1551/1551 1570/1570
f 1552/1552 1472/1472 1569/1569
f 1473/1473 1468/1468 1568/1568
f 1575/1575 1469/1469 1578/1578
f 1578/1578 1469/1469 1580/1580
f 1469/1469 1476/1476 1580/1580
f 1477/1477 1488/1488 1579/1579
f 1582/1582 1489/1489 1584/1584
f 1587/1587 1589/1589 1591/1591
f 1589/1589 1584/1584 1591/1591
f 1584/1584 1489/1489 1591/1591
f 1490/1490 1492/1492 1590/1590
f 1592/1592 1491/1491 1593/1593
f 1492/1492 1493/1493 1595/1595
f 1595/1595 1493/1493 1596/1596
f 1493/1493 1494/1494 1596/1596
f 1596/1596 1494/1494 1597/1597
f 1494/1494 1495/1495 1597/1597
f 1495/1495 1496/1496 1597/1597
f 1597/1597 1496/1496 1598/1598
f 1599/1599 1598/1598 1600/1600
f 1600/1600 1598/1598 1601/1601
f 1598/1598 1496/1496 1601/1601
f 1496/1496 1497/1497 1601/1601
f 1601/1601 1497/1497 1602/1602
f 1603/1603 1498/1498 1604/1604
f 1498/1498 1502/1502 1604/1604
f 1503/1503 1505/1505 1605/1605
f 1605/1605 1505/1505 1606/1606
f 1607/1607 1504/1504 1608/1608
f 1608/1608 1504/1504 1609/1609
f 1504/1504 1506/1506 1609/1609
f 1507/1507 1508/1508 1610/1610
f 1610/1610 1508/1508 1611/1611
f 1612/1612 1509/1509 1613/1613
f 1509/1509 1510/1510 1613/1613
f 1511/1511 1512/1512 1614/1614
f 1614/1614 1512/1512 1616/1616
f 1512/1512 1513/1513 1616/1616
f 1616/1616 1513/1513 1618/1618
f 1618/1618 1513/1513 1619/1619
f 1513/1513 1515/1515 1619/1619
f 1620/1620 1514/1514 1622/1622
f 1514/1514 1518/1518 1622/1622
f 1519/1519 1521/1521 1621/1621
f 1622/1622 1522/1522 1623/1623
f 1523/1523 1527/1527 1624/1624
f 1527/1527 1534/1534 1624/1624
f 1624/1624 1534/1534 1625/1625
f 1534/1534 1536/1536 1625/1625
f 1626/1626 1537/1537 1627/1627
f 1538/1538 1542/1542 1628/1628
f 1629/1629 1631/1631 1632/1632
f 1631/1631 1633/1633 1632/1632
f 1633/1633 1635/1635 1632/1632
f 1632/1632 1635/1635 1636/1636
f 1635/1635 1628/1628 1636/1636
f 1628/1628 1542/1542 1636/1636
f 1636/1636 1542/1542 1639/1639
f 1542/1542 1543/1543 1639/1639
f 1544/1544 1555/1555 1638/1638
f 1556/1556 1559/1559 1637/1637
f 1639/1639 1560/1560 1640/1640
f 1560/1560 1565/1565 1640/1640
f 1640/1640 1565/1565 1643/1643
f 1566/1566 1573/1573 1642/1642
f 1574/1574 1576/1576 1641/1641
f 1577/1577 1581/1581 1644/1644
f 1581/1581 1583/1583 1644/1644
f 1644/1644 1583/1583 1646/1646
f 1583/1583 1588/1588 1646/1646
f 1646/1646 1588/1588 1648/1648
f 1588/1588 1585/1585 1648/1648
f 1648/1648 1585/1585 1649/1649
f 1653/1653 1586/1586 1656/1656
f 1656/1656 1586/1586 1657/1657
f 1587/1587 1591/1591 1659/1659
f 1591/1591 1594/1594 1659/1659
f 1659/1659 1594/1594 1660/1660
f 1595/1595 1596/1596 1661/1661
f 1661/1661 1596/1596 1662/1662
f 1596/1596 1597/1597 1662/1662
f 1597/1597 1598/1598 1662/1662
f 1662/1662 1598/1598 1663/1663
f 1598/1598 1599/1599 1663/1663
f 1663/1663 1599/1599 1665/1665
f 1665/1665 1599/1599 1666/1666
f 1668/1668 1667/1667 1669/1669
f 1666/1666 1599/1599 1671/1671
f 1599/1599 1600/1600 1671/1671
f 1671/1671 1600/1600 1673/1673
f 1600/1600 1601/1601 1673/1673
f 1601/1601 1602/1602 1673/1673
f 1673/1673 1602/1602 1675/1675
f 1603/1603 1604/1604 1674/1674
f 1605/1605 1606/1606 1676/1676
f 1676/1676 1606/1606 1679/1679
f 1679/1679 1606/1606 1680/1680
f 1607/1607 1608/1608 1685/1685
f 1685/1685 1608/1608 1689/1689
f 1608/1608 1609/1609 1689/1689
f 1610/1610 1611/1611 1688/1688
f 1612/1612 1613/1613 1687/1687
f 1614/1614 1616/1616 1686/1686
f 1691/1691 1615/1615 1692/1692
f 1616/1616 1618/1618 1693/1693
f 1693/1693 1618/1618 1694/1694
f 1695/1695 1617/1617 1697/1697
f 1617/1617 1620/1620 1697/1697
f 1697/1697 1620/1620 1698/1698
f 1620/1620 1622/1622 1698/1698
f 1622/1622 1623/1623 1698/1698
f 1624/1624 1625/1625 1699/1699
f 1699/1699 1625/1625 1700/1700
f 1626/1626 1627/1627 1701/1701
f 1627/1627 1634/1634 1701/1701
f 1701/1701 1634/1634 1702/1702
f 1635/1635 1633/1633 1703/1703
f 1703/1703 1633/1633 1705/1705
f 1728/1728 1705/1705 1707/1707
f 1705/1705 1633/1633 1707/1707
f 1633/1633 1631/1631 1707/1707
f 1706/1706 1630/1630 1709/1709
f 1708/1708 1631/1631 1710/1710
f 1710/1710 1631/1631 1711/1711
f 1631/1631 1629/1629 1711/1711
f 1711/1711 1629/1629 1712/1712
f 1629/1629 1632/1632 1712/1712
f 1632/1632 1636/1636 1712/1712
f 1636/1636 1639/1639 1712/1712
f 1712/1712 1639/1639 1713/1713
f 1639/1639 1640/1640 1713/1713
f 1640/1640 1643/1643 1713/1713
f 1643/1643 1645/1645 1713/1713
f 1713/1713 1645/1645 1714/1714
f 1645/1645 1647/1647 1714/1714
f 1714/1714 1647/1647 1715/1715
f 1715/1715 1647/1647 1716/1716
f 1647/1647 1650/1650 1716/1716
f 1718/1718 1722/1722 1725/1725
f 1719/1719 1731/1731 1724/1724
f 1731/1731 1716/1716 1724/1724
f 1716/1716 1650/1650 1724/1724
f 1651/1651 1734/1734 1723/1723
f 1727/1727 1732/1732 1736/1736
f 1733/1733 1652/1652 1735/1735
f 1652/1652 1654/1654 1735/1735
f 1739/1739 1655/1655 1740/1740
f 1655/1655 1658/1658 1740/1740
f 1659/1659 1660/1660 1741/1741
f 1741/1741 1660/1660 1742/1742
f 1661/1661 1662/1662 1743/1743
f 1662/1662 1663/1663 1743/1743
f 1743/1743 1663/1663 1745/1745
f 1663/1663 1665/1665 1745/1745
f 1744/1744 1664/1664 1748/1748
f 1748/1748 1664/1664 1749/1749
f 1664/1664 1667/1667 1749/1749
f 1667/1667 1668/1668 1749/1749
f 1750/1750 1749/1749 1751/1751
f 1749/1749 1668/1668 1751/1751
f 1751/1751 1668/1668 1752/1752
f 1668/1668 1669/1669 1752/1752
f 1752/1752 1669/1669 1755/1755
f 1670/1670 1672/1672 1754/1754
f 1673/1673 1675/1675 1753/1753
f 1675/1675 1677/1677 1753/1753
f 1756/1756 1678/1678 1757/1757
f 1678/1678 1681/1681 1757/1757
f 1760/1760 1682/1682 1762/1762
f 1683/1683 1767/1767 1761/1761
f 1764/1764 1765/1765 1768/1768
f 1766/1766 1684/1684 1769/1769
f 1769/1769 1684/1684 1771/1771
f 1684/1684 1690/1690 1771/1771
f 1691/1691 1692/1692 1770/1770
f 1693/1693 1694/1694 1771/1771
f 1771/1771 1694/1694 1773/1773
f 1773/1773 1694/1694 1774/1774
f 1694/1694 1696/1696 1774/1774
f 1775/1775 1697/1697 1776/1776
f 1697/1697 1698/1698 1776/1776
f 1777/1777 1699/1699 1778/1778
f 1699/1699 1700/1700 1778/1778
f 1701/1701 1702/1702 1779/1779
f 1779/1779 1702/1702 1782/1782
f 1702/1702 1704/1704 1782/1782
f 1782/1782 1704/1704 1784/1784
f 1705/1705 1728/1728 1783/1783
f 1786/1786 1729/1729 1788/1788
f 1788/1788 1729/1729 1790/1790
f 1730/1730 1720/1720 1789/1789
f 1721/1721 1717/1717 1793/1793
f 1793/1793 1717/1717 1796/1796
f 1796/1796 1717/1717 1799/1799
f 1718/1718 1725/1725 1798/1798
f 1726/1726 1737/1737 1797/1797
f 1802/1802 1738/1738 1803/1803
f 1738/1738 1741/1741 1803/1803
f 1741/1741 1742/1742 1803/1803
f 1742/1742 1746/1746 1803/1803
f 1747/1747 1805/1805 1804/1804
f 1804/1804 1805/1805 1806/1806
f 1806/1806 1805/1805 1807/1807
f 1805/1805 1748/1748 1807/1807
f 1807/1807 1748/1748 1808/1808
f 1748/1748 1749/1749 1808/1808
f 1749/1749 1750/1750 1808/1808
f 1808/1808 1750/1750 1812/1812
f 1750/1750 1751/1751 1812/1812
f 1751/1751 1752/1752 1812/1812
f 1752/1752 1755/1755 1812/1812
f 1755/1755 1758/1758 1812/1812
f 1759/1759 1763/1763 1811/1811
f 1764/1764 1768/1768 1810/1810
f 1769/1769 1771/1771 1809/1809
f 1771/1771 1773/1773 1809/1809
f 1813/1813 1772/1772 1815/1815
f 1815/1815 1772/1772 1817/1817
f 1817/1817 1772/1772 1818/1818
f 1772/1772 1775/1775 1818/1818
f 1818/1818 1775/1775 1819/1819
f 1775/1775 1776/1776 1819/1819
f 1777/1777 1778/1778 1820/1820
f 1820/1820 1778/1778 1823/1823
f 1779/1779 1782/1782 1822/1822
f 1824/1824 1823/1823 1827/1827
f 1821/1821 1780/1780 1826/1826
f 1781/1781 1785/1785 1825/1825
f 1828/1828 1786/1786 1829/1829
f 1786/1786 1788/1788 1829/1829
f 1831/1831 1787/1787 1834/1834
f 1787/1787 1791/1791 1834/1834
f 1792/1792 1794/1794 1833/1833
f 1795/1795 1800/1800 1832/1832
f 1801/1801 1804/1804 1835/1835
f 1804/1804 1806/1806 1835/1835
f 1806/1806 1807/1807 1835/1835
f 1807/1807 1808/1808 1835/1835
f 1808/1808 1812/1812 1835/1835
f 1812/1812 1814/1814 1835/1835
f 1814/1814 1816/1816 1835/1835
f 1835/1835 1816/1816 1836/1836
f 1817/1817 1818/1818 1838/1838
f 1838/1838 1818/1818 1839/1839
f 1818/1818 1819/1819 1839/1839
f 1820/1820 1823/1823 1840/1840
f 1823/1823 1824/1824 1840/1840
f 1840/1840 1824/1824 1842/1842
f 1824/1824 1827/1827 1842/1842
f 1828/1828 1829/1829 1841/1841
f 1830/1830 1835/1835 1843/1843
f 1835/1835 1836/1836 1843/1843
f 1898/1898 1845/1845 1852/1852
f 1845/1845 1854/1854 1852/1852
f 1855/1855 1856/1856 1857/1857
f 1856/1856 1861/1861 1857/1857
f 1859/1859 1864/1864 1858/1858
f 1858/1858 1864/1864 1868/1868
f 1862/1862 1874/1874 1867/1867
f 1871/1871 1878/1878 1866/1866
f 1882/1882 1870/1870 1883/1883
f 1865/1865 1875/1875 1884/1884
f 1884/1884 1875/1875 1886/1886
f 1888/1888 1891/1891 1892/1892
f 1896/1896 1889/1889 1849/1849
f 1890/1890 1885/1885 1848/1848
f 1885/1885 1876/1876 1848/1848
f 1877/1877 1872/1872 1847/1847
f 1873/1873 1863/1863 1846/1846
f 1846/1846 1863/1863 1897/1897
f 1863/1863 1860/1860 1897/1897
f 1897/1897 1860/1860 1900/1900
f 1899/1899 1861/1861 1901/1901
f 1861/1861 1856/1856 1901/1901
f 1901/1901 1856/1856 1902/1902
f 1856/1856 1855/1855 1902/1902
f 1902/1902 1855/1855 1903/1903
f 1903/1903 1855/1855 1904/1904
f 1904/1904 1855/1855 1907/1907
f 1855/1855 1857/1857 1907/1907
f 1858/1858 1868/1868 1906/1906
f 1869/1869 1879/1879 1905/1905
f 1908/1908 1880/1880 1909/1909
f 1911/1911 1910/1910 1915/1915
f 1910/1910 1881/1881 1915/1915
f 1915/1915 1881/1881 1920/1920
f 1882/1882 1883/1883 1919/1919
f 1884/1884 1886/1886 1918/1918
f 1887/1887 1893/1893 1917/1917
f 1916/1916 1894/1894 1921/1921
f 1921/1921 1894/1894 1922/1922
f 1894/1894 1923/1923 1922/1922
f 1924/1924 1922/1922 1925/1925
f 1922/1922 1923/1923 1925/1925
f 1926/1926 1925/1925 1927/1927
f 1925/1925 1923/1923 1927/1927
f 1927/1927 1923/1923 1929/1929
f 1923/1923 1894/1894 1929/1929
f 1895/1895 1850/1850 1928/1928
f 1851/1851 1931/1931 1929/1929
f 1931/1931 1934/1934 1929/1929
f 1929/1929 1934/1934 1936/1936
f 1932/1932 1943/1943 1935/1935
f 1939/1939 1940/1940 1944/1944
f 1947/1947 1941/1941 1948/1948
f 1952/1952 1956/1956 1957/1957
f 1956/1956 1951/1951 1957/1957
f 1951/1951 1942/1942 1957/1957
f 1942/1942 1933/1933 1957/1957
f 1933/1933 1930/1930 1957/1957
f 1930/1930 1852/1852 1957/1957
f 1852/1852 1854/1854 1957/1957
f 1854/1854 1958/1958 1957/1957
f 1958/1958 1959/1959 1957/1957
f 1959/1959 1960/1960 1957/1957
f 1957/1957 1960/1960 1963/1963
f 1963/1963 1960/1960 1965/1965
f 1960/1960 1959/1959 1965/1965
f 1965/1965 1959/1959 1967/1967
f 1959/1959 1958/1958 1967/1967
f 1958/1958 1854/1854 1967/1967
f 1972/1972 1969/1969 1973/1973
f 1966/1966 1853/1853 1974/1974
f 1974/1974 1853/1853 1976/1976
f 1853/1853 1844/1844 1976/1976
f 1844/1844 1899/1899 1976/1976
f 1899/1899 1901/1901 1976/1976
f 1976/1976 1901/1901 1978/1978
f 1901/1901 1902/1902 1978/1978
f 1978/1978 1902/1902 1979/1979
f 1902/1902 1903/1903 1979/1979
f 1982/1982 1979/1979 1983/1983
f 1979/1979 1903/1903 1983/1983
f 1983/1983 1903/1903 1984/1984
f 1903/1903 1904/1904 1984/1984
f 1984/1984 1904/1904 1985/1985
f 1987/1987 1992/1992 1993/1993
f 1996/1996 1988/1988 1998/1998
f 1997/1997 1989/1989 2002/2002
f 1990/1990 1985/1985 2001/2001
f 2001/2001 1985/1985 2006/2006
f 1985/1985 1904/1904 2006/2006
f 1904/1904 1907/1907 2006/2006
f 1908/1908 1909/1909 2005/2005
f 1909/1909 1912/1912 2005/2005
f 2007/2007 2003/2003 2009/2009
f 2004/2004 1913/1913 2008/2008
f 1914/1914 1924/1924 2010/2010
f 2010/2010 1924/1924 2011/2011
f 1924/1924 1925/1925 2011/2011
f 2011/2011 1925/1925 2012/2012
f 1925/1925 1926/1926 2012/2012
f 2012/2012 1926/1926 2014/2014
f 2014/2014 1926/1926 2017/2017
f 1926/1926 1927/1927 2017/2017
f 2017/2017 1927/1927 2018/2018
f 1927/1927 1929/1929 2018/2018
f 1929/1929 1936/1936 2018/2018
f 2019/2019 1937/1937 2021/2021
f 1938/1938 1945/1945 2020/2020
f 2021/2021 1946/1946 2022/2022
f 1946/1946 1949/1949 2022/2022
f 2024/2024 1950/1950 2025/2025
f 1950/1950 1954/1954 2025/2025
f 2027/2027 1955/1955 2028/2028
f 1955/1955 1953/1953 2028/2028
f 1953/1953 2029/2029 2028/2028
f 2028/2028 2029/2029 2030/2030
f 2029/2029 1961/1961 2030/2030
f 2032/2032 2030/2030 2034/2034
f 2030/2030 1961/1961 2034/2034
f 2034/2034 1961/1961 2035/2035
f 1962/1962 1964/1964 2037/2037
f 2037/2037 1964/1964 2040/2040
f 1964/1964 1968/1968 2040/2040
f 1968/1968 1970/1970 2040/2040
f 2040/2040 1970/1970 2041/2041
f 2044/2044 1971/1971 2045/2045
f 2045/2045 1971/1971 2046/2046
f 1971/1971 1974/1974 2046/2046
f 1974/1974 1976/1976 2046/2046
f 1975/1975 1977/1977 2047/2047
f 2047/2047 1977/1977 2049/2049
f 1978/1978 1979/1979 2048/2048
f 1979/1979 1982/1982 2048/2048
f 2051/2051 1980/1980 2052/2052
f 2059/2059 2063/2063 2065/2065
f 2060/2060 2054/2054 2064/2064
f 2054/2054 1981/1981 2064/2064
f 2066/2066 1982/1982 2068/2068
f 1982/1982 1983/1983 2068/2068
f 2068/2068 1983/1983 2069/2069
f 1983/1983 1984/1984 2069/2069
f 2069/2069 1984/1984 2070/2070
f 1984/1984 1985/1985 2070/2070
f 2070/2070 1985/1985 2071/2071
f 1985/1985 1990/1990 2071/2071
f 2071/2071 1990/1990 2072/2072
f 1991/1991 1986/1986 2074/2074
f 2074/2074 1986/1986 2076/2076
f 1987/1987 1993/1993 2075/2075
f 2079/2079 1994/1994 2080/2080
f 2082/2082 1995/1995 2083/2083
f 1995/1995 1999/1999 2083/2083
f 1999/1999 2089/2089 2083/2083
f 2085/2085 2086/2086 2090/2090
f 2094/2094 2087/2087 2096/2096
f 2088/2088 2000/2000 2095/2095
f 2000/2000 2007/2007 2095/2095
f 2007/2007 2009/2009 2095/2095
f 2097/2097 2010/2010 2098/2098
f 2010/2010 2011/2011 2098/2098
f 2011/2011 2012/2012 2098/2098
f 2012/2012 2014/2014 2098/2098
f 2098/2098 2014/2014 2099/2099
f 2100/2100 2013/2013 2101/2101
f 2013/2013 2015/2015 2101/2101
f 2104/2104 2016/2016 2106/2106
f 2016/2016 2019/2019 2106/2106
f 2019/2019 2021/2021 2106/2106
f 2106/2106 2021/2021 2108/2108
f 2021/2021 2022/2022 2108/2108
f 2023/2023 2026/2026 2107/2107
f 2109/2109 2027/2027 2110/2110
f 2027/2027 2028/2028 2110/2110
f 2110/2110 2028/2028 2111/2111
f 2028/2028 2030/2030 2111/2111
f 2030/2030 2112/2112 2111/2111
f 2111/2111 2112/2112 2113/2113
f 2113/2113 2112/2112 2114/2114
f 2114/2114 2112/2112 2121/2121
f 2121/2121 2112/2112 2115/2115
f 2112/2112 2030/2030 2115/2115
f 2115/2115 2030/2030 2120/2120
f 2030/2030 2032/2032 2120/2120
f 2031/2031 2033/2033 2119/2119
f 2034/2034 2035/2035 2118/2118
f 2036/2036 2038/2038 2117/2117
f 2039/2039 2042/2042 2116/2116
f 2116/2116 2042/2042 2123/2123
f 2122/2122 2043/2043 2124/2124
f 2044/2044 2045/2045 2125/2125
f 2045/2045 2046/2046 2125/2125
f 2046/2046 2050/2050 2125/2125
f 2050/2050 2053/2053 2125/2125
f 2125/2125 2053/2053 2126/2126
f 2053/2053 2061/2061 2126/2126
f 2128/2128 2062/2062 2131/2131
f 2063/2063 2059/2059 2130/2130
f 2136/2136 2133/2133 2138/2138
f 2129/2129 2055/2055 2137/2137
f 2140/2140 2056/2056 2141/2141
f 2144/2144 2057/2057 2146/2146
f 2058/2058 2066/2066 2145/2145
f 2066/2066 2068/2068 2145/2145
f 2147/2147 2067/2067 2148/2148
f 2068/2068 2069/2069 2150/2150
f 2150/2150 2069/2069 2152/2152
f 2069/2069 2070/2070 2152/2152
f 2152/2152 2070/2070 2153/2153
f 2070/2070 2071/2071 2153/2153
f 2071/2071 2072/2072 2153/2153
f 2156/2156 2154/2154 2157/2157
f 2154/2154 2073/2073 2157/2157
f 2073/2073 2077/2077 2157/2157
f 2158/2158 2078/2078 2159/2159
f 2078/2078 2081/2081 2159/2159
f 2159/2159 2081/2081 2162/2162
f 2082/2082 2083/2083 2161/2161
f 2084/2084 2091/2091 2160/2160
f 2163/2163 2092/2092 2164/2164
f 2166/2166 2093/2093 2169/2169
f 2169/2169 2093/2093 2172/2172
f 2093/2093 2097/2097 2172/2172
f 2097/2097 2098/2098 2172/2172
f 2098/2098 2099/2099 2172/2172
f 2172/2172 2099/2099 2174/2174
f 2174/2174 2099/2099 2175/2175
f 2099/2099 2102/2102 2175/2175
f 2176/2176 2103/2103 2177/2177
f 2103/2103 2105/2105 2177/2177
f 2178/2178 2106/2106 2179/2179
f 2106/2106 2108/2108 2179/2179
f 2109/2109 2110/2110 2181/2181
f 2181/2181 2110/2110 2182/2182
f 2110/2110 2111/2111 2182/2182
f 2111/2111 2113/2113 2182/2182
f 2182/2182 2113/2113 2183/2183
f 2183/2183 2113/2113 2184/2184
f 2113/2113 2114/2114 2184/2184
f 2114/2114 2121/2121 2184/2184
f 2185/2185 2184/2184 2189/2189
f 2184/2184 2121/2121 2189/2189
f 2122/2122 2124/2124 2188/2188
f 2124/2124 2127/2127 2188/2188
f 2128/2128 2131/2131 2187/2187
f 2186/2186 2132/2132 2190/2190
f 2132/2132 2134/2134 2190/2190
f 2190/2190 2134/2134 2191/2191
f 2191/2191 2134/2134 2192/2192
f 2194/2194 2135/2135 2197/2197
f 2136/2136 2138/2138 2196/2196
f 2139/2139 2142/2142 2195/2195
f 2198/2198 2143/2143 2199/2199
f 2199/2199 2143/2143 2200/2200
f 2206/2206 2200/2200 2202/2202
f 2200/2200 2143/2143 2202/2202
f 2144/2144 2146/2146 2201/2201
f 2146/2146 2149/2149 2201/2201
f 2201/2201 2149/2149 2203/2203
f 2149/2149 2151/2151 2203/2203
f 2203/2203 2151/2151 2205/2205
f 2151/2151 2154/2154 2205/2205
f 2154/2154 2156/2156 2205/2205
f 2206/2206 2204/2204 2209/2209
f 2204/2204 2155/2155 2209/2209
f 2155/2155 2158/2158 2209/2209
f 2158/2158 2159/2159 2209/2209
f 2159/2159 2162/2162 2209/2209
f 2162/2162 2165/2165 2209/2209
f 2165/2165 2167/2167 2209/2209
f 2168/2168 2170/2170 2208/2208
f 2171/2171 2173/2173 2207/2207
f 2210/2210 2174/2174 2212/2212
f 2212/2212 2174/2174 2215/2215
f 2215/2215 2174/2174 2216/2216
f 2174/2174 2175/2175 2216/2216
f 2217/2217 2176/2176 2218/2218
f 2176/2176 2177/2177 2218/2218
f 2219/2219 2178/2178 2220/2220
f 2178/2178 2179/2179 2220/2220
f 2221/2221 2180/2180 2222/2222
f 2181/2181 2182/2182 2223/2223
f 2182/2182 2183/2183 2223/2223
f 2223/2223 2183/2183 2225/2225
f 2225/2225 2183/2183 2226/2226
f 2183/2183 2184/2184 2226/2226
f 2184/2184 2185/2185 2226/2226
f 2226/2226 2185/2185 2227/2227
f 2185/2185 2228/2228 2227/2227
f 2228/2228 2190/2190 2227/2227
f 2190/2190 2191/2191 2227/2227
f 2191/2191 2192/2192 2227/2227
f 2192/2192 2230/2230 2227/2227
f 2227/2227 2230/2230 2231/2231
f 2232/2232 2229/2229 2233/2233
f 2229/2229 2193/2193 2233/2233
f 2193/2193 2198/2198 2233/2233
f 2198/2198 2199/2199 2233/2233
f 2199/2199 2200/2200 2233/2233
f 2200/2200 2206/2206 2233/2233
f 2206/2206 2209/2209 2233/2233
f 2209/2209 2211/2211 2233/2233
f 2211/2211 2213/2213 2233/2233
f 2233/2233 2213/2213 2234/2234
f 2214/2214 2217/2217 2236/2236
f 2236/2236 2217/2217 2237/2237
f 2217/2217 2218/2218 2237/2237
f 2238/2238 2219/2219 2239/2239
f 2219/2219 2220/2220 2239/2239
f 2240/2240 2221/2221 2242/2242
f 2221/2221 2222/2222 2242/2242
f 2222/2222 2224/2224 2242/2242
f 2242/2242 2224/2224 2243/2243
f 2225/2225 2226/2226 2244/2244
f 2226/2226 2227/2227 2244/2244
f 2227/2227 2231/2231 2244/2244
f 2244/2244 2231/2231 2245/2245
f 2232/2232 2233/2233 2247/2247
f 2247/2247 2233/2233 2248/2248
f 2233/2233 2234/2234 2248/2248
f 2250/2250 2235/2235 2251/2251
f 2235/2235 2238/2238 2251/2251
f 2238/2238 2239/2239 2251/2251
f 2252/2252 2240/2240 2254/2254
f 2240/2240 2242/2242 2254/2254
f 2241/2241 2244/2244 2253/2253
f 2244/2244 2245/2245 2253/2253
f 2246/2246 2249/2249 2254/2254
f 2256/2256 2259/2259 2260/2260
f 2261/2261 2257/2257 2262/2262
f 2265/2265 2267/2267 2268/2268
f 2267/2267 2269/2269 2268/2268
f 2262/2262 2268/2268 2270/2270
f 2268/2268 2269/2269 2270/2270
f 2270/2270 2269/2269 2271/2271
f 2271/2271 2269/2269 2272/2272
f 2272/2272 2269/2269 2273/2273
f 2269/2269 2267/2267 2273/2273
f 2273/2273 2267/2267 2274/2274
f 2276/2276 2266/2266 2280/2280
f 2266/2266 2263/2263 2280/2280
f 2264/2264 2283/2283 2279/2279
f 2285/2285 2287/2287 2277/2277
f 2282/2282 2286/2286 2290/2290
f 2293/2293 2298/2298 2300/2300
f 2305/2305 2300/2300 2301/2301
f 2301/2301 2300/2300 2304/2304
f 2300/2300 2298/2298 2304/2304
f 2294/2294 2290/2290 2303/2303
f 2290/2290 2286/2286 2303/2303
f 2287/2287 2285/2285 2302/2302
f 2302/2302 2285/2285 2309/2309
f 2284/2284 2278/2278 2308/2308
f 2279/2279 2283/2283 2307/2307
f 2283/2283 2264/2264 2307/2307
f 2307/2307 2264/2264 2310/2310
f 2265/2265 2268/2268 2311/2311
f 2311/2311 2268/2268 2312/2312
f 2268/2268 2262/2262 2312/2312
f 2262/2262 2257/2257 2312/2312
f 2315/2315 2258/2258 2317/2317
f 2317/2317 2258/2258 2319/2319
f 2258/2258 2255/2255 2319/2319
f 2319/2319 2255/2255 2320/2320
f 2326/2326 2323/2323 2328/2328
f 2320/2320 2255/2255 2327/2327
f 2332/2332 2256/2256 2333/2333
f 2256/2256 2260/2260 2333/2333
f 2336/2336 2335/2335 2338/2338
f 2333/2333 2260/2260 2337/2337
f 2261/2261 2262/2262 2340/2340
f 2262/2262 2270/2270 2340/2340
f 2340/2340 2270/2270 2343/2343
f 2270/2270 2271/2271 2343/2343
f 2343/2343 2271/2271 2345/2345
f 2345/2345 2271/2271 2346/2346
f 2271/2271 2272/2272 2346/2346
f 2346/2346 2272/2272 2347/2347
f 2349/2349 2347/2347 2351/2351
f 2347/2347 2272/2272 2351/2351
f 2272/2272 2273/2273 2351/2351
f 2351/2351 2273/2273 2352/2352
f 2273/2273 2274/2274 2352/2352
f 2353/2353 2275/2275 2357/2357
f 2276/2276 2280/2280 2356/2356
f 2281/2281 2288/2288 2355/2355
f 2289/2289 2295/2295 2354/2354
f 2360/2360 2296/2296 2362/2362
f 2297/2297 2291/2291 2361/2361
f 2292/2292 2299/2299 2364/2364
f 2364/2364 2299/2299 2365/2365
f 2300/2300 2368/2368 2367/2367
f 2367/2367 2368/2368 2369/2369
f 2369/2369 2368/2368 2370/2370
f 2372/2372 2370/2370 2374/2374
f 2370/2370 2368/2368 2374/2374
f 2374/2374 2368/2368 2375/2375
f 2368/2368 2300/2300 2375/2375
f 2300/2300 2305/2305 2375/2375
f 2306/2306 2380/2380 2378/2378
f 2378/2378 2380/2380 2381/2381
f 2380/2380 2388/2388 2381/2381
f 2385/2385 2386/2386 2389/2389
f 2391/2391 2387/2387 2401/2401
f 2387/2387 2379/2379 2401/2401
f 2379/2379 2307/2307 2401/2401
f 2307/2307 2310/2310 2401/2401
f 2310/2310 2313/2313 2401/2401
f 2314/2314 2316/2316 2400/2400
f 2317/2317 2319/2319 2399/2399
f 2318/2318 2321/2321 2398/2398
f 2322/2322 2324/2324 2397/2397
f 2396/2396 2325/2325 2395/2395
f 2326/2326 2328/2328 2394/2394
f 2403/2403 2404/2404 2406/2406
f 2406/2406 2404/2404 2408/2408
f 2408/2408 2404/2404 2410/2410
f 2404/2404 2392/2392 2410/2410
f 2393/2393 2329/2329 2409/2409
f 2414/2414 2330/2330 2416/2416
f 2331/2331 2334/2334 2415/2415
f 2419/2419 2335/2335 2422/2422
f 2335/2335 2336/2336 2422/2422
f 2422/2422 2336/2336 2424/2424
f 2336/2336 2338/2338 2424/2424
f 2339/2339 2341/2341 2423/2423
f 2425/2425 2342/2342 2426/2426
f 2343/2343 2345/2345 2428/2428
f 2428/2428 2345/2345 2429/2429
f 2431/2431 2344/2344 2432/2432
f 2345/2345 2346/2346 2434/2434
f 2434/2434 2346/2346 2435/2435
f 2346/2346 2347/2347 2435/2435
f 2435/2435 2347/2347 2436/2436
f 2347/2347 2349/2349 2436/2436
f 2436/2436 2349/2349 2437/2437
f 2437/2437 2349/2349 2438/2438
f 2348/2348 2442/2442 2441/2441
f 2441/2441 2442/2442 2443/2443
f 2443/2443 2442/2442 2444/2444
f 2442/2442 2348/2348 2444/2444
f 2348/2348 2350/2350 2444/2444
f 2350/2350 2353/2353 2444/2444
f 2444/2444 2353/2353 2445/2445
f 2353/2353 2357/2357 2445/2445
f 2446/2446 2358/2358 2447/2447
f 2359/2359 2363/2363 2448/2448
f 2448/2448 2363/2363 2449/2449
f 2363/2363 2366/2366 2449/2449
f 2367/2367 2369/2369 2450/2450
f 2451/2451 2450/2450 2452/2452
f 2450/2450 2369/2369 2452/2452
f 2369/2369 2370/2370 2452/2452
f 2370/2370 2372/2372 2452/2452
f 2452/2452 2372/2372 2453/2453
f 2454/2454 2371/2371 2455/2455
f 2371/2371 2373/2373 2455/2455
f 2455/2455 2373/2373 2457/2457
f 2373/2373 2376/2376 2457/2457
f 2377/2377 2382/2382 2456/2456
f 2457/2457 2383/2383 2458/2458
f 2459/2459 2384/2384 2462/2462
f 2384/2384 2390/2390 2462/2462
f 2391/2391 2401/2401 2461/2461
f 2402/2402 2466/2466 2460/2460
f 2463/2463 2464/2464 2467/2467
f 2470/2470 2465/2465 2471/2471
f 2465/2465 2403/2403 2471/2471
f 2403/2403 2406/2406 2471/2471
f 2472/2472 2405/2405 2474/2474
f 2405/2405 2407/2407 2474/2474
f 2407/2407 2411/2411 2474/2474
f 2412/2412 2477/2477 2473/2473
f 2478/2478 2475/2475 2480/2480
f 2475/2475 2476/2476 2480/2480
f 2480/2480 2476/2476 2481/2481
f 2476/2476 2413/2413 2481/2481
f 2488/2488 2482/2482 2483/2483
f 2483/2483 2482/2482 2487/2487
f 2481/2481 2413/2413 2486/2486
f 2414/2414 2416/2416 2485/2485
f 2484/2484 2417/2417 2490/2490
f 2418/2418 2420/2420 2489/2489
f 2489/2489 2420/2420 2491/2491
f 2421/2421 2425/2425 2492/2492
f 2492/2492 2425/2425 2494/2494
f 2494/2494 2425/2425 2495/2495
f 2425/2425 2426/2426 2495/2495
f 2497/2497 2427/2427 2499/2499
f 2428/2428 2429/2429 2498/2498
f 2503/2503 2501/2501 2506/2506
f 2498/2498 2429/2429 2505/2505
f 2430/2430 2433/2433 2504/2504
f 2507/2507 2434/2434 2509/2509
f 2434/2434 2435/2435 2509/2509
f 2509/2509 2435/2435 2511/2511
f 2435/2435 2436/2436 2511/2511
f 2511/2511 2436/2436 2513/2513
f 2436/2436 2437/2437 2513/2513
f 2513/2513 2437/2437 2514/2514
f 2437/2437 2438/2438 2514/2514
f 2516/2516 2439/2439 2517/2517
f 2518/2518 2440/2440 2519/2519
f 2520/2520 2441/2441 2521/2521
f 2521/2521 2441/2441 2524/2524
f 2524/2524 2441/2441 2529/2529
f 2441/2441 2443/2443 2529/2529
f 2529/2529 2443/2443 2525/2525
f 2443/2443 2444/2444 2525/2525
f 2525/2525 2444/2444 2527/2527
f 2444/2444 2445/2445 2527/2527
f 2446/2446 2447/2447 2526/2526
f 2447/2447 2450/2450 2526/2526
f 2450/2450 2451/2451 2526/2526
f 2526/2526 2451/2451 2528/2528
f 2530/2530 2528/2528 2531/2531
f 2528/2528 2451/2451 2531/2531
f 2451/2451 2452/2452 2531/2531
f 2531/2531 2452/2452 2532/2532
f 2452/2452 2453/2453 2532/2532
f 2532/2532 2453/2453 2533/2533
f 2534/2534 2454/2454 2535/2535
f 2454/2454 2455/2455 2535/2535
f 2535/2535 2455/2455 2536/2536
f 2455/2455 2457/2457 2536/2536
f 2457/2457 2458/2458 2536/2536
f 2537/2537 2459/2459 2538/2538
f 2459/2459 2462/2462 2538/2538
f 2462/2462 2468/2468 2538/2538
f 2539/2539 2469/2469 2540/2540
f 2470/2470 2471/2471 2541/2541
f 2541/2541 2471/2471 2543/2543
f 2471/2471 2475/2475 2543/2543
f 2475/2475 2478/2478 2543/2543
f 2543/2543 2478/2478 2546/2546
f 2546/2546 2478/2478 2547/2547
f 2547/2547 2478/2478 2548/2548
f 2478/2478 2480/2480 2548/2548
f 2549/2549 2479/2479 2552/2552
f 2480/2480 2481/2481 2551/2551
f 2482/2482 2488/2488 2550/2550
f 2489/2489 2491/2491 2553/2553
f 2553/2553 2491/2491 2555/2555
f 2491/2491 2493/2493 2555/2555
f 2555/2555 2493/2493 2557/2557
f 2557/2557 2493/2493 2560/2560
f 2494/2494 2495/2495 2559/2559
f 2496/2496 2500/2500 2558/2558
f 2500/2500 2502/2502 2558/2558
f 2561/2561 2503/2503 2563/2563
f 2563/2563 2503/2503 2565/2565
f 2565/2565 2503/2503 2567/2567
f 2503/2503 2506/2506 2567/2567
f 2507/2507 2509/2509 2566/2566
f 2569/2569 2508/2508 2571/2571
f 2508/2508 2510/2510 2571/2571
f 2571/2571 2510/2510 2573/2573
f 2510/2510 2512/2512 2573/2573
f 2573/2573 2512/2512 2575/2575
f 2575/2575 2512/2512 2577/2577
f 2512/2512 2515/2515 2577/2577
f 2516/2516 2517/2517 2576/2576
f 2579/2579 2518/2518 2580/2580
f 2518/2518 2519/2519 2580/2580
f 2582/2582 2520/2520 2584/2584
f 2520/2520 2521/2521 2584/2584
f 2521/2521 2524/2524 2584/2584
f 2584/2584 2524/2524 2585/2585
f 2587/2587 2522/2522 2588/2588
f 2591/2591 2523/2523 2593/2593
f 2523/2523 2530/2530 2593/2593
f 2530/2530 2531/2531 2593/2593
f 2531/2531 2532/2532 2593/2593
f 2593/2593 2532/2532 2595/2595
f 2595/2595 2532/2532 2596/2596
f 2532/2532 2533/2533 2596/2596
f 2597/2597 2534/2534 2598/2598
f 2534/2534 2535/2535 2598/2598
f 2598/2598 2535/2535 2599/2599
f 2535/2535 2536/2536 2599/2599
f 2600/2600 2537/2537 2601/2601
f 2537/2537 2538/2538 2601/2601
f 2539/2539 2540/2540 2603/2603
f 2603/2603 2540/2540 2606/2606
f 2541/2541 2543/2543 2605/2605
f 2542/2542 2544/2544 2604/2604
f 2609/2609 2545/2545 2610/2610
f 2611/2611 2546/2546 2612/2612
f 2546/2546 2547/2547 2612/2612
f 2547/2547 2548/2548 2612/2612
f 2612/2612 2548/2548 2614/2614
f 2549/2549 2552/2552 2613/2613
f 2552/2552 2554/2554 2613/2613
f 2613/2613 2554/2554 2617/2617
f 2554/2554 2556/2556 2617/2617
f 2617/2617 2556/2556 2618/2618
f 2557/2557 2560/2560 2619/2619
f 2560/2560 2562/2562 2619/2619
f 2619/2619 2562/2562 2621/2621
f 2563/2563 2565/2565 2620/2620
f 2622/2622 2564/2564 2623/2623
f 2623/2623 2564/2564 2624/2624
f 2624/2624 2564/2564 2625/2625
f 2564/2564 2568/2568 2625/2625
f 2568/2568 2570/2570 2625/2625
f 2625/2625 2570/2570 2626/2626
f 2570/2570 2572/2572 2626/2626
f 2572/2572 2574/2574 2626/2626
f 2574/2574 2578/2578 2626/2626
f 2578/2578 2581/2581 2626/2626
f 2581/2581 2583/2583 2626/2626
f 2583/2583 2586/2586 2626/2626
f 2586/2586 2589/2589 2626/2626
f 2590/2590 2592/2592 2627/2627
f 2592/2592 2594/2594 2627/2627
f 2594/2594 2597/2597 2627/2627
f 2627/2627 2597/2597 2629/2629
f 2629/2629 2597/2597 2631/2631
f 2631/2631 2597/2597 2632/2632
f 2597/2597 2598/2598 2632/2632
f 2632/2632 2598/2598 2633/2633
f 2598/2598 2599/2599 2633/2633
f 2634/2634 2600/2600 2635/2635
f 2600/2600 2601/2601 2635/2635
f 2638/2638 2602/2602 2639/2639
f 2602/2602 2607/2607 2639/2639
f 2608/2608 2611/2611 2641/2641
f 2641/2641 2611/2611 2642/2642
f 2642/2642 2611/2611 2643/2643
f 2611/2611 2612/2612 2643/2643
f 2612/2612 2614/2614 2643/2643
f 2614/2614 2644/2644 2643/2643
f 2643/2643 2644/2644 2647/2647
f 2645/2645 2615/2615 2646/2646
f 2616/2616 2619/2619 2649/2649
f 2619/2619 2621/2621 2649/2649
f 2621/2621 2651/2651 2649/2649
f 2649/2649 2651/2651 2652/2652
f 2655/2655 2650/2650 2656/2656
f 2650/2650 2622/2622 2656/2656
f 2622/2622 2623/2623 2656/2656
f 2623/2623 2624/2624 2656/2656
f 2624/2624 2625/2625 2656/2656
f 2625/2625 2626/2626 2656/2656
f 2626/2626 2628/2628 2656/2656
f 2628/2628 2630/2630 2656/2656
f 2656/2656 2630/2630 2657/2657
f 2631/2631 2632/2632 2659/2659
f 2659/2659 2632/2632 2660/2660
f 2632/2632 2633/2633 2660/2660
f 2665/2665 2663/2663 2666/2666
f 2663/2663 2634/2634 2666/2666
f 2634/2634 2635/2635 2666/2666
f 2668/2668 2636/2636 2670/2670
f 2637/2637 2640/2640 2669/2669
f 2641/2641 2642/2642 2670/2670
f 2670/2670 2642/2642 2672/2672
f 2642/2642 2643/2643 2672/2672
f 2643/2643 2647/2647 2672/2672
f 2648/2648 2653/2653 2671/2671
f 2673/2673 2654/2654 2674/2674
f 2655/2655 2656/2656 2677/2677
f 2677/2677 2656/2656 2679/2679
f 2656/2656 2657/2657 2679/2679
f 2658/2658 2661/2661 2678/2678
f 2662/2662 2664/2664 2681/2681
f 2681/2681 2664/2664 2682/2682
f 2664/2664 2667/2667 2682/2682
f 2668/2668 2670/2670 2684/2684
f 2670/2670 2672/2672 2684/2684
f 2672/2672 2675/2675 2684/2684
f 2686/2686 2689/2689 2693/2693
f 2696/2696 2699/2699 2700/2700
f 2699/2699 2706/2706 2700/2700
f 2708/2708 2701/2701 2709/2709
f 2701/2701 2702/2702 2709/2709
f 2712/2712 2703/2703 2713/2713
f 2716/2716 2704/2704 2717/2717
f 2705/2705 2720/2720 2719/2719
f 2722/2722 2719/2719 2724/2724
f 2719/2719 2720/2720 2724/2724
f 2724/2724 2720/2720 2726/2726
f 2720/2720 2705/2705 2726/2726
f 2705/2705 2697/2697 2726/2726
f 2726/2726 2697/2697 2727/2727
f 2727/2727 2697/2697 2729/2729
f 2698/2698 2695/2695 2728/2728
f 2732/2732 2730/2730 2733/2733
f 2728/2728 2695/2695 2735/2735
f 2735/2735 2695/2695 2737/2737
f 2737/2737 2695/2695 2738/2738
f 2740/2740 2696/2696 2742/2742
f 2742/2742 2696/2696 2744/2744
f 2696/2696 2700/2700 2744/2744
f 2747/2747 2746/2746 2750/2750
f 2743/2743 2701/2701 2749/2749
f 2701/2701 2708/2708 2749/2749
f 2748/2748 2707/2707 2754/2754
f 2707/2707 2710/2710 2754/2754
f 2711/2711 2714/2714 2753/2753
f 2715/2715 2718/2718 2752/2752
f 2718/2718 2721/2721 2752/2752
f 2752/2752 2721/2721 2755/2755
f 2759/2759 2756/2756 2760/2760
f 2756/2756 2722/2722 2760/2760
f 2722/2722 2724/2724 2760/2760
f 2761/2761 2723/2723 2762/2762
f 2723/2723 2725/2725 2762/2762
f 2726/2726 2727/2727 2763/2763
f 2763/2763 2727/2727 2764/2764
f 2764/2764 2727/2727 2765/2765
f 2765/2765 2727/2727 2766/2766
f 2727/2727 2729/2729 2766/2766
f 2730/2730 2732/2732 2767/2767
f 2767/2767 2732/2732 2768/2768
f 2770/2770 2731/2731 2773/2773
f 2773/2773 2731/2731 2774/2774
f 2731/2731 2734/2734 2774/2774
f 2735/2735 2737/2737 2776/2776
f 2776/2776 2737/2737 2777/2777
f 2736/2736 2739/2739 2778/2778
f 2739/2739 2779/2779 2778/2778
f 2778/2778 2779/2779 2780/2780
f 2781/2781 2780/2780 2782/2782
f 2780/2780 2779/2779 2782/2782
f 2782/2782 2779/2779 2783/2783
f 2779/2779 2739/2739 2783/2783
f 2783/2783 2739/2739 2784/2784
f 2739/2739 2741/2741 2784/2784
f 2741/2741 2745/2745 2784/2784
f 2746/2746 2747/2747 2785/2785
f 2747/2747 2751/2751 2785/2785
f 2785/2785 2751/2751 2787/2787
f 2787/2787 2751/2751 2789/2789
f 2790/2790 2793/2793 2794/2794
f 2795/2795 2791/2791 2796/2796
f 2799/2799 2798/2798 2804/2804
f 2798/2798 2792/2792 2804/2804
f 2792/2792 2788/2788 2804/2804
f 2788/2788 2752/2752 2804/2804
f 2752/2752 2755/2755 2804/2804
f 2755/2755 2757/2757 2804/2804
f 2757/2757 2807/2807 2804/2804
f 2807/2807 2810/2810 2804/2804
f 2802/2802 2812/2812 2815/2815
f 2815/2815 2812/2812 2818/2818
f 2811/2811 2803/2803 2817/2817
f 2804/2804 2810/2810 2816/2816
f 2821/2821 2808/2808 2822/2822
f 2827/2827 2824/2824 2832/2832
f 2822/2822 2808/2808 2831/2831
f 2809/2809 2805/2805 2830/2830
f 2806/2806 2758/2758 2829/2829
f 2759/2759 2760/2760 2828/2828
f 2834/2834 2761/2761 2835/2835
f 2761/2761 2762/2762 2835/2835
f 2836/2836 2763/2763 2837/2837
f 2763/2763 2764/2764 2837/2837
f 2837/2837 2764/2764 2838/2838
f 2764/2764 2765/2765 2838/2838
f 2841/2841 2839/2839 2842/2842
f 2838/2838 2765/2765 2843/2843
f 2843/2843 2765/2765 2845/2845
f 2765/2765 2766/2766 2845/2845
f 2767/2767 2768/2768 2844/2844
f 2846/2846 2769/2769 2847/2847
f 2848/2848 2770/2770 2849/2849
f 2770/2770 2773/2773 2849/2849
f 2856/2856 2851/2851 2857/2857
f 2851/2851 2771/2771 2857/2857
f 2772/2772 2775/2775 2858/2858
f 2858/2858 2775/2775 2860/2860
f 2776/2776 2777/2777 2859/2859
f 2778/2778 2780/2780 2862/2862
f 2862/2862 2780/2780 2863/2863
f 2780/2780 2781/2781 2863/2863
f 2863/2863 2781/2781 2865/2865
f 2865/2865 2781/2781 2867/2867
f 2781/2781 2782/2782 2867/2867
f 2867/2867 2782/2782 2869/2869
f 2782/2782 2783/2783 2869/2869
f 2869/2869 2783/2783 2871/2871
f 2783/2783 2784/2784 2871/2871
f 2784/2784 2786/2786 2871/2871
f 2871/2871 2786/2786 2874/2874
f 2787/2787 2789/2789 2873/2873
f 2790/2790 2794/2794 2872/2872
f 2875/2875 2795/2795 2876/2876
f 2795/2795 2796/2796 2876/2876
f 2877/2877 2797/2797 2878/2878
f 2797/2797 2800/2800 2878/2878
f 2879/2879 2801/2801 2881/2881
f 2801/2801 2882/2882 2881/2881
f 2881/2881 2882/2882 2884/2884
f 2882/2882 2813/2813 2884/2884
f 2884/2884 2813/2813 2887/2887
f 2887/2887 2813/2813 2889/2889
f 2814/2814 2819/2819 2888/2888
f 2893/2893 2890/2890 2897/2897
f 2888/2888 2819/2819 2896/2896
f 2820/2820 2823/2823 2895/2895
f 2824/2824 2827/2827 2894/2894
f 2900/2900 2825/2825 2901/2901
f 2826/2826 2833/2833 2903/2903
f 2903/2903 2833/2833 2905/2905
f 2833/2833 2836/2836 2905/2905
f 2836/2836 2837/2837 2905/2905
f 2905/2905 2837/2837 2907/2907
f 2837/2837 2838/2838 2907/2907
f 2838/2838 2840/2840 2907/2907
f 2907/2907 2840/2840 2911/2911
f 2911/2911 2840/2840 2914/2914
f 2914/2914 2840/2840 2916/2916
f 2841/2841 2842/2842 2915/2915
f 2918/2918 2843/2843 2919/2919
f 2843/2843 2845/2845 2919/2919
f 2919/2919 2845/2845 2920/2920
f 2845/2845 2848/2848 2920/2920
f 2922/2922 2920/2920 2923/2923
f 2920/2920 2848/2848 2923/2923
f 2848/2848 2849/2849 2923/2923
f 2925/2925 2850/2850 2926/2926
f 2850/2850 2852/2852 2926/2926
f 2928/2928 2853/2853 2929/2929
f 2931/2931 2854/2854 2933/2933
f 2932/2932 2855/2855 2938/2938
f 2856/2856 2857/2857 2937/2937
f 2857/2857 2861/2861 2937/2937
f 2862/2862 2863/2863 2936/2936
f 2936/2936 2863/2863 2939/2939
f 2939/2939 2863/2863 2940/2940
f 2940/2940 2863/2863 2941/2941
f 2863/2863 2865/2865 2941/2941
f 2941/2941 2865/2865 2944/2944
f 2944/2944 2865/2865 2945/2945
f 2864/2864 2866/2866 2947/2947
f 2866/2866 2868/2868 2947/2947
f 2947/2947 2868/2868 2949/2949
f 2868/2868 2870/2870 2949/2949
f 2871/2871 2874/2874 2948/2948
f 2950/2950 2875/2875 2951/2951
f 2875/2875 2876/2876 2951/2951
f 2951/2951 2876/2876 2952/2952
f 2877/2877 2878/2878 2953/2953
f 2953/2953 2878/2878 2954/2954
f 2879/2879 2881/2881 2955/2955
f 2955/2955 2881/2881 2956/2956
f 2957/2957 2958/2958 2959/2959
f 2958/2958 2956/2956 2959/2959
f 2959/2959 2956/2956 2961/2961
f 2956/2956 2881/2881 2961/2961
f 2880/2880 2883/2883 2960/2960
f 2883/2883 2885/2885 2960/2960
f 2962/2962 2886/2886 2965/2965
f 2887/2887 2889/2889 2964/2964
f 2889/2889 2891/2891 2964/2964
f 2892/2892 2898/2898 2963/2963
f 2966/2966 2899/2899 2968/2968
f 2900/2900 2901/2901 2967/2967
f 2971/2971 2969/2969 2974/2974
f 2969/2969 2902/2902 2974/2974
f 2903/2903 2905/2905 2973/2973
f 2904/2904 2906/2906 2972/2972
f 2906/2906 2908/2908 2972/2972
f 2975/2975 2909/2909 2978/2978
f 2978/2978 2909/2909 2980/2980
f 2910/2910 2912/2912 2979/2979
f 2981/2981 2913/2913 2690/2690
f 2694/2694 2914/2914 2982/2982
f 2914/2914 2916/2916 2982/2982
f 2985/2985 2917/2917 2986/2986
f 2918/2918 2919/2919 2988/2988
f 2988/2988 2919/2919 2989/2989
f 2919/2919 2920/2920 2989/2989
f 2920/2920 2922/2922 2989/2989
f 2990/2990 2921/2921 2991/2991
f 2991/2991 2921/2921 2993/2993
f 2921/2921 2924/2924 2993/2993
f 2924/2924 2927/2927 2993/2993
f 2993/2993 2927/2927 2995/2995
f 2995/2995 2927/2927 2997/2997
f 2927/2927 2930/2930 2997/2997
f 2930/2930 2934/2934 2997/2997
f 2997/2997 2934/2934 3000/3000
f 3000/3000 2934/2934 3003/3003
f 3003/3003 2934/2934 3004/3004
f 2935/2935 2939/2939 3007/3007
f 2939/2939 2940/2940 3007/3007
f 3007/3007 2940/2940 3009/3009
f 2940/2940 2941/2941 3009/3009
f 3009/3009 2941/2941 3010/3010
f 2941/2941 2944/2944 3010/3010
f 3012/3012 2942/2942 3014/3014
f 3014/3014 2942/2942 3017/3017
f 2943/2943 2946/2946 3016/3016
f 2947/2947 2949/2949 3015/3015
f 2950/2950 2951/2951 3017/3017
f 2951/2951 2952/2952 3017/3017
f 3017/3017 2952/2952 3019/3019
f 2953/2953 2954/2954 3018/3018
f 3021/3021 2955/2955 3022/3022
f 2955/2955 2956/2956 3022/3022
f 2956/2956 2958/2958 3022/3022
f 3022/3022 2958/2958 3023/3023
f 3023/3023 2958/2958 3027/3027
f 2958/2958 2957/2957 3027/3027
f 3027/3027 2957/2957 3024/3024
f 2957/2957 2959/2959 3024/3024
f 3024/3024 2959/2959 3025/3025
f 2959/2959 2961/2961 3025/3025
f 2961/2961 2966/2966 3025/3025
f 2966/2966 2968/2968 3025/3025
f 2968/2968 2970/2970 3025/3025
f 3025/3025 2970/2970 3026/3026
f 3029/3029 3026/3026 3031/3031
f 3026/3026 2970/2970 3031/3031
f 2971/2971 2974/2974 3030/3030
f 2974/2974 2976/2976 3030/3030
f 3032/3032 2977/2977 3035/3035
f 2978/2978 2980/2980 3034/3034
f 2980/2980 2691/2691 3034/3034
f 2692/2692 2687/2687 3033/3033
f 3036/3036 2688/2688 3037/3037
f 3037/3037 2688/2688 3039/3039
f 2689/2689 2686/2686 3038/3038
f 3041/3041 2685/2685 3043/3043
f 3043/3043 2685/2685 3045/3045
f 2686/2686 2693/2693 3044/3044
f 2693/2693 2983/2983 3044/3044
f 3047/3047 2984/2984 3048/3048
f 2984/2984 2987/2987 3048/3048
f 3048/3048 2987/2987 3049/3049
f 2987/2987 2990/2990 3049/3049
f 3049/3049 2990/2990 3050/3050
f 2990/2990 2991/2991 3050/3050
f 3050/3050 2991/2991 3056/3056
f 2991/2991 2993/2993 3056/3056
f 2992/2992 2994/2994 3055/3055
f 2995/2995 2997/2997 3054/3054
f 2996/2996 2998/2998 3053/3053
f 2999/2999 3001/3001 3052/3052
f 3002/3002 3005/3005 3051/3051
f 3057/3057 3006/3006 3059/3059
f 3007/3007 3009/3009 3058/3058
f 3061/3061 3008/3008 3063/3063
f 3063/3063 3008/3008 3065/3065
f 3009/3009 3010/3010 3064/3064
f 3065/3065 3011/3011 3066/3066
f 3011/3011 3013/3013 3066/3066
f 3067/3067 3014/3014 3068/3068
f 3014/3014 3017/3017 3068/3068
f 3017/3017 3019/3019 3068/3068
f 3069/3069 3020/3020 3070/3070
f 3021/3021 3022/3022 3071/3071
f 3022/3022 3023/3023 3071/3071
f 3071/3071 3023/3023 3072/3072
f 3077/3077 3072/3072 3074/3074
f 3072/3072 3023/3023 3074/3074
f 3023/3023 3027/3027 3074/3074
f 3073/3073 3028/3028 3076/3076
f 3029/3029 3031/3031 3075/3075
f 3031/3031 3036/3036 3075/3075
f 3036/3036 3037/3037 3075/3075
f 3075/3075 3037/3037 3077/3077
f 3037/3037 3039/3039 3077/3077
f 3077/3077 3039/3039 3079/3079
f 3083/3083 3080/3080 3087/3087
f 3078/3078 3040/3040 3086/3086
f 3041/3041 3043/3043 3085/3085
f 3042/3042 3046/3046 3084/3084
f 3047/3047 3048/3048 3088/3088
f 3048/3048 3049/3049 3088/3088
f 3049/3049 3050/3050 3088/3088
f 3050/3050 3056/3056 3088/3088
f 3056/3056 3060/3060 3088/3088
f 3060/3060 3062/3062 3088/3088
f 3088/3088 3062/3062 3089/3089
f 3063/3063 3065/3065 3091/3091
f 3091/3091 3065/3065 3092/3092
f 3065/3065 3066/3066 3092/3092
f 3095/3095 3093/3093 3096/3096
f 3093/3093 3067/3067 3096/3096
f 3067/3067 3068/3068 3096/3096
f 3097/3097 3069/3069 3098/3098
f 3069/3069 3070/3070 3098/3098
f 3071/3071 3072/3072 3099/3099
f 3099/3099 3072/3072 3100/3100
f 3072/3072 3077/3077 3100/3100
f 3077/3077 3079/3079 3100/3100
f 3079/3079 3081/3081 3100/3100
f 3100/3100 3081/3081 3101/3101
f 3082/3082 3088/3088 3103/3103
f 3103/3103 3088/3088 3105/3105
f 3088/3088 3089/3089 3105/3105
f 3090/3090 3093/3093 3104/3104
f 3093/3093 3095/3095 3104/3104
f 3106/3106 3094/3094 3107/3107
f 3094/3094 3097/3097 3107/3107
f 3097/3097 3098/3098 3107/3107
f 3099/3099 3100/3100 3108/3108
f 3100/3100 3101/3101 3108/3108
f 3111/3111 3114/3114 3115/3115
f 3114/3114 3117/3117 3115/3115
f 3115/3115 3117/3117 3119/3119
f 3119/3119 3117/3117 3120/3120
f 3121/3121 3116/3116 3122/3122
f 3122/3122 3116/3116 3124/3124
f 3116/3116 3112/3112 3124/3124
f 3113/3113 3109/3109 3123/3123
f 3125/3125 3110/3110 3126/3126
f 3131/3131 3133/3133 3136/3136
f 3132/3132 3128/3128 3135/3135
f 3126/3126 3110/3110 3134/3134
f 3139/3139 3111/3111 3142/3142
f 3111/3111 3115/3115 3142/3142
f 3115/3115 3119/3119 3142/3142
f 3145/3145 3148/3148 3149/3149
f 3152/3152 3146/3146 3154/3154
f 3154/3154 3146/3146 3155/3155
f 3159/3159 3160/3160 3162/3162
f 3162/3162 3160/3160 3164/3164
f 3160/3160 3169/3169 3164/3164
f 3168/3168 3158/3158 3163/3163
f 3158/3158 3147/3147 3163/3163
f 3147/3147 3143/3143 3163/3163
f 3143/3143 3171/3171 3163/3163
f 3171/3171 3142/3142 3163/3163
f 3142/3142 3119/3119 3163/3163
f 3173/3173 3167/3167 3175/3175
f 3175/3175 3167/3167 3176/3176
f 3167/3167 3118/3118 3176/3176
f 3180/3180 3177/3177 3181/3181
f 3177/3177 3119/3119 3181/3181
f 3119/3119 3120/3120 3181/3181
f 3185/3185 3183/3183 3186/3186
f 3183/3183 3121/3121 3186/3186
f 3121/3121 3122/3122 3186/3186
f 3186/3186 3122/3122 3187/3187
f 3122/3122 3124/3124 3187/3187
f 3187/3187 3124/3124 3188/3188
f 3124/3124 3127/3127 3188/3188
f 3188/3188 3127/3127 3189/3189
f 3128/3128 3132/3132 3190/3190
f 3190/3190 3132/3132 3191/3191
f 3133/3133 3131/3131 3192/3192
f 3131/3131 3196/3196 3192/3192
f 3192/3192 3196/3196 3197/3197
f 3201/3201 3193/3193 3202/3202
f 3206/3206 3194/3194 3209/3209
f 3209/3209 3194/3194 3212/3212
f 3195/3195 3129/3129 3211/3211
f 3130/3130 3137/3137 3210/3210
f 3214/3214 3138/3138 3215/3215
f 3139/3139 3142/3142 3217/3217
f 3217/3217 3142/3142 3220/3220
f 3220/3220 3142/3142 3221/3221
f 3224/3224 3140/3140 3226/3226
f 3226/3226 3140/3140 3227/3227
f 3141/3141 3170/3170 3228/3228
f 3170/3170 3144/3144 3228/3228
f 3144/3144 3150/3150 3228/3228
f 3229/3229 3230/3230 3231/3231
f 3230/3230 3232/3232 3231/3231
f 3231/3231 3232/3232 3234/3234
f 3234/3234 3232/3232 3235/3235
f 3232/3232 3228/3228 3235/3235
f 3228/3228 3150/3150 3235/3235
f 3236/3236 3151/3151 3237/3237
f 3152/3152 3154/3154 3238/3238
f 3238/3238 3154/3154 3239/3239
f 3153/3153 3156/3156 3241/3241
f 3241/3241 3156/3156 3244/3244
f 3244/3244 3156/3156 3245/3245
f 3157/3157 3169/3169 3248/3248
f 3169/3169 3160/3160 3248/3248
f 3248/3248 3160/3160 3250/3250
f 3160/3160 3159/3159 3250/3250
f 3250/3250 3159/3159 3252/3252
f 3159/3159 3162/3162 3252/3252
f 3161/3161 3165/3165 3251/3251
f 3166/3166 3172/3172 3253/3253
f 3256/3256 3253/3253 3257/3257
f 3253/3253 3172/3172 3257/3257
f 3172/3172 3174/3174 3257/3257
f 3174/3174 3177/3177 3257/3257
f 3177/3177 3180/3180 3257/3257
f 3260/3260 3178/3178 3262/3262
f 3179/3179 3182/3182 3261/3261
f 3183/3183 3185/3185 3265/3265
f 3265/3265 3185/3185 3266/3266
f 3267/3267 3184/3184 3268/3268
f 3185/3185 3186/3186 3269/3269
f 3186/3186 3187/3187 3269/3269
f 3269/3269 3187/3187 3272/3272
f 3272/3272 3187/3187 3273/3273
f 3187/3187 3188/3188 3273/3273
f 3274/3274 3273/3273 3276/3276
f 3273/3273 3188/3188 3276/3276
f 3188/3188 3189/3189 3276/3276
f 3276/3276 3189/3189 3278/3278
f 3190/3190 3191/3191 3277/3277
f 3192/3192 3197/3197 3278/3278
f 3278/3278 3197/3197 3279/3279
f 3198/3198 3282/3282 3280/3280
f 3280/3280 3282/3282 3285/3285
f 3285/3285 3282/3282 3286/3286
f 3292/3292 3281/3281 3294/3294
f 3281/3281 3199/3199 3294/3294
f 3200/3200 3203/3203 3293/3293
f 3296/3296 3204/3204 3298/3298
f 3298/3298 3204/3204 3300/3300
f 3322/3322 3304/3304 3305/3305
f 3305/3305 3304/3304 3308/3308
f 3302/3302 3301/3301 3307/3307
f 3306/3306 3299/3299 3310/3310
f 3299/3299 3205/3205 3310/3310
f 3205/3205 3207/3207 3310/3310
f 3309/3309 3208/3208 3312/3312
f 3208/3208 3213/3213 3312/3312
f 3311/3311 3214/3214 3316/3316
f 3214/3214 3215/3215 3316/3316
f 3216/3216 3218/3218 3315/3315
f 3219/3219 3222/3222 3314/3314
f 3223/3223 3225/3225 3313/3313
f 3313/3313 3225/3225 3317/3317
f 3317/3317 3225/3225 3318/3318
f 3318/3318 3225/3225 3319/3319
f 3225/3225 3228/3228 3319/3319
f 3228/3228 3232/3232 3319/3319
f 3232/3232 3230/3230 3319/3319
f 3319/3319 3230/3230 3320/3320
f 3230/3230 3229/3229 3320/3320
f 3320/3320 3229/3229 3321/3321
f 3321/3321 3229/3229 3322/3322
f 3322/3322 3229/3229 3323/3323
f 3229/3229 3231/3231 3323/3323
f 3231/3231 3234/3234 3323/3323
f 3323/3323 3234/3234 3324/3324
f 3325/3325 3233/3233 3326/3326
f 3233/3233 3236/3236 3326/3326
f 3236/3236 3237/3237 3326/3326
f 3327/3327 3238/3238 3329/3329
f 3238/3238 3239/3239 3329/3329
f 3240/3240 3242/3242 3328/3328
f 3330/3330 3243/3243 3331/3331
f 3243/3243 3246/3246 3331/3331
f 3334/3334 3247/3247 3335/3335
f 3248/3248 3250/3250 3337/3337
f 3337/3337 3250/3250 3340/3340
f 3340/3340 3250/3250 3341/3341
f 3343/3343 3249/3249 3344/3344
f 3249/3249 3348/3348 3344/3344
f 3345/3345 3346/3346 3355/3355
f 3355/3355 3346/3346 3349/3349
f 3349/3349 3346/3346 3354/3354
f 3347/3347 3250/3250 3353/3353
f 3250/3250 3252/3252 3353/3353
f 3252/3252 3254/3254 3353/3353
f 3255/3255 3258/3258 3352/3352
f 3259/3259 3263/3263 3351/3351
f 3350/3350 3264/3264 3356/3356
f 3356/3356 3264/3264 3357/3357
f 3265/3265 3266/3266 3358/3358
f 3358/3358 3266/3266 3360/3360
f 3267/3267 3268/3268 3359/3359
f 3268/3268 3270/3270 3359/3359
f 3361/3361 3271/3271 3362/3362
f 3364/3364 3272/3272 3366/3366
f 3272/3272 3273/3273 3366/3366
f 3273/3273 3274/3274 3366/3366
f 3366/3366 3274/3274 3369/3369
f 3369/3369 3274/3274 3370/3370
f 3375/3375 3370/3370 3372/3372
f 3370/3370 3274/3274 3372/3372
f 3274/3274 3276/3276 3372/3372
f 3371/3371 3275/3275 3374/3374
f 3276/3276 3278/3278 3373/3373
f 3278/3278 3279/3279 3373/3373
f 3373/3373 3279/3279 3375/3375
f 3279/3279 3283/3283 3375/3375
f 3375/3375 3283/3283 3377/3377
f 3377/3377 3283/3283 3379/3379
f 3284/3284 3287/3287 3378/3378
f 3381/3381 3288/3288 3382/3382
f 3384/3384 3289/3289 3385/3385
f 3387/3387 3290/3290 3388/3388
f 3391/3391 3291/3291 3393/3393
f 3291/3291 3295/3295 3393/3393
f 3296/3296 3298/3298 3392/3392
f 3395/3395 3297/3297 3398/3398
f 3298/3298 3300/3300 3397/3397
f 3301/3301 3302/3302 3396/3396
f 3398/3398 3303/3303 3399/3399
f 3304/3304 3322/3322 3401/3401
f 3401/3401 3322/3322 3403/3403
f 3407/3407 3403/3403 3409/3409
f 3403/3403 3322/3322 3409/3409
f 3409/3409 3322/3322 3410/3410
f 3322/3322 3323/3323 3410/3410
f 3323/3323 3324/3324 3410/3410
f 3410/3410 3324/3324 3411/3411
f 3412/3412 3325/3325 3413/3413
f 3325/3325 3326/3326 3413/3413
f 3414/3414 3327/3327 3416/3416
f 3327/3327 3329/3329 3416/3416
f 3330/3330 3331/3331 3415/3415
f 3418/3418 3332/3332 3420/3420
f 3333/3333 3336/3336 3419/3419
f 3421/3421 3337/3337 3422/3422
f 3337/3337 3340/3340 3422/3422
f 3340/3340 3424/3424 3422/3422
f 3422/3422 3424/3424 3426/3426
f 3429/3429 3427/3427 3431/3431
f 3425/3425 3423/3423 3430/3430
f 3423/3423 3338/3338 3430/3430
f 3432/3432 3339/3339 3435/3435
f 3340/3340 3341/3341 3434/3434
f 3342/3342 3345/3345 3433/3433
f 3345/3345 3355/3355 3433/3433
f 3356/3356 3357/3357 3436/3436
f 3436/3436 3357/3357 3437/3437
f 3358/3358 3360/3360 3438/3438
f 3438/3438 3360/3360 3440/3440
f 3361/3361 3362/3362 3439/3439
f 3442/3442 3363/3363 3444/3444
f 3444/3444 3363/3363 3447/3447
f 3364/3364 3366/3366 3446/3446
f 3365/3365 3367/3367 3445/3445
f 3447/3447 3368/3368 3449/3449
f 3451/3451 3450/3450 3452/3452
f 3448/3448 3369/3369 3453/3453
f 3369/3369 3370/3370 3453/3453
f 3453/3453 3370/3370 3455/3455
f 3370/3370 3375/3375 3455/3455
f 3455/3455 3375/3375 3456/3456
f 3375/3375 3377/3377 3456/3456
f 3458/3458 3457/3457 3460/3460
f 3457/3457 3376/3376 3460/3460
f 3376/3376 3380/3380 3460/3460
f 3380/3380 3383/3383 3460/3460
f 3460/3460 3383/3383 3463/3463
f 3383/3383 3386/3386 3463/3463
f 3386/3386 3389/3389 3463/3463
f 3463/3463 3389/3389 3465/3465
f 3465/3465 3389/3389 3469/3469
f 3390/3390 3394/3394 3468/3468
f 3395/3395 3398/3398 3467/3467
f 3398/3398 3399/3399 3467/3467
f 3400/3400 3402/3402 3466/3466
f 3402/3402 3404/3404 3466/3466
f 3471/3471 3405/3405 3473/3473
f 3406/3406 3408/3408 3472/3472
f 3476/3476 3474/3474 3478/3478
f 3472/3472 3408/3408 3477/3477
f 3409/3409 3410/3410 3478/3478
f 3410/3410 3411/3411 3478/3478
f 3478/3478 3411/3411 3479/3479
f 3482/3482 3480/3480 3483/3483
f 3480/3480 3412/3412 3483/3483
f 3412/3412 3413/3413 3483/3483
f 3484/3484 3414/3414 3485/3485
f 3414/3414 3416/3416 3485/3485
f 3487/3487 3417/3417 3489/3489
f 3418/3418 3420/3420 3488/3488
f 3491/3491 3421/3421 3492/3492
f 3421/3421 3422/3422 3492/3492
f 3422/3422 3426/3426 3492/3492
f 3492/3492 3426/3426 3493/3493
f 3427/3427 3429/3429 3494/3494
f 3494/3494 3429/3429 3495/3495
f 3508/3508 3497/3497 3498/3498
f 3498/3498 3497/3497 3500/3500
f 3497/3497 3428/3428 3500/3500
f 3428/3428 3432/3432 3500/3500
f 3432/3432 3435/3435 3500/3500
f 3436/3436 3437/3437 3499/3499
f 3437/3437 3441/3441 3499/3499
f 3499/3499 3441/3441 3503/3503
f 3441/3441 3443/3443 3503/3503
f 3501/3501 3507/3507 3509/3509
f 3509/3509 3507/3507 3510/3510
f 3507/3507 3516/3516 3510/3510
f 3513/3513 3514/3514 3519/3519
f 3515/3515 3504/3504 3518/3518
f 3524/3524 3523/3523 3533/3533
f 3517/3517 3505/3505 3532/3532
f 3506/3506 3502/3502 3531/3531
f 3503/3503 3443/3443 3530/3530
f 3444/3444 3447/3447 3529/3529
f 3447/3447 3449/3449 3529/3529
f 3450/3450 3451/3451 3528/3528
f 3528/3528 3451/3451 3534/3534
f 3534/3534 3451/3451 3535/3535
f 3451/3451 3452/3452 3535/3535
f 3452/3452 3454/3454 3535/3535
f 3535/3535 3454/3454 3536/3536
f 3454/3454 3457/3457 3536/3536
f 3457/3457 3458/3458 3536/3536
f 3536/3536 3458/3458 3541/3541
f 3458/3458 3460/3460 3541/3541
f 3459/3459 3461/3461 3540/3540
f 3462/3462 3464/3464 3539/3539
f 3465/3465 3469/3469 3538/3538
f 3470/3470 3474/3474 3537/3537
f 3474/3474 3476/3476 3537/3537
f 3542/3542 3475/3475 3544/3544
f 3476/3476 3478/3478 3543/3543
f 3478/3478 3479/3479 3543/3543
f 3546/3546 3480/3480 3547/3547
f 3480/3480 3482/3482 3547/3547
f 3549/3549 3481/3481 3552/3552
f 3552/3552 3481/3481 3553/3553
f 3481/3481 3484/3484 3553/3553
f 3484/3484 3485/3485 3553/3553
f 3555/3555 3486/3486 3556/3556
f 3486/3486 3490/3490 3556/3556
f 3558/3558 3491/3491 3559/3559
f 3491/3491 3492/3492 3559/3559
f 3492/3492 3493/3493 3559/3559
f 3559/3559 3493/3493 3561/3561
f 3494/3494 3495/3495 3560/3560
f 3496/3496 3509/3509 3561/3561
f 3509/3509 3510/3510 3561/3561
f 3561/3561 3510/3510 3562/3562
f 3510/3510 3568/3568 3562/3562
f 3564/3564 3565/3565 3577/3577
f 3576/3576 3566/3566 3572/3572
f 3567/3567 3511/3511 3571/3571
f 3512/3512 3520/3520 3570/3570
f 3569/3569 3521/3521 3575/3575
f 3522/3522 3525/3525 3574/3574
f 3573/3573 3526/3526 3580/3580
f 3527/3527 3534/3534 3579/3579
f 3534/3534 3535/3535 3579/3579
f 3535/3535 3536/3536 3579/3579
f 3536/3536 3541/3541 3579/3579
f 3541/3541 3545/3545 3579/3579
f 3545/3545 3548/3548 3579/3579
f 3579/3579 3548/3548 3582/3582
f 3549/3549 3552/3552 3581/3581
f 3583/3583 3550/3550 3585/3585
f 3551/3551 3554/3554 3584/3584
f 3554/3554 3557/3557 3584/3584
f 3586/3586 3558/3558 3587/3587
f 3558/3558 3559/3559 3587/3587
f 3559/3559 3561/3561 3587/3587
f 3561/3561 3562/3562 3587/3587
f 3587/3587 3562/3562 3589/3589
f 3563/3563 3578/3578 3588/3588
f 3590/3590 3579/3579 3592/3592
f 3579/3579 3582/3582 3592/3592
f 3583/3583 3585/3585 3591/3591
f 3586/3586 3587/3587 3593/3593
f 3599/3599 3601/3601 3603/3603
f 3611/3611 3614/3614 3616/3616
f 3622/3622 3625/3625 3628/3628
f 3628/3628 3625/3625 3629/3629
f 3632/3632 3631/3631 3633/3633
f 3631/3631 3623/3623 3633/3633
f 3633/3633 3623/3623 3634/3634
f 3638/3638 3624/3624 3639/3639
f 3624/3624 3619/3619 3639/3639
f 3619/3619 3645/3645 3639/3639
f 3642/3642 3643/3643 3646/3646
f 3649/3649 3648/3648 3650/3650
f 3654/3654 3651/3651 3655/3655
f 3651/3651 3646/3646 3655/3655
f 3646/3646 3643/3643 3655/3655
f 3657/3657 3644/3644 3659/3659
f 3645/3645 3619/3619 3658/3658
f 3661/3661 3620/3620 3662/3662
f 3621/3621 3626/3626 3665/3665
f 3665/3665 3626/3626 3666/3666
f 3669/3669 3627/3627 3670/3670
f 3627/3627 3630/3630 3670/3670
f 3631/3631 3632/3632 3673/3673
f 3673/3673 3632/3632 3674/3674
f 3618/3618 3675/3675 3677/3677
f 3682/3682 3679/3679 3683/3683
f 3685/3685 3676/3676 3686/3686
f 3676/3676 3674/3674 3686/3686
f 3674/3674 3632/3632 3686/3686
f 3686/3686 3632/3632 3687/3687
f 3632/3632 3633/3633 3687/3687
f 3687/3687 3633/3633 3688/3688
f 3633/3633 3634/3634 3688/3688
f 3688/3688 3634/3634 3689/3689
f 3635/3635 3692/3692 3690/3690
f 3690/3690 3692/3692 3694/3694
f 3699/3699 3694/3694 3700/3700
f 3694/3694 3692/3692 3700/3700
f 3702/3702 3691/3691 3705/3705
f 3705/3705 3691/3691 3708/3708
f 3691/3691 3636/3636 3708/3708
f 3637/3637 3640/3640 3707/3707
f 3641/3641 3647/3647 3706/3706
f 3648/3648 3649/3649 3709/3709
f 3709/3709 3649/3649 3710/3710
f 3711/3711 3710/3710 3712/3712
f 3710/3710 3649/3649 3712/3712
f 3649/3649 3650/3650 3712/3712
f 3650/3650 3652/3652 3712/3712
f 3717/3717 3719/3719 3724/3724
f 3718/3718 3712/3712 3723/3723
f 3712/3712 3652/3652 3723/3723
f 3653/3653 3656/3656 3722/3722
f 3656/3656 3660/3660 3722/3722
f 3660/3660 3663/3663 3722/3722
f 3664/3664 3667/3667 3721/3721
f 3668/3668 3671/3671 3720/3720
f 3725/3725 3672/3672 3729/3729
f 3673/3673 3674/3674 3728/3728
f 3675/3675 3618/3618 3727/3727
f 3615/3615 3612/3612 3726/3726
f 3731/3731 3613/3613 3732/3732
f 3613/3613 3606/3606 3732/3732
f 3735/3735 3607/3607 3736/3736
f 3741/3741 3739/3739 3742/3742
f 3739/3739 3608/3608 3742/3742
f 3744/3744 3609/3609 3745/3745
f 3749/3749 3610/3610 3751/3751
f 3610/3610 3617/3617 3751/3751
f 3751/3751 3617/3617 3753/3753
f 3617/3617 3678/3678 3753/3753
f 3678/3678 3680/3680 3753/3753
f 3753/3753 3680/3680 3755/3755
f 3755/3755 3680/3680 3756/3756
f 3759/3759 3681/3681 3761/3761
f 3681/3681 3684/3684 3761/3761
f 3761/3761 3684/3684 3762/3762
f 3764/3764 3685/3685 3765/3765
f 3685/3685 3686/3686 3765/3765
f 3686/3686 3687/3687 3765/3765
f 3765/3765 3687/3687 3766/3766
f 3687/3687 3688/3688 3766/3766
f 3766/3766 3688/3688 3767/3767
f 3688/3688 3689/3689 3767/3767
f 3689/3689 3693/3693 3767/3767
f 3693/3693 3695/3695 3767/3767
f 3767/3767 3695/3695 3768/3768
f 3768/3768 3695/3695 3769/3769
f 3769/3769 3695/3695 3770/3770
f 3771/3771 3696/3696 3773/3773
f 3780/3780 3776/3776 3781/3781
f 3772/3772 3697/3697 3783/3783
f 3783/3783 3697/3697 3785/3785
f 3698/3698 3701/3701 3784/3784
f 3701/3701 3703/3703 3784/3784
f 3786/3786 3704/3704 3787/3787
f 3788/3788 3787/3787 3790/3790
f 3787/3787 3704/3704 3790/3790
f 3704/3704 3709/3709 3790/3790
f 3709/3709 3710/3710 3790/3790
f 3710/3710 3711/3711 3790/3790
f 3711/3711 3791/3791 3790/3790
f 3790/3790 3791/3791 3793/3793
f 3793/3793 3791/3791 3794/3794
f 3796/3796 3794/3794 3797/3797
f 3794/3794 3791/3791 3797/3797
f 3797/3797 3791/3791 3800/3800
f 3791/3791 3801/3801 3800/3800
f 3800/3800 3801/3801 3803/3803
f 3801/3801 3712/3712 3803/3803
f 3712/3712 3718/3718 3803/3803
f 3803/3803 3718/3718 3804/3804
f 3718/3718 3713/3713 3804/3804
f 3807/3807 3714/3714 3809/3809
f 3715/3715 3605/3605 3808/3808
f 3602/3602 3600/3600 3810/3810
f 3810/3810 3600/3600 3811/3811
f 3600/3600 3594/3594 3811/3811
f 3812/3812 3595/3595 3814/3814
f 3596/3596 3818/3818 3813/3813
f 3814/3814 3815/3815 3819/3819
f 3821/3821 3822/3822 3837/3837
f 3837/3837 3822/3822 3823/3823
f 3822/3822 3820/3820 3823/3823
f 3823/3823 3820/3820 3826/3826
f 3819/3819 3815/3815 3825/3825
f 3824/3824 3816/3816 3834/3834
f 3817/3817 3597/3597 3833/3833
f 3598/3598 3604/3604 3832/3832
f 3604/3604 3716/3716 3832/3832
f 3716/3716 3725/3725 3832/3832
f 3725/3725 3729/3729 3832/3832
f 3730/3730 3733/3733 3831/3831
f 3734/3734 3737/3737 3830/3830
f 3738/3738 3740/3740 3829/3829
f 3827/3827 3836/3836 3839/3839
f 3839/3839 3836/3836 3844/3844
f 3835/3835 3828/3828 3843/3843
f 3829/3829 3740/3740 3842/3842
f 3741/3741 3742/3742 3841/3841
f 3850/3850 3847/3847 3853/3853
f 3840/3840 3743/3743 3852/3852
f 3744/3744 3745/3745 3851/3851
f 3857/3857 3746/3746 3858/3858
f 3860/3860 3747/3747 3861/3861
f 3748/3748 3750/3750 3863/3863
f 3750/3750 3752/3752 3863/3863
f 3863/3863 3752/3752 3865/3865
f 3752/3752 3754/3754 3865/3865
f 3865/3865 3754/3754 3869/3869
f 3869/3869 3754/3754 3873/3873
f 3754/3754 3757/3757 3873/3873
f 3873/3873 3757/3757 3874/3874
f 3876/3876 3758/3758 3877/3877
f 3758/3758 3760/3760 3877/3877
f 3760/3760 3763/3763 3877/3877
f 3878/3878 3764/3764 3879/3879
f 3879/3879 3764/3764 3880/3880
f 3764/3764 3765/3765 3880/3880
f 3765/3765 3766/3766 3880/3880
f 3880/3880 3766/3766 3881/3881
f 3766/3766 3767/3767 3881/3881
f 3767/3767 3768/3768 3881/3881
f 3881/3881 3768/3768 3883/3883
f 3768/3768 3769/3769 3883/3883
f 3883/3883 3769/3769 3886/3886
f 3886/3886 3769/3769 3887/3887
f 3769/3769 3770/3770 3887/3887
f 3889/3889 3771/3771 3890/3890
f 3771/3771 3773/3773 3890/3890
f 3892/3892 3774/3774 3894/3894
f 3775/3775 3777/3777 3893/3893
f 3897/3897 3778/3778 3899/3899
f 3779/3779 3782/3782 3898/3898
f 3903/3903 3783/3783 3904/3904
f 3783/3783 3785/3785 3904/3904
f 3786/3786 3787/3787 3905/3905
f 3905/3905 3787/3787 3907/3907
f 3787/3787 3788/3788 3907/3907
f 3789/3789 3792/3792 3906/3906
f 3907/3907 3793/3793 3908/3908
f 3793/3793 3794/3794 3908/3908
f 3794/3794 3796/3796 3908/3908
f 3908/3908 3796/3796 3909/3909
f 3910/3910 3795/3795 3911/3911
f 3911/3911 3795/3795 3913/3913
f 3796/3796 3797/3797 3912/3912
f 3797/3797 3800/3800 3912/3912
f 3913/3913 3798/3798 3916/3916
f 3799/3799 3802/3802 3915/3915
f 3803/3803 3804/3804 3914/3914
f 3916/3916 3805/3805 3917/3917
f 3806/3806 3810/3810 3918/3918
f 3810/3810 3811/3811 3918/3918
f 3918/3918 3811/3811 3919/3919
f 3812/3812 3814/3814 3920/3920
f 3920/3920 3814/3814 3921/3921
f 3814/3814 3819/3819 3921/3921
f 3922/3922 3820/3820 3923/3923
f 3820/3820 3822/3822 3923/3923
f 3822/3822 3924/3924 3923/3923
f 3923/3923 3924/3924 3925/3925
f 3924/3924 3926/3926 3925/3925
f 3925/3925 3926/3926 3927/3927
f 3945/3945 3927/3927 3928/3928
f 3927/3927 3926/3926 3928/3928
f 3926/3926 3924/3924 3928/3928
f 3928/3928 3924/3924 3929/3929
f 3924/3924 3822/3822 3929/3929
f 3929/3929 3822/3822 3930/3930
f 3822/3822 3821/3821 3930/3930
f 3930/3930 3821/3821 3935/3935
f 3821/3821 3837/3837 3935/3935
f 3838/3838 3845/3845 3934/3934
f 3846/3846 3848/3848 3933/3933
f 3849/3849 3854/3854 3932/3932
f 3931/3931 3855/3855 3936/3936
f 3936/3936 3855/3855 3938/3938
f 3856/3856 3859/3859 3937/3937
f 3937/3937 3859/3859 3941/3941
f 3860/3860 3861/3861 3940/3940
f 3862/3862 3864/3864 3939/3939
f 3864/3864 3866/3866 3939/3939
f 3939/3939 3866/3866 3944/3944
f 3946/3946 3942/3942 3948/3948
f 3943/3943 3867/3867 3947/3947
f 3868/3868 3870/3870 3950/3950
f 3950/3950 3870/3870 3951/3951
f 3952/3952 3871/3871 3954/3954
f 3872/3872 3875/3875 3953/3953
f 3958/3958 3955/3955 3960/3960
f 3955/3955 3876/3876 3960/3960
f 3876/3876 3877/3877 3960/3960
f 3960/3960 3877/3877 3961/3961
f 3878/3878 3879/3879 3963/3963
f 3963/3963 3879/3879 3966/3966
f 3966/3966 3879/3879 3967/3967
f 3879/3879 3880/3880 3967/3967
f 3880/3880 3881/3881 3967/3967
f 3881/3881 3883/3883 3967/3967
f 3969/3969 3882/3882 3970/3970
f 3882/3882 3884/3884 3970/3970
f 3885/3885 3888/3888 3971/3971
f 3971/3971 3888/3888 3972/3972
f 3888/3888 3891/3891 3972/3972
f 3972/3972 3891/3891 3973/3973
f 3891/3891 3895/3895 3973/3973
f 3973/3973 3895/3895 3976/3976
f 3896/3896 3900/3900 3975/3975
f 3980/3980 3978/3978 3982/3982
f 3974/3974 3901/3901 3981/3981
f 3983/3983 3902/3902 3984/3984
f 3902/3902 3905/3905 3984/3984
f 3905/3905 3907/3907 3984/3984
f 3907/3907 3908/3908 3984/3984
f 3984/3984 3908/3908 3985/3985
f 3908/3908 3909/3909 3985/3985
f 3985/3985 3909/3909 3986/3986
f 3988/3988 3987/3987 3989/3989
f 3987/3987 3910/3910 3989/3989
f 3910/3910 3911/3911 3989/3989
f 3989/3989 3911/3911 3991/3991
f 3991/3991 3911/3911 3992/3992
f 3911/3911 3913/3913 3992/3992
f 3913/3913 3916/3916 3992/3992
f 3916/3916 3917/3917 3992/3992
f 3918/3918 3919/3919 3993/3993
f 3993/3993 3919/3919 3994/3994
f 3920/3920 3921/3921 3995/3995
f 3995/3995 3921/3921 3996/3996
f 3922/3922 3923/3923 3997/3997
f 3923/3923 3925/3925 3997/3997
f 3997/3997 3925/3925 3998/3998
f 3925/3925 3927/3927 3998/3998
f 3998/3998 3927/3927 3999/3999
f 3927/3927 3945/3945 3999/3999
f 3945/3945 3949/3949 3999/3999
f 3999/3999 3949/3949 4000/4000
f 3950/3950 3951/3951 4001/4001
f 4002/4002 4005/4005 4008/4008
f 4003/4003 4001/4001 4007/4007
f 4001/4001 3951/3951 4007/4007
f 3952/3952 3954/3954 4006/4006
f 3954/3954 3956/3956 4006/4006
f 4008/4008 3957/3957 4009/4009
f 3957/3957 3959/3959 4009/4009
f 4009/4009 3959/3959 4010/4010
f 3959/3959 3962/3962 4010/4010
f 4010/4010 3962/3962 4012/4012
f 3962/3962 3964/3964 4012/4012
f 3965/3965 3968/3968 4011/4011
f 4013/4013 3969/3969 4014/4014
f 3969/3969 3970/3970 4014/4014
f 4015/4015 3971/3971 4018/4018
f 3971/3971 3972/3972 4018/4018
f 3972/3972 3973/3973 4018/4018
f 3973/3973 3976/3976 4018/4018
f 3977/3977 3979/3979 4017/4017
f 3980/3980 3982/3982 4016/4016
f 3983/3983 3984/3984 4019/4019
f 3984/3984 3985/3985 4019/4019
f 3985/3985 3986/3986 4019/4019
f 4019/4019 3986/3986 4020/4020
f 4022/4022 3987/3987 4024/4024
f 3987/3987 3988/3988 4024/4024
f 4024/4024 3988/3988 4027/4027
f 4027/4027 3988/3988 4029/4029
f 4029/4029 3988/3988 4030/4030
f 3988/3988 3989/3989 4030/4030
f 3989/3989 3991/3991 4030/4030
f 4031/4031 3990/3990 4032/4032
f 3990/3990 3993/3993 4032/4032
f 3993/3993 3994/3994 4032/4032
f 4033/4033 3995/3995 4034/4034
f 3995/3995 3996/3996 4034/4034
f 3997/3997 3998/3998 4035/4035
f 4035/4035 3998/3998 4036/4036
f 3998/3998 3999/3999 4036/4036
f 4036/4036 3999/3999 4037/4037
f 3999/3999 4000/4000 4037/4037
f 4000/4000 4004/4004 4037/4037
f 4037/4037 4004/4004 4038/4038
f 4005/4005 4002/4002 4040/4040
f 4042/4042 4040/4040 4043/4043
f 4040/4040 4002/4002 4043/4043
f 4002/4002 4008/4008 4043/4043
f 4008/4008 4009/4009 4043/4043
f 4009/4009 4010/4010 4043/4043
f 4010/4010 4012/4012 4043/4043
f 4012/4012 4015/4015 4043/4043
f 4015/4015 4018/4018 4043/4043
f 4018/4018 4021/4021 4043/4043
f 4021/4021 4023/4023 4043/4043
f 4023/4023 4025/4025 4043/4043
f 4043/4043 4025/4025 4044/4044
f 4026/4026 4028/4028 4046/4046
f 4046/4046 4028/4028 4048/4048
f 4048/4048 4028/4028 4049/4049
f 4028/4028 4031/4031 4049/4049
f 4031/4031 4032/4032 4049/4049
f 4050/4050 4033/4033 4051/4051
f 4033/4033 4034/4034 4051/4051
f 4035/4035 4036/4036 4052/4052
f 4052/4052 4036/4036 4053/4053
f 4036/4036 4037/4037 4053/4053
f 4037/4037 4038/4038 4053/4053
f 4039/4039 4041/4041 4054/4054
f 4054/4054 4041/4041 4056/4056
f 4042/4042 4043/4043 4055/4055
f 4043/4043 4044/4044 4055/4055
f 4058/4058 4045/4045 4059/4059
f 4045/4045 4047/4047 4059/4059
f 4047/4047 4050/4050 4059/4059
f 4050/4050 4051/4051 4059/4059
f 4052/4052 4053/4053 4060/4060
f 4063/4063 4067/4067 4070/4070
f 4064/4064 4078/4078 4069/4069
f 4079/4079 4071/4071 4082/4082
f 4068/4068 4072/4072 4081/4081
f 4073/4073 4087/4087 4080/4080
f 4084/4084 4088/4088 4083/4083
f 4083/4083 4088/4088 4089/4089
f 4090/4090 4091/4091 4092/4092
f 4091/4091 4096/4096 4092/4092
f 4093/4093 4094/4094 4097/4097
f 4098/4098 4097/4097 4099/4099
f 4097/4097 4094/4094 4099/4099
f 4100/4100 4095/4095 4101/4101
f 4096/4096 4091/4091 4102/4102
f 4102/4102 4091/4091 4105/4105
f 4091/4091 4090/4090 4105/4105
f 4105/4105 4090/4090 4106/4106
f 4090/4090 4089/4089 4106/4106
f 4106/4106 4089/4089 4107/4107
f 4107/4107 4089/4089 4108/4108
f 4089/4089 4088/4088 4108/4108
f 4088/4088 4084/4084 4108/4108
f 4109/4109 4085/4085 4111/4111
f 4086/4086 4074/4074 4110/4110
f 4112/4112 4075/4075 4113/4113
f 4115/4115 4076/4076 4117/4117
f 4116/4116 4077/4077 4120/4120
f 4078/4078 4064/4064 4119/4119
f 4118/4118 4065/4065 4123/4123
f 4066/4066 4061/4061 4122/4122
f 4122/4122 4061/4061 4132/4132
f 4062/4062 4071/4071 4131/4131
f 4071/4071 4079/4079 4131/4131
f 4131/4131 4079/4079 4124/4124
f 4079/4079 4082/4082 4124/4124
f 4124/4124 4082/4082 4126/4126
f 4083/4083 4089/4089 4125/4125
f 4089/4089 4090/4090 4125/4125
f 4125/4125 4090/4090 4128/4128
f 4090/4090 4092/4092 4128/4128
f 4093/4093 4097/4097 4127/4127
f 4129/4129 4130/4130 4134/4134
f 4130/4130 4127/4127 4134/4134
f 4127/4127 4097/4097 4134/4134
f 4097/4097 4098/4098 4134/4134
f 4136/4136 4139/4139 4140/4140
f 4139/4139 4143/4143 4140/4140
f 4143/4143 4145/4145 4140/4140
f 4145/4145 4148/4148 4140/4140
f 4148/4148 4150/4150 4140/4140
f 4150/4150 4134/4134 4140/4140
f 4134/4134 4098/4098 4140/4140
f 4098/4098 4151/4151 4140/4140
f 4140/4140 4151/4151 4155/4155
f 4155/4155 4151/4151 4158/4158
f 4158/4158 4151/4151 4159/4159
f 4151/4151 4098/4098 4159/4159
f 4098/4098 4099/4099 4159/4159
f 4163/4163 4100/4100 4166/4166
f 4100/4100 4101/4101 4166/4166
f 4166/4166 4101/4101 4167/4167
f 4101/4101 4103/4103 4167/4167
f 4172/4172 4169/4169 4173/4173
f 4169/4169 4104/4104 4173/4173
f 4175/4175 4105/4105 4176/4176
f 4105/4105 4106/4106 4176/4176
f 4176/4176 4106/4106 4177/4177
f 4106/4106 4107/4107 4177/4177
f 4177/4177 4107/4107 4178/4178
f 4107/4107 4108/4108 4178/4178
f 4178/4178 4108/4108 4179/4179
f 4109/4109 4111/4111 4180/4180
f 4180/4180 4111/4111 4182/4182
f 4112/4112 4113/4113 4181/4181
f 4182/4182 4114/4114 4183/4183
f 4115/4115 4117/4117 4184/4184
f 4184/4184 4117/4117 4185/4185
f 4117/4117 4186/4186 4185/4185
f 4185/4185 4186/4186 4188/4188
f 4188/4188 4186/4186 4189/4189
f 4189/4189 4186/4186 4190/4190
f 4186/4186 4117/4117 4190/4190
f 4190/4190 4117/4117 4192/4192
f 4117/4117 4121/4121 4192/4192
f 4122/4122 4132/4132 4191/4191
f 4133/4133 4149/4149 4192/4192
f 4149/4149 4146/4146 4192/4192
f 4192/4192 4146/4146 4193/4193
f 4147/4147 4144/4144 4195/4195
f 4195/4195 4144/4144 4196/4196
f 4144/4144 4141/4141 4196/4196
f 4196/4196 4141/4141 4197/4197
f 4198/4198 4142/4142 4199/4199
f 4142/4142 4137/4137 4199/4199
f 4200/4200 4138/4138 4201/4201
f 4138/4138 4135/4135 4201/4201
f 4201/4201 4135/4135 4202/4202
f 4136/4136 4140/4140 4203/4203
f 4203/4203 4140/4140 4204/4204
f 4140/4140 4207/4207 4204/4204
f 4207/4207 4152/4152 4204/4204
f 4206/4206 4153/4153 4209/4209
f 4209/4209 4153/4153 4212/4212
f 4154/4154 4156/4156 4211/4211
f 4157/4157 4160/4160 4210/4210
f 4214/4214 4161/4161 4216/4216
f 4162/4162 4164/4164 4215/4215
f 4219/4219 4165/4165 4220/4220
f 4165/4165 4168/4168 4220/4220
f 4168/4168 4170/4170 4220/4220
f 4221/4221 4171/4171 4222/4222
f 4224/4224 4222/4222 4225/4225
f 4222/4222 4171/4171 4225/4225
f 4225/4225 4171/4171 4226/4226
f 4171/4171 4174/4174 4226/4226
f 4175/4175 4176/4176 4227/4227
f 4227/4227 4176/4176 4228/4228
f 4176/4176 4177/4177 4228/4228
f 4228/4228 4177/4177 4229/4229
f 4177/4177 4178/4178 4229/4229
f 4229/4229 4178/4178 4230/4230
f 4178/4178 4179/4179 4230/4230
f 4230/4230 4179/4179 4231/4231
f 4180/4180 4182/4182 4232/4232
f 4234/4234 4232/4232 4237/4237
f 4232/4232 4182/4182 4237/4237
f 4237/4237 4182/4182 4238/4238
f 4182/4182 4183/4183 4238/4238
f 4184/4184 4185/4185 4240/4240
f 4185/4185 4241/4241 4240/4240
f 4240/4240 4241/4241 4244/4244
f 4242/4242 4187/4187 4243/4243
f 4244/4244 4188/4188 4245/4245
f 4188/4188 4189/4189 4245/4245
f 4247/4247 4245/4245 4249/4249
f 4245/4245 4189/4189 4249/4249
f 4189/4189 4190/4190 4249/4249
f 4249/4249 4190/4190 4250/4250
f 4190/4190 4192/4192 4250/4250
f 4192/4192 4193/4193 4250/4250
f 4251/4251 4194/4194 4252/4252
f 4195/4195 4196/4196 4253/4253
f 4196/4196 4197/4197 4253/4253
f 4253/4253 4197/4197 4254/4254
f 4198/4198 4199/4199 4255/4255
f 4255/4255 4199/4199 4256/4256
f 4200/4200 4201/4201 4257/4257
f 4257/4257 4201/4201 4258/4258
f 4260/4260 4261/4261 4262/4262
f 4262/4262 4261/4261 4263/4263
f 4261/4261 4258/4258 4263/4263
f 4263/4263 4258/4258 4264/4264
f 4258/4258 4201/4201 4264/4264
f 4201/4201 4202/4202 4264/4264
f 4202/4202 4205/4205 4264/4264
f 4205/4205 4208/4208 4264/4264
f 4264/4264 4208/4208 4265/4265
f 4265/4265 4208/4208 4268/4268
f 4209/4209 4212/4212 4267/4267
f 4213/4213 4217/4217 4266/4266
f 4218/4218 4221/4221 4269/4269
f 4269/4269 4221/4221 4271/4271
f 4221/4221 4222/4222 4271/4271
f 4271/4271 4222/4222 4272/4272
f 4222/4222 4224/4224 4272/4272
f 4276/4276 4274/4274 4278/4278
f 4272/4272 4224/4224 4277/4277
f 4279/4279 4223/4223 4280/4280
f 4224/4224 4225/4225 4281/4281
f 4283/4283 4281/4281 4286/4286
f 4281/4281 4225/4225 4286/4286
f 4225/4225 4226/4226 4286/4286
f 4286/4286 4226/4226 4287/4287
f 4227/4227 4228/4228 4289/4289
f 4289/4289 4228/4228 4290/4290
f 4228/4228 4229/4229 4290/4290
f 4290/4290 4229/4229 4291/4291
f 4229/4229 4230/4230 4291/4291
f 4291/4291 4230/4230 4292/4292
f 4230/4230 4231/4231 4292/4292
f 4232/4232 4234/4234 4293/4293
f 4293/4293 4234/4234 4294/4294
f 4297/4297 4233/4233 4298/4298
f 4302/4302 4300/4300 4303/4303
f 4303/4303 4300/4300 4305/4305
f 4298/4298 4233/4233 4304/4304
f 4233/4233 4235/4235 4304/4304
f 4306/4306 4236/4236 4307/4307
f 4236/4236 4239/4239 4307/4307
f 4240/4240 4244/4244 4309/4309
f 4309/4309 4244/4244 4310/4310
f 4310/4310 4244/4244 4311/4311
f 4311/4311 4244/4244 4312/4312
f 4244/4244 4245/4245 4312/4312
f 4245/4245 4247/4247 4312/4312
f 4312/4312 4247/4247 4313/4313
f 4314/4314 4246/4246 4316/4316
f 4316/4316 4246/4246 4317/4317
f 4246/4246 4248/4248 4317/4317
f 4248/4248 4251/4251 4317/4317
f 4251/4251 4252/4252 4317/4317
f 4253/4253 4254/4254 4318/4318
f 4318/4318 4254/4254 4319/4319
f 4255/4255 4256/4256 4320/4320
f 4320/4320 4256/4256 4321/4321
f 4257/4257 4258/4258 4322/4322
f 4258/4258 4261/4261 4322/4322
f 4322/4322 4261/4261 4323/4323
f 4261/4261 4260/4260 4323/4323
f 4323/4323 4260/4260 4324/4324
f 4326/4326 4259/4259 4328/4328
f 4327/4327 4260/4260 4330/4330
f 4330/4330 4260/4260 4331/4331
f 4260/4260 4262/4262 4331/4331
f 4262/4262 4263/4263 4331/4331
f 4331/4331 4263/4263 4332/4332
f 4263/4263 4264/4264 4332/4332
f 4332/4332 4264/4264 4333/4333
f 4264/4264 4265/4265 4333/4333
f 4265/4265 4268/4268 4333/4333
f 4268/4268 4270/4270 4333/4333
f 4333/4333 4270/4270 4334/4334
f 4334/4334 4270/4270 4335/4335
f 4270/4270 4273/4273 4335/4335
f 4335/4335 4273/4273 4337/4337
f 4273/4273 4275/4275 4337/4337
f 4337/4337 4275/4275 4338/4338
f 4338/4338 4275/4275 4341/4341
f 4276/4276 4278/4278 4340/4340
f 4279/4279 4280/4280 4339/4339
f 4281/4281 4283/4283 4342/4342
f 4345/4345 4342/4342 4346/4346
f 4342/4342 4283/4283 4346/4346
f 4348/4348 4282/4282 4350/4350
f 4282/4282 4284/4284 4350/4350
f 4285/4285 4288/4288 4349/4349
f 4352/4352 4289/4289 4353/4353
f 4289/4289 4290/4290 4353/4353
f 4355/4355 4354/4354 4356/4356
f 4353/4353 4290/4290 4357/4357
f 4290/4290 4291/4291 4357/4357
f 4357/4357 4291/4291 4358/4358
f 4291/4291 4292/4292 4358/4358
f 4292/4292 4295/4295 4358/4358
f 4359/4359 4296/4296 4360/4360
f 4296/4296 4299/4299 4360/4360
f 4360/4360 4299/4299 4361/4361
f 4299/4299 4301/4301 4361/4361
f 4361/4361 4301/4301 4363/4363
f 4363/4363 4301/4301 4365/4365
f 4302/4302 4303/4303 4364/4364
f 4303/4303 4305/4305 4364/4364
f 4305/4305 4308/4308 4364/4364
f 4309/4309 4310/4310 4368/4368
f 4371/4371 4368/4368 4373/4373
f 4368/4368 4310/4310 4373/4373
f 4373/4373 4310/4310 4375/4375
f 4310/4310 4311/4311 4375/4375
f 4375/4375 4311/4311 4377/4377
f 4311/4311 4312/4312 4377/4377
f 4312/4312 4313/4313 4377/4377
f 4377/4377 4313/4313 4378/4378
f 4379/4379 4314/4314 4380/4380
f 4314/4314 4316/4316 4380/4380
f 4381/4381 4315/4315 4383/4383
f 4315/4315 4318/4318 4383/4383
f 4318/4318 4319/4319 4383/4383
f 4383/4383 4319/4319 4385/4385
f 4320/4320 4321/4321 4384/4384
f 4322/4322 4323/4323 4386/4386
f 4386/4386 4323/4323 4387/4387
f 4323/4323 4324/4324 4387/4387
f 4387/4387 4324/4324 4389/4389
f 4325/4325 4329/4329 4388/4388
f 4329/4329 4336/4336 4388/4388
f 4337/4337 4338/4338 4389/4389
f 4391/4391 4389/4389 4392/4392
f 4389/4389 4338/4338 4392/4392
f 4338/4338 4341/4341 4392/4392
f 4341/4341 4343/4343 4392/4392
f 4393/4393 4344/4344 4394/4394
f 4344/4344 4347/4347 4394/4394
f 4394/4394 4347/4347 4395/4395
f 4395/4395 4347/4347 4396/4396
f 4347/4347 4351/4351 4396/4396
f 4351/4351 4354/4354 4396/4396
f 4354/4354 4355/4355 4396/4396
f 4396/4396 4355/4355 4397/4397
f 4397/4397 4355/4355 4398/4398
f 4355/4355 4356/4356 4398/4398
f 4356/4356 4359/4359 4398/4398
f 4398/4398 4359/4359 4399/4399
f 4359/4359 4360/4360 4399/4399
f 4399/4399 4360/4360 4405/4405
f 4360/4360 4361/4361 4405/4405
f 4361/4361 4363/4363 4405/4405
f 4405/4405 4363/4363 4403/4403
f 4362/4362 4366/4366 4402/4402
f 4367/4367 4369/4369 4401/4401
f 4370/4370 4372/4372 4400/4400
f 4400/4400 4372/4372 4404/4404
f 4372/4372 4374/4374 4404/4404
f 4404/4404 4374/4374 4405/4405
f 4405/4405 4374/4374 4407/4407
f 4375/4375 4377/4377 4406/4406
f 4408/4408 4376/4376 4410/4410
f 4376/4376 4379/4379 4410/4410
f 4410/4410 4379/4379 4413/4413
f 4413/4413 4379/4379 4414/4414
f 4379/4379 4380/4380 4414/4414
f 4418/4418 4416/4416 4419/4419
f 4416/4416 4381/4381 4419/4419
f 4381/4381 4383/4383 4419/4419
f 4420/4420 4382/4382 4422/4422
f 4383/4383 4385/4385 4421/4421
f 4386/4386 4387/4387 4423/4423
f 4423/4423 4387/4387 4424/4424
f 4387/4387 4389/4389 4424/4424
f 4389/4389 4391/4391 4424/4424
f 4424/4424 4391/4391 4425/4425
f 4426/4426 4390/4390 4427/4427
f 4390/4390 4393/4393 4427/4427
f 4393/4393 4394/4394 4427/4427
f 4394/4394 4395/4395 4427/4427
f 4395/4395 4396/4396 4427/4427
f 4396/4396 4397/4397 4427/4427
f 4397/4397 4398/4398 4427/4427
f 4398/4398 4399/4399 4427/4427
f 4399/4399 4405/4405 4427/4427
f 4405/4405 4407/4407 4427/4427
f 4407/4407 4409/4409 4427/4427
f 4409/4409 4411/4411 4427/4427
f 4427/4427 4411/4411 4430/4430
f 4412/4412 4415/4415 4429/4429
f 4416/4416 4418/4418 4428/4428
f 4431/4431 4417/4417 4432/4432
f 4417/4417 4420/4420 4432/4432
f 4420/4420 4422/4422 4432/4432
f 4423/4423 4424/4424 4433/4433
f 4433/4433 4424/4424 4434/4434
f 4424/4424 4425/4425 4434/4434
f 4426/4426 4427/4427 4436/4436
f 4427/4427 4430/4430 4436/4436
f 4437/4437 4438/4438 4439/4439
f 4557/4557 4440/4440 4441/4441
f 4443/4443 4446/4446 4448/4448
f 4455/4455 4452/4452 4456/4456
f 4447/4447 4444/4444 4458/4458
f 4458/4458 4444/4444 4461/4461
f 4465/4465 4464/4464 4466/4466
f 4467/4467 4459/4459 4468/4468
f 4460/4460 4445/4445 4469/4469
f 4469/4469 4445/4445 4470/4470
f 4446/4446 4443/4443 4472/4472
f 4472/4472 4443/4443 4473/4473
f 4478/4478 4475/4475 4479/4479
f 4475/4475 4442/4442 4479/4479
f 4442/4442 4449/4449 4479/4479
f 4481/4481 4450/4450 4484/4484
f 4484/4484 4450/4450 4486/4486
f 4451/4451 4453/4453 4485/4485
f 4487/4487 4454/4454 4490/4490
f 4455/4455 4456/4456 4489/4489
f 4457/4457 4462/4462 4488/4488
f 4491/4491 4463/4463 4493/4493
f 4493/4493 4463/4463 4494/4494
f 4464/4464 4465/4465 4496/4496
f 4497/4497 4499/4499 4502/4502
f 4502/4502 4506/4506 4508/4508
f 4512/4512 4509/4509 4514/4514
f 4507/4507 4503/4503 4513/4513
f 4518/4518 4504/4504 4521/4521
f 4521/4521 4504/4504 4522/4522
f 4505/4505 4500/4500 4524/4524
f 4524/4524 4500/4500 4525/4525
f 4501/4501 4498/4498 4526/4526
f 4498/4498 4496/4496 4526/4526
f 4496/4496 4465/4465 4526/4526
f 4526/4526 4465/4465 4527/4527
f 4465/4465 4466/4466 4527/4527
f 4527/4527 4466/4466 4528/4528
f 4528/4528 4466/4466 4530/4530
f 4467/4467 4468/4468 4529/4529
f 4530/4530 4469/4469 4531/4531
f 4469/4469 4470/4470 4531/4531
f 4534/4534 4536/4536 4537/4537
f 4539/4539 4535/4535 4541/4541
f 4541/4541 4535/4535 4544/4544
f 4535/4535 4531/4531 4544/4544
f 4531/4531 4470/4470 4544/4544
f 4471/4471 4474/4474 4543/4543
f 4475/4475 4478/4478 4542/4542
f 4547/4547 4476/4476 4549/4549
f 4548/4548 4477/4477 4552/4552
f 4477/4477 4480/4480 4552/4552
f 4552/4552 4480/4480 4556/4556
f 4481/4481 4484/4484 4555/4555
f 4557/4557 4558/4558 4559/4559
f 4558/4558 4561/4561 4559/4559
f 4561/4561 4553/4553 4559/4559
f 4554/4554 4482/4482 4560/4560
f 4560/4560 4482/4482 4562/4562
f 4483/4483 4487/4487 4564/4564
f 4487/4487 4490/4490 4564/4564
f 4490/4490 4492/4492 4564/4564
f 4492/4492 4495/4495 4564/4564
f 4495/4495 4499/4499 4564/4564
f 4499/4499 4497/4497 4564/4564
f 4565/4565 4570/4570 4571/4571
f 4570/4570 4575/4575 4571/4571
f 4575/4575 4577/4577 4571/4571
f 4577/4577 4564/4564 4571/4571
f 4564/4564 4497/4497 4571/4571
f 4497/4497 4502/4502 4571/4571
f 4502/4502 4508/4508 4571/4571
f 4508/4508 4510/4510 4571/4571
f 4571/4571 4510/4510 4583/4583
f 4511/4511 4515/4515 4582/4582
f 4516/4516 4586/4586 4581/4581
f 4588/4588 4589/4589 4591/4591
f 4591/4591 4589/4589 4592/4592
f 4589/4589 4595/4595 4592/4592
f 4595/4595 4578/4578 4592/4592
f 4594/4594 4579/4579 4597/4597
f 4580/4580 4584/4584 4596/4596
f 4600/4600 4585/4585 4605/4605
f 4585/4585 4517/4517 4605/4605
f 4605/4605 4517/4517 4606/4606
f 4517/4517 4519/4519 4606/4606
f 4608/4608 4520/4520 4610/4610
f 4610/4610 4520/4520 4612/4612
f 4521/4521 4522/4522 4611/4611
f 4523/4523 4526/4526 4612/4612
f 4526/4526 4527/4527 4612/4612
f 4612/4612 4527/4527 4613/4613
f 4527/4527 4528/4528 4613/4613
f 4613/4613 4528/4528 4615/4615
f 4615/4615 4528/4528 4616/4616
f 4528/4528 4530/4530 4616/4616
f 4616/4616 4530/4530 4617/4617
f 4530/4530 4531/4531 4617/4617
f 4531/4531 4535/4535 4617/4617
f 4535/4535 4532/4532 4617/4617
f 4617/4617 4532/4532 4618/4618
f 4618/4618 4532/4532 4621/4621
f 4621/4621 4532/4532 4623/4623
f 4533/4533 4538/4538 4622/4622
f 4626/4626 4539/4539 4627/4627
f 4539/4539 4541/4541 4627/4627
f 4628/4628 4540/4540 4629/4629
f 4629/4629 4540/4540 4630/4630
f 4540/4540 4545/4545 4630/4630
f 4630/4630 4545/4545 4632/4632
f 4546/4546 4550/4550 4631/4631
f 4551/4551 4441/4441 4633/4633
f 4633/4633 4441/4441 4634/4634
f 4441/4441 4440/4440 4634/4634
f 4636/4636 4634/4634 4638/4638
f 4634/4634 4440/4440 4638/4638
f 4638/4638 4440/4440 4640/4640
f 4440/4440 4557/4557 4640/4640
f 4640/4640 4557/4557 4642/4642
f 4557/4557 4559/4559 4642/4642
f 4560/4560 4562/4562 4641/4641
f 4563/4563 4576/4576 4642/4642
f 4576/4576 4572/4572 4642/4642
f 4642/4642 4572/4572 4643/4643
f 4644/4644 4573/4573 4645/4645
f 4574/4574 4568/4568 4647/4647
f 4647/4647 4568/4568 4649/4649
f 4569/4569 4566/4566 4648/4648
f 4652/4652 4567/4567 4653/4653
f 4567/4567 4587/4587 4653/4653
f 4587/4587 4590/4590 4653/4653
f 4653/4653 4590/4590 4654/4654
f 4590/4590 4593/4593 4654/4654
f 4593/4593 4598/4598 4654/4654
f 4598/4598 4655/4655 4654/4654
f 4656/4656 4654/4654 4658/4658
f 4654/4654 4655/4655 4658/4658
f 4658/4658 4655/4655 4661/4661
f 4655/4655 4598/4598 4661/4661
f 4599/4599 4601/4601 4660/4660
f 4602/4602 4664/4664 4659/4659
f 4662/4662 4663/4663 4665/4665
f 4663/4663 4603/4603 4665/4665
f 4666/4666 4604/4604 4667/4667
f 4604/4604 4607/4607 4667/4667
f 4607/4607 4609/4609 4667/4667
f 4667/4667 4609/4609 4668/4668
f 4610/4610 4612/4612 4669/4669
f 4612/4612 4613/4613 4669/4669
f 4669/4669 4613/4613 4672/4672
f 4613/4613 4615/4615 4672/4672
f 4672/4672 4615/4615 4673/4673
f 4675/4675 4614/4614 4676/4676
f 4615/4615 4616/4616 4678/4678
f 4678/4678 4616/4616 4679/4679
f 4616/4616 4617/4617 4679/4679
f 4617/4617 4618/4618 4679/4679
f 4679/4679 4618/4618 4680/4680
f 4680/4680 4618/4618 4682/4682
f 4618/4618 4621/4621 4682/4682
f 4682/4682 4621/4621 4683/4683
f 4686/4686 4619/4619 4688/4688
f 4620/4620 4624/4624 4687/4687
f 4692/4692 4689/4689 4694/4694
f 4687/4687 4624/4624 4693/4693
f 4625/4625 4628/4628 4696/4696
f 4696/4696 4628/4628 4697/4697
f 4628/4628 4629/4629 4697/4697
f 4702/4702 4699/4699 4704/4704
f 4697/4697 4629/4629 4703/4703
f 4629/4629 4630/4630 4703/4703
f 4630/4630 4632/4632 4703/4703
f 4633/4633 4634/4634 4705/4705
f 4705/4705 4634/4634 4706/4706
f 4634/4634 4636/4636 4706/4706
f 4706/4706 4636/4636 4707/4707
f 4708/4708 4635/4635 4711/4711
f 4711/4711 4635/4635 4712/4712
f 4635/4635 4637/4637 4712/4712
f 4637/4637 4639/4639 4712/4712
f 4713/4713 4640/4640 4714/4714
f 4640/4640 4642/4642 4714/4714
f 4642/4642 4643/4643 4714/4714
f 4716/4716 4644/4644 4717/4717
f 4644/4644 4645/4645 4717/4717
f 4717/4717 4645/4645 4719/4719
f 4646/4646 4650/4650 4718/4718
f 4719/4719 4651/4651 4720/4720
f 4652/4652 4653/4653 4722/4722
f 4722/4722 4653/4653 4723/4723
f 4653/4653 4654/4654 4723/4723
f 4654/4654 4656/4656 4723/4723
f 4723/4723 4656/4656 4724/4724
f 4656/4656 4725/4725 4724/4724
f 4724/4724 4725/4725 4726/4726
f 4726/4726 4725/4725 4727/4727
f 4725/4725 4656/4656 4727/4727
f 4656/4656 4658/4658 4727/4727
f 4728/4728 4657/4657 4731/4731
f 4658/4658 4661/4661 4730/4730
f 4662/4662 4665/4665 4729/4729
f 4666/4666 4667/4667 4731/4731
f 4731/4731 4667/4667 4732/4732
f 4667/4667 4668/4668 4732/4732
f 4732/4732 4668/4668 4733/4733
f 4668/4668 4670/4670 4733/4733
f 4735/4735 4671/4671 4736/4736
f 4672/4672 4673/4673 4738/4738
f 4738/4738 4673/4673 4739/4739
f 4741/4741 4674/4674 4742/4742
f 4674/4674 4677/4677 4742/4742
f 4743/4743 4678/4678 4745/4745
f 4678/4678 4679/4679 4745/4745
f 4679/4679 4680/4680 4745/4745
f 4745/4745 4680/4680 4746/4746
f 4680/4680 4749/4749 4746/4746
f 4748/4748 4750/4750 4752/4752
f 4753/4753 4751/4751 4755/4755
f 4751/4751 4681/4681 4755/4755
f 4755/4755 4681/4681 4756/4756
f 4681/4681 4684/4684 4756/4756
f 4757/4757 4685/4685 4758/4758
f 4758/4758 4685/4685 4761/4761
f 4686/4686 4688/4688 4760/4760
f 4689/4689 4692/4692 4759/4759
f 4761/4761 4690/4690 4763/4763
f 4691/4691 4695/4695 4762/4762
f 4764/4764 4696/4696 4767/4767
f 4696/4696 4697/4697 4767/4767
f 4767/4767 4697/4697 4769/4769
f 4698/4698 4700/4700 4768/4768
f 4701/4701 4705/4705 4771/4771
f 4771/4771 4705/4705 4773/4773
f 4705/4705 4706/4706 4773/4773
f 4706/4706 4707/4707 4773/4773
f 4773/4773 4707/4707 4775/4775
f 4775/4775 4707/4707 4776/4776
f 4707/4707 4709/4709 4776/4776
f 4778/4778 4710/4710 4779/4779
f 4781/4781 4711/4711 4782/4782
f 4711/4711 4712/4712 4782/4782
f 4712/4712 4715/4715 4782/4782
f 4716/4716 4717/4717 4783/4783
f 4717/4717 4719/4719 4783/4783
f 4783/4783 4719/4719 4784/4784
f 4719/4719 4720/4720 4784/4784
f 4785/4785 4721/4721 4786/4786
f 4722/4722 4723/4723 4787/4787
f 4723/4723 4724/4724 4787/4787
f 4787/4787 4724/4724 4788/4788
f 4724/4724 4726/4726 4788/4788
f 4788/4788 4726/4726 4789/4789
f 4790/4790 4789/4789 4793/4793
f 4789/4789 4726/4726 4793/4793
f 4726/4726 4727/4727 4793/4793
f 4794/4794 4798/4798 4799/4799
f 4799/4799 4798/4798 4800/4800
f 4798/4798 4792/4792 4800/4800
f 4792/4792 4728/4728 4800/4800
f 4728/4728 4731/4731 4800/4800
f 4731/4731 4732/4732 4800/4800
f 4732/4732 4733/4733 4800/4800
f 4800/4800 4733/4733 4803/4803
f 4734/4734 4737/4737 4802/4802
f 4737/4737 4740/4740 4802/4802
f 4801/4801 4741/4741 4804/4804
f 4804/4804 4741/4741 4806/4806
f 4808/4808 4805/4805 4809/4809
f 4806/4806 4741/4741 4811/4811
f 4811/4811 4741/4741 4813/4813
f 4813/4813 4741/4741 4815/4815
f 4741/4741 4742/4742 4815/4815
f 4815/4815 4742/4742 4816/4816
f 4742/4742 4744/4744 4816/4816
f 4744/4744 4747/4747 4816/4816
f 4748/4748 4752/4752 4817/4817
f 4817/4817 4752/4752 4819/4819
f 4752/4752 4754/4754 4819/4819
f 4754/4754 4757/4757 4819/4819
f 4757/4757 4758/4758 4819/4819
f 4758/4758 4761/4761 4819/4819
f 4761/4761 4763/4763 4819/4819
f 4763/4763 4765/4765 4819/4819
f 4766/4766 4770/4770 4818/4818
f 4770/4770 4772/4772 4818/4818
f 4772/4772 4774/4774 4818/4818
f 4820/4820 4775/4775 4822/4822
f 4822/4822 4775/4775 4825/4825
f 4825/4825 4775/4775 4826/4826
f 4775/4775 4776/4776 4826/4826
f 4827/4827 4777/4777 4829/4829
f 4778/4778 4779/4779 4828/4828
f 4830/4830 4780/4780 4831/4831
f 4780/4780 4783/4783 4831/4831
f 4783/4783 4784/4784 4831/4831
f 4832/4832 4785/4785 4833/4833
f 4785/4785 4786/4786 4833/4833
f 4787/4787 4788/4788 4834/4834
f 4834/4834 4788/4788 4835/4835
f 4788/4788 4789/4789 4835/4835
f 4835/4835 4789/4789 4837/4837
f 4789/4789 4790/4790 4837/4837
f 4791/4791 4796/4796 4836/4836
f 4797/4797 4795/4795 4837/4837
f 4795/4795 4805/4805 4837/4837
f 4837/4837 4805/4805 4838/4838
f 4805/4805 4808/4808 4838/4838
f 4838/4838 4808/4808 4839/4839
f 4840/4840 4807/4807 4841/4841
f 4807/4807 4810/4810 4841/4841
f 4810/4810 4812/4812 4841/4841
f 4812/4812 4814/4814 4841/4841
f 4814/4814 4817/4817 4841/4841
f 4817/4817 4819/4819 4841/4841
f 4819/4819 4821/4821 4841/4841
f 4821/4821 4823/4823 4841/4841
f 4841/4841 4823/4823 4842/4842
f 4824/4824 4827/4827 4844/4844
f 4844/4844 4827/4827 4845/4845
f 4827/4827 4829/4829 4845/4845
f 4848/4848 4846/4846 4849/4849
f 4846/4846 4830/4830 4849/4849
f 4830/4830 4831/4831 4849/4849
f 4850/4850 4832/4832 4851/4851
f 4832/4832 4833/4833 4851/4851
f 4834/4834 4835/4835 4852/4852
f 4852/4852 4835/4835 4853/4853
f 4835/4835 4837/4837 4853/4853
f 4837/4837 4838/4838 4853/4853
f 4838/4838 4839/4839 4853/4853
f 4853/4853 4839/4839 4854/4854
f 4840/4840 4841/4841 4856/4856
f 4856/4856 4841/4841 4858/4858
f 4841/4841 4842/4842 4858/4858
f 4843/4843 4846/4846 4857/4857
f 4846/4846 4848/4848 4857/4857
f 4859/4859 4847/4847 4860/4860
f 4847/4847 4850/4850 4860/4860
f 4850/4850 4851/4851 4860/4860
f 4852/4852 4853/4853 4861/4861
f 4853/4853 4854/4854 4861/4861
f 4864/4864 4866/4866 4868/4868
f 4868/4868 4866/4866 4870/4870
f 4870/4870 4866/4866 4871/4871
f 4866/4866 4872/4872 4871/4871
f 4873/4873 4871/4871 4874/4874
f 4871/4871 4872/4872 4874/4874
f 4877/4877 4874/4874 4879/4879
f 4874/4874 4872/4872 4879/4879
f 4879/4879 4872/4872 4881/4881
f 4881/4881 4872/4872 4882/4882
f 4872/4872 4866/4866 4882/4882
f 4865/4865 4862/4862 4885/4885
f 4885/4885 4862/4862 4887/4887
f 4891/4891 4887/4887 4892/4892
f 4887/4887 4862/4862 4892/4892
f 4894/4894 4863/4863 4896/4896
f 4863/4863 4867/4867 4896/4896
f 4899/4899 4896/4896 4901/4901
f 4896/4896 4867/4867 4901/4901
f 4901/4901 4867/4867 4902/4902
f 4867/4867 4869/4869 4902/4902
f 4870/4870 4871/4871 4904/4904
f 4904/4904 4871/4871 4906/4906
f 4906/4906 4871/4871 4908/4908
f 4871/4871 4873/4873 4908/4908
f 4908/4908 4873/4873 4909/4909
f 4873/4873 4874/4874 4909/4909
f 4874/4874 4877/4877 4909/4909
f 4910/4910 4875/4875 4912/4912
f 4875/4875 4920/4920 4912/4912
f 4915/4915 4923/4923 4911/4911
f 4923/4923 4926/4926 4911/4911
f 4914/4914 4924/4924 4928/4928
f 4925/4925 4921/4921 4927/4927
f 4927/4927 4921/4921 4932/4932
f 4922/4922 4916/4916 4931/4931
f 4936/4936 4930/4930 4937/4937
f 4930/4930 4917/4917 4937/4937
f 4939/4939 4918/4918 4940/4940
f 4919/4919 4876/4876 4941/4941
f 4876/4876 4878/4878 4941/4941
f 4941/4941 4878/4878 4943/4943
f 4943/4943 4878/4878 4944/4944
f 4878/4878 4880/4880 4944/4944
f 4880/4880 4883/4883 4944/4944
f 4945/4945 4884/4884 4946/4946
f 4946/4946 4884/4884 4947/4947
f 4885/4885 4887/4887 4948/4948
f 4948/4948 4887/4887 4949/4949
f 4886/4886 4888/4888 4950/4950
f 4950/4950 4888/4888 4951/4951
f 4953/4953 4889/4889 4954/4954
f 4890/4890 4893/4893 4956/4956
f 4956/4956 4893/4893 4958/4958
f 4958/4958 4893/4893 4960/4960
f 4893/4893 4895/4895 4960/4960
f 4960/4960 4895/4895 4961/4961
f 4895/4895 4897/4897 4961/4961
f 4962/4962 4898/4898 4963/4963
f 4963/4963 4898/4898 4964/4964
f 4898/4898 4900/4900 4964/4964
f 4964/4964 4900/4900 4965/4965
f 4900/4900 4903/4903 4965/4965
f 4965/4965 4903/4903 4966/4966
f 4966/4966 4903/4903 4967/4967
f 4903/4903 4905/4905 4967/4967
f 4905/4905 4907/4907 4967/4967
f 4967/4967 4907/4907 4968/4968
f 4968/4968 4907/4907 4971/4971
f 4908/4908 4909/4909 4970/4970
f 4910/4910 4912/4912 4969/4969
f 4972/4972 4913/4913 4973/4973
f 4914/4914 4928/4928 4975/4975
f 4975/4975 4928/4928 4976/4976
f 4978/4978 4929/4929 4980/4980
f 4980/4980 4929/4929 4982/4982
f 4929/4929 4983/4983 4982/4982
f 4982/4982 4983/4983 4985/4985
f 4985/4985 4983/4983 4986/4986
f 4983/4983 4933/4933 4986/4986
f 4992/4992 4987/4987 4988/4988
f 4987/4987 4934/4934 4988/4988
f 4988/4988 4934/4934 4991/4991
f 4935/4935 4938/4938 4990/4990
f 4938/4938 4941/4941 4990/4990
f 4941/4941 4943/4943 4990/4990
f 4989/4989 4942/4942 4994/4994
f 4942/4942 4945/4945 4994/4994
f 4945/4945 4946/4946 4994/4994
f 4946/4946 4947/4947 4994/4994
f 4947/4947 4950/4950 4994/4994
f 4950/4950 4951/4951 4994/4994
f 4994/4994 4951/4951 4995/4995
f 4995/4995 4951/4951 4998/4998
f 4952/4952 4955/4955 4997/4997
f 4956/4956 4958/4958 4996/4996
f 5000/5000 4957/4957 5001/5001
f 5002/5002 4958/4958 5003/5003
f 4958/4958 4960/4960 5003/5003
f 5004/5004 4959/4959 5006/5006
f 4960/4960 4961/4961 5005/5005
f 4962/4962 4963/4963 5008/5008
f 5008/5008 4963/4963 5009/5009
f 5009/5009 4963/4963 5012/5012
f 4963/4963 4964/4964 5012/5012
f 4964/4964 4965/4965 5012/5012
f 4965/4965 4966/4966 5012/5012
f 4966/4966 4967/4967 5012/5012
f 4967/4967 4968/4968 5012/5012
f 5012/5012 4968/4968 5010/5010
f 4968/4968 4971/4971 5010/5010
f 4971/4971 4974/4974 5010/5010
f 4974/4974 4977/4977 5010/5010
f 5010/5010 4977/4977 5011/5011
f 4977/4977 4979/4979 5011/5011
f 5011/5011 4979/4979 5012/5012
f 5012/5012 4979/4979 5014/5014
f 4980/4980 4982/4982 5013/5013
f 5015/5015 4981/4981 5016/5016
f 5017/5017 4982/4982 5018/5018
f 4982/4982 4985/4985 5018/5018
f 5019/5019 4984/4984 5021/5021
f 4985/4985 4986/4986 5020/5020
f 4987/4987 4992/4992 5022/5022
f 5022/5022 4992/4992 5023/5023
f 5029/5029 5027/5027 5030/5030
f 5027/5027 4993/4993 5030/5030
f 5031/5031 4994/4994 5032/5032
f 4994/4994 4995/4995 5032/5032
f 5032/5032 4995/4995 5033/5033
f 4995/4995 4998/4998 5033/5033
f 5034/5034 4999/4999 5035/5035
f 4999/4999 5002/5002 5035/5035
f 5002/5002 5003/5003 5035/5035
f 5035/5035 5003/5003 5036/5036
f 5003/5003 5007/5007 5036/5036
f 5036/5036 5007/5007 5037/5037
f 5008/5008 5009/5009 5039/5039
f 5039/5039 5009/5009 5040/5040
f 5009/5009 5012/5012 5040/5040
f 5040/5040 5012/5012 5041/5041
f 5012/5012 5014/5014 5041/5041
f 5041/5041 5014/5014 5042/5042
f 5045/5045 5015/5015 5046/5046
f 5015/5015 5016/5016 5046/5046
f 5017/5017 5018/5018 5047/5047
f 5047/5047 5018/5018 5048/5048
f 5019/5019 5021/5021 5049/5049
f 5021/5021 5024/5024 5049/5049
f 5049/5049 5024/5024 5050/5050
f 5051/5051 5025/5025 5052/5052
f 5026/5026 5028/5028 5053/5053
f 5056/5056 5053/5053 5057/5057
f 5053/5053 5028/5028 5057/5057
f 5058/5058 5057/5057 5059/5059
f 5057/5057 5028/5028 5059/5059
f 5028/5028 5031/5031 5059/5059
f 5031/5031 5032/5032 5059/5059
f 5032/5032 5033/5033 5059/5059
f 5059/5059 5033/5033 5060/5060
f 5034/5034 5035/5035 5061/5061
f 5061/5061 5035/5035 5062/5062
f 5035/5035 5036/5036 5062/5062
f 5062/5062 5036/5036 5063/5063
f 5036/5036 5037/5037 5063/5063
f 5063/5063 5037/5037 5064/5064
f 5065/5065 5038/5038 5066/5066
f 5039/5039 5040/5040 5067/5067
f 5040/5040 5041/5041 5067/5067
f 5067/5067 5041/5041 5068/5068
f 5041/5041 5042/5042 5068/5068
f 5069/5069 5043/5043 5070/5070
f 5071/5071 5044/5044 5073/5073
f 5045/5045 5046/5046 5072/5072
f 5047/5047 5048/5048 5073/5073
f 5048/5048 5051/5051 5073/5073
f 5073/5073 5051/5051 5074/5074
f 5051/5051 5052/5052 5074/5074
f 5052/5052 5054/5054 5074/5074
f 5074/5074 5054/5054 5075/5075
f 5075/5075 5054/5054 5076/5076
f 5077/5077 5055/5055 5078/5078
f 5056/5056 5057/5057 5079/5079
f 5057/5057 5058/5058 5079/5079
f 5079/5079 5058/5058 5080/5080
f 5080/5080 5058/5058 5081/5081
f 5058/5058 5059/5059 5081/5081
f 5059/5059 5060/5060 5081/5081
f 5082/5082 5061/5061 5083/5083
f 5061/5061 5062/5062 5083/5083
f 5083/5083 5062/5062 5084/5084
f 5062/5062 5063/5063 5084/5084
f 5063/5063 5064/5064 5084/5084
f 5084/5084 5064/5064 5086/5086
f 5065/5065 5066/5066 5085/5085
f 5087/5087 5067/5067 5088/5088
f 5088/5088 5067/5067 5089/5089
f 5067/5067 5068/5068 5089/5089
f 5089/5089 5068/5068 5091/5091
f 5069/5069 5070/5070 5090/5090
f 5071/5071 5073/5073 5092/5092
f 5092/5092 5073/5073 5093/5093
f 5073/5073 5074/5074 5093/5093
f 5074/5074 5075/5075 5093/5093
f 5093/5093 5075/5075 5094/5094
f 5094/5094 5075/5075 5095/5095
f 5075/5075 5076/5076 5095/5095
f 5096/5096 5077/5077 5097/5097
f 5077/5077 5078/5078 5097/5097
f 5098/5098 5079/5079 5099/5099
f 5099/5099 5079/5079 5100/5100
f 5079/5079 5080/5080 5100/5100
f 5100/5100 5080/5080 5101/5101
f 5080/5080 5081/5081 5101/5101
f 5082/5082 5083/5083 5102/5102
f 5102/5102 5083/5083 5103/5103
f 5103/5103 5083/5083 5104/5104
f 5083/5083 5084/5084 5104/5104
f 5104/5104 5084/5084 5105/5105
f 5084/5084 5086/5086 5105/5105
f 5087/5087 5088/5088 5106/5106
f 5106/5106 5088/5088 5108/5108
f 5108/5108 5088/5088 5109/5109
f 5088/5088 5089/5089 5109/5109
f 5089/5089 5091/5091 5109/5109
f 5109/5109 5091/5091 5110/5110
f 5092/5092 5093/5093 5112/5112
f 5093/5093 5094/5094 5112/5112
f 5112/5112 5094/5094 5114/5114
f 5094/5094 5095/5095 5114/5114
f 5114/5114 5095/5095 5115/5115
f 5096/5096 5097/5097 5116/5116
f 5117/5117 5119/5119 5121/5121
f 5118/5118 5116/5116 5120/5120
f 5116/5116 5097/5097 5120/5120
f 5098/5098 5099/5099 5121/5121
f 5099/5099 5100/5100 5121/5121
f 5121/5121 5100/5100 5122/5122
f 5122/5122 5100/5100 5123/5123
f 5100/5100 5101/5101 5123/5123
f 5124/5124 5102/5102 5125/5125
f 5102/5102 5103/5103 5125/5125
f 5103/5103 5104/5104 5125/5125
f 5125/5125 5104/5104 5126/5126
f 5104/5104 5105/5105 5126/5126
f 5126/5126 5105/5105 5128/5128
f 5106/5106 5108/5108 5127/5127
f 5129/5129 5107/5107 5130/5130
f 5108/5108 5109/5109 5131/5131
f 5131/5131 5109/5109 5132/5132
f 5109/5109 5110/5110 5132/5132
f 5133/5133 5111/5111 5135/5135
f 5111/5111 5113/5113 5135/5135
f 5135/5135 5113/5113 5136/5136
f 5139/5139 5114/5114 5141/5141
f 5114/5114 5115/5115 5141/5141
f 5143/5143 5141/5141 5145/5145
f 5141/5141 5115/5115 5145/5145
f 5116/5116 5118/5118 5144/5144
f 5118/5118 5148/5148 5144/5144
f 5145/5145 5146/5146 5150/5150
f 5150/5150 5146/5146 5152/5152
f 5157/5157 5154/5154 5158/5158
f 5151/5151 5147/5147 5159/5159
f 5147/5147 5119/5119 5159/5159
f 5119/5119 5117/5117 5159/5159
f 5159/5159 5117/5117 5160/5160
f 5117/5117 5121/5121 5160/5160
f 5121/5121 5122/5122 5160/5160
f 5160/5160 5122/5122 5161/5161
f 5122/5122 5123/5123 5161/5161
f 5124/5124 5125/5125 5162/5162
f 5162/5162 5125/5125 5163/5163
f 5163/5163 5125/5125 5164/5164
f 5125/5125 5126/5126 5164/5164
f 5164/5164 5126/5126 5166/5166
f 5126/5126 5128/5128 5166/5166
f 5129/5129 5130/5130 5165/5165
f 5168/5168 5131/5131 5169/5169
f 5131/5131 5132/5132 5169/5169
f 5169/5169 5132/5132 5171/5171
f 5133/5133 5135/5135 5170/5170
f 5134/5134 5137/5137 5171/5171
f 5171/5171 5137/5137 5172/5172
f 5173/5173 5138/5138 5175/5175
f 5139/5139 5141/5141 5174/5174
f 5140/5140 5142/5142 5178/5178
f 5178/5178 5142/5142 5179/5179
f 5143/5143 5145/5145 5182/5182
f 5145/5145 5150/5150 5182/5182
f 5182/5182 5150/5150 5183/5183
f 5149/5149 5153/5153 5184/5184
f 5184/5184 5153/5153 5186/5186
f 5154/5154 5157/5157 5185/5185
f 5191/5191 5193/5193 5195/5195
f 5196/5196 5199/5199 5201/5201
f 5201/5201 5202/5202 5203/5203
f 5202/5202 5204/5204 5203/5203
f 5203/5203 5204/5204 5206/5206
f 5208/5208 5205/5205 5211/5211
f 5205/5205 5200/5200 5211/5211
f 5201/5201 5199/5199 5210/5210
f 5215/5215 5212/5212 5218/5218
f 5209/5209 5197/5197 5217/5217
f 5198/5198 5194/5194 5216/5216
f 5195/5195 5193/5193 5220/5220
f 5220/5220 5193/5193 5221/5221
f 5193/5193 5188/5188 5221/5221
f 5188/5188 5155/5155 5221/5221
f 5222/5222 5156/5156 5223/5223
f 5156/5156 5227/5227 5223/5223
f 5225/5225 5226/5226 5229/5229
f 5229/5229 5226/5226 5230/5230
f 5227/5227 5156/5156 5231/5231
f 5156/5156 5159/5159 5231/5231
f 5159/5159 5160/5160 5231/5231
f 5231/5231 5160/5160 5232/5232
f 5160/5160 5161/5161 5232/5232
f 5234/5234 5162/5162 5235/5235
f 5162/5162 5163/5163 5235/5235
f 5163/5163 5164/5164 5235/5235
f 5235/5235 5164/5164 5236/5236
f 5164/5164 5166/5166 5236/5236
f 5236/5236 5166/5166 5237/5237
f 5238/5238 5167/5167 5239/5239
f 5168/5168 5169/5169 5240/5240
f 5169/5169 5171/5171 5240/5240
f 5171/5171 5172/5172 5240/5240
f 5240/5240 5172/5172 5242/5242
f 5173/5173 5175/5175 5241/5241
f 5242/5242 5176/5176 5243/5243
f 5177/5177 5180/5180 5244/5244
f 5244/5244 5180/5180 5245/5245
f 5246/5246 5181/5181 5247/5247
f 5182/5182 5183/5183 5248/5248
f 5183/5183 5187/5187 5248/5248
f 5248/5248 5187/5187 5249/5249
f 5249/5249 5187/5187 5251/5251
f 5187/5187 5192/5192 5251/5251
f 5251/5251 5192/5192 5252/5252
f 5192/5192 5189/5189 5252/5252
f 5255/5255 5256/5256 5257/5257
f 5256/5256 5254/5254 5257/5257
f 5257/5257 5254/5254 5258/5258
f 5254/5254 5190/5190 5258/5258
f 5190/5190 5196/5196 5258/5258
f 5196/5196 5201/5201 5258/5258
f 5201/5201 5203/5203 5258/5258
f 5258/5258 5203/5203 5259/5259
f 5259/5259 5203/5203 5260/5260
f 5203/5203 5206/5206 5260/5260
f 5261/5261 5207/5207 5264/5264
f 5208/5208 5211/5211 5263/5263
f 5212/5212 5215/5215 5262/5262
f 5264/5264 5213/5213 5265/5265
f 5266/5266 5214/5214 5267/5267
f 5214/5214 5219/5219 5267/5267
f 5219/5219 5222/5222 5267/5267
f 5222/5222 5223/5223 5267/5267
f 5268/5268 5224/5224 5270/5270
f 5225/5225 5229/5229 5269/5269
f 5271/5271 5228/5228 5272/5272
f 5272/5272 5228/5228 5274/5274
f 5229/5229 5230/5230 5273/5273
f 5230/5230 5233/5233 5273/5273
f 5234/5234 5235/5235 5274/5274
f 5274/5274 5235/5235 5275/5275
f 5235/5235 5236/5236 5275/5275
f 5275/5275 5236/5236 5277/5277
f 5236/5236 5237/5237 5277/5277
f 5238/5238 5239/5239 5276/5276
f 5278/5278 5240/5240 5280/5280
f 5240/5240 5242/5242 5280/5280
f 5282/5282 5280/5280 5283/5283
f 5280/5280 5242/5242 5283/5283
f 5242/5242 5243/5243 5283/5283
f 5244/5244 5245/5245 5284/5284
f 5284/5284 5245/5245 5286/5286
f 5246/5246 5247/5247 5285/5285
f 5248/5248 5249/5249 5288/5288
f 5288/5288 5249/5249 5289/5289
f 5249/5249 5251/5251 5289/5289
f 5291/5291 5250/5250 5292/5292
f 5250/5250 5253/5253 5292/5292
f 5254/5254 5256/5256 5296/5296
f 5296/5296 5256/5256 5298/5298
f 5256/5256 5299/5299 5298/5298
f 5299/5299 5300/5300 5298/5298
f 5298/5298 5300/5300 5303/5303
f 5303/5303 5300/5300 5305/5305
f 5305/5305 5300/5300 5306/5306
f 5300/5300 5255/5255 5306/5306
f 5306/5306 5255/5255 5307/5307
f 5255/5255 5257/5257 5307/5307
f 5257/5257 5258/5258 5307/5307
f 5258/5258 5259/5259 5307/5307
f 5307/5307 5259/5259 5308/5308
f 5259/5259 5260/5260 5308/5308
f 5310/5310 5261/5261 5312/5312
f 5261/5261 5264/5264 5312/5312
f 5264/5264 5265/5265 5312/5312
f 5312/5312 5265/5265 5315/5315
f 5265/5265 5268/5268 5315/5315
f 5315/5315 5268/5268 5316/5316
f 5268/5268 5270/5270 5316/5316
f 5318/5318 5271/5271 5321/5321
f 5271/5271 5272/5272 5321/5321
f 5321/5321 5272/5272 5322/5322
f 5272/5272 5274/5274 5322/5322
f 5274/5274 5275/5275 5322/5322
f 5322/5322 5275/5275 5324/5324
f 5275/5275 5277/5277 5324/5324
f 5278/5278 5280/5280 5323/5323
f 5279/5279 5281/5281 5326/5326
f 5326/5326 5281/5281 5327/5327
f 5282/5282 5283/5283 5328/5328
f 5328/5328 5283/5283 5329/5329
f 5283/5283 5287/5287 5329/5329
f 5287/5287 5290/5290 5329/5329
f 5329/5329 5290/5290 5330/5330
f 5290/5290 5293/5293 5330/5330
f 5330/5330 5293/5293 5332/5332
f 5331/5331 5294/5294 5334/5334
f 5295/5295 5297/5297 5333/5333
f 5297/5297 5301/5301 5333/5333
f 5333/5333 5301/5301 5337/5337
f 5302/5302 5304/5304 5336/5336
f 5336/5336 5304/5304 5338/5338
f 5305/5305 5306/5306 5339/5339
f 5306/5306 5307/5307 5339/5339
f 5339/5339 5307/5307 5340/5340
f 5307/5307 5308/5308 5340/5340
f 5342/5342 5309/5309 5343/5343
f 5309/5309 5311/5311 5343/5343
f 5343/5343 5311/5311 5344/5344
f 5311/5311 5313/5313 5344/5344
f 5345/5345 5314/5314 5348/5348
f 5315/5315 5316/5316 5347/5347
f 5317/5317 5319/5319 5346/5346
f 5349/5349 5320/5320 5350/5350
f 5321/5321 5322/5322 5351/5351
f 5351/5351 5322/5322 5352/5352
f 5322/5322 5324/5324 5352/5352
f 5325/5325 5328/5328 5353/5353
f 5353/5353 5328/5328 5355/5355
f 5328/5328 5329/5329 5355/5355
f 5329/5329 5330/5330 5355/5355
f 5330/5330 5332/5332 5355/5355
f 5355/5355 5332/5332 5356/5356
f 5332/5332 5335/5335 5356/5356
f 5357/5357 5336/5336 5358/5358
f 5336/5336 5338/5338 5358/5358
f 5338/5338 5341/5341 5358/5358
f 5359/5359 5342/5342 5360/5360
f 5342/5342 5343/5343 5360/5360
f 5343/5343 5344/5344 5360/5360
f 5360/5360 5344/5344 5361/5361
f 5362/5362 5345/5345 5363/5363
f 5345/5345 5348/5348 5363/5363
f 5349/5349 5350/5350 5364/5364
f 5364/5364 5350/5350 5367/5367
f 5351/5351 5352/5352 5366/5366
f 5353/5353 5355/5355 5365/5365
f 5368/5368 5354/5354 5370/5370
f 5354/5354 5357/5357 5370/5370
f 5357/5357 5358/5358 5370/5370
f 5359/5359 5360/5360 5369/5369
f 5360/5360 5361/5361 5369/5369
f 5362/5362 5363/5363 5370/5370
f 5368/5368 5370/5370 5363/5363
f 4859/4859 4860/4860 4855/4855
f 4432/4432 4435/4435 4431/4431
f 4057/4057 4060/4060 4053/4053
f 3589/3589 3593/3593 3587/3587
f 3106/3106 3107/3107 3102/3102
f 2680/2680 2683/2683 2676/2676
f 2252/2252 2254/2254 2249/2249
f 1840/1840 1842/1842 1837/1837
f 1392/1392 1394/1394 1389/1389
f 906/906 908/908 902/902
f 481/481 485/485 480/480

