# https://github.com/mikedh/trimesh
mtllib material.mtl

o Cel Shaded Stripe Melon Mesh
usemtl Cel Shaded Stripe Melon Material
v 0.24707031 0.47167969 0.00488282
v 0.24707031 0.47363281 0.00488282
v 0.24902344 0.46972656 0.00683594
v 0.24902344 0.46972656 0.00683594
v 0.24902344 0.47363281 0.00683594
v 0.24902344 0.47363281 0.00683594
v 0.25097656 0.47167969 0.00878907
v 0.25097656 0.47558594 0.00878907
v 0.24902344 0.47753906 0.00683594
v 0.24902344 0.47753906 0.00683594
v 0.25097656 0.47753906 0.01074219
v 0.24902344 0.47949219 0.00878907
v 0.24902344 0.47949219 0.00878907
v 0.24707031 0.48339844 0.00683594
v 0.24707031 0.48339844 0.00683594
v 0.24511719 0.47949219 0.00488282
v 0.24511719 0.47558594 0.00292969
v 0.24511719 0.46972656 0.00292969
v 0.24121094 0.46777344 0.00488282
v 0.24316406 0.46582031 0.00683594
v 0.24707031 0.46582031 0.00878907
v 0.24707031 0.46582031 0.00878907
v 0.24902344 0.46777344 0.01074219
v 0.24902344 0.46777344 0.01464844
v 0.25097656 0.47167969 0.01464844
v 0.25292969 0.47558594 0.01464844
v 0.25097656 0.47949219 0.01464844
v 0.24902344 0.48339844 0.01269532
v 0.24511719 0.48535156 0.01269532
v 0.24316406 0.48535156 0.00878907
v 0.24316406 0.48535156 0.00878907
v 0.24121094 0.48144531 0.00683594
v 0.23925781 0.47753906 0.00488282
v 0.23925781 0.47363281 0.00292969
v 0.23339844 0.47167969 0.00683594
v 0.23535156 0.46582031 0.00683594
v 0.23730469 0.46191406 0.00878907
v 0.24121094 0.46191406 0.01269532
v 0.24511719 0.46191406 0.01660157
v 0.24511719 0.46191406 0.01660157
v 0.24707031 0.46582031 0.02050782
v 0.24902344 0.47167969 0.02246094
v 0.25097656 0.47558594 0.02246094
v 0.24902344 0.48144531 0.02246094
v 0.24707031 0.48535156 0.02050782
v 0.24316406 0.48730469 0.01660157
v 0.23925781 0.48730469 0.01269532
v 0.23925781 0.48730469 0.01269532
v 0.23535156 0.48339844 0.01074219
v 0.23339844 0.47753906 0.00683594
v 0.22558594 0.46972656 0.01269532
v 0.22753906 0.46386719 0.01464844
v 0.23144531 0.45996094 0.01660157
v 0.23535156 0.45800781 0.02050782
v 0.23535156 0.45800781 0.02050782
v 0.23925781 0.45996094 0.02441407
v 0.24316406 0.46386719 0.03027344
v 0.24511719 0.46972656 0.03222657
v 0.24511719 0.47558594 0.03222657
v 0.24316406 0.48144531 0.03222657
v 0.24121094 0.48730469 0.02832032
v 0.23730469 0.48925781 0.02441407
v 0.23339844 0.48730469 0.02050782
v 0.23339844 0.48730469 0.02050782
v 0.22949219 0.48339844 0.01660157
v 0.22753906 0.47753906 0.01464844
v 0.21777344 0.47558594 0.02441407
v 0.21582031 0.46972656 0.02441407
v 0.21777344 0.46386719 0.02636719
v 0.21972656 0.45800781 0.02832032
v 0.22558594 0.45800781 0.03222657
v 0.22558594 0.45800781 0.03222657
v 0.22949219 0.45800781 0.03808594
v 0.23339844 0.46386719 0.04199219
v 0.23535156 0.46972656 0.04394532
v 0.23535156 0.47558594 0.04589844
v 0.23339844 0.48339844 0.04394532
v 0.23144531 0.48730469 0.04003907
v 0.22753906 0.48925781 0.03613282
v 0.22167969 0.48730469 0.03222657
v 0.22167969 0.48730469 0.03222657
v 0.21972656 0.48339844 0.02832032
v 0.20410156 0.48339844 0.04199219
v 0.20214844 0.47558594 0.04003907
v 0.20214844 0.46972656 0.04003907
v 0.20214844 0.46386719 0.04199219
v 0.20410156 0.45996094 0.04589844
v 0.20800781 0.45800781 0.04980469
v 0.20800781 0.45800781 0.04980469
v 0.21386719 0.45996094 0.05566407
v 0.21777344 0.46386719 0.05957032
v 0.21972656 0.46972656 0.06152344
v 0.21972656 0.47753906 0.06152344
v 0.21777344 0.48339844 0.05957032
v 0.21582031 0.48730469 0.05566407
v 0.21191406 0.48925781 0.05175782
v 0.20800781 0.48730469 0.04589844
v 0.20800781 0.48730469 0.04589844
v 0.18652344 0.48535156 0.05761719
v 0.18261719 0.47753906 0.05371094
v 0.18261719 0.47167969 0.05566407
v 0.18261719 0.46582031 0.05761719
v 0.18457031 0.46191406 0.06152344
v 0.18847656 0.45996094 0.06738282
v 0.18847656 0.45996094 0.06738282
v 0.19238281 0.46191406 0.07324219
v 0.19238281 0.46191406 0.07324219
v 0.19628906 0.46582031 0.07714844
v 0.19824219 0.47363281 0.07910157
v 0.19824219 0.47949219 0.07910157
v 0.19824219 0.48535156 0.07714844
v 0.19433594 0.48925781 0.07128907
v 0.19238281 0.49121094 0.06738282
v 0.18847656 0.48925781 0.06152344
v 0.18847656 0.48925781 0.06152344
v 0.16503906 0.48730469 0.06738282
v 0.16503906 0.48730469 0.06738282
v 0.16503906 0.48144531 0.06542969
v 0.16503906 0.48144531 0.06542969
v 0.16308594 0.47363281 0.06542969
v 0.16308594 0.47363281 0.06542969
v 0.16308594 0.46777344 0.06933594
v 0.16308594 0.46777344 0.06933594
v 0.16308594 0.46386719 0.07324219
v 0.16308594 0.46386719 0.07324219
v 0.16503906 0.46191406 0.08105469
v 0.16503906 0.46191406 0.08105469
v 0.16894531 0.46582031 0.08691407
v 0.16894531 0.46582031 0.08691407
v 0.16894531 0.46582031 0.08691407
v 0.17089844 0.46972656 0.09277344
v 0.17089844 0.46972656 0.09277344
v 0.17285156 0.47753906 0.09472657
v 0.17285156 0.48339844 0.09472657
v 0.17285156 0.48339844 0.09472657
v 0.17285156 0.48925781 0.09082032
v 0.17285156 0.48925781 0.09082032
v 0.17089844 0.49316406 0.08496094
v 0.17089844 0.49316406 0.08496094
v 0.16894531 0.49511719 0.07910157
v 0.16894531 0.49511719 0.07910157
v 0.16699219 0.49316406 0.07324219
v 0.16699219 0.49316406 0.07324219
v 0.16699219 0.49316406 0.07324219
v 0.14550781 0.49121094 0.07128907
v 0.14550781 0.49121094 0.07128907
v 0.14550781 0.48339844 0.06933594
v 0.14550781 0.48339844 0.06933594
v 0.14550781 0.48339844 0.06933594
v 0.14355469 0.47753906 0.06933594
v 0.14355469 0.47167969 0.07128907
v 0.14355469 0.46777344 0.07714844
v 0.14160156 0.46582031 0.08300782
v 0.14160156 0.46582031 0.08300782
v 0.14160156 0.46972656 0.09082032
v 0.14160156 0.47363281 0.09667969
v 0.14160156 0.47363281 0.09667969
v 0.14160156 0.48144531 0.09863282
v 0.14160156 0.48144531 0.09863282
v 0.14355469 0.48730469 0.09863282
v 0.14355469 0.48730469 0.09863282
v 0.14355469 0.49316406 0.09472657
v 0.14355469 0.49316406 0.09472657
v 0.14355469 0.49707031 0.08886719
v 0.14355469 0.49707031 0.08886719
v 0.14550781 0.49707031 0.08300782
v 0.14550781 0.49511719 0.07714844
v 0.14550781 0.49511719 0.07714844
v 0.12207032 0.49707031 0.06933594
v 0.12402344 0.49316406 0.06542969
v 0.12597656 0.48535156 0.06152344
v 0.12597656 0.47949219 0.06347657
v 0.12597656 0.47949219 0.06347657
v 0.12597656 0.47167969 0.06542969
v 0.12402344 0.46777344 0.06933594
v 0.12207032 0.46777344 0.07519532
v 0.12011719 0.46972656 0.08105469
v 0.11621094 0.47558594 0.08496094
v 0.11425782 0.48144531 0.08886719
v 0.11425782 0.48925781 0.08886719
v 0.11425782 0.49511719 0.08691407
v 0.11621094 0.49902344 0.08105469
v 0.11816407 0.49902344 0.07519532
v 0.10058594 0.49511719 0.05175782
v 0.10449219 0.49121094 0.04980469
v 0.10839844 0.48339844 0.04785157
v 0.11035157 0.47558594 0.04785157
v 0.11230469 0.46972656 0.05175782
v 0.11230469 0.46972656 0.05175782
v 0.11035157 0.46582031 0.05566407
v 0.10839844 0.46191406 0.05957032
v 0.10253907 0.46386719 0.06542969
v 0.09667969 0.46972656 0.06933594
v 0.09277344 0.47558594 0.07128907
v 0.08886719 0.48339844 0.07128907
v 0.08886719 0.48925781 0.06933594
v 0.09082032 0.49511719 0.06542969
v 0.09472657 0.49707031 0.05957032
v 0.07324219 0.48730469 0.03808594
v 0.08105469 0.48535156 0.03027344
v 0.08691407 0.48144531 0.02832032
v 0.09277344 0.47363281 0.02832032
v 0.09863282 0.46777344 0.03027344
v 0.10058594 0.45996094 0.03417969
v 0.10058594 0.45996094 0.03417969
v 0.10253907 0.45410156 0.04003907
v 0.09863282 0.45214844 0.04589844
v 0.09082032 0.45214844 0.05175782
v 0.08105469 0.45605469 0.05371094
v 0.07519532 0.46191406 0.05566407
v 0.06933594 0.46972656 0.05371094
v 0.06738282 0.47753906 0.04980469
v 0.06933594 0.48339844 0.04394532
v 0.05175782 0.46777344 0.01855469
v 0.05175782 0.46777344 0.01855469
v 0.05761719 0.46972656 0.01269532
v 0.05761719 0.46972656 0.01269532
v 0.06347657 0.46777344 0.00878907
v 0.06347657 0.46777344 0.00878907
v 0.07128907 0.46386719 0.00683594
v 0.07128907 0.46386719 0.00683594
v 0.07910157 0.45800781 0.00878907
v 0.07910157 0.45800781 0.00878907
v 0.08691407 0.45214844 0.01074219
v 0.08691407 0.45214844 0.01074219
v 0.08691407 0.45214844 0.01074219
v 0.09277344 0.44433594 0.01855469
v 0.09277344 0.44433594 0.01855469
v 0.09277344 0.44433594 0.01855469
v 0.09472657 0.44042969 0.02636719
v 0.09082032 0.43652344 0.03417969
v 0.08300782 0.43652344 0.04003907
v 0.07128907 0.44042969 0.04199219
v 0.06152344 0.44628906 0.04199219
v 0.06152344 0.44628906 0.04199219
v 0.05371094 0.45410156 0.03808594
v 0.05371094 0.45410156 0.03808594
v 0.04980469 0.45996094 0.03222657
v 0.04980469 0.45996094 0.03222657
v 0.04980469 0.46582031 0.02441407
v 0.04980469 0.46582031 0.02441407
v 0.03808594 0.43847656 0.01074219
v 0.04003907 0.44042969 0.00292969
v 0.04394532 0.44042969 -0.00292968
v 0.05175782 0.44042969 -0.00488281
v 0.05957032 0.43847656 -0.00683593
v 0.06933594 0.43652344 -0.00292968
v 0.06933594 0.43652344 -0.00292968
v 0.07714844 0.43261719 0.00097657
v 0.07714844 0.43261719 0.00097657
v 0.08496094 0.42871094 0.00878907
v 0.08496094 0.42871094 0.00878907
v 0.08496094 0.42871094 0.00878907
v 0.08886719 0.42285156 0.01855469
v 0.08886719 0.42285156 0.01855469
v 0.08496094 0.42089844 0.02636719
v 0.08496094 0.42089844 0.02636719
v 0.07519532 0.42285156 0.03417969
v 0.07519532 0.42285156 0.03417969
v 0.06933594 0.40917969 0.03027344
v 0.06347657 0.42480469 0.03613282
v 0.06347657 0.42480469 0.03613282
v 0.05175782 0.42871094 0.03222657
v 0.05175782 0.42871094 0.03222657
v 0.04394532 0.43261719 0.02636719
v 0.04003907 0.43457031 0.01855469
v 0.03613282 0.41113281 0.01464844
v 0.03613282 0.41113281 0.00878907
v 0.03613282 0.41113281 0.00097657
v 0.04003907 0.41308594 -0.00488281
v 0.05175782 0.41503906 -0.00878906
v 0.06542969 0.41699219 -0.00878906
v 0.06542969 0.41699219 -0.00878906
v 0.07324219 0.41699219 -0.00292968
v 0.07324219 0.41699219 -0.00292968
v 0.08105469 0.41503906 0.00488282
v 0.08105469 0.41503906 0.00488282
v 0.08496094 0.41113281 0.01464844
v 0.08105469 0.40917969 0.02441407
v 0.07910157 0.39941406 0.02636719
v 0.06738282 0.39746094 0.03222657
v 0.05761719 0.40917969 0.03222657
v 0.04785157 0.40917969 0.02832032
v 0.04199219 0.41113281 0.02246094
v 0.03808594 0.39355469 0.01464844
v 0.03613282 0.39355469 0.00683594
v 0.03808594 0.39355469 0.00097657
v 0.04199219 0.39550781 -0.00488281
v 0.04589844 0.39746094 -0.00878906
v 0.05371094 0.40136719 -0.01269531
v 0.06347657 0.40527344 -0.01074218
v 0.06347657 0.40527344 -0.01074218
v 0.07324219 0.40527344 -0.00878906
v 0.08105469 0.40332031 -0.00097656
v 0.08496094 0.40136719 0.01269532
v 0.08496094 0.40136719 0.01269532
v 0.09863282 0.38769531 -0.06347656
v 0.10449219 0.38574219 -0.04980468
v 0.11230469 0.38378906 -0.06933594
v 0.12597656 0.37597656 -0.07910156
v 0.12011719 0.38183594 -0.05566406
v 0.11035157 0.38574219 -0.03417968
v 0.12792969 0.37988281 -0.04199218
v 0.11425782 0.38183594 -0.02050781
v 0.13183594 0.37597656 -0.02636718
v 0.13183594 0.37011719 0.00097657
v 0.13183594 0.37011719 -0.01269531
v 0.11425782 0.37792969 -0.00683593
v 0.10058594 0.38378906 0.00097657
v 0.10058594 0.38769531 -0.01464843
v 0.09667969 0.38769531 -0.03027343
v 0.09082032 0.38769531 -0.04589843
v 0.08691407 0.38964844 -0.05957031
v 0.08886719 0.39160156 -0.07519531
v 0.09667969 0.38769531 -0.07324219
v 0.10253907 0.38574219 -0.08300781
v 0.11425782 0.38378906 -0.10058594
v 0.11425782 0.38378906 -0.10058594
v 0.13183594 0.37207031 -0.08691406
v 0.13183594 0.37207031 -0.08691406
v 0.13964844 0.37597656 -0.06542969
v 0.14746094 0.37207031 -0.04980468
v 0.15136719 0.36816406 -0.03417968
v 0.15332031 0.36230469 -0.02050781
v 0.15332031 0.36035156 -0.00292968
v 0.15722656 0.36425781 0.01464844
v 0.15722656 0.36425781 0.01464844
v 0.15722656 0.36425781 0.01464844
v 0.13378906 0.37207031 0.01660157
v 0.15722656 0.36621094 0.03222657
v 0.15722656 0.36621094 0.03222657
v 0.12988281 0.37207031 0.04785157
v 0.15332031 0.36425781 0.04980469
v 0.15332031 0.36425781 0.04980469
v 0.13378906 0.37402344 0.03222657
v 0.13378906 0.37402344 0.03222657
v 0.11425782 0.37988281 0.02246094
v 0.11425782 0.37597656 0.00683594
v 0.10058594 0.38378906 0.01464844
v 0.10058594 0.38378906 0.01464844
v 0.08496094 0.39160156 0.02441407
v 0.08496094 0.39160156 0.02441407
v 0.08496094 0.39160156 0.02441407
v 0.08886719 0.39160156 0.00878907
v 0.08886719 0.39160156 0.00878907
v 0.06542969 0.38769531 0.03613282
v 0.06542969 0.38769531 0.03613282
v 0.05566407 0.39550781 0.03027344
v 0.04785157 0.39355469 0.02636719
v 0.04199219 0.39355469 0.02050782
v 0.04003907 0.37988281 0.01464844
v 0.03808594 0.36816406 0.01464844
v 0.03808594 0.36816406 0.01464844
v 0.03808594 0.37988281 0.00292969
v 0.04199219 0.38183594 -0.00488281
v 0.04199219 0.38183594 -0.00488281
v 0.04785157 0.38574219 -0.01074218
v 0.04785157 0.38574219 -0.01074218
v 0.05566407 0.39160156 -0.01660156
v 0.05566407 0.39160156 -0.01660156
v 0.05566407 0.39160156 -0.01660156
v 0.06347657 0.39550781 -0.01855468
v 0.07519532 0.39746094 -0.01660156
v 0.08300782 0.39355469 -0.01074218
v 0.08496094 0.39160156 -0.02832031
v 0.08105469 0.38964844 -0.04394531
v 0.07714844 0.39160156 -0.05957031
v 0.06738282 0.39355469 -0.07714844
v 0.07714844 0.39355469 -0.07714844
v 0.09472657 0.38964844 -0.09082031
v 0.09472657 0.38964844 -0.09082031
v 0.10449219 0.38769531 -0.11035156
v 0.10449219 0.38769531 -0.11035156
v 0.13183594 0.37402344 -0.12402344
v 0.14355469 0.36621094 -0.11035156
v 0.15527344 0.36230469 -0.09472656
v 0.16503906 0.36425781 -0.07910156
v 0.16503906 0.36425781 -0.07910156
v 0.17285156 0.36425781 -0.06152343
v 0.17285156 0.36425781 -0.06152343
v 0.17675781 0.35839844 -0.04394531
v 0.17675781 0.35839844 -0.04394531
v 0.17675781 0.35253906 -0.02636718
v 0.17675781 0.35253906 -0.02636718
v 0.17871094 0.35058594 -0.00683593
v 0.17871094 0.35058594 -0.00683593
v 0.18066406 0.35449219 0.01269532
v 0.18066406 0.35449219 0.01269532
v 0.18066406 0.35644531 0.03417969
v 0.18066406 0.35644531 0.03417969
v 0.17871094 0.35449219 0.05566407
v 0.17871094 0.35449219 0.05566407
v 0.14550781 0.35839844 0.07324219
v 0.14550781 0.35839844 0.07324219
v 0.17480469 0.34863281 0.07519532
v 0.17480469 0.34863281 0.07519532
v 0.14746094 0.35644531 0.08496094
v 0.14746094 0.35644531 0.08496094
v 0.13964844 0.35644531 0.10058594
v 0.13378906 0.36230469 0.08886719
v 0.12402344 0.37011719 0.06347657
v 0.10839844 0.37597656 0.06542969
v 0.11035157 0.37792969 0.05175782
v 0.11035157 0.37792969 0.05175782
v 0.11230469 0.37988281 0.03808594
v 0.11230469 0.37988281 0.03808594
v 0.11230469 0.37988281 0.03808594
v 0.09863282 0.38574219 0.03027344
v 0.09863282 0.38574219 0.03027344
v 0.07910157 0.38574219 0.04003907
v 0.07910157 0.38574219 0.04003907
v 0.06542969 0.38183594 0.04589844
v 0.05761719 0.38378906 0.03417969
v 0.05761719 0.38378906 0.03417969
v 0.04980469 0.38183594 0.03027344
v 0.04980469 0.38183594 0.03027344
v 0.04394532 0.37988281 0.02246094
v 0.04199219 0.37011719 0.02441407
v 0.04199219 0.37011719 0.02441407
v 0.03613282 0.36425781 0.02636719
v 0.03613282 0.36425781 0.02636719
v 0.03222657 0.36230469 0.01464844
v 0.03222657 0.36230469 0.01464844
v 0.03027344 0.36425781 0.00097657
v 0.03613282 0.37011719 0.00292969
v 0.03613282 0.37011719 0.00292969
v 0.03808594 0.37207031 -0.00878906
v 0.04589844 0.37792969 -0.01660156
v 0.04589844 0.37792969 -0.01660156
v 0.05371094 0.38183594 -0.02636718
v 0.05371094 0.38183594 -0.02636718
v 0.06152344 0.38964844 -0.02832031
v 0.07324219 0.39160156 -0.02832031
v 0.06933594 0.38964844 -0.04394531
v 0.06738282 0.39160156 -0.05957031
v 0.05957032 0.38964844 -0.05957031
v 0.05761719 0.39160156 -0.07910156
v 0.05957032 0.38964844 -0.10058594
v 0.05957032 0.38964844 -0.10058594
v 0.05957032 0.38964844 -0.10058594
v 0.07128907 0.39355469 -0.09863281
v 0.07128907 0.39355469 -0.09863281
v 0.08300782 0.39355469 -0.09472656
v 0.08300782 0.39355469 -0.09472656
v 0.09277344 0.38964844 -0.11621094
v 0.12011719 0.37988281 -0.13378906
v 0.13574219 0.36816406 -0.16113281
v 0.14941406 0.36230469 -0.14941406
v 0.16308594 0.35449219 -0.13378906
v 0.17675781 0.35058594 -0.11621094
v 0.17675781 0.35058594 -0.11621094
v 0.19042969 0.35253906 -0.09277344
v 0.19042969 0.35253906 -0.09277344
v 0.19824219 0.35253906 -0.07128906
v 0.19824219 0.35253906 -0.07128906
v 0.19824219 0.35253906 -0.07128906
v 0.20214844 0.34863281 -0.05175781
v 0.20410156 0.34472656 -0.03222656
v 0.20410156 0.34082031 -0.01074218
v 0.20605469 0.34472656 0.01269532
v 0.20605469 0.34863281 0.03613282
v 0.20214844 0.34472656 0.06152344
v 0.19628906 0.33886719 0.08496094
v 0.16699219 0.34863281 0.09667969
v 0.16699219 0.34863281 0.09667969
v 0.15722656 0.34667969 0.11816407
v 0.15722656 0.34667969 0.11816407
v 0.14355469 0.35253906 0.13769531
v 0.14355469 0.35253906 0.13769531
v 0.12792969 0.36230469 0.11816407
v 0.11621094 0.36816406 0.09863282
v 0.11035157 0.37402344 0.08105469
v 0.09277344 0.37792969 0.07324219
v 0.09277344 0.38183594 0.05761719
v 0.09277344 0.38183594 0.05761719
v 0.09472657 0.38378906 0.04394532
v 0.09472657 0.38378906 0.04394532
v 0.07714844 0.38378906 0.04980469
v 0.05566407 0.37792969 0.04785157
v 0.05566407 0.37792969 0.04785157
v 0.04785157 0.37207031 0.03613282
v 0.04785157 0.37207031 0.03613282
v 0.04785157 0.37207031 0.03613282
v 0.04003907 0.36816406 0.04003907
v 0.03222657 0.36816406 0.04003907
v 0.02636719 0.36425781 0.02832032
v 0.02441407 0.36230469 0.01464844
v 0.02441407 0.36230469 0.01464844
v 0.02246094 0.36230469 0.00292969
v 0.02050782 0.36816406 -0.00878906
v 0.02832032 0.36621094 -0.01074218
v 0.02832032 0.37207031 -0.02246093
v 0.03808594 0.37011719 -0.02246093
v 0.03417969 0.37597656 -0.03417968
v 0.03417969 0.37597656 -0.03417968
v 0.04589844 0.37597656 -0.03222656
v 0.04589844 0.37597656 -0.03222656
v 0.04003907 0.38183594 -0.04785156
v 0.04785157 0.38183594 -0.04589843
v 0.05566407 0.38574219 -0.04394531
v 0.05175782 0.38769531 -0.06152343
v 0.04980469 0.38964844 -0.07910156
v 0.04980469 0.38964844 -0.07910156
v 0.04980469 0.38964844 -0.10058594
v 0.04980469 0.38964844 -0.10058594
v 0.04980469 0.38574219 -0.12597656
v 0.06347657 0.38574219 -0.12597656
v 0.06347657 0.38574219 -0.12597656
v 0.07714844 0.38964844 -0.12207031
v 0.07714844 0.38964844 -0.12207031
v 0.08691407 0.38183594 -0.14941406
v 0.08691407 0.38183594 -0.14941406
v 0.10449219 0.38378906 -0.14355469
v 0.11816407 0.37207031 -0.17089844
v 0.13183594 0.35644531 -0.20214844
v 0.15136719 0.35253906 -0.18847656
v 0.16894531 0.34667969 -0.17480469
v 0.18457031 0.34082031 -0.15722656
v 0.18457031 0.34082031 -0.15722656
v 0.20214844 0.33691406 -0.13378906
v 0.20214844 0.33691406 -0.13378906
v 0.20800781 0.32324219 -0.17871094
v 0.20800781 0.32324219 -0.17871094
v 0.22753906 0.31933594 -0.15527344
v 0.23144531 0.30175781 -0.20214844
v 0.23144531 0.30175781 -0.20214844
v 0.25292969 0.29980469 -0.17480469
v 0.25292969 0.29980469 -0.17480469
v 0.25292969 0.27636719 -0.22558594
v 0.27636719 0.27441406 -0.19628906
v 0.27441406 0.24707031 -0.24902344
v 0.29980469 0.24511719 -0.21777344
v 0.29199219 0.21191406 -0.26855469
v 0.31933594 0.20996094 -0.23535156
v 0.34277344 0.20996094 -0.19824219
v 0.32128906 0.24511719 -0.18261719
v 0.29785156 0.27636719 -0.16308594
v 0.27050781 0.30175781 -0.14550781
v 0.27050781 0.30175781 -0.14550781
v 0.24316406 0.32128906 -0.12792969
v 0.21582031 0.33886719 -0.11035156
v 0.22558594 0.34082031 -0.08496094
v 0.23144531 0.33886719 -0.06152343
v 0.23144531 0.33496094 -0.03808593
v 0.23144531 0.33105469 -0.01269531
v 0.23339844 0.33496094 0.01269532
v 0.23339844 0.33691406 0.04003907
v 0.22753906 0.33300781 0.06738282
v 0.22167969 0.32910156 0.09472657
v 0.18847656 0.33886719 0.11035157
v 0.17675781 0.33886719 0.13378906
v 0.17675781 0.33886719 0.13378906
v 0.16308594 0.34277344 0.15527344
v 0.16308594 0.34277344 0.15527344
v 0.16308594 0.34277344 0.15527344
v 0.14550781 0.34667969 0.17285156
v 0.12792969 0.34667969 0.18652344
v 0.12988281 0.35644531 0.15136719
v 0.12988281 0.35644531 0.15136719
v 0.11621094 0.36621094 0.12988281
v 0.11621094 0.36621094 0.12988281
v 0.10449219 0.37207031 0.10839844
v 0.09667969 0.37597656 0.08886719
v 0.07910157 0.37988281 0.07910157
v 0.07714844 0.38183594 0.06347657
v 0.07714844 0.38183594 0.06347657
v 0.06152344 0.37988281 0.06542969
v 0.04589844 0.37402344 0.05175782
v 0.03613282 0.37207031 0.05175782
v 0.02441407 0.37402344 0.05175782
v 0.02441407 0.37402344 0.05175782
v 0.02050782 0.37011719 0.04003907
v 0.02050782 0.37011719 0.04003907
v 0.01660157 0.36816406 0.02832032
v 0.01660157 0.36816406 0.02832032
v 0.01464844 0.36425781 0.01660157
v 0.01269532 0.36621094 0.00488282
v 0.01269532 0.37207031 -0.00488281
v 0.01074219 0.37988281 -0.01464843
v 0.02050782 0.37597656 -0.01855468
v 0.02636719 0.37988281 -0.03222656
v 0.03222657 0.38574219 -0.04394531
v 0.03222657 0.38574219 -0.04394531
v 0.03027344 0.39550781 -0.05761718
v 0.03027344 0.39550781 -0.05761718
v 0.03808594 0.38964844 -0.05957031
v 0.04394532 0.38769531 -0.06152343
v 0.04199219 0.39160156 -0.07714844
v 0.04199219 0.39160156 -0.07714844
v 0.03808594 0.38964844 -0.10058594
v 0.03808594 0.38574219 -0.12597656
v 0.05371094 0.37792969 -0.15722656
v 0.07128907 0.37988281 -0.15332031
v 0.07128907 0.37988281 -0.15332031
v 0.07910157 0.36816406 -0.18652344
v 0.09863282 0.37011719 -0.18066406
v 0.09863282 0.37011719 -0.18066406
v 0.11035157 0.35644531 -0.21191406
v 0.11035157 0.35644531 -0.21191406
v 0.14550781 0.33691406 -0.23144531
v 0.14550781 0.33691406 -0.23144531
v 0.16894531 0.33496094 -0.21777344
v 0.18847656 0.32910156 -0.20019531
v 0.20800781 0.30566406 -0.22558594
v 0.20800781 0.30566406 -0.22558594
v 0.20800781 0.30566406 -0.22558594
v 0.22753906 0.28027344 -0.25097656
v 0.22753906 0.28027344 -0.25097656
v 0.24707031 0.24902344 -0.27636719
v 0.26074219 0.21386719 -0.29785156
v 0.27246094 0.17480469 -0.31738281
v 0.30371094 0.17285156 -0.28613281
v 0.27832031 0.13378906 -0.33300781
v 0.31542969 0.13183594 -0.30175781
v 0.28417969 0.09277344 -0.34472656
v 0.32128906 0.08886719 -0.31347656
v 0.28613281 0.04980469 -0.35449219
v 0.32519531 0.04589844 -0.32324219
v 0.28808594 0.00878907 -0.36425781
v 0.28808594 0.00878907 -0.36425781
v 0.32910156 0.00488282 -0.33105469
v 0.32910156 0.00488282 -0.33105469
v 0.28808594 -0.03417968 -0.37207031
v 0.28808594 -0.03417968 -0.37207031
v 0.33105469 -0.03808593 -0.33886719
v 0.33105469 -0.03808593 -0.33886719
v 0.33105469 -0.03808593 -0.33886719
v 0.28613281 -0.07714844 -0.37597656
v 0.32910156 -0.08300781 -0.34472656
v 0.32910156 -0.08300781 -0.34472656
v 0.28222656 -0.12207031 -0.37597656
v 0.32324219 -0.12597656 -0.34472656
v 0.32324219 -0.12597656 -0.34472656
v 0.27636719 -0.16699219 -0.37011719
v 0.31738281 -0.17089844 -0.34082031
v 0.31738281 -0.17089844 -0.34082031
v 0.27050781 -0.20996094 -0.35839844
v 0.31152344 -0.21386719 -0.33105469
v 0.31152344 -0.21386719 -0.33105469
v 0.26464844 -0.25292969 -0.34472656
v 0.26464844 -0.25292969 -0.34472656
v 0.20996094 -0.36425781 -0.30371094
v 0.23925781 -0.32519531 -0.31542969
v 0.23925781 -0.32519531 -0.31542969
v 0.23925781 -0.32519531 -0.31542969
v 0.23925781 -0.32519531 -0.31542969
v 0.22949219 -0.36621094 -0.28417969
v 0.22949219 -0.36621094 -0.28417969
v 0.26464844 -0.32910156 -0.29003906
v 0.26464844 -0.32910156 -0.29003906
v 0.25683594 -0.29003906 -0.32714844
v 0.25683594 -0.29003906 -0.32714844
v 0.29199219 -0.29394531 -0.29980469
v 0.30566406 -0.25488281 -0.31542969
v 0.30566406 -0.25488281 -0.31542969
v 0.34863281 -0.21777344 -0.29589844
v 0.35839844 -0.17480469 -0.30566406
v 0.36425781 -0.13183594 -0.30957031
v 0.37011719 -0.08691406 -0.30761719
v 0.37011719 -0.04394531 -0.30175781
v 0.37011719 -0.04394531 -0.30175781
v 0.36816406 -0.00097656 -0.29394531
v 0.36816406 -0.00097656 -0.29394531
v 0.36230469 0.04199219 -0.28613281
v 0.35449219 0.08496094 -0.27636719
v 0.34667969 0.12792969 -0.26660156
v 0.33496094 0.17089844 -0.25292969
v 0.35839844 0.16894531 -0.21386719
v 0.37988281 0.17089844 -0.17089844
v 0.36035156 0.20996094 -0.15917969
v 0.33886719 0.24707031 -0.14550781
v 0.31347656 0.27832031 -0.12792969
v 0.28417969 0.30371094 -0.11230469
v 0.28417969 0.30371094 -0.11230469
v 0.25488281 0.32519531 -0.09863281
v 0.26074219 0.32519531 -0.06933594
v 0.26269531 0.32128906 -0.04394531
v 0.26269531 0.31933594 -0.01464843
v 0.26269531 0.32128906 0.01464844
v 0.26074219 0.32324219 0.04394532
v 0.25488281 0.32128906 0.07324219
v 0.24902344 0.31933594 0.10449219
v 0.21386719 0.32910156 0.12207032
v 0.20019531 0.32910156 0.14941406
v 0.20019531 0.32910156 0.14941406
v 0.18261719 0.33105469 0.17285156
v 0.16308594 0.33496094 0.19238281
v 0.14355469 0.33691406 0.20800781
v 0.12207032 0.33300781 0.22363281
v 0.11035157 0.34277344 0.20019531
v 0.09863282 0.35449219 0.17675781
v 0.11425782 0.35839844 0.16503906
v 0.10253907 0.36816406 0.14160156
v 0.09082032 0.37402344 0.11816407
v 0.09082032 0.37402344 0.11816407
v 0.08300782 0.37792969 0.09667969
v 0.06933594 0.37597656 0.10058594
v 0.06347657 0.37988281 0.08300782
v 0.06347657 0.37988281 0.08300782
v 0.04980469 0.37792969 0.06542969
v 0.04003907 0.37597656 0.06542969
v 0.02636719 0.37597656 0.06347657
v 0.01269532 0.37988281 0.04980469
v 0.01269532 0.37988281 0.04980469
v 0.00878907 0.37597656 0.03808594
v 0.00683594 0.37402344 0.02832032
v 0.00292969 0.37011719 0.01855469
v 0.00292969 0.37207031 0.00878907
v 0.00097657 0.37597656 -0.00097656
v 0.00097657 0.37597656 -0.00097656
v 0.00292969 0.38183594 -0.00878906
v 0.00292969 0.38183594 -0.00878906
v 0.00292969 0.38769531 -0.01660156
v 0.00292969 0.38769531 -0.01660156
v 0.00292969 0.38769531 -0.01660156
v 0.01074219 0.38574219 -0.02246093
v 0.01074219 0.38574219 -0.02246093
v 0.01855469 0.38378906 -0.02636718
v 0.01855469 0.39160156 -0.03613281
v 0.01855469 0.39160156 -0.03613281
v 0.02636719 0.38964844 -0.04003906
v 0.02636719 0.38964844 -0.04003906
v 0.02246094 0.39941406 -0.05175781
v 0.02246094 0.39941406 -0.05175781
v 0.02246094 0.39941406 -0.05175781
v 0.01464844 0.40332031 -0.06933594
v 0.02441407 0.39941406 -0.07324219
v 0.03417969 0.39550781 -0.07714844
v 0.03417969 0.39550781 -0.07714844
v 0.02832032 0.39550781 -0.09863281
v 0.02441407 0.39160156 -0.12597656
v 0.03613282 0.38183594 -0.15917969
v 0.05761719 0.36816406 -0.19042969
v 0.08691407 0.35449219 -0.21972656
v 0.12011719 0.33691406 -0.24316406
v 0.12011719 0.33691406 -0.24316406
v 0.15917969 0.31347656 -0.26269531
v 0.15917969 0.31347656 -0.26269531
v 0.18457031 0.31152344 -0.24511719
v 0.20214844 0.28417969 -0.27441406
v 0.20214844 0.28417969 -0.27441406
v 0.21582031 0.25292969 -0.29980469
v 0.22753906 0.21777344 -0.32324219
v 0.23535156 0.17871094 -0.34277344
v 0.24121094 0.13769531 -0.36035156
v 0.24121094 0.13769531 -0.36035156
v 0.24316406 0.09667969 -0.37207031
v 0.24316406 0.09667969 -0.37207031
v 0.24511719 0.05566407 -0.38378906
v 0.24511719 0.05566407 -0.38378906
v 0.24511719 0.01269532 -0.39160156
v 0.24511719 0.01269532 -0.39160156
v 0.24511719 0.01269532 -0.39160156
v 0.24511719 -0.03027343 -0.39941406
v 0.24511719 -0.03027343 -0.39941406
v 0.24316406 -0.07519531 -0.40332031
v 0.23925781 -0.12011719 -0.40332031
v 0.23339844 -0.16503906 -0.39746094
v 0.22753906 -0.20800781 -0.38574219
v 0.22167969 -0.25097656 -0.37207031
v 0.21582031 -0.29003906 -0.35449219
v 0.21582031 -0.29003906 -0.35449219
v 0.20410156 -0.32714844 -0.33691406
v 0.19042969 -0.36621094 -0.31738281
v 0.16894531 -0.40527344 -0.28808594
v 0.19238281 -0.40527344 -0.27050781
v 0.19238281 -0.40527344 -0.27050781
v 0.21386719 -0.40722656 -0.25097656
v 0.23535156 -0.41308594 -0.22949219
v 0.25097656 -0.37597656 -0.25488281
v 0.28417969 -0.33886719 -0.26464844
v 0.28417969 -0.33886719 -0.26464844
v 0.31542969 -0.30175781 -0.27050781
v 0.33496094 -0.26074219 -0.28417969
v 0.37792969 -0.22167969 -0.25683594
v 0.39160156 -0.17871094 -0.26269531
v 0.39941406 -0.13574219 -0.26464844
v 0.40527344 -0.09082031 -0.26269531
v 0.40527344 -0.04785156 -0.25683594
v 0.39941406 -0.00488281 -0.24902344
v 0.39941406 -0.00488281 -0.24902344
v 0.39355469 0.04003907 -0.24121094
v 0.38378906 0.08496094 -0.23339844
v 0.37402344 0.12792969 -0.22558594
v 0.39550781 0.12988281 -0.18066406
v 0.41113281 0.13183594 -0.13183594
v 0.39355469 0.17285156 -0.12597656
v 0.37402344 0.21191406 -0.11621094
v 0.35058594 0.24707031 -0.10449219
v 0.32324219 0.28027344 -0.09277344
v 0.32324219 0.28027344 -0.09277344
v 0.29199219 0.30566406 -0.08105469
v 0.29199219 0.30566406 -0.08105469
v 0.29589844 0.30371094 -0.04980468
v 0.29394531 0.30175781 -0.01660156
v 0.29394531 0.30371094 0.01464844
v 0.29199219 0.30566406 0.04785157
v 0.28613281 0.30371094 0.08105469
v 0.27832031 0.30371094 0.11425782
v 0.23925781 0.31933594 0.13574219
v 0.22363281 0.31933594 0.16503906
v 0.22363281 0.31933594 0.16503906
v 0.20410156 0.31933594 0.19042969
v 0.18261719 0.32128906 0.21191406
v 0.15917969 0.32324219 0.22949219
v 0.13574219 0.31933594 0.24707031
v 0.08105469 0.32519531 0.24707031
v 0.11230469 0.31347656 0.26074219
v 0.10058594 0.32714844 0.23730469
v 0.09277344 0.33886719 0.21386719
v 0.08300782 0.35058594 0.18457031
v 0.06933594 0.36035156 0.15332031
v 0.08886719 0.36425781 0.14941406
v 0.07714844 0.37207031 0.12402344
v 0.07714844 0.37207031 0.12402344
v 0.05371094 0.37597656 0.10253907
v 0.05371094 0.37597656 0.10253907
v 0.05175782 0.37792969 0.08300782
v 0.05175782 0.37792969 0.08300782
v 0.03808594 0.37597656 0.08105469
v 0.02636719 0.37792969 0.07910157
v 0.01464844 0.37988281 0.06152344
v 0.01464844 0.37988281 0.06152344
v -0.00097656 0.38574219 0.05957032
v -0.00097656 0.38574219 0.04785157
v -0.00488281 0.38378906 0.03613282
v -0.00683593 0.37988281 0.02832032
v -0.00683593 0.37988281 0.02832032
v -0.01074218 0.37597656 0.01855469
v -0.01074218 0.37597656 0.01855469
v -0.01074218 0.37597656 0.01074219
v -0.01074218 0.37597656 0.01074219
v -0.01074218 0.37988281 0.00488282
v -0.01074218 0.37988281 0.00488282
v -0.01074218 0.38574219 -0.00292968
v -0.00878906 0.38964844 -0.00878906
v -0.00878906 0.39160156 -0.01464843
v -0.00683593 0.39550781 -0.02050781
v -0.00683593 0.39550781 -0.02050781
v 0.00097657 0.39355469 -0.02636718
v 0.00097657 0.39355469 -0.02636718
v 0.00878907 0.39355469 -0.03027343
v 0.00878907 0.39355469 -0.03027343
v 0.01269532 0.40136719 -0.04785156
v 0.00292969 0.40527344 -0.06347656
v 0.00488282 0.40332031 -0.09082031
v 0.01660157 0.39941406 -0.09667969
v 0.00878907 0.39550781 -0.12402344
v 0.01855469 0.38574219 -0.15722656
v 0.03417969 0.37207031 -0.19433594
v 0.05957032 0.35449219 -0.22558594
v 0.09277344 0.33496094 -0.25292969
v 0.12988281 0.31347656 -0.27636719
v 0.17089844 0.28808594 -0.29199219
v 0.17089844 0.28808594 -0.29199219
v 0.17089844 0.28808594 -0.29199219
v 0.18261719 0.25683594 -0.32128906
v 0.18261719 0.25683594 -0.32128906
v 0.18261719 0.25683594 -0.32128906
v 0.19042969 0.22167969 -0.34472656
v 0.19042969 0.22167969 -0.34472656
v 0.19628906 0.18261719 -0.36621094
v 0.19628906 0.18261719 -0.36621094
v 0.20019531 0.14355469 -0.38378906
v 0.20214844 0.10058594 -0.39550781
v 0.20214844 0.10058594 -0.39550781
v 0.20214844 0.05957032 -0.40722656
v 0.20214844 0.05957032 -0.40722656
v 0.20214844 0.01660157 -0.41503906
v 0.20214844 -0.02636718 -0.42285156
v 0.20214844 -0.02636718 -0.42285156
v 0.20019531 -0.07128906 -0.42675781
v 0.19628906 -0.11621094 -0.42480469
v 0.19042969 -0.16113281 -0.42089844
v 0.18457031 -0.20605469 -0.40917969
v 0.17871094 -0.24707031 -0.39550781
v 0.17480469 -0.28808594 -0.37988281
v 0.16699219 -0.32714844 -0.35839844
v 0.16699219 -0.32714844 -0.35839844
v 0.15527344 -0.36621094 -0.33496094
v 0.13769531 -0.39941406 -0.31542969
v 0.10253907 -0.39550781 -0.33105469
v 0.09082032 -0.42675781 -0.30566406
v 0.12207032 -0.42871094 -0.29199219
v 0.14941406 -0.43652344 -0.27246094
v 0.17480469 -0.43652344 -0.24902344
v 0.17480469 -0.43652344 -0.24902344
v 0.19824219 -0.44042969 -0.22753906
v 0.22167969 -0.44042969 -0.20605469
v 0.24316406 -0.44238281 -0.18066406
v 0.26074219 -0.41503906 -0.20019531
v 0.27636719 -0.38574219 -0.21972656
v 0.27636719 -0.38574219 -0.21972656
v 0.30371094 -0.34863281 -0.23339844
v 0.30371094 -0.34863281 -0.23339844
v 0.33496094 -0.30761719 -0.23925781
v 0.36035156 -0.26464844 -0.24707031
v 0.40136719 -0.22363281 -0.21191406
v 0.41699219 -0.18066406 -0.21582031
v 0.42675781 -0.13574219 -0.21582031
v 0.43066406 -0.09277344 -0.21191406
v 0.42871094 -0.04980468 -0.20410156
v 0.42871094 -0.04980468 -0.20410156
v 0.42480469 -0.00683593 -0.19628906
v 0.41699219 0.04003907 -0.19238281
v 0.40722656 0.08496094 -0.18652344
v 0.42285156 0.08886719 -0.13574219
v 0.43261719 0.09082032 -0.08496094
v 0.42089844 0.13378906 -0.08300781
v 0.40332031 0.17480469 -0.07910156
v 0.38183594 0.21386719 -0.07128906
v 0.35644531 0.24902344 -0.06347656
v 0.32714844 0.27832031 -0.05761718
v 0.32714844 0.27832031 -0.05761718
v 0.32714844 0.27832031 -0.02050781
v 0.32714844 0.27832031 -0.02050781
v 0.32519531 0.27832031 0.01464844
v 0.32324219 0.28027344 0.05175782
v 0.31738281 0.28027344 0.08691407
v 0.30761719 0.28027344 0.12402344
v 0.26660156 0.30371094 0.14746094
v 0.25097656 0.30371094 0.17871094
v 0.25097656 0.30371094 0.17871094
v 0.22753906 0.30371094 0.20800781
v 0.20410156 0.30566406 0.23144531
v 0.17871094 0.30371094 0.25097656
v 0.15136719 0.30175781 0.26855469
v 0.12402344 0.29785156 0.28613281
v 0.08886719 0.31152344 0.27441406
v 0.06738282 0.32519531 0.25097656
v 0.07714844 0.33496094 0.22167969
v 0.06347657 0.33886719 0.22167969
v 0.05957032 0.34863281 0.19628906
v 0.04199219 0.36230469 0.18652344
v 0.04785157 0.36621094 0.15527344
v 0.04980469 0.36816406 0.13183594
v 0.03613282 0.37792969 0.12597656
v 0.03613282 0.37597656 0.10253907
v 0.03613282 0.37597656 0.10253907
v 0.03613282 0.37597656 0.10253907
v 0.02441407 0.38183594 0.09863282
v 0.02441407 0.38183594 0.09863282
v 0.01269532 0.38183594 0.07519532
v -0.00097656 0.38574219 0.07324219
v -0.00097656 0.38574219 0.07324219
v -0.01855468 0.39160156 0.05761719
v -0.02050781 0.39160156 0.04589844
v -0.02441406 0.38769531 0.03613282
v -0.02441406 0.38769531 0.03613282
v -0.02636718 0.38378906 0.02832032
v -0.02636718 0.38378906 0.02832032
v -0.02832031 0.37988281 0.02050782
v -0.02832031 0.37988281 0.02050782
v -0.02832031 0.38183594 0.01464844
v -0.02832031 0.38574219 0.00878907
v -0.02636718 0.38964844 0.00292969
v -0.02441406 0.39355469 -0.00292968
v -0.02246093 0.39746094 -0.01074218
v -0.02050781 0.39941406 -0.01660156
v -0.02246093 0.40136719 -0.02636718
v -0.02246093 0.40136719 -0.02636718
v -0.01074218 0.39941406 -0.03222656
v -0.01074218 0.39941406 -0.03222656
v -0.00488281 0.40136719 -0.03613281
v 0.00292969 0.40136719 -0.04199218
v -0.00683593 0.40527344 -0.05761718
v -0.00878906 0.40527344 -0.08496094
v -0.00683593 0.40136719 -0.12011719
v 0.00097657 0.39160156 -0.15527344
v 0.01269532 0.37792969 -0.19433594
v 0.03222657 0.35839844 -0.22949219
v 0.06152344 0.33496094 -0.26074219
v 0.09863282 0.31347656 -0.28613281
v 0.13964844 0.28808594 -0.30566406
v 0.13964844 0.28808594 -0.30566406
v 0.14550781 0.25878906 -0.33691406
v 0.14550781 0.25878906 -0.33691406
v 0.15136719 0.22363281 -0.36230469
v 0.15527344 0.18652344 -0.38183594
v 0.15722656 0.14550781 -0.40136719
v 0.15917969 0.10449219 -0.41503906
v 0.15917969 0.06152344 -0.42675781
v 0.15722656 0.01855469 -0.43457031
v 0.15722656 0.01855469 -0.43457031
v 0.15722656 -0.02441406 -0.44042969
v 0.15722656 -0.02441406 -0.44042969
v 0.15527344 -0.06933594 -0.44433594
v 0.14941406 -0.11425781 -0.44433594
v 0.14550781 -0.15917969 -0.43847656
v 0.13964844 -0.20214844 -0.42871094
v 0.13378906 -0.24511719 -0.41503906
v 0.12988281 -0.28613281 -0.39941406
v 0.12402344 -0.32324219 -0.37792969
v 0.12402344 -0.32324219 -0.37792969
v 0.11621094 -0.36035156 -0.35449219
v 0.06542969 -0.39160156 -0.34082031
v 0.05761719 -0.42480469 -0.31542969
v 0.02636719 -0.42480469 -0.32128906
v 0.04785157 -0.45410156 -0.28808594
v 0.07714844 -0.45410156 -0.28027344
v 0.10253907 -0.45605469 -0.26660156
v 0.12792969 -0.45800781 -0.25097656
v 0.15136719 -0.46191406 -0.23144531
v 0.15136719 -0.46191406 -0.23144531
v 0.15136719 -0.46191406 -0.23144531
v 0.17285156 -0.46582031 -0.21191406
v 0.19433594 -0.46777344 -0.18847656
v 0.21582031 -0.46777344 -0.16699219
v 0.20410156 -0.48730469 -0.12792969
v 0.23535156 -0.46972656 -0.14160156
v 0.26269531 -0.44238281 -0.15332031
v 0.28222656 -0.41699219 -0.16699219
v 0.30175781 -0.38964844 -0.18457031
v 0.30175781 -0.38964844 -0.18457031
v 0.32519531 -0.35253906 -0.19824219
v 0.32519531 -0.35253906 -0.19824219
v 0.35449219 -0.31152344 -0.20410156
v 0.37988281 -0.26660156 -0.20800781
v 0.39746094 -0.26660156 -0.16699219
v 0.41894531 -0.22363281 -0.16699219
v 0.43457031 -0.17871094 -0.16699219
v 0.44238281 -0.13574219 -0.16699219
v 0.44628906 -0.09082031 -0.16503906
v 0.44433594 -0.04980468 -0.15136719
v 0.44433594 -0.04980468 -0.15136719
v 0.44042969 -0.00488281 -0.13769531
v 0.43261719 0.04199219 -0.13769531
v 0.44238281 0.04589844 -0.08300781
v 0.43652344 0.09277344 -0.03417968
v 0.42285156 0.13574219 -0.03417968
v 0.40527344 0.17480469 -0.03222656
v 0.38378906 0.21386719 -0.02832031
v 0.35839844 0.24902344 -0.02441406
v 0.35644531 0.24902344 0.01464844
v 0.35644531 0.24902344 0.01464844
v 0.35253906 0.24902344 0.05566407
v 0.35253906 0.24902344 0.05566407
v 0.34472656 0.24902344 0.09472657
v 0.33496094 0.25097656 0.13378906
v 0.32128906 0.25097656 0.17089844
v 0.32128906 0.25097656 0.17089844
v 0.29394531 0.28222656 0.15917969
v 0.29394531 0.28222656 0.15917969
v 0.29394531 0.28222656 0.15917969
v 0.27636719 0.28222656 0.19433594
v 0.27636719 0.28222656 0.19433594
v 0.25292969 0.28222656 0.22558594
v 0.25292969 0.28222656 0.22558594
v 0.22558594 0.28222656 0.25097656
v 0.22558594 0.28222656 0.25097656
v 0.19824219 0.28222656 0.27441406
v 0.16699219 0.27832031 0.29199219
v 0.13769531 0.27441406 0.30957031
v 0.09863282 0.29394531 0.29980469
v 0.07128907 0.29199219 0.30957031
v 0.06738282 0.31152344 0.28222656
v 0.05566407 0.32910156 0.25292969
v 0.05175782 0.34277344 0.22167969
v 0.03417969 0.35644531 0.21777344
v 0.02246094 0.37402344 0.18457031
v 0.03027344 0.37792969 0.15527344
v 0.01269532 0.38378906 0.15332031
v 0.02246094 0.38574219 0.12597656
v 0.01269532 0.38769531 0.09472657
v 0.01269532 0.38769531 0.09472657
v -0.00097656 0.38964844 0.09277344
v -0.00097656 0.38964844 0.09277344
v -0.01464843 0.38964844 0.08886719
v -0.01464843 0.38964844 0.08886719
v -0.01660156 0.38769531 0.07128907
v -0.01660156 0.38769531 0.07128907
v -0.01660156 0.38769531 0.07128907
v -0.03808593 0.39355469 0.06738282
v -0.03808593 0.39355469 0.06738282
v -0.03808593 0.39355469 0.06738282
v -0.04199218 0.39355469 0.05566407
v -0.04199218 0.39355469 0.05566407
v -0.04589843 0.39355469 0.04394532
v -0.04785156 0.38964844 0.03613282
v -0.05175781 0.38574219 0.02441407
v -0.05175781 0.38964844 0.01464844
v -0.05175781 0.39355469 0.00878907
v -0.04980468 0.39941406 0.00097657
v -0.04785156 0.40332031 -0.00683593
v -0.04394531 0.40527344 -0.01660156
v -0.04199218 0.40527344 -0.02441406
v -0.03613281 0.40527344 -0.03222656
v -0.03222656 0.40527344 -0.04003906
v -0.03222656 0.40527344 -0.04003906
v -0.02441406 0.40527344 -0.04589843
v -0.01660156 0.40527344 -0.05175781
v -0.02246093 0.40722656 -0.07910156
v -0.02441406 0.40332031 -0.11230469
v -0.02050781 0.39550781 -0.15136719
v -0.01074218 0.38378906 -0.19238281
v 0.00488282 0.36425781 -0.23144531
v 0.02832032 0.33886719 -0.26660156
v 0.06347657 0.31542969 -0.29394531
v 0.10253907 0.29003906 -0.31738281
v 0.10253907 0.29003906 -0.31738281
v 0.10644532 0.26074219 -0.34863281
v 0.11035157 0.22558594 -0.37402344
v 0.11230469 0.18847656 -0.39550781
v 0.11425782 0.14746094 -0.41503906
v 0.11425782 0.10644532 -0.42871094
v 0.11230469 0.06347657 -0.44042969
v 0.11230469 0.02050782 -0.44824219
v 0.11230469 0.02050782 -0.44824219
v 0.11035157 -0.02246093 -0.45605469
v 0.10839844 -0.06738281 -0.45800781
v 0.10253907 -0.11230469 -0.45800781
v 0.09863282 -0.15527344 -0.45410156
v 0.09277344 -0.20019531 -0.44238281
v 0.08886719 -0.24121094 -0.43066406
v 0.08496094 -0.28222656 -0.41308594
v 0.08105469 -0.31933594 -0.39160156
v 0.08105469 -0.31933594 -0.39160156
v 0.07519532 -0.35644531 -0.36621094
v 0.03027344 -0.38964844 -0.34667969
v -0.00683593 -0.42285156 -0.32324219
v -0.01074218 -0.45214844 -0.29589844
v 0.01855469 -0.45214844 -0.29394531
v 0.03222657 -0.47363281 -0.25683594
v 0.05761719 -0.47363281 -0.24902344
v 0.08105469 -0.47363281 -0.23730469
v 0.10449219 -0.47558594 -0.22363281
v 0.12402344 -0.47949219 -0.20800781
v 0.12402344 -0.47949219 -0.20800781
v 0.14550781 -0.48144531 -0.19042969
v 0.14550781 -0.48144531 -0.19042969
v 0.16503906 -0.48535156 -0.17089844
v 0.18457031 -0.48730469 -0.14941406
v 0.17285156 -0.49511719 -0.11230469
v 0.18847656 -0.49707031 -0.09082031
v 0.21972656 -0.48730469 -0.10253906
v 0.25097656 -0.46972656 -0.11230469
v 0.27832031 -0.44433594 -0.12207031
v 0.30175781 -0.41699219 -0.13378906
v 0.32519531 -0.38769531 -0.14746094
v 0.32519531 -0.38769531 -0.14746094
v 0.34863281 -0.35253906 -0.15917969
v 0.37402344 -0.31152344 -0.16503906
v 0.39160156 -0.30957031 -0.12207031
v 0.41308594 -0.26660156 -0.12207031
v 0.43261719 -0.22167969 -0.12011719
v 0.44628906 -0.17871094 -0.12011719
v 0.45410156 -0.13378906 -0.11816406
v 0.45605469 -0.08886719 -0.12011719
v 0.45019531 -0.04785156 -0.12792969
v 0.45019531 -0.04785156 -0.12792969
v 0.45019531 0.00097657 -0.08105469
v 0.44433594 0.04785157 -0.03222656
v 0.43457031 0.09277344 0.01660157
v 0.42285156 0.13574219 0.01464844
v 0.40527344 0.17480469 0.01464844
v 0.38183594 0.21386719 0.01464844
v 0.37792969 0.21386719 0.05761719
v 0.37011719 0.21386719 0.09863282
v 0.37011719 0.21386719 0.09863282
v 0.35839844 0.21582031 0.14160156
v 0.35839844 0.21582031 0.14160156
v 0.34277344 0.21582031 0.18066406
v 0.34277344 0.21582031 0.18066406
v 0.32324219 0.21777344 0.21972656
v 0.30175781 0.25292969 0.20800781
v 0.30175781 0.25292969 0.20800781
v 0.27636719 0.25292969 0.24316406
v 0.24707031 0.25292969 0.27050781
v 0.21582031 0.25292969 0.29589844
v 0.21582031 0.25292969 0.29589844
v 0.18261719 0.25097656 0.31542969
v 0.18261719 0.25097656 0.31542969
v 0.14941406 0.24902344 0.33300781
v 0.14941406 0.24902344 0.33300781
v 0.10644532 0.27246094 0.32324219
v 0.07519532 0.27050781 0.33496094
v 0.04394532 0.27246094 0.33886719
v 0.04589844 0.29394531 0.31347656
v 0.04785157 0.31347656 0.28417969
v 0.02832032 0.31933594 0.28417969
v 0.04003907 0.33496094 0.25292969
v 0.02050782 0.34472656 0.24902344
v 0.01269532 0.36425781 0.21191406
v 0.00292969 0.37402344 0.17675781
v -0.00488281 0.38378906 0.14746094
v 0.00878907 0.39160156 0.12207032
v -0.00488281 0.39160156 0.11621094
v -0.01855468 0.38964844 0.11035157
v -0.03417968 0.38769531 0.11035157
v -0.03222656 0.39160156 0.08300782
v -0.03222656 0.39160156 0.08300782
v -0.06347656 0.39550781 0.08691407
v -0.06347656 0.39550781 0.08691407
v -0.06933594 0.39746094 0.06933594
v -0.07324219 0.39550781 0.05371094
v -0.07714844 0.39355469 0.04394532
v -0.07910156 0.38964844 0.03417969
v -0.08105469 0.38964844 0.02441407
v -0.08105469 0.39355469 0.01660157
v -0.08105469 0.39941406 0.00878907
v -0.07910156 0.40332031 -0.00097656
v -0.07714844 0.40722656 -0.01269531
v -0.07324219 0.40722656 -0.02441406
v -0.06738281 0.40722656 -0.03613281
v -0.06152343 0.40722656 -0.04785156
v -0.06152343 0.40722656 -0.04785156
v -0.05371093 0.40527344 -0.05566406
v -0.05371093 0.40527344 -0.05566406
v -0.04589843 0.40527344 -0.06542969
v -0.03417968 0.40527344 -0.07128906
v -0.04003906 0.40332031 -0.10449219
v -0.04003906 0.39746094 -0.14550781
v -0.03613281 0.38769531 -0.18652344
v -0.02441406 0.37011719 -0.22949219
v -0.00488281 0.34472656 -0.26660156
v 0.02636719 0.31738281 -0.29980469
v 0.06347657 0.29003906 -0.32714844
v 0.06347657 0.29003906 -0.32714844
v 0.06542969 0.26074219 -0.35644531
v 0.06738282 0.22753906 -0.38378906
v 0.06738282 0.18847656 -0.40527344
v 0.06738282 0.14941406 -0.42285156
v 0.06738282 0.10839844 -0.43847656
v 0.06542969 0.06542969 -0.44824219
v 0.06542969 0.02246094 -0.45800781
v 0.06542969 0.02246094 -0.45800781
v 0.06347657 -0.02246093 -0.46386719
v 0.05957032 -0.06542969 -0.46582031
v 0.05566407 -0.10839844 -0.46582031
v 0.04980469 -0.15332031 -0.46191406
v 0.04589844 -0.19628906 -0.45214844
v 0.04199219 -0.23730469 -0.43847656
v 0.04003907 -0.27832031 -0.42089844
v 0.03808594 -0.31738281 -0.39941406
v 0.03808594 -0.31738281 -0.39941406
v 0.03417969 -0.35253906 -0.37402344
v -0.00488281 -0.38769531 -0.34863281
v -0.03808593 -0.42089844 -0.32128906
v -0.04003906 -0.45019531 -0.29394531
v -0.06738281 -0.44824219 -0.29003906
v -0.04589843 -0.46972656 -0.26269531
v -0.02050781 -0.47167969 -0.26269531
v 0.00488282 -0.47167969 -0.26074219
v 0.01464844 -0.48144531 -0.22363281
v 0.03808594 -0.48144531 -0.21582031
v 0.05957032 -0.48144531 -0.20800781
v 0.08105469 -0.48339844 -0.19628906
v 0.09863282 -0.48535156 -0.18261719
v 0.09863282 -0.48535156 -0.18261719
v 0.11816407 -0.48730469 -0.16699219
v 0.13574219 -0.48925781 -0.14941406
v 0.13574219 -0.48925781 -0.14941406
v 0.15332031 -0.49121094 -0.13183594
v 0.15332031 -0.49121094 -0.13183594
v 0.14355469 -0.49121094 -0.09667969
v 0.14355469 -0.49121094 -0.09667969
v 0.15722656 -0.49511719 -0.07910156
v 0.15722656 -0.49511719 -0.07910156
v 0.16699219 -0.49707031 -0.05957031
v 0.16699219 -0.49707031 -0.05957031
v 0.19824219 -0.49511719 -0.06738281
v 0.23144531 -0.48535156 -0.07519531
v 0.26269531 -0.46777344 -0.08496094
v 0.29199219 -0.44238281 -0.09082031
v 0.31738281 -0.41503906 -0.09863281
v 0.31738281 -0.41503906 -0.09863281
v 0.34277344 -0.38574219 -0.10839844
v 0.34277344 -0.38574219 -0.10839844
v 0.36621094 -0.34863281 -0.11816406
v 0.37988281 -0.34472656 -0.07519531
v 0.40136719 -0.30761719 -0.07714844
v 0.42285156 -0.26464844 -0.07519531
v 0.44042969 -0.22167969 -0.07324219
v 0.45410156 -0.17675781 -0.07128906
v 0.46191406 -0.13183594 -0.07128906
v 0.46191406 -0.08691406 -0.07128906
v 0.45800781 -0.04394531 -0.07519531
v 0.45800781 -0.04394531 -0.07519531
v 0.45214844 0.00292969 -0.02832031
v 0.44433594 0.04785157 0.01855469
v 0.43066406 0.09277344 0.06542969
v 0.41894531 0.13574219 0.06152344
v 0.40136719 0.17675781 0.05957032
v 0.39160156 0.17675781 0.10449219
v 0.37988281 0.17871094 0.14746094
v 0.36425781 0.17871094 0.19042969
v 0.36425781 0.17871094 0.19042969
v 0.36425781 0.17871094 0.19042969
v 0.34082031 0.18066406 0.23339844
v 0.31347656 0.18261719 0.27050781
v 0.29589844 0.21972656 0.25683594
v 0.26464844 0.21972656 0.28808594
v 0.23144531 0.21972656 0.31542969
v 0.19433594 0.21777344 0.33691406
v 0.15722656 0.21582031 0.35449219
v 0.15722656 0.21582031 0.35449219
v 0.11425782 0.24511719 0.34667969
v 0.07910157 0.24511719 0.35839844
v 0.04394532 0.24707031 0.36425781
v 0.01269532 0.27441406 0.33886719
v 0.01855469 0.29785156 0.31347656
v 0.00683594 0.32714844 0.28027344
v -0.02050781 0.33105469 0.27246094
v -0.00292968 0.35058594 0.24316406
v -0.00878906 0.36425781 0.20214844
v -0.01660156 0.37402344 0.16699219
v -0.02050781 0.38378906 0.13964844
v -0.03417968 0.38378906 0.13183594
v -0.04785156 0.38769531 0.12402344
v -0.05566406 0.38964844 0.10839844
v -0.05566406 0.38964844 0.10839844
v -0.09472656 0.39355469 0.09472657
v -0.10253906 0.39550781 0.07519532
v -0.10839844 0.39355469 0.05957032
v -0.11230469 0.39160156 0.04785157
v -0.11425781 0.38964844 0.03613282
v -0.11425781 0.39160156 0.02636719
v -0.11425781 0.39550781 0.01660157
v -0.11621094 0.39941406 0.00488282
v -0.11425781 0.40332031 -0.00683593
v -0.11230469 0.40722656 -0.02246093
v -0.10644531 0.40722656 -0.03808593
v -0.09863281 0.40722656 -0.05175781
v -0.09082031 0.40527344 -0.06542969
v -0.09082031 0.40527344 -0.06542969
v -0.07910156 0.40527344 -0.07714844
v -0.07910156 0.40527344 -0.07714844
v -0.06738281 0.40332031 -0.08691406
v -0.05566406 0.40332031 -0.09667969
v -0.05957031 0.39941406 -0.13769531
v -0.05957031 0.38964844 -0.18066406
v -0.05175781 0.37402344 -0.22363281
v -0.03613281 0.34863281 -0.26464844
v -0.01074218 0.32128906 -0.30175781
v 0.02441407 0.29199219 -0.33105469
v 0.02441407 0.29199219 -0.33105469
v 0.02441407 0.26269531 -0.36230469
v 0.02246094 0.22753906 -0.38769531
v 0.02246094 0.18847656 -0.40917969
v 0.02246094 0.14941406 -0.42675781
v 0.02050782 0.10839844 -0.44238281
v 0.01855469 0.06542969 -0.45214844
v 0.01660157 0.02246094 -0.46191406
v 0.01660157 0.02246094 -0.46191406
v 0.01464844 -0.02050781 -0.46777344
v 0.01074219 -0.06347656 -0.46972656
v 0.00683594 -0.10644531 -0.46972656
v 0.00292969 -0.14941406 -0.46582031
v -0.00097656 -0.19238281 -0.45605469
v -0.00292968 -0.23535156 -0.44238281
v -0.00488281 -0.27636719 -0.42480469
v -0.00488281 -0.31347656 -0.40332031
v -0.00488281 -0.31347656 -0.40332031
v -0.00488281 -0.35058594 -0.37597656
v -0.03808593 -0.38574219 -0.34863281
v -0.06738281 -0.41699219 -0.31738281
v -0.09277344 -0.44628906 -0.28613281
v -0.06933594 -0.46972656 -0.25878906
v -0.06738281 -0.48339844 -0.22558594
v -0.05175781 -0.48144531 -0.22753906
v -0.03222656 -0.48144531 -0.22949219
v -0.00878906 -0.48144531 -0.22753906
v 0.00292969 -0.48339844 -0.19042969
v 0.02441407 -0.48144531 -0.18457031
v 0.04199219 -0.48144531 -0.17675781
v 0.05957032 -0.48144531 -0.16699219
v 0.07714844 -0.48339844 -0.15527344
v 0.07714844 -0.48339844 -0.15527344
v 0.09277344 -0.48339844 -0.14355469
v 0.10839844 -0.48535156 -0.12792969
v 0.12402344 -0.48925781 -0.11425781
v 0.11816407 -0.48730469 -0.08496094
v 0.12792969 -0.48925781 -0.06933594
v 0.13769531 -0.49316406 -0.05175781
v 0.13769531 -0.49316406 -0.05175781
v 0.12011719 -0.48730469 -0.03417968
v 0.14355469 -0.49316406 -0.03613281
v 0.14355469 -0.49316406 -0.03613281
v 0.17285156 -0.49707031 -0.04003906
v 0.20605469 -0.49316406 -0.04589843
v 0.23925781 -0.48144531 -0.04980468
v 0.27050781 -0.46386719 -0.05566406
v 0.29980469 -0.44042969 -0.05957031
v 0.32714844 -0.41308594 -0.06347656
v 0.32714844 -0.41308594 -0.06347656
v 0.35449219 -0.38183594 -0.07128906
v 0.36230469 -0.37792969 -0.03027343
v 0.38574219 -0.34277344 -0.03222656
v 0.40917969 -0.30371094 -0.03222656
v 0.42871094 -0.26269531 -0.02832031
v 0.44433594 -0.21972656 -0.02441406
v 0.45800781 -0.17675781 -0.02246093
v 0.46386719 -0.13183594 -0.02050781
v 0.46582031 -0.08691406 -0.02246093
v 0.45996094 -0.04199218 -0.02441406
v 0.45996094 -0.04199218 -0.02441406
v 0.45214844 0.00292969 0.02246094
v 0.44042969 0.04785157 0.06933594
v 0.42285156 0.09277344 0.11425782
v 0.40917969 0.13574219 0.10839844
v 0.39746094 0.13769531 0.15527344
v 0.39746094 0.13769531 0.15527344
v 0.37988281 0.13964844 0.20019531
v 0.37988281 0.13964844 0.20019531
v 0.35644531 0.14160156 0.24316406
v 0.32714844 0.14355469 0.28222656
v 0.29199219 0.14355469 0.31738281
v 0.28027344 0.18261719 0.30371094
v 0.24316406 0.18261719 0.33105469
v 0.20410156 0.18066406 0.35449219
v 0.16503906 0.18066406 0.37402344
v 0.12011719 0.21582031 0.37011719
v 0.12011719 0.21582031 0.37011719
v 0.08105469 0.21582031 0.37988281
v 0.04199219 0.21777344 0.38574219
v 0.00878907 0.24902344 0.36425781
v -0.01855468 0.28027344 0.33496094
v -0.00683593 0.30371094 0.30957031
v -0.03613281 0.30957031 0.30175781
v -0.04589843 0.33105469 0.26269531
v -0.02636718 0.35058594 0.23144531
v -0.03027343 0.36425781 0.19042969
v -0.03417968 0.37597656 0.15722656
v -0.05175781 0.38183594 0.14746094
v -0.06933594 0.38574219 0.13574219
v -0.08496094 0.39160156 0.11816407
v -0.08496094 0.39160156 0.11816407
v -0.10839844 0.38183594 0.12988281
v -0.12402344 0.38964844 0.10644532
v -0.13574219 0.38964844 0.08496094
v -0.14355469 0.38769531 0.06933594
v -0.14746094 0.38378906 0.05371094
v -0.14941406 0.38378906 0.04003907
v -0.15136719 0.38574219 0.02832032
v -0.15332031 0.39160156 0.01464844
v -0.15332031 0.39550781 0.00097657
v -0.15136719 0.40136719 -0.01464843
v -0.14746094 0.40136719 -0.03222656
v -0.14160156 0.40332031 -0.05175781
v -0.13378906 0.40136719 -0.06933594
v -0.12207031 0.40136719 -0.08691406
v -0.12207031 0.40136719 -0.08691406
v -0.10839844 0.39941406 -0.10253906
v -0.09472656 0.39941406 -0.11621094
v -0.07910156 0.39941406 -0.12597656
v -0.08300781 0.38964844 -0.17089844
v -0.07910156 0.37597656 -0.21582031
v -0.06933594 0.35058594 -0.26074219
v -0.04785156 0.32324219 -0.29980469
v -0.01660156 0.29394531 -0.33300781
v -0.01660156 0.29394531 -0.33300781
v -0.01855468 0.26269531 -0.36425781
v -0.02050781 0.22753906 -0.38769531
v -0.02246093 0.18847656 -0.40917969
v -0.02441406 0.14941406 -0.42675781
v -0.02636718 0.10644532 -0.43847656
v -0.02832031 0.06347657 -0.45019531
v -0.03027343 0.02050782 -0.45800781
v -0.03027343 0.02050782 -0.45800781
v -0.03417968 -0.02050781 -0.46386719
v -0.03808593 -0.06152343 -0.46777344
v -0.04199218 -0.10449219 -0.46582031
v -0.04589843 -0.14550781 -0.46386719
v -0.04785156 -0.18847656 -0.45605469
v -0.04980468 -0.23144531 -0.44238281
v -0.04785156 -0.27246094 -0.42480469
v -0.04589843 -0.31152344 -0.40136719
v -0.04589843 -0.31152344 -0.40136719
v -0.04199218 -0.34863281 -0.37597656
v -0.07324219 -0.38378906 -0.34472656
v -0.09667969 -0.41503906 -0.31152344
v -0.11621094 -0.44628906 -0.27832031
v -0.08886719 -0.46972656 -0.25488281
v -0.08300781 -0.48535156 -0.21972656
v -0.06152343 -0.48730469 -0.19238281
v -0.05371093 -0.48535156 -0.19433594
v -0.03808593 -0.48535156 -0.19628906
v -0.01660156 -0.48339844 -0.19433594
v -0.01855468 -0.47753906 -0.16113281
v -0.00292968 -0.47558594 -0.15527344
v 0.01269532 -0.47558594 -0.14941406
v 0.02832032 -0.47363281 -0.14160156
v 0.04199219 -0.47363281 -0.13378906
v 0.04199219 -0.47363281 -0.13378906
v 0.05761719 -0.47558594 -0.12402344
v 0.05761719 -0.47558594 -0.12402344
v 0.06933594 -0.47558594 -0.11425781
v 0.08105469 -0.47753906 -0.10253906
v 0.09472657 -0.47949219 -0.08886719
v 0.09667969 -0.48144531 -0.07324219
v 0.10644532 -0.48339844 -0.05957031
v 0.11425782 -0.48730469 -0.04589843
v 0.10449219 -0.48339844 -0.02832031
v 0.11425782 -0.48730469 -0.01855468
v 0.12402344 -0.48925781 -0.01855468
v 0.14941406 -0.49316406 -0.01855468
v 0.14941406 -0.49316406 -0.01855468
v 0.17871094 -0.49511719 -0.02050781
v 0.21191406 -0.49121094 -0.02246093
v 0.24511719 -0.47949219 -0.02441406
v 0.27636719 -0.46191406 -0.02636718
v 0.30566406 -0.43847656 -0.02636718
v 0.33300781 -0.41113281 -0.02832031
v 0.33300781 -0.41113281 -0.02832031
v 0.33691406 -0.40722656 0.00878907
v 0.33691406 -0.40722656 0.00878907
v 0.36425781 -0.37402344 0.01074219
v 0.38964844 -0.33886719 0.01269532
v 0.41113281 -0.29980469 0.01464844
v 0.42871094 -0.26074219 0.02050782
v 0.44433594 -0.21972656 0.02441407
v 0.45605469 -0.17675781 0.02832032
v 0.46386719 -0.13183594 0.02832032
v 0.46386719 -0.08691406 0.02832032
v 0.45996094 -0.04199218 0.02636719
v 0.45996094 -0.04199218 0.02636719
v 0.44824219 0.00292969 0.07324219
v 0.43066406 0.04980469 0.11816407
v 0.41699219 0.05175782 0.16699219
v 0.41699219 0.05175782 0.16699219
v 0.40917969 0.09472657 0.16113281
v 0.40917969 0.09472657 0.16113281
v 0.38964844 0.09667969 0.20605469
v 0.38964844 0.09667969 0.20605469
v 0.36621094 0.09863282 0.25097656
v 0.33691406 0.10058594 0.29199219
v 0.30175781 0.10253907 0.32910156
v 0.26074219 0.10253907 0.35839844
v 0.25292969 0.14355469 0.34667969
v 0.21386719 0.14160156 0.37011719
v 0.17089844 0.14160156 0.38964844
v 0.12402344 0.18066406 0.38964844
v 0.12402344 0.18066406 0.38964844
v 0.08300782 0.18066406 0.39941406
v 0.08300782 0.18066406 0.39941406
v 0.04003907 0.18261719 0.40527344
v 0.00292969 0.21972656 0.38574219
v -0.02636718 0.25292969 0.35839844
v -0.04785156 0.28417969 0.32714844
v -0.06347656 0.31152344 0.29003906
v -0.07324219 0.33300781 0.24902344
v -0.04980468 0.35058594 0.21972656
v -0.05175781 0.37011719 0.17871094
v -0.07128906 0.37597656 0.16699219
v -0.08886719 0.37988281 0.15332031
v -0.08886719 0.37988281 0.15332031
v -0.13183594 0.37207031 0.14550781
v -0.14941406 0.37988281 0.12011719
v -0.16503906 0.37988281 0.10058594
v -0.17675781 0.37988281 0.08105469
v -0.18457031 0.37597656 0.06347657
v -0.18652344 0.37402344 0.04589844
v -0.19042969 0.37792969 0.03027344
v -0.19238281 0.38183594 0.01464844
v -0.19238281 0.38769531 -0.00292968
v -0.19042969 0.39160156 -0.02246093
v -0.18652344 0.39355469 -0.04394531
v -0.17871094 0.39355469 -0.06738281
v -0.16894531 0.39160156 -0.08886719
v -0.15527344 0.39160156 -0.11035156
v -0.15527344 0.39160156 -0.11035156
v -0.13964844 0.39160156 -0.12988281
v -0.12207031 0.38964844 -0.14550781
v -0.10253906 0.38964844 -0.15917969
v -0.10644531 0.37402344 -0.20605469
v -0.09863281 0.35253906 -0.25097656
v -0.08300781 0.32519531 -0.29394531
v -0.05566406 0.29394531 -0.33105469
v -0.05566406 0.29394531 -0.33105469
v -0.06152343 0.26269531 -0.36035156
v -0.06542969 0.22558594 -0.38378906
v -0.06933594 0.18847656 -0.40332031
v -0.07128906 0.14746094 -0.42089844
v -0.07324219 0.10644532 -0.43261719
v -0.07519531 0.06347657 -0.44238281
v -0.07910156 0.02050782 -0.45019531
v -0.07910156 0.02050782 -0.45019531
v -0.08105469 -0.02050781 -0.45605469
v -0.08496094 -0.06152343 -0.45800781
v -0.08886719 -0.10058594 -0.45800781
v -0.09277344 -0.14160156 -0.45605469
v -0.09472656 -0.18457031 -0.44824219
v -0.09277344 -0.22753906 -0.43652344
v -0.09082031 -0.26855469 -0.42089844
v -0.08496094 -0.30957031 -0.39746094
v -0.08496094 -0.30957031 -0.39746094
v -0.07910156 -0.34667969 -0.37207031
v -0.10644531 -0.38183594 -0.33886719
v -0.12597656 -0.41503906 -0.30371094
v -0.14160156 -0.44433594 -0.27050781
v -0.15136719 -0.47167969 -0.22949219
v -0.12988281 -0.47167969 -0.23925781
v -0.11035156 -0.47167969 -0.24707031
v -0.09863281 -0.48730469 -0.21386719
v -0.07128906 -0.49121094 -0.19042969
v -0.05957031 -0.49121094 -0.16113281
v -0.05566406 -0.48535156 -0.16113281
v -0.05175781 -0.48339844 -0.16503906
v -0.03613281 -0.48144531 -0.16308594
v -0.02050781 -0.46972656 -0.12597656
v -0.00878906 -0.46777344 -0.12011719
v 0.00488282 -0.46777344 -0.11425781
v 0.01660157 -0.46777344 -0.10644531
v 0.02832032 -0.46777344 -0.09863281
v 0.02832032 -0.46777344 -0.09863281
v 0.03808594 -0.46972656 -0.09082031
v 0.04980469 -0.46972656 -0.08300781
v 0.05957032 -0.47167969 -0.07519531
v 0.06933594 -0.47363281 -0.06738281
v 0.07910157 -0.47558594 -0.05761718
v 0.08691407 -0.47949219 -0.04785156
v 0.09472657 -0.48144531 -0.03808593
v 0.08496094 -0.47949219 -0.02636718
v 0.09667969 -0.48144531 -0.01660156
v 0.11230469 -0.48730469 -0.00683593
v 0.12207032 -0.48925781 -0.00683593
v 0.15527344 -0.49511719 -0.00097656
v 0.15527344 -0.49511719 -0.00097656
v 0.18457031 -0.49511719 -0.00097656
v 0.21582031 -0.49121094 0.00097657
v 0.24902344 -0.47949219 0.00292969
v 0.28027344 -0.45996094 0.00488282
v 0.30957031 -0.43652344 0.00683594
v 0.30957031 -0.43261719 0.04199219
v 0.33691406 -0.40332031 0.04785157
v 0.33691406 -0.40332031 0.04785157
v 0.36425781 -0.36816406 0.05175782
v 0.38769531 -0.33496094 0.05761719
v 0.40917969 -0.29785156 0.06347657
v 0.42675781 -0.25878906 0.06933594
v 0.44042969 -0.21777344 0.07519532
v 0.45214844 -0.17480469 0.07910157
v 0.45800781 -0.13183594 0.08105469
v 0.45996094 -0.08691406 0.07910157
v 0.45410156 -0.04199218 0.07714844
v 0.45410156 -0.04199218 0.07714844
v 0.43847656 0.00488282 0.12207032
v 0.42480469 0.00683594 0.17285156
v 0.42480469 0.00683594 0.17285156
v 0.39941406 0.05371094 0.21386719
v 0.37402344 0.05566407 0.25878906
v 0.34277344 0.05761719 0.30175781
v 0.30761719 0.05957032 0.33691406
v 0.26660156 0.05957032 0.36816406
v 0.21777344 0.10253907 0.38183594
v 0.17480469 0.10253907 0.40332031
v 0.12792969 0.14355469 0.40527344
v 0.08300782 0.14550781 0.41699219
v 0.08300782 0.14550781 0.41699219
v 0.03808594 0.14746094 0.42285156
v 0.03808594 0.14746094 0.42285156
v -0.00097656 0.18652344 0.40527344
v -0.03417968 0.22363281 0.38183594
v -0.06152343 0.25683594 0.35058594
v -0.08105469 0.28613281 0.31542969
v -0.09472656 0.31152344 0.27636719
v -0.09863281 0.33886719 0.23339844
v -0.07324219 0.35644531 0.20605469
v -0.11425781 0.36621094 0.17285156
v -0.11425781 0.36621094 0.17285156
v -0.14355469 0.36621094 0.15527344
v -0.16894531 0.36816406 0.13964844
v -0.19042969 0.36816406 0.12011719
v -0.20800781 0.36621094 0.09863282
v -0.21777344 0.36230469 0.07519532
v -0.22363281 0.36035156 0.05175782
v -0.22753906 0.36425781 0.03027344
v -0.23144531 0.36816406 0.01074219
v -0.23144531 0.37402344 -0.00878906
v -0.22949219 0.37597656 -0.03222656
v -0.22363281 0.37597656 -0.05761718
v -0.21582031 0.37597656 -0.08300781
v -0.20214844 0.37402344 -0.10839844
v -0.18652344 0.37402344 -0.13183594
v -0.18652344 0.37402344 -0.13183594
v -0.16894531 0.37402344 -0.15527344
v -0.15136719 0.37402344 -0.17285156
v -0.12988281 0.37402344 -0.19042969
v -0.12792969 0.35253906 -0.23730469
v -0.11816406 0.32519531 -0.28222656
v -0.09472656 0.29394531 -0.32324219
v -0.09472656 0.29394531 -0.32324219
v -0.10449219 0.26269531 -0.35058594
v -0.11035156 0.22558594 -0.37402344
v -0.11425781 0.18652344 -0.39355469
v -0.11621094 0.14746094 -0.40917969
v -0.11816406 0.10449219 -0.42285156
v -0.12207031 0.06152344 -0.43066406
v -0.12402344 0.02050782 -0.43847656
v -0.12402344 0.02050782 -0.43847656
v -0.12988281 -0.02050781 -0.44433594
v -0.13378906 -0.05957031 -0.44628906
v -0.13769531 -0.09863281 -0.44628906
v -0.13964844 -0.13964844 -0.44238281
v -0.13964844 -0.18066406 -0.43652344
v -0.13769531 -0.22363281 -0.42675781
v -0.13183594 -0.26660156 -0.41113281
v -0.12402344 -0.30761719 -0.38964844
v -0.12402344 -0.30761719 -0.38964844
v -0.11621094 -0.34472656 -0.36621094
v -0.13769531 -0.37988281 -0.33105469
v -0.15332031 -0.41308594 -0.29394531
v -0.16503906 -0.44433594 -0.25878906
v -0.17285156 -0.46972656 -0.21972656
v -0.15136719 -0.48535156 -0.19042969
v -0.13378906 -0.48730469 -0.20019531
v -0.11621094 -0.48925781 -0.20800781
v -0.09863281 -0.49316406 -0.17871094
v -0.08496094 -0.49316406 -0.18457031
v -0.07324219 -0.49121094 -0.15917969
v -0.05175781 -0.48339844 -0.13964844
v -0.04003906 -0.47558594 -0.12988281
v -0.02832031 -0.46972656 -0.11035156
v -0.01855468 -0.46582031 -0.09667969
v -0.00878906 -0.46582031 -0.08886719
v 0.00097657 -0.46582031 -0.08105469
v 0.00097657 -0.46582031 -0.08105469
v 0.01269532 -0.46582031 -0.07519531
v 0.02246094 -0.46777344 -0.06738281
v 0.03222657 -0.46777344 -0.06152343
v 0.04199219 -0.46972656 -0.05566406
v 0.05175782 -0.47167969 -0.04980468
v 0.05761719 -0.47167969 -0.04589843
v 0.06542969 -0.47363281 -0.04003906
v 0.07519532 -0.47558594 -0.03417968
v 0.06738282 -0.47558594 -0.02050781
v 0.07910157 -0.47753906 -0.01464843
v 0.09277344 -0.48339844 -0.00488281
v 0.10839844 -0.48730469 0.00683594
v 0.12988281 -0.49316406 0.01464844
v 0.15722656 -0.49707031 0.01855469
v 0.15722656 -0.49707031 0.01855469
v 0.18847656 -0.49902344 0.02246094
v 0.22167969 -0.49316406 0.02636719
v 0.25292969 -0.47949219 0.03222657
v 0.28222656 -0.45996094 0.03613282
v 0.28027344 -0.45410156 0.07128907
v 0.30566406 -0.42675781 0.07910157
v 0.33300781 -0.39550781 0.08691407
v 0.33300781 -0.39550781 0.08691407
v 0.35839844 -0.36425781 0.09472657
v 0.38183594 -0.33105469 0.10253907
v 0.40332031 -0.29394531 0.11035157
v 0.41894531 -0.25488281 0.11816407
v 0.43261719 -0.21582031 0.12597656
v 0.44238281 -0.17285156 0.12988281
v 0.44824219 -0.12988281 0.13183594
v 0.45019531 -0.08496094 0.13183594
v 0.44628906 -0.04003906 0.12792969
v 0.44628906 -0.04003906 0.12792969
v 0.43066406 -0.03808593 0.17871094
v 0.43066406 -0.03808593 0.17871094
v 0.43066406 -0.03808593 0.17871094
v 0.40527344 0.00878907 0.21972656
v 0.37988281 0.01269532 0.26660156
v 0.34863281 0.01464844 0.30957031
v 0.31152344 0.01660157 0.34472656
v 0.26855469 0.01855469 0.37597656
v 0.22167969 0.06152344 0.39160156
v 0.17675781 0.06152344 0.41308594
v 0.12988281 0.10449219 0.41894531
v 0.08300782 0.10644532 0.43066406
v 0.03808594 0.10839844 0.43652344
v 0.03808594 0.10839844 0.43652344
v -0.00488281 0.14941406 0.42285156
v -0.04199218 0.18847656 0.39941406
v -0.07324219 0.22753906 0.37207031
v -0.09472656 0.26074219 0.33886719
v -0.11425781 0.28808594 0.30175781
v -0.12402344 0.31542969 0.25878906
v -0.12597656 0.34472656 0.21386719
v -0.12597656 0.34472656 0.21386719
v -0.15722656 0.35058594 0.18847656
v -0.18652344 0.35058594 0.16503906
v -0.21386719 0.34667969 0.14160156
v -0.23535156 0.34472656 0.11425782
v -0.24902344 0.34277344 0.08691407
v -0.25878906 0.34082031 0.05957032
v -0.26464844 0.34472656 0.03222657
v -0.26855469 0.34667969 0.00878907
v -0.26855469 0.35058594 -0.01464843
v -0.26660156 0.35253906 -0.04199218
v -0.26074219 0.35253906 -0.07128906
v -0.24902344 0.35058594 -0.09863281
v -0.23535156 0.35058594 -0.12792969
v -0.21777344 0.34863281 -0.15332031
v -0.21777344 0.34863281 -0.15332031
v -0.19824219 0.34863281 -0.17675781
v -0.17675781 0.35058594 -0.20019531
v -0.15332031 0.35058594 -0.21972656
v -0.14941406 0.32519531 -0.26660156
v -0.13183594 0.29394531 -0.30957031
v -0.13183594 0.29394531 -0.30957031
v -0.14355469 0.26269531 -0.33691406
v -0.15332031 0.22558594 -0.36035156
v -0.15722656 0.18652344 -0.37792969
v -0.16113281 0.14746094 -0.39550781
v -0.16308594 0.10449219 -0.40722656
v -0.16699219 0.06152344 -0.41699219
v -0.16699219 0.06152344 -0.41699219
v -0.17089844 0.02050782 -0.42285156
v -0.17089844 0.02050782 -0.42285156
v -0.17480469 -0.02050781 -0.42675781
v -0.18066406 -0.05761718 -0.42871094
v -0.18261719 -0.09667969 -0.42871094
v -0.18457031 -0.13769531 -0.42675781
v -0.18261719 -0.17871094 -0.42285156
v -0.17871094 -0.22167969 -0.41308594
v -0.17089844 -0.26464844 -0.39941406
v -0.16308594 -0.30566406 -0.37988281
v -0.16308594 -0.30566406 -0.37988281
v -0.15136719 -0.34277344 -0.35644531
v -0.16894531 -0.37792969 -0.31933594
v -0.18066406 -0.41113281 -0.28222656
v -0.19042969 -0.44433594 -0.24511719
v -0.19238281 -0.46777344 -0.20410156
v -0.16894531 -0.48144531 -0.17871094
v -0.14355469 -0.48730469 -0.15136719
v -0.12792969 -0.49121094 -0.16113281
v -0.11230469 -0.49316406 -0.16894531
v -0.09472656 -0.48925781 -0.14355469
v -0.08300781 -0.49121094 -0.15136719
v -0.06542969 -0.48535156 -0.12402344
v -0.04199218 -0.47167969 -0.09667969
v -0.01855468 -0.46386719 -0.07128906
v -0.00878906 -0.46386719 -0.06542969
v -0.00878906 -0.46386719 -0.06542969
v 0.00097657 -0.46582031 -0.05957031
v 0.01074219 -0.46777344 -0.05371093
v 0.02050782 -0.46777344 -0.04785156
v 0.03027344 -0.46972656 -0.04199218
v 0.03808594 -0.46972656 -0.03613281
v 0.04785157 -0.47167969 -0.03027343
v 0.05761719 -0.47363281 -0.02636718
v 0.05175782 -0.47363281 -0.01269531
v 0.06347657 -0.47558594 -0.00878906
v 0.07324219 -0.47949219 -0.00292968
v 0.08691407 -0.48339844 0.00683594
v 0.10449219 -0.48730469 0.01855469
v 0.12792969 -0.49316406 0.03027344
v 0.15722656 -0.49902344 0.04003907
v 0.15722656 -0.49902344 0.04003907
v 0.18847656 -0.49902344 0.04785157
v 0.22167969 -0.49316406 0.05566407
v 0.25292969 -0.47753906 0.06347657
v 0.24707031 -0.46972656 0.09667969
v 0.27441406 -0.44628906 0.10644532
v 0.29980469 -0.41894531 0.11621094
v 0.32519531 -0.38964844 0.12597656
v 0.32519531 -0.38964844 0.12597656
v 0.35058594 -0.35839844 0.13574219
v 0.37207031 -0.32714844 0.14746094
v 0.39160156 -0.29199219 0.15917969
v 0.40527344 -0.25292969 0.16894531
v 0.41699219 -0.21191406 0.17675781
v 0.42675781 -0.17089844 0.18261719
v 0.43261719 -0.12597656 0.18457031
v 0.43457031 -0.08300781 0.18261719
v 0.43457031 -0.08300781 0.18261719
v 0.40917969 -0.03417968 0.22753906
v 0.40917969 -0.03417968 0.22753906
v 0.38378906 -0.03222656 0.27441406
v 0.38378906 -0.03222656 0.27441406
v 0.35058594 -0.02832031 0.31542969
v 0.35058594 -0.02832031 0.31542969
v 0.31152344 -0.02636718 0.35253906
v 0.31152344 -0.02636718 0.35253906
v 0.26855469 -0.02441406 0.38183594
v 0.26855469 -0.02441406 0.38183594
v 0.22363281 0.01855469 0.40136719
v 0.17871094 0.02050782 0.42285156
v 0.12988281 0.06347657 0.43066406
v 0.08300782 0.06542969 0.44238281
v 0.03613282 0.06738282 0.44824219
v -0.00878906 0.11035157 0.43652344
v -0.00878906 0.11035157 0.43652344
v -0.04785156 0.15136719 0.41894531
v -0.08105469 0.19238281 0.39160156
v -0.11035156 0.22949219 0.36230469
v -0.13183594 0.26269531 0.32519531
v -0.14746094 0.29199219 0.28417969
v -0.14746094 0.29199219 0.28417969
v -0.15332031 0.32128906 0.23925781
v -0.15332031 0.32128906 0.23925781
v -0.18066406 0.32714844 0.21386719
v -0.20996094 0.32519531 0.18847656
v -0.23730469 0.32324219 0.16113281
v -0.26074219 0.31933594 0.12988281
v -0.26074219 0.31933594 0.12988281
v -0.27832031 0.31738281 0.09863282
v -0.27832031 0.31738281 0.09863282
v -0.29003906 0.31738281 0.06542969
v -0.29003906 0.31738281 0.06542969
v -0.29785156 0.31933594 0.03417969
v -0.29785156 0.31933594 0.03417969
v -0.30371094 0.32128906 0.00683594
v -0.30371094 0.32128906 0.00683594
v -0.30566406 0.32519531 -0.02050781
v -0.30566406 0.32519531 -0.02050781
v -0.30175781 0.32519531 -0.05175781
v -0.29394531 0.32519531 -0.08300781
v -0.28027344 0.32324219 -0.11425781
v -0.26464844 0.32128906 -0.14550781
v -0.24707031 0.32128906 -0.17285156
v -0.24707031 0.32128906 -0.17285156
v -0.22558594 0.32128906 -0.20019531
v -0.20214844 0.32324219 -0.22363281
v -0.17675781 0.32324219 -0.24707031
v -0.16699219 0.29394531 -0.29199219
v -0.16699219 0.29394531 -0.29199219
v -0.18261719 0.26269531 -0.31933594
v -0.19238281 0.22753906 -0.34277344
v -0.19824219 0.18847656 -0.36035156
v -0.20410156 0.14746094 -0.37792969
v -0.20605469 0.10449219 -0.38964844
v -0.20996094 0.06152344 -0.39746094
v -0.20996094 0.06152344 -0.39746094
v -0.21582031 0.02050782 -0.40332031
v -0.21582031 0.02050782 -0.40332031
v -0.21972656 -0.01855468 -0.40722656
v -0.22558594 -0.05761718 -0.40917969
v -0.22753906 -0.09667969 -0.40917969
v -0.22753906 -0.13769531 -0.40722656
v -0.22363281 -0.17871094 -0.40136719
v -0.21972656 -0.22167969 -0.39355469
v -0.20996094 -0.26464844 -0.38183594
v -0.20996094 -0.26464844 -0.38183594
v -0.19824219 -0.30371094 -0.36425781
v -0.19824219 -0.30371094 -0.36425781
v -0.18457031 -0.34082031 -0.34277344
v -0.19824219 -0.37792969 -0.30371094
v -0.20800781 -0.41113281 -0.26464844
v -0.21191406 -0.44433594 -0.22558594
v -0.20996094 -0.46582031 -0.18457031
v -0.20996094 -0.46582031 -0.18457031
v -0.18457031 -0.47949219 -0.16308594
v -0.18457031 -0.47949219 -0.16308594
v -0.15722656 -0.48339844 -0.13964844
v -0.15722656 -0.48339844 -0.13964844
v -0.14160156 -0.48144531 -0.10253906
v -0.14160156 -0.48144531 -0.10253906
v -0.13183594 -0.48339844 -0.11621094
v -0.13183594 -0.48339844 -0.11621094
v -0.11816406 -0.48535156 -0.12597656
v -0.10644531 -0.48730469 -0.13574219
v -0.08496094 -0.48144531 -0.10839844
v -0.07519531 -0.48339844 -0.11621094
v -0.04980468 -0.47167969 -0.09082031
v -0.03613281 -0.46386719 -0.06933594
v -0.02636718 -0.46191406 -0.06152343
v -0.01660156 -0.46386719 -0.05371093
v -0.01660156 -0.46386719 -0.05371093
v -0.00683593 -0.46386719 -0.04785156
v 0.00292969 -0.46582031 -0.04199218
v 0.01269532 -0.46777344 -0.03613281
v 0.02050782 -0.46972656 -0.03027343
v 0.03027344 -0.46972656 -0.02441406
v 0.04003907 -0.47167969 -0.01855468
v 0.04003907 -0.47167969 -0.00683593
v 0.04980469 -0.47363281 -0.00097656
v 0.05957032 -0.47558594 0.00292969
v 0.07128907 -0.47753906 0.01074219
v 0.08300782 -0.48144531 0.01855469
v 0.10058594 -0.48339844 0.03222657
v 0.12402344 -0.48925781 0.04589844
v 0.15136719 -0.49511719 0.05761719
v 0.15136719 -0.49511719 0.05761719
v 0.18261719 -0.49902344 0.07128907
v 0.21777344 -0.49121094 0.08496094
v 0.20800781 -0.48535156 0.11035157
v 0.23730469 -0.46386719 0.12597656
v 0.26269531 -0.43847656 0.13964844
v 0.28808594 -0.41308594 0.15136719
v 0.31347656 -0.38574219 0.16503906
v 0.31347656 -0.38574219 0.16503906
v 0.33496094 -0.35644531 0.17871094
v 0.33496094 -0.35644531 0.17871094
v 0.35644531 -0.32324219 0.19238281
v 0.37207031 -0.28808594 0.20605469
v 0.38574219 -0.25097656 0.21777344
v 0.39550781 -0.20996094 0.22558594
v 0.40332031 -0.16699219 0.23144531
v 0.40917969 -0.12402344 0.23339844
v 0.41113281 -0.07910156 0.23339844
v 0.41113281 -0.07910156 0.23339844
v 0.38378906 -0.07714844 0.27832031
v 0.38378906 -0.07714844 0.27832031
v 0.38378906 -0.07714844 0.27832031
v 0.35058594 -0.07324219 0.32128906
v 0.35058594 -0.07324219 0.32128906
v 0.35058594 -0.07324219 0.32128906
v 0.35058594 -0.07324219 0.32128906
v 0.31152344 -0.07128906 0.35839844
v 0.31152344 -0.07128906 0.35839844
v 0.26855469 -0.06738281 0.38769531
v 0.26855469 -0.06738281 0.38769531
v 0.22363281 -0.02246093 0.40917969
v 0.22363281 -0.02246093 0.40917969
v 0.17871094 -0.02050781 0.43066406
v 0.17871094 -0.02050781 0.43066406
v 0.13183594 0.02246094 0.44042969
v 0.08300782 0.02441407 0.45214844
v 0.03417969 0.02636719 0.45800781
v -0.01074218 0.06933594 0.44824219
v -0.01074218 0.06933594 0.44824219
v -0.05371093 0.11230469 0.43261719
v -0.09082031 0.15332031 0.41113281
v -0.12207031 0.19433594 0.37988281
v -0.14746094 0.23144531 0.34667969
v -0.16699219 0.26464844 0.30761719
v -0.16699219 0.26464844 0.30761719
v -0.16699219 0.26464844 0.30761719
v -0.17871094 0.29589844 0.26269531
v -0.17871094 0.29589844 0.26269531
v -0.20996094 0.29980469 0.23730469
v -0.20996094 0.29980469 0.23730469
v -0.23730469 0.29980469 0.20996094
v -0.23730469 0.29980469 0.20996094
v -0.26464844 0.29785156 0.17871094
v -0.26464844 0.29785156 0.17871094
v -0.28808594 0.29394531 0.14550781
v -0.30761719 0.29199219 0.11035157
v -0.32128906 0.29003906 0.07324219
v -0.33105469 0.29199219 0.04003907
v -0.33105469 0.29199219 0.04003907
v -0.33691406 0.29394531 0.00683594
v -0.33691406 0.29394531 0.00683594
v -0.33886719 0.29589844 -0.02636718
v -0.33886719 0.29589844 -0.02636718
v -0.33496094 0.29589844 -0.06152343
v -0.33496094 0.29589844 -0.06152343
v -0.32519531 0.29589844 -0.09667969
v -0.32519531 0.29589844 -0.09667969
v -0.30957031 0.29394531 -0.13183594
v -0.29199219 0.29394531 -0.16308594
v -0.27246094 0.29199219 -0.19433594
v -0.27246094 0.29199219 -0.19433594
v -0.24902344 0.29394531 -0.22167969
v -0.22558594 0.29394531 -0.24902344
v -0.19824219 0.29394531 -0.27246094
v -0.19824219 0.29394531 -0.27246094
v -0.21582031 0.26269531 -0.29785156
v -0.22753906 0.22753906 -0.32128906
v -0.23535156 0.18652344 -0.33691406
v -0.24316406 0.14746094 -0.35644531
v -0.24707031 0.10449219 -0.36621094
v -0.25097656 0.06347657 -0.37402344
v -0.25097656 0.06347657 -0.37402344
v -0.25683594 0.02246094 -0.37988281
v -0.25683594 0.02246094 -0.37988281
v -0.26269531 -0.01855468 -0.38378906
v -0.26660156 -0.05761718 -0.38378906
v -0.26855469 -0.09667969 -0.38378906
v -0.26855469 -0.13769531 -0.38183594
v -0.26464844 -0.18066406 -0.37792969
v -0.25683594 -0.22167969 -0.37011719
v -0.24707031 -0.26464844 -0.35839844
v -0.24707031 -0.26464844 -0.35839844
v -0.23339844 -0.30371094 -0.34277344
v -0.23339844 -0.30371094 -0.34277344
v -0.21777344 -0.34082031 -0.32519531
v -0.22753906 -0.37792969 -0.28417969
v -0.23144531 -0.41308594 -0.24316406
v -0.23144531 -0.44238281 -0.20410156
v -0.23144531 -0.44238281 -0.20410156
v -0.22753906 -0.46386719 -0.16308594
v -0.19824219 -0.47558594 -0.14550781
v -0.17089844 -0.48144531 -0.12402344
v -0.17089844 -0.48144531 -0.12402344
v -0.14941406 -0.48144531 -0.09082031
v -0.12011719 -0.47558594 -0.07324219
v -0.11230469 -0.47558594 -0.08300781
v -0.11230469 -0.47558594 -0.08300781
v -0.10449219 -0.47753906 -0.09277344
v -0.09472656 -0.47949219 -0.10253906
v -0.06738281 -0.46972656 -0.07910156
v -0.05957031 -0.47167969 -0.08496094
v -0.04394531 -0.46191406 -0.06347656
v -0.03222656 -0.46191406 -0.05371093
v -0.02246093 -0.46191406 -0.04589843
v -0.02246093 -0.46191406 -0.04589843
v -0.01269531 -0.46386719 -0.03808593
v -0.00488281 -0.46386719 -0.03222656
v 0.00292969 -0.46582031 -0.02636718
v 0.01269532 -0.46777344 -0.02050781
v 0.02246094 -0.46777344 -0.01464843
v 0.03027344 -0.46972656 -0.00878906
v 0.03613282 -0.46972656 0.00292969
v 0.04589844 -0.47167969 0.00878907
v 0.05761719 -0.47363281 0.01660157
v 0.06738282 -0.47558594 0.02246094
v 0.08105469 -0.47558594 0.03027344
v 0.09667969 -0.47753906 0.04394532
v 0.12011719 -0.48339844 0.05957032
v 0.14550781 -0.48925781 0.07519532
v 0.14550781 -0.48925781 0.07519532
v 0.17480469 -0.49316406 0.09277344
v 0.17480469 -0.49316406 0.09277344
v 0.16503906 -0.48925781 0.11230469
v 0.16503906 -0.48925781 0.11230469
v 0.15136719 -0.48730469 0.12988281
v 0.15136719 -0.48730469 0.12988281
v 0.19433594 -0.48339844 0.13378906
v 0.22363281 -0.46191406 0.15332031
v 0.24707031 -0.43652344 0.16894531
v 0.27050781 -0.41113281 0.18652344
v 0.29394531 -0.38378906 0.20214844
v 0.29394531 -0.38378906 0.20214844
v 0.31347656 -0.35449219 0.21777344
v 0.31347656 -0.35449219 0.21777344
v 0.33300781 -0.32324219 0.23339844
v 0.34667969 -0.28613281 0.24902344
v 0.35839844 -0.24707031 0.26269531
v 0.36816406 -0.20605469 0.27246094
v 0.36816406 -0.20605469 0.27246094
v 0.37597656 -0.16503906 0.27832031
v 0.37597656 -0.16503906 0.27832031
v 0.38183594 -0.12011719 0.28027344
v 0.38183594 -0.12011719 0.28027344
v 0.34667969 -0.11816406 0.32324219
v 0.30761719 -0.11425781 0.35839844
v 0.26464844 -0.11230469 0.38964844
v 0.22363281 -0.06738281 0.41503906
v 0.22363281 -0.06738281 0.41503906
v 0.17675781 -0.06542969 0.43652344
v 0.17675781 -0.06542969 0.43652344
v 0.12988281 -0.01855468 0.44824219
v 0.12988281 -0.01855468 0.44824219
v 0.08300782 -0.01855468 0.45996094
v 0.08300782 -0.01855468 0.45996094
v 0.03222657 -0.01855468 0.46386719
v 0.03222657 -0.01855468 0.46386719
v -0.01464843 0.02636719 0.45800781
v -0.05761718 0.06933594 0.44238281
v -0.05761718 0.06933594 0.44238281
v -0.09667969 0.11230469 0.42480469
v -0.13183594 0.15527344 0.39746094
v -0.16113281 0.19433594 0.36425781
v -0.18652344 0.23339844 0.32714844
v -0.18652344 0.23339844 0.32714844
v -0.20214844 0.26855469 0.28417969
v -0.20214844 0.26855469 0.28417969
v -0.23535156 0.27050781 0.25878906
v -0.26660156 0.27050781 0.22949219
v -0.29394531 0.26855469 0.19628906
v -0.31738281 0.26660156 0.15917969
v -0.33496094 0.26464844 0.12207032
v -0.34863281 0.26269531 0.08300782
v -0.36035156 0.26269531 0.04394532
v -0.36816406 0.26464844 0.00683594
v -0.37011719 0.26464844 -0.03222656
v -0.36425781 0.26464844 -0.07128906
v -0.35253906 0.26464844 -0.11230469
v -0.35253906 0.26464844 -0.11230469
v -0.33691406 0.26269531 -0.14941406
v -0.33691406 0.26269531 -0.14941406
v -0.31738281 0.26269531 -0.18261719
v -0.31738281 0.26269531 -0.18261719
v -0.31738281 0.26269531 -0.18261719
v -0.31738281 0.26269531 -0.18261719
v -0.29589844 0.26269531 -0.21386719
v -0.29589844 0.26269531 -0.21386719
v -0.27050781 0.26269531 -0.24511719
v -0.27050781 0.26269531 -0.24511719
v -0.24511719 0.26269531 -0.27246094
v -0.24511719 0.26269531 -0.27246094
v -0.26074219 0.22753906 -0.29394531
v -0.26855469 0.18847656 -0.31152344
v -0.27832031 0.14746094 -0.32910156
v -0.28417969 0.10644532 -0.33886719
v -0.28808594 0.06347657 -0.34667969
v -0.28808594 0.06347657 -0.34667969
v -0.29394531 0.02246094 -0.35058594
v -0.29394531 0.02246094 -0.35058594
v -0.29980469 -0.01855468 -0.35253906
v -0.30371094 -0.05761718 -0.35449219
v -0.30566406 -0.09863281 -0.35449219
v -0.30371094 -0.13964844 -0.35058594
v -0.29980469 -0.18066406 -0.34667969
v -0.29199219 -0.22363281 -0.34082031
v -0.28027344 -0.26464844 -0.33300781
v -0.28027344 -0.26464844 -0.33300781
v -0.26660156 -0.30371094 -0.31933594
v -0.24707031 -0.34277344 -0.30175781
v -0.25292969 -0.37792969 -0.26074219
v -0.25292969 -0.41308594 -0.21972656
v -0.25292969 -0.41308594 -0.21972656
v -0.25097656 -0.44238281 -0.17871094
v -0.24121094 -0.46386719 -0.13769531
v -0.21191406 -0.47558594 -0.12402344
v -0.18066406 -0.48144531 -0.10644531
v -0.15722656 -0.47949219 -0.07519531
v -0.12402344 -0.47558594 -0.06347656
v -0.09472656 -0.46777344 -0.05175781
v -0.08886719 -0.46777344 -0.05957031
v -0.08886719 -0.46777344 -0.05957031
v -0.08300781 -0.46777344 -0.06738281
v -0.08300781 -0.46777344 -0.06738281
v -0.07714844 -0.46777344 -0.07324219
v -0.05175781 -0.46191406 -0.05957031
v -0.03808593 -0.45996094 -0.04785156
v -0.02832031 -0.45996094 -0.03808593
v -0.02832031 -0.45996094 -0.03808593
v -0.02050781 -0.46191406 -0.03027343
v -0.01269531 -0.46191406 -0.02246093
v -0.00292968 -0.46386719 -0.01660156
v 0.00488282 -0.46582031 -0.01074218
v 0.01464844 -0.46777344 -0.00488281
v 0.02832032 -0.46972656 0.00683594
v 0.04394532 -0.46972656 0.02050782
v 0.05371094 -0.46972656 0.02832032
v 0.06347657 -0.46972656 0.03417969
v 0.07714844 -0.46972656 0.04199219
v 0.09277344 -0.47167969 0.05566407
v 0.11425782 -0.47558594 0.07128907
v 0.13574219 -0.48339844 0.09082032
v 0.13574219 -0.48339844 0.09082032
v 0.12597656 -0.47949219 0.10644532
v 0.11425782 -0.47753906 0.12011719
v 0.11425782 -0.47753906 0.12011719
v 0.13574219 -0.48730469 0.14550781
v 0.13574219 -0.48730469 0.14550781
v 0.16113281 -0.48535156 0.17089844
v 0.17871094 -0.48339844 0.15332031
v 0.17871094 -0.48339844 0.15332031
v 0.17871094 -0.48339844 0.15332031
v 0.20605469 -0.46582031 0.17675781
v 0.20605469 -0.46582031 0.17675781
v 0.22753906 -0.43847656 0.19628906
v 0.22753906 -0.43847656 0.19628906
v 0.24707031 -0.41113281 0.21582031
v 0.24707031 -0.41113281 0.21582031
v 0.26660156 -0.38378906 0.23535156
v 0.26660156 -0.38378906 0.23535156
v 0.28613281 -0.35449219 0.25292969
v 0.28613281 -0.35449219 0.25292969
v 0.28613281 -0.35449219 0.25292969
v 0.30371094 -0.32128906 0.27246094
v 0.30371094 -0.32128906 0.27246094
v 0.30371094 -0.32128906 0.27246094
v 0.31542969 -0.28613281 0.29003906
v 0.31542969 -0.28613281 0.29003906
v 0.32519531 -0.24511719 0.30371094
v 0.32519531 -0.24511719 0.30371094
v 0.33300781 -0.20410156 0.31347656
v 0.33300781 -0.20410156 0.31347656
v 0.34082031 -0.16113281 0.31933594
v 0.34082031 -0.16113281 0.31933594
v 0.30175781 -0.15917969 0.35644531
v 0.26074219 -0.15527344 0.38574219
v 0.21972656 -0.11035156 0.41503906
v 0.17480469 -0.11035156 0.43847656
v 0.12988281 -0.06347656 0.45410156
v 0.08105469 -0.06152343 0.46386719
v 0.03222657 -0.06347656 0.46777344
v -0.01660156 -0.01855468 0.46386719
v -0.01660156 -0.01855468 0.46386719
v -0.06152343 0.02636719 0.45214844
v -0.06152343 0.02636719 0.45214844
v -0.10253906 0.06933594 0.43261719
v -0.14160156 0.11230469 0.41113281
v -0.17480469 0.15527344 0.38183594
v -0.20214844 0.19433594 0.34472656
v -0.20214844 0.19433594 0.34472656
v -0.22363281 0.23339844 0.30566406
v -0.25878906 0.23535156 0.27636719
v -0.29003906 0.23535156 0.24511719
v -0.31933594 0.23339844 0.20996094
v -0.34277344 0.23339844 0.17089844
v -0.36035156 0.23144531 0.12988281
v -0.37402344 0.22949219 0.08886719
v -0.38574219 0.22949219 0.04785157
v -0.39355469 0.22753906 0.00488282
v -0.39355469 0.22753906 -0.03808593
v -0.38769531 0.22949219 -0.08105469
v -0.37597656 0.22949219 -0.12402344
v -0.35839844 0.22753906 -0.16308594
v -0.33691406 0.22753906 -0.20019531
v -0.33691406 0.22753906 -0.20019531
v -0.33691406 0.22753906 -0.20019531
v -0.33691406 0.22753906 -0.20019531
v -0.31347656 0.22753906 -0.23535156
v -0.31347656 0.22753906 -0.23535156
v -0.28808594 0.22753906 -0.26464844
v -0.29980469 0.18652344 -0.28222656
v -0.31152344 0.14746094 -0.29785156
v -0.31738281 0.10644532 -0.30761719
v -0.32128906 0.06347657 -0.31347656
v -0.32128906 0.06347657 -0.31347656
v -0.32128906 0.06347657 -0.31347656
v -0.32714844 0.02246094 -0.31738281
v -0.32714844 0.02246094 -0.31738281
v -0.33300781 -0.01855468 -0.31933594
v -0.33300781 -0.01855468 -0.31933594
v -0.33886719 -0.05957031 -0.32128906
v -0.33886719 -0.05957031 -0.32128906
v -0.34082031 -0.10058594 -0.31933594
v -0.34082031 -0.10058594 -0.31933594
v -0.33886719 -0.14160156 -0.31738281
v -0.33886719 -0.14160156 -0.31738281
v -0.33300781 -0.18261719 -0.31347656
v -0.33300781 -0.18261719 -0.31347656
v -0.32324219 -0.22558594 -0.30957031
v -0.32324219 -0.22558594 -0.30957031
v -0.32324219 -0.22558594 -0.30957031
v -0.31152344 -0.26660156 -0.30175781
v -0.31152344 -0.26660156 -0.30175781
v -0.31152344 -0.26660156 -0.30175781
v -0.29589844 -0.30566406 -0.29003906
v -0.29589844 -0.30566406 -0.29003906
v -0.27636719 -0.34277344 -0.27636719
v -0.27636719 -0.34277344 -0.27636719
v -0.27636719 -0.37988281 -0.23339844
v -0.27636719 -0.37988281 -0.23339844
v -0.27246094 -0.41503906 -0.19042969
v -0.26660156 -0.44238281 -0.14941406
v -0.25292969 -0.46191406 -0.11230469
v -0.22167969 -0.47363281 -0.10058594
v -0.19042969 -0.47949219 -0.08886719
v -0.16113281 -0.48144531 -0.06152343
v -0.12792969 -0.47558594 -0.05175781
v -0.09863281 -0.46777344 -0.04394531
v -0.07324219 -0.46191406 -0.03417968
v -0.06933594 -0.45996094 -0.04199218
v -0.06933594 -0.45996094 -0.04199218
v -0.06542969 -0.45996094 -0.04785156
v -0.06542969 -0.45996094 -0.04785156
v -0.05957031 -0.45996094 -0.05371093
v -0.04394531 -0.45800781 -0.04199218
v -0.03417968 -0.45800781 -0.03027343
v -0.03417968 -0.45800781 -0.03027343
v -0.02636718 -0.45996094 -0.02246093
v -0.03222656 -0.45800781 -0.01660156
v -0.03222656 -0.45800781 -0.01660156
v -0.02246093 -0.45996094 -0.01269531
v -0.02246093 -0.45996094 -0.01269531
v -0.01269531 -0.46191406 -0.01269531
v -0.01074218 -0.46386719 -0.00683593
v -0.00097656 -0.46582031 -0.00097656
v 0.00683594 -0.46777344 0.00488282
v 0.01464844 -0.46777344 0.01074219
v 0.02246094 -0.46972656 0.01855469
v 0.03027344 -0.46972656 0.02441407
v 0.04003907 -0.46972656 0.03027344
v 0.04980469 -0.46777344 0.03808594
v 0.05957032 -0.46582031 0.04785157
v 0.07128907 -0.46386719 0.05566407
v 0.08691407 -0.46582031 0.06738282
v 0.10644532 -0.47167969 0.08300782
v 0.09667969 -0.46777344 0.09472657
v 0.09667969 -0.46777344 0.09472657
v 0.08691407 -0.46582031 0.10644532
v 0.10253907 -0.47753906 0.13183594
v 0.11816407 -0.48535156 0.15917969
v 0.13964844 -0.48535156 0.18652344
v 0.16113281 -0.47363281 0.21386719
v 0.18457031 -0.46972656 0.19628906
v 0.18457031 -0.46972656 0.19628906
v 0.20410156 -0.44433594 0.21972656
v 0.20410156 -0.44433594 0.21972656
v 0.22167969 -0.41699219 0.24121094
v 0.23925781 -0.38769531 0.26269531
v 0.25488281 -0.35644531 0.28417969
v 0.25488281 -0.35644531 0.28417969
v 0.26855469 -0.32128906 0.30566406
v 0.27832031 -0.28417969 0.32324219
v 0.28808594 -0.24316406 0.33886719
v 0.29589844 -0.20214844 0.34863281
v 0.25488281 -0.20019531 0.37792969
v 0.21386719 -0.19824219 0.40332031
v 0.21777344 -0.15527344 0.41113281
v 0.17285156 -0.15527344 0.43457031
v 0.12792969 -0.11035156 0.45605469
v 0.08105469 -0.10839844 0.46582031
v 0.03027344 -0.10839844 0.46972656
v -0.01855468 -0.06152343 0.46777344
v -0.06542969 -0.01855468 0.45800781
v -0.06542969 -0.01855468 0.45800781
v -0.10839844 0.02636719 0.44042969
v -0.10839844 0.02636719 0.44042969
v -0.14941406 0.06933594 0.41894531
v -0.18457031 0.11230469 0.39160156
v -0.18457031 0.11230469 0.39160156
v -0.21777344 0.15527344 0.36035156
v -0.21777344 0.15527344 0.36035156
v -0.24121094 0.19433594 0.31933594
v -0.27832031 0.19433594 0.29003906
v -0.30957031 0.19628906 0.25683594
v -0.33886719 0.19433594 0.21972656
v -0.36230469 0.19433594 0.17871094
v -0.38183594 0.19238281 0.13574219
v -0.39550781 0.19238281 0.09277344
v -0.40722656 0.19042969 0.04785157
v -0.41113281 0.18847656 0.00292969
v -0.40917969 0.18847656 -0.04394531
v -0.40332031 0.19042969 -0.09082031
v -0.38964844 0.19042969 -0.13378906
v -0.37207031 0.19042969 -0.17675781
v -0.35058594 0.18847656 -0.21386719
v -0.35058594 0.18847656 -0.21386719
v -0.32519531 0.18847656 -0.24902344
v -0.33886719 0.14941406 -0.26464844
v -0.34667969 0.10644532 -0.27441406
v -0.35058594 0.06542969 -0.27832031
v -0.35058594 0.06542969 -0.27832031
v -0.35644531 0.02246094 -0.28222656
v -0.35644531 0.02246094 -0.28222656
v -0.36425781 -0.01855468 -0.28417969
v -0.37011719 -0.05957031 -0.28417969
v -0.37011719 -0.10058594 -0.28222656
v -0.36816406 -0.14355469 -0.28027344
v -0.36230469 -0.18457031 -0.27832031
v -0.35253906 -0.22753906 -0.27441406
v -0.35253906 -0.22753906 -0.27441406
v -0.33886719 -0.26855469 -0.26855469
v -0.32324219 -0.30957031 -0.25878906
v -0.30175781 -0.34667969 -0.24707031
v -0.30175781 -0.34667969 -0.24707031
v -0.29785156 -0.38183594 -0.20214844
v -0.29003906 -0.41503906 -0.16113281
v -0.28027344 -0.44433594 -0.12011719
v -0.26074219 -0.46191406 -0.08300781
v -0.22949219 -0.47363281 -0.07714844
v -0.19433594 -0.47949219 -0.06933594
v -0.19824219 -0.47949219 -0.04980468
v -0.16308594 -0.48144531 -0.04589843
v -0.13183594 -0.47753906 -0.04003906
v -0.10058594 -0.46972656 -0.03417968
v -0.07714844 -0.46191406 -0.02636718
v -0.05957031 -0.45800781 -0.02246093
v -0.05566406 -0.45800781 -0.02832031
v -0.04980468 -0.45800781 -0.03417968
v -0.04980468 -0.45800781 -0.03417968
v -0.04980468 -0.45800781 -0.03417968
v -0.04003906 -0.45800781 -0.02441406
v -0.04003906 -0.45800781 -0.02441406
v -0.04003906 -0.45800781 -0.02441406
v -0.03808593 -0.45800781 -0.01074218
v -0.03027343 -0.45996094 -0.00488281
v -0.03027343 -0.45996094 -0.00488281
v -0.02246093 -0.46191406 -0.00097656
v -0.01660156 -0.46386719 0.00488282
v -0.01660156 -0.46386719 0.00488282
v -0.00878906 -0.46582031 0.01074219
v -0.00878906 -0.46582031 0.01074219
v -0.00097656 -0.46777344 0.01464844
v -0.00097656 -0.46777344 0.01464844
v 0.00878907 -0.46972656 0.02050782
v 0.00878907 -0.46972656 0.02050782
v 0.00878907 -0.46972656 0.02050782
v 0.01660157 -0.46972656 0.02832032
v 0.01660157 -0.46972656 0.02832032
v 0.02441407 -0.46972656 0.03417969
v 0.02441407 -0.46972656 0.03417969
v 0.03417969 -0.46777344 0.04199219
v 0.03417969 -0.46777344 0.04199219
v 0.04394532 -0.46582031 0.04980469
v 0.04394532 -0.46582031 0.04980469
v 0.05371094 -0.46386719 0.05761719
v 0.05371094 -0.46386719 0.05761719
v 0.06542969 -0.46191406 0.06738282
v 0.06542969 -0.46191406 0.06738282
v 0.07910157 -0.46191406 0.07714844
v 0.07910157 -0.46191406 0.07714844
v 0.06933594 -0.46191406 0.08886719
v 0.07519532 -0.46582031 0.11425782
v 0.08691407 -0.47753906 0.14355469
v 0.10058594 -0.48535156 0.17285156
v 0.11816407 -0.48535156 0.20214844
v 0.13769531 -0.47363281 0.23144531
v 0.15332031 -0.45214844 0.25683594
v 0.18066406 -0.45019531 0.23925781
v 0.19433594 -0.42089844 0.26269531
v 0.20996094 -0.39160156 0.28613281
v 0.22167969 -0.35839844 0.30957031
v 0.22167969 -0.35839844 0.30957031
v 0.23144531 -0.32324219 0.33300781
v 0.23925781 -0.28417969 0.35253906
v 0.24707031 -0.24316406 0.36816406
v 0.20996094 -0.24121094 0.39160156
v 0.17480469 -0.24121094 0.40917969
v 0.17089844 -0.19824219 0.42480469
v 0.12402344 -0.20214844 0.44042969
v 0.12597656 -0.15722656 0.45019531
v 0.07714844 -0.15527344 0.46191406
v 0.02832032 -0.15527344 0.46582031
v -0.02050781 -0.10839844 0.46777344
v -0.06933594 -0.06152343 0.45996094
v -0.11425781 -0.01855468 0.44628906
v -0.11425781 -0.01855468 0.44628906
v -0.11425781 -0.01855468 0.44628906
v -0.15527344 0.02636719 0.42480469
v -0.15527344 0.02636719 0.42480469
v -0.19433594 0.06933594 0.39941406
v -0.19433594 0.06933594 0.39941406
v -0.22753906 0.11230469 0.36816406
v -0.22753906 0.11230469 0.36816406
v -0.25683594 0.15527344 0.33300781
v -0.29589844 0.15527344 0.30175781
v -0.32910156 0.15527344 0.26660156
v -0.35839844 0.15527344 0.22558594
v -0.38378906 0.15527344 0.18261719
v -0.40332031 0.15332031 0.13964844
v -0.41699219 0.15332031 0.09277344
v -0.42675781 0.15136719 0.04785157
v -0.42871094 0.14941406 -0.00097656
v -0.42480469 0.14941406 -0.04980468
v -0.41894531 0.15136719 -0.09863281
v -0.40722656 0.15136719 -0.14355469
v -0.38769531 0.15136719 -0.18847656
v -0.36425781 0.14941406 -0.22753906
v -0.36425781 0.14941406 -0.22753906
v -0.37402344 0.10839844 -0.23730469
v -0.37402344 0.10839844 -0.23730469
v -0.37792969 0.06738282 -0.24121094
v -0.37792969 0.06738282 -0.24121094
v -0.37792969 0.06738282 -0.24121094
v -0.38378906 0.02441407 -0.24316406
v -0.38378906 0.02441407 -0.24316406
v -0.39160156 -0.01660156 -0.24511719
v -0.39746094 -0.05957031 -0.24511719
v -0.39941406 -0.10253906 -0.24316406
v -0.39550781 -0.14550781 -0.24121094
v -0.38964844 -0.18847656 -0.23925781
v -0.37792969 -0.22949219 -0.23535156
v -0.36425781 -0.27246094 -0.23144531
v -0.36425781 -0.27246094 -0.23144531
v -0.34667969 -0.31152344 -0.22363281
v -0.32324219 -0.34863281 -0.21582031
v -0.31542969 -0.38574219 -0.17089844
v -0.30371094 -0.41699219 -0.12792969
v -0.28808594 -0.44433594 -0.08886719
v -0.26464844 -0.46191406 -0.05566406
v -0.23144531 -0.47363281 -0.05371093
v -0.23144531 -0.47558594 -0.02832031
v -0.19824219 -0.48144531 -0.02832031
v -0.16503906 -0.48339844 -0.02832031
v -0.13183594 -0.47949219 -0.02636718
v -0.10058594 -0.47167969 -0.02246093
v -0.07714844 -0.46386719 -0.01855468
v -0.05175781 -0.45800781 -0.01660156
v -0.05175781 -0.45800781 -0.01660156
v -0.05371093 -0.45996094 -0.00878906
v -0.04394531 -0.45996094 -0.00292968
v -0.03808593 -0.46191406 0.00292969
v -0.03027343 -0.46386719 0.00878907
v -0.02246093 -0.46582031 0.01464844
v -0.01660156 -0.46582031 0.02050782
v -0.00878906 -0.46777344 0.02636719
v 0.00097657 -0.46972656 0.03222657
v 0.00878907 -0.46972656 0.03808594
v 0.00878907 -0.46972656 0.03808594
v 0.01855469 -0.46972656 0.04394532
v 0.02832032 -0.46777344 0.05175782
v 0.03808594 -0.46582031 0.05957032
v 0.04589844 -0.46386719 0.06738282
v 0.05761719 -0.45996094 0.07714844
v 0.05957032 -0.46191406 0.09863282
v 0.06347657 -0.46777344 0.12207032
v 0.07128907 -0.47753906 0.15332031
v 0.08300782 -0.48339844 0.18457031
v 0.09667969 -0.48339844 0.21582031
v 0.11230469 -0.47167969 0.24511719
v 0.12402344 -0.45214844 0.27246094
v 0.13378906 -0.42675781 0.29980469
v 0.16699219 -0.42480469 0.28222656
v 0.17871094 -0.39355469 0.30761719
v 0.17871094 -0.39355469 0.30761719
v 0.18847656 -0.36035156 0.33105469
v 0.19628906 -0.32519531 0.35449219
v 0.20019531 -0.28613281 0.37597656
v 0.17089844 -0.28808594 0.39355469
v 0.12402344 -0.28613281 0.40722656
v 0.12597656 -0.24511719 0.42480469
v 0.07324219 -0.24707031 0.43847656
v 0.07519532 -0.20410156 0.45214844
v 0.02441407 -0.20019531 0.45800781
v -0.02246093 -0.15332031 0.46386719
v -0.07128906 -0.10644531 0.45996094
v -0.11816406 -0.06152343 0.44824219
v -0.16113281 -0.01660156 0.42871094
v -0.16113281 -0.01660156 0.42871094
v -0.20019531 0.02636719 0.40332031
v -0.20019531 0.02636719 0.40332031
v -0.20019531 0.02636719 0.40332031
v -0.23730469 0.06933594 0.37402344
v -0.23730469 0.06933594 0.37402344
v -0.27050781 0.11230469 0.34082031
v -0.30761719 0.11230469 0.30761719
v -0.34277344 0.11230469 0.26855469
v -0.37207031 0.11230469 0.22753906
v -0.39746094 0.11230469 0.18457031
v -0.41503906 0.11035157 0.13769531
v -0.43066406 0.11035157 0.09277344
v -0.43847656 0.10839844 0.04394532
v -0.43847656 0.10839844 -0.00488281
v -0.43652344 0.11035157 -0.05371093
v -0.43066406 0.11035157 -0.10449219
v -0.41699219 0.11230469 -0.15136719
v -0.39746094 0.11035157 -0.19628906
v -0.40332031 0.06933594 -0.20019531
v -0.40332031 0.06933594 -0.20019531
v -0.40917969 0.02636719 -0.20214844
v -0.40917969 0.02636719 -0.20214844
v -0.41699219 -0.01464843 -0.20410156
v -0.42285156 -0.05957031 -0.20410156
v -0.42480469 -0.10449219 -0.20214844
v -0.42089844 -0.14746094 -0.20019531
v -0.41113281 -0.19238281 -0.19628906
v -0.39941406 -0.23339844 -0.19433594
v -0.38574219 -0.27441406 -0.19042969
v -0.38574219 -0.27441406 -0.19042969
v -0.36621094 -0.31542969 -0.18652344
v -0.34277344 -0.35058594 -0.17871094
v -0.33105469 -0.38769531 -0.13574219
v -0.31347656 -0.41894531 -0.09277344
v -0.29394531 -0.44238281 -0.05566406
v -0.26464844 -0.46386719 -0.02636718
v -0.23144531 -0.47949219 -0.00292968
v -0.19628906 -0.48730469 -0.00683593
v -0.16308594 -0.48730469 -0.00878906
v -0.13183594 -0.48144531 -0.01074218
v -0.10058594 -0.47363281 -0.01269531
v -0.07714844 -0.46582031 -0.01074218
v -0.06738281 -0.46191406 -0.01074218
v -0.06738281 -0.46191406 -0.01074218
v -0.06152343 -0.46191406 -0.00488281
v -0.06152343 -0.46191406 -0.00488281
v -0.05566406 -0.46191406 0.00097657
v -0.04980468 -0.46191406 0.00878907
v -0.04394531 -0.46386719 0.01464844
v -0.03808593 -0.46386719 0.02050782
v -0.03222656 -0.46582031 0.02441407
v -0.02441406 -0.46777344 0.03027344
v -0.01660156 -0.46777344 0.03613282
v -0.00878906 -0.46972656 0.04199219
v 0.00097657 -0.46972656 0.04785157
v 0.01074219 -0.46972656 0.05371094
v 0.01074219 -0.46972656 0.05371094
v 0.02050782 -0.46777344 0.06152344
v 0.03027344 -0.46582031 0.06933594
v 0.03808594 -0.46386719 0.07714844
v 0.04785157 -0.46191406 0.08691407
v 0.05175782 -0.46386719 0.10644532
v 0.04199219 -0.46777344 0.11621094
v 0.04980469 -0.46972656 0.12792969
v 0.05566407 -0.47753906 0.15917969
v 0.06347657 -0.48339844 0.19238281
v 0.07324219 -0.48144531 0.22558594
v 0.08496094 -0.47167969 0.25683594
v 0.09277344 -0.45214844 0.28613281
v 0.09863282 -0.42675781 0.31347656
v 0.14355469 -0.39746094 0.32519531
v 0.14355469 -0.39746094 0.32519531
v 0.14941406 -0.36230469 0.35058594
v 0.14941406 -0.36230469 0.35058594
v 0.15722656 -0.32714844 0.37207031
v 0.11425782 -0.32519531 0.38964844
v 0.07128907 -0.28808594 0.42089844
v 0.02246094 -0.24511719 0.44238281
v -0.02636718 -0.19824219 0.45410156
v -0.07324219 -0.15136719 0.45605469
v -0.12011719 -0.10644531 0.44628906
v -0.16503906 -0.06152343 0.42871094
v -0.20605469 -0.01660156 0.40527344
v -0.20605469 -0.01660156 0.40527344
v -0.24511719 0.02636719 0.37597656
v -0.24511719 0.02636719 0.37597656
v -0.28027344 0.06933594 0.34472656
v -0.31933594 0.06933594 0.30957031
v -0.35449219 0.06933594 0.27050781
v -0.38378906 0.06933594 0.22753906
v -0.40722656 0.06738282 0.18261719
v -0.42480469 0.06738282 0.13574219
v -0.42480469 0.06738282 0.13574219
v -0.44042969 0.06542969 0.08886719
v -0.44042969 0.06542969 0.08886719
v -0.44628906 0.06542969 0.04199219
v -0.44628906 0.06542969 0.04199219
v -0.44628906 0.06738282 -0.00878906
v -0.44628906 0.06738282 -0.00878906
v -0.44433594 0.06738282 -0.05957031
v -0.44433594 0.06738282 -0.05957031
v -0.43847656 0.06933594 -0.10839844
v -0.43847656 0.06933594 -0.10839844
v -0.42285156 0.06933594 -0.15527344
v -0.42285156 0.06933594 -0.15527344
v -0.43066406 0.02832032 -0.15917969
v -0.43066406 0.02832032 -0.15917969
v -0.43652344 -0.01464843 -0.15917969
v -0.44238281 -0.05957031 -0.15917969
v -0.44433594 -0.10644531 -0.15722656
v -0.43847656 -0.15136719 -0.15527344
v -0.43066406 -0.19628906 -0.15332031
v -0.41699219 -0.23925781 -0.15136719
v -0.40136719 -0.28027344 -0.14941406
v -0.40136719 -0.28027344 -0.14941406
v -0.38183594 -0.31933594 -0.14550781
v -0.35839844 -0.35449219 -0.14160156
v -0.34277344 -0.38964844 -0.09863281
v -0.31933594 -0.41894531 -0.05761718
v -0.29394531 -0.44238281 -0.02441406
v -0.26269531 -0.46582031 0.00097657
v -0.22753906 -0.48535156 0.02246094
v -0.19433594 -0.49316406 0.01660157
v -0.16113281 -0.49121094 0.00878907
v -0.12792969 -0.48535156 0.00292969
v -0.09863281 -0.47558594 -0.00097656
v -0.07519531 -0.46777344 -0.00292968
v -0.07519531 -0.46777344 -0.00292968
v -0.07128906 -0.46777344 0.00683594
v -0.07128906 -0.46777344 0.00683594
v -0.06738281 -0.46777344 0.01464844
v -0.06152343 -0.46777344 0.02246094
v -0.05371093 -0.46777344 0.03222657
v -0.04589843 -0.46777344 0.03808594
v -0.03808593 -0.46777344 0.04589844
v -0.03027343 -0.46777344 0.05175782
v -0.02050781 -0.46972656 0.05761719
v -0.01074218 -0.46972656 0.06347657
v 0.00097657 -0.46972656 0.06933594
v 0.00097657 -0.46972656 0.06933594
v 0.01074219 -0.46972656 0.07519532
v 0.01074219 -0.46972656 0.07519532
v 0.02050782 -0.46777344 0.08105469
v 0.03027344 -0.46582031 0.08886719
v 0.04003907 -0.46386719 0.09667969
v 0.03027344 -0.46582031 0.10839844
v 0.03808594 -0.46972656 0.13183594
v 0.03808594 -0.47949219 0.16503906
v 0.04199219 -0.48535156 0.19824219
v 0.04785157 -0.48339844 0.23144531
v 0.05566407 -0.47167969 0.26464844
v 0.06152344 -0.45214844 0.29394531
v 0.05957032 -0.42871094 0.32128906
v 0.10058594 -0.39746094 0.34082031
v 0.10058594 -0.39746094 0.34082031
v 0.10644532 -0.36230469 0.36621094
v 0.06347657 -0.32519531 0.40136719
v 0.01855469 -0.28613281 0.42675781
v -0.02832031 -0.24121094 0.44042969
v -0.07714844 -0.19628906 0.44628906
v -0.12402344 -0.14941406 0.44238281
v -0.16894531 -0.10449219 0.42871094
v -0.21191406 -0.05957031 0.40527344
v -0.25292969 -0.01660156 0.37792969
v -0.28808594 0.02636719 0.34472656
v -0.28808594 0.02636719 0.34472656
v -0.28808594 0.02636719 0.34472656
v -0.32714844 0.02636719 0.30761719
v -0.32714844 0.02636719 0.30761719
v -0.36230469 0.02636719 0.26855469
v -0.36230469 0.02636719 0.26855469
v -0.39160156 0.02636719 0.22558594
v -0.39160156 0.02636719 0.22558594
v -0.41308594 0.02441407 0.18066406
v -0.41308594 0.02441407 0.18066406
v -0.43261719 0.02441407 0.13378906
v -0.43261719 0.02441407 0.13378906
v -0.44628906 0.02246094 0.08691407
v -0.44628906 0.02246094 0.08691407
v -0.45410156 0.02246094 0.03808594
v -0.45410156 0.02246094 0.03808594
v -0.45214844 0.02441407 -0.01269531
v -0.45214844 0.02441407 -0.01269531
v -0.45019531 0.02636719 -0.06152343
v -0.45019531 0.02636719 -0.06152343
v -0.44433594 0.02832032 -0.11230469
v -0.44433594 0.02832032 -0.11230469
v -0.45019531 -0.01660156 -0.11230469
v -0.45605469 -0.06152343 -0.11230469
v -0.45605469 -0.10644531 -0.11230469
v -0.45214844 -0.15332031 -0.10839844
v -0.44238281 -0.19824219 -0.10644531
v -0.42675781 -0.24121094 -0.10449219
v -0.41113281 -0.28222656 -0.10449219
v -0.41113281 -0.28222656 -0.10449219
v -0.39355469 -0.32128906 -0.10253906
v -0.37011719 -0.35644531 -0.10253906
v -0.34863281 -0.38964844 -0.05957031
v -0.32128906 -0.41699219 -0.02246093
v -0.29199219 -0.44433594 0.00683594
v -0.26074219 -0.46972656 0.03027344
v -0.22363281 -0.48925781 0.04785157
v -0.18847656 -0.49707031 0.03808594
v -0.15527344 -0.49511719 0.02832032
v -0.12402344 -0.48730469 0.01855469
v -0.09472656 -0.47753906 0.01074219
v -0.09082031 -0.47753906 0.02050782
v -0.09082031 -0.47753906 0.02050782
v -0.08496094 -0.47753906 0.03027344
v -0.07714844 -0.47558594 0.04003907
v -0.06933594 -0.47363281 0.04980469
v -0.06152343 -0.47167969 0.05957032
v -0.04980468 -0.47167969 0.06738282
v -0.04003906 -0.47167969 0.07519532
v -0.02832031 -0.46972656 0.08105469
v -0.01660156 -0.46972656 0.08691407
v -0.00488281 -0.46972656 0.09277344
v -0.00488281 -0.46972656 0.09277344
v 0.00683594 -0.46777344 0.09863282
v 0.00683594 -0.46777344 0.09863282
v 0.01855469 -0.46777344 0.10449219
v 0.02050782 -0.47167969 0.13378906
v 0.01855469 -0.47949219 0.16699219
v 0.02050782 -0.48535156 0.20019531
v 0.02246094 -0.48144531 0.23535156
v 0.02441407 -0.47167969 0.26660156
v 0.03027344 -0.45410156 0.29589844
v 0.04003907 -0.42871094 0.32324219
v 0.05175782 -0.39941406 0.34863281
v 0.05175782 -0.39941406 0.34863281
v 0.05566407 -0.36425781 0.37792969
v 0.01074219 -0.32519531 0.40527344
v -0.03417968 -0.28417969 0.42480469
v -0.07910156 -0.23925781 0.43457031
v -0.12597656 -0.19433594 0.43261719
v -0.17089844 -0.14746094 0.42285156
v -0.21582031 -0.10253906 0.40332031
v -0.25683594 -0.05957031 0.37792969
v -0.29589844 -0.01660156 0.34472656
v -0.29589844 -0.01660156 0.34472656
v -0.33496094 -0.01464843 0.30761719
v -0.36816406 -0.01464843 0.26660156
v -0.39746094 -0.01660156 0.22363281
v -0.42089844 -0.01660156 0.17675781
v -0.44042969 -0.01855468 0.13183594
v -0.45410156 -0.02050781 0.08300782
v -0.45996094 -0.02050781 0.03417969
v -0.45800781 -0.01855468 -0.01464843
v -0.45605469 -0.01660156 -0.06542969
v -0.46191406 -0.06152343 -0.06542969
v -0.46191406 -0.10839844 -0.06542969
v -0.45800781 -0.15332031 -0.06152343
v -0.44628906 -0.20019531 -0.05957031
v -0.43066406 -0.24316406 -0.05761718
v -0.41503906 -0.28417969 -0.05761718
v -0.41503906 -0.28417969 -0.05761718
v -0.39746094 -0.32324219 -0.05957031
v -0.37597656 -0.35839844 -0.06152343
v -0.35058594 -0.38964844 -0.02246093
v -0.32128906 -0.41699219 0.01074219
v -0.29003906 -0.44433594 0.03613282
v -0.25683594 -0.47167969 0.05761719
v -0.21777344 -0.49316406 0.07324219
v -0.18261719 -0.49902344 0.05957032
v -0.14941406 -0.49707031 0.04589844
v -0.11816406 -0.48925781 0.03222657
v -0.11230469 -0.48925781 0.04394532
v -0.11230469 -0.48925781 0.04394532
v -0.10449219 -0.48730469 0.05566407
v -0.09667969 -0.48339844 0.06738282
v -0.08691406 -0.47949219 0.07910157
v -0.07519531 -0.47753906 0.08886719
v -0.06347656 -0.47558594 0.10058594
v -0.04980468 -0.47558594 0.10839844
v -0.03613281 -0.47363281 0.11621094
v -0.02246093 -0.47363281 0.12402344
v -0.00878906 -0.47167969 0.12792969
v -0.00878906 -0.47167969 0.12792969
v 0.00683594 -0.47167969 0.13183594
v 0.00683594 -0.47167969 0.13183594
v 0.00097657 -0.47949219 0.16699219
v 0.00097657 -0.47949219 0.16699219
v -0.00292968 -0.48339844 0.20019531
v -0.00292968 -0.48339844 0.20019531
v -0.00488281 -0.47949219 0.23339844
v -0.00488281 -0.47949219 0.23339844
v -0.00488281 -0.46972656 0.26464844
v -0.00488281 -0.46972656 0.26464844
v -0.00488281 -0.45214844 0.29589844
v -0.00488281 -0.45214844 0.29589844
v 0.00097657 -0.42871094 0.32519531
v 0.00097657 -0.42871094 0.32519531
v 0.00292969 -0.39941406 0.35253906
v 0.00292969 -0.39941406 0.35253906
v 0.00292969 -0.39941406 0.35253906
v 0.00488282 -0.36425781 0.38183594
v 0.00488282 -0.36425781 0.38183594
v -0.03808593 -0.32324219 0.40527344
v -0.08300781 -0.28222656 0.41699219
v -0.12792969 -0.23730469 0.42089844
v -0.17285156 -0.19042969 0.41503906
v -0.21777344 -0.14550781 0.39941406
v -0.26074219 -0.10058594 0.37597656
v -0.30175781 -0.05761718 0.34277344
v -0.30175781 -0.05761718 0.34277344
v -0.34082031 -0.05761718 0.30566406
v -0.37597656 -0.05761718 0.26464844
v -0.40332031 -0.05761718 0.21972656
v -0.42675781 -0.05957031 0.17480469
v -0.44433594 -0.06152343 0.12792969
v -0.45800781 -0.06152343 0.08105469
v -0.46386719 -0.06347656 0.03222657
v -0.46386719 -0.06347656 -0.01660156
v -0.46386719 -0.10839844 -0.01660156
v -0.45996094 -0.15332031 -0.01660156
v -0.45019531 -0.19824219 -0.01464843
v -0.43457031 -0.24121094 -0.01269531
v -0.41699219 -0.28222656 -0.01464843
v -0.41699219 -0.28222656 -0.01464843
v -0.39941406 -0.32128906 -0.01855468
v -0.39941406 -0.32128906 -0.01855468
v -0.37792969 -0.35644531 -0.02050781
v -0.35253906 -0.38769531 0.01464844
v -0.31933594 -0.41503906 0.04394532
v -0.28613281 -0.44433594 0.06738282
v -0.25097656 -0.47363281 0.08496094
v -0.20996094 -0.49316406 0.09472657
v -0.17285156 -0.49902344 0.07910157
v -0.14160156 -0.49707031 0.06152344
v -0.14160156 -0.49707031 0.06152344
v -0.13183594 -0.49511719 0.07714844
v -0.12402344 -0.49121094 0.09082032
v -0.11230469 -0.48535156 0.10253907
v -0.10058594 -0.48339844 0.11621094
v -0.08496094 -0.48144531 0.12792969
v -0.06933594 -0.48144531 0.13769531
v -0.05371093 -0.47949219 0.14941406
v -0.03613281 -0.47949219 0.15722656
v -0.01660156 -0.47753906 0.16308594
v -0.01660156 -0.47753906 0.16308594
v -0.02441406 -0.48144531 0.19628906
v -0.03027343 -0.47949219 0.22753906
v -0.03613281 -0.46972656 0.26074219
v -0.04003906 -0.45214844 0.29003906
v -0.04003906 -0.45214844 0.29003906
v -0.04199218 -0.42871094 0.32128906
v -0.04199218 -0.42871094 0.32128906
v -0.04199218 -0.39941406 0.35058594
v -0.04199218 -0.39941406 0.35058594
v -0.04199218 -0.39941406 0.35058594
v -0.04199218 -0.39941406 0.35058594
v -0.04199218 -0.36230469 0.37988281
v -0.04199218 -0.36230469 0.37988281
v -0.08496094 -0.32324219 0.39746094
v -0.12988281 -0.28027344 0.40527344
v -0.17480469 -0.23535156 0.40332031
v -0.21972656 -0.18847656 0.39160156
v -0.26269531 -0.14355469 0.37011719
v -0.30566406 -0.09863281 0.34082031
v -0.30566406 -0.09863281 0.34082031
v -0.34472656 -0.09863281 0.30371094
v -0.37792969 -0.09863281 0.26074219
v -0.40722656 -0.09863281 0.21777344
v -0.42871094 -0.10058594 0.17285156
v -0.44628906 -0.10253906 0.12597656
v -0.45996094 -0.10449219 0.07910157
v -0.46582031 -0.10644531 0.03027344
v -0.46191406 -0.15136719 0.03027344
v -0.45214844 -0.19433594 0.03027344
v -0.43847656 -0.23730469 0.03027344
v -0.42089844 -0.27832031 0.02832032
v -0.40332031 -0.31933594 0.02246094
v -0.40332031 -0.31933594 0.02246094
v -0.37988281 -0.35449219 0.01855469
v -0.35253906 -0.38574219 0.04980469
v -0.31738281 -0.41503906 0.07714844
v -0.28027344 -0.44628906 0.09667969
v -0.24316406 -0.47363281 0.11035157
v -0.19824219 -0.49121094 0.11621094
v -0.19824219 -0.49121094 0.11621094
v -0.16308594 -0.49707031 0.09667969
v -0.16308594 -0.49707031 0.09667969
v -0.15136719 -0.49316406 0.11230469
v -0.13964844 -0.48730469 0.12792969
v -0.12402344 -0.48339844 0.14160156
v -0.10839844 -0.48339844 0.15527344
v -0.08886719 -0.48339844 0.16699219
v -0.06738281 -0.48339844 0.17871094
v -0.04589843 -0.48144531 0.18847656
v -0.05761718 -0.47949219 0.21972656
v -0.06542969 -0.47167969 0.25097656
v -0.07324219 -0.45605469 0.28222656
v -0.07910156 -0.43066406 0.31152344
v -0.08300781 -0.39941406 0.34277344
v -0.08691406 -0.36230469 0.37207031
v -0.08691406 -0.36230469 0.37207031
v -0.12988281 -0.32128906 0.38574219
v -0.17480469 -0.27636719 0.38769531
v -0.21972656 -0.23144531 0.37988281
v -0.26269531 -0.18457031 0.36230469
v -0.30566406 -0.14160156 0.33691406
v -0.30566406 -0.14160156 0.33691406
v -0.34277344 -0.13964844 0.29980469
v -0.37597656 -0.13964844 0.25878906
v -0.40527344 -0.13964844 0.21386719
v -0.42675781 -0.14160156 0.16894531
v -0.44433594 -0.14355469 0.12402344
v -0.45605469 -0.14746094 0.07714844
v -0.44824219 -0.19042969 0.07519532
v -0.43652344 -0.23144531 0.07324219
v -0.42089844 -0.27441406 0.06933594
v -0.40332031 -0.31542969 0.06347657
v -0.40332031 -0.31542969 0.06347657
v -0.37988281 -0.35253906 0.05761719
v -0.34863281 -0.38378906 0.08691407
v -0.31152344 -0.41503906 0.11035157
v -0.27246094 -0.44628906 0.12402344
v -0.23144531 -0.47363281 0.13378906
v -0.18457031 -0.48730469 0.13378906
v -0.18457031 -0.48730469 0.13378906
v -0.16894531 -0.48144531 0.15136719
v -0.15136719 -0.47949219 0.16699219
v -0.12988281 -0.47949219 0.18261719
v -0.10644531 -0.47949219 0.19628906
v -0.08300781 -0.48144531 0.20996094
v -0.09667969 -0.47363281 0.24121094
v -0.10644531 -0.45605469 0.27050781
v -0.11425781 -0.43066406 0.29980469
v -0.12207031 -0.39941406 0.33105469
v -0.12792969 -0.36035156 0.36035156
v -0.12792969 -0.36035156 0.36035156
v -0.17285156 -0.31933594 0.36816406
v -0.21777344 -0.27441406 0.36621094
v -0.26269531 -0.22753906 0.35253906
v -0.30371094 -0.18261719 0.33105469
v -0.30371094 -0.18261719 0.33105469
v -0.34082031 -0.18066406 0.29394531
v -0.37207031 -0.18066406 0.25292969
v -0.39941406 -0.18066406 0.20996094
v -0.42089844 -0.18261719 0.16699219
v -0.43652344 -0.18652344 0.12207032
v -0.42675781 -0.22753906 0.11816407
v -0.41308594 -0.26855469 0.11230469
v -0.39941406 -0.31152344 0.10644532
v -0.39941406 -0.31152344 0.10644532
v -0.37597656 -0.34863281 0.09667969
v -0.34277344 -0.38378906 0.12402344
v -0.30175781 -0.41503906 0.14160156
v -0.25878906 -0.44433594 0.15136719
v -0.21582031 -0.46972656 0.15527344
v -0.21582031 -0.46972656 0.15527344
v -0.19628906 -0.46777344 0.17480469
v -0.17480469 -0.46582031 0.19433594
v -0.15136719 -0.46777344 0.21191406
v -0.12402344 -0.47167969 0.22753906
v -0.13769531 -0.45410156 0.25683594
v -0.14746094 -0.42871094 0.28613281
v -0.15722656 -0.39550781 0.31738281
v -0.16699219 -0.35839844 0.34472656
v -0.16699219 -0.35839844 0.34472656
v -0.21386719 -0.31542969 0.34863281
v -0.21386719 -0.31542969 0.34863281
v -0.25878906 -0.27050781 0.34082031
v -0.30175781 -0.22558594 0.32128906
v -0.30175781 -0.22558594 0.32128906
v -0.33691406 -0.22363281 0.28613281
v -0.33691406 -0.22363281 0.28613281
v -0.36621094 -0.22167969 0.24707031
v -0.39160156 -0.22167969 0.20605469
v -0.41113281 -0.22363281 0.16113281
v -0.39941406 -0.26464844 0.15527344
v -0.38769531 -0.30761719 0.14746094
v -0.38769531 -0.30761719 0.14746094
v -0.36621094 -0.34667969 0.13769531
v -0.32910156 -0.38183594 0.15917969
v -0.28417969 -0.41503906 0.17285156
v -0.24121094 -0.44433594 0.17480469
v -0.24121094 -0.44433594 0.17480469
v -0.21972656 -0.44238281 0.19824219
v -0.19433594 -0.44433594 0.21972656
v -0.16699219 -0.44824219 0.23925781
v -0.18066406 -0.42285156 0.26855469
v -0.19238281 -0.39160156 0.29980469
v -0.20410156 -0.35449219 0.32519531
v -0.25097656 -0.31152344 0.32519531
v -0.25097656 -0.31152344 0.32519531
v -0.29589844 -0.26855469 0.31152344
v -0.29589844 -0.26855469 0.31152344
v -0.29589844 -0.26855469 0.31152344
v -0.33105469 -0.26660156 0.27636719
v -0.33105469 -0.26660156 0.27636719
v -0.33105469 -0.26660156 0.27636719
v -0.35839844 -0.26464844 0.23925781
v -0.38183594 -0.26464844 0.19824219
v -0.37011719 -0.30566406 0.18847656
v -0.37011719 -0.30566406 0.18847656
v -0.35253906 -0.34667969 0.17480469
v -0.30957031 -0.38183594 0.19433594
v -0.26464844 -0.41308594 0.20019531
v -0.26464844 -0.41308594 0.20019531
v -0.23925781 -0.41503906 0.22558594
v -0.23925781 -0.41503906 0.22558594
v -0.20996094 -0.41699219 0.24902344
v -0.22558594 -0.38574219 0.27636719
v -0.24121094 -0.35058594 0.30371094
v -0.28808594 -0.30957031 0.29589844
v -0.28808594 -0.30957031 0.29589844
v -0.32128906 -0.30761719 0.26464844
v -0.32128906 -0.30761719 0.26464844
v -0.32128906 -0.30761719 0.26464844
v -0.32128906 -0.30761719 0.26464844
v -0.34863281 -0.30566406 0.22753906
v -0.34863281 -0.30566406 0.22753906
v -0.33105469 -0.34667969 0.21191406
v -0.28613281 -0.38183594 0.22558594
v -0.28613281 -0.38183594 0.22558594
v -0.25683594 -0.38378906 0.25292969
v -0.25683594 -0.38378906 0.25292969
v -0.27441406 -0.34863281 0.27636719
v -0.27441406 -0.34863281 0.27636719
v -0.30566406 -0.34667969 0.24707031
v -0.30566406 -0.34667969 0.24707031
vt 0.06919967 0.23639280
vt 0.06811628 0.23608756
vt 0.07173266 0.23544669
vt 0.07159533 0.30122834
vt 0.07545587 0.30133516
vt 0.06793316 0.23501945
vt 0.07338063 0.30231172
vt 0.07653926 0.30278480
vt 0.06416418 0.23590446
vt 0.07911803 0.30255586
vt 0.07808042 0.30405128
vt 0.08041505 0.30380714
vt 0.06143282 0.23590446
vt 0.08326849 0.30527198
vt 0.06123446 0.23851377
vt 0.06349279 0.23826963
vt 0.06617838 0.23744565
vt 0.06913863 0.23775083
vt 0.07052720 0.23947507
vt 0.07229725 0.23855954
vt 0.07402152 0.23698789
vt 0.06803998 0.30208284
vt 0.06993210 0.30299842
vt 0.07008469 0.30476844
vt 0.07295338 0.30486000
vt 0.07588311 0.30528724
vt 0.07833982 0.30617225
vt 0.08128481 0.30672163
vt 0.08371099 0.30826277
vt 0.08566415 0.30719465
vt 0.05976959 0.24084842
vt 0.06253147 0.24086368
vt 0.06494240 0.24115360
vt 0.06694133 0.24029911
vt 0.06803998 0.24379337
vt 0.07124437 0.24235904
vt 0.07353323 0.24194705
vt 0.07612726 0.24110782
vt 0.07856870 0.24025333
vt 0.06556801 0.30601966
vt 0.06858930 0.30763716
vt 0.07231250 0.30864424
vt 0.07475395 0.30887312
vt 0.07806516 0.30998701
vt 0.08050660 0.31055164
vt 0.08355840 0.31039900
vt 0.08610666 0.31046003
vt 0.05976959 0.24388492
vt 0.06205844 0.24429697
vt 0.06526284 0.24423593
vt 0.06971847 0.24837112
vt 0.07278553 0.24779123
vt 0.07573052 0.24660105
vt 0.07879759 0.24594492
vt 0.06099031 0.30930036
vt 0.06352331 0.31076527
vt 0.06724651 0.31252003
vt 0.07078660 0.31355762
vt 0.07403678 0.31429005
vt 0.07695125 0.31546503
vt 0.08050660 0.31529719
vt 0.08320744 0.31554133
vt 0.08598459 0.31532770
vt 0.05976959 0.24887466
vt 0.06248569 0.24866104
vt 0.06569009 0.24869156
vt 0.06726177 0.25548178
vt 0.07054245 0.25592434
vt 0.07392996 0.25535971
vt 0.07734798 0.25461203
vt 0.08075074 0.25340658
vt 0.05886931 0.31674677
vt 0.06182956 0.31873047
vt 0.06559853 0.31998169
vt 0.06884871 0.32082093
vt 0.07179370 0.32199585
vt 0.07617304 0.32285041
vt 0.07893492 0.32257575
vt 0.08169680 0.32292670
vt 0.08490120 0.32347602
vt 0.06013580 0.25702298
vt 0.06282140 0.25645840
vt 0.06440833 0.26669717
vt 0.06884871 0.26654458
vt 0.07202259 0.26637673
vt 0.07551690 0.26620889
vt 0.07882810 0.26607156
vt 0.08198673 0.26579690
vt 0.05624475 0.32892346
vt 0.05952545 0.33067828
vt 0.06292821 0.33125812
vt 0.06619364 0.33189899
vt 0.07038987 0.33263141
vt 0.07382315 0.33344012
vt 0.07705806 0.33350116
vt 0.07985047 0.33379108
vt 0.08334478 0.33298236
vt 0.06103609 0.26666665
vt 0.06420997 0.27853817
vt 0.06910811 0.27830929
vt 0.07257191 0.27862972
vt 0.07605097 0.27858394
vt 0.07948425 0.27846187
vt 0.08332952 0.27888912
vt 0.05444419 0.34230566
vt 0.08612192 0.28081179
vt 0.05748073 0.34407568
vt 0.06109712 0.34454870
vt 0.06569009 0.34554052
vt 0.06901655 0.34601361
vt 0.07270924 0.34579998
vt 0.07689021 0.34650189
vt 0.07911803 0.34590679
vt 0.08264286 0.34544897
vt 0.06128023 0.27924007
vt 0.41860074 0.99987793
vt 0.06413367 0.29013503
vt 0.47577631 0.83628595
vt 0.06750591 0.28892958
vt 0.47562373 0.84585333
vt 0.07153429 0.28928053
vt 0.47414359 0.85166705
vt 0.07585260 0.28993666
vt 0.47287709 0.85725188
vt 0.07904173 0.29047072
vt 0.47731745 0.86410314
vt 0.08329900 0.29201192
vt 0.08679332 0.29182881
vt 0.47832456 0.88075078
vt 0.05653468 0.35761046
vt 0.47869077 0.90655375
vt 0.06042573 0.35924315
vt 0.06558327 0.35948730
vt 0.47476920 0.93060195
vt 0.06907759 0.36050963
vt 0.46826887 0.94666970
vt 0.07299916 0.35983825
vt 0.45679408 0.96253908
vt 0.07756161 0.35950255
vt 0.43941405 0.98072785
vt 0.08072022 0.35860229
vt 0.08363470 0.35741210
vt 0.42810711 0.99156177
vt 0.05905242 0.29004347
vt 0.05864042 0.29831386
vt 0.41126117 0.97497523
vt 0.06329443 0.29701686
vt 0.40375373 0.98582435
vt 0.45506981 0.84019226
vt 0.45261312 0.84754711
vt 0.45244527 0.85362017
vt 0.44975966 0.86326391
vt 0.09057756 0.30115205
vt 0.44837111 0.87318230
vt 0.44701305 0.88599986
vt 0.05050736 0.36830699
vt 0.44811168 0.89736784
vt 0.06097505 0.37177080
vt 0.44536507 0.91204703
vt 0.07144274 0.37149614
vt 0.44368657 0.92356753
vt 0.07756161 0.37045854
vt 0.43750668 0.93560696
vt 0.08377203 0.36888683
vt 0.43012130 0.94695961
vt 0.42398718 0.95698482
vt 0.08722057 0.36527050
vt 0.41805142 0.96607918
vt 0.38553444 0.95053023
vt 0.38204014 0.95883113
vt 0.37479210 0.97055006
vt 0.37329671 0.97956818
vt 0.42909896 0.84031433
vt 0.42461279 0.84919512
vt 0.42052338 0.85583276
vt 0.41855496 0.86356908
vt 0.41731900 0.87328911
vt 0.41165790 0.88499272
vt 0.40933853 0.89662015
vt 0.40531015 0.90952927
vt 0.40117493 0.91920346
vt 0.39536124 0.93032730
vt 0.39046311 0.93980318
vt 0.34702069 0.93621731
vt 0.34514382 0.94547951
vt 0.34082550 0.95768672
vt 0.33786526 0.96890211
vt 0.34024566 0.97936982
vt 0.39989319 0.83227283
vt 0.39569697 0.83877319
vt 0.39037156 0.84496832
vt 0.38406959 0.85535973
vt 0.37737086 0.86704814
vt 0.37265584 0.87730223
vt 0.36588082 0.88976884
vt 0.36179140 0.89927518
vt 0.35812923 0.91067368
vt 0.35359731 0.92172122
vt 0.31047532 0.90463114
vt 0.30360875 0.92161441
vt 0.30096895 0.93258566
vt 0.29828337 0.94757003
vt 0.29979399 0.96066225
vt 0.30254063 0.97309834
vt 0.37711146 0.80741590
vt 0.37228963 0.81646448
vt 0.36719310 0.82452124
vt 0.35823604 0.83349359
vt 0.34602883 0.84267950
vt 0.33904022 0.85366595
vt 0.32936600 0.86559856
vt 0.32193485 0.87881285
vt 0.31534293 0.89169145
vt 0.14119174 0.50521100
vt 0.26739910 0.87667656
vt 0.13733120 0.51825738
vt 0.26190585 0.89239335
vt 0.13026626 0.52753490
vt 0.25709927 0.90490580
vt 0.12072938 0.53826201
vt 0.25442892 0.92104983
vt 0.11009384 0.55002671
vt 0.25391012 0.93774319
vt 0.10385291 0.56066227
vt 0.80053407 0.80492866
vt 0.25752652 0.95432973
vt 0.26616311 0.97305256
vt 0.17819485 0.36578929
vt 0.35445181 0.78188753
vt 0.35199511 0.79325551
vt 0.34552529 0.80184633
vt 0.33717862 0.81002516
vt 0.32349128 0.82040131
vt 0.15783933 0.42972457
vt 0.31027696 0.82996869
vt 0.15242237 0.46784163
vt 0.29646754 0.84292364
vt 0.14930953 0.48097962
vt 0.28549629 0.85392535
vt 0.27418935 0.86750591
vt 0.14529641 0.49561304
vt 0.11161975 0.47290760
vt 0.10582132 0.48363471
vt 0.10052644 0.49228656
vt 0.09591821 0.50318152
vt 0.08847181 0.51250476
vt 0.77898830 0.79043257
vt 0.08148318 0.52533758
vt 0.07986572 0.53823149
vt 0.77459371 0.79566646
vt 0.23935302 0.97883576
vt 0.77257955 0.80309761
vt 0.16093691 0.36864269
vt 0.15944152 0.38397801
vt 0.33543909 0.77421224
vt 0.15094225 0.39221787
vt 0.33022049 0.78234529
vt 0.32083619 0.79369801
vt 0.14509805 0.40718699
vt 0.12338445 0.40047306
vt 0.30722514 0.80056459
vt 0.13833830 0.42189670
vt 0.28848708 0.81516749
vt 0.13157855 0.43801022
vt 0.12353704 0.45050734
vt 0.11706722 0.46083772
vt 0.08815137 0.44322878
vt 0.08195621 0.44885939
vt 0.07522698 0.45793849
vt 0.07130541 0.46794844
vt 0.06329443 0.48432136
vt 0.75837338 0.78080416
vt 0.05694667 0.50273895
vt 0.05282673 0.51497674
vt 0.75530630 0.79002059
vt 0.75465018 0.80178529
vt 0.14804304 0.36191350
vt 0.14181735 0.37532616
vt 0.13371481 0.38625163
vt 0.12117189 0.38182652
vt 0.10772870 0.39258415
vt 0.11331350 0.41255820
vt 0.10373083 0.42293429
vt 0.09726100 0.43294424
vt 0.07008469 0.42658120
vt 0.06225681 0.43666744
vt 0.05706874 0.44394600
vt 0.05217060 0.45459676
vt 0.04856947 0.46277559
vt 0.04457160 0.47556269
vt 0.04213016 0.49069965
vt 0.74572366 0.77579916
vt 0.73986417 0.78587013
vt 0.73858243 0.79858088
vt 0.74367893 0.81417561
vt 0.13244832 0.36624706
vt 0.65975434 0.75411612
vt 0.66552222 0.77318990
vt 0.64034486 0.76101321
vt 0.61582363 0.76517892
vt 0.64390022 0.78147554
vt 0.67341113 0.79406422
vt 0.64815748 0.80285347
vt 0.67895019 0.81295490
vt 0.65618372 0.82401770
vt 0.67454034 0.85381854
vt 0.66489661 0.84045166
vt 0.68848705 0.82880902
vt 0.71053636 0.82293433
vt 0.69854277 0.80584419
vt 0.69021136 0.78576332
vt 0.68271917 0.76467538
vt 0.67460138 0.74700540
vt 0.65897614 0.73298240
vt 0.65246052 0.74290073
vt 0.63662165 0.73962009
vt 0.26602578 0.57457846
vt 0.61057448 0.73066300
vt 0.29161516 0.57308304
vt 0.60183108 0.76337838
vt 0.61550319 0.79093611
vt 0.62069124 0.81445026
vt 0.62915999 0.83477533
vt 0.63703364 0.85311663
vt 0.64866102 0.87046617
vt 0.42534524 0.31543452
vt 0.14302281 0.11110091
vt 0.66015106 0.88860917
vt 0.68349737 0.87104601
vt 0.66903180 0.90606546
vt 0.16147096 0.14750898
vt 0.19606318 0.17488366
vt 0.43244067 0.33159381
vt 0.16133364 0.17283893
vt 0.19253834 0.14929426
vt 0.69391930 0.88609141
vt 0.70513469 0.85935760
vt 0.69608605 0.84316778
vt 0.80395210 0.81898224
vt 0.71702147 0.83781183
vt 0.74030674 0.83205920
vt 0.83106738 0.82702374
vt 0.11760128 0.36899364
vt 0.12979324 0.35286486
vt 0.73092240 0.81690699
vt 0.85598534 0.82786298
vt 0.09475853 0.38535136
vt 0.09689479 0.40424198
vt 0.08416876 0.40991837
vt 0.07632563 0.41890591
vt 0.05546654 0.41614407
vt 0.77399862 0.08889908
vt 0.04032959 0.41023880
vt 0.04625009 0.43031967
vt 0.74035251 0.09108108
vt 0.03935302 0.44208437
vt 0.72446781 0.09404135
vt 0.03402762 0.45452046
vt 0.03062486 0.47113758
vt 0.71378654 0.10887313
vt 0.74146640 0.75994503
vt 0.73336387 0.76696420
vt 0.72652781 0.78023958
vt 0.72074467 0.79295033
vt 0.70408177 0.77663845
vt 0.69387352 0.75719845
vt 0.68412298 0.73762113
vt 0.67731744 0.71110094
vt 0.66811627 0.71985960
vt 0.63865107 0.72457469
vt 0.25290301 0.55523002
vt 0.62635231 0.70406651
vt 0.25178912 0.57802701
vt 0.27196154 0.60616463
vt 0.29132524 0.60105288
vt 0.31013963 0.59327078
vt 0.32599375 0.58278781
vt 0.57457846 0.79763484
vt 0.40617990 0.28030825
vt 0.58391696 0.82302588
vt 0.40643930 0.28984511
vt 0.59438467 0.84747082
vt 0.40843824 0.29895478
vt 0.60738534 0.86979479
vt 0.41029984 0.30872053
vt 0.61890590 0.89008927
vt 0.63274586 0.91024643
vt 0.41312277 0.31839478
vt 0.13374533 0.14883649
vt 0.41670862 0.32863355
vt 0.13237202 0.16917676
vt 0.42066070 0.33878082
vt 0.43891051 0.34258032
vt 0.16119631 0.21380943
vt 0.42475012 0.34837872
vt 0.13275349 0.21728849
vt 0.43956664 0.34854656
vt 0.15745784 0.23311210
vt 0.16852064 0.25693142
vt 0.17972076 0.23859006
vt 0.20018311 0.20065612
vt 0.22438392 0.20552379
vt 0.79987794 0.84690624
vt 0.22629130 0.18443578
vt 0.22281224 0.16311896
vt 0.79977113 0.83434808
vt 0.71540397 0.87391472
vt 0.72425419 0.85403222
vt 0.81605250 0.83172351
vt 0.08999771 0.37143511
vt 0.84666210 0.84159613
vt 0.87338066 0.84965289
vt 0.87699705 0.83852905
vt 0.08723583 0.39157701
vt 0.88355839 0.82961774
vt 0.07450981 0.39320976
vt 0.06398108 0.40547800
vt 0.05032425 0.39949644
vt 0.77093154 0.09863430
vt 0.93994051 0.82975507
vt 0.77988863 0.09568930
vt 0.95642024 0.81472492
vt 0.78416115 0.08117801
vt 0.76789504 0.06793314
vt 0.03405814 0.42536050
vt 0.76176089 0.08085757
vt 0.74428934 0.07357901
vt 0.74480814 0.73554587
vt 0.72494090 0.07939267
vt 0.70980394 0.09637600
vt 0.73455405 0.74425876
vt 0.72527659 0.75437552
vt 0.71560234 0.76592660
vt 0.70429540 0.74616617
vt 0.69341576 0.72837412
vt 0.69942778 0.72053099
vt 0.68424505 0.69997710
vt 0.80729383 0.86288244
vt 0.21467918 0.54746318
vt 0.66439307 0.68155944
vt 0.22702372 0.55071336
vt 0.65484095 0.69388878
vt 0.64696729 0.70821702
vt 0.23945983 0.55265129
vt 0.23830014 0.57753873
vt 0.25543603 0.60825515
vt 0.25868618 0.64310670
vt 0.27774471 0.64007020
vt 0.29958037 0.63408864
vt 0.39116502 0.25548178
vt 0.32094300 0.62528419
vt 0.38989854 0.26913863
vt 0.34373999 0.60965896
vt 0.54802775 0.82710004
vt 0.36112002 0.59380484
vt 0.39031053 0.28065920
vt 0.39137864 0.29083693
vt 0.39328602 0.30072480
vt 0.39636835 0.31128407
vt 0.40035096 0.32259101
vt 0.40456244 0.33377582
vt 0.40976578 0.34575421
vt 0.41532007 0.35692376
vt 0.43160143 0.35753417
vt 0.13080034 0.25726712
vt 0.43909362 0.36668956
vt 0.13963531 0.28740370
vt 0.63149464 0.26202792
vt 0.15962462 0.31697565
vt 0.18628214 0.28392464
vt 0.20733958 0.25529867
vt 0.21944000 0.22941941
vt 0.24719615 0.21982145
vt 0.82909894 0.86590374
vt 0.25279620 0.19678032
vt 0.25201800 0.17790496
vt 0.82716107 0.84222174
vt 0.85574120 0.85171282
vt 0.89243913 0.85348284
vt 0.05999848 0.37705046
vt 0.76729989 0.11070418
vt 0.05738918 0.38843364
vt 0.91340506 0.84194708
vt 0.92550546 0.84994280
vt 0.93737698 0.85369647
vt 0.95188832 0.83660638
vt 0.96749830 0.81632715
vt 0.79212636 0.07032883
vt 0.77743191 0.05833524
vt 0.76140994 0.04615855
vt 0.75313956 0.05668730
vt 0.73665982 0.04661632
vt 0.72832835 0.05889982
vt 0.74337375 0.71627378
vt 0.71227586 0.04403752
vt 0.70394444 0.06126499
vt 0.73641568 0.72892344
vt 0.72565806 0.71305406
vt 0.72158390 0.72283512
vt 0.71584648 0.73333335
vt 0.70478368 0.71126878
vt 0.80231935 0.85378802
vt 0.69118792 0.69233233
vt 0.67260242 0.67141223
vt 0.80225831 0.86233312
vt 0.80868238 0.87496758
vt 0.81486231 0.87263298
vt 0.20656139 0.57323569
vt 0.81988251 0.86860454
vt 0.22140841 0.57555509
vt 0.82867169 0.88035399
vt 0.21733426 0.60659194
vt 0.23616388 0.60904860
vt 0.23709469 0.64313722
vt 0.23698787 0.68223083
vt 0.26338598 0.67940795
vt 0.28661022 0.67606622
vt 0.31018540 0.66855878
vt 0.37824064 0.23775083
vt 0.37421227 0.25207907
vt 0.33769742 0.65600061
vt 0.32480353 0.70334935
vt 0.36113527 0.23231858
vt 0.35631341 0.24702829
vt 0.34271762 0.22586405
vt 0.93041885 0.80592048
vt 0.91795224 0.80305183
vt 0.33827725 0.24281681
vt 0.93499655 0.79139388
vt 0.92179751 0.78735030
vt 0.94715798 0.75024033
vt 0.93244833 0.75175095
vt 0.94641030 0.73380637
vt 0.93070877 0.73540854
vt 0.91444266 0.73885709
vt 0.91020066 0.76914626
vt 0.90730143 0.78661788
vt 0.90542459 0.80225837
vt 0.33665979 0.25999850
vt 0.35513848 0.26289767
vt 0.37311360 0.26575112
vt 0.37392232 0.27948427
vt 0.37517357 0.29163045
vt 0.37853056 0.30310524
vt 0.38226902 0.31548029
vt 0.38651103 0.32773328
vt 0.39133286 0.34065765
vt 0.39775693 0.35327685
vt 0.40416571 0.36591136
vt 0.42278171 0.36792552
vt 0.65091938 0.29131001
vt 0.43167773 0.37752348
vt 0.12680247 0.33954376
vt 0.44165713 0.38556498
vt 0.65139240 0.27808040
vt 0.65712976 0.26889449
vt 0.66198212 0.26063937
vt 0.63656062 0.25523764
vt 0.17933929 0.33362323
vt 0.62641335 0.24499887
vt 0.20488289 0.30075532
vt 0.22552834 0.27071029
vt 0.23970397 0.24281681
vt 0.26736858 0.23051804
vt 0.27505913 0.20888072
vt 0.85453576 0.87309074
vt 0.87869078 0.88055235
vt 0.90678263 0.86533916
vt 0.92213321 0.86955059
vt 0.85072100 0.08067447
vt 0.93818569 0.87743956
vt 0.83430231 0.07377738
vt 0.95220876 0.85925078
vt 0.96520942 0.84087890
vt 0.81852448 0.06633097
vt 0.80184633 0.05688566
vt 0.78780806 0.04507518
vt 0.77250326 0.03520256
vt 0.75881588 0.02163732
vt 0.74599832 0.03450066
vt 0.72196537 0.03263903
vt 0.70127416 0.02630657
vt 0.73344016 0.70457006
vt 0.77708095 0.83653009
vt 0.72211796 0.68809032
vt 0.71689939 0.69962615
vt 0.71108568 0.70431066
vt 0.69965667 0.68683910
vt 0.79885560 0.85282671
vt 0.79713130 0.86323339
vt 0.80169374 0.87481499
vt 0.81550318 0.88752574
vt 0.20112917 0.60331118
vt 0.82207978 0.88314641
vt 0.83154041 0.89796293
vt 0.83900207 0.89306480
vt 0.21277180 0.64315248
vt 0.84826428 0.90678263
vt 0.20799573 0.68039978
vt 0.86607158 0.91454947
vt 0.22996871 0.72120237
vt 0.26932174 0.71895933
vt 0.29610133 0.71287096
vt 0.30757609 0.75252920
vt 0.94999617 0.81109333
vt 0.34903488 0.21031511
vt 0.33063248 0.20189214
vt 0.94746321 0.79600215
vt 0.96134889 0.74958420
vt 0.96212709 0.73318076
vt 0.96258485 0.71624327
vt 0.94639504 0.71673155
vt 0.96319526 0.69887847
vt 0.94541848 0.69973296
vt 0.96208131 0.68181884
vt 0.94421303 0.68210876
vt 0.96131837 0.66425574
vt 0.94294649 0.66523230
vt 0.45673305 0.12233156
vt 0.96012819 0.64750135
vt 0.43909362 0.11847103
vt 0.94074923 0.64898145
vt 0.95957887 0.63114369
vt 0.46021211 0.10782027
vt 0.42587930 0.40717173
vt 0.93969637 0.63262379
vt 0.44222170 0.10385293
vt 0.46335545 0.09338522
vt 0.41255817 0.41486228
vt 0.44602120 0.08883804
vt 0.46652934 0.07830930
vt 0.39908445 0.42075229
vt 0.44968337 0.07388419
vt 0.46887922 0.06186008
vt 0.38263524 0.43703365
vt 0.45218587 0.05693144
vt 0.46929121 0.04403752
vt 0.37007704 0.45473409
vt 0.45317769 0.03938353
vt 0.34923324 0.45818263
vt 0.47046617 0.02732891
vt 0.23982605 0.87963682
vt 0.44925612 0.01283282
vt 0.32950333 0.48786145
vt 0.47737849 0.00016785
vt 0.26021209 0.87739378
vt 0.24316777 0.89066911
vt 0.42893112 0.01699853
vt 0.44663158 0.02719158
vt 0.33658350 0.50225067
vt 0.47209889 0.01312274
vt 0.34019989 0.47887391
vt 0.34941635 0.49355304
vt 0.45407796 0.02314794
vt 0.36028075 0.47377735
vt 0.38028535 0.47043562
vt 0.39235523 0.45337605
vt 0.40552378 0.44058901
vt 0.41901276 0.43321890
vt 0.91914243 0.63369191
vt 0.43508050 0.42334628
vt 0.44771495 0.41554892
vt 0.92082095 0.64998853
vt 0.92373538 0.66712445
vt 0.92596322 0.68374151
vt 0.92811477 0.70061803
vt 0.92973220 0.71833372
vt 0.91326773 0.72132444
vt 0.89587241 0.72651255
vt 0.89568931 0.75230026
vt 0.89517051 0.77039748
vt 0.89318687 0.78730452
vt 0.89225602 0.80294502
vt 0.33720914 0.27812618
vt 0.35632867 0.27887386
vt 0.35922790 0.29364461
vt 0.36192873 0.30634010
vt 0.36644542 0.32040894
vt 0.37178606 0.33417261
vt 0.37788966 0.34763104
vt 0.38489357 0.36092162
vt 0.39208058 0.37520409
vt 0.41188678 0.37787443
vt 0.42226291 0.38905931
vt 0.65978485 0.30051118
vt 0.66796368 0.29094374
vt 0.67095447 0.27823299
vt 0.67623407 0.26881820
vt 0.68253607 0.25914395
vt 0.67078662 0.25412375
vt 0.65653467 0.24803543
vt 0.64188600 0.24803543
vt 0.63266957 0.24043643
vt 0.62409401 0.23266959
vt 0.24493782 0.28686959
vt 0.26062408 0.25554281
vt 0.28154421 0.26150912
vt 0.29210347 0.23613334
vt 0.87162584 0.90733194
vt 0.89684904 0.88673228
vt 0.91119248 0.89103532
vt 0.93015945 0.89712369
vt 0.95216298 0.89036393
vt 0.85972381 0.06430149
vt 0.84271002 0.05731291
vt 0.82923627 0.05001909
vt 0.81599146 0.04043639
vt 0.80253297 0.03234911
vt 0.00422675 0.58028531
vt 0.78799117 0.02166784
vt 0.00584421 0.57669950
vt 0.77332723 0.01338214
vt 0.00753796 0.57404441
vt 0.75819027 0.82325476
vt 0.76005191 0.00482184
vt 0.76249331 0.82333106
vt 0.74648660 0.01235980
vt 0.73502707 0.02085906
vt 0.76795608 0.82841229
vt 0.71798277 0.01040667
vt 0.77183187 0.82816815
vt 0.70749980 0.01820403
vt 0.73131913 0.68029296
vt 0.68516058 0.00671399
vt 0.77254903 0.83602655
vt 0.77271688 0.84470892
vt 0.78306246 0.85029376
vt 0.70627910 0.67916381
vt 0.79508662 0.85259783
vt 0.79227895 0.86202794
vt 0.79331654 0.87432671
vt 0.80619514 0.88889909
vt 0.82204926 0.90141147
vt 0.83886474 0.91239798
vt 0.85612267 0.92161441
vt 0.20148012 0.72172123
vt 0.87595940 0.93031204
vt 0.23001450 0.76430917
vt 0.27660030 0.75918210
vt 0.28577095 0.80378425
vt 0.96002138 0.79378957
vt 0.97570765 0.75060654
vt 0.97749293 0.73400474
vt 0.97914094 0.71589231
vt 0.90713358 0.62287331
vt 0.98014802 0.69822228
vt 0.88532847 0.62099642
vt 0.98019379 0.68085754
vt 0.86526287 0.61785305
vt 0.97996491 0.66485083
vt 0.84934765 0.61553371
vt 0.47411308 0.12629890
vt 0.97886628 0.64689100
vt 0.97868317 0.63051808
vt 0.47711909 0.11166555
vt 0.48021668 0.09655911
vt 0.48329899 0.08145267
vt 0.48584726 0.06569010
vt 0.48609141 0.04788280
vt 0.48711374 0.03112841
vt 0.48828870 0.01638818
vt 0.26718548 0.85444421
vt 0.25165179 0.86256200
vt 0.23489739 0.87101549
vt 0.21261922 0.88026243
vt 0.21751736 0.89140153
vt 0.40874341 0.00807202
vt 0.40732434 0.01974517
vt 0.40430304 0.03187609
vt 0.42311743 0.03100634
vt 0.44133669 0.03961241
vt 0.34081024 0.51659417
vt 0.35523003 0.50843060
vt 0.36786449 0.48857862
vt 0.38936445 0.48584723
vt 0.40282291 0.46881819
vt 0.41498435 0.46027315
vt 0.43085375 0.44879836
vt 0.44489205 0.44034487
vt 0.45763332 0.43248647
vt 0.90093845 0.65317768
vt 0.90391392 0.67045093
vt 0.90734720 0.68796825
vt 0.91046005 0.70453954
vt 0.89294273 0.70988023
vt 0.87492180 0.71613646
vt 0.87821776 0.73778898
vt 0.87940794 0.75538266
vt 0.87965208 0.77238119
vt 0.87992674 0.78930342
vt 0.31819639 0.29382771
vt 0.88006407 0.80502021
vt 0.33891815 0.29486531
vt 0.34256503 0.31033796
vt 0.34871444 0.32591742
vt 0.35484856 0.34039825
vt 0.36202028 0.35551995
vt 0.36952773 0.37071794
vt 0.37822539 0.38539714
vt 0.40129700 0.38875413
vt 0.41284809 0.40061039
vt 0.66865033 0.30974287
vt 0.67766839 0.29939729
vt 0.68482488 0.28844130
vt 0.68934155 0.27640194
vt 0.69544518 0.26523232
vt 0.69144732 0.24043643
vt 0.70051116 0.25439841
vt 0.68763256 0.24910355
vt 0.67640191 0.24620432
vt 0.66233313 0.24225223
vt 0.64666212 0.23506522
vt 0.63767451 0.23561454
vt 0.62815291 0.22766459
vt 0.26736858 0.29398030
vt 0.61808193 0.21367210
vt 0.30493629 0.26796371
vt 0.30998704 0.24022281
vt 0.88992143 0.91419852
vt 0.90986496 0.91677731
vt 0.92668039 0.92263675
vt 0.94653237 0.90849167
vt 0.87553215 0.06889451
vt 0.88604563 0.05568016
vt 0.86796367 0.04962236
vt 0.85255206 0.03949034
vt 0.00177005 0.59385061
vt 0.84147400 0.02986193
vt 0.00494392 0.59043258
vt 0.82659650 0.02124053
vt 0.00633249 0.58770120
vt 0.81580836 0.01725793
vt 0.80604255 0.01292437
vt 0.00770581 0.58573282
vt 0.01004044 0.58248264
vt 0.01091020 0.57946134
vt 0.01200885 0.57714200
vt 0.75526053 0.82738996
vt 0.01292439 0.57416648
vt 0.00975052 0.57079422
vt 0.75951779 0.82806134
vt 0.73185319 0.00000000
vt 0.76296633 0.82827497
vt 0.76745248 0.83561456
vt 0.76699471 0.84513617
vt 0.77413595 0.85780120
vt 0.78612953 0.86076140
vt 0.78428322 0.87331963
vt 0.79645991 0.88827342
vt 0.81107807 0.90428019
vt 0.82737470 0.91720456
vt 0.84533453 0.92831314
vt 0.86424047 0.93813992
vt 0.22890058 0.80648506
vt 0.88490123 0.94572365
vt 0.97323567 0.79304188
vt 0.89475852 0.96260011
vt 0.96855116 0.60053408
vt 0.99020368 0.75202560
vt 0.95335317 0.60294497
vt 0.99319446 0.73568320
vt 0.99588007 0.71670103
vt 0.93800259 0.60497445
vt 0.91685361 0.60590523
vt 0.99757379 0.68195617
vt 0.89242387 0.60479134
vt 0.99797052 0.66431677
vt 0.87272447 0.60080874
vt 0.85215533 0.59780270
vt 0.83675897 0.59514761
vt 0.49628443 0.11563289
vt 0.49735257 0.10023654
vt 0.49907684 0.08488595
vt 0.50220495 0.06965744
vt 0.50229651 0.05122453
vt 0.50310522 0.03498894
vt 0.50406653 0.01994354
vt 0.50699627 0.00360113
vt 0.24321355 0.84687573
vt 0.22670329 0.85691613
vt 0.20976578 0.86291295
vt 0.20299077 0.84832531
vt 0.18754864 0.85671777
vt 0.19398795 0.86936748
vt 0.19616999 0.88366520
vt 0.20024414 0.89745939
vt 0.39212635 0.00752270
vt 0.38997483 0.02030975
vt 0.38912031 0.03314257
vt 0.38660258 0.04635692
vt 0.40148014 0.04731822
vt 0.32935074 0.54769206
vt 0.41672388 0.04774547
vt 0.43488213 0.05354393
vt 0.34305334 0.53878081
vt 0.35634392 0.52710766
vt 0.37586021 0.50334936
vt 0.39864194 0.50102997
vt 0.41297016 0.48668653
vt 0.42835125 0.47391468
vt 0.44278631 0.46416420
vt 0.45616847 0.45659572
vt 0.87762266 0.64226747
vt 0.88010985 0.65850306
vt 0.88477910 0.67588311
vt 0.88874650 0.69288170
vt 0.87048143 0.69999236
vt 0.85253680 0.70687419
vt 0.85751128 0.72468150
vt 0.86121917 0.74230564
vt 0.86315709 0.75947201
vt 0.86486608 0.77604336
vt 0.86712444 0.79156178
vt 0.32266727 0.31404591
vt 0.85349810 0.79568172
vt 0.32932022 0.33147174
vt 0.33632410 0.34772259
vt 0.34418249 0.36467534
vt 0.35251391 0.38040739
vt 0.36273748 0.39684141
vt 0.38870832 0.39977109
vt 0.40057984 0.41254294
vt 0.67798889 0.32162964
vt 0.68842602 0.30940717
vt 0.69584191 0.29719996
vt 0.70276952 0.28525215
vt 0.70856792 0.27246511
vt 0.71451896 0.25967801
vt 0.70489049 0.24350345
vt 0.69266802 0.23442435
vt 0.67981994 0.23929197
vt 0.67835510 0.23299003
vt 0.66677350 0.23183030
vt 0.65955597 0.22148472
vt 0.64655530 0.22539103
vt 0.63474476 0.21724272
vt 0.62944990 0.20672923
vt 0.33192950 0.26921493
vt 0.61950105 0.20621043
vt 0.90852219 0.94996566
vt 0.61687648 0.19807738
vt 0.92826736 0.95358205
vt 0.94647133 0.93046463
vt 0.96305794 0.94003206
vt 0.90414280 0.06695658
vt 0.90078586 0.04127568
vt 0.88749522 0.03541619
vt 0.00527962 0.60270083
vt 0.87624931 0.02919048
vt 0.86793315 0.02285802
vt 0.00779736 0.60000002
vt 0.83831543 0.00923169
vt 0.01033036 0.59691769
vt 0.01197833 0.59444571
vt 0.01373312 0.59166861
vt 0.01483177 0.58857095
vt 0.01576257 0.58512247
vt 0.01715114 0.58132297
vt 0.01780728 0.57840848
vt 0.74956894 0.83314258
vt 0.02034028 0.57489890
vt 0.01600671 0.57062638
vt 0.75530630 0.83308154
vt 0.75843441 0.83407342
vt 0.76255435 0.83500421
vt 0.76154727 0.84336615
vt 0.76653695 0.85595483
vt 0.77505147 0.87174791
vt 0.78663307 0.88747996
vt 0.80018312 0.90481424
vt 0.81522852 0.92045474
vt 0.83254749 0.93421835
vt 0.85165179 0.94477761
vt 0.87240404 0.95374990
vt 0.98171967 0.58542764
vt 0.87956053 0.97141987
vt 0.96627754 0.58597696
vt 0.95069808 0.58750284
vt 0.93644619 0.58895248
vt 0.91541922 0.58898300
vt 0.89333946 0.58750284
vt 0.87101549 0.58362710
vt 0.85452050 0.58005643
vt 0.50806439 0.13417256
vt 0.83920044 0.57758451
vt 0.51714349 0.12127870
vt 0.51696038 0.10583657
vt 0.51796752 0.09037918
vt 0.51828796 0.07481498
vt 0.51856261 0.05461204
vt 0.51929504 0.03770506
vt 0.52025634 0.02265966
vt 0.52248418 0.00706494
vt 0.23457694 0.82909894
vt 0.21927215 0.84016174
vt 0.19491875 0.83451593
vt 0.18023957 0.84432745
vt 0.17236590 0.83376825
vt 0.16578928 0.85317767
vt 0.17276265 0.86364537
vt 0.17717250 0.87483025
vt 0.18124667 0.88657969
vt 0.18361181 0.89919889
vt 0.10048066 0.01292437
vt 0.35982299 0.00224310
vt 0.36060122 0.01406884
vt 0.36110476 0.02694744
vt 0.36229494 0.03916991
vt 0.34293127 0.04766917
vt 0.36177614 0.05214006
vt 0.38385597 0.05966276
vt 0.39722285 0.06272984
vt 0.34673077 0.56961930
vt 0.41210040 0.06471354
vt 0.42969406 0.06944382
vt 0.35268179 0.55495536
vt 0.36797130 0.53438622
vt 0.38422218 0.51610589
vt 0.39652094 0.52500188
vt 0.41132221 0.51148242
vt 0.42619973 0.49845123
vt 0.43997863 0.48702222
vt 0.45386434 0.47693598
vt 0.46752116 0.47162586
vt 0.85836577 0.64840162
vt 0.85912871 0.66605628
vt 0.86506444 0.68290228
vt 0.84615856 0.69076067
vt 0.83511102 0.71380174
vt 0.84063476 0.73087662
vt 0.84467840 0.74712753
vt 0.84794384 0.76368356
vt 0.85099566 0.77970552
vt 0.83695734 0.78432900
vt 0.31665522 0.35562676
vt 0.82224762 0.78954756
vt 0.32530710 0.37457848
vt 0.33508813 0.39209580
vt 0.34641030 0.40924698
vt 0.60282290 0.23309684
vt 0.35794613 0.42532998
vt 0.37500572 0.41187149
vt 0.61980623 0.24318302
vt 0.67570001 0.34395361
vt 0.61216146 0.25766385
vt 0.68862438 0.33324176
vt 0.60631722 0.27290761
vt 0.69980925 0.32079041
vt 0.60256350 0.28804457
vt 0.70948350 0.30736250
vt 0.71691465 0.29375142
vt 0.72359806 0.27971315
vt 0.73028153 0.26649880
vt 0.71897459 0.24792856
vt 0.72170597 0.23564506
vt 0.70713359 0.23387504
vt 0.69257647 0.22900742
vt 0.67756158 0.22771037
vt 0.67260242 0.21670860
vt 0.65677881 0.20972002
vt 0.64272529 0.20602733
vt 0.64223695 0.19801635
vt 0.63006026 0.19993895
vt 0.61641872 0.19217211
vt 0.94476235 0.96157777
vt 0.61597621 0.18245214
vt 0.96015871 0.97155720
vt 0.61588466 0.17711145
vt 0.97880524 0.97325093
vt 0.98690778 0.95461965
vt 0.60862136 0.17503625
vt 0.91581595 0.04786754
vt 0.60863662 0.16542304
vt 0.00305180 0.61773098
vt 0.93548483 0.02877849
vt 0.91734189 0.02250707
vt 0.00708019 0.61429775
vt 0.01145953 0.61086440
vt 0.01425193 0.60788894
vt 0.01858549 0.60386050
vt 0.02143893 0.60004580
vt 0.02290379 0.59705502
vt 0.02476539 0.59264517
vt 0.02578775 0.58850992
vt 0.02656596 0.58359659
vt 0.02740520 0.57993436
vt 0.02682536 0.57595181
vt 0.02595560 0.57219803
vt 0.74825668 0.84066528
vt 0.75240713 0.84151983
vt 0.75657284 0.84267950
vt 0.75956357 0.85497826
vt 0.76554513 0.86988634
vt 0.77555507 0.88706797
vt 0.78844893 0.90495157
vt 0.80265504 0.92248416
vt 0.81838715 0.93881130
vt 0.83712518 0.95063704
vt 0.85719079 0.96121156
vt 0.98025483 0.57055008
vt 0.96488899 0.57112992
vt 0.94934005 0.57195389
vt 0.93467611 0.57254899
vt 0.91464102 0.57250321
vt 0.89417869 0.57035172
vt 0.87324333 0.56589609
vt 0.85717553 0.56308842
vt 0.53636986 0.13717860
vt 0.53556114 0.12224001
vt 0.53466088 0.10687417
vt 0.53510338 0.09137100
vt 0.53487450 0.07655454
vt 0.53487450 0.05943388
vt 0.53502709 0.04055846
vt 0.53582054 0.02525365
vt 0.53740752 0.00973523
vt 0.22543679 0.81255817
vt 0.21036087 0.82476538
vt 0.18631266 0.82249177
vt 0.16383612 0.82293433
vt 0.15063706 0.83309680
vt 0.15832761 0.84249640
vt 0.14850080 0.85879302
vt 0.15667963 0.86936748
vt 0.16102846 0.87936217
vt 0.16464485 0.89010453
vt 0.16635385 0.90052640
vt 0.11544976 0.03132677
vt 0.12651256 0.01928741
vt 0.33713284 0.01338214
vt 0.33922333 0.02446020
vt 0.34099337 0.03610283
vt 0.32883191 0.04626536
vt 0.32933548 0.05702299
vt 0.34282446 0.05973905
vt 0.35977721 0.06541544
vt 0.37726405 0.07232779
vt 0.39316395 0.07774472
vt 0.40837720 0.08207828
vt 0.36073855 0.57462424
vt 0.36693370 0.56087589
vt 0.38081941 0.54180205
vt 0.39446098 0.54972148
vt 0.40929276 0.53496605
vt 0.42415503 0.52210271
vt 0.43767452 0.51030743
vt 0.45169756 0.49956512
vt 0.46398109 0.48897535
vt 0.47370109 0.47795832
vt 0.85014117 0.65185016
vt 0.83979553 0.67490655
vt 0.82883954 0.69784081
vt 0.81762415 0.72037840
vt 0.82362098 0.73658347
vt 0.82821393 0.75219345
vt 0.83291370 0.76858169
vt 0.81762415 0.77396810
vt 0.80326545 0.77956820
vt 0.31612116 0.40239567
vt 0.78844893 0.78664839
vt 0.32869458 0.42113376
vt 0.34163424 0.43865108
vt 0.57531089 0.21736479
vt 0.57843900 0.24144351
vt 0.37199968 0.44087893
vt 0.59644467 0.24943924
vt 0.59038681 0.26651406
vt 0.58644998 0.28281069
vt 0.58313876 0.29933625
vt 0.73196000 0.30203706
vt 0.58074313 0.31529719
vt 0.73868924 0.28682381
vt 0.57863736 0.33110553
vt 0.74608988 0.27226675
vt 0.73417258 0.25226218
vt 0.73710233 0.23810178
vt 0.73702604 0.22444493
vt 0.72214848 0.22450596
vt 0.70724040 0.22534525
vt 0.70507360 0.21568626
vt 0.69015032 0.22034025
vt 0.68673229 0.21077287
vt 0.66926068 0.20611888
vt 0.65352863 0.19566643
vt 0.64119935 0.19006640
vt 0.62812239 0.19052416
vt 0.62601662 0.18350500
vt 0.62510109 0.17708093
vt 0.62641335 0.17050433
vt 0.94572365 0.04480046
vt 0.61477071 0.16913098
vt 0.61857021 0.15596247
vt 0.00749218 0.63099110
vt 0.01396201 0.62587929
vt 0.01930266 0.62059969
vt 0.02328527 0.61762416
vt 0.02665751 0.61391622
vt 0.02977035 0.61052871
vt 0.03192187 0.60706496
vt 0.03402762 0.60297549
vt 0.03576715 0.59822994
vt 0.03779660 0.59269094
vt 0.03891050 0.58709085
vt 0.03920043 0.58118564
vt 0.73820096 0.84931719
vt 0.03923095 0.57529569
vt 0.03636225 0.57096207
vt 0.74277866 0.85099566
vt 0.74764627 0.85340655
vt 0.75336844 0.85383379
vt 0.75741208 0.86857402
vt 0.76571298 0.88633555
vt 0.77590603 0.90443277
vt 0.78908980 0.92344546
vt 0.80364692 0.94076449
vt 0.82171357 0.95599300
vt 0.84135193 0.96862745
vt 0.97863740 0.55576408
vt 0.96380562 0.55590141
vt 0.94840926 0.55585563
vt 0.93301290 0.55582511
vt 0.91479361 0.55510795
vt 0.89552146 0.55288017
vt 0.87602043 0.54874492
vt 0.86012053 0.54583049
vt 0.55309379 0.13623255
vt 0.55176622 0.12077516
vt 0.55133897 0.10600442
vt 0.55106431 0.09123367
vt 0.55141526 0.07568473
vt 0.55095750 0.05957121
vt 0.55089647 0.04229802
vt 0.55104905 0.02700847
vt 0.55199510 0.01101702
vt 0.21498436 0.79771113
vt 0.20103762 0.81007099
vt 0.17723353 0.81106281
vt 0.15515374 0.81332111
vt 0.14254978 0.82401770
vt 0.13459983 0.81588465
vt 0.12957962 0.83215076
vt 0.13615625 0.84057373
vt 0.14244297 0.84904248
vt 0.13334860 0.86269933
vt 0.13734646 0.87217516
vt 0.14634928 0.88326848
vt 0.14995041 0.89282060
vt 0.15182726 0.90196079
vt 0.12970169 0.04744029
vt 0.13954376 0.03654534
vt 0.15049973 0.02670330
vt 0.32478827 0.02529943
vt 0.16128786 0.01676965
vt 0.32674143 0.03518730
vt 0.18146029 0.02384984
vt 0.31563288 0.04531932
vt 0.19237049 0.01608300
vt 0.31630427 0.05465782
vt 0.20503548 0.01069659
vt 0.31570917 0.06352329
vt 0.32794690 0.06723124
vt 0.34128329 0.07168686
vt 0.35739681 0.07722592
vt 0.37369344 0.08564889
vt 0.38852522 0.09259176
vt 0.36760509 0.59282827
vt 0.40323490 0.09855801
vt 0.37396809 0.58065152
vt 0.38089570 0.56684214
vt 0.39464408 0.57364768
vt 0.40714121 0.55889219
vt 0.42197299 0.54522014
vt 0.43566033 0.53351641
vt 0.44957656 0.52230108
vt 0.46259251 0.51163501
vt 0.47472343 0.50194550
vt 0.48577097 0.49167621
vt 0.83205920 0.65960175
vt 0.82180512 0.68223083
vt 0.81133747 0.70432591
vt 0.80080873 0.72683299
vt 0.80735487 0.74245822
vt 0.81277180 0.75826657
vt 0.79708552 0.76461434
vt 0.78226900 0.77170980
vt 0.32422370 0.45186543
vt 0.76705575 0.77889681
vt 0.55765623 0.21197832
vt 0.55606925 0.23523307
vt 0.55376518 0.25441366
vt 0.57372397 0.26016635
vt 0.56960404 0.27818722
vt 0.56644541 0.29591823
vt 0.56391239 0.31371021
vt 0.56212711 0.33087665
vt 0.76267642 0.27634090
vt 0.75133896 0.25674832
vt 0.75355154 0.24087894
vt 0.75358206 0.22543681
vt 0.73630881 0.21091020
vt 0.72123295 0.21258867
vt 0.70229650 0.20605785
vt 0.69954985 0.19397271
vt 0.68410772 0.20036620
vt 0.66572058 0.19269091
vt 0.65111774 0.18654156
vt 0.63791865 0.17914093
vt 0.63569087 0.17250323
vt 0.63305104 0.16566718
vt 0.62717634 0.16116577
vt 0.00016785 0.63820863
vt 0.01701381 0.64130616
vt 0.02471961 0.63532460
vt 0.03088426 0.63053334
vt 0.03543145 0.62693214
vt 0.03929198 0.62279701
vt 0.04185550 0.61893642
vt 0.04423590 0.61457241
vt 0.04754711 0.60982680
vt 0.04951553 0.60436404
vt 0.05253681 0.59729916
vt 0.05395590 0.58973068
vt 0.05413901 0.58246738
vt 0.73014420 0.86201268
vt 0.05403220 0.57537198
vt 0.05026322 0.56878006
vt 0.73679715 0.86437780
vt 0.74323642 0.86610210
vt 0.74970627 0.86810100
vt 0.75608456 0.88564891
vt 0.76464486 0.90443277
vt 0.77616543 0.92324710
vt 0.78983748 0.94239718
vt 0.80590522 0.95950258
vt 0.82502478 0.97351032
vt 0.97903413 0.54105437
vt 0.96371406 0.54073393
vt 0.94825667 0.53937590
vt 0.93235677 0.53936064
vt 0.91486990 0.53862822
vt 0.89687955 0.53574425
vt 0.87849241 0.53174639
vt 0.86289769 0.52814525
vt 0.57021439 0.13452351
vt 0.56862748 0.11976808
vt 0.56792551 0.10499734
vt 0.56743723 0.09025711
vt 0.56720835 0.07542533
vt 0.56675059 0.05928129
vt 0.56598765 0.04292363
vt 0.56614023 0.02763408
vt 0.56643015 0.01235980
vt 0.20439459 0.78310823
vt 0.19084458 0.79745173
vt 0.16836804 0.80054933
vt 0.14699017 0.80408943
vt 0.12710765 0.80833143
vt 0.12210269 0.82551306
vt 0.11117724 0.83553827
vt 0.11598383 0.83996338
vt 0.12214847 0.84597540
vt 0.12814526 0.85432214
vt 0.12002747 0.86831462
vt 0.12414740 0.87663078
vt 0.12657359 0.88427556
vt 0.13548486 0.89628446
vt 0.13788052 0.90479898
vt 0.14451820 0.06170750
vt 0.15220875 0.05279624
vt 0.16194400 0.04403752
vt 0.17048906 0.03491265
vt 0.18741131 0.03959715
vt 0.19710079 0.03424126
vt 0.30408180 0.06007475
vt 0.20817883 0.02867168
vt 0.21766995 0.04046690
vt 0.21756314 0.02597088
vt 0.30270848 0.06730753
vt 0.31375602 0.07153428
vt 0.32632944 0.07635617
vt 0.33907074 0.08230716
vt 0.35390249 0.08906692
vt 0.36884108 0.09771878
vt 0.38284886 0.10617226
vt 0.37889677 0.59913027
vt 0.38590068 0.58641946
vt 0.39822996 0.59353018
vt 0.40688181 0.58190280
vt 0.41994354 0.56774247
vt 0.43411916 0.55582511
vt 0.44759288 0.54525065
vt 0.46057832 0.53492028
vt 0.47342640 0.52523077
vt 0.48511481 0.51509881
vt 0.49694055 0.50501263
vt 0.81474024 0.66666663
vt 0.80430305 0.68873119
vt 0.79386586 0.71107042
vt 0.78393227 0.73359275
vt 0.79101241 0.74901962
vt 0.54436558 0.18875408
vt 0.77486837 0.75651181
vt 0.75916684 0.76485848
vt 0.54029143 0.20852977
vt 0.53669029 0.22871751
vt 0.53385216 0.24898148
vt 0.53105974 0.26961166
vt 0.55211717 0.27400625
vt 0.54937059 0.29311055
vt 0.54670024 0.31201649
vt 0.54535747 0.33025104
vt 0.56137943 0.34772259
vt 0.76853591 0.25976962
vt 0.77051955 0.24246585
vt 0.77042800 0.22534525
vt 0.75242239 0.21023881
vt 0.73371482 0.19731444
vt 0.71882200 0.20146489
vt 0.71528190 0.18811321
vt 0.69701684 0.18129241
vt 0.68043029 0.18744183
vt 0.66268408 0.18257421
vt 0.64686048 0.17459375
vt 0.64341193 0.16601819
vt 0.63971925 0.15751886
vt 0.63331044 0.14932477
vt 0.00842298 0.64910352
vt 0.01545739 0.65922028
vt 0.02586404 0.65209430
vt 0.03489738 0.64644849
vt 0.04165713 0.64235902
vt 0.04745556 0.63732356
vt 0.05159075 0.63251698
vt 0.05519188 0.62830549
vt 0.05920500 0.62270546
vt 0.06216526 0.61692226
vt 0.06501869 0.60970473
vt 0.06787213 0.60192263
vt 0.07003891 0.59293509
vt 0.07132067 0.58423746
vt 0.07086290 0.57447165
vt 0.72193485 0.87664604
vt 0.73018998 0.88036925
vt 0.73810941 0.88313115
vt 0.74613565 0.88438237
vt 0.75315481 0.90389866
vt 0.76339358 0.92318606
vt 0.77517354 0.94413674
vt 0.79002059 0.96226442
vt 0.80776685 0.97796595
vt 0.97975129 0.52559698
vt 0.96394295 0.52501714
vt 0.94888228 0.52367437
vt 0.93235677 0.52294195
vt 0.91549551 0.52150762
vt 0.89861906 0.51862365
vt 0.88078123 0.51473260
vt 0.86550701 0.51114672
vt 0.58698404 0.13246357
vt 0.58588541 0.11825740
vt 0.58490884 0.10414284
vt 0.58423746 0.08937210
vt 0.58364230 0.07527274
vt 0.58252841 0.05972379
vt 0.58171970 0.04361027
vt 0.58056003 0.02836651
vt 0.58019382 0.01234454
vt 0.19282825 0.77058059
vt 0.18086518 0.78573281
vt 0.15819028 0.79003584
vt 0.13798733 0.79563594
vt 0.11885252 0.80239570
vt 0.11595330 0.82008088
vt 0.10516518 0.83245593
vt 0.10278477 0.84678417
vt 0.10504311 0.84834057
vt 0.10975815 0.85281146
vt 0.11549554 0.86054778
vt 0.10365453 0.86890972
vt 0.10760662 0.87672234
vt 0.11021592 0.88316166
vt 0.11210804 0.89024186
vt 0.15628290 0.08361942
vt 0.11284047 0.89675748
vt 0.12312505 0.90928513
vt 0.16264592 0.07466239
vt 0.16841382 0.06860459
vt 0.17573816 0.06192112
vt 0.18428321 0.05420005
vt 0.19351491 0.05326927
vt 0.20224307 0.04779124
vt 0.21054399 0.04333562
vt 0.22037080 0.05032426
vt 0.22665751 0.04452580
vt 0.22630656 0.03884947
vt 0.22641337 0.02349889
vt 0.30124360 0.07473868
vt 0.31187916 0.07960629
vt 0.32365912 0.08578622
vt 0.33601892 0.09240866
vt 0.34962997 0.10035861
vt 0.36313421 0.11007857
vt 0.37634853 0.11898983
vt 0.38921186 0.60573739
vt 0.36942092 0.13241780
vt 0.40007630 0.61249715
vt 0.40979630 0.60146487
vt 0.41969940 0.59040207
vt 0.43245593 0.57775235
vt 0.44606698 0.56745255
vt 0.45864043 0.55776304
vt 0.47154954 0.54840922
vt 0.48375678 0.53836882
vt 0.49575037 0.52887774
vt 0.50743878 0.51886779
vt 0.79723811 0.67316699
vt 0.78684670 0.69550622
vt 0.77717251 0.71866941
vt 0.49938202 0.18049896
vt 0.76028079 0.72666514
vt 0.52365911 0.18405432
vt 0.76769668 0.74134433
vt 0.75168991 0.74972153
vt 0.52046996 0.20433354
vt 0.51746392 0.22534525
vt 0.51499200 0.24632639
vt 0.51323718 0.26768905
vt 0.51158923 0.28873122
vt 0.53099871 0.29097426
vt 0.52834362 0.30988020
vt 0.52782482 0.32964063
vt 0.54485387 0.34863812
vt 0.78556496 0.26140231
vt 0.54509807 0.36629283
vt 0.78812850 0.24328983
vt 0.78837264 0.22450596
vt 0.76894790 0.20848399
vt 0.74961472 0.19499505
vt 0.73092240 0.18439001
vt 0.71209276 0.17561609
vt 0.69327837 0.16859692
vt 0.67753106 0.17650110
vt 0.65743494 0.16878003
vt 0.65346760 0.15942627
vt 0.64901197 0.15077442
vt 0.00460822 0.66546118
vt 0.02122530 0.67145801
vt 0.03242542 0.66369116
vt 0.04284734 0.65943390
vt 0.05181964 0.65441370
vt 0.05938811 0.64983594
vt 0.06460670 0.64371711
vt 0.06982528 0.63814759
vt 0.07421988 0.63225758
vt 0.07791257 0.62473488
vt 0.08155947 0.61635768
vt 0.08517586 0.60704970
vt 0.08793774 0.59609365
vt 0.08973831 0.58535135
vt 0.08963150 0.57354087
vt 0.71296257 0.89320213
vt 0.72310978 0.89761198
vt 0.73290610 0.90058744
vt 0.74320590 0.90263218
vt 0.75049973 0.92365909
vt 0.76156253 0.94369423
vt 0.77463949 0.96359199
vt 0.79119557 0.98149079
vt 0.98074311 0.51078051
vt 0.96534675 0.50931561
vt 0.94972152 0.50720990
vt 0.93328756 0.50569928
vt 0.91636533 0.50424963
vt 0.90131992 0.50157928
vt 0.88432133 0.49774927
vt 0.86918443 0.49347675
vt 0.60335696 0.12994581
vt 0.60161746 0.11586177
vt 0.60077822 0.10177767
vt 0.60016787 0.08834976
vt 0.59957272 0.07425040
vt 0.59855038 0.05932707
vt 0.59629208 0.04354924
vt 0.59505606 0.02858013
vt 0.59334707 0.01216143
vt 0.18141451 0.75892270
vt 0.17009231 0.77465475
vt 0.14811933 0.78040743
vt 0.12814526 0.78796065
vt 0.11041428 0.79539180
vt 0.09111162 0.80511177
vt 0.09919890 0.81043720
vt 0.10630961 0.81536585
vt 0.09433127 0.82876325
vt 0.09671168 0.84368658
vt 0.09300373 0.85630578
vt 0.09498741 0.85743499
vt 0.09736782 0.85767913
vt 0.09983978 0.86243993
vt 0.09184405 0.87791258
vt 0.09298848 0.88331425
vt 0.06837568 0.88804454
vt 0.06744488 0.89361411
vt 0.06601053 0.89932096
vt 0.17622644 0.09369040
vt 0.18103303 0.08838028
vt 0.18608378 0.08166629
vt 0.19104296 0.07605094
vt 0.19601740 0.07043564
vt 0.20210575 0.06489664
vt 0.20802625 0.06030363
vt 0.21423666 0.05581748
vt 0.22063020 0.06227207
vt 0.22673380 0.05555809
vt 0.23340200 0.04620433
vt 0.23315786 0.04003966
vt 0.23631647 0.02018768
vt 0.29938200 0.08232242
vt 0.30975816 0.08763254
vt 0.32014954 0.09469748
vt 0.33171588 0.10267794
vt 0.34442663 0.11197072
vt 0.35692379 0.12204164
vt 0.34969100 0.13429463
vt 0.36115053 0.14586097
vt 0.41092545 0.62034029
vt 0.42149997 0.60930800
vt 0.43181506 0.59984744
vt 0.44470894 0.58908981
vt 0.45772487 0.57940030
vt 0.47025254 0.57074845
vt 0.48287174 0.56166935
vt 0.49472800 0.55284965
vt 0.50627911 0.54276341
vt 0.51807433 0.53278399
vt 0.77975130 0.68006408
vt 0.77013808 0.70308995
vt 0.75260550 0.71132982
vt 0.47951478 0.17769128
vt 0.49747464 0.20138860
vt 0.49599451 0.22296482
vt 0.49480429 0.24519724
vt 0.49414816 0.26604104
vt 0.49312580 0.28761733
vt 0.51094836 0.30922407
vt 0.51036853 0.32933545
vt 0.52826732 0.34880596
vt 0.52910656 0.36826122
vt 0.80476081 0.24316776
vt 0.53037310 0.38777751
vt 0.80582893 0.22349888
vt 0.78596169 0.20685130
vt 0.76621652 0.19249254
vt 0.74666971 0.17959869
vt 0.72790110 0.16945142
vt 0.70899522 0.16121155
vt 0.68719006 0.15356678
vt 0.67180896 0.16202027
vt 0.66079193 0.14171052
vt 0.01130693 0.68032348
vt 0.02441444 0.67830932
vt 0.03663691 0.67663080
vt 0.04911879 0.67313647
vt 0.06082246 0.66868085
vt 0.07046616 0.66247046
vt 0.07833982 0.65520716
vt 0.08493172 0.64742506
vt 0.09089799 0.64029908
vt 0.09483482 0.63207448
vt 0.09959564 0.62253761
vt 0.10383765 0.61126113
vt 0.10710307 0.59963381
vt 0.10847639 0.58635843
vt 0.10836957 0.57315934
vt 0.70481420 0.90971237
vt 0.71633476 0.91512930
vt 0.72657359 0.91850156
vt 0.73838407 0.92164493
vt 0.74744791 0.94268709
vt 0.75858700 0.96377510
vt 0.77404439 0.98323035
vt 0.98507667 0.49393451
vt 0.96995497 0.49184406
vt 0.95242238 0.49057758
vt 0.93572903 0.48902112
vt 0.91961545 0.48760206
vt 0.90368503 0.48493171
vt 0.88751048 0.48036927
vt 0.87295336 0.47693598
vt 0.62333107 0.12721449
vt 0.62122530 0.11305410
vt 0.61931795 0.09974825
vt 0.61777675 0.08641183
vt 0.61606777 0.07240409
vt 0.61414510 0.05836576
vt 0.61171895 0.04296941
vt 0.60914016 0.02742046
vt 0.60666817 0.01145953
vt 0.16910048 0.74795151
vt 0.15886168 0.76388192
vt 0.13810940 0.77164876
vt 0.11868467 0.78062105
vt 0.10113680 0.78995955
vt 0.08332952 0.79923701
vt 0.07551690 0.81396198
vt 0.08220035 0.81889069
vt 0.08831922 0.82400244
vt 0.07974365 0.83620965
vt 0.08435187 0.84025329
vt 0.08174258 0.85163653
vt 0.08967727 0.86478984
vt 0.09079118 0.87185472
vt 0.06239414 0.87527275
vt 0.05842679 0.88120854
vt 0.05676356 0.88615245
vt 0.05552758 0.89095902
vt 0.18538186 0.11065841
vt 0.18922713 0.10408181
vt 0.19420157 0.09854275
vt 0.19792478 0.09306479
vt 0.20173953 0.08735788
vt 0.20558481 0.08166629
vt 0.20799573 0.07840085
vt 0.21181048 0.07383841
vt 0.21557947 0.06814677
vt 0.22330053 0.07325858
vt 0.22710003 0.06637675
vt 0.23367666 0.05816740
vt 0.24061951 0.04879832
vt 0.24528877 0.03550774
vt 0.24620432 0.01878387
vt 0.29497215 0.09004349
vt 0.30559242 0.09675747
vt 0.31659418 0.10461587
vt 0.32706186 0.11364919
vt 0.33827725 0.12295717
vt 0.33116657 0.13543910
vt 0.34139010 0.14699018
vt 0.35271230 0.15956360
vt 0.42212558 0.62815291
vt 0.43271536 0.61902797
vt 0.44353399 0.60999465
vt 0.45647365 0.60016787
vt 0.46933699 0.59176016
vt 0.48162052 0.58416116
vt 0.49391928 0.57549405
vt 0.50620282 0.56726938
vt 0.51825744 0.55782408
vt 0.52979326 0.54756999
vt 0.76246279 0.68775463
vt 0.74479288 0.69617760
vt 0.54129857 0.56287479
vt 0.46082246 0.17668420
vt 0.47777525 0.19891661
vt 0.47704279 0.22128636
vt 0.47598994 0.24353397
vt 0.47551689 0.26495767
vt 0.47537956 0.28723586
vt 0.49340048 0.30884260
vt 0.49298847 0.32970166
vt 0.51105517 0.34926373
vt 0.51224536 0.37000078
vt 0.51345080 0.38895249
vt 0.82333106 0.22267491
vt 0.80422676 0.20495915
vt 0.78319979 0.18912029
vt 0.76256961 0.17538720
vt 0.74294651 0.16475165
vt 0.72437626 0.15431452
vt 0.70324254 0.14489967
vt 0.68096435 0.14033723
vt 0.00903334 0.70231175
vt 0.02520790 0.69620812
vt 0.04089418 0.69210345
vt 0.05644312 0.68862438
vt 0.07071031 0.68253601
vt 0.08204776 0.67533380
vt 0.09227131 0.66695654
vt 0.10078584 0.65778589
vt 0.10785077 0.64980543
vt 0.11279469 0.63996339
vt 0.11819638 0.62873274
vt 0.12349126 0.61567104
vt 0.12666515 0.60227358
vt 0.12848097 0.58762491
vt 0.12906080 0.57364768
vt 0.69596398 0.92776382
vt 0.70818645 0.93287557
vt 0.72130924 0.93723965
vt 0.73415732 0.94073397
vt 0.74352634 0.96240175
vt 0.75692379 0.98304725
vt 0.98770124 0.47916383
vt 0.97242695 0.47693598
vt 0.95577937 0.47437245
vt 0.93937588 0.47264820
vt 0.92310977 0.47081715
vt 0.90742350 0.46796370
vt 0.89144731 0.46369117
vt 0.64145875 0.13833827
vt 0.87721068 0.45928133
vt 0.64083314 0.12399483
vt 0.63816279 0.11009383
vt 0.63671321 0.09730679
vt 0.63433278 0.08415353
vt 0.63216603 0.07026780
vt 0.62917525 0.05648887
vt 0.62610817 0.04132146
vt 0.62273592 0.02604717
vt 0.62012666 0.01049823
vt 0.15628290 0.73730069
vt 0.14726482 0.75425345
vt 0.12709239 0.76340890
vt 0.10869002 0.77349508
vt 0.09079118 0.78419167
vt 0.07414359 0.79458308
vt 0.06828412 0.80889601
vt 0.06210422 0.82334632
vt 0.06832990 0.82796979
vt 0.07380789 0.83270007
vt 0.06643778 0.84351873
vt 0.07125963 0.84682995
vt 0.06314183 0.85789275
vt 0.05526818 0.87168688
vt 0.04861524 0.88477910
vt 0.04812695 0.88937211
vt 0.19406424 0.11726558
vt 0.19790952 0.11166555
vt 0.20175479 0.10601968
vt 0.20550850 0.10051119
vt 0.20932326 0.09481955
vt 0.21306172 0.09039444
vt 0.21681544 0.08471811
vt 0.21953155 0.07896543
vt 0.22717632 0.08297855
vt 0.22981612 0.07603568
vt 0.23389030 0.07011521
vt 0.23913939 0.06175327
vt 0.24614328 0.05122453
vt 0.25249103 0.03665215
vt 0.25737393 0.01853973
vt 0.28996718 0.09813076
vt 0.30025178 0.10583657
vt 0.31073472 0.11483938
vt 0.32108033 0.12472725
vt 0.31355765 0.13644618
vt 0.32324713 0.14778364
vt 0.33289081 0.15986878
vt 0.34305334 0.17222857
vt 0.43257800 0.63707942
vt 0.44364080 0.62835127
vt 0.45488670 0.62088960
vt 0.46779585 0.61309224
vt 0.48049134 0.60588998
vt 0.49312580 0.59830624
vt 0.50562292 0.59098196
vt 0.51877624 0.58286411
vt 0.52976274 0.57312882
vt 0.44232851 0.17526513
vt 0.55410087 0.58030057
vt 0.45980009 0.19906920
vt 0.56435490 0.59696347
vt 0.45828947 0.22136265
vt 0.01948577 0.53630888
vt 0.45821318 0.24353397
vt 0.37999544 0.64255738
vt 0.45766383 0.26610208
vt 0.39794004 0.64713514
vt 0.45761806 0.28790724
vt 0.47476920 0.30884260
vt 0.47521171 0.32970166
vt 0.49362937 0.35068285
vt 0.49465171 0.37091631
vt 0.49604028 0.39066148
vt 0.51519036 0.40851456
vt 0.82220185 0.20236516
vt 0.80146486 0.18648052
vt 0.77973604 0.17216754
vt 0.75983828 0.15899903
vt 0.73957425 0.14796674
vt 0.00825513 0.74395359
vt 0.71912718 0.13698024
vt 0.69710839 0.13078505
vt 0.01635767 0.72124815
vt 0.03103685 0.71374071
vt 0.04782178 0.70984972
vt 0.06384375 0.70385289
vt 0.87081712 0.22063017
vt 0.08059815 0.69684899
vt 0.87136644 0.20733958
vt 0.09391928 0.68804455
vt 0.86991686 0.19481194
vt 0.10614175 0.67879760
vt 0.86736858 0.18362707
vt 0.11569390 0.66756696
vt 0.86828411 0.16966504
vt 0.12428474 0.65819788
vt 0.86718547 0.15812922
vt 0.13136493 0.64779127
vt 0.13696498 0.63344777
vt 0.14198519 0.61986721
vt 0.14560159 0.60462350
vt 0.14799726 0.58846414
vt 0.14811933 0.57384604
vt 0.68715954 0.94535744
vt 0.70096892 0.95147634
vt 0.71477836 0.95555049
vt 0.72913712 0.96008241
vt 0.73997098 0.98150605
vt 0.99044788 0.46489662
vt 0.97492945 0.46149385
vt 0.95959413 0.45915926
vt 0.94390786 0.45687038
vt 0.92697030 0.45430684
vt 0.91126877 0.45146871
vt 0.89590293 0.44704354
vt 0.65879303 0.13467610
vt 0.88177311 0.44197756
vt 0.65751123 0.12034792
vt 0.65485620 0.10711831
vt 0.65307087 0.09372091
vt 0.65053791 0.08058292
vt 0.64763868 0.06684977
vt 0.64429694 0.05302513
vt 0.64103150 0.03828490
vt 0.15074387 0.71160448
vt 0.63682002 0.02328527
vt 0.63289845 0.00863659
vt 0.14312963 0.72841990
vt 0.13519493 0.74569315
vt 0.11522087 0.75671017
vt 0.09675746 0.76757455
vt 0.07965209 0.78005648
vt 0.29271382 0.42308688
vt 0.06399634 0.79093611
vt 0.29889372 0.43538564
vt 0.05990692 0.80535591
vt 0.30411232 0.44795913
vt 0.05545129 0.81976044
vt 0.30319676 0.46323341
vt 0.04365606 0.83150989
vt 0.30675212 0.45732814
vt 0.05035477 0.83321887
vt 0.05615320 0.83706415
vt 0.06164645 0.84016174
vt 0.05413901 0.85270464
vt 0.05864042 0.85529870
vt 0.05195697 0.86941326
vt 0.04530404 0.87821776
vt 0.04385443 0.88314641
vt 0.04248112 0.88824290
vt 0.20051880 0.12248415
vt 0.20440985 0.11696041
vt 0.20823987 0.11134511
vt 0.21206988 0.10559243
vt 0.21583886 0.10104525
vt 0.21959259 0.09552145
vt 0.22336157 0.08982986
vt 0.23012131 0.09030288
vt 0.23385976 0.08456552
vt 0.23666742 0.07885861
vt 0.24087892 0.07183945
vt 0.24541084 0.06449991
vt 0.25314718 0.05403221
vt 0.26045623 0.03927672
vt 0.26662090 0.02230871
vt 0.28352788 0.10374612
vt 0.29350728 0.11317617
vt 0.30389869 0.12457466
vt 0.29642177 0.13284504
vt 0.30534828 0.14598304
vt 0.31392387 0.15881592
vt 0.32303348 0.17093158
vt 0.33208209 0.18406957
vt 0.44229800 0.64715040
vt 0.34018463 0.19739074
vt 0.45362020 0.64040589
vt 0.46576637 0.63303578
vt 0.47852293 0.62682533
vt 0.49102005 0.62052339
vt 0.50386816 0.61367208
vt 0.51703668 0.60654616
vt 0.52948809 0.59865725
vt 0.44122988 0.19882506
vt 0.54210728 0.59003586
vt 0.43981078 0.22117954
vt 0.55178148 0.60573739
vt 0.01948577 0.51406121
vt 0.43965819 0.24406803
vt 0.00845350 0.52726024
vt 0.56235600 0.62111849
vt 0.36043337 0.65268940
vt 0.43910888 0.26675820
vt 0.37749293 0.65677881
vt 0.39510185 0.66066986
vt 0.43987182 0.28856337
vt 0.41443503 0.65247577
vt 0.45769435 0.30995649
vt 0.42957199 0.65772486
vt 0.45813689 0.33081561
vt 0.47595942 0.35068285
vt 0.47711909 0.37169451
vt 0.47870603 0.39224839
vt 0.49776456 0.41023880
vt 0.84011596 0.19986266
vt 0.81924164 0.18307775
vt 0.79832149 0.16783398
vt 0.77648586 0.15397877
vt 0.75593197 0.14201570
vt 0.73519492 0.13029677
vt 0.89108109 0.29936677
vt 0.01104753 0.75953305
vt 0.87786680 0.28476387
vt 0.02241550 0.73768216
vt 0.87904173 0.26796371
vt 0.03906310 0.73217368
vt 0.88081175 0.25178909
vt 0.05505455 0.72761118
vt 0.07186999 0.71943235
vt 0.88296330 0.23581290
vt 0.88488597 0.22053862
vt 0.88540477 0.20599681
vt 0.88435185 0.19195849
vt 0.12925917 0.67142749
vt 0.88368046 0.17967498
vt 0.13879606 0.66030365
vt 0.88308537 0.16742200
vt 0.88245976 0.15513849
vt 0.15054551 0.64716566
vt 0.88270390 0.14131379
vt 0.15690853 0.63564503
vt 0.88221562 0.12703139
vt 0.16179141 0.62139314
vt 0.16490425 0.60440981
vt 0.16580454 0.58820474
vt 0.16664378 0.57141984
vt 0.67997253 0.96357673
vt 0.69469750 0.96888685
vt 0.70919359 0.97477686
vt 0.72420841 0.97903413
vt 0.99383533 0.45073622
vt 0.97854584 0.44707406
vt 0.96307319 0.44451058
vt 0.94746321 0.44119936
vt 0.93139541 0.43863583
vt 0.91573966 0.43480581
vt 0.90130466 0.43067062
vt 0.67560846 0.13124287
vt 0.88719004 0.42558938
vt 0.67301440 0.11715877
vt 0.67075610 0.10312045
vt 0.66875714 0.08984512
vt 0.66622418 0.07670712
vt 0.66334021 0.06297398
vt 0.65952545 0.04866099
vt 0.65531397 0.03479058
vt 0.13447776 0.70366979
vt 0.65110248 0.01979095
vt 0.64661634 0.00537115
vt 0.12799267 0.72089720
vt 0.12173647 0.73812467
vt 0.10222019 0.75043869
vt 0.08430610 0.76369882
vt 0.06843671 0.77602810
vt 0.26897079 0.39822996
vt 0.28325322 0.42749673
vt 0.29123369 0.43894100
vt 0.04737926 0.81696802
vt 0.29697108 0.45099562
vt 0.29868010 0.46591896
vt 0.30537879 0.47409779
vt 0.30952924 0.47197682
vt 0.04020752 0.84592962
vt 0.04515145 0.84748608
vt 0.05037003 0.84980547
vt 0.04484627 0.86431676
vt 0.04835584 0.86640728
vt 0.04179446 0.87612724
vt 0.03999390 0.88212407
vt 0.03855955 0.88712901
vt 0.20488289 0.12655830
vt 0.20981155 0.12092775
vt 0.21359579 0.11654842
vt 0.21734951 0.11195546
vt 0.22117952 0.10627908
vt 0.22497901 0.10070956
vt 0.22864118 0.09617764
vt 0.23570611 0.09317160
vt 0.23961242 0.08754098
vt 0.24393073 0.08047611
vt 0.24736400 0.07455558
vt 0.25223163 0.06662089
vt 0.25990692 0.05706877
vt 0.26826885 0.04220647
vt 0.27678341 0.02626079
vt 0.27861449 0.10978866
vt 0.28665599 0.00837719
vt 0.28751048 0.12027162
vt 0.29808500 0.01399255
vt 0.28084230 0.12600899
vt 0.30878156 0.02165258
vt 0.27296865 0.13009840
vt 0.28761730 0.13917756
vt 0.29579613 0.15361255
vt 0.30350193 0.16678113
vt 0.31085679 0.18054473
vt 0.31882200 0.19417107
vt 0.45061418 0.65899134
vt 0.32579538 0.20802623
vt 0.46224156 0.65304035
vt 0.47431144 0.64681470
vt 0.48763257 0.64135194
vt 0.50104523 0.63567555
vt 0.33351645 0.69497216
vt 0.51430535 0.62938887
vt 0.33809415 0.67687500
vt 0.52680248 0.62241554
vt 0.53981841 0.61417562
vt 0.34110019 0.66285193
vt 0.35797665 0.66686499
vt 0.37479210 0.67026782
vt 0.39072251 0.67499810
vt 0.43913940 0.31068897
vt 0.41052872 0.66636145
vt 0.42578775 0.67165637
vt 0.43962768 0.33241779
vt 0.44557869 0.66356909
vt 0.45893034 0.35255969
vt 0.45946440 0.66955066
vt 0.45926604 0.37279314
vt 0.47318226 0.67447925
vt 0.46021211 0.39411002
vt 0.47980469 0.41266501
vt 0.49915314 0.42996871
vt 0.83773553 0.17956817
vt 0.81666285 0.16435492
vt 0.79456776 0.14950788
vt 0.77329671 0.13607997
vt 0.75130844 0.12295717
vt 0.90559244 0.29983979
vt 0.02743572 0.75408560
vt 0.89243913 0.28433663
vt 0.89445335 0.26788741
vt 0.89672697 0.25117874
vt 0.89861906 0.23549247
vt 0.89958036 0.21959257
vt 0.89941251 0.20497441
vt 0.89983976 0.19008166
vt 0.90016019 0.17534143
vt 0.90023649 0.16153198
vt 0.90124363 0.14668500
vt 0.90118259 0.13174641
vt 0.90023649 0.11563289
vt 0.18056001 0.61718166
vt 0.89983976 0.10008395
vt 0.18460365 0.60250247
vt 0.18406957 0.58521402
vt 0.89842069 0.08555734
vt 0.00000000 0.50473791
vt 0.65832001 0.97354084
vt 0.01641871 0.50605023
vt 0.67306018 0.98089570
vt 0.98774701 0.41931790
vt 0.68914318 0.98777753
vt 0.70431066 0.99343860
vt 0.98284888 0.43320364
vt 0.96751356 0.42949569
vt 0.95219350 0.42668802
vt 0.93623257 0.42311740
vt 0.92140079 0.41896695
vt 0.90632486 0.41461813
vt 0.69127947 0.12675667
vt 0.89245439 0.40909439
vt 0.68905163 0.11264211
vt 0.68696117 0.09854275
vt 0.68453497 0.08528268
vt 0.68177313 0.07147324
vt 0.67864501 0.05769438
vt 0.67475396 0.04409856
vt 0.66987103 0.02987719
vt 0.66460669 0.01603723
vt 0.11848631 0.69680321
vt 0.11280995 0.71404594
vt 0.10728619 0.73287559
vt 0.08892958 0.74560159
vt 0.07186999 0.75989926
vt 0.25754178 0.38654155
vt 0.26103610 0.40727854
vt 0.27466241 0.43404287
vt 0.28323796 0.44406807
vt 0.29082170 0.45534450
vt 0.29347676 0.46994734
vt 0.30261692 0.47692072
vt 0.31859311 0.49871063
vt 0.03422599 0.85873199
vt 0.32195011 0.49730676
vt 0.32494086 0.49520105
vt 0.03802548 0.85998321
vt 0.04103151 0.86147857
vt 0.03920043 0.87360954
vt 0.03678950 0.88076603
vt 0.03466850 0.88610667
vt 0.20918593 0.13049513
vt 0.21403830 0.12600899
vt 0.21898222 0.12175173
vt 0.22278172 0.11604488
vt 0.22653544 0.11149770
vt 0.23035020 0.10579079
vt 0.23767452 0.09797817
vt 0.24600595 0.08903641
vt 0.25082779 0.08342105
vt 0.25444418 0.07769895
vt 0.25925079 0.06968796
vt 0.26703289 0.06009001
vt 0.27576104 0.04675364
vt 0.27302969 0.11346608
vt 0.28639659 0.03245592
vt 0.29587242 0.03819335
vt 0.67043567 0.35106432
vt 0.30421913 0.04512095
vt 0.31856260 0.03048754
vt 0.68111694 0.36990923
vt 0.69297320 0.38963914
vt 0.32166019 0.00448614
vt 0.70525676 0.38091099
vt 0.27869079 0.14352638
vt 0.72233158 0.41066605
vt 0.28506905 0.15837342
vt 0.73968107 0.43736935
vt 0.29166093 0.17302203
vt 0.75153732 0.45587856
vt 0.29765773 0.18750286
vt 0.76356143 0.47559321
vt 0.30362400 0.20199895
vt 0.31020066 0.21641868
vt 0.77668422 0.49144733
vt 0.46913862 0.66671240
vt 0.78924239 0.51316094
vt 0.33908600 0.76202029
vt 0.48247501 0.66146338
vt 0.34110019 0.74103916
vt 0.49565881 0.65712976
vt 0.50963604 0.65165180
vt 0.34419775 0.72109556
vt 0.52338445 0.64559400
vt 0.35014877 0.69784081
vt 0.53673607 0.63811707
vt 0.35465020 0.68032348
vt 0.37096208 0.68453497
vt 0.38628215 0.68836498
vt 0.40611887 0.67986572
vt 0.42098117 0.68537426
vt 0.44049746 0.67705810
vt 0.45506981 0.68258178
vt 0.46858931 0.68807507
vt 0.49964142 0.68213928
vt 0.46131074 0.41452658
vt 0.48117799 0.43241018
vt 0.85613793 0.17598230
vt 0.83485162 0.15989929
vt 0.81341267 0.14430457
vt 0.79137868 0.12999159
vt 0.76952773 0.11641109
vt 0.92137027 0.30144197
vt 0.90859848 0.28490120
vt 0.91038376 0.26773483
vt 0.91239798 0.25120926
vt 0.91442740 0.23494315
vt 0.91465628 0.21875334
vt 0.91551077 0.20280766
vt 0.91642636 0.18722820
vt 0.91728085 0.17177081
vt 0.91929501 0.15548944
vt 0.91972226 0.13966584
vt 0.91908139 0.12367439
vt 0.91854733 0.10704201
vt 0.91763180 0.09118789
vt 0.00000000 0.52423894
vt 0.91573966 0.07544059
vt 0.98318458 0.38640422
vt 0.65142292 0.99180591
vt 0.66787213 1.00000000
vt 0.97764552 0.40077823
vt 0.97262532 0.41501486
vt 0.95654231 0.41130692
vt 0.94142061 0.40732431
vt 0.92674142 0.40321964
vt 0.91189438 0.39842832
vt 0.58329135 0.67071033
vt 0.70765239 0.12181276
vt 0.58207065 0.65641260
vt 0.70513469 0.10772872
vt 0.58136874 0.64209962
vt 0.70295262 0.09359884
vt 0.58040744 0.62977034
vt 0.70066375 0.07946897
vt 0.58158237 0.60277712
vt 0.69800872 0.06559855
vt 0.58350497 0.58091092
vt 0.69417870 0.05206376
vt 0.58745706 0.55500114
vt 0.68953997 0.03863585
vt 0.59317923 0.53182268
vt 0.19783323 0.32195008
vt 0.68378729 0.02468908
vt 0.67852294 0.01086444
vt 0.21081865 0.33235675
vt 0.10115205 0.69161516
vt 0.22633708 0.34283972
vt 0.09654383 0.70922410
vt 0.24063477 0.35361260
vt 0.09246967 0.72715342
vt 0.07458610 0.74222934
vt 0.24448004 0.37482262
vt 0.24962234 0.39720762
vt 0.25383383 0.41751736
vt 0.26633096 0.44052798
vt 0.27602044 0.45033950
vt 0.28465706 0.45972383
vt 0.28989089 0.47399098
vt 0.29974821 0.48058289
vt 0.31589228 0.50054169
vt 0.32210270 0.50885785
vt 0.02987717 0.86929119
vt 0.32504767 0.50722516
vt 0.32741284 0.50606549
vt 0.03265431 0.87003893
vt 0.03570611 0.87153429
vt 0.03356985 0.87942320
vt 0.03073167 0.88509959
vt 0.21350424 0.13447773
vt 0.21837187 0.12997633
vt 0.84411383 0.53437096
vt 0.22156100 0.13388264
vt 0.83787286 0.53519493
vt 0.22423133 0.12811476
vt 0.22461280 0.12216371
vt 0.22822919 0.12103456
vt 0.23202869 0.11532772
vt 0.23578240 0.11078048
vt 0.23939879 0.10626382
vt 0.24428168 0.10179293
vt 0.24792859 0.09730679
vt 0.25160602 0.09163040
vt 0.25654992 0.08599985
vt 0.26263827 0.08046085
vt 0.26771954 0.07373160
vt 0.27440298 0.06419468
vt 0.28290227 0.05154496
vt 0.28999770 0.05789274
vt 0.66199738 0.33214313
vt 0.65424579 0.33888763
vt 0.66128021 0.35762572
vt 0.66765851 0.37711149
vt 0.67730218 0.39697874
vt 0.68946362 0.41725796
vt 0.27382314 0.16124207
vt 0.70756084 0.40999466
vt 0.27885863 0.17676049
vt 0.72022581 0.43295950
vt 0.72898453 0.46028841
vt 0.74164951 0.48169678
vt 0.75371939 0.50121307
vt 0.35368887 0.77463949
vt 0.35413137 0.76079959
vt 0.35664913 0.74085605
vt 0.36011291 0.72227055
vt 0.36577401 0.70118260
vt 0.38101777 0.70518041
vt 0.39563593 0.70893419
vt 0.40102234 0.69350731
vt 0.41593042 0.69886321
vt 0.43553826 0.69115740
vt 0.44956130 0.69643700
vt 0.46456093 0.70182347
vt 0.49114212 0.69460595
vt 0.51282519 0.69018078
vt 0.46272984 0.43508047
vt 0.48293278 0.45256734
vt 0.85296404 0.15532160
vt 0.83147937 0.13904023
vt 0.94921798 0.32106507
vt 0.80964369 0.12425423
vt 0.78731978 0.10962081
vt 0.93693447 0.30264741
vt 0.92423898 0.28514534
vt 0.92687875 0.26791793
vt 0.92813003 0.25131607
vt 0.92999160 0.23459220
vt 0.93109024 0.21771574
vt 0.93272299 0.20073241
vt 0.93362325 0.18449682
vt 0.93589687 0.16745251
vt 0.93708706 0.15104908
vt 0.93710232 0.13397419
vt 0.93633938 0.11683834
vt 0.93507284 0.10057223
vt 0.93348593 0.08386356
vt 0.93253988 0.06814677
vt 0.96824598 0.38187230
vt 0.96278322 0.39671934
vt 0.94747847 0.39266044
vt 0.93212789 0.38800639
vt 0.59870297 0.66971850
vt 0.91818112 0.38295567
vt 0.90365452 0.37721831
vt 0.59743649 0.65474939
vt 0.59714657 0.64032960
vt 0.59664303 0.62758827
vt 0.59755856 0.60277712
vt 0.59946591 0.58162814
vt 0.60274661 0.55735099
vt 0.60862136 0.53095293
vt 0.18730450 0.33559167
vt 0.20056458 0.34509802
vt 0.21643397 0.35513848
vt 0.07687495 0.72393382
vt 0.23131151 0.36493474
vt 0.23576714 0.38616008
vt 0.24179447 0.40741587
vt 0.24756238 0.42801559
vt 0.25915924 0.44942397
vt 0.26941329 0.45688564
vt 0.28012511 0.46570534
vt 0.27559319 0.47167164
vt 0.28847182 0.47560847
vt 0.29681849 0.48427558
vt 0.31337452 0.50345618
vt 0.31940186 0.51070416
vt 0.32445258 0.51543450
vt 0.32684824 0.51436639
vt 0.02948043 0.87811095
vt 0.32985428 0.51371026
vt 0.21060503 0.14363319
vt 0.21661708 0.13812464
vt 0.33093765 0.51882201
vt 0.84980547 0.53617156
vt 0.84534979 0.52986956
vt 0.22854963 0.13301289
vt 0.83987182 0.52910662
vt 0.83447015 0.52951860
vt 0.82954144 0.52840471
vt 0.23485160 0.12494087
vt 0.82339209 0.52831310
vt 0.23860532 0.12039369
vt 0.81805140 0.52912188
vt 0.24122988 0.11577022
vt 0.81167316 0.52973223
vt 0.61118484 0.27910274
vt 0.24502937 0.11006331
vt 0.61519796 0.28473336
vt 0.24977493 0.10557717
vt 0.61969942 0.28891432
vt 0.25343710 0.10110629
vt 0.62557411 0.29442281
vt 0.25839627 0.09549093
vt 0.63141835 0.29990083
vt 0.26334020 0.08987564
vt 0.63732356 0.30534828
vt 0.26829937 0.08426034
vt 0.64437324 0.31210804
vt 0.27446404 0.07757688
vt 0.28030825 0.06950486
vt 0.65229267 0.31927979
vt 0.64470893 0.32625318
vt 0.64557868 0.34271765
vt 0.64953077 0.36372930
vt 0.65397114 0.38425267
vt 0.66114289 0.40454721
vt 0.67193103 0.42569619
vt 0.68120849 0.44769973
vt 0.70121312 0.44042116
vt 0.70890361 0.46588844
vt 0.72046995 0.48981458
vt 0.72904557 0.51326776
vt 0.36676586 0.77492940
vt 0.36852065 0.76116580
vt 0.37186235 0.74163425
vt 0.37563133 0.72491038
vt 0.38916609 0.72707713
vt 0.40111390 0.72993058
vt 0.41010147 0.71294725
vt 0.42436865 0.71902037
vt 0.43009079 0.70516515
vt 0.44480050 0.71068895
vt 0.46022737 0.71618223
vt 0.48252079 0.70849168
vt 0.50513464 0.70261693
vt 0.46453041 0.45603114
vt 0.52607006 0.69874114
vt 0.87168688 0.15039295
vt 0.54583049 0.69481957
vt 0.84939343 0.13424885
vt 0.96473640 0.32236212
vt 0.82763410 0.11821163
vt 0.80534065 0.10353249
vt 0.95245290 0.30397499
vt 0.93960482 0.28590828
vt 0.94232088 0.26807052
vt 0.94428933 0.25099564
vt 0.94612038 0.23311210
vt 0.94782943 0.21536583
vt 0.95002669 0.19855040
vt 0.95156789 0.18103302
vt 0.95336843 0.16458380
vt 0.95413136 0.14706647
vt 0.95388722 0.12956434
vt 0.95272756 0.11206228
vt 0.95187306 0.09549093
vt 0.95036238 0.07803464
vt 0.94943160 0.06170750
vt 0.95330739 0.37734038
vt 0.96517891 0.05780119
vt 0.93858242 0.37247270
vt 0.97944611 0.05586326
vt 0.61422139 0.66890973
vt 0.92462045 0.36743724
vt 0.91035324 0.36121154
vt 0.61353475 0.65394068
vt 0.61324483 0.63952088
vt 0.61263448 0.62557411
vt 0.61403829 0.60205996
vt 0.61556423 0.58251315
vt 0.61882961 0.55901426
vt 0.62360573 0.53585106
vt 0.62751204 0.52074468
vt 0.19111925 0.35936522
vt 0.20677501 0.36803234
vt 0.22259861 0.37627220
vt 0.22861066 0.39772642
vt 0.23508050 0.41922635
vt 0.24211490 0.43891048
vt 0.24965286 0.45601588
vt 0.26504922 0.46462196
vt 0.26092929 0.47331959
vt 0.27504387 0.48146790
vt 0.29169145 0.49152362
vt 0.30164033 0.49922943
vt 0.31081101 0.50713360
vt 0.31786069 0.51332879
vt 0.32570383 0.51891357
vt 0.85316241 0.52915239
vt 0.85157549 0.52397954
vt 0.84571600 0.52423894
vt 0.84118408 0.52286565
vt 0.83550775 0.52242315
vt 0.82952619 0.52202642
vt 0.82461280 0.52114141
vt 0.81844819 0.52108037
vt 0.81136799 0.52176702
vt 0.80572212 0.52208745
vt 0.60915542 0.28998244
vt 0.61493856 0.29454488
vt 0.62084383 0.29994661
vt 0.62652016 0.30571449
vt 0.63086903 0.31105518
vt 0.63807124 0.31799799
vt 0.63698786 0.33160907
vt 0.63677424 0.34708172
vt 0.63768977 0.36852062
vt 0.64037538 0.39021897
vt 0.64589912 0.41129166
vt 0.65406269 0.43262380
vt 0.66097504 0.45439839
vt 0.66506445 0.47913331
vt 0.68860912 0.47263294
vt 0.69742888 0.49886322
vt 0.37740138 0.78892195
vt 0.37909514 0.77570760
vt 0.38135347 0.76218814
vt 0.38600749 0.74323642
vt 0.39653620 0.74503696
vt 0.41043717 0.75129318
vt 0.41617456 0.73557639
vt 0.43221179 0.74139011
vt 0.43878844 0.72535288
vt 0.45386434 0.73078507
vt 0.47498283 0.72211796
vt 0.49701685 0.71552604
vt 0.51857787 0.71084154
vt 0.53940642 0.70705730
vt 0.86713970 0.12913710
vt 0.55896848 0.70408177
vt 0.97990388 0.32402533
vt 0.84538031 0.11309987
vt 0.82334632 0.09706265
vt 0.96787977 0.30490577
vt 0.95551997 0.28613716
vt 0.95794612 0.26860458
vt 0.96034181 0.25003433
vt 0.96243227 0.23218125
vt 0.96449226 0.21446556
vt 0.96684217 0.19670403
vt 0.96849012 0.17978179
vt 0.96961927 0.16221869
vt 0.96960402 0.14485389
vt 0.96878004 0.12747389
vt 0.96836805 0.10930037
vt 0.96673530 0.09201193
vt 0.96607918 0.07458609
vt 0.63044173 0.66825360
vt 0.98046845 0.07299918
vt 0.99554437 0.07194626
vt 0.62981611 0.65328449
vt 0.62952620 0.63886476
vt 0.62880903 0.62363625
vt 0.63033491 0.60157168
vt 0.63184559 0.58339822
vt 0.63505000 0.56037235
vt 0.63837641 0.54154265
vt 0.64254212 0.52518499
vt 0.18113984 0.37405968
vt 0.19856565 0.38171971
vt 0.21388571 0.38948655
vt 0.22114900 0.41020828
vt 0.22914474 0.43169302
vt 0.23646906 0.45035475
vt 0.24649423 0.46669716
vt 0.25806057 0.48261237
vt 0.27298391 0.48969251
vt 0.28793773 0.49808502
vt 0.29828337 0.50412756
vt 0.30867475 0.51021588
vt 0.31607538 0.51578546
vt 0.31943238 0.51784539
vt 0.85647362 0.52465093
vt 0.31998169 0.52094305
vt 0.85485619 0.52025634
vt 0.85008013 0.51909667
vt 0.84512091 0.51686883
vt 0.84052795 0.51549554
vt 0.83576715 0.51444268
vt 0.83143359 0.51430535
vt 0.82514685 0.51403069
vt 0.81893647 0.51407647
vt 0.81283283 0.51403069
vt 0.80598152 0.51486993
vt 0.79966432 0.51592278
vt 0.60877395 0.29996186
vt 0.61535060 0.30508888
vt 0.62056917 0.31116199
vt 0.62468910 0.31685358
vt 0.63033491 0.32350653
vt 0.63079268 0.33611047
vt 0.62282747 0.34181738
vt 0.62662697 0.34988940
vt 0.62624550 0.37061113
vt 0.62642860 0.39314872
vt 0.62941939 0.41498435
vt 0.63486689 0.43706417
vt 0.63945985 0.45996797
vt 0.64182496 0.48448920
vt 0.39011216 0.79174489
vt 0.67084765 0.50473791
vt 0.68088806 0.52512395
vt 0.39262989 0.77744716
vt 0.39458305 0.76421762
vt 0.40904859 0.76523995
vt 0.42691693 0.75556576
vt 0.44751659 0.74581522
vt 0.46874189 0.73653769
vt 0.48964676 0.72877085
vt 0.51076525 0.72353703
vt 0.53191423 0.71958494
vt 0.55243760 0.71621275
vt 0.99494928 0.32529181
vt 0.57283896 0.71395439
vt 0.98307776 0.30560768
vt 0.97090107 0.28667122
vt 0.97366291 0.26820785
vt 0.97624171 0.24969864
vt 0.97851527 0.23135728
vt 0.98113984 0.21351951
vt 0.74940109 0.66681921
vt 0.98281837 0.19580376
vt 0.73182267 0.66594946
vt 0.98448157 0.17830169
vt 0.71523613 0.66591895
vt 0.98481727 0.16150147
vt 0.69776458 0.66668189
vt 0.98411536 0.14343482
vt 0.68059814 0.66684973
vt 0.98396277 0.12536812
vt 0.66285193 0.66663611
vt 0.98289466 0.10789657
vt 0.64711988 0.66735333
vt 0.98179597 0.09036392
vt 0.99632257 0.08905166
vt 0.64605170 0.65291828
vt 0.64603645 0.63794923
vt 0.64525825 0.62192720
vt 0.64687574 0.60132754
vt 0.64817274 0.58341348
vt 0.65098041 0.56169987
vt 0.65404743 0.54357213
vt 0.65728235 0.52771801
vt 0.17531091 0.38977647
vt 0.19026475 0.39635307
vt 0.20666820 0.40296024
vt 0.21448082 0.42334628
vt 0.22368200 0.44402230
vt 0.23286793 0.46163118
vt 0.24394599 0.47679865
vt 0.25650415 0.49250019
vt 0.27038985 0.49849701
vt 0.28372625 0.50366980
vt 0.29626918 0.50931561
vt 0.30670634 0.51432061
vt 0.31485465 0.51866943
vt 0.85825896 0.51671624
vt 0.31406119 0.52278936
vt 0.85473412 0.51294732
vt 0.85152972 0.50820172
vt 0.84678417 0.50632489
vt 0.83990234 0.50385290
vt 0.83393604 0.50350195
vt 0.82725263 0.50241852
vt 0.82095063 0.50243378
vt 0.81353474 0.50299841
vt 0.80621040 0.50386816
vt 0.79819942 0.50553143
vt 0.60428780 0.30634010
vt 0.79337758 0.50632489
vt 0.60840774 0.31038374
vt 0.61286336 0.31752497
vt 0.61821926 0.32352179
vt 0.62397194 0.32921338
vt 0.61593044 0.33583581
vt 0.61812770 0.35123217
vt 0.61350423 0.37276262
vt 0.61152059 0.39392692
vt 0.61237508 0.41567099
vt 0.61580837 0.43906307
vt 0.61915004 0.46243989
vt 0.61692226 0.48574042
vt 0.64185548 0.51065838
vt 0.40418097 0.79403371
vt 0.40700388 0.77994967
vt 0.42488748 0.76902419
vt 0.44295415 0.75980771
vt 0.46271458 0.75056076
vt 0.48354316 0.74287021
vt 0.50435644 0.73621726
vt 0.52487981 0.73165488
vt 0.54583049 0.72838938
vt 0.56627756 0.72617686
vt 0.58632791 0.72379649
vt 0.83924621 0.64966810
vt 0.98608375 0.28696114
vt 0.82108796 0.65058362
vt 0.98887616 0.26800948
vt 0.80335701 0.65145344
vt 0.99145496 0.24951553
vt 0.78442055 0.65217060
vt 0.99372852 0.23115891
vt 0.99623102 0.21362633
vt 0.76592660 0.65185016
vt 0.99801630 0.19514763
vt 0.74779886 0.65181965
vt 0.99955750 0.17766076
vt 0.73072404 0.65101087
vt 1.00000000 0.16009766
vt 0.71361870 0.65087354
vt 0.99919128 0.14200044
vt 0.69637597 0.65172809
vt 0.99836731 0.12457466
vt 0.67988098 0.65255207
vt 0.99728388 0.10630959
vt 0.66251624 0.65226215
vt 0.66248572 0.63663691
vt 0.66161591 0.61976039
vt 0.66253150 0.60218203
vt 0.66466773 0.58377969
vt 0.66723126 0.56333256
vt 0.67003894 0.54612041
vt 0.67251086 0.53087664
vt 0.16894789 0.40607309
vt 0.18394750 0.41199356
vt 0.19978638 0.41676968
vt 0.20854506 0.43706417
vt 0.21866179 0.45639735
vt 0.23001450 0.47318226
vt 0.24135195 0.48772413
vt 0.25435263 0.50211334
vt 0.26883346 0.50693524
vt 0.28181887 0.51131457
vt 0.29405662 0.51505303
vt 0.30528724 0.51883727
vt 0.30449378 0.52291143
vt 0.86150914 0.49799341
vt 0.85580224 0.49477381
vt 0.84892040 0.49243915
vt 0.84177917 0.49027240
vt 0.83419549 0.48839551
vt 0.82528418 0.48856336
vt 0.81733423 0.48844129
vt 0.80897230 0.48986036
vt 0.80070192 0.49152362
vt 0.79285878 0.49283588
vt 0.59815365 0.31981385
vt 0.78626686 0.49405658
vt 0.60128176 0.32747388
vt 0.60837722 0.33235675
vt 0.60576791 0.35059130
vt 0.60028994 0.37141985
vt 0.59736019 0.39288932
vt 0.59603268 0.41564047
vt 0.59603268 0.43715572
vt 0.59905392 0.46024263
vt 0.60437936 0.48540473
vt 0.60991836 0.51113147
vt 0.41902801 0.79839778
vt 0.42279696 0.78425270
vt 0.44063479 0.77405965
vt 0.45857939 0.76517892
vt 0.47760740 0.75645077
vt 0.49784085 0.74982834
vt 0.51825744 0.74402988
vt 0.53911650 0.74047458
vt 0.55930418 0.73795682
vt 0.58011752 0.73618674
vt 0.83677423 0.63468373
vt 0.81864655 0.63637751
vt 0.80085450 0.63735408
vt 0.78222322 0.63735408
vt 0.76339358 0.63759822
vt 0.74621195 0.63682002
vt 0.72886246 0.63599604
vt 0.71213853 0.63591975
vt 0.69564354 0.63675898
vt 0.67844665 0.63633174
vt 0.67753106 0.61864650
vt 0.67849243 0.60250247
vt 0.68061340 0.58451211
vt 0.68308538 0.56438541
vt 0.68583202 0.54799724
vt 0.68825817 0.53305864
vt 0.16340886 0.42304111
vt 0.17871366 0.42754251
vt 0.19412528 0.43141830
vt 0.20376898 0.45029372
vt 0.21475548 0.46834517
vt 0.22677958 0.48383307
vt 0.23901732 0.49796289
vt 0.25256732 0.51195544
vt 0.26680401 0.51515985
vt 0.28004882 0.51815057
vt 0.29282063 0.52060735
vt 0.29216450 0.52553594
vt 0.86497289 0.47904176
vt 0.85745025 0.47592890
vt 0.84986651 0.47255665
vt 0.84060425 0.47058821
vt 0.83120471 0.47002363
vt 0.82072175 0.46883345
vt 0.81084919 0.46987104
vt 0.80096132 0.47107655
vt 0.79169911 0.47199208
vt 0.78371865 0.47516596
vt 0.59194326 0.33952850
vt 0.77625698 0.47750056
vt 0.59658200 0.34782940
vt 0.76650643 0.45729762
vt 0.58867782 0.36932939
vt 0.75790036 0.44068056
vt 0.58234531 0.38977647
vt 0.74784464 0.42462808
vt 0.57859159 0.41156632
vt 0.73688871 0.40926224
vt 0.57755399 0.43334097
vt 0.72175175 0.38104832
vt 0.57701993 0.45740443
vt 0.70672160 0.35855651
vt 0.57923245 0.48285651
vt 0.00093080 0.56519413
vt 0.43407339 0.80314338
vt 0.57944608 0.50896466
vt 0.57468528 0.53607994
vt 0.43802547 0.78910506
vt 0.45517662 0.77872890
vt 0.47295338 0.77096206
vt 0.49199665 0.76321054
vt 0.51200122 0.75667965
vt 0.53237200 0.75248343
vt 0.55300224 0.74943161
vt 0.57419699 0.74795151
vt 0.83427179 0.62046236
vt 0.81611353 0.62162203
vt 0.79789424 0.62258339
vt 0.77958345 0.62323952
vt 0.76176089 0.62270546
vt 0.74457926 0.62195772
vt 0.72799265 0.62178987
vt 0.71139085 0.62104219
vt 0.69486535 0.61986721
vt 0.69498742 0.60262454
vt 0.69576561 0.58527505
vt 0.69790190 0.56823075
vt 0.70061797 0.55184257
vt 0.15738155 0.43822384
vt 0.70243382 0.53635466
vt 0.70348668 0.52153814
vt 0.17291524 0.44205385
vt 0.18837263 0.44588387
vt 0.19847409 0.46335548
vt 0.21072710 0.48030823
vt 0.22363622 0.49535364
vt 0.23706417 0.50843060
vt 0.25105670 0.52050048
vt 0.26590371 0.52339971
vt 0.27917907 0.52472723
vt 0.87171739 0.46192110
vt 0.86309606 0.45719081
vt 0.85491723 0.45224690
vt 0.84545660 0.45111769
vt 0.83468378 0.44911879
vt 0.82256812 0.44896621
vt 0.81087971 0.44946975
vt 0.79880977 0.44942397
vt 0.78730452 0.45154500
vt 0.58234531 0.36142522
vt 0.77599758 0.45554286
vt 0.76885635 0.43619442
vt 0.76096743 0.41960782
vt 0.75168991 0.40080875
vt 0.55912107 0.45282674
vt 0.74181736 0.38442051
vt 0.55648124 0.48020142
vt 0.73122758 0.36496526
vt 0.55617607 0.51114672
vt 0.72011900 0.34468603
vt 0.44760814 0.80819410
vt 0.02594034 0.56588084
vt 0.02594034 0.53899443
vt 0.45198748 0.79378957
vt 0.46875715 0.78481728
vt 0.48679331 0.77709621
vt 0.50595868 0.77039748
vt 0.52620739 0.76498055
vt 0.54654765 0.76160830
vt 0.56789500 0.75942624
vt 0.83219653 0.60624093
vt 0.81405354 0.60753798
vt 0.79574275 0.60851455
vt 0.77782863 0.60910964
vt 0.76076907 0.60856032
vt 0.74381626 0.60778213
vt 0.72733653 0.60694289
vt 0.71074998 0.60508126
vt 0.71140611 0.58844888
vt 0.71270311 0.57224381
vt 0.71465629 0.55616081
vt 0.71644157 0.54065764
vt 0.71709776 0.52513921
vt 0.16675059 0.45653468
vt 0.18286411 0.45963228
vt 0.19385061 0.47585261
vt 0.20704967 0.49236286
vt 0.22156100 0.50652325
vt 0.23532464 0.51834893
vt 0.87501335 0.42090487
vt 0.25012589 0.52976274
vt 0.26517129 0.53104448
vt 0.86977953 0.43859005
vt 0.85987639 0.43433279
vt 0.84898144 0.43044174
vt 0.83648431 0.42960250
vt 0.82435340 0.42836654
vt 0.81029981 0.42938888
vt 0.79551387 0.43108261
vt 0.78165865 0.43341726
vt 0.77622646 0.41507590
vt 0.76870376 0.39685667
vt 0.76049441 0.37795073
vt 0.75193405 0.35735101
vt 0.74166477 0.33450830
vt 0.73083085 0.31006330
vt 0.46509498 0.79958802
vt 0.48204777 0.79075301
vt 0.50054169 0.78345919
vt 0.52004272 0.77782863
vt 0.54030669 0.77329671
vt 0.56073856 0.77109945
vt 0.83031970 0.59142447
vt 0.81269550 0.59337759
vt 0.79490346 0.59433889
vt 0.77665371 0.59493399
vt 0.75979251 0.59435415
vt 0.74351108 0.59359121
vt 0.72724497 0.59133291
vt 0.72770274 0.57553983
vt 0.72878617 0.56028080
vt 0.72988480 0.54431987
vt 0.73054093 0.52880144
vt 0.16096742 0.47115284
vt 0.17776760 0.47354847
vt 0.18986800 0.48944837
vt 0.20419623 0.50482947
vt 0.21963836 0.51714349
vt 0.23479056 0.52828258
vt 0.25003433 0.53835356
vt 0.86692607 0.41361105
vt 0.85392541 0.40985733
vt 0.84049743 0.40831620
vt 0.82430762 0.40828568
vt 0.80814832 0.40965897
vt 0.79185170 0.41144425
vt 0.78667885 0.39197373
vt 0.78013277 0.37228960
vt 0.77236593 0.35075915
vt 0.76350039 0.32625318
vt 0.75254446 0.29985505
vt 0.47733271 0.80497444
vt 0.49498740 0.79742122
vt 0.51372552 0.79078352
vt 0.53397423 0.78576332
vt 0.55379570 0.78226900
vt 0.82845807 0.57718778
vt 0.81083393 0.57918668
vt 0.79343861 0.58005643
vt 0.77619594 0.58057523
vt 0.75997561 0.58004117
vt 0.74393833 0.57804227
vt 0.74415195 0.56304264
vt 0.74438089 0.54775310
vt 0.74480814 0.53206682
vt 0.15574883 0.48688489
vt 0.17300679 0.48772413
vt 0.18683146 0.50336462
vt 0.20233463 0.51712823
vt 0.21855497 0.52870989
vt 0.23450065 0.53847563
vt 0.87071031 0.39111924
vt 0.85604638 0.38834208
vt 0.83965820 0.38617533
vt 0.82269019 0.38616008
vt 0.80431831 0.38873887
vt 0.79942018 0.36798656
vt 0.79278249 0.34592205
vt 0.78530556 0.32040894
vt 0.77894253 0.29449910
vt 0.48917371 0.81081867
vt 0.80016786 0.26456094
vt 0.50780499 0.80373847
vt 0.52701610 0.79812312
vt 0.54703593 0.79450679
vt 0.82549781 0.56226444
vt 0.55977720 0.80357063
vt 0.80880445 0.56418705
vt 0.79237050 0.56565195
vt 0.77608913 0.56609446
vt 0.75954831 0.56508732
vt 0.75950253 0.54996568
vt 0.75910580 0.53435570
vt 0.15230030 0.50284576
vt 0.16977188 0.50339514
vt 0.18498512 0.51758599
vt 0.20221256 0.53073931
vt 0.21937896 0.53980315
vt 0.87251085 0.36873424
vt 0.85595483 0.36440068
vt 0.83859009 0.36327153
vt 0.81927216 0.36467534
vt 0.81472498 0.34120697
vt 0.80856031 0.31584650
vt 0.80427253 0.29018080
vt 0.82735944 0.26123446
vt 0.51993591 0.81036091
vt 0.53939116 0.80634773
vt 0.84586865 0.23537040
vt 0.82331580 0.54692912
vt 0.86672771 0.22662699
vt 0.00030518 0.53015947
vt 0.80663764 0.54900432
vt 0.79111928 0.55039293
vt 0.77517354 0.55053025
vt 0.77413595 0.53546959
vt 0.15078965 0.51976806
vt 0.16826123 0.51833367
vt 0.18487830 0.53286028
vt 0.20245670 0.54351109
vt 0.87228197 0.34264135
vt 0.20534065 0.55684745
vt 0.85662621 0.33818573
vt 0.83530939 0.33839935
vt 0.83276111 0.31287098
vt 0.82969403 0.28644234
vt 0.85477990 0.25973904
vt 0.00030518 0.55440605
vt 0.01193256 0.54178679
vt 0.86861980 0.25362021
vt 0.15272754 0.55411613
vt 0.80471504 0.53403521
vt 0.78919661 0.53542382
vt 0.15088120 0.53670561
vt 0.16832227 0.53461510
vt 0.18599221 0.54764628
vt 0.86855876 0.31195545
vt 0.18934920 0.56249332
vt 0.85513085 0.31195545
vt 0.85523766 0.28567940
vt 0.17261006 0.56699473
vt 0.86865032 0.28212404
vt 0.16939040 0.55104905
f 1/1 2/2 3/3
f 2/2 6/6 3/3
f 4/4 5/5 7/7
f 7/7 5/5 8/8
f 5/5 10/10 8/8
f 11/11 8/8 12/12
f 8/8 10/10 12/12
f 15/15 13/13 16/16
f 13/13 9/9 16/16
f 16/16 9/9 17/17
f 9/9 6/6 17/17
f 6/6 2/2 17/17
f 2/2 1/1 17/17
f 17/17 1/1 18/18
f 19/19 18/18 20/20
f 18/18 1/1 20/20
f 1/1 3/3 20/20
f 20/20 3/3 21/21
f 4/4 7/7 22/22
f 22/22 7/7 23/23
f 24/24 23/23 25/25
f 23/23 7/7 25/25
f 7/7 8/8 25/25
f 25/25 8/8 26/26
f 8/8 11/11 26/26
f 26/26 11/11 27/27
f 27/27 11/11 28/28
f 11/11 12/12 28/28
f 12/12 14/14 28/28
f 28/28 14/14 29/29
f 29/29 14/14 30/30
f 31/31 15/15 32/32
f 15/15 16/16 32/32
f 32/32 16/16 33/33
f 16/16 17/17 33/33
f 33/33 17/17 34/34
f 17/17 18/18 34/34
f 18/18 19/19 34/34
f 35/35 34/34 36/36
f 34/34 19/19 36/36
f 36/36 19/19 37/37
f 19/19 20/20 37/37
f 20/20 21/21 37/37
f 37/37 21/21 38/38
f 38/38 21/21 39/39
f 22/22 23/23 40/40
f 23/23 24/24 40/40
f 40/40 24/24 41/41
f 41/41 24/24 42/42
f 24/24 25/25 42/42
f 25/25 26/26 42/42
f 42/42 26/26 43/43
f 43/43 26/26 44/44
f 26/26 27/27 44/44
f 27/27 28/28 44/44
f 44/44 28/28 45/45
f 45/45 28/28 46/46
f 28/28 29/29 46/46
f 46/46 29/29 47/47
f 29/29 30/30 47/47
f 48/48 31/31 49/49
f 31/31 32/32 49/49
f 49/49 32/32 50/50
f 32/32 33/33 50/50
f 33/33 34/34 50/50
f 34/34 35/35 50/50
f 50/50 35/35 51/51
f 51/51 35/35 52/52
f 35/35 36/36 52/52
f 52/52 36/36 53/53
f 36/36 37/37 53/53
f 37/37 38/38 53/53
f 53/53 38/38 54/54
f 38/38 39/39 54/54
f 55/55 40/40 56/56
f 56/56 40/40 57/57
f 40/40 41/41 57/57
f 41/41 42/42 57/57
f 57/57 42/42 58/58
f 42/42 43/43 58/58
f 58/58 43/43 59/59
f 43/43 44/44 59/59
f 59/59 44/44 60/60
f 44/44 45/45 60/60
f 60/60 45/45 61/61
f 45/45 46/46 61/61
f 61/61 46/46 62/62
f 62/62 46/46 63/63
f 46/46 47/47 63/63
f 64/64 48/48 65/65
f 48/48 49/49 65/65
f 49/49 50/50 65/65
f 65/65 50/50 66/66
f 50/50 51/51 66/66
f 66/66 51/51 67/67
f 67/67 51/51 68/68
f 68/68 51/51 69/69
f 51/51 52/52 69/69
f 69/69 52/52 70/70
f 52/52 53/53 70/70
f 53/53 54/54 70/70
f 70/70 54/54 71/71
f 55/55 56/56 72/72
f 72/72 56/56 73/73
f 56/56 57/57 73/73
f 73/73 57/57 74/74
f 57/57 58/58 74/74
f 74/74 58/58 75/75
f 75/75 58/58 76/76
f 58/58 59/59 76/76
f 76/76 59/59 77/77
f 59/59 60/60 77/77
f 77/77 60/60 78/78
f 60/60 61/61 78/78
f 78/78 61/61 79/79
f 61/61 62/62 79/79
f 79/79 62/62 80/80
f 62/62 63/63 80/80
f 81/81 64/64 82/82
f 64/64 65/65 82/82
f 65/65 66/66 82/82
f 66/66 67/67 82/82
f 82/82 67/67 83/83
f 83/83 67/67 84/84
f 67/67 68/68 84/84
f 84/84 68/68 85/85
f 85/85 68/68 86/86
f 68/68 69/69 86/86
f 86/86 69/69 87/87
f 69/69 70/70 87/87
f 70/70 71/71 87/87
f 87/87 71/71 88/88
f 72/72 73/73 89/89
f 89/89 73/73 90/90
f 90/90 73/73 91/91
f 73/73 74/74 91/91
f 91/91 74/74 92/92
f 74/74 75/75 92/92
f 92/92 75/75 93/93
f 75/75 76/76 93/93
f 93/93 76/76 94/94
f 76/76 77/77 94/94
f 94/94 77/77 95/95
f 77/77 78/78 95/95
f 78/78 79/79 95/95
f 95/95 79/79 96/96
f 96/96 79/79 97/97
f 79/79 80/80 97/97
f 81/81 82/82 98/98
f 82/82 83/83 98/98
f 98/98 83/83 99/99
f 99/99 83/83 100/100
f 83/83 84/84 100/100
f 84/84 85/85 100/100
f 100/100 85/85 101/101
f 101/101 85/85 102/102
f 85/85 86/86 102/102
f 102/102 86/86 103/103
f 86/86 87/87 103/103
f 87/87 88/88 103/103
f 103/103 88/88 104/104
f 89/89 90/90 105/105
f 105/105 90/90 107/107
f 107/107 90/90 108/108
f 90/90 91/91 108/108
f 91/91 92/92 108/108
f 108/108 92/92 109/109
f 109/109 92/92 110/110
f 92/92 93/93 110/110
f 93/93 94/94 110/110
f 110/110 94/94 111/111
f 94/94 95/95 111/111
f 111/111 95/95 112/112
f 112/112 95/95 113/113
f 95/95 96/96 113/113
f 113/113 96/96 114/114
f 96/96 97/97 114/114
f 98/98 99/99 115/115
f 115/115 99/99 117/117
f 117/117 99/99 119/119
f 99/99 100/100 119/119
f 119/119 100/100 121/121
f 100/100 101/101 121/121
f 121/121 101/101 123/123
f 101/101 102/102 123/123
f 123/123 102/102 125/125
f 102/102 103/103 125/125
f 103/103 104/104 125/125
f 125/125 104/104 127/127
f 104/104 106/106 127/127
f 127/127 106/106 128/128
f 107/107 108/108 130/130
f 130/130 108/108 132/132
f 108/108 109/109 132/132
f 132/132 109/109 133/133
f 109/109 110/110 133/133
f 133/133 110/110 135/135
f 135/135 110/110 137/137
f 110/110 111/111 137/137
f 111/111 112/112 137/137
f 137/137 112/112 139/139
f 139/139 112/112 141/141
f 112/112 113/113 141/141
f 141/141 113/113 142/142
f 113/113 114/114 142/142
f 115/115 117/117 144/144
f 144/144 117/117 145/145
f 146/146 116/116 148/148
f 117/117 119/119 147/147
f 149/149 118/118 150/150
f 118/118 120/120 150/150
f 150/150 120/120 151/151
f 120/120 122/122 151/151
f 151/151 122/122 152/152
f 122/122 124/124 152/152
f 124/124 126/126 152/152
f 152/152 126/126 154/154
f 127/127 128/128 153/153
f 154/154 129/129 155/155
f 155/155 129/129 157/157
f 130/130 132/132 156/156
f 157/157 131/131 159/159
f 132/132 133/133 158/158
f 133/133 135/135 158/158
f 159/159 134/134 161/161
f 135/135 137/137 160/160
f 161/161 136/136 163/163
f 137/137 139/139 162/162
f 163/163 138/138 165/165
f 139/139 141/141 164/164
f 165/165 140/140 166/166
f 166/166 140/140 168/168
f 141/141 142/142 167/167
f 143/143 146/146 168/168
f 169/169 168/168 170/170
f 168/168 146/146 170/170
f 146/146 148/148 170/170
f 170/170 148/148 171/171
f 171/171 148/148 172/172
f 149/149 150/150 173/173
f 173/173 150/150 174/174
f 150/150 151/151 174/174
f 151/151 152/152 174/174
f 174/174 152/152 175/175
f 175/175 152/152 176/176
f 152/152 154/154 176/176
f 176/176 154/154 177/177
f 154/154 155/155 177/177
f 155/155 157/157 177/177
f 177/177 157/157 178/178
f 178/178 157/157 179/179
f 157/157 159/159 179/179
f 159/159 161/161 179/179
f 179/179 161/161 180/180
f 161/161 163/163 180/180
f 180/180 163/163 181/181
f 163/163 165/165 181/181
f 181/181 165/165 182/182
f 182/182 165/165 183/183
f 165/165 166/166 183/183
f 166/166 168/168 183/183
f 168/168 169/169 183/183
f 183/183 169/169 184/184
f 184/184 169/169 185/185
f 169/169 170/170 185/185
f 170/170 171/171 185/185
f 185/185 171/171 186/186
f 186/186 171/171 187/187
f 171/171 172/172 187/187
f 187/187 172/172 188/188
f 173/173 174/174 189/189
f 189/189 174/174 190/190
f 174/174 175/175 190/190
f 175/175 176/176 190/190
f 190/190 176/176 191/191
f 176/176 177/177 191/191
f 191/191 177/177 192/192
f 192/192 177/177 193/193
f 177/177 178/178 193/193
f 193/193 178/178 194/194
f 178/178 179/179 194/194
f 194/194 179/179 195/195
f 179/179 180/180 195/195
f 180/180 181/181 195/195
f 195/195 181/181 196/196
f 196/196 181/181 197/197
f 181/181 182/182 197/197
f 197/197 182/182 198/198
f 182/182 183/183 198/198
f 183/183 184/184 198/198
f 198/198 184/184 199/199
f 199/199 184/184 200/200
f 184/184 185/185 200/200
f 200/200 185/185 201/201
f 201/201 185/185 202/202
f 185/185 186/186 202/202
f 202/202 186/186 203/203
f 186/186 187/187 203/203
f 203/203 187/187 204/204
f 187/187 188/188 204/204
f 205/205 189/189 206/206
f 189/189 190/190 206/206
f 206/206 190/190 207/207
f 190/190 191/191 207/207
f 207/207 191/191 208/208
f 191/191 192/192 208/208
f 208/208 192/192 209/209
f 192/192 193/193 209/209
f 209/209 193/193 210/210
f 193/193 194/194 210/210
f 210/210 194/194 211/211
f 194/194 195/195 211/211
f 211/211 195/195 212/212
f 195/195 196/196 212/212
f 212/212 196/196 213/213
f 196/196 197/197 213/213
f 197/197 198/198 213/213
f 198/198 199/199 213/213
f 213/213 199/199 215/215
f 215/215 199/199 217/217
f 199/199 200/200 217/217
f 217/217 200/200 219/219
f 200/200 201/201 219/219
f 219/219 201/201 221/221
f 201/201 202/202 221/221
f 221/221 202/202 223/223
f 202/202 203/203 223/223
f 223/223 203/203 226/226
f 226/226 203/203 227/227
f 203/203 204/204 227/227
f 229/229 205/205 230/230
f 205/205 206/206 230/230
f 230/230 206/206 231/231
f 206/206 207/207 231/231
f 231/231 207/207 232/232
f 207/207 208/208 232/232
f 232/232 208/208 233/233
f 208/208 209/209 233/233
f 233/233 209/209 235/235
f 209/209 210/210 235/235
f 235/235 210/210 237/237
f 210/210 211/211 237/237
f 237/237 211/211 239/239
f 211/211 212/212 239/239
f 212/212 213/213 239/239
f 239/239 213/213 240/240
f 213/213 215/215 240/240
f 242/242 241/241 243/243
f 241/241 214/214 243/243
f 243/243 214/214 244/244
f 214/214 216/216 244/244
f 244/244 216/216 245/245
f 216/216 218/218 245/245
f 245/245 218/218 246/246
f 218/218 220/220 246/246
f 220/220 222/222 246/246
f 246/246 222/222 248/248
f 248/248 222/222 249/249
f 222/222 224/224 249/249
f 250/250 225/225 252/252
f 226/226 227/227 251/251
f 253/253 228/228 254/254
f 229/229 230/230 255/255
f 230/230 231/231 255/255
f 255/255 231/231 257/257
f 231/231 232/232 257/257
f 257/257 232/232 258/258
f 232/232 233/233 258/258
f 260/260 259/259 262/262
f 258/258 233/233 261/261
f 233/233 235/235 261/261
f 262/262 234/234 264/264
f 235/235 237/237 263/263
f 264/264 236/236 265/265
f 236/236 238/238 265/265
f 265/265 238/238 266/266
f 238/238 241/241 266/266
f 241/241 242/242 266/266
f 266/266 242/242 267/267
f 267/267 242/242 268/268
f 268/268 242/242 269/269
f 242/242 243/243 269/269
f 269/269 243/243 270/270
f 243/243 244/244 270/270
f 270/270 244/244 271/271
f 244/244 245/245 271/271
f 245/245 246/246 271/271
f 271/271 246/246 273/273
f 246/246 248/248 273/273
f 273/273 248/248 274/274
f 247/247 250/250 275/275
f 250/250 252/252 275/275
f 275/275 252/252 276/276
f 277/277 253/253 278/278
f 253/253 254/254 278/278
f 254/254 256/256 278/278
f 278/278 256/256 279/279
f 256/256 259/259 279/279
f 259/259 260/260 279/279
f 279/279 260/260 280/280
f 280/280 260/260 281/281
f 281/281 260/260 282/282
f 260/260 262/262 282/282
f 262/262 264/264 282/282
f 282/282 264/264 283/283
f 264/264 265/265 283/283
f 283/283 265/265 284/284
f 265/265 266/266 284/284
f 266/266 267/267 284/284
f 284/284 267/267 285/285
f 267/267 268/268 285/285
f 285/285 268/268 286/286
f 286/286 268/268 287/287
f 268/268 269/269 287/287
f 269/269 270/270 287/287
f 287/287 270/270 288/288
f 270/270 271/271 288/288
f 288/288 271/271 289/289
f 289/289 271/271 290/290
f 290/290 271/271 291/291
f 271/271 273/273 291/291
f 272/272 275/275 292/292
f 292/292 275/275 293/293
f 293/293 275/275 294/294
f 275/275 276/276 294/294
f 294/294 276/276 295/295
f 277/277 278/278 296/296
f 278/278 279/279 296/296
f 279/279 280/280 296/296
f 297/297 298/298 299/299
f 300/300 299/299 301/301
f 299/299 298/298 301/301
f 298/298 302/302 301/301
f 301/301 302/302 303/303
f 302/302 304/304 303/303
f 303/303 304/304 305/305
f 306/306 307/307 308/308
f 307/307 305/305 308/308
f 305/305 304/304 308/308
f 309/309 308/308 310/310
f 308/308 304/304 310/310
f 304/304 302/302 310/310
f 310/310 302/302 311/311
f 311/311 302/302 312/312
f 302/302 298/298 312/312
f 298/298 297/297 312/312
f 312/312 297/297 313/313
f 314/314 313/313 315/315
f 313/313 297/297 315/315
f 297/297 299/299 315/315
f 315/315 299/299 316/316
f 299/299 300/300 316/316
f 318/318 316/316 320/320
f 316/316 300/300 320/320
f 320/320 300/300 321/321
f 300/300 301/301 321/321
f 301/301 303/303 321/321
f 321/321 303/303 322/322
f 303/303 305/305 322/322
f 322/322 305/305 323/323
f 323/323 305/305 324/324
f 305/305 307/307 324/324
f 324/324 307/307 325/325
f 307/307 306/306 325/325
f 325/325 306/306 328/328
f 306/306 329/329 328/328
f 328/328 329/329 330/330
f 332/332 334/334 335/335
f 334/334 331/331 335/335
f 330/330 329/329 336/336
f 336/336 329/329 337/337
f 329/329 306/306 337/337
f 337/337 306/306 338/338
f 306/306 308/308 338/338
f 338/338 308/308 340/340
f 308/308 309/309 340/340
f 340/340 309/309 341/341
f 309/309 345/345 341/341
f 344/344 296/296 343/343
f 296/296 280/280 343/343
f 280/280 281/281 343/343
f 343/343 281/281 347/347
f 347/347 281/281 348/348
f 281/281 282/282 348/348
f 282/282 283/283 348/348
f 348/348 283/283 349/349
f 283/283 284/284 349/349
f 349/349 284/284 350/350
f 284/284 285/285 350/350
f 350/350 285/285 351/351
f 353/353 351/351 354/354
f 351/351 285/285 354/354
f 285/285 286/286 354/354
f 286/286 287/287 354/354
f 354/354 287/287 356/356
f 287/287 288/288 356/356
f 356/356 288/288 358/358
f 288/288 289/289 358/358
f 289/289 290/290 358/358
f 358/358 290/290 359/359
f 290/290 291/291 359/359
f 361/361 292/292 362/362
f 292/292 293/293 362/362
f 362/362 293/293 363/363
f 363/363 293/293 364/364
f 293/293 294/294 364/364
f 294/294 295/295 364/364
f 295/295 345/345 364/364
f 345/345 309/309 364/364
f 309/309 310/310 364/364
f 310/310 311/311 364/364
f 364/364 311/311 365/365
f 311/311 312/312 365/365
f 365/365 312/312 366/366
f 366/366 312/312 367/367
f 312/312 313/313 367/367
f 313/313 314/314 367/367
f 368/368 367/367 369/369
f 367/367 314/314 369/369
f 369/369 314/314 370/370
f 314/314 315/315 370/370
f 315/315 316/316 370/370
f 316/316 318/318 370/370
f 371/371 317/317 373/373
f 373/373 317/317 374/374
f 374/374 317/317 375/375
f 317/317 319/319 375/375
f 375/375 319/319 376/376
f 376/376 319/319 377/377
f 320/320 321/321 378/378
f 378/378 321/321 380/380
f 321/321 322/322 380/380
f 380/380 322/322 382/382
f 322/322 323/323 382/382
f 382/382 323/323 384/384
f 323/323 324/324 384/384
f 384/384 324/324 386/386
f 324/324 325/325 386/386
f 325/325 328/328 386/386
f 386/386 328/328 387/387
f 388/388 326/326 390/390
f 327/327 331/331 389/389
f 331/331 334/334 389/389
f 390/390 333/333 392/392
f 334/334 394/394 391/391
f 392/392 393/393 395/395
f 396/396 394/394 398/398
f 399/399 398/398 400/400
f 398/398 394/394 400/400
f 400/400 394/394 401/401
f 394/394 334/334 401/401
f 334/334 332/332 401/401
f 401/401 332/332 402/402
f 402/402 332/332 404/404
f 404/404 332/332 405/405
f 332/332 335/335 405/405
f 336/336 337/337 407/407
f 407/407 337/337 408/408
f 337/337 338/338 408/408
f 338/338 340/340 408/408
f 409/409 339/339 411/411
f 339/339 342/342 411/411
f 342/342 346/346 411/411
f 412/412 411/411 413/413
f 410/410 347/347 414/414
f 347/347 348/348 414/414
f 348/348 349/349 414/414
f 414/414 349/349 416/416
f 416/416 349/349 417/417
f 349/349 350/350 417/417
f 350/350 351/351 417/417
f 417/417 351/351 418/418
f 351/351 353/353 418/418
f 419/419 352/352 421/421
f 421/421 352/352 423/423
f 424/424 423/423 426/426
f 423/423 352/352 426/426
f 353/353 354/354 425/425
f 354/354 356/356 425/425
f 426/426 355/355 427/427
f 355/355 357/357 427/427
f 427/427 357/357 429/429
f 429/429 357/357 430/430
f 357/357 360/360 430/430
f 361/361 362/362 431/431
f 431/431 362/362 432/432
f 432/432 362/362 433/433
f 362/362 363/363 433/433
f 363/363 364/364 433/433
f 364/364 365/365 433/433
f 365/365 366/366 433/433
f 433/433 366/366 434/434
f 366/366 367/367 434/434
f 434/434 367/367 435/435
f 367/367 368/368 435/435
f 435/435 368/368 436/436
f 436/436 368/368 437/437
f 437/437 368/368 440/440
f 440/440 368/368 442/442
f 442/442 368/368 443/443
f 368/368 369/369 443/443
f 369/369 370/370 443/443
f 370/370 372/372 443/443
f 444/444 373/373 445/445
f 445/445 373/373 446/446
f 373/373 374/374 446/446
f 446/446 374/374 447/447
f 447/447 374/374 448/448
f 374/374 375/375 448/448
f 448/448 375/375 449/449
f 375/375 376/376 449/449
f 449/449 376/376 451/451
f 451/451 376/376 453/453
f 376/376 377/377 453/453
f 453/453 377/377 455/455
f 378/378 380/380 454/454
f 456/456 379/379 457/457
f 379/379 381/381 457/457
f 457/457 381/381 458/458
f 381/381 383/383 458/458
f 458/458 383/383 459/459
f 383/383 385/385 459/459
f 459/459 385/385 460/460
f 385/385 388/388 460/460
f 388/388 390/390 460/460
f 460/460 390/390 461/461
f 390/390 392/392 461/461
f 461/461 392/392 462/462
f 392/392 395/395 462/462
f 462/462 395/395 463/463
f 463/463 395/395 464/464
f 395/395 397/397 464/464
f 398/398 399/399 465/465
f 465/465 399/399 467/467
f 469/469 467/467 470/470
f 467/467 399/399 470/470
f 470/470 399/399 471/471
f 399/399 400/400 471/471
f 471/471 400/400 472/472
f 400/400 401/401 472/472
f 401/401 402/402 472/472
f 472/472 402/402 473/473
f 402/402 404/404 473/473
f 473/473 404/404 475/475
f 475/475 404/404 476/476
f 403/403 406/406 477/477
f 406/406 409/409 477/477
f 477/477 409/409 478/478
f 409/409 411/411 478/478
f 411/411 412/412 478/478
f 478/478 412/412 479/479
f 412/412 413/413 479/479
f 413/413 415/415 479/479
f 480/480 416/416 482/482
f 416/416 417/417 482/482
f 417/417 418/418 482/482
f 419/419 421/421 481/481
f 483/483 420/420 484/484
f 485/485 484/484 486/486
f 484/484 420/420 486/486
f 420/420 422/422 486/486
f 486/486 422/422 487/487
f 423/423 424/424 488/488
f 488/488 424/424 489/489
f 489/489 424/424 490/490
f 490/490 424/424 491/491
f 424/424 426/426 491/491
f 426/426 427/427 491/491
f 491/491 427/427 492/492
f 492/492 427/427 493/493
f 427/427 429/429 493/493
f 493/493 429/429 495/495
f 495/495 429/429 496/496
f 428/428 431/431 497/497
f 498/498 497/497 499/499
f 499/499 497/497 500/500
f 497/497 431/431 500/500
f 431/431 432/432 500/500
f 432/432 433/433 500/500
f 433/433 434/434 500/500
f 434/434 435/435 500/500
f 435/435 436/436 500/500
f 500/500 436/436 501/501
f 436/436 437/437 501/501
f 501/501 437/437 503/503
f 437/437 440/440 503/503
f 503/503 440/440 504/504
f 505/505 438/438 506/506
f 506/506 438/438 507/507
f 508/508 439/439 510/510
f 439/439 441/441 510/510
f 441/441 444/444 510/510
f 444/444 445/445 510/510
f 512/512 510/510 513/513
f 510/510 445/445 513/513
f 445/445 446/446 513/513
f 513/513 446/446 514/514
f 446/446 447/447 514/514
f 514/514 447/447 515/515
f 515/515 447/447 516/516
f 447/447 448/448 516/516
f 516/516 448/448 517/517
f 448/448 449/449 517/517
f 517/517 449/449 518/518
f 449/449 451/451 518/518
f 451/451 521/521 518/518
f 519/519 520/520 523/523
f 520/520 524/524 523/523
f 523/523 524/524 525/525
f 524/524 528/528 525/525
f 526/526 527/527 529/529
f 527/527 530/530 529/529
f 529/529 530/530 531/531
f 530/530 532/532 531/531
f 531/531 532/532 533/533
f 533/533 532/532 534/534
f 534/534 532/532 535/535
f 535/535 532/532 536/536
f 532/532 530/530 536/536
f 536/536 530/530 537/537
f 530/530 527/527 537/537
f 537/537 527/527 538/538
f 528/528 524/524 539/539
f 539/539 524/524 540/540
f 524/524 520/520 540/540
f 540/540 520/520 541/541
f 520/520 450/450 541/541
f 450/450 452/452 541/541
f 541/541 452/452 542/542
f 452/452 456/456 542/542
f 542/542 456/456 543/543
f 456/456 457/457 543/543
f 543/543 457/457 544/544
f 457/457 458/458 544/544
f 544/544 458/458 545/545
f 458/458 459/459 545/545
f 459/459 460/460 545/545
f 545/545 460/460 546/546
f 460/460 461/461 546/546
f 546/546 461/461 547/547
f 461/461 462/462 547/547
f 547/547 462/462 548/548
f 462/462 463/463 548/548
f 548/548 463/463 549/549
f 549/549 463/463 550/550
f 463/463 464/464 550/550
f 464/464 466/466 550/550
f 550/550 466/466 552/552
f 552/552 466/466 554/554
f 467/467 469/469 553/553
f 555/555 468/468 556/556
f 557/557 556/556 558/558
f 556/556 468/468 558/558
f 469/469 470/470 559/559
f 559/559 470/470 561/561
f 470/470 471/471 561/561
f 561/561 471/471 562/562
f 562/562 471/471 563/563
f 471/471 472/472 563/563
f 472/472 473/473 563/563
f 563/563 473/473 564/564
f 473/473 475/475 564/564
f 564/564 475/475 565/565
f 474/474 477/477 566/566
f 477/477 478/478 566/566
f 478/478 479/479 566/566
f 566/566 479/479 567/567
f 567/567 479/479 568/568
f 479/479 483/483 568/568
f 483/483 484/484 568/568
f 568/568 484/484 569/569
f 484/484 485/485 569/569
f 569/569 485/485 571/571
f 571/571 485/485 573/573
f 573/573 485/485 574/574
f 485/485 486/486 574/574
f 486/486 487/487 574/574
f 575/575 488/488 576/576
f 488/488 489/489 576/576
f 576/576 489/489 577/577
f 577/577 489/489 578/578
f 489/489 490/490 578/578
f 578/578 490/490 579/579
f 579/579 490/490 580/580
f 490/490 491/491 580/580
f 491/491 492/492 580/580
f 580/580 492/492 581/581
f 492/492 493/493 581/581
f 493/493 495/495 581/581
f 581/581 495/495 582/582
f 494/494 497/497 583/583
f 497/497 498/498 583/583
f 585/585 583/583 586/586
f 583/583 498/498 586/586
f 498/498 499/499 586/586
f 586/586 499/499 587/587
f 499/499 500/500 587/587
f 500/500 501/501 587/587
f 587/587 501/501 588/588
f 501/501 503/503 588/588
f 589/589 502/502 590/590
f 502/502 505/505 590/590
f 590/590 505/505 591/591
f 505/505 506/506 591/591
f 591/591 506/506 592/592
f 506/506 507/507 592/592
f 592/592 507/507 594/594
f 507/507 509/509 594/594
f 510/510 512/512 593/593
f 594/594 511/511 595/595
f 595/595 511/511 596/596
f 512/512 513/513 597/597
f 513/513 514/514 597/597
f 597/597 514/514 599/599
f 514/514 515/515 599/599
f 599/599 515/515 601/601
f 515/515 516/516 601/601
f 601/601 516/516 602/602
f 516/516 517/517 602/602
f 602/602 517/517 603/603
f 517/517 518/518 603/603
f 518/518 522/522 603/603
f 603/603 522/522 604/604
f 523/523 525/525 606/606
f 606/606 525/525 607/607
f 526/526 529/529 608/608
f 608/608 529/529 609/609
f 529/529 531/531 609/609
f 609/609 531/531 610/610
f 531/531 533/533 610/610
f 610/610 533/533 611/611
f 533/533 612/612 611/611
f 611/611 612/612 613/613
f 612/612 614/614 613/613
f 613/613 614/614 615/615
f 614/614 616/616 615/615
f 615/615 616/616 617/617
f 616/616 618/618 617/617
f 617/617 618/618 620/620
f 618/618 622/622 620/620
f 620/620 622/622 623/623
f 621/621 627/627 624/624
f 624/624 627/627 628/628
f 627/627 630/630 628/628
f 628/628 630/630 631/631
f 630/630 633/633 631/631
f 631/631 633/633 634/634
f 633/633 636/636 634/634
f 634/634 636/636 637/637
f 636/636 639/639 637/637
f 637/637 639/639 641/641
f 642/642 646/646 647/647
f 648/648 643/643 649/649
f 644/644 652/652 650/650
f 650/650 652/652 653/653
f 653/653 652/652 655/655
f 651/651 641/641 654/654
f 640/640 638/638 655/655
f 655/655 638/638 656/656
f 656/656 638/638 657/657
f 638/638 635/635 657/657
f 657/657 635/635 658/658
f 635/635 632/632 658/658
f 632/632 629/629 658/658
f 658/658 629/629 659/659
f 659/659 629/629 661/661
f 629/629 625/625 661/661
f 661/661 625/625 662/662
f 626/626 622/622 663/663
f 663/663 622/622 664/664
f 622/622 618/618 664/664
f 664/664 618/618 665/665
f 618/618 616/616 665/665
f 665/665 616/616 666/666
f 616/616 614/614 666/666
f 666/666 614/614 667/667
f 614/614 612/612 667/667
f 612/612 533/533 667/667
f 533/533 534/534 667/667
f 667/667 534/534 668/668
f 534/534 535/535 668/668
f 668/668 535/535 669/669
f 669/669 535/535 670/670
f 535/535 536/536 670/670
f 670/670 536/536 671/671
f 536/536 537/537 671/671
f 671/671 537/537 672/672
f 537/537 538/538 672/672
f 672/672 538/538 673/673
f 539/539 540/540 674/674
f 674/674 540/540 675/675
f 540/540 541/541 675/675
f 541/541 542/542 675/675
f 675/675 542/542 676/676
f 542/542 543/543 676/676
f 676/676 543/543 677/677
f 543/543 544/544 677/677
f 677/677 544/544 678/678
f 544/544 545/545 678/678
f 678/678 545/545 679/679
f 545/545 546/546 679/679
f 546/546 547/547 679/679
f 679/679 547/547 680/680
f 547/547 548/548 680/680
f 680/680 548/548 681/681
f 548/548 549/549 681/681
f 681/681 549/549 682/682
f 682/682 549/549 683/683
f 549/549 550/550 683/683
f 550/550 552/552 683/683
f 683/683 552/552 684/684
f 685/685 551/551 686/686
f 551/551 555/555 686/686
f 686/686 555/555 687/687
f 555/555 556/556 687/687
f 687/687 556/556 688/688
f 556/556 557/557 688/688
f 689/689 688/688 690/690
f 688/688 557/557 690/690
f 690/690 557/557 691/691
f 691/691 557/557 692/692
f 557/557 558/558 692/692
f 692/692 558/558 693/693
f 558/558 560/560 693/693
f 693/693 560/560 694/694
f 561/561 562/562 695/695
f 695/695 562/562 696/696
f 562/562 563/563 696/696
f 563/563 564/564 696/696
f 696/696 564/564 697/697
f 697/697 564/564 698/698
f 564/564 565/565 698/698
f 566/566 567/567 699/699
f 699/699 567/567 700/700
f 567/567 568/568 700/700
f 700/700 568/568 701/701
f 568/568 569/569 701/701
f 569/569 571/571 701/701
f 701/701 571/571 702/702
f 702/702 571/571 703/703
f 704/704 570/570 705/705
f 570/570 572/572 705/705
f 705/705 572/572 706/706
f 572/572 575/575 706/706
f 706/706 575/575 707/707
f 575/575 576/576 707/707
f 707/707 576/576 708/708
f 576/576 577/577 708/708
f 708/708 577/577 710/710
f 577/577 578/578 710/710
f 710/710 578/578 712/712
f 578/578 579/579 712/712
f 712/712 579/579 715/715
f 715/715 579/579 717/717
f 579/579 580/580 717/717
f 717/717 580/580 718/718
f 580/580 581/581 718/718
f 718/718 581/581 720/720
f 720/720 581/581 722/722
f 581/581 582/582 722/722
f 722/722 582/582 724/724
f 583/583 585/585 723/723
f 725/725 584/584 726/726
f 726/726 584/584 727/727
f 727/727 584/584 729/729
f 585/585 586/586 728/728
f 586/586 587/587 728/728
f 587/587 588/588 728/728
f 589/589 590/590 729/729
f 729/729 590/590 730/730
f 590/590 591/591 730/730
f 730/730 591/591 731/731
f 731/731 591/591 732/732
f 591/591 592/592 732/732
f 732/732 592/592 733/733
f 592/592 594/594 733/733
f 594/594 595/595 733/733
f 733/733 595/595 734/734
f 595/595 596/596 734/734
f 596/596 598/598 734/734
f 734/734 598/598 735/735
f 598/598 600/600 735/735
f 736/736 601/601 738/738
f 601/601 602/602 738/738
f 738/738 602/602 739/739
f 602/602 603/603 739/739
f 603/603 604/604 739/739
f 739/739 604/604 740/740
f 605/605 608/608 741/741
f 741/741 608/608 742/742
f 608/608 609/609 742/742
f 742/742 609/609 743/743
f 609/609 610/610 743/743
f 610/610 611/611 743/743
f 743/743 611/611 744/744
f 744/744 611/611 746/746
f 611/611 613/613 746/746
f 613/613 615/615 746/746
f 746/746 615/615 748/748
f 748/748 615/615 750/750
f 615/615 617/617 750/750
f 750/750 617/617 753/753
f 617/617 620/620 753/753
f 753/753 620/620 754/754
f 619/619 624/624 755/755
f 624/624 628/628 755/755
f 755/755 628/628 756/756
f 628/628 631/631 756/756
f 756/756 631/631 757/757
f 757/757 631/631 758/758
f 631/631 634/634 758/758
f 758/758 634/634 759/759
f 634/634 637/637 759/759
f 759/759 637/637 760/760
f 637/637 641/641 760/760
f 760/760 641/641 761/761
f 641/641 651/651 761/761
f 651/651 645/645 761/761
f 762/762 646/646 763/763
f 646/646 642/642 763/763
f 763/763 642/642 764/764
f 764/764 642/642 765/765
f 765/765 642/642 766/766
f 642/642 647/647 766/766
f 767/767 648/648 768/768
f 769/769 768/768 770/770
f 768/768 648/648 770/770
f 648/648 649/649 770/770
f 770/770 649/649 771/771
f 650/650 653/653 772/772
f 772/772 653/653 773/773
f 773/773 653/653 774/774
f 653/653 655/655 774/774
f 655/655 656/656 774/774
f 774/774 656/656 775/775
f 775/775 656/656 776/776
f 656/656 657/657 776/776
f 776/776 657/657 777/777
f 657/657 658/658 777/777
f 658/658 659/659 777/777
f 777/777 659/659 778/778
f 659/659 661/661 778/778
f 778/778 661/661 779/779
f 779/779 661/661 780/780
f 660/660 663/663 781/781
f 781/781 663/663 782/782
f 663/663 664/664 782/782
f 782/782 664/664 783/783
f 664/664 665/665 783/783
f 665/665 666/666 783/783
f 783/783 666/666 784/784
f 666/666 667/667 784/784
f 667/667 668/668 784/784
f 784/784 668/668 785/785
f 668/668 669/669 785/785
f 785/785 669/669 786/786
f 786/786 669/669 787/787
f 669/669 670/670 787/787
f 787/787 670/670 788/788
f 670/670 671/671 788/788
f 788/788 671/671 789/789
f 671/671 672/672 789/789
f 789/789 672/672 790/790
f 672/672 673/673 790/790
f 791/791 674/674 793/793
f 674/674 675/675 793/793
f 675/675 676/676 793/793
f 793/793 676/676 794/794
f 676/676 677/677 794/794
f 794/794 677/677 795/795
f 677/677 678/678 795/795
f 795/795 678/678 796/796
f 678/678 679/679 796/796
f 796/796 679/679 797/797
f 679/679 680/680 797/797
f 680/680 681/681 797/797
f 797/797 681/681 798/798
f 681/681 682/682 798/798
f 798/798 682/682 799/799
f 799/799 682/682 800/800
f 682/682 683/683 800/800
f 683/683 684/684 800/800
f 800/800 684/684 801/801
f 802/802 685/685 803/803
f 685/685 686/686 803/803
f 803/803 686/686 804/804
f 686/686 687/687 804/804
f 804/804 687/687 805/805
f 687/687 688/688 805/805
f 805/805 688/688 806/806
f 688/688 689/689 806/806
f 807/807 808/808 809/809
f 808/808 806/806 809/809
f 806/806 689/689 809/809
f 689/689 690/690 809/809
f 809/809 690/690 810/810
f 810/810 690/690 811/811
f 690/690 691/691 811/811
f 811/811 691/691 812/812
f 812/812 691/691 813/813
f 691/691 692/692 813/813
f 692/692 693/693 813/813
f 693/693 694/694 813/813
f 813/813 694/694 814/814
f 695/695 696/696 815/815
f 696/696 697/697 815/815
f 815/815 697/697 817/817
f 817/817 697/697 818/818
f 697/697 698/698 818/818
f 699/699 700/700 819/819
f 819/819 700/700 820/820
f 700/700 701/701 820/820
f 701/701 702/702 820/820
f 820/820 702/702 821/821
f 821/821 702/702 822/822
f 702/702 703/703 822/822
f 823/823 704/704 824/824
f 824/824 704/704 825/825
f 704/704 705/705 825/825
f 825/825 705/705 826/826
f 705/705 706/706 826/826
f 826/826 706/706 828/828
f 706/706 707/707 828/828
f 828/828 707/707 830/830
f 707/707 708/708 830/830
f 830/830 708/708 832/832
f 832/832 708/708 833/833
f 708/708 710/710 833/833
f 834/834 709/709 835/835
f 709/709 711/711 835/835
f 711/711 713/713 835/835
f 835/835 713/713 836/836
f 836/836 713/713 837/837
f 837/837 713/713 839/839
f 839/839 713/713 840/840
f 714/714 716/716 841/841
f 841/841 716/716 843/843
f 717/717 718/718 842/842
f 718/718 720/720 842/842
f 843/843 719/719 844/844
f 719/719 721/721 844/844
f 721/721 725/725 844/844
f 725/725 726/726 844/844
f 844/844 726/726 845/845
f 845/845 726/726 846/846
f 846/846 726/726 847/847
f 726/726 727/727 847/847
f 727/727 729/729 847/847
f 729/729 730/730 847/847
f 730/730 731/731 847/847
f 847/847 731/731 848/848
f 848/848 731/731 849/849
f 731/731 732/732 849/849
f 849/849 732/732 850/850
f 732/732 733/733 850/850
f 850/850 733/733 851/851
f 733/733 734/734 851/851
f 851/851 734/734 852/852
f 734/734 735/735 852/852
f 852/852 735/735 853/853
f 735/735 737/737 853/853
f 853/853 737/737 855/855
f 738/738 739/739 854/854
f 739/739 740/740 854/854
f 856/856 741/741 859/859
f 741/741 742/742 859/859
f 859/859 742/742 861/861
f 742/742 743/743 861/861
f 743/743 744/744 861/861
f 861/861 744/744 862/862
f 744/744 746/746 862/862
f 863/863 745/745 864/864
f 864/864 745/745 866/866
f 746/746 748/748 865/865
f 866/866 747/747 868/868
f 748/748 750/750 867/867
f 868/868 749/749 869/869
f 749/749 751/751 869/869
f 869/869 751/751 870/870
f 752/752 755/755 871/871
f 871/871 755/755 872/872
f 755/755 756/756 872/872
f 872/872 756/756 873/873
f 756/756 757/757 873/873
f 873/873 757/757 874/874
f 757/757 758/758 874/874
f 874/874 758/758 875/875
f 758/758 759/759 875/875
f 875/875 759/759 876/876
f 759/759 760/760 876/876
f 876/876 760/760 877/877
f 760/760 761/761 877/877
f 877/877 761/761 878/878
f 762/762 763/763 879/879
f 763/763 764/764 879/879
f 879/879 764/764 880/880
f 880/880 764/764 881/881
f 764/764 765/765 881/881
f 882/882 881/881 883/883
f 883/883 881/881 884/884
f 881/881 765/765 884/884
f 884/884 765/765 885/885
f 885/885 765/765 886/886
f 765/765 766/766 886/886
f 767/767 768/768 887/887
f 887/887 768/768 888/888
f 768/768 769/769 888/888
f 888/888 769/769 889/889
f 890/890 889/889 891/891
f 889/889 769/769 891/891
f 891/891 769/769 893/893
f 769/769 770/770 893/893
f 893/893 770/770 894/894
f 770/770 771/771 894/894
f 772/772 773/773 895/895
f 895/895 773/773 896/896
f 896/896 773/773 897/897
f 773/773 774/774 897/897
f 774/774 775/775 897/897
f 897/897 775/775 898/898
f 898/898 775/775 899/899
f 775/775 776/776 899/899
f 776/776 777/777 899/899
f 899/899 777/777 900/900
f 777/777 778/778 900/900
f 900/900 778/778 901/901
f 778/778 779/779 901/901
f 901/901 779/779 902/902
f 779/779 780/780 902/902
f 903/903 781/781 904/904
f 781/781 782/782 904/904
f 904/904 782/782 905/905
f 782/782 783/783 905/905
f 905/905 783/783 906/906
f 783/783 784/784 906/906
f 784/784 785/785 906/906
f 906/906 785/785 907/907
f 785/785 786/786 907/907
f 907/907 786/786 908/908
f 908/908 786/786 909/909
f 786/786 787/787 909/909
f 909/909 787/787 910/910
f 787/787 788/788 910/910
f 910/910 788/788 911/911
f 788/788 789/789 911/911
f 911/911 789/789 912/912
f 789/789 790/790 912/912
f 912/912 790/790 913/913
f 790/790 792/792 913/913
f 793/793 794/794 914/914
f 914/914 794/794 916/916
f 794/794 795/795 916/916
f 916/916 795/795 917/917
f 795/795 796/796 917/917
f 917/917 796/796 918/918
f 796/796 797/797 918/918
f 797/797 798/798 918/918
f 918/918 798/798 919/919
f 798/798 799/799 919/919
f 919/919 799/799 920/920
f 920/920 799/799 921/921
f 799/799 800/800 921/921
f 800/800 801/801 921/921
f 921/921 801/801 922/922
f 923/923 802/802 924/924
f 802/802 803/803 924/924
f 924/924 803/803 925/925
f 803/803 804/804 925/925
f 925/925 804/804 926/926
f 804/804 805/805 926/926
f 805/805 806/806 926/926
f 926/926 806/806 927/927
f 806/806 808/808 927/927
f 927/927 808/808 928/928
f 928/928 808/808 929/929
f 808/808 807/807 929/929
f 929/929 807/807 930/930
f 930/930 807/807 931/931
f 807/807 809/809 931/931
f 809/809 810/810 931/931
f 810/810 811/811 931/931
f 932/932 931/931 933/933
f 931/931 811/811 933/933
f 934/934 933/933 935/935
f 933/933 811/811 935/935
f 811/811 812/812 935/935
f 935/935 812/812 936/936
f 812/812 813/813 936/936
f 813/813 814/814 936/936
f 814/814 816/816 936/936
f 937/937 936/936 939/939
f 936/936 816/816 939/939
f 817/817 818/818 938/938
f 819/819 820/820 940/940
f 820/820 821/821 940/940
f 940/940 821/821 942/942
f 942/942 821/821 943/943
f 821/821 822/822 943/943
f 943/943 822/822 944/944
f 823/823 824/824 945/945
f 945/945 824/824 946/946
f 824/824 825/825 946/946
f 946/946 825/825 947/947
f 947/947 825/825 949/949
f 825/825 826/826 949/949
f 949/949 826/826 950/950
f 826/826 828/828 950/950
f 951/951 827/827 953/953
f 828/828 830/830 952/952
f 953/953 829/829 954/954
f 829/829 831/831 954/954
f 954/954 831/831 955/955
f 831/831 834/834 955/955
f 834/834 835/835 955/955
f 955/955 835/835 956/956
f 956/956 835/835 957/957
f 835/835 836/836 957/957
f 836/836 837/837 957/957
f 957/957 837/837 958/958
f 837/837 839/839 958/958
f 958/958 839/839 959/959
f 959/959 839/839 961/961
f 961/961 839/839 962/962
f 963/963 838/838 964/964
f 838/838 841/841 964/964
f 841/841 843/843 964/964
f 964/964 843/843 965/965
f 843/843 844/844 965/965
f 965/965 844/844 966/966
f 844/844 845/845 966/966
f 966/966 845/845 967/967
f 845/845 846/846 967/967
f 967/967 846/846 968/968
f 846/846 847/847 968/968
f 847/847 848/848 968/968
f 968/968 848/848 969/969
f 848/848 849/849 969/969
f 969/969 849/849 970/970
f 849/849 850/850 970/970
f 970/970 850/850 971/971
f 850/850 851/851 971/971
f 971/971 851/851 972/972
f 851/851 852/852 972/972
f 972/972 852/852 973/973
f 852/852 853/853 973/973
f 973/973 853/853 974/974
f 853/853 855/855 974/974
f 855/855 857/857 974/974
f 975/975 858/858 977/977
f 858/858 860/860 977/977
f 977/977 860/860 978/978
f 860/860 863/863 978/978
f 978/978 863/863 979/979
f 863/863 864/864 979/979
f 979/979 864/864 980/980
f 864/864 866/866 980/980
f 980/980 866/866 981/981
f 981/981 866/866 982/982
f 866/866 868/868 982/982
f 868/868 869/869 982/982
f 982/982 869/869 983/983
f 869/869 870/870 983/983
f 984/984 871/871 986/986
f 871/871 872/872 986/986
f 986/986 872/872 987/987
f 872/872 873/873 987/987
f 987/987 873/873 988/988
f 873/873 874/874 988/988
f 988/988 874/874 989/989
f 989/989 874/874 990/990
f 874/874 875/875 990/990
f 990/990 875/875 991/991
f 875/875 876/876 991/991
f 991/991 876/876 992/992
f 876/876 877/877 992/992
f 992/992 877/877 993/993
f 877/877 878/878 993/993
f 994/994 879/879 995/995
f 879/879 880/880 995/995
f 880/880 881/881 995/995
f 881/881 882/882 995/995
f 995/995 882/882 996/996
f 882/882 883/883 996/996
f 996/996 883/883 997/997
f 998/998 997/997 999/999
f 999/999 997/997 1000/1000
f 997/997 883/883 1000/1000
f 1000/1000 883/883 1001/1001
f 883/883 884/884 1001/1001
f 884/884 885/885 1001/1001
f 1001/1001 885/885 1002/1002
f 1002/1002 885/885 1003/1003
f 885/885 886/886 1003/1003
f 1005/1005 887/887 1006/1006
f 887/887 888/888 1006/1006
f 1006/1006 888/888 1007/1007
f 888/888 889/889 1007/1007
f 1007/1007 889/889 1008/1008
f 889/889 890/890 1008/1008
f 1009/1009 1008/1008 1010/1010
f 1008/1008 890/890 1010/1010
f 1010/1010 890/890 1011/1011
f 1011/1011 890/890 1012/1012
f 890/890 891/891 1012/1012
f 1012/1012 891/891 1014/1014
f 891/891 893/893 1014/1014
f 1014/1014 893/893 1015/1015
f 892/892 895/895 1016/1016
f 895/895 896/896 1016/1016
f 1016/1016 896/896 1017/1017
f 896/896 897/897 1017/1017
f 1017/1017 897/897 1018/1018
f 897/897 898/898 1018/1018
f 1018/1018 898/898 1019/1019
f 1019/1019 898/898 1020/1020
f 898/898 899/899 1020/1020
f 1020/1020 899/899 1021/1021
f 899/899 900/900 1021/1021
f 1021/1021 900/900 1022/1022
f 900/900 901/901 1022/1022
f 1022/1022 901/901 1023/1023
f 901/901 902/902 1023/1023
f 1023/1023 902/902 1024/1024
f 903/903 904/904 1025/1025
f 1025/1025 904/904 1026/1026
f 904/904 905/905 1026/1026
f 1026/1026 905/905 1027/1027
f 905/905 906/906 1027/1027
f 906/906 907/907 1027/1027
f 1027/1027 907/907 1028/1028
f 907/907 908/908 1028/1028
f 1028/1028 908/908 1029/1029
f 908/908 909/909 1029/1029
f 1029/1029 909/909 1030/1030
f 909/909 910/910 1030/1030
f 1030/1030 910/910 1031/1031
f 910/910 911/911 1031/1031
f 1031/1031 911/911 1032/1032
f 911/911 912/912 1032/1032
f 1032/1032 912/912 1033/1033
f 912/912 913/913 1033/1033
f 913/913 915/915 1033/1033
f 1033/1033 915/915 1034/1034
f 916/916 917/917 1035/1035
f 1035/1035 917/917 1037/1037
f 917/917 918/918 1037/1037
f 918/918 919/919 1037/1037
f 1037/1037 919/919 1038/1038
f 919/919 920/920 1038/1038
f 1038/1038 920/920 1039/1039
f 1041/1041 1039/1039 1042/1042
f 1039/1039 920/920 1042/1042
f 920/920 921/921 1042/1042
f 921/921 922/922 1042/1042
f 1044/1044 923/923 1046/1046
f 1046/1046 923/923 1048/1048
f 923/923 924/924 1048/1048
f 1048/1048 924/924 1050/1050
f 924/924 925/925 1050/1050
f 1050/1050 925/925 1051/1051
f 925/925 926/926 1051/1051
f 926/926 927/927 1051/1051
f 1051/1051 927/927 1052/1052
f 927/927 928/928 1052/1052
f 1052/1052 928/928 1053/1053
f 1053/1053 928/928 1054/1054
f 928/928 929/929 1054/1054
f 1055/1055 1054/1054 1056/1056
f 1054/1054 929/929 1056/1056
f 929/929 930/930 1056/1056
f 1056/1056 930/930 1057/1057
f 930/930 931/931 1057/1057
f 931/931 932/932 1057/1057
f 1057/1057 932/932 1058/1058
f 932/932 933/933 1058/1058
f 933/933 934/934 1058/1058
f 1058/1058 934/934 1059/1059
f 1059/1059 934/934 1060/1060
f 1060/1060 934/934 1061/1061
f 934/934 935/935 1061/1061
f 935/935 936/936 1061/1061
f 936/936 937/937 1061/1061
f 1062/1062 1061/1061 1063/1063
f 1061/1061 937/937 1063/1063
f 937/937 939/939 1063/1063
f 939/939 941/941 1063/1063
f 1063/1063 941/941 1064/1064
f 942/942 943/943 1065/1065
f 943/943 944/944 1065/1065
f 1065/1065 944/944 1067/1067
f 1067/1067 944/944 1069/1069
f 1069/1069 944/944 1070/1070
f 945/945 946/946 1072/1072
f 1072/1072 946/946 1075/1075
f 1075/1075 946/946 1076/1076
f 946/946 947/947 1076/1076
f 947/947 949/949 1076/1076
f 1077/1077 948/948 1078/1078
f 948/948 951/951 1078/1078
f 1078/1078 951/951 1079/1079
f 951/951 953/953 1079/1079
f 1079/1079 953/953 1080/1080
f 953/953 954/954 1080/1080
f 1080/1080 954/954 1081/1081
f 1081/1081 954/954 1082/1082
f 954/954 955/955 1082/1082
f 955/955 956/956 1082/1082
f 1082/1082 956/956 1083/1083
f 1083/1083 956/956 1084/1084
f 956/956 957/957 1084/1084
f 957/957 958/958 1084/1084
f 1084/1084 958/958 1085/1085
f 1085/1085 958/958 1086/1086
f 958/958 959/959 1086/1086
f 959/959 961/961 1086/1086
f 1086/1086 961/961 1087/1087
f 1087/1087 961/961 1088/1088
f 1089/1089 960/960 1090/1090
f 960/960 963/963 1090/1090
f 1090/1090 963/963 1091/1091
f 963/963 964/964 1091/1091
f 964/964 965/965 1091/1091
f 965/965 966/966 1091/1091
f 1091/1091 966/966 1092/1092
f 966/966 967/967 1092/1092
f 1092/1092 967/967 1093/1093
f 967/967 968/968 1093/1093
f 1093/1093 968/968 1094/1094
f 968/968 969/969 1094/1094
f 1094/1094 969/969 1095/1095
f 969/969 970/970 1095/1095
f 1095/1095 970/970 1096/1096
f 970/970 971/971 1096/1096
f 1096/1096 971/971 1097/1097
f 971/971 972/972 1097/1097
f 1097/1097 972/972 1098/1098
f 972/972 973/973 1098/1098
f 1098/1098 973/973 1099/1099
f 973/973 974/974 1099/1099
f 974/974 976/976 1099/1099
f 1100/1100 977/977 1101/1101
f 977/977 978/978 1101/1101
f 1101/1101 978/978 1102/1102
f 978/978 979/979 1102/1102
f 1102/1102 979/979 1103/1103
f 979/979 980/980 1103/1103
f 1103/1103 980/980 1104/1104
f 980/980 981/981 1104/1104
f 1104/1104 981/981 1105/1105
f 981/981 982/982 1105/1105
f 1105/1105 982/982 1106/1106
f 982/982 983/983 1106/1106
f 1106/1106 983/983 1107/1107
f 983/983 985/985 1107/1107
f 1108/1108 986/986 1109/1109
f 986/986 987/987 1109/1109
f 1109/1109 987/987 1110/1110
f 987/987 988/988 1110/1110
f 1110/1110 988/988 1111/1111
f 988/988 989/989 1111/1111
f 1111/1111 989/989 1112/1112
f 1112/1112 989/989 1113/1113
f 989/989 990/990 1113/1113
f 1113/1113 990/990 1114/1114
f 990/990 991/991 1114/1114
f 1114/1114 991/991 1115/1115
f 991/991 992/992 1115/1115
f 1115/1115 992/992 1116/1116
f 992/992 993/993 1116/1116
f 1117/1117 994/994 1118/1118
f 994/994 995/995 1118/1118
f 995/995 996/996 1118/1118
f 1118/1118 996/996 1119/1119
f 996/996 997/997 1119/1119
f 997/997 998/998 1119/1119
f 1119/1119 998/998 1120/1120
f 1121/1121 1120/1120 1122/1122
f 1120/1120 998/998 1122/1122
f 998/998 999/999 1122/1122
f 1122/1122 999/999 1123/1123
f 1123/1123 999/999 1124/1124
f 999/999 1000/1000 1124/1124
f 1124/1124 1000/1000 1125/1125
f 1000/1000 1001/1001 1125/1125
f 1125/1125 1001/1001 1126/1126
f 1001/1001 1002/1002 1126/1126
f 1126/1126 1002/1002 1127/1127
f 1002/1002 1003/1003 1127/1127
f 1128/1128 1004/1004 1129/1129
f 1005/1005 1006/1006 1130/1130
f 1130/1130 1006/1006 1131/1131
f 1006/1006 1007/1007 1131/1131
f 1131/1131 1007/1007 1132/1132
f 1007/1007 1008/1008 1132/1132
f 1008/1008 1009/1009 1132/1132
f 1132/1132 1009/1009 1133/1133
f 1133/1133 1009/1009 1134/1134
f 1134/1134 1009/1009 1135/1135
f 1009/1009 1010/1010 1135/1135
f 1135/1135 1010/1010 1136/1136
f 1010/1010 1011/1011 1136/1136
f 1136/1136 1011/1011 1137/1137
f 1137/1137 1011/1011 1138/1138
f 1011/1011 1012/1012 1138/1138
f 1138/1138 1012/1012 1139/1139
f 1012/1012 1014/1014 1139/1139
f 1013/1013 1016/1016 1140/1140
f 1140/1140 1016/1016 1141/1141
f 1016/1016 1017/1017 1141/1141
f 1141/1141 1017/1017 1142/1142
f 1017/1017 1018/1018 1142/1142
f 1018/1018 1019/1019 1142/1142
f 1142/1142 1019/1019 1143/1143
f 1143/1143 1019/1019 1144/1144
f 1019/1019 1020/1020 1144/1144
f 1144/1144 1020/1020 1145/1145
f 1020/1020 1021/1021 1145/1145
f 1145/1145 1021/1021 1146/1146
f 1021/1021 1022/1022 1146/1146
f 1146/1146 1022/1022 1147/1147
f 1022/1022 1023/1023 1147/1147
f 1147/1147 1023/1023 1148/1148
f 1023/1023 1024/1024 1148/1148
f 1148/1148 1024/1024 1149/1149
f 1025/1025 1026/1026 1150/1150
f 1150/1150 1026/1026 1151/1151
f 1026/1026 1027/1027 1151/1151
f 1027/1027 1028/1028 1151/1151
f 1151/1151 1028/1028 1152/1152
f 1028/1028 1029/1029 1152/1152
f 1152/1152 1029/1029 1153/1153
f 1029/1029 1030/1030 1153/1153
f 1153/1153 1030/1030 1154/1154
f 1030/1030 1031/1031 1154/1154
f 1154/1154 1031/1031 1155/1155
f 1031/1031 1032/1032 1155/1155
f 1155/1155 1032/1032 1156/1156
f 1032/1032 1033/1033 1156/1156
f 1033/1033 1034/1034 1156/1156
f 1156/1156 1034/1034 1157/1157
f 1034/1034 1036/1036 1157/1157
f 1157/1157 1036/1036 1158/1158
f 1037/1037 1038/1038 1159/1159
f 1159/1159 1038/1038 1161/1161
f 1038/1038 1039/1039 1161/1161
f 1161/1161 1039/1039 1162/1162
f 1039/1039 1041/1041 1162/1162
f 1163/1163 1040/1040 1164/1164
f 1164/1164 1040/1040 1166/1166
f 1041/1041 1042/1042 1165/1165
f 1043/1043 1045/1045 1166/1166
f 1166/1166 1045/1045 1167/1167
f 1045/1045 1047/1047 1167/1167
f 1167/1167 1047/1047 1168/1168
f 1047/1047 1049/1049 1168/1168
f 1168/1168 1049/1049 1169/1169
f 1050/1050 1051/1051 1170/1170
f 1170/1170 1051/1051 1172/1172
f 1051/1051 1052/1052 1172/1172
f 1052/1052 1053/1053 1172/1172
f 1172/1172 1053/1053 1174/1174
f 1174/1174 1053/1053 1175/1175
f 1053/1053 1054/1054 1175/1175
f 1054/1054 1055/1055 1175/1175
f 1175/1175 1055/1055 1176/1176
f 1177/1177 1176/1176 1178/1178
f 1176/1176 1055/1055 1178/1178
f 1178/1178 1055/1055 1179/1179
f 1055/1055 1056/1056 1179/1179
f 1056/1056 1057/1057 1179/1179
f 1179/1179 1057/1057 1180/1180
f 1180/1180 1057/1057 1181/1181
f 1057/1057 1058/1058 1181/1181
f 1058/1058 1059/1059 1181/1181
f 1181/1181 1059/1059 1182/1182
f 1182/1182 1059/1059 1183/1183
f 1059/1059 1060/1060 1183/1183
f 1183/1183 1060/1060 1184/1184
f 1060/1060 1061/1061 1184/1184
f 1061/1061 1062/1062 1184/1184
f 1184/1184 1062/1062 1185/1185
f 1062/1062 1063/1063 1185/1185
f 1185/1185 1063/1063 1186/1186
f 1063/1063 1064/1064 1186/1186
f 1064/1064 1066/1066 1186/1186
f 1186/1186 1066/1066 1187/1187
f 1187/1187 1066/1066 1188/1188
f 1066/1066 1068/1068 1188/1188
f 1189/1189 1188/1188 1191/1191
f 1188/1188 1068/1068 1191/1191
f 1068/1068 1071/1071 1191/1191
f 1072/1072 1075/1075 1190/1190
f 1191/1191 1073/1073 1192/1192
f 1193/1193 1074/1074 1194/1194
f 1074/1074 1077/1077 1194/1194
f 1077/1077 1078/1078 1194/1194
f 1194/1194 1078/1078 1195/1195
f 1078/1078 1079/1079 1195/1195
f 1195/1195 1079/1079 1196/1196
f 1079/1079 1080/1080 1196/1196
f 1196/1196 1080/1080 1197/1197
f 1080/1080 1081/1081 1197/1197
f 1197/1197 1081/1081 1198/1198
f 1198/1198 1081/1081 1199/1199
f 1199/1199 1081/1081 1200/1200
f 1081/1081 1082/1082 1200/1200
f 1082/1082 1083/1083 1200/1200
f 1200/1200 1083/1083 1201/1201
f 1201/1201 1083/1083 1202/1202
f 1083/1083 1084/1084 1202/1202
f 1084/1084 1085/1085 1202/1202
f 1202/1202 1085/1085 1203/1203
f 1085/1085 1086/1086 1203/1203
f 1203/1203 1086/1086 1204/1204
f 1204/1204 1086/1086 1206/1206
f 1086/1086 1087/1087 1206/1206
f 1206/1206 1087/1087 1207/1207
f 1087/1087 1088/1088 1207/1207
f 1089/1089 1090/1090 1208/1208
f 1208/1208 1090/1090 1209/1209
f 1209/1209 1090/1090 1210/1210
f 1090/1090 1091/1091 1210/1210
f 1091/1091 1092/1092 1210/1210
f 1210/1210 1092/1092 1211/1211
f 1092/1092 1093/1093 1211/1211
f 1211/1211 1093/1093 1212/1212
f 1093/1093 1094/1094 1212/1212
f 1212/1212 1094/1094 1213/1213
f 1094/1094 1095/1095 1213/1213
f 1213/1213 1095/1095 1214/1214
f 1095/1095 1096/1096 1214/1214
f 1214/1214 1096/1096 1215/1215
f 1096/1096 1097/1097 1215/1215
f 1215/1215 1097/1097 1216/1216
f 1097/1097 1098/1098 1216/1216
f 1216/1216 1098/1098 1217/1217
f 1098/1098 1099/1099 1217/1217
f 1100/1100 1101/1101 1218/1218
f 1218/1218 1101/1101 1219/1219
f 1101/1101 1102/1102 1219/1219
f 1219/1219 1102/1102 1220/1220
f 1102/1102 1103/1103 1220/1220
f 1220/1220 1103/1103 1221/1221
f 1103/1103 1104/1104 1221/1221
f 1221/1221 1104/1104 1222/1222
f 1104/1104 1105/1105 1222/1222
f 1222/1222 1105/1105 1223/1223
f 1105/1105 1106/1106 1223/1223
f 1223/1223 1106/1106 1224/1224
f 1106/1106 1107/1107 1224/1224
f 1224/1224 1107/1107 1225/1225
f 1108/1108 1109/1109 1226/1226
f 1226/1226 1109/1109 1227/1227
f 1109/1109 1110/1110 1227/1227
f 1227/1227 1110/1110 1228/1228
f 1110/1110 1111/1111 1228/1228
f 1228/1228 1111/1111 1229/1229
f 1111/1111 1112/1112 1229/1229
f 1229/1229 1112/1112 1230/1230
f 1112/1112 1113/1113 1230/1230
f 1230/1230 1113/1113 1231/1231
f 1231/1231 1113/1113 1232/1232
f 1113/1113 1114/1114 1232/1232
f 1232/1232 1114/1114 1233/1233
f 1114/1114 1115/1115 1233/1233
f 1233/1233 1115/1115 1234/1234
f 1115/1115 1116/1116 1234/1234
f 1235/1235 1117/1117 1236/1236
f 1117/1117 1118/1118 1236/1236
f 1118/1118 1119/1119 1236/1236
f 1236/1236 1119/1119 1237/1237
f 1119/1119 1120/1120 1237/1237
f 1237/1237 1120/1120 1238/1238
f 1120/1120 1121/1121 1238/1238
f 1238/1238 1121/1121 1239/1239
f 1240/1240 1239/1239 1241/1241
f 1241/1241 1239/1239 1242/1242
f 1239/1239 1121/1121 1242/1242
f 1242/1242 1121/1121 1243/1243
f 1121/1121 1122/1122 1243/1243
f 1122/1122 1123/1123 1243/1243
f 1243/1243 1123/1123 1244/1244
f 1244/1244 1123/1123 1245/1245
f 1123/1123 1124/1124 1245/1245
f 1245/1245 1124/1124 1246/1246
f 1124/1124 1125/1125 1246/1246
f 1246/1246 1125/1125 1247/1247
f 1125/1125 1126/1126 1247/1247
f 1247/1247 1126/1126 1248/1248
f 1126/1126 1127/1127 1248/1248
f 1249/1249 1128/1128 1250/1250
f 1128/1128 1129/1129 1250/1250
f 1250/1250 1129/1129 1251/1251
f 1130/1130 1131/1131 1252/1252
f 1252/1252 1131/1131 1254/1254
f 1131/1131 1132/1132 1254/1254
f 1132/1132 1133/1133 1254/1254
f 1254/1254 1133/1133 1256/1256
f 1256/1256 1133/1133 1258/1258
f 1133/1133 1134/1134 1258/1258
f 1258/1258 1134/1134 1260/1260
f 1260/1260 1134/1134 1261/1261
f 1134/1134 1135/1135 1261/1261
f 1261/1261 1135/1135 1262/1262
f 1135/1135 1136/1136 1262/1262
f 1262/1262 1136/1136 1263/1263
f 1136/1136 1137/1137 1263/1263
f 1263/1263 1137/1137 1264/1264
f 1137/1137 1138/1138 1264/1264
f 1264/1264 1138/1138 1265/1265
f 1138/1138 1139/1139 1265/1265
f 1266/1266 1140/1140 1268/1268
f 1140/1140 1141/1141 1268/1268
f 1268/1268 1141/1141 1269/1269
f 1141/1141 1142/1142 1269/1269
f 1142/1142 1143/1143 1269/1269
f 1269/1269 1143/1143 1270/1270
f 1270/1270 1143/1143 1271/1271
f 1143/1143 1144/1144 1271/1271
f 1271/1271 1144/1144 1272/1272
f 1144/1144 1145/1145 1272/1272
f 1272/1272 1145/1145 1273/1273
f 1145/1145 1146/1146 1273/1273
f 1273/1273 1146/1146 1274/1274
f 1146/1146 1147/1147 1274/1274
f 1274/1274 1147/1147 1275/1275
f 1147/1147 1148/1148 1275/1275
f 1275/1275 1148/1148 1276/1276
f 1276/1276 1148/1148 1277/1277
f 1148/1148 1149/1149 1277/1277
f 1150/1150 1151/1151 1278/1278
f 1278/1278 1151/1151 1279/1279
f 1151/1151 1152/1152 1279/1279
f 1279/1279 1152/1152 1280/1280
f 1152/1152 1153/1153 1280/1280
f 1280/1280 1153/1153 1281/1281
f 1153/1153 1154/1154 1281/1281
f 1281/1281 1154/1154 1282/1282
f 1154/1154 1155/1155 1282/1282
f 1282/1282 1155/1155 1283/1283
f 1155/1155 1156/1156 1283/1283
f 1156/1156 1157/1157 1283/1283
f 1283/1283 1157/1157 1284/1284
f 1157/1157 1158/1158 1284/1284
f 1284/1284 1158/1158 1285/1285
f 1158/1158 1160/1160 1285/1285
f 1285/1285 1160/1160 1287/1287
f 1161/1161 1162/1162 1286/1286
f 1288/1288 1163/1163 1289/1289
f 1163/1163 1164/1164 1289/1289
f 1289/1289 1164/1164 1290/1290
f 1290/1290 1164/1164 1291/1291
f 1164/1164 1166/1166 1291/1291
f 1166/1166 1167/1167 1291/1291
f 1291/1291 1167/1167 1292/1292
f 1167/1167 1168/1168 1292/1292
f 1292/1292 1168/1168 1293/1293
f 1168/1168 1169/1169 1293/1293
f 1293/1293 1169/1169 1294/1294
f 1169/1169 1171/1171 1294/1294
f 1171/1171 1173/1173 1294/1294
f 1294/1294 1173/1173 1295/1295
f 1296/1296 1174/1174 1297/1297
f 1174/1174 1175/1175 1297/1297
f 1175/1175 1176/1176 1297/1297
f 1297/1297 1176/1176 1298/1298
f 1176/1176 1177/1177 1298/1298
f 1298/1298 1177/1177 1299/1299
f 1299/1299 1177/1177 1300/1300
f 1300/1300 1177/1177 1301/1301
f 1177/1177 1178/1178 1301/1301
f 1178/1178 1179/1179 1301/1301
f 1179/1179 1180/1180 1301/1301
f 1301/1301 1180/1180 1302/1302
f 1180/1180 1181/1181 1302/1302
f 1181/1181 1182/1182 1302/1302
f 1303/1303 1302/1302 1304/1304
f 1302/1302 1182/1182 1304/1304
f 1182/1182 1183/1183 1304/1304
f 1304/1304 1183/1183 1305/1305
f 1183/1183 1184/1184 1305/1305
f 1305/1305 1184/1184 1306/1306
f 1184/1184 1185/1185 1306/1306
f 1306/1306 1185/1185 1307/1307
f 1185/1185 1186/1186 1307/1307
f 1186/1186 1187/1187 1307/1307
f 1187/1187 1188/1188 1307/1307
f 1307/1307 1188/1188 1308/1308
f 1308/1308 1188/1188 1309/1309
f 1188/1188 1189/1189 1309/1309
f 1309/1309 1189/1189 1310/1310
f 1189/1189 1191/1191 1310/1310
f 1191/1191 1192/1192 1310/1310
f 1311/1311 1193/1193 1312/1312
f 1193/1193 1194/1194 1312/1312
f 1312/1312 1194/1194 1313/1313
f 1194/1194 1195/1195 1313/1313
f 1313/1313 1195/1195 1314/1314
f 1195/1195 1196/1196 1314/1314
f 1314/1314 1196/1196 1315/1315
f 1196/1196 1197/1197 1315/1315
f 1315/1315 1197/1197 1316/1316
f 1197/1197 1198/1198 1316/1316
f 1316/1316 1198/1198 1317/1317
f 1198/1198 1199/1199 1317/1317
f 1317/1317 1199/1199 1318/1318
f 1318/1318 1199/1199 1319/1319
f 1199/1199 1200/1200 1319/1319
f 1319/1319 1200/1200 1320/1320
f 1200/1200 1201/1201 1320/1320
f 1201/1201 1202/1202 1320/1320
f 1320/1320 1202/1202 1321/1321
f 1321/1321 1202/1202 1322/1322
f 1202/1202 1203/1203 1322/1322
f 1322/1322 1203/1203 1323/1323
f 1203/1203 1204/1204 1323/1323
f 1323/1323 1204/1204 1325/1325
f 1204/1204 1206/1206 1325/1325
f 1325/1325 1206/1206 1326/1326
f 1205/1205 1208/1208 1327/1327
f 1327/1327 1208/1208 1328/1328
f 1208/1208 1209/1209 1328/1328
f 1328/1328 1209/1209 1329/1329
f 1209/1209 1210/1210 1329/1329
f 1210/1210 1211/1211 1329/1329
f 1329/1329 1211/1211 1330/1330
f 1211/1211 1212/1212 1330/1330
f 1330/1330 1212/1212 1331/1331
f 1212/1212 1213/1213 1331/1331
f 1331/1331 1213/1213 1332/1332
f 1213/1213 1214/1214 1332/1332
f 1332/1332 1214/1214 1333/1333
f 1214/1214 1215/1215 1333/1333
f 1333/1333 1215/1215 1334/1334
f 1215/1215 1216/1216 1334/1334
f 1334/1334 1216/1216 1335/1335
f 1216/1216 1217/1217 1335/1335
f 1218/1218 1219/1219 1336/1336
f 1336/1336 1219/1219 1337/1337
f 1219/1219 1220/1220 1337/1337
f 1337/1337 1220/1220 1338/1338
f 1220/1220 1221/1221 1338/1338
f 1338/1338 1221/1221 1339/1339
f 1221/1221 1222/1222 1339/1339
f 1339/1339 1222/1222 1340/1340
f 1222/1222 1223/1223 1340/1340
f 1340/1340 1223/1223 1341/1341
f 1223/1223 1224/1224 1341/1341
f 1341/1341 1224/1224 1342/1342
f 1224/1224 1225/1225 1342/1342
f 1342/1342 1225/1225 1343/1343
f 1226/1226 1227/1227 1344/1344
f 1344/1344 1227/1227 1345/1345
f 1227/1227 1228/1228 1345/1345
f 1345/1345 1228/1228 1346/1346
f 1228/1228 1229/1229 1346/1346
f 1346/1346 1229/1229 1347/1347
f 1229/1229 1230/1230 1347/1347
f 1347/1347 1230/1230 1348/1348
f 1230/1230 1231/1231 1348/1348
f 1348/1348 1231/1231 1349/1349
f 1349/1349 1231/1231 1350/1350
f 1231/1231 1232/1232 1350/1350
f 1350/1350 1232/1232 1351/1351
f 1232/1232 1233/1233 1351/1351
f 1351/1351 1233/1233 1352/1352
f 1233/1233 1234/1234 1352/1352
f 1353/1353 1235/1235 1354/1354
f 1235/1235 1236/1236 1354/1354
f 1236/1236 1237/1237 1354/1354
f 1354/1354 1237/1237 1355/1355
f 1237/1237 1238/1238 1355/1355
f 1355/1355 1238/1238 1356/1356
f 1238/1238 1239/1239 1356/1356
f 1239/1239 1240/1240 1356/1356
f 1356/1356 1240/1240 1357/1357
f 1357/1357 1240/1240 1358/1358
f 1240/1240 1241/1241 1358/1358
f 1359/1359 1358/1358 1360/1360
f 1358/1358 1241/1241 1360/1360
f 1360/1360 1241/1241 1361/1361
f 1241/1241 1242/1242 1361/1361
f 1361/1361 1242/1242 1362/1362
f 1242/1242 1243/1243 1362/1362
f 1243/1243 1244/1244 1362/1362
f 1362/1362 1244/1244 1363/1363
f 1363/1363 1244/1244 1364/1364
f 1244/1244 1245/1245 1364/1364
f 1364/1364 1245/1245 1365/1365
f 1245/1245 1246/1246 1365/1365
f 1365/1365 1246/1246 1366/1366
f 1246/1246 1247/1247 1366/1366
f 1366/1366 1247/1247 1367/1367
f 1247/1247 1248/1248 1367/1367
f 1368/1368 1249/1249 1369/1369
f 1249/1249 1250/1250 1369/1369
f 1369/1369 1250/1250 1370/1370
f 1250/1250 1251/1251 1370/1370
f 1370/1370 1251/1251 1371/1371
f 1251/1251 1253/1253 1371/1371
f 1253/1253 1255/1255 1371/1371
f 1371/1371 1255/1255 1372/1372
f 1372/1372 1255/1255 1373/1373
f 1255/1255 1257/1257 1373/1373
f 1373/1373 1257/1257 1375/1375
f 1258/1258 1260/1260 1374/1374
f 1376/1376 1375/1375 1377/1377
f 1375/1375 1259/1259 1377/1377
f 1378/1378 1260/1260 1379/1379
f 1260/1260 1261/1261 1379/1379
f 1379/1379 1261/1261 1380/1380
f 1261/1261 1262/1262 1380/1380
f 1380/1380 1262/1262 1381/1381
f 1262/1262 1263/1263 1381/1381
f 1381/1381 1263/1263 1382/1382
f 1263/1263 1264/1264 1382/1382
f 1382/1382 1264/1264 1383/1383
f 1264/1264 1265/1265 1383/1383
f 1383/1383 1265/1265 1384/1384
f 1265/1265 1267/1267 1384/1384
f 1385/1385 1268/1268 1386/1386
f 1268/1268 1269/1269 1386/1386
f 1269/1269 1270/1270 1386/1386
f 1386/1386 1270/1270 1387/1387
f 1387/1387 1270/1270 1388/1388
f 1270/1270 1271/1271 1388/1388
f 1388/1388 1271/1271 1389/1389
f 1271/1271 1272/1272 1389/1389
f 1389/1389 1272/1272 1390/1390
f 1272/1272 1273/1273 1390/1390
f 1390/1390 1273/1273 1391/1391
f 1273/1273 1274/1274 1391/1391
f 1391/1391 1274/1274 1392/1392
f 1274/1274 1275/1275 1392/1392
f 1392/1392 1275/1275 1393/1393
f 1393/1393 1275/1275 1394/1394
f 1275/1275 1276/1276 1394/1394
f 1394/1394 1276/1276 1395/1395
f 1276/1276 1277/1277 1395/1395
f 1278/1278 1279/1279 1396/1396
f 1396/1396 1279/1279 1397/1397
f 1279/1279 1280/1280 1397/1397
f 1397/1397 1280/1280 1398/1398
f 1280/1280 1281/1281 1398/1398
f 1398/1398 1281/1281 1399/1399
f 1281/1281 1282/1282 1399/1399
f 1399/1399 1282/1282 1400/1400
f 1282/1282 1283/1283 1400/1400
f 1283/1283 1284/1284 1400/1400
f 1400/1400 1284/1284 1402/1402
f 1284/1284 1285/1285 1402/1402
f 1402/1402 1285/1285 1403/1403
f 1285/1285 1287/1287 1403/1403
f 1404/1404 1288/1288 1405/1405
f 1288/1288 1289/1289 1405/1405
f 1289/1289 1290/1290 1405/1405
f 1405/1405 1290/1290 1406/1406
f 1407/1407 1406/1406 1408/1408
f 1406/1406 1290/1290 1408/1408
f 1290/1290 1291/1291 1408/1408
f 1291/1291 1292/1292 1408/1408
f 1408/1408 1292/1292 1409/1409
f 1292/1292 1293/1293 1409/1409
f 1409/1409 1293/1293 1410/1410
f 1293/1293 1294/1294 1410/1410
f 1410/1410 1294/1294 1411/1411
f 1294/1294 1295/1295 1411/1411
f 1411/1411 1295/1295 1412/1412
f 1296/1296 1297/1297 1413/1413
f 1297/1297 1298/1298 1413/1413
f 1413/1413 1298/1298 1414/1414
f 1298/1298 1299/1299 1414/1414
f 1414/1414 1299/1299 1415/1415
f 1415/1415 1299/1299 1416/1416
f 1299/1299 1300/1300 1416/1416
f 1416/1416 1300/1300 1417/1417
f 1417/1417 1300/1300 1418/1418
f 1300/1300 1301/1301 1418/1418
f 1301/1301 1302/1302 1418/1418
f 1302/1302 1303/1303 1418/1418
f 1418/1418 1303/1303 1419/1419
f 1419/1419 1303/1303 1420/1420
f 1420/1420 1303/1303 1421/1421
f 1303/1303 1304/1304 1421/1421
f 1304/1304 1305/1305 1421/1421
f 1421/1421 1305/1305 1422/1422
f 1305/1305 1306/1306 1422/1422
f 1422/1422 1306/1306 1423/1423
f 1306/1306 1307/1307 1423/1423
f 1307/1307 1308/1308 1423/1423
f 1423/1423 1308/1308 1424/1424
f 1308/1308 1309/1309 1424/1424
f 1424/1424 1309/1309 1425/1425
f 1309/1309 1310/1310 1425/1425
f 1425/1425 1310/1310 1426/1426
f 1311/1311 1312/1312 1427/1427
f 1427/1427 1312/1312 1428/1428
f 1428/1428 1312/1312 1429/1429
f 1312/1312 1313/1313 1429/1429
f 1429/1429 1313/1313 1430/1430
f 1313/1313 1314/1314 1430/1430
f 1430/1430 1314/1314 1431/1431
f 1314/1314 1315/1315 1431/1431
f 1431/1431 1315/1315 1432/1432
f 1315/1315 1316/1316 1432/1432
f 1432/1432 1316/1316 1433/1433
f 1316/1316 1317/1317 1433/1433
f 1433/1433 1317/1317 1434/1434
f 1434/1434 1317/1317 1435/1435
f 1317/1317 1318/1318 1435/1435
f 1435/1435 1318/1318 1436/1436
f 1318/1318 1319/1319 1436/1436
f 1319/1319 1320/1320 1436/1436
f 1436/1436 1320/1320 1437/1437
f 1320/1320 1321/1321 1437/1437
f 1437/1437 1321/1321 1438/1438
f 1438/1438 1321/1321 1439/1439
f 1321/1321 1322/1322 1439/1439
f 1439/1439 1322/1322 1440/1440
f 1322/1322 1323/1323 1440/1440
f 1440/1440 1323/1323 1441/1441
f 1323/1323 1325/1325 1441/1441
f 1442/1442 1324/1324 1443/1443
f 1324/1324 1327/1327 1443/1443
f 1443/1443 1327/1327 1444/1444
f 1327/1327 1328/1328 1444/1444
f 1444/1444 1328/1328 1445/1445
f 1328/1328 1329/1329 1445/1445
f 1329/1329 1330/1330 1445/1445
f 1445/1445 1330/1330 1446/1446
f 1330/1330 1331/1331 1446/1446
f 1446/1446 1331/1331 1447/1447
f 1331/1331 1332/1332 1447/1447
f 1447/1447 1332/1332 1448/1448
f 1332/1332 1333/1333 1448/1448
f 1448/1448 1333/1333 1449/1449
f 1333/1333 1334/1334 1449/1449
f 1449/1449 1334/1334 1450/1450
f 1334/1334 1335/1335 1450/1450
f 1336/1336 1337/1337 1451/1451
f 1451/1451 1337/1337 1452/1452
f 1337/1337 1338/1338 1452/1452
f 1452/1452 1338/1338 1453/1453
f 1338/1338 1339/1339 1453/1453
f 1453/1453 1339/1339 1454/1454
f 1339/1339 1340/1340 1454/1454
f 1454/1454 1340/1340 1455/1455
f 1340/1340 1341/1341 1455/1455
f 1455/1455 1341/1341 1456/1456
f 1341/1341 1342/1342 1456/1456
f 1456/1456 1342/1342 1457/1457
f 1342/1342 1343/1343 1457/1457
f 1457/1457 1343/1343 1458/1458
f 1344/1344 1345/1345 1459/1459
f 1459/1459 1345/1345 1460/1460
f 1345/1345 1346/1346 1460/1460
f 1460/1460 1346/1346 1461/1461
f 1346/1346 1347/1347 1461/1461
f 1461/1461 1347/1347 1462/1462
f 1347/1347 1348/1348 1462/1462
f 1462/1462 1348/1348 1463/1463
f 1463/1463 1348/1348 1464/1464
f 1348/1348 1349/1349 1464/1464
f 1464/1464 1349/1349 1465/1465
f 1349/1349 1350/1350 1465/1465
f 1465/1465 1350/1350 1466/1466
f 1350/1350 1351/1351 1466/1466
f 1466/1466 1351/1351 1467/1467
f 1351/1351 1352/1352 1467/1467
f 1468/1468 1353/1353 1469/1469
f 1353/1353 1354/1354 1469/1469
f 1354/1354 1355/1355 1469/1469
f 1469/1469 1355/1355 1470/1470
f 1355/1355 1356/1356 1470/1470
f 1470/1470 1356/1356 1471/1471
f 1356/1356 1357/1357 1471/1471
f 1471/1471 1357/1357 1472/1472
f 1472/1472 1357/1357 1473/1473
f 1357/1357 1358/1358 1473/1473
f 1358/1358 1359/1359 1473/1473
f 1473/1473 1359/1359 1474/1474
f 1474/1474 1359/1359 1475/1475
f 1475/1475 1359/1359 1476/1476
f 1359/1359 1360/1360 1476/1476
f 1476/1476 1360/1360 1477/1477
f 1360/1360 1361/1361 1477/1477
f 1477/1477 1361/1361 1478/1478
f 1361/1361 1362/1362 1478/1478
f 1362/1362 1363/1363 1478/1478
f 1478/1478 1363/1363 1479/1479
f 1479/1479 1363/1363 1480/1480
f 1363/1363 1364/1364 1480/1480
f 1480/1480 1364/1364 1481/1481
f 1364/1364 1365/1365 1481/1481
f 1481/1481 1365/1365 1482/1482
f 1365/1365 1366/1366 1482/1482
f 1482/1482 1366/1366 1484/1484
f 1484/1484 1366/1366 1485/1485
f 1366/1366 1367/1367 1485/1485
f 1486/1486 1368/1368 1487/1487
f 1368/1368 1369/1369 1487/1487
f 1487/1487 1369/1369 1488/1488
f 1369/1369 1370/1370 1488/1488
f 1488/1488 1370/1370 1489/1489
f 1370/1370 1371/1371 1489/1489
f 1371/1371 1372/1372 1489/1489
f 1489/1489 1372/1372 1490/1490
f 1490/1490 1372/1372 1491/1491
f 1372/1372 1373/1373 1491/1491
f 1491/1491 1373/1373 1492/1492
f 1373/1373 1375/1375 1492/1492
f 1375/1375 1376/1376 1492/1492
f 1492/1492 1376/1376 1493/1493
f 1493/1493 1376/1376 1494/1494
f 1494/1494 1376/1376 1495/1495
f 1376/1376 1377/1377 1495/1495
f 1495/1495 1377/1377 1496/1496
f 1378/1378 1379/1379 1497/1497
f 1497/1497 1379/1379 1498/1498
f 1379/1379 1380/1380 1498/1498
f 1498/1498 1380/1380 1499/1499
f 1380/1380 1381/1381 1499/1499
f 1499/1499 1381/1381 1500/1500
f 1381/1381 1382/1382 1500/1500
f 1500/1500 1382/1382 1501/1501
f 1382/1382 1383/1383 1501/1501
f 1501/1501 1383/1383 1502/1502
f 1383/1383 1384/1384 1502/1502
f 1502/1502 1384/1384 1503/1503
f 1385/1385 1386/1386 1504/1504
f 1386/1386 1387/1387 1504/1504
f 1504/1504 1387/1387 1506/1506
f 1506/1506 1387/1387 1507/1507
f 1387/1387 1388/1388 1507/1507
f 1507/1507 1388/1388 1508/1508
f 1388/1388 1389/1389 1508/1508
f 1508/1508 1389/1389 1509/1509
f 1389/1389 1390/1390 1509/1509
f 1509/1509 1390/1390 1510/1510
f 1390/1390 1391/1391 1510/1510
f 1510/1510 1391/1391 1511/1511
f 1391/1391 1392/1392 1511/1511
f 1511/1511 1392/1392 1512/1512
f 1392/1392 1393/1393 1512/1512
f 1512/1512 1393/1393 1513/1513
f 1513/1513 1393/1393 1514/1514
f 1393/1393 1394/1394 1514/1514
f 1514/1514 1394/1394 1515/1515
f 1394/1394 1395/1395 1515/1515
f 1396/1396 1397/1397 1516/1516
f 1516/1516 1397/1397 1517/1517
f 1397/1397 1398/1398 1517/1517
f 1517/1517 1398/1398 1518/1518
f 1398/1398 1399/1399 1518/1518
f 1520/1520 1518/1518 1522/1522
f 1518/1518 1399/1399 1522/1522
f 1399/1399 1400/1400 1522/1522
f 1400/1400 1402/1402 1522/1522
f 1522/1522 1402/1402 1523/1523
f 1401/1401 1404/1404 1524/1524
f 1524/1524 1404/1404 1525/1525
f 1404/1404 1405/1405 1525/1525
f 1525/1525 1405/1405 1526/1526
f 1405/1405 1406/1406 1526/1526
f 1526/1526 1406/1406 1527/1527
f 1406/1406 1407/1407 1527/1527
f 1527/1527 1407/1407 1528/1528
f 1528/1528 1407/1407 1529/1529
f 1407/1407 1408/1408 1529/1529
f 1408/1408 1409/1409 1529/1529
f 1529/1529 1409/1409 1530/1530
f 1409/1409 1410/1410 1530/1530
f 1530/1530 1410/1410 1531/1531
f 1410/1410 1411/1411 1531/1531
f 1531/1531 1411/1411 1532/1532
f 1411/1411 1412/1412 1532/1532
f 1413/1413 1414/1414 1533/1533
f 1533/1533 1414/1414 1535/1535
f 1414/1414 1415/1415 1535/1535
f 1535/1535 1415/1415 1536/1536
f 1536/1536 1415/1415 1537/1537
f 1415/1415 1416/1416 1537/1537
f 1537/1537 1416/1416 1538/1538
f 1416/1416 1417/1417 1538/1538
f 1538/1538 1417/1417 1539/1539
f 1417/1417 1418/1418 1539/1539
f 1418/1418 1419/1419 1539/1539
f 1539/1539 1419/1419 1540/1540
f 1419/1419 1420/1420 1540/1540
f 1540/1540 1420/1420 1541/1541
f 1541/1541 1420/1420 1542/1542
f 1420/1420 1421/1421 1542/1542
f 1421/1421 1422/1422 1542/1542
f 1542/1542 1422/1422 1543/1543
f 1422/1422 1423/1423 1543/1543
f 1543/1543 1423/1423 1544/1544
f 1423/1423 1424/1424 1544/1544
f 1424/1424 1425/1425 1544/1544
f 1544/1544 1425/1425 1545/1545
f 1425/1425 1426/1426 1545/1545
f 1427/1427 1428/1428 1546/1546
f 1546/1546 1428/1428 1547/1547
f 1547/1547 1428/1428 1548/1548
f 1428/1428 1429/1429 1548/1548
f 1429/1429 1430/1430 1548/1548
f 1548/1548 1430/1430 1549/1549
f 1430/1430 1431/1431 1549/1549
f 1549/1549 1431/1431 1550/1550
f 1431/1431 1432/1432 1550/1550
f 1550/1550 1432/1432 1551/1551
f 1432/1432 1433/1433 1551/1551
f 1551/1551 1433/1433 1552/1552
f 1552/1552 1433/1433 1553/1553
f 1433/1433 1434/1434 1553/1553
f 1434/1434 1435/1435 1553/1553
f 1553/1553 1435/1435 1554/1554
f 1554/1554 1435/1435 1555/1555
f 1435/1435 1436/1436 1555/1555
f 1555/1555 1436/1436 1556/1556
f 1436/1436 1437/1437 1556/1556
f 1437/1437 1438/1438 1556/1556
f 1556/1556 1438/1438 1557/1557
f 1438/1438 1439/1439 1557/1557
f 1557/1557 1439/1439 1558/1558
f 1439/1439 1440/1440 1558/1558
f 1558/1558 1440/1440 1559/1559
f 1440/1440 1441/1441 1559/1559
f 1559/1559 1441/1441 1560/1560
f 1442/1442 1443/1443 1561/1561
f 1561/1561 1443/1443 1562/1562
f 1562/1562 1443/1443 1563/1563
f 1443/1443 1444/1444 1563/1563
f 1563/1563 1444/1444 1564/1564
f 1444/1444 1445/1445 1564/1564
f 1445/1445 1446/1446 1564/1564
f 1564/1564 1446/1446 1565/1565
f 1446/1446 1447/1447 1565/1565
f 1565/1565 1447/1447 1566/1566
f 1447/1447 1448/1448 1566/1566
f 1566/1566 1448/1448 1567/1567
f 1448/1448 1449/1449 1567/1567
f 1567/1567 1449/1449 1568/1568
f 1449/1449 1450/1450 1568/1568
f 1451/1451 1452/1452 1569/1569
f 1569/1569 1452/1452 1570/1570
f 1452/1452 1453/1453 1570/1570
f 1570/1570 1453/1453 1571/1571
f 1453/1453 1454/1454 1571/1571
f 1571/1571 1454/1454 1572/1572
f 1454/1454 1455/1455 1572/1572
f 1572/1572 1455/1455 1573/1573
f 1455/1455 1456/1456 1573/1573
f 1573/1573 1456/1456 1574/1574
f 1456/1456 1457/1457 1574/1574
f 1574/1574 1457/1457 1575/1575
f 1457/1457 1458/1458 1575/1575
f 1575/1575 1458/1458 1576/1576
f 1459/1459 1460/1460 1577/1577
f 1577/1577 1460/1460 1578/1578
f 1460/1460 1461/1461 1578/1578
f 1578/1578 1461/1461 1579/1579
f 1461/1461 1462/1462 1579/1579
f 1579/1579 1462/1462 1580/1580
f 1462/1462 1463/1463 1580/1580
f 1580/1580 1463/1463 1581/1581
f 1581/1581 1463/1463 1582/1582
f 1463/1463 1464/1464 1582/1582
f 1582/1582 1464/1464 1583/1583
f 1464/1464 1465/1465 1583/1583
f 1583/1583 1465/1465 1584/1584
f 1465/1465 1466/1466 1584/1584
f 1584/1584 1466/1466 1585/1585
f 1466/1466 1467/1467 1585/1585
f 1586/1586 1468/1468 1587/1587
f 1468/1468 1469/1469 1587/1587
f 1469/1469 1470/1470 1587/1587
f 1587/1587 1470/1470 1588/1588
f 1470/1470 1471/1471 1588/1588
f 1588/1588 1471/1471 1589/1589
f 1471/1471 1472/1472 1589/1589
f 1589/1589 1472/1472 1590/1590
f 1591/1591 1590/1590 1592/1592
f 1590/1590 1472/1472 1592/1592
f 1592/1592 1472/1472 1593/1593
f 1472/1472 1473/1473 1593/1593
f 1473/1473 1474/1474 1593/1593
f 1593/1593 1474/1474 1594/1594
f 1594/1594 1474/1474 1595/1595
f 1474/1474 1475/1475 1595/1595
f 1595/1595 1475/1475 1596/1596
f 1596/1596 1475/1475 1597/1597
f 1597/1597 1475/1475 1598/1598
f 1475/1475 1476/1476 1598/1598
f 1598/1598 1476/1476 1599/1599
f 1476/1476 1477/1477 1599/1599
f 1477/1477 1478/1478 1599/1599
f 1478/1478 1479/1479 1599/1599
f 1599/1599 1479/1479 1600/1600
f 1600/1600 1479/1479 1601/1601
f 1479/1479 1480/1480 1601/1601
f 1480/1480 1481/1481 1601/1601
f 1601/1601 1481/1481 1602/1602
f 1481/1481 1482/1482 1602/1602
f 1602/1602 1482/1482 1603/1603
f 1482/1482 1484/1484 1603/1603
f 1603/1603 1484/1484 1604/1604
f 1483/1483 1486/1486 1605/1605
f 1605/1605 1486/1486 1606/1606
f 1486/1486 1487/1487 1606/1606
f 1606/1606 1487/1487 1607/1607
f 1607/1607 1487/1487 1608/1608
f 1487/1487 1488/1488 1608/1608
f 1608/1608 1488/1488 1609/1609
f 1488/1488 1489/1489 1609/1609
f 1489/1489 1490/1490 1609/1609
f 1609/1609 1490/1490 1610/1610
f 1610/1610 1490/1490 1611/1611
f 1490/1490 1491/1491 1611/1611
f 1611/1611 1491/1491 1612/1612
f 1491/1491 1492/1492 1612/1612
f 1492/1492 1493/1493 1612/1612
f 1612/1612 1493/1493 1613/1613
f 1613/1613 1493/1493 1614/1614
f 1614/1614 1493/1493 1615/1615
f 1493/1493 1494/1494 1615/1615
f 1615/1615 1494/1494 1616/1616
f 1494/1494 1495/1495 1616/1616
f 1495/1495 1496/1496 1616/1616
f 1616/1616 1496/1496 1617/1617
f 1497/1497 1498/1498 1618/1618
f 1618/1618 1498/1498 1619/1619
f 1498/1498 1499/1499 1619/1619
f 1619/1619 1499/1499 1620/1620
f 1499/1499 1500/1500 1620/1620
f 1620/1620 1500/1500 1621/1621
f 1500/1500 1501/1501 1621/1621
f 1621/1621 1501/1501 1622/1622
f 1501/1501 1502/1502 1622/1622
f 1622/1622 1502/1502 1623/1623
f 1502/1502 1503/1503 1623/1623
f 1503/1503 1505/1505 1623/1623
f 1623/1623 1505/1505 1624/1624
f 1624/1624 1505/1505 1625/1625
f 1506/1506 1507/1507 1626/1626
f 1626/1626 1507/1507 1627/1627
f 1507/1507 1508/1508 1627/1627
f 1627/1627 1508/1508 1628/1628
f 1508/1508 1509/1509 1628/1628
f 1628/1628 1509/1509 1629/1629
f 1509/1509 1510/1510 1629/1629
f 1629/1629 1510/1510 1630/1630
f 1510/1510 1511/1511 1630/1630
f 1630/1630 1511/1511 1631/1631
f 1511/1511 1512/1512 1631/1631
f 1631/1631 1512/1512 1632/1632
f 1512/1512 1513/1513 1632/1632
f 1632/1632 1513/1513 1633/1633
f 1633/1633 1513/1513 1634/1634
f 1513/1513 1514/1514 1634/1634
f 1634/1634 1514/1514 1635/1635
f 1514/1514 1515/1515 1635/1635
f 1516/1516 1517/1517 1636/1636
f 1636/1636 1517/1517 1637/1637
f 1517/1517 1518/1518 1637/1637
f 1518/1518 1520/1520 1637/1637
f 1637/1637 1520/1520 1638/1638
f 1639/1639 1519/1519 1640/1640
f 1519/1519 1521/1521 1640/1640
f 1521/1521 1524/1524 1640/1640
f 1640/1640 1524/1524 1641/1641
f 1524/1524 1525/1525 1641/1641
f 1641/1641 1525/1525 1642/1642
f 1525/1525 1526/1526 1642/1642
f 1642/1642 1526/1526 1643/1643
f 1526/1526 1527/1527 1643/1643
f 1643/1643 1527/1527 1644/1644
f 1527/1527 1528/1528 1644/1644
f 1644/1644 1528/1528 1645/1645
f 1528/1528 1529/1529 1645/1645
f 1529/1529 1530/1530 1645/1645
f 1530/1530 1531/1531 1645/1645
f 1645/1645 1531/1531 1646/1646
f 1646/1646 1531/1531 1647/1647
f 1531/1531 1532/1532 1647/1647
f 1532/1532 1534/1534 1647/1647
f 1647/1647 1534/1534 1648/1648
f 1535/1535 1536/1536 1649/1649
f 1649/1649 1536/1536 1651/1651
f 1651/1651 1536/1536 1652/1652
f 1536/1536 1537/1537 1652/1652
f 1652/1652 1537/1537 1653/1653
f 1537/1537 1538/1538 1653/1653
f 1653/1653 1538/1538 1654/1654
f 1538/1538 1539/1539 1654/1654
f 1654/1654 1539/1539 1655/1655
f 1539/1539 1540/1540 1655/1655
f 1655/1655 1540/1540 1656/1656
f 1540/1540 1541/1541 1656/1656
f 1656/1656 1541/1541 1657/1657
f 1657/1657 1541/1541 1658/1658
f 1541/1541 1542/1542 1658/1658
f 1542/1542 1543/1543 1658/1658
f 1543/1543 1544/1544 1658/1658
f 1658/1658 1544/1544 1659/1659
f 1544/1544 1545/1545 1659/1659
f 1546/1546 1547/1547 1660/1660
f 1660/1660 1547/1547 1661/1661
f 1661/1661 1547/1547 1662/1662
f 1547/1547 1548/1548 1662/1662
f 1548/1548 1549/1549 1662/1662
f 1662/1662 1549/1549 1663/1663
f 1549/1549 1550/1550 1663/1663
f 1663/1663 1550/1550 1664/1664
f 1550/1550 1551/1551 1664/1664
f 1664/1664 1551/1551 1665/1665
f 1665/1665 1551/1551 1666/1666
f 1551/1551 1552/1552 1666/1666
f 1552/1552 1553/1553 1666/1666
f 1666/1666 1553/1553 1667/1667
f 1553/1553 1554/1554 1667/1667
f 1667/1667 1554/1554 1668/1668
f 1554/1554 1555/1555 1668/1668
f 1668/1668 1555/1555 1669/1669
f 1669/1669 1555/1555 1670/1670
f 1555/1555 1556/1556 1670/1670
f 1556/1556 1557/1557 1670/1670
f 1670/1670 1557/1557 1671/1671
f 1557/1557 1558/1558 1671/1671
f 1671/1671 1558/1558 1672/1672
f 1558/1558 1559/1559 1672/1672
f 1672/1672 1559/1559 1673/1673
f 1559/1559 1560/1560 1673/1673
f 1673/1673 1560/1560 1674/1674
f 1675/1675 1561/1561 1676/1676
f 1561/1561 1562/1562 1676/1676
f 1676/1676 1562/1562 1677/1677
f 1562/1562 1563/1563 1677/1677
f 1677/1677 1563/1563 1678/1678
f 1563/1563 1564/1564 1678/1678
f 1564/1564 1565/1565 1678/1678
f 1678/1678 1565/1565 1679/1679
f 1565/1565 1566/1566 1679/1679
f 1679/1679 1566/1566 1680/1680
f 1566/1566 1567/1567 1680/1680
f 1680/1680 1567/1567 1681/1681
f 1567/1567 1568/1568 1681/1681
f 1569/1569 1570/1570 1682/1682
f 1682/1682 1570/1570 1683/1683
f 1570/1570 1571/1571 1683/1683
f 1683/1683 1571/1571 1684/1684
f 1684/1684 1571/1571 1685/1685
f 1571/1571 1572/1572 1685/1685
f 1685/1685 1572/1572 1686/1686
f 1572/1572 1573/1573 1686/1686
f 1686/1686 1573/1573 1687/1687
f 1573/1573 1574/1574 1687/1687
f 1574/1574 1575/1575 1687/1687
f 1687/1687 1575/1575 1688/1688
f 1575/1575 1576/1576 1688/1688
f 1688/1688 1576/1576 1689/1689
f 1577/1577 1578/1578 1690/1690
f 1690/1690 1578/1578 1691/1691
f 1578/1578 1579/1579 1691/1691
f 1691/1691 1579/1579 1692/1692
f 1579/1579 1580/1580 1692/1692
f 1692/1692 1580/1580 1693/1693
f 1580/1580 1581/1581 1693/1693
f 1693/1693 1581/1581 1694/1694
f 1581/1581 1582/1582 1694/1694
f 1694/1694 1582/1582 1695/1695
f 1695/1695 1582/1582 1696/1696
f 1582/1582 1583/1583 1696/1696
f 1696/1696 1583/1583 1697/1697
f 1583/1583 1584/1584 1697/1697
f 1697/1697 1584/1584 1698/1698
f 1584/1584 1585/1585 1698/1698
f 1699/1699 1586/1586 1700/1700
f 1586/1586 1587/1587 1700/1700
f 1587/1587 1588/1588 1700/1700
f 1700/1700 1588/1588 1701/1701
f 1588/1588 1589/1589 1701/1701
f 1701/1701 1589/1589 1702/1702
f 1589/1589 1590/1590 1702/1702
f 1702/1702 1590/1590 1703/1703
f 1590/1590 1591/1591 1703/1703
f 1703/1703 1591/1591 1704/1704
f 1704/1704 1591/1591 1705/1705
f 1705/1705 1591/1591 1706/1706
f 1591/1591 1592/1592 1706/1706
f 1706/1706 1592/1592 1707/1707
f 1592/1592 1593/1593 1707/1707
f 1593/1593 1594/1594 1707/1707
f 1707/1707 1594/1594 1708/1708
f 1708/1708 1594/1594 1709/1709
f 1594/1594 1595/1595 1709/1709
f 1709/1709 1595/1595 1710/1710
f 1595/1595 1596/1596 1710/1710
f 1710/1710 1596/1596 1711/1711
f 1596/1596 1597/1597 1711/1711
f 1597/1597 1598/1598 1711/1711
f 1598/1598 1599/1599 1711/1711
f 1711/1711 1599/1599 1712/1712
f 1599/1599 1600/1600 1712/1712
f 1712/1712 1600/1600 1713/1713
f 1713/1713 1600/1600 1714/1714
f 1600/1600 1601/1601 1714/1714
f 1601/1601 1602/1602 1714/1714
f 1714/1714 1602/1602 1715/1715
f 1715/1715 1602/1602 1716/1716
f 1602/1602 1603/1603 1716/1716
f 1603/1603 1604/1604 1716/1716
f 1717/1717 1605/1605 1718/1718
f 1605/1605 1606/1606 1718/1718
f 1718/1718 1606/1606 1719/1719
f 1719/1719 1606/1606 1720/1720
f 1606/1606 1607/1607 1720/1720
f 1720/1720 1607/1607 1721/1721
f 1607/1607 1608/1608 1721/1721
f 1721/1721 1608/1608 1722/1722
f 1608/1608 1609/1609 1722/1722
f 1722/1722 1609/1609 1723/1723
f 1723/1723 1609/1609 1724/1724
f 1609/1609 1610/1610 1724/1724
f 1610/1610 1611/1611 1724/1724
f 1724/1724 1611/1611 1725/1725
f 1611/1611 1612/1612 1725/1725
f 1612/1612 1613/1613 1725/1725
f 1725/1725 1613/1613 1726/1726
f 1726/1726 1613/1613 1727/1727
f 1613/1613 1614/1614 1727/1727
f 1727/1727 1614/1614 1728/1728
f 1614/1614 1615/1615 1728/1728
f 1728/1728 1615/1615 1729/1729
f 1615/1615 1616/1616 1729/1729
f 1729/1729 1616/1616 1730/1730
f 1616/1616 1617/1617 1730/1730
f 1730/1730 1617/1617 1731/1731
f 1618/1618 1619/1619 1732/1732
f 1732/1732 1619/1619 1733/1733
f 1619/1619 1620/1620 1733/1733
f 1733/1733 1620/1620 1734/1734
f 1620/1620 1621/1621 1734/1734
f 1734/1734 1621/1621 1735/1735
f 1621/1621 1622/1622 1735/1735
f 1735/1735 1622/1622 1736/1736
f 1622/1622 1623/1623 1736/1736
f 1623/1623 1624/1624 1736/1736
f 1736/1736 1624/1624 1737/1737
f 1737/1737 1624/1624 1738/1738
f 1624/1624 1625/1625 1738/1738
f 1738/1738 1625/1625 1739/1739
f 1626/1626 1627/1627 1740/1740
f 1740/1740 1627/1627 1741/1741
f 1627/1627 1628/1628 1741/1741
f 1741/1741 1628/1628 1742/1742
f 1628/1628 1629/1629 1742/1742
f 1742/1742 1629/1629 1743/1743
f 1629/1629 1630/1630 1743/1743
f 1743/1743 1630/1630 1744/1744
f 1630/1630 1631/1631 1744/1744
f 1744/1744 1631/1631 1745/1745
f 1631/1631 1632/1632 1745/1745
f 1745/1745 1632/1632 1746/1746
f 1632/1632 1633/1633 1746/1746
f 1746/1746 1633/1633 1747/1747
f 1747/1747 1633/1633 1748/1748
f 1633/1633 1634/1634 1748/1748
f 1748/1748 1634/1634 1749/1749
f 1634/1634 1635/1635 1749/1749
f 1636/1636 1637/1637 1750/1750
f 1637/1637 1638/1638 1750/1750
f 1750/1750 1638/1638 1751/1751
f 1753/1753 1639/1639 1754/1754
f 1639/1639 1640/1640 1754/1754
f 1640/1640 1641/1641 1754/1754
f 1754/1754 1641/1641 1755/1755
f 1641/1641 1642/1642 1755/1755
f 1755/1755 1642/1642 1756/1756
f 1642/1642 1643/1643 1756/1756
f 1756/1756 1643/1643 1757/1757
f 1643/1643 1644/1644 1757/1757
f 1757/1757 1644/1644 1758/1758
f 1758/1758 1644/1644 1759/1759
f 1644/1644 1645/1645 1759/1759
f 1645/1645 1646/1646 1759/1759
f 1759/1759 1646/1646 1760/1760
f 1760/1760 1646/1646 1761/1761
f 1646/1646 1647/1647 1761/1761
f 1647/1647 1648/1648 1761/1761
f 1761/1761 1648/1648 1762/1762
f 1648/1648 1650/1650 1762/1762
f 1762/1762 1650/1650 1763/1763
f 1764/1764 1651/1651 1765/1765
f 1651/1651 1652/1652 1765/1765
f 1765/1765 1652/1652 1766/1766
f 1652/1652 1653/1653 1766/1766
f 1766/1766 1653/1653 1767/1767
f 1653/1653 1654/1654 1767/1767
f 1767/1767 1654/1654 1768/1768
f 1654/1654 1655/1655 1768/1768
f 1768/1768 1655/1655 1769/1769
f 1655/1655 1656/1656 1769/1769
f 1769/1769 1656/1656 1770/1770
f 1656/1656 1657/1657 1770/1770
f 1770/1770 1657/1657 1771/1771
f 1657/1657 1658/1658 1771/1771
f 1658/1658 1659/1659 1771/1771
f 1772/1772 1660/1660 1773/1773
f 1660/1660 1661/1661 1773/1773
f 1661/1661 1662/1662 1773/1773
f 1773/1773 1662/1662 1774/1774
f 1662/1662 1663/1663 1774/1774
f 1774/1774 1663/1663 1775/1775
f 1663/1663 1664/1664 1775/1775
f 1775/1775 1664/1664 1776/1776
f 1664/1664 1665/1665 1776/1776
f 1776/1776 1665/1665 1777/1777
f 1665/1665 1666/1666 1777/1777
f 1777/1777 1666/1666 1778/1778
f 1666/1666 1667/1667 1778/1778
f 1778/1778 1667/1667 1779/1779
f 1667/1667 1668/1668 1779/1779
f 1779/1779 1668/1668 1780/1780
f 1668/1668 1669/1669 1780/1780
f 1780/1780 1669/1669 1781/1781
f 1669/1669 1670/1670 1781/1781
f 1781/1781 1670/1670 1782/1782
f 1670/1670 1671/1671 1782/1782
f 1782/1782 1671/1671 1783/1783
f 1671/1671 1672/1672 1783/1783
f 1783/1783 1672/1672 1784/1784
f 1672/1672 1673/1673 1784/1784
f 1784/1784 1673/1673 1785/1785
f 1673/1673 1674/1674 1785/1785
f 1785/1785 1674/1674 1786/1786
f 1675/1675 1676/1676 1787/1787
f 1787/1787 1676/1676 1788/1788
f 1788/1788 1676/1676 1789/1789
f 1676/1676 1677/1677 1789/1789
f 1789/1789 1677/1677 1790/1790
f 1677/1677 1678/1678 1790/1790
f 1678/1678 1679/1679 1790/1790
f 1790/1790 1679/1679 1791/1791
f 1679/1679 1680/1680 1791/1791
f 1791/1791 1680/1680 1792/1792
f 1680/1680 1681/1681 1792/1792
f 1682/1682 1683/1683 1793/1793
f 1793/1793 1683/1683 1794/1794
f 1794/1794 1683/1683 1795/1795
f 1683/1683 1684/1684 1795/1795
f 1795/1795 1684/1684 1796/1796
f 1684/1684 1685/1685 1796/1796
f 1796/1796 1685/1685 1797/1797
f 1685/1685 1686/1686 1797/1797
f 1797/1797 1686/1686 1798/1798
f 1686/1686 1687/1687 1798/1798
f 1687/1687 1688/1688 1798/1798
f 1798/1798 1688/1688 1799/1799
f 1688/1688 1689/1689 1799/1799
f 1800/1800 1690/1690 1802/1802
f 1690/1690 1691/1691 1802/1802
f 1802/1802 1691/1691 1803/1803
f 1691/1691 1692/1692 1803/1803
f 1803/1803 1692/1692 1804/1804
f 1692/1692 1693/1693 1804/1804
f 1804/1804 1693/1693 1805/1805
f 1693/1693 1694/1694 1805/1805
f 1805/1805 1694/1694 1806/1806
f 1694/1694 1695/1695 1806/1806
f 1806/1806 1695/1695 1807/1807
f 1807/1807 1695/1695 1808/1808
f 1695/1695 1696/1696 1808/1808
f 1808/1808 1696/1696 1809/1809
f 1696/1696 1697/1697 1809/1809
f 1809/1809 1697/1697 1810/1810
f 1697/1697 1698/1698 1810/1810
f 1811/1811 1699/1699 1812/1812
f 1699/1699 1700/1700 1812/1812
f 1700/1700 1701/1701 1812/1812
f 1812/1812 1701/1701 1813/1813
f 1701/1701 1702/1702 1813/1813
f 1813/1813 1702/1702 1814/1814
f 1702/1702 1703/1703 1814/1814
f 1814/1814 1703/1703 1815/1815
f 1703/1703 1704/1704 1815/1815
f 1815/1815 1704/1704 1816/1816
f 1816/1816 1704/1704 1817/1817
f 1704/1704 1705/1705 1817/1817
f 1817/1817 1705/1705 1818/1818
f 1818/1818 1705/1705 1819/1819
f 1705/1705 1706/1706 1819/1819
f 1819/1819 1706/1706 1820/1820
f 1706/1706 1707/1707 1820/1820
f 1707/1707 1708/1708 1820/1820
f 1820/1820 1708/1708 1821/1821
f 1821/1821 1708/1708 1822/1822
f 1708/1708 1709/1709 1822/1822
f 1709/1709 1710/1710 1822/1822
f 1822/1822 1710/1710 1823/1823
f 1710/1710 1711/1711 1823/1823
f 1823/1823 1711/1711 1824/1824
f 1711/1711 1712/1712 1824/1824
f 1712/1712 1713/1713 1824/1824
f 1824/1824 1713/1713 1825/1825
f 1713/1713 1714/1714 1825/1825
f 1714/1714 1715/1715 1825/1825
f 1825/1825 1715/1715 1826/1826
f 1715/1715 1716/1716 1826/1826
f 1827/1827 1717/1717 1828/1828
f 1717/1717 1718/1718 1828/1828
f 1828/1828 1718/1718 1829/1829
f 1718/1718 1719/1719 1829/1829
f 1829/1829 1719/1719 1830/1830
f 1719/1719 1720/1720 1830/1830
f 1830/1830 1720/1720 1831/1831
f 1720/1720 1721/1721 1831/1831
f 1831/1831 1721/1721 1832/1832
f 1721/1721 1722/1722 1832/1832
f 1722/1722 1723/1723 1832/1832
f 1832/1832 1723/1723 1833/1833
f 1833/1833 1723/1723 1834/1834
f 1723/1723 1724/1724 1834/1834
f 1724/1724 1725/1725 1834/1834
f 1725/1725 1726/1726 1834/1834
f 1834/1834 1726/1726 1835/1835
f 1835/1835 1726/1726 1836/1836
f 1726/1726 1727/1727 1836/1836
f 1836/1836 1727/1727 1837/1837
f 1727/1727 1728/1728 1837/1837
f 1837/1837 1728/1728 1838/1838
f 1728/1728 1729/1729 1838/1838
f 1838/1838 1729/1729 1839/1839
f 1729/1729 1730/1730 1839/1839
f 1839/1839 1730/1730 1840/1840
f 1730/1730 1731/1731 1840/1840
f 1840/1840 1731/1731 1841/1841
f 1732/1732 1733/1733 1842/1842
f 1842/1842 1733/1733 1843/1843
f 1733/1733 1734/1734 1843/1843
f 1843/1843 1734/1734 1844/1844
f 1734/1734 1735/1735 1844/1844
f 1844/1844 1735/1735 1845/1845
f 1735/1735 1736/1736 1845/1845
f 1736/1736 1737/1737 1845/1845
f 1845/1845 1737/1737 1846/1846
f 1846/1846 1737/1737 1847/1847
f 1737/1737 1738/1738 1847/1847
f 1847/1847 1738/1738 1848/1848
f 1738/1738 1739/1739 1848/1848
f 1848/1848 1739/1739 1849/1849
f 1740/1740 1741/1741 1850/1850
f 1850/1850 1741/1741 1851/1851
f 1741/1741 1742/1742 1851/1851
f 1851/1851 1742/1742 1852/1852
f 1742/1742 1743/1743 1852/1852
f 1852/1852 1743/1743 1853/1853
f 1743/1743 1744/1744 1853/1853
f 1853/1853 1744/1744 1854/1854
f 1744/1744 1745/1745 1854/1854
f 1854/1854 1745/1745 1855/1855
f 1745/1745 1746/1746 1855/1855
f 1855/1855 1746/1746 1856/1856
f 1746/1746 1747/1747 1856/1856
f 1856/1856 1747/1747 1857/1857
f 1747/1747 1748/1748 1857/1857
f 1857/1857 1748/1748 1858/1858
f 1748/1748 1749/1749 1858/1858
f 1749/1749 1752/1752 1858/1858
f 1859/1859 1753/1753 1861/1861
f 1753/1753 1754/1754 1861/1861
f 1754/1754 1755/1755 1861/1861
f 1861/1861 1755/1755 1863/1863
f 1755/1755 1756/1756 1863/1863
f 1863/1863 1756/1756 1865/1865
f 1756/1756 1757/1757 1865/1865
f 1865/1865 1757/1757 1867/1867
f 1757/1757 1758/1758 1867/1867
f 1867/1867 1758/1758 1869/1869
f 1869/1869 1758/1758 1870/1870
f 1758/1758 1759/1759 1870/1870
f 1759/1759 1760/1760 1870/1870
f 1870/1870 1760/1760 1871/1871
f 1871/1871 1760/1760 1872/1872
f 1760/1760 1761/1761 1872/1872
f 1872/1872 1761/1761 1873/1873
f 1761/1761 1762/1762 1873/1873
f 1762/1762 1763/1763 1873/1873
f 1873/1873 1763/1763 1874/1874
f 1874/1874 1763/1763 1875/1875
f 1764/1764 1765/1765 1876/1876
f 1876/1876 1765/1765 1877/1877
f 1765/1765 1766/1766 1877/1877
f 1877/1877 1766/1766 1878/1878
f 1766/1766 1767/1767 1878/1878
f 1878/1878 1767/1767 1879/1879
f 1767/1767 1768/1768 1879/1879
f 1879/1879 1768/1768 1880/1880
f 1768/1768 1769/1769 1880/1880
f 1880/1880 1769/1769 1882/1882
f 1769/1769 1770/1770 1882/1882
f 1882/1882 1770/1770 1883/1883
f 1770/1770 1771/1771 1883/1883
f 1884/1884 1772/1772 1885/1885
f 1772/1772 1773/1773 1885/1885
f 1773/1773 1774/1774 1885/1885
f 1885/1885 1774/1774 1886/1886
f 1774/1774 1775/1775 1886/1886
f 1886/1886 1775/1775 1887/1887
f 1775/1775 1776/1776 1887/1887
f 1887/1887 1776/1776 1889/1889
f 1776/1776 1777/1777 1889/1889
f 1889/1889 1777/1777 1891/1891
f 1777/1777 1778/1778 1891/1891
f 1891/1891 1778/1778 1893/1893
f 1778/1778 1779/1779 1893/1893
f 1893/1893 1779/1779 1895/1895
f 1779/1779 1780/1780 1895/1895
f 1895/1895 1780/1780 1897/1897
f 1780/1780 1781/1781 1897/1897
f 1897/1897 1781/1781 1899/1899
f 1781/1781 1782/1782 1899/1899
f 1899/1899 1782/1782 1900/1900
f 1782/1782 1783/1783 1900/1900
f 1900/1900 1783/1783 1901/1901
f 1783/1783 1784/1784 1901/1901
f 1901/1901 1784/1784 1902/1902
f 1784/1784 1785/1785 1902/1902
f 1902/1902 1785/1785 1903/1903
f 1785/1785 1786/1786 1903/1903
f 1903/1903 1786/1786 1904/1904
f 1787/1787 1788/1788 1905/1905
f 1905/1905 1788/1788 1906/1906
f 1906/1906 1788/1788 1907/1907
f 1788/1788 1789/1789 1907/1907
f 1907/1907 1789/1789 1908/1908
f 1789/1789 1790/1790 1908/1908
f 1790/1790 1791/1791 1908/1908
f 1908/1908 1791/1791 1909/1909
f 1791/1791 1792/1792 1909/1909
f 1793/1793 1794/1794 1910/1910
f 1910/1910 1794/1794 1911/1911
f 1911/1911 1794/1794 1912/1912
f 1794/1794 1795/1795 1912/1912
f 1912/1912 1795/1795 1913/1913
f 1795/1795 1796/1796 1913/1913
f 1913/1913 1796/1796 1914/1914
f 1796/1796 1797/1797 1914/1914
f 1914/1914 1797/1797 1915/1915
f 1797/1797 1798/1798 1915/1915
f 1798/1798 1799/1799 1915/1915
f 1915/1915 1799/1799 1916/1916
f 1799/1799 1801/1801 1916/1916
f 1917/1917 1802/1802 1919/1919
f 1802/1802 1803/1803 1919/1919
f 1919/1919 1803/1803 1920/1920
f 1803/1803 1804/1804 1920/1920
f 1920/1920 1804/1804 1921/1921
f 1804/1804 1805/1805 1921/1921
f 1921/1921 1805/1805 1922/1922
f 1805/1805 1806/1806 1922/1922
f 1922/1922 1806/1806 1923/1923
f 1806/1806 1807/1807 1923/1923
f 1923/1923 1807/1807 1924/1924
f 1924/1924 1807/1807 1925/1925
f 1807/1807 1808/1808 1925/1925
f 1925/1925 1808/1808 1927/1927
f 1808/1808 1809/1809 1927/1927
f 1927/1927 1809/1809 1928/1928
f 1809/1809 1810/1810 1928/1928
f 1929/1929 1811/1811 1930/1930
f 1811/1811 1812/1812 1930/1930
f 1812/1812 1813/1813 1930/1930
f 1930/1930 1813/1813 1931/1931
f 1813/1813 1814/1814 1931/1931
f 1931/1931 1814/1814 1932/1932
f 1814/1814 1815/1815 1932/1932
f 1932/1932 1815/1815 1933/1933
f 1815/1815 1816/1816 1933/1933
f 1933/1933 1816/1816 1935/1935
f 1935/1935 1816/1816 1937/1937
f 1816/1816 1817/1817 1937/1937
f 1937/1937 1817/1817 1939/1939
f 1817/1817 1818/1818 1939/1939
f 1941/1941 1939/1939 1943/1943
f 1939/1939 1818/1818 1943/1943
f 1943/1943 1818/1818 1944/1944
f 1818/1818 1819/1819 1944/1944
f 1944/1944 1819/1819 1945/1945
f 1819/1819 1820/1820 1945/1945
f 1820/1820 1821/1821 1945/1945
f 1945/1945 1821/1821 1946/1946
f 1946/1946 1821/1821 1947/1947
f 1821/1821 1822/1822 1947/1947
f 1822/1822 1823/1823 1947/1947
f 1947/1947 1823/1823 1948/1948
f 1823/1823 1824/1824 1948/1948
f 1824/1824 1825/1825 1948/1948
f 1948/1948 1825/1825 1949/1949
f 1949/1949 1825/1825 1950/1950
f 1950/1950 1825/1825 1951/1951
f 1825/1825 1826/1826 1951/1951
f 1952/1952 1827/1827 1953/1953
f 1827/1827 1828/1828 1953/1953
f 1953/1953 1828/1828 1954/1954
f 1828/1828 1829/1829 1954/1954
f 1954/1954 1829/1829 1955/1955
f 1829/1829 1830/1830 1955/1955
f 1955/1955 1830/1830 1956/1956
f 1830/1830 1831/1831 1956/1956
f 1956/1956 1831/1831 1957/1957
f 1831/1831 1832/1832 1957/1957
f 1957/1957 1832/1832 1958/1958
f 1832/1832 1833/1833 1958/1958
f 1833/1833 1834/1834 1958/1958
f 1834/1834 1835/1835 1958/1958
f 1958/1958 1835/1835 1959/1959
f 1959/1959 1835/1835 1960/1960
f 1835/1835 1836/1836 1960/1960
f 1960/1960 1836/1836 1961/1961
f 1836/1836 1837/1837 1961/1961
f 1961/1961 1837/1837 1962/1962
f 1837/1837 1838/1838 1962/1962
f 1962/1962 1838/1838 1963/1963
f 1838/1838 1839/1839 1963/1963
f 1963/1963 1839/1839 1964/1964
f 1839/1839 1840/1840 1964/1964
f 1964/1964 1840/1840 1965/1965
f 1840/1840 1841/1841 1965/1965
f 1965/1965 1841/1841 1966/1966
f 1842/1842 1843/1843 1967/1967
f 1967/1967 1843/1843 1968/1968
f 1843/1843 1844/1844 1968/1968
f 1968/1968 1844/1844 1969/1969
f 1844/1844 1845/1845 1969/1969
f 1845/1845 1846/1846 1969/1969
f 1969/1969 1846/1846 1970/1970
f 1970/1970 1846/1846 1971/1971
f 1846/1846 1847/1847 1971/1971
f 1971/1971 1847/1847 1972/1972
f 1847/1847 1848/1848 1972/1972
f 1972/1972 1848/1848 1973/1973
f 1848/1848 1849/1849 1973/1973
f 1973/1973 1849/1849 1974/1974
f 1850/1850 1851/1851 1975/1975
f 1975/1975 1851/1851 1977/1977
f 1851/1851 1852/1852 1977/1977
f 1977/1977 1852/1852 1978/1978
f 1852/1852 1853/1853 1978/1978
f 1978/1978 1853/1853 1979/1979
f 1853/1853 1854/1854 1979/1979
f 1979/1979 1854/1854 1980/1980
f 1854/1854 1855/1855 1980/1980
f 1980/1980 1855/1855 1981/1981
f 1855/1855 1856/1856 1981/1981
f 1981/1981 1856/1856 1982/1982
f 1856/1856 1857/1857 1982/1982
f 1982/1982 1857/1857 1983/1983
f 1983/1983 1857/1857 1985/1985
f 1857/1857 1858/1858 1985/1985
f 1858/1858 1860/1860 1985/1985
f 1861/1861 1863/1863 1984/1984
f 1985/1985 1862/1862 1987/1987
f 1863/1863 1865/1865 1986/1986
f 1988/1988 1864/1864 1990/1990
f 1865/1865 1867/1867 1989/1989
f 1992/1992 1866/1866 1994/1994
f 1867/1867 1869/1869 1993/1993
f 1994/1994 1868/1868 1995/1995
f 1996/1996 1869/1869 1998/1998
f 1869/1869 1870/1870 1998/1998
f 1870/1870 1871/1871 1998/1998
f 1998/1998 1871/1871 2000/2000
f 2000/2000 1871/1871 2001/2001
f 1871/1871 1872/1872 2001/2001
f 1872/1872 1873/1873 2001/2001
f 2001/2001 1873/1873 2002/2002
f 1873/1873 1874/1874 2002/2002
f 2002/2002 1874/1874 2003/2003
f 2003/2003 1874/1874 2004/2004
f 1874/1874 1875/1875 2004/2004
f 2005/2005 1876/1876 2006/2006
f 1876/1876 1877/1877 2006/2006
f 2006/2006 1877/1877 2007/2007
f 1877/1877 1878/1878 2007/2007
f 2007/2007 1878/1878 2008/2008
f 1878/1878 1879/1879 2008/2008
f 2008/2008 1879/1879 2009/2009
f 1879/1879 1880/1880 2009/2009
f 2009/2009 1880/1880 2010/2010
f 1880/1880 1882/1882 2010/2010
f 2012/2012 1881/1881 2014/2014
f 1881/1881 1884/1884 2014/2014
f 1884/1884 1885/1885 2014/2014
f 2014/2014 1885/1885 2016/2016
f 1885/1885 1886/1886 2016/2016
f 2016/2016 1886/1886 2018/2018
f 1886/1886 1887/1887 2018/2018
f 2018/2018 1887/1887 2019/2019
f 1887/1887 1889/1889 2019/2019
f 2020/2020 1888/1888 2021/2021
f 1888/1888 1890/1890 2021/2021
f 2021/2021 1890/1890 2022/2022
f 1890/1890 1892/1892 2022/2022
f 2022/2022 1892/1892 2023/2023
f 1892/1892 1894/1894 2023/2023
f 2023/2023 1894/1894 2025/2025
f 1895/1895 1897/1897 2024/2024
f 2025/2025 1896/1896 2027/2027
f 1897/1897 1899/1899 2026/2026
f 2027/2027 1898/1898 2028/2028
f 1899/1899 1900/1900 2029/2029
f 2029/2029 1900/1900 2031/2031
f 1900/1900 1901/1901 2031/2031
f 2031/2031 1901/1901 2033/2033
f 1901/1901 1902/1902 2033/2033
f 2033/2033 1902/1902 2034/2034
f 1902/1902 1903/1903 2034/2034
f 2034/2034 1903/1903 2035/2035
f 1903/1903 1904/1904 2035/2035
f 2035/2035 1904/1904 2036/2036
f 1905/1905 1906/1906 2037/2037
f 2037/2037 1906/1906 2038/2038
f 2038/2038 1906/1906 2039/2039
f 1906/1906 1907/1907 2039/2039
f 2039/2039 1907/1907 2040/2040
f 1907/1907 1908/1908 2040/2040
f 1908/1908 1909/1909 2040/2040
f 2041/2041 1910/1910 2042/2042
f 1910/1910 1911/1911 2042/2042
f 2042/2042 1911/1911 2043/2043
f 1911/1911 1912/1912 2043/2043
f 2043/2043 1912/1912 2044/2044
f 1912/1912 1913/1913 2044/2044
f 2044/2044 1913/1913 2045/2045
f 1913/1913 1914/1914 2045/2045
f 2045/2045 1914/1914 2046/2046
f 1914/1914 1915/1915 2046/2046
f 1915/1915 1916/1916 2046/2046
f 2046/2046 1916/1916 2047/2047
f 1916/1916 1918/1918 2047/2047
f 2048/2048 1919/1919 2050/2050
f 1919/1919 1920/1920 2050/2050
f 2050/2050 1920/1920 2051/2051
f 1920/1920 1921/1921 2051/2051
f 2051/2051 1921/1921 2052/2052
f 1921/1921 1922/1922 2052/2052
f 2052/2052 1922/1922 2053/2053
f 1922/1922 1923/1923 2053/2053
f 2053/2053 1923/1923 2054/2054
f 1923/1923 1924/1924 2054/2054
f 2054/2054 1924/1924 2055/2055
f 2055/2055 1924/1924 2056/2056
f 1924/1924 1925/1925 2056/2056
f 2056/2056 1925/1925 2058/2058
f 1925/1925 1927/1927 2058/2058
f 2058/2058 1927/1927 2059/2059
f 1926/1926 1929/1929 2060/2060
f 2060/2060 1929/1929 2061/2061
f 1929/1929 1930/1930 2061/2061
f 1930/1930 1931/1931 2061/2061
f 2061/2061 1931/1931 2062/2062
f 1931/1931 1932/1932 2062/2062
f 2062/2062 1932/1932 2063/2063
f 1932/1932 1933/1933 2063/2063
f 2063/2063 1933/1933 2064/2064
f 1933/1933 1935/1935 2064/2064
f 2065/2065 1934/1934 2066/2066
f 2066/2066 1934/1934 2067/2067
f 1934/1934 1936/1936 2067/2067
f 2067/2067 1936/1936 2069/2069
f 1937/1937 1939/1939 2068/2068
f 1938/1938 1940/1940 2069/2069
f 2069/2069 1940/1940 2070/2070
f 2070/2070 1940/1940 2071/2071
f 2071/2071 1940/1940 2072/2072
f 1940/1940 1942/1942 2072/2072
f 2073/2073 1943/1943 2074/2074
f 1943/1943 1944/1944 2074/2074
f 2074/2074 1944/1944 2075/2075
f 1944/1944 1945/1945 2075/2075
f 1945/1945 1946/1946 2075/2075
f 2075/2075 1946/1946 2076/2076
f 2076/2076 1946/1946 2077/2077
f 1946/1946 1947/1947 2077/2077
f 1947/1947 1948/1948 2077/2077
f 2077/2077 1948/1948 2078/2078
f 1948/1948 1949/1949 2078/2078
f 2078/2078 1949/1949 2079/2079
f 1949/1949 1950/1950 2079/2079
f 2079/2079 1950/1950 2080/2080
f 1950/1950 1951/1951 2080/2080
f 2081/2081 1952/1952 2082/2082
f 1952/1952 1953/1953 2082/2082
f 2082/2082 1953/1953 2083/2083
f 1953/1953 1954/1954 2083/2083
f 2083/2083 1954/1954 2084/2084
f 1954/1954 1955/1955 2084/2084
f 2084/2084 1955/1955 2085/2085
f 1955/1955 1956/1956 2085/2085
f 2085/2085 1956/1956 2086/2086
f 1956/1956 1957/1957 2086/2086
f 2086/2086 1957/1957 2087/2087
f 1957/1957 1958/1958 2087/2087
f 1958/1958 1959/1959 2087/2087
f 2087/2087 1959/1959 2088/2088
f 1959/1959 1960/1960 2088/2088
f 2088/2088 1960/1960 2089/2089
f 1960/1960 1961/1961 2089/2089
f 2089/2089 1961/1961 2090/2090
f 1961/1961 1962/1962 2090/2090
f 2090/2090 1962/1962 2091/2091
f 1962/1962 1963/1963 2091/2091
f 2091/2091 1963/1963 2092/2092
f 1963/1963 1964/1964 2092/2092
f 2092/2092 1964/1964 2093/2093
f 1964/1964 1965/1965 2093/2093
f 2093/2093 1965/1965 2094/2094
f 1965/1965 1966/1966 2094/2094
f 2094/2094 1966/1966 2095/2095
f 1967/1967 1968/1968 2096/2096
f 2096/2096 1968/1968 2098/2098
f 1968/1968 1969/1969 2098/2098
f 1969/1969 1970/1970 2098/2098
f 2098/2098 1970/1970 2100/2100
f 2102/2102 2100/2100 2103/2103
f 2100/2100 1970/1970 2103/2103
f 1970/1970 1971/1971 2103/2103
f 2103/2103 1971/1971 2104/2104
f 1971/1971 1972/1972 2104/2104
f 2104/2104 1972/1972 2105/2105
f 1972/1972 1973/1973 2105/2105
f 2105/2105 1973/1973 2106/2106
f 1973/1973 1974/1974 2106/2106
f 2106/2106 1974/1974 2107/2107
f 1974/1974 1976/1976 2107/2107
f 2108/2108 1977/1977 2110/2110
f 1977/1977 1978/1978 2110/2110
f 2110/2110 1978/1978 2111/2111
f 1978/1978 1979/1979 2111/2111
f 2111/2111 1979/1979 2112/2112
f 1979/1979 1980/1980 2112/2112
f 2112/2112 1980/1980 2113/2113
f 1980/1980 1981/1981 2113/2113
f 2113/2113 1981/1981 2115/2115
f 1981/1981 1982/1982 2115/2115
f 2115/2115 1982/1982 2117/2117
f 1982/1982 1983/1983 2117/2117
f 2117/2117 1983/1983 2118/2118
f 1983/1983 1985/1985 2118/2118
f 1985/1985 1987/1987 2118/2118
f 1987/1987 1991/1991 2118/2118
f 2119/2119 1992/1992 2120/2120
f 1992/1992 1994/1994 2120/2120
f 2120/2120 1994/1994 2121/2121
f 1994/1994 1995/1995 2121/2121
f 2121/2121 1995/1995 2122/2122
f 2122/2122 1995/1995 2124/2124
f 1995/1995 1997/1997 2124/2124
f 1998/1998 2000/2000 2123/2123
f 2124/2124 1999/1999 2125/2125
f 2126/2126 2000/2000 2128/2128
f 2000/2000 2001/2001 2128/2128
f 2001/2001 2002/2002 2128/2128
f 2128/2128 2002/2002 2130/2130
f 2002/2002 2003/2003 2130/2130
f 2130/2130 2003/2003 2132/2132
f 2132/2132 2003/2003 2133/2133
f 2003/2003 2004/2004 2133/2133
f 2133/2133 2004/2004 2134/2134
f 2005/2005 2006/2006 2135/2135
f 2135/2135 2006/2006 2136/2136
f 2006/2006 2007/2007 2136/2136
f 2136/2136 2007/2007 2137/2137
f 2007/2007 2008/2008 2137/2137
f 2137/2137 2008/2008 2138/2138
f 2008/2008 2009/2009 2138/2138
f 2138/2138 2009/2009 2139/2139
f 2009/2009 2010/2010 2139/2139
f 2140/2140 2011/2011 2142/2142
f 2011/2011 2013/2013 2142/2142
f 2014/2014 2016/2016 2141/2141
f 2142/2142 2015/2015 2143/2143
f 2015/2015 2017/2017 2143/2143
f 2143/2143 2017/2017 2144/2144
f 2017/2017 2020/2020 2144/2144
f 2144/2144 2020/2020 2145/2145
f 2020/2020 2021/2021 2145/2145
f 2145/2145 2021/2021 2146/2146
f 2021/2021 2022/2022 2146/2146
f 2146/2146 2022/2022 2147/2147
f 2022/2022 2023/2023 2147/2147
f 2147/2147 2023/2023 2148/2148
f 2023/2023 2025/2025 2148/2148
f 2148/2148 2025/2025 2149/2149
f 2025/2025 2027/2027 2149/2149
f 2149/2149 2027/2027 2150/2150
f 2027/2027 2028/2028 2150/2150
f 2150/2150 2028/2028 2151/2151
f 2028/2028 2030/2030 2151/2151
f 2151/2151 2030/2030 2152/2152
f 2030/2030 2032/2032 2152/2152
f 2152/2152 2032/2032 2153/2153
f 2033/2033 2034/2034 2154/2154
f 2154/2154 2034/2034 2156/2156
f 2034/2034 2035/2035 2156/2156
f 2156/2156 2035/2035 2157/2157
f 2035/2035 2036/2036 2157/2157
f 2160/2160 2037/2037 2162/2162
f 2037/2037 2038/2038 2162/2162
f 2162/2162 2038/2038 2164/2164
f 2038/2038 2039/2039 2164/2164
f 2164/2164 2039/2039 2165/2165
f 2039/2039 2040/2040 2165/2165
f 2041/2041 2042/2042 2166/2166
f 2166/2166 2042/2042 2167/2167
f 2042/2042 2043/2043 2167/2167
f 2167/2167 2043/2043 2168/2168
f 2043/2043 2044/2044 2168/2168
f 2168/2168 2044/2044 2169/2169
f 2044/2044 2045/2045 2169/2169
f 2169/2169 2045/2045 2170/2170
f 2045/2045 2046/2046 2170/2170
f 2170/2170 2046/2046 2171/2171
f 2046/2046 2047/2047 2171/2171
f 2047/2047 2049/2049 2171/2171
f 2172/2172 2050/2050 2174/2174
f 2050/2050 2051/2051 2174/2174
f 2174/2174 2051/2051 2175/2175
f 2051/2051 2052/2052 2175/2175
f 2175/2175 2052/2052 2176/2176
f 2052/2052 2053/2053 2176/2176
f 2176/2176 2053/2053 2177/2177
f 2053/2053 2054/2054 2177/2177
f 2177/2177 2054/2054 2178/2178
f 2054/2054 2055/2055 2178/2178
f 2178/2178 2055/2055 2179/2179
f 2179/2179 2055/2055 2180/2180
f 2055/2055 2056/2056 2180/2180
f 2180/2180 2056/2056 2181/2181
f 2056/2056 2058/2058 2181/2181
f 2182/2182 2057/2057 2183/2183
f 2057/2057 2060/2060 2183/2183
f 2183/2183 2060/2060 2184/2184
f 2060/2060 2061/2061 2184/2184
f 2061/2061 2062/2062 2184/2184
f 2184/2184 2062/2062 2185/2185
f 2062/2062 2063/2063 2185/2185
f 2185/2185 2063/2063 2186/2186
f 2063/2063 2064/2064 2186/2186
f 2187/2187 2065/2065 2188/2188
f 2065/2065 2066/2066 2188/2188
f 2188/2188 2066/2066 2189/2189
f 2189/2189 2066/2066 2190/2190
f 2066/2066 2067/2067 2190/2190
f 2190/2190 2067/2067 2191/2191
f 2067/2067 2069/2069 2191/2191
f 2069/2069 2070/2070 2191/2191
f 2191/2191 2070/2070 2192/2192
f 2192/2192 2070/2070 2193/2193
f 2070/2070 2071/2071 2193/2193
f 2193/2193 2071/2071 2194/2194
f 2194/2194 2071/2071 2196/2196
f 2071/2071 2072/2072 2196/2196
f 2196/2196 2072/2072 2197/2197
f 2073/2073 2074/2074 2198/2198
f 2198/2198 2074/2074 2199/2199
f 2074/2074 2075/2075 2199/2199
f 2075/2075 2076/2076 2199/2199
f 2199/2199 2076/2076 2200/2200
f 2076/2076 2077/2077 2200/2200
f 2077/2077 2078/2078 2200/2200
f 2200/2200 2078/2078 2201/2201
f 2078/2078 2079/2079 2201/2201
f 2079/2079 2080/2080 2201/2201
f 2201/2201 2080/2080 2202/2202
f 2203/2203 2081/2081 2204/2204
f 2081/2081 2082/2082 2204/2204
f 2204/2204 2082/2082 2205/2205
f 2082/2082 2083/2083 2205/2205
f 2205/2205 2083/2083 2206/2206
f 2083/2083 2084/2084 2206/2206
f 2206/2206 2084/2084 2207/2207
f 2084/2084 2085/2085 2207/2207
f 2207/2207 2085/2085 2208/2208
f 2085/2085 2086/2086 2208/2208
f 2208/2208 2086/2086 2209/2209
f 2086/2086 2087/2087 2209/2209
f 2087/2087 2088/2088 2209/2209
f 2088/2088 2089/2089 2209/2209
f 2209/2209 2089/2089 2210/2210
f 2089/2089 2090/2090 2210/2210
f 2210/2210 2090/2090 2211/2211
f 2090/2090 2091/2091 2211/2211
f 2211/2211 2091/2091 2212/2212
f 2091/2091 2092/2092 2212/2212
f 2212/2212 2092/2092 2213/2213
f 2092/2092 2093/2093 2213/2213
f 2213/2213 2093/2093 2214/2214
f 2093/2093 2094/2094 2214/2214
f 2214/2214 2094/2094 2215/2215
f 2094/2094 2095/2095 2215/2215
f 2215/2215 2095/2095 2217/2217
f 2095/2095 2097/2097 2217/2217
f 2098/2098 2100/2100 2216/2216
f 2217/2217 2099/2099 2218/2218
f 2099/2099 2101/2101 2218/2218
f 2218/2218 2101/2101 2220/2220
f 2220/2220 2101/2101 2221/2221
f 2223/2223 2222/2222 2225/2225
f 2221/2221 2101/2101 2224/2224
f 2102/2102 2103/2103 2226/2226
f 2226/2226 2103/2103 2228/2228
f 2103/2103 2104/2104 2228/2228
f 2228/2228 2104/2104 2230/2230
f 2104/2104 2105/2105 2230/2230
f 2230/2230 2105/2105 2232/2232
f 2105/2105 2106/2106 2232/2232
f 2232/2232 2106/2106 2234/2234
f 2106/2106 2107/2107 2234/2234
f 2107/2107 2109/2109 2234/2234
f 2234/2234 2109/2109 2235/2235
f 2110/2110 2111/2111 2237/2237
f 2237/2237 2111/2111 2240/2240
f 2111/2111 2112/2112 2240/2240
f 2240/2240 2112/2112 2242/2242
f 2112/2112 2113/2113 2242/2242
f 2242/2242 2113/2113 2243/2243
f 2113/2113 2115/2115 2243/2243
f 2244/2244 2114/2114 2246/2246
f 2115/2115 2117/2117 2245/2245
f 2246/2246 2116/2116 2248/2248
f 2117/2117 2118/2118 2247/2247
f 2119/2119 2120/2120 2248/2248
f 2248/2248 2120/2120 2249/2249
f 2120/2120 2121/2121 2249/2249
f 2121/2121 2122/2122 2249/2249
f 2249/2249 2122/2122 2250/2250
f 2250/2250 2122/2122 2251/2251
f 2122/2122 2124/2124 2251/2251
f 2124/2124 2125/2125 2251/2251
f 2251/2251 2125/2125 2252/2252
f 2252/2252 2125/2125 2253/2253
f 2125/2125 2127/2127 2253/2253
f 2127/2127 2129/2129 2253/2253
f 2253/2253 2129/2129 2254/2254
f 2129/2129 2131/2131 2254/2254
f 2254/2254 2131/2131 2255/2255
f 2255/2255 2131/2131 2256/2256
f 2132/2132 2133/2133 2257/2257
f 2257/2257 2133/2133 2258/2258
f 2133/2133 2134/2134 2258/2258
f 2259/2259 2135/2135 2260/2260
f 2135/2135 2136/2136 2260/2260
f 2260/2260 2136/2136 2261/2261
f 2136/2136 2137/2137 2261/2261
f 2261/2261 2137/2137 2262/2262
f 2137/2137 2138/2138 2262/2262
f 2262/2262 2138/2138 2263/2263
f 2138/2138 2139/2139 2263/2263
f 2264/2264 2140/2140 2265/2265
f 2140/2140 2142/2142 2265/2265
f 2142/2142 2143/2143 2265/2265
f 2265/2265 2143/2143 2266/2266
f 2143/2143 2144/2144 2266/2266
f 2266/2266 2144/2144 2267/2267
f 2144/2144 2145/2145 2267/2267
f 2267/2267 2145/2145 2268/2268
f 2145/2145 2146/2146 2268/2268
f 2268/2268 2146/2146 2269/2269
f 2146/2146 2147/2147 2269/2269
f 2269/2269 2147/2147 2270/2270
f 2147/2147 2148/2148 2270/2270
f 2270/2270 2148/2148 2271/2271
f 2148/2148 2149/2149 2271/2271
f 2271/2271 2149/2149 2272/2272
f 2149/2149 2150/2150 2272/2272
f 2272/2272 2150/2150 2273/2273
f 2150/2150 2151/2151 2273/2273
f 2273/2273 2151/2151 2274/2274
f 2151/2151 2152/2152 2274/2274
f 2274/2274 2152/2152 2275/2275
f 2152/2152 2153/2153 2275/2275
f 2275/2275 2153/2153 2276/2276
f 2153/2153 2155/2155 2276/2276
f 2276/2276 2155/2155 2277/2277
f 2155/2155 2158/2158 2277/2277
f 2277/2277 2158/2158 2279/2279
f 2159/2159 2161/2161 2278/2278
f 2281/2281 2162/2162 2282/2282
f 2162/2162 2164/2164 2282/2282
f 2283/2283 2163/2163 2284/2284
f 2163/2163 2166/2166 2284/2284
f 2166/2166 2167/2167 2284/2284
f 2284/2284 2167/2167 2285/2285
f 2167/2167 2168/2168 2285/2285
f 2285/2285 2168/2168 2286/2286
f 2168/2168 2169/2169 2286/2286
f 2286/2286 2169/2169 2287/2287
f 2169/2169 2170/2170 2287/2287
f 2287/2287 2170/2170 2288/2288
f 2170/2170 2171/2171 2288/2288
f 2171/2171 2173/2173 2288/2288
f 2290/2290 2174/2174 2292/2292
f 2174/2174 2175/2175 2292/2292
f 2292/2292 2175/2175 2294/2294
f 2175/2175 2176/2176 2294/2294
f 2294/2294 2176/2176 2296/2296
f 2176/2176 2177/2177 2296/2296
f 2296/2296 2177/2177 2298/2298
f 2177/2177 2178/2178 2298/2298
f 2298/2298 2178/2178 2300/2300
f 2178/2178 2179/2179 2300/2300
f 2300/2300 2179/2179 2302/2302
f 2302/2302 2179/2179 2305/2305
f 2179/2179 2180/2180 2305/2305
f 2305/2305 2180/2180 2306/2306
f 2180/2180 2181/2181 2306/2306
f 2308/2308 2182/2182 2310/2310
f 2182/2182 2183/2183 2310/2310
f 2310/2310 2183/2183 2312/2312
f 2183/2183 2184/2184 2312/2312
f 2184/2184 2185/2185 2312/2312
f 2312/2312 2185/2185 2313/2313
f 2185/2185 2186/2186 2313/2313
f 2314/2314 2187/2187 2315/2315
f 2187/2187 2188/2188 2315/2315
f 2315/2315 2188/2188 2316/2316
f 2188/2188 2189/2189 2316/2316
f 2316/2316 2189/2189 2317/2317
f 2317/2317 2189/2189 2318/2318
f 2189/2189 2190/2190 2318/2318
f 2318/2318 2190/2190 2319/2319
f 2190/2190 2191/2191 2319/2319
f 2191/2191 2192/2192 2319/2319
f 2319/2319 2192/2192 2320/2320
f 2320/2320 2192/2192 2321/2321
f 2192/2192 2193/2193 2321/2321
f 2321/2321 2193/2193 2322/2322
f 2193/2193 2194/2194 2322/2322
f 2322/2322 2194/2194 2323/2323
f 2323/2323 2194/2194 2325/2325
f 2194/2194 2196/2196 2325/2325
f 2325/2325 2196/2196 2326/2326
f 2195/2195 2198/2198 2327/2327
f 2327/2327 2198/2198 2328/2328
f 2198/2198 2199/2199 2328/2328
f 2199/2199 2200/2200 2328/2328
f 2200/2200 2201/2201 2328/2328
f 2328/2328 2201/2201 2329/2329
f 2329/2329 2201/2201 2330/2330
f 2201/2201 2202/2202 2330/2330
f 2203/2203 2204/2204 2331/2331
f 2331/2331 2204/2204 2332/2332
f 2334/2334 2332/2332 2336/2336
f 2332/2332 2204/2204 2336/2336
f 2204/2204 2205/2205 2336/2336
f 2205/2205 2337/2337 2336/2336
f 2336/2336 2337/2337 2338/2338
f 2337/2337 2205/2205 2338/2338
f 2205/2205 2206/2206 2338/2338
f 2338/2338 2206/2206 2339/2339
f 2206/2206 2207/2207 2339/2339
f 2339/2339 2207/2207 2340/2340
f 2207/2207 2208/2208 2340/2340
f 2208/2208 2209/2209 2340/2340
f 2340/2340 2209/2209 2341/2341
f 2341/2341 2209/2209 2342/2342
f 2342/2342 2209/2209 2343/2343
f 2209/2209 2210/2210 2343/2343
f 2343/2343 2210/2210 2344/2344
f 2210/2210 2211/2211 2344/2344
f 2344/2344 2211/2211 2345/2345
f 2211/2211 2212/2212 2345/2345
f 2345/2345 2212/2212 2346/2346
f 2212/2212 2213/2213 2346/2346
f 2346/2346 2213/2213 2347/2347
f 2213/2213 2214/2214 2347/2347
f 2347/2347 2214/2214 2348/2348
f 2214/2214 2215/2215 2348/2348
f 2348/2348 2215/2215 2349/2349
f 2215/2215 2217/2217 2349/2349
f 2217/2217 2218/2218 2349/2349
f 2349/2349 2218/2218 2350/2350
f 2218/2218 2220/2220 2350/2350
f 2351/2351 2219/2219 2352/2352
f 2352/2352 2219/2219 2353/2353
f 2219/2219 2222/2222 2353/2353
f 2353/2353 2222/2222 2354/2354
f 2222/2222 2223/2223 2354/2354
f 2354/2354 2223/2223 2355/2355
f 2355/2355 2223/2223 2356/2356
f 2356/2356 2223/2223 2358/2358
f 2223/2223 2225/2225 2358/2358
f 2226/2226 2228/2228 2357/2357
f 2358/2358 2227/2227 2360/2360
f 2228/2228 2230/2230 2359/2359
f 2360/2360 2229/2229 2361/2361
f 2229/2229 2231/2231 2361/2361
f 2361/2361 2231/2231 2362/2362
f 2231/2231 2233/2233 2362/2362
f 2233/2233 2236/2236 2362/2362
f 2362/2362 2236/2236 2363/2363
f 2236/2236 2238/2238 2363/2363
f 2364/2364 2239/2239 2365/2365
f 2239/2239 2241/2241 2365/2365
f 2365/2365 2241/2241 2366/2366
f 2241/2241 2244/2244 2366/2366
f 2366/2366 2244/2244 2367/2367
f 2244/2244 2246/2246 2367/2367
f 2367/2367 2246/2246 2368/2368
f 2246/2246 2248/2248 2368/2368
f 2248/2248 2249/2249 2368/2368
f 2368/2368 2249/2249 2369/2369
f 2249/2249 2250/2250 2369/2369
f 2369/2369 2250/2250 2370/2370
f 2370/2370 2250/2250 2371/2371
f 2250/2250 2251/2251 2371/2371
f 2251/2251 2252/2252 2371/2371
f 2371/2371 2252/2252 2372/2372
f 2372/2372 2252/2252 2373/2373
f 2252/2252 2253/2253 2373/2373
f 2253/2253 2254/2254 2373/2373
f 2373/2373 2254/2254 2374/2374
f 2254/2254 2255/2255 2374/2374
f 2374/2374 2255/2255 2375/2375
f 2375/2375 2255/2255 2376/2376
f 2255/2255 2256/2256 2376/2376
f 2376/2376 2256/2256 2377/2377
f 2257/2257 2258/2258 2378/2378
f 2378/2378 2258/2258 2379/2379
f 2259/2259 2260/2260 2380/2380
f 2380/2380 2260/2260 2381/2381
f 2260/2260 2261/2261 2381/2381
f 2381/2381 2261/2261 2383/2383
f 2261/2261 2262/2262 2383/2383
f 2383/2383 2262/2262 2384/2384
f 2262/2262 2263/2263 2384/2384
f 2385/2385 2264/2264 2386/2386
f 2264/2264 2265/2265 2386/2386
f 2265/2265 2266/2266 2386/2386
f 2386/2386 2266/2266 2387/2387
f 2266/2266 2267/2267 2387/2387
f 2387/2387 2267/2267 2388/2388
f 2267/2267 2268/2268 2388/2388
f 2388/2388 2268/2268 2389/2389
f 2268/2268 2269/2269 2389/2389
f 2389/2389 2269/2269 2390/2390
f 2269/2269 2270/2270 2390/2390
f 2390/2390 2270/2270 2391/2391
f 2270/2270 2271/2271 2391/2391
f 2391/2391 2271/2271 2392/2392
f 2271/2271 2272/2272 2392/2392
f 2392/2392 2272/2272 2393/2393
f 2272/2272 2273/2273 2393/2393
f 2393/2393 2273/2273 2394/2394
f 2273/2273 2274/2274 2394/2394
f 2394/2394 2274/2274 2395/2395
f 2274/2274 2275/2275 2395/2395
f 2395/2395 2275/2275 2396/2396
f 2275/2275 2276/2276 2396/2396
f 2396/2396 2276/2276 2397/2397
f 2276/2276 2277/2277 2397/2397
f 2397/2397 2277/2277 2398/2398
f 2277/2277 2279/2279 2398/2398
f 2398/2398 2279/2279 2399/2399
f 2280/2280 2283/2283 2400/2400
f 2400/2400 2283/2283 2401/2401
f 2283/2283 2284/2284 2401/2401
f 2284/2284 2285/2285 2401/2401
f 2401/2401 2285/2285 2402/2402
f 2285/2285 2286/2286 2402/2402
f 2402/2402 2286/2286 2403/2403
f 2286/2286 2287/2287 2403/2403
f 2403/2403 2287/2287 2405/2405
f 2287/2287 2288/2288 2405/2405
f 2405/2405 2288/2288 2406/2406
f 2289/2289 2291/2291 2407/2407
f 2291/2291 2293/2293 2407/2407
f 2407/2407 2293/2293 2408/2408
f 2293/2293 2295/2295 2408/2408
f 2408/2408 2295/2295 2409/2409
f 2295/2295 2297/2297 2409/2409
f 2409/2409 2297/2297 2410/2410
f 2297/2297 2299/2299 2410/2410
f 2410/2410 2299/2299 2411/2411
f 2299/2299 2301/2301 2411/2411
f 2411/2411 2301/2301 2412/2412
f 2412/2412 2301/2301 2413/2413
f 2301/2301 2303/2303 2413/2413
f 2414/2414 2304/2304 2415/2415
f 2304/2304 2307/2307 2415/2415
f 2415/2415 2307/2307 2416/2416
f 2307/2307 2309/2309 2416/2416
f 2416/2416 2309/2309 2418/2418
f 2310/2310 2312/2312 2417/2417
f 2311/2311 2314/2314 2418/2418
f 2418/2418 2314/2314 2419/2419
f 2314/2314 2315/2315 2419/2419
f 2419/2419 2315/2315 2420/2420
f 2315/2315 2316/2316 2420/2420
f 2420/2420 2316/2316 2421/2421
f 2316/2316 2317/2317 2421/2421
f 2421/2421 2317/2317 2422/2422
f 2422/2422 2317/2317 2423/2423
f 2317/2317 2318/2318 2423/2423
f 2423/2423 2318/2318 2424/2424
f 2318/2318 2319/2319 2424/2424
f 2319/2319 2320/2320 2424/2424
f 2424/2424 2320/2320 2425/2425
f 2425/2425 2320/2320 2426/2426
f 2426/2426 2320/2320 2427/2427
f 2320/2320 2321/2321 2427/2427
f 2427/2427 2321/2321 2428/2428
f 2321/2321 2322/2322 2428/2428
f 2428/2428 2322/2322 2429/2429
f 2322/2322 2323/2323 2429/2429
f 2429/2429 2323/2323 2430/2430
f 2430/2430 2323/2323 2431/2431
f 2323/2323 2325/2325 2431/2431
f 2431/2431 2325/2325 2433/2433
f 2324/2324 2327/2327 2432/2432
f 2327/2327 2328/2328 2432/2432
f 2328/2328 2329/2329 2432/2432
f 2329/2329 2330/2330 2432/2432
f 2434/2434 2331/2331 2435/2435
f 2331/2331 2332/2332 2435/2435
f 2332/2332 2334/2334 2435/2435
f 2437/2437 2333/2333 2438/2438
f 2438/2438 2333/2333 2440/2440
f 2334/2334 2336/2336 2439/2439
f 2440/2440 2335/2335 2441/2441
f 2441/2441 2335/2335 2442/2442
f 2336/2336 2338/2338 2443/2443
f 2443/2443 2338/2338 2445/2445
f 2338/2338 2339/2339 2445/2445
f 2445/2445 2339/2339 2447/2447
f 2339/2339 2340/2340 2447/2447
f 2447/2447 2340/2340 2450/2450
f 2340/2340 2341/2341 2450/2450
f 2450/2450 2341/2341 2452/2452
f 2341/2341 2342/2342 2452/2452
f 2342/2342 2343/2343 2452/2452
f 2452/2452 2343/2343 2454/2454
f 2343/2343 2344/2344 2454/2454
f 2454/2454 2344/2344 2456/2456
f 2344/2344 2345/2345 2456/2456
f 2456/2456 2345/2345 2458/2458
f 2345/2345 2346/2346 2458/2458
f 2458/2458 2346/2346 2460/2460
f 2346/2346 2347/2347 2460/2460
f 2460/2460 2347/2347 2462/2462
f 2347/2347 2348/2348 2462/2462
f 2462/2462 2348/2348 2463/2463
f 2348/2348 2349/2349 2463/2463
f 2349/2349 2350/2350 2463/2463
f 2464/2464 2351/2351 2465/2465
f 2351/2351 2352/2352 2465/2465
f 2465/2465 2352/2352 2466/2466
f 2352/2352 2353/2353 2466/2466
f 2466/2466 2353/2353 2467/2467
f 2353/2353 2354/2354 2467/2467
f 2467/2467 2354/2354 2468/2468
f 2354/2354 2355/2355 2468/2468
f 2468/2468 2355/2355 2469/2469
f 2469/2469 2355/2355 2470/2470
f 2355/2355 2356/2356 2470/2470
f 2470/2470 2356/2356 2471/2471
f 2471/2471 2356/2356 2472/2472
f 2356/2356 2358/2358 2472/2472
f 2358/2358 2360/2360 2472/2472
f 2472/2472 2360/2360 2473/2473
f 2360/2360 2361/2361 2473/2473
f 2473/2473 2361/2361 2474/2474
f 2361/2361 2362/2362 2474/2474
f 2362/2362 2363/2363 2474/2474
f 2474/2474 2363/2363 2475/2475
f 2364/2364 2365/2365 2476/2476
f 2476/2476 2365/2365 2477/2477
f 2365/2365 2366/2366 2477/2477
f 2477/2477 2366/2366 2478/2478
f 2366/2366 2367/2367 2478/2478
f 2478/2478 2367/2367 2479/2479
f 2367/2367 2368/2368 2479/2479
f 2368/2368 2369/2369 2479/2479
f 2479/2479 2369/2369 2480/2480
f 2369/2369 2370/2370 2480/2480
f 2480/2480 2370/2370 2481/2481
f 2481/2481 2370/2370 2482/2482
f 2370/2370 2371/2371 2482/2482
f 2371/2371 2372/2372 2482/2482
f 2482/2482 2372/2372 2483/2483
f 2483/2483 2372/2372 2484/2484
f 2372/2372 2373/2373 2484/2484
f 2373/2373 2374/2374 2484/2484
f 2484/2484 2374/2374 2485/2485
f 2374/2374 2375/2375 2485/2485
f 2485/2485 2375/2375 2486/2486
f 2486/2486 2375/2375 2487/2487
f 2375/2375 2376/2376 2487/2487
f 2487/2487 2376/2376 2488/2488
f 2376/2376 2377/2377 2488/2488
f 2488/2488 2377/2377 2490/2490
f 2378/2378 2379/2379 2489/2489
f 2491/2491 2380/2380 2493/2493
f 2380/2380 2381/2381 2493/2493
f 2493/2493 2381/2381 2495/2495
f 2381/2381 2383/2383 2495/2495
f 2495/2495 2383/2383 2496/2496
f 2382/2382 2385/2385 2497/2497
f 2497/2497 2385/2385 2498/2498
f 2385/2385 2386/2386 2498/2498
f 2386/2386 2387/2387 2498/2498
f 2498/2498 2387/2387 2499/2499
f 2387/2387 2388/2388 2499/2499
f 2499/2499 2388/2388 2500/2500
f 2388/2388 2389/2389 2500/2500
f 2500/2500 2389/2389 2501/2501
f 2389/2389 2390/2390 2501/2501
f 2501/2501 2390/2390 2502/2502
f 2390/2390 2391/2391 2502/2502
f 2502/2502 2391/2391 2503/2503
f 2391/2391 2392/2392 2503/2503
f 2503/2503 2392/2392 2504/2504
f 2392/2392 2393/2393 2504/2504
f 2504/2504 2393/2393 2505/2505
f 2393/2393 2394/2394 2505/2505
f 2505/2505 2394/2394 2506/2506
f 2394/2394 2395/2395 2506/2506
f 2506/2506 2395/2395 2507/2507
f 2395/2395 2396/2396 2507/2507
f 2507/2507 2396/2396 2508/2508
f 2396/2396 2397/2397 2508/2508
f 2508/2508 2397/2397 2509/2509
f 2397/2397 2398/2398 2509/2509
f 2509/2509 2398/2398 2510/2510
f 2398/2398 2399/2399 2510/2510
f 2510/2510 2399/2399 2511/2511
f 2400/2400 2401/2401 2512/2512
f 2401/2401 2402/2402 2512/2512
f 2512/2512 2402/2402 2514/2514
f 2402/2402 2403/2403 2514/2514
f 2514/2514 2403/2403 2517/2517
f 2403/2403 2405/2405 2517/2517
f 2517/2517 2405/2405 2518/2518
f 2404/2404 2407/2407 2519/2519
f 2519/2519 2407/2407 2520/2520
f 2407/2407 2408/2408 2520/2520
f 2408/2408 2409/2409 2520/2520
f 2520/2520 2409/2409 2521/2521
f 2409/2409 2410/2410 2521/2521
f 2521/2521 2410/2410 2522/2522
f 2410/2410 2411/2411 2522/2522
f 2522/2522 2411/2411 2523/2523
f 2411/2411 2412/2412 2523/2523
f 2523/2523 2412/2412 2524/2524
f 2524/2524 2412/2412 2525/2525
f 2412/2412 2413/2413 2525/2525
f 2525/2525 2413/2413 2526/2526
f 2414/2414 2415/2415 2527/2527
f 2527/2527 2415/2415 2528/2528
f 2415/2415 2416/2416 2528/2528
f 2528/2528 2416/2416 2529/2529
f 2416/2416 2418/2418 2529/2529
f 2418/2418 2419/2419 2529/2529
f 2529/2529 2419/2419 2530/2530
f 2419/2419 2420/2420 2530/2530
f 2530/2530 2420/2420 2531/2531
f 2420/2420 2421/2421 2531/2531
f 2531/2531 2421/2421 2532/2532
f 2421/2421 2422/2422 2532/2532
f 2532/2532 2422/2422 2533/2533
f 2533/2533 2422/2422 2534/2534
f 2422/2422 2423/2423 2534/2534
f 2423/2423 2424/2424 2534/2534
f 2424/2424 2425/2425 2534/2534
f 2534/2534 2425/2425 2535/2535
f 2535/2535 2425/2425 2536/2536
f 2425/2425 2426/2426 2536/2536
f 2536/2536 2426/2426 2537/2537
f 2537/2537 2426/2426 2538/2538
f 2426/2426 2427/2427 2538/2538
f 2427/2427 2428/2428 2538/2538
f 2538/2538 2428/2428 2539/2539
f 2428/2428 2429/2429 2539/2539
f 2539/2539 2429/2429 2540/2540
f 2540/2540 2429/2429 2541/2541
f 2429/2429 2430/2430 2541/2541
f 2430/2430 2431/2431 2541/2541
f 2431/2431 2433/2433 2541/2541
f 2433/2433 2436/2436 2541/2541
f 2437/2437 2438/2438 2542/2542
f 2543/2543 2542/2542 2544/2544
f 2542/2542 2438/2438 2544/2544
f 2544/2544 2438/2438 2545/2545
f 2438/2438 2440/2440 2545/2545
f 2545/2545 2440/2440 2546/2546
f 2440/2440 2441/2441 2546/2546
f 2546/2546 2441/2441 2547/2547
f 2441/2441 2442/2442 2547/2547
f 2547/2547 2442/2442 2548/2548
f 2442/2442 2444/2444 2548/2548
f 2548/2548 2444/2444 2549/2549
f 2444/2444 2446/2446 2549/2549
f 2549/2549 2446/2446 2550/2550
f 2446/2446 2448/2448 2550/2550
f 2550/2550 2448/2448 2551/2551
f 2449/2449 2451/2451 2552/2552
f 2552/2552 2451/2451 2553/2553
f 2451/2451 2453/2453 2553/2553
f 2553/2553 2453/2453 2554/2554
f 2453/2453 2455/2455 2554/2554
f 2455/2455 2457/2457 2554/2554
f 2554/2554 2457/2457 2555/2555
f 2457/2457 2459/2459 2555/2555
f 2555/2555 2459/2459 2556/2556
f 2459/2459 2461/2461 2556/2556
f 2556/2556 2461/2461 2557/2557
f 2461/2461 2464/2464 2557/2557
f 2464/2464 2465/2465 2557/2557
f 2557/2557 2465/2465 2558/2558
f 2465/2465 2466/2466 2558/2558
f 2558/2558 2466/2466 2559/2559
f 2466/2466 2467/2467 2559/2559
f 2559/2559 2467/2467 2560/2560
f 2467/2467 2468/2468 2560/2560
f 2560/2560 2468/2468 2561/2561
f 2468/2468 2469/2469 2561/2561
f 2561/2561 2469/2469 2562/2562
f 2562/2562 2469/2469 2563/2563
f 2469/2469 2470/2470 2563/2563
f 2563/2563 2470/2470 2564/2564
f 2470/2470 2471/2471 2564/2564
f 2565/2565 2564/2564 2566/2566
f 2564/2564 2471/2471 2566/2566
f 2471/2471 2472/2472 2566/2566
f 2472/2472 2473/2473 2566/2566
f 2566/2566 2473/2473 2567/2567
f 2473/2473 2474/2474 2567/2567
f 2474/2474 2475/2475 2567/2567
f 2568/2568 2476/2476 2569/2569
f 2476/2476 2477/2477 2569/2569
f 2569/2569 2477/2477 2570/2570
f 2477/2477 2478/2478 2570/2570
f 2570/2570 2478/2478 2571/2571
f 2478/2478 2479/2479 2571/2571
f 2479/2479 2480/2480 2571/2571
f 2571/2571 2480/2480 2572/2572
f 2480/2480 2481/2481 2572/2572
f 2573/2573 2572/2572 2574/2574
f 2572/2572 2481/2481 2574/2574
f 2481/2481 2482/2482 2574/2574
f 2482/2482 2483/2483 2574/2574
f 2574/2574 2483/2483 2575/2575
f 2575/2575 2483/2483 2576/2576
f 2483/2483 2484/2484 2576/2576
f 2484/2484 2485/2485 2576/2576
f 2576/2576 2485/2485 2577/2577
f 2485/2485 2486/2486 2577/2577
f 2577/2577 2486/2486 2578/2578
f 2486/2486 2487/2487 2578/2578
f 2578/2578 2487/2487 2579/2579
f 2487/2487 2488/2488 2579/2579
f 2579/2579 2488/2488 2580/2580
f 2488/2488 2490/2490 2580/2580
f 2580/2580 2490/2490 2581/2581
f 2490/2490 2492/2492 2581/2581
f 2582/2582 2493/2493 2585/2585
f 2493/2493 2495/2495 2585/2585
f 2585/2585 2495/2495 2586/2586
f 2494/2494 2497/2497 2587/2587
f 2587/2587 2497/2497 2588/2588
f 2497/2497 2498/2498 2588/2588
f 2498/2498 2499/2499 2588/2588
f 2588/2588 2499/2499 2589/2589
f 2499/2499 2500/2500 2589/2589
f 2589/2589 2500/2500 2590/2590
f 2500/2500 2501/2501 2590/2590
f 2590/2590 2501/2501 2591/2591
f 2501/2501 2502/2502 2591/2591
f 2591/2591 2502/2502 2592/2592
f 2502/2502 2503/2503 2592/2592
f 2592/2592 2503/2503 2593/2593
f 2503/2503 2504/2504 2593/2593
f 2593/2593 2504/2504 2594/2594
f 2504/2504 2505/2505 2594/2594
f 2594/2594 2505/2505 2595/2595
f 2505/2505 2506/2506 2595/2595
f 2595/2595 2506/2506 2596/2596
f 2506/2506 2507/2507 2596/2596
f 2596/2596 2507/2507 2597/2597
f 2507/2507 2508/2508 2597/2597
f 2597/2597 2508/2508 2598/2598
f 2508/2508 2509/2509 2598/2598
f 2598/2598 2509/2509 2599/2599
f 2509/2509 2510/2510 2599/2599
f 2599/2599 2510/2510 2600/2600
f 2510/2510 2511/2511 2600/2600
f 2511/2511 2513/2513 2600/2600
f 2600/2600 2513/2513 2602/2602
f 2513/2513 2515/2515 2602/2602
f 2602/2602 2515/2515 2603/2603
f 2516/2516 2519/2519 2604/2604
f 2604/2604 2519/2519 2605/2605
f 2519/2519 2520/2520 2605/2605
f 2520/2520 2521/2521 2605/2605
f 2605/2605 2521/2521 2606/2606
f 2521/2521 2522/2522 2606/2606
f 2606/2606 2522/2522 2607/2607
f 2522/2522 2523/2523 2607/2607
f 2607/2607 2523/2523 2608/2608
f 2523/2523 2524/2524 2608/2608
f 2608/2608 2524/2524 2609/2609
f 2609/2609 2524/2524 2610/2610
f 2524/2524 2525/2525 2610/2610
f 2610/2610 2525/2525 2611/2611
f 2525/2525 2526/2526 2611/2611
f 2612/2612 2527/2527 2613/2613
f 2527/2527 2528/2528 2613/2613
f 2613/2613 2528/2528 2614/2614
f 2528/2528 2529/2529 2614/2614
f 2529/2529 2530/2530 2614/2614
f 2614/2614 2530/2530 2615/2615
f 2530/2530 2531/2531 2615/2615
f 2615/2615 2531/2531 2616/2616
f 2531/2531 2532/2532 2616/2616
f 2616/2616 2532/2532 2617/2617
f 2532/2532 2533/2533 2617/2617
f 2617/2617 2533/2533 2618/2618
f 2533/2533 2534/2534 2618/2618
f 2534/2534 2535/2535 2618/2618
f 2618/2618 2535/2535 2619/2619
f 2619/2619 2535/2535 2620/2620
f 2535/2535 2536/2536 2620/2620
f 2620/2620 2536/2536 2621/2621
f 2536/2536 2537/2537 2621/2621
f 2621/2621 2537/2537 2622/2622
f 2537/2537 2538/2538 2622/2622
f 2622/2622 2538/2538 2623/2623
f 2538/2538 2539/2539 2623/2623
f 2539/2539 2540/2540 2623/2623
f 2623/2623 2540/2540 2624/2624
f 2540/2540 2541/2541 2624/2624
f 2624/2624 2541/2541 2625/2625
f 2542/2542 2543/2543 2626/2626
f 2626/2626 2543/2543 2628/2628
f 2628/2628 2543/2543 2629/2629
f 2543/2543 2544/2544 2629/2629
f 2629/2629 2544/2544 2630/2630
f 2544/2544 2545/2545 2630/2630
f 2630/2630 2545/2545 2631/2631
f 2545/2545 2546/2546 2631/2631
f 2631/2631 2546/2546 2632/2632
f 2546/2546 2547/2547 2632/2632
f 2632/2632 2547/2547 2633/2633
f 2547/2547 2548/2548 2633/2633
f 2633/2633 2548/2548 2634/2634
f 2634/2634 2548/2548 2635/2635
f 2548/2548 2549/2549 2635/2635
f 2635/2635 2549/2549 2636/2636
f 2549/2549 2550/2550 2636/2636
f 2636/2636 2550/2550 2637/2637
f 2550/2550 2551/2551 2637/2637
f 2637/2637 2551/2551 2638/2638
f 2552/2552 2553/2553 2639/2639
f 2639/2639 2553/2553 2640/2640
f 2553/2553 2554/2554 2640/2640
f 2554/2554 2555/2555 2640/2640
f 2640/2640 2555/2555 2641/2641
f 2555/2555 2556/2556 2641/2641
f 2641/2641 2556/2556 2642/2642
f 2642/2642 2556/2556 2643/2643
f 2556/2556 2557/2557 2643/2643
f 2557/2557 2558/2558 2643/2643
f 2643/2643 2558/2558 2644/2644
f 2558/2558 2559/2559 2644/2644
f 2645/2645 2644/2644 2646/2646
f 2644/2644 2559/2559 2646/2646
f 2559/2559 2560/2560 2646/2646
f 2646/2646 2560/2560 2647/2647
f 2560/2560 2561/2561 2647/2647
f 2647/2647 2561/2561 2648/2648
f 2648/2648 2561/2561 2649/2649
f 2561/2561 2562/2562 2649/2649
f 2649/2649 2562/2562 2650/2650
f 2562/2562 2563/2563 2650/2650
f 2650/2650 2563/2563 2651/2651
f 2563/2563 2564/2564 2651/2651
f 2564/2564 2565/2565 2651/2651
f 2651/2651 2565/2565 2652/2652
f 2652/2652 2565/2565 2654/2654
f 2565/2565 2566/2566 2654/2654
f 2566/2566 2567/2567 2654/2654
f 2654/2654 2567/2567 2655/2655
f 2568/2568 2569/2569 2656/2656
f 2656/2656 2569/2569 2657/2657
f 2569/2569 2570/2570 2657/2657
f 2570/2570 2571/2571 2657/2657
f 2571/2571 2572/2572 2657/2657
f 2572/2572 2573/2573 2657/2657
f 2657/2657 2573/2573 2658/2658
f 2658/2658 2573/2573 2659/2659
f 2573/2573 2574/2574 2659/2659
f 2574/2574 2575/2575 2659/2659
f 2659/2659 2575/2575 2660/2660
f 2575/2575 2576/2576 2660/2660
f 2576/2576 2577/2577 2660/2660
f 2660/2660 2577/2577 2661/2661
f 2577/2577 2578/2578 2661/2661
f 2661/2661 2578/2578 2662/2662
f 2578/2578 2579/2579 2662/2662
f 2662/2662 2579/2579 2663/2663
f 2579/2579 2580/2580 2663/2663
f 2663/2663 2580/2580 2664/2664
f 2580/2580 2581/2581 2664/2664
f 2664/2664 2581/2581 2665/2665
f 2581/2581 2583/2583 2665/2665
f 2666/2666 2584/2584 2668/2668
f 2584/2584 2587/2587 2668/2668
f 2668/2668 2587/2587 2669/2669
f 2587/2587 2588/2588 2669/2669
f 2588/2588 2589/2589 2669/2669
f 2669/2669 2589/2589 2670/2670
f 2589/2589 2590/2590 2670/2670
f 2670/2670 2590/2590 2671/2671
f 2590/2590 2591/2591 2671/2671
f 2671/2671 2591/2591 2672/2672
f 2591/2591 2592/2592 2672/2672
f 2672/2672 2592/2592 2673/2673
f 2592/2592 2593/2593 2673/2673
f 2673/2673 2593/2593 2675/2675
f 2593/2593 2594/2594 2675/2675
f 2675/2675 2594/2594 2677/2677
f 2594/2594 2595/2595 2677/2677
f 2677/2677 2595/2595 2679/2679
f 2595/2595 2596/2596 2679/2679
f 2679/2679 2596/2596 2681/2681
f 2596/2596 2597/2597 2681/2681
f 2681/2681 2597/2597 2683/2683
f 2597/2597 2598/2598 2683/2683
f 2683/2683 2598/2598 2685/2685
f 2598/2598 2599/2599 2685/2685
f 2685/2685 2599/2599 2687/2687
f 2599/2599 2600/2600 2687/2687
f 2600/2600 2602/2602 2687/2687
f 2687/2687 2602/2602 2688/2688
f 2601/2601 2604/2604 2689/2689
f 2604/2604 2605/2605 2689/2689
f 2689/2689 2605/2605 2690/2690
f 2605/2605 2606/2606 2690/2690
f 2690/2690 2606/2606 2691/2691
f 2606/2606 2607/2607 2691/2691
f 2691/2691 2607/2607 2692/2692
f 2607/2607 2608/2608 2692/2692
f 2692/2692 2608/2608 2693/2693
f 2608/2608 2609/2609 2693/2693
f 2693/2693 2609/2609 2694/2694
f 2609/2609 2610/2610 2694/2694
f 2694/2694 2610/2610 2695/2695
f 2610/2610 2611/2611 2695/2695
f 2695/2695 2611/2611 2696/2696
f 2697/2697 2612/2612 2698/2698
f 2612/2612 2613/2613 2698/2698
f 2698/2698 2613/2613 2699/2699
f 2613/2613 2614/2614 2699/2699
f 2614/2614 2615/2615 2699/2699
f 2699/2699 2615/2615 2700/2700
f 2615/2615 2616/2616 2700/2700
f 2700/2700 2616/2616 2701/2701
f 2616/2616 2617/2617 2701/2701
f 2701/2701 2617/2617 2702/2702
f 2617/2617 2618/2618 2702/2702
f 2702/2702 2618/2618 2703/2703
f 2618/2618 2619/2619 2703/2703
f 2703/2703 2619/2619 2704/2704
f 2704/2704 2619/2619 2705/2705
f 2619/2619 2620/2620 2705/2705
f 2705/2705 2620/2620 2706/2706
f 2620/2620 2621/2621 2706/2706
f 2706/2706 2621/2621 2707/2707
f 2621/2621 2622/2622 2707/2707
f 2622/2622 2623/2623 2707/2707
f 2707/2707 2623/2623 2708/2708
f 2623/2623 2624/2624 2708/2708
f 2708/2708 2624/2624 2709/2709
f 2624/2624 2625/2625 2709/2709
f 2625/2625 2627/2627 2709/2709
f 2710/2710 2628/2628 2712/2712
f 2628/2628 2629/2629 2712/2712
f 2712/2712 2629/2629 2713/2713
f 2629/2629 2630/2630 2713/2713
f 2713/2713 2630/2630 2714/2714
f 2630/2630 2631/2631 2714/2714
f 2714/2714 2631/2631 2715/2715
f 2631/2631 2632/2632 2715/2715
f 2715/2715 2632/2632 2716/2716
f 2632/2632 2633/2633 2716/2716
f 2716/2716 2633/2633 2717/2717
f 2633/2633 2634/2634 2717/2717
f 2717/2717 2634/2634 2718/2718
f 2634/2634 2635/2635 2718/2718
f 2718/2718 2635/2635 2719/2719
f 2635/2635 2636/2636 2719/2719
f 2719/2719 2636/2636 2720/2720
f 2636/2636 2637/2637 2720/2720
f 2720/2720 2637/2637 2721/2721
f 2637/2637 2638/2638 2721/2721
f 2722/2722 2639/2639 2724/2724
f 2639/2639 2640/2640 2724/2724
f 2724/2724 2640/2640 2725/2725
f 2640/2640 2641/2641 2725/2725
f 2641/2641 2642/2642 2725/2725
f 2725/2725 2642/2642 2726/2726
f 2726/2726 2642/2642 2727/2727
f 2642/2642 2643/2643 2727/2727
f 2643/2643 2644/2644 2727/2727
f 2644/2644 2645/2645 2727/2727
f 2727/2727 2645/2645 2728/2728
f 2728/2728 2645/2645 2729/2729
f 2645/2645 2646/2646 2729/2729
f 2646/2646 2647/2647 2729/2729
f 2729/2729 2647/2647 2730/2730
f 2647/2647 2648/2648 2730/2730
f 2730/2730 2648/2648 2731/2731
f 2731/2731 2648/2648 2732/2732
f 2648/2648 2649/2649 2732/2732
f 2732/2732 2649/2649 2733/2733
f 2649/2649 2650/2650 2733/2733
f 2733/2733 2650/2650 2734/2734
f 2650/2650 2651/2651 2734/2734
f 2651/2651 2652/2652 2734/2734
f 2734/2734 2652/2652 2735/2735
f 2735/2735 2652/2652 2736/2736
f 2652/2652 2654/2654 2736/2736
f 2737/2737 2653/2653 2738/2738
f 2653/2653 2656/2656 2738/2738
f 2656/2656 2657/2657 2738/2738
f 2657/2657 2658/2658 2738/2738
f 2738/2738 2658/2658 2739/2739
f 2658/2658 2659/2659 2739/2739
f 2739/2739 2659/2659 2740/2740
f 2659/2659 2660/2660 2740/2740
f 2740/2740 2660/2660 2741/2741
f 2660/2660 2661/2661 2741/2741
f 2741/2741 2661/2661 2742/2742
f 2661/2661 2662/2662 2742/2742
f 2742/2742 2662/2662 2743/2743
f 2662/2662 2663/2663 2743/2743
f 2743/2743 2663/2663 2744/2744
f 2663/2663 2664/2664 2744/2744
f 2744/2744 2664/2664 2745/2745
f 2664/2664 2665/2665 2745/2745
f 2745/2745 2665/2665 2746/2746
f 2665/2665 2667/2667 2746/2746
f 2746/2746 2667/2667 2747/2747
f 2668/2668 2669/2669 2749/2749
f 2669/2669 2670/2670 2749/2749
f 2749/2749 2670/2670 2751/2751
f 2670/2670 2671/2671 2751/2751
f 2751/2751 2671/2671 2753/2753
f 2671/2671 2672/2672 2753/2753
f 2753/2753 2672/2672 2755/2755
f 2672/2672 2673/2673 2755/2755
f 2755/2755 2673/2673 2756/2756
f 2673/2673 2675/2675 2756/2756
f 2757/2757 2674/2674 2759/2759
f 2675/2675 2677/2677 2758/2758
f 2759/2759 2676/2676 2761/2761
f 2677/2677 2679/2679 2760/2760
f 2761/2761 2678/2678 2763/2763
f 2679/2679 2681/2681 2762/2762
f 2763/2763 2680/2680 2765/2765
f 2681/2681 2683/2683 2764/2764
f 2765/2765 2682/2682 2767/2767
f 2683/2683 2685/2685 2766/2766
f 2767/2767 2684/2684 2769/2769
f 2685/2685 2687/2687 2768/2768
f 2686/2686 2689/2689 2769/2769
f 2689/2689 2690/2690 2769/2769
f 2769/2769 2690/2690 2770/2770
f 2690/2690 2691/2691 2770/2770
f 2770/2770 2691/2691 2771/2771
f 2691/2691 2692/2692 2771/2771
f 2771/2771 2692/2692 2772/2772
f 2692/2692 2693/2693 2772/2772
f 2772/2772 2693/2693 2773/2773
f 2693/2693 2694/2694 2773/2773
f 2773/2773 2694/2694 2774/2774
f 2694/2694 2695/2695 2774/2774
f 2774/2774 2695/2695 2775/2775
f 2695/2695 2696/2696 2775/2775
f 2775/2775 2696/2696 2776/2776
f 2697/2697 2698/2698 2777/2777
f 2777/2777 2698/2698 2778/2778
f 2778/2778 2698/2698 2779/2779
f 2698/2698 2699/2699 2779/2779
f 2699/2699 2700/2700 2779/2779
f 2779/2779 2700/2700 2780/2780
f 2700/2700 2701/2701 2780/2780
f 2780/2780 2701/2701 2781/2781
f 2701/2701 2702/2702 2781/2781
f 2781/2781 2702/2702 2782/2782
f 2702/2702 2703/2703 2782/2782
f 2782/2782 2703/2703 2783/2783
f 2703/2703 2704/2704 2783/2783
f 2783/2783 2704/2704 2784/2784
f 2784/2784 2704/2704 2785/2785
f 2704/2704 2705/2705 2785/2785
f 2785/2785 2705/2705 2786/2786
f 2705/2705 2706/2706 2786/2786
f 2706/2706 2707/2707 2786/2786
f 2786/2786 2707/2707 2787/2787
f 2707/2707 2708/2708 2787/2787
f 2787/2787 2708/2708 2788/2788
f 2708/2708 2709/2709 2788/2788
f 2709/2709 2711/2711 2788/2788
f 2788/2788 2711/2711 2789/2789
f 2712/2712 2713/2713 2790/2790
f 2790/2790 2713/2713 2791/2791
f 2713/2713 2714/2714 2791/2791
f 2791/2791 2714/2714 2792/2792
f 2714/2714 2715/2715 2792/2792
f 2792/2792 2715/2715 2793/2793
f 2715/2715 2716/2716 2793/2793
f 2793/2793 2716/2716 2794/2794
f 2716/2716 2717/2717 2794/2794
f 2794/2794 2717/2717 2795/2795
f 2717/2717 2718/2718 2795/2795
f 2795/2795 2718/2718 2796/2796
f 2718/2718 2719/2719 2796/2796
f 2796/2796 2719/2719 2797/2797
f 2719/2719 2720/2720 2797/2797
f 2797/2797 2720/2720 2798/2798
f 2720/2720 2721/2721 2798/2798
f 2798/2798 2721/2721 2799/2799
f 2721/2721 2723/2723 2799/2799
f 2800/2800 2724/2724 2802/2802
f 2724/2724 2725/2725 2802/2802
f 2802/2802 2725/2725 2803/2803
f 2725/2725 2726/2726 2803/2803
f 2726/2726 2727/2727 2803/2803
f 2727/2727 2728/2728 2803/2803
f 2803/2803 2728/2728 2804/2804
f 2728/2728 2729/2729 2804/2804
f 2804/2804 2729/2729 2805/2805
f 2729/2729 2730/2730 2805/2805
f 2730/2730 2731/2731 2805/2805
f 2805/2805 2731/2731 2806/2806
f 2806/2806 2731/2731 2807/2807
f 2731/2731 2732/2732 2807/2807
f 2807/2807 2732/2732 2808/2808
f 2732/2732 2733/2733 2808/2808
f 2808/2808 2733/2733 2809/2809
f 2733/2733 2734/2734 2809/2809
f 2809/2809 2734/2734 2810/2810
f 2734/2734 2735/2735 2810/2810
f 2810/2810 2735/2735 2811/2811
f 2735/2735 2736/2736 2811/2811
f 2812/2812 2737/2737 2813/2813
f 2737/2737 2738/2738 2813/2813
f 2738/2738 2739/2739 2813/2813
f 2813/2813 2739/2739 2814/2814
f 2739/2739 2740/2740 2814/2814
f 2814/2814 2740/2740 2815/2815
f 2740/2740 2741/2741 2815/2815
f 2815/2815 2741/2741 2816/2816
f 2741/2741 2742/2742 2816/2816
f 2816/2816 2742/2742 2817/2817
f 2742/2742 2743/2743 2817/2817
f 2817/2817 2743/2743 2818/2818
f 2743/2743 2744/2744 2818/2818
f 2818/2818 2744/2744 2819/2819
f 2744/2744 2745/2745 2819/2819
f 2819/2819 2745/2745 2820/2820
f 2745/2745 2746/2746 2820/2820
f 2820/2820 2746/2746 2821/2821
f 2746/2746 2747/2747 2821/2821
f 2748/2748 2750/2750 2822/2822
f 2822/2822 2750/2750 2823/2823
f 2750/2750 2752/2752 2823/2823
f 2823/2823 2752/2752 2824/2824
f 2752/2752 2754/2754 2824/2824
f 2824/2824 2754/2754 2825/2825
f 2754/2754 2757/2757 2825/2825
f 2825/2825 2757/2757 2826/2826
f 2757/2757 2759/2759 2826/2826
f 2826/2826 2759/2759 2827/2827
f 2759/2759 2761/2761 2827/2827
f 2827/2827 2761/2761 2828/2828
f 2761/2761 2763/2763 2828/2828
f 2828/2828 2763/2763 2829/2829
f 2763/2763 2765/2765 2829/2829
f 2829/2829 2765/2765 2830/2830
f 2765/2765 2767/2767 2830/2830
f 2830/2830 2767/2767 2831/2831
f 2767/2767 2769/2769 2831/2831
f 2769/2769 2770/2770 2831/2831
f 2770/2770 2771/2771 2831/2831
f 2831/2831 2771/2771 2832/2832
f 2771/2771 2772/2772 2832/2832
f 2832/2832 2772/2772 2833/2833
f 2772/2772 2773/2773 2833/2833
f 2833/2833 2773/2773 2834/2834
f 2773/2773 2774/2774 2834/2834
f 2834/2834 2774/2774 2835/2835
f 2774/2774 2775/2775 2835/2835
f 2835/2835 2775/2775 2836/2836
f 2836/2836 2775/2775 2837/2837
f 2775/2775 2776/2776 2837/2837
f 2838/2838 2777/2777 2839/2839
f 2777/2777 2778/2778 2839/2839
f 2839/2839 2778/2778 2840/2840
f 2778/2778 2779/2779 2840/2840
f 2779/2779 2780/2780 2840/2840
f 2840/2840 2780/2780 2841/2841
f 2780/2780 2781/2781 2841/2841
f 2841/2841 2781/2781 2842/2842
f 2781/2781 2782/2782 2842/2842
f 2842/2842 2782/2782 2843/2843
f 2782/2782 2783/2783 2843/2843
f 2843/2843 2783/2783 2844/2844
f 2783/2783 2784/2784 2844/2844
f 2844/2844 2784/2784 2845/2845
f 2845/2845 2784/2784 2846/2846
f 2784/2784 2785/2785 2846/2846
f 2846/2846 2785/2785 2847/2847
f 2785/2785 2786/2786 2847/2847
f 2786/2786 2787/2787 2847/2847
f 2847/2847 2787/2787 2848/2848
f 2787/2787 2788/2788 2848/2848
f 2788/2788 2789/2789 2848/2848
f 2848/2848 2789/2789 2849/2849
f 2790/2790 2791/2791 2850/2850
f 2850/2850 2791/2791 2851/2851
f 2791/2791 2792/2792 2851/2851
f 2851/2851 2792/2792 2852/2852
f 2792/2792 2793/2793 2852/2852
f 2852/2852 2793/2793 2853/2853
f 2793/2793 2794/2794 2853/2853
f 2853/2853 2794/2794 2854/2854
f 2794/2794 2795/2795 2854/2854
f 2854/2854 2795/2795 2855/2855
f 2795/2795 2796/2796 2855/2855
f 2855/2855 2796/2796 2856/2856
f 2796/2796 2797/2797 2856/2856
f 2856/2856 2797/2797 2857/2857
f 2797/2797 2798/2798 2857/2857
f 2857/2857 2798/2798 2858/2858
f 2798/2798 2799/2799 2858/2858
f 2858/2858 2799/2799 2859/2859
f 2799/2799 2801/2801 2859/2859
f 2860/2860 2802/2802 2862/2862
f 2802/2802 2803/2803 2862/2862
f 2803/2803 2804/2804 2862/2862
f 2862/2862 2804/2804 2864/2864
f 2804/2804 2805/2805 2864/2864
f 2864/2864 2805/2805 2866/2866
f 2805/2805 2806/2806 2866/2866
f 2866/2866 2806/2806 2868/2868
f 2806/2806 2807/2807 2868/2868
f 2868/2868 2807/2807 2870/2870
f 2807/2807 2808/2808 2870/2870
f 2870/2870 2808/2808 2872/2872
f 2808/2808 2809/2809 2872/2872
f 2872/2872 2809/2809 2874/2874
f 2809/2809 2810/2810 2874/2874
f 2874/2874 2810/2810 2877/2877
f 2810/2810 2811/2811 2877/2877
f 2877/2877 2811/2811 2878/2878
f 2812/2812 2813/2813 2879/2879
f 2813/2813 2814/2814 2879/2879
f 2879/2879 2814/2814 2880/2880
f 2814/2814 2815/2815 2880/2880
f 2880/2880 2815/2815 2881/2881
f 2815/2815 2816/2816 2881/2881
f 2881/2881 2816/2816 2882/2882
f 2816/2816 2817/2817 2882/2882
f 2882/2882 2817/2817 2883/2883
f 2817/2817 2818/2818 2883/2883
f 2883/2883 2818/2818 2884/2884
f 2818/2818 2819/2819 2884/2884
f 2884/2884 2819/2819 2885/2885
f 2819/2819 2820/2820 2885/2885
f 2885/2885 2820/2820 2886/2886
f 2820/2820 2821/2821 2886/2886
f 2822/2822 2823/2823 2887/2887
f 2887/2887 2823/2823 2888/2888
f 2823/2823 2824/2824 2888/2888
f 2888/2888 2824/2824 2889/2889
f 2824/2824 2825/2825 2889/2889
f 2889/2889 2825/2825 2890/2890
f 2825/2825 2826/2826 2890/2890
f 2890/2890 2826/2826 2891/2891
f 2826/2826 2827/2827 2891/2891
f 2891/2891 2827/2827 2892/2892
f 2827/2827 2828/2828 2892/2892
f 2892/2892 2828/2828 2893/2893
f 2828/2828 2829/2829 2893/2893
f 2893/2893 2829/2829 2894/2894
f 2829/2829 2830/2830 2894/2894
f 2894/2894 2830/2830 2895/2895
f 2830/2830 2831/2831 2895/2895
f 2831/2831 2832/2832 2895/2895
f 2832/2832 2833/2833 2895/2895
f 2895/2895 2833/2833 2896/2896
f 2833/2833 2834/2834 2896/2896
f 2896/2896 2834/2834 2897/2897
f 2897/2897 2834/2834 2898/2898
f 2834/2834 2835/2835 2898/2898
f 2898/2898 2835/2835 2899/2899
f 2835/2835 2836/2836 2899/2899
f 2899/2899 2836/2836 2901/2901
f 2836/2836 2837/2837 2901/2901
f 2901/2901 2837/2837 2902/2902
f 2838/2838 2839/2839 2903/2903
f 2903/2903 2839/2839 2904/2904
f 2839/2839 2840/2840 2904/2904
f 2840/2840 2841/2841 2904/2904
f 2904/2904 2841/2841 2905/2905
f 2841/2841 2842/2842 2905/2905
f 2905/2905 2842/2842 2906/2906
f 2842/2842 2843/2843 2906/2906
f 2906/2906 2843/2843 2907/2907
f 2843/2843 2844/2844 2907/2907
f 2907/2907 2844/2844 2908/2908
f 2844/2844 2845/2845 2908/2908
f 2908/2908 2845/2845 2909/2909
f 2909/2909 2845/2845 2910/2910
f 2845/2845 2846/2846 2910/2910
f 2910/2910 2846/2846 2911/2911
f 2846/2846 2847/2847 2911/2911
f 2847/2847 2848/2848 2911/2911
f 2848/2848 2849/2849 2911/2911
f 2912/2912 2850/2850 2913/2913
f 2850/2850 2851/2851 2913/2913
f 2851/2851 2852/2852 2913/2913
f 2913/2913 2852/2852 2914/2914
f 2914/2914 2852/2852 2915/2915
f 2852/2852 2853/2853 2915/2915
f 2915/2915 2853/2853 2916/2916
f 2853/2853 2854/2854 2916/2916
f 2916/2916 2854/2854 2917/2917
f 2854/2854 2855/2855 2917/2917
f 2917/2917 2855/2855 2918/2918
f 2855/2855 2856/2856 2918/2918
f 2856/2856 2857/2857 2918/2918
f 2918/2918 2857/2857 2919/2919
f 2857/2857 2858/2858 2919/2919
f 2919/2919 2858/2858 2920/2920
f 2858/2858 2859/2859 2920/2920
f 2920/2920 2859/2859 2922/2922
f 2859/2859 2861/2861 2922/2922
f 2862/2862 2864/2864 2921/2921
f 2922/2922 2863/2863 2923/2923
f 2863/2863 2865/2865 2923/2923
f 2923/2923 2865/2865 2924/2924
f 2865/2865 2867/2867 2924/2924
f 2924/2924 2867/2867 2925/2925
f 2867/2867 2869/2869 2925/2925
f 2925/2925 2869/2869 2927/2927
f 2870/2870 2872/2872 2926/2926
f 2927/2927 2871/2871 2929/2929
f 2872/2872 2874/2874 2928/2928
f 2929/2929 2873/2873 2931/2931
f 2874/2874 2877/2877 2930/2930
f 2933/2933 2875/2875 2934/2934
f 2876/2876 2879/2879 2935/2935
f 2879/2879 2880/2880 2935/2935
f 2935/2935 2880/2880 2936/2936
f 2880/2880 2881/2881 2936/2936
f 2936/2936 2881/2881 2937/2937
f 2881/2881 2882/2882 2937/2937
f 2937/2937 2882/2882 2938/2938
f 2882/2882 2883/2883 2938/2938
f 2938/2938 2883/2883 2939/2939
f 2883/2883 2884/2884 2939/2939
f 2939/2939 2884/2884 2940/2940
f 2884/2884 2885/2885 2940/2940
f 2940/2940 2885/2885 2941/2941
f 2885/2885 2886/2886 2941/2941
f 2887/2887 2888/2888 2942/2942
f 2942/2942 2888/2888 2943/2943
f 2888/2888 2889/2889 2943/2943
f 2943/2943 2889/2889 2944/2944
f 2889/2889 2890/2890 2944/2944
f 2944/2944 2890/2890 2945/2945
f 2890/2890 2891/2891 2945/2945
f 2945/2945 2891/2891 2946/2946
f 2891/2891 2892/2892 2946/2946
f 2946/2946 2892/2892 2947/2947
f 2892/2892 2893/2893 2947/2947
f 2947/2947 2893/2893 2948/2948
f 2893/2893 2894/2894 2948/2948
f 2948/2948 2894/2894 2949/2949
f 2894/2894 2895/2895 2949/2949
f 2895/2895 2896/2896 2949/2949
f 2949/2949 2896/2896 2950/2950
f 2896/2896 2897/2897 2950/2950
f 2950/2950 2897/2897 2951/2951
f 2897/2897 2898/2898 2951/2951
f 2951/2951 2898/2898 2952/2952
f 2898/2898 2899/2899 2952/2952
f 2952/2952 2899/2899 2953/2953
f 2899/2899 2901/2901 2953/2953
f 2953/2953 2901/2901 2954/2954
f 2900/2900 2903/2903 2955/2955
f 2955/2955 2903/2903 2956/2956
f 2903/2903 2904/2904 2956/2956
f 2904/2904 2905/2905 2956/2956
f 2956/2956 2905/2905 2957/2957
f 2905/2905 2906/2906 2957/2957
f 2957/2957 2906/2906 2958/2958
f 2906/2906 2907/2907 2958/2958
f 2958/2958 2907/2907 2959/2959
f 2907/2907 2908/2908 2959/2959
f 2959/2959 2908/2908 2960/2960
f 2908/2908 2909/2909 2960/2960
f 2960/2960 2909/2909 2962/2962
f 2962/2962 2909/2909 2963/2963
f 2909/2909 2910/2910 2963/2963
f 2910/2910 2911/2911 2963/2963
f 2912/2912 2913/2913 2964/2964
f 2964/2964 2913/2913 2965/2965
f 2913/2913 2914/2914 2965/2965
f 2965/2965 2914/2914 2966/2966
f 2914/2914 2915/2915 2966/2966
f 2966/2966 2915/2915 2967/2967
f 2915/2915 2916/2916 2967/2967
f 2916/2916 2917/2917 2967/2967
f 2967/2967 2917/2917 2968/2968
f 2917/2917 2918/2918 2968/2968
f 2968/2968 2918/2918 2969/2969
f 2918/2918 2919/2919 2969/2969
f 2969/2969 2919/2919 2970/2970
f 2919/2919 2920/2920 2970/2970
f 2970/2970 2920/2920 2971/2971
f 2920/2920 2922/2922 2971/2971
f 2922/2922 2923/2923 2971/2971
f 2971/2971 2923/2923 2972/2972
f 2923/2923 2924/2924 2972/2972
f 2972/2972 2924/2924 2973/2973
f 2924/2924 2925/2925 2973/2973
f 2973/2973 2925/2925 2974/2974
f 2925/2925 2927/2927 2974/2974
f 2974/2974 2927/2927 2975/2975
f 2927/2927 2929/2929 2975/2975
f 2975/2975 2929/2929 2976/2976
f 2929/2929 2931/2931 2976/2976
f 2976/2976 2931/2931 2977/2977
f 2932/2932 2935/2935 2978/2978
f 2935/2935 2936/2936 2978/2978
f 2978/2978 2936/2936 2979/2979
f 2936/2936 2937/2937 2979/2979
f 2979/2979 2937/2937 2980/2980
f 2937/2937 2938/2938 2980/2980
f 2980/2980 2938/2938 2981/2981
f 2938/2938 2939/2939 2981/2981
f 2981/2981 2939/2939 2982/2982
f 2939/2939 2940/2940 2982/2982
f 2982/2982 2940/2940 2983/2983
f 2940/2940 2941/2941 2983/2983
f 2942/2942 2943/2943 2984/2984
f 2984/2984 2943/2943 2985/2985
f 2943/2943 2944/2944 2985/2985
f 2985/2985 2944/2944 2986/2986
f 2944/2944 2945/2945 2986/2986
f 2986/2986 2945/2945 2987/2987
f 2945/2945 2946/2946 2987/2987
f 2987/2987 2946/2946 2988/2988
f 2946/2946 2947/2947 2988/2988
f 2988/2988 2947/2947 2989/2989
f 2947/2947 2948/2948 2989/2989
f 2989/2989 2948/2948 2990/2990
f 2948/2948 2949/2949 2990/2990
f 2949/2949 2950/2950 2990/2990
f 2990/2990 2950/2950 2991/2991
f 2950/2950 2951/2951 2991/2991
f 2991/2991 2951/2951 2992/2992
f 2951/2951 2952/2952 2992/2992
f 2992/2992 2952/2952 2993/2993
f 2952/2952 2953/2953 2993/2993
f 2993/2993 2953/2953 2994/2994
f 2953/2953 2954/2954 2994/2994
f 2995/2995 2955/2955 2996/2996
f 2955/2955 2956/2956 2996/2996
f 2956/2956 2957/2957 2996/2996
f 2996/2996 2957/2957 2997/2997
f 2957/2957 2958/2958 2997/2997
f 2997/2997 2958/2958 2998/2998
f 2958/2958 2959/2959 2998/2998
f 2998/2998 2959/2959 2999/2999
f 2959/2959 2960/2960 2999/2999
f 2999/2999 2960/2960 3000/3000
f 2960/2960 2962/2962 3000/3000
f 3000/3000 2962/2962 3001/3001
f 2961/2961 2964/2964 3002/3002
f 2964/2964 2965/2965 3002/3002
f 3002/3002 2965/2965 3003/3003
f 2965/2965 2966/2966 3003/3003
f 3003/3003 2966/2966 3004/3004
f 2966/2966 2967/2967 3004/3004
f 2967/2967 2968/2968 3004/3004
f 3004/3004 2968/2968 3005/3005
f 2968/2968 2969/2969 3005/3005
f 3005/3005 2969/2969 3006/3006
f 2969/2969 2970/2970 3006/3006
f 3006/3006 2970/2970 3007/3007
f 2970/2970 2971/2971 3007/3007
f 2971/2971 2972/2972 3007/3007
f 3007/3007 2972/2972 3008/3008
f 2972/2972 2973/2973 3008/3008
f 3008/3008 2973/2973 3009/3009
f 2973/2973 2974/2974 3009/3009
f 3009/3009 2974/2974 3010/3010
f 2974/2974 2975/2975 3010/3010
f 3010/3010 2975/2975 3011/3011
f 2975/2975 2976/2976 3011/3011
f 3011/3011 2976/2976 3012/3012
f 2976/2976 2977/2977 3012/3012
f 2978/2978 2979/2979 3013/3013
f 3013/3013 2979/2979 3014/3014
f 2979/2979 2980/2980 3014/3014
f 3014/3014 2980/2980 3015/3015
f 2980/2980 2981/2981 3015/3015
f 3015/3015 2981/2981 3016/3016
f 2981/2981 2982/2982 3016/3016
f 3016/3016 2982/2982 3017/3017
f 2982/2982 2983/2983 3017/3017
f 2984/2984 2985/2985 3018/3018
f 3018/3018 2985/2985 3019/3019
f 2985/2985 2986/2986 3019/3019
f 3019/3019 2986/2986 3020/3020
f 2986/2986 2987/2987 3020/3020
f 3020/3020 2987/2987 3021/3021
f 2987/2987 2988/2988 3021/3021
f 3021/3021 2988/2988 3022/3022
f 2988/2988 2989/2989 3022/3022
f 3022/3022 2989/2989 3023/3023
f 2989/2989 2990/2990 3023/3023
f 2990/2990 2991/2991 3023/3023
f 3023/3023 2991/2991 3024/3024
f 2991/2991 2992/2992 3024/3024
f 3024/3024 2992/2992 3025/3025
f 2992/2992 2993/2993 3025/3025
f 3025/3025 2993/2993 3026/3026
f 2993/2993 2994/2994 3026/3026
f 3027/3027 2995/2995 3028/3028
f 2995/2995 2996/2996 3028/3028
f 2996/2996 2997/2997 3028/3028
f 3028/3028 2997/2997 3029/3029
f 2997/2997 2998/2998 3029/3029
f 3029/3029 2998/2998 3030/3030
f 2998/2998 2999/2999 3030/3030
f 3030/3030 2999/2999 3031/3031
f 2999/2999 3000/3000 3031/3031
f 3031/3031 3000/3000 3032/3032
f 3000/3000 3001/3001 3032/3032
f 3002/3002 3003/3003 3033/3033
f 3033/3033 3003/3003 3034/3034
f 3003/3003 3004/3004 3034/3034
f 3034/3034 3004/3004 3035/3035
f 3004/3004 3005/3005 3035/3035
f 3035/3035 3005/3005 3036/3036
f 3005/3005 3006/3006 3036/3036
f 3036/3036 3006/3006 3037/3037
f 3006/3006 3007/3007 3037/3037
f 3007/3007 3008/3008 3037/3037
f 3037/3037 3008/3008 3038/3038
f 3008/3008 3009/3009 3038/3038
f 3038/3038 3009/3009 3039/3039
f 3009/3009 3010/3010 3039/3039
f 3039/3039 3010/3010 3040/3040
f 3010/3010 3011/3011 3040/3040
f 3040/3040 3011/3011 3041/3041
f 3011/3011 3012/3012 3041/3041
f 3013/3013 3014/3014 3042/3042
f 3042/3042 3014/3014 3044/3044
f 3014/3014 3015/3015 3044/3044
f 3044/3044 3015/3015 3045/3045
f 3015/3015 3016/3016 3045/3045
f 3045/3045 3016/3016 3046/3046
f 3016/3016 3017/3017 3046/3046
f 3018/3018 3019/3019 3047/3047
f 3047/3047 3019/3019 3049/3049
f 3019/3019 3020/3020 3049/3049
f 3049/3049 3020/3020 3050/3050
f 3020/3020 3021/3021 3050/3050
f 3050/3050 3021/3021 3051/3051
f 3021/3021 3022/3022 3051/3051
f 3051/3051 3022/3022 3052/3052
f 3022/3022 3023/3023 3052/3052
f 3023/3023 3024/3024 3052/3052
f 3052/3052 3024/3024 3053/3053
f 3024/3024 3025/3025 3053/3053
f 3053/3053 3025/3025 3054/3054
f 3025/3025 3026/3026 3054/3054
f 3055/3055 3027/3027 3056/3056
f 3027/3027 3028/3028 3056/3056
f 3028/3028 3029/3029 3056/3056
f 3056/3056 3029/3029 3057/3057
f 3029/3029 3030/3030 3057/3057
f 3057/3057 3030/3030 3058/3058
f 3030/3030 3031/3031 3058/3058
f 3058/3058 3031/3031 3059/3059
f 3031/3031 3032/3032 3059/3059
f 3033/3033 3034/3034 3060/3060
f 3060/3060 3034/3034 3061/3061
f 3034/3034 3035/3035 3061/3061
f 3061/3061 3035/3035 3062/3062
f 3035/3035 3036/3036 3062/3062
f 3062/3062 3036/3036 3063/3063
f 3036/3036 3037/3037 3063/3063
f 3037/3037 3038/3038 3063/3063
f 3063/3063 3038/3038 3064/3064
f 3038/3038 3039/3039 3064/3064
f 3064/3064 3039/3039 3065/3065
f 3039/3039 3040/3040 3065/3065
f 3065/3065 3040/3040 3066/3066
f 3040/3040 3041/3041 3066/3066
f 3041/3041 3043/3043 3066/3066
f 3066/3066 3043/3043 3067/3067
f 3044/3044 3045/3045 3068/3068
f 3068/3068 3045/3045 3069/3069
f 3045/3045 3046/3046 3069/3069
f 3046/3046 3048/3048 3069/3069
f 3071/3071 3049/3049 3074/3074
f 3049/3049 3050/3050 3074/3074
f 3074/3074 3050/3050 3075/3075
f 3050/3050 3051/3051 3075/3075
f 3075/3075 3051/3051 3076/3076
f 3051/3051 3052/3052 3076/3076
f 3052/3052 3053/3053 3076/3076
f 3076/3076 3053/3053 3077/3077
f 3053/3053 3054/3054 3077/3077
f 3078/3078 3055/3055 3079/3079
f 3055/3055 3056/3056 3079/3079
f 3056/3056 3057/3057 3079/3079
f 3079/3079 3057/3057 3080/3080
f 3057/3057 3058/3058 3080/3080
f 3080/3080 3058/3058 3081/3081
f 3058/3058 3059/3059 3081/3081
f 3060/3060 3061/3061 3082/3082
f 3082/3082 3061/3061 3084/3084
f 3061/3061 3062/3062 3084/3084
f 3084/3084 3062/3062 3085/3085
f 3062/3062 3063/3063 3085/3085
f 3063/3063 3064/3064 3085/3085
f 3085/3085 3064/3064 3086/3086
f 3064/3064 3065/3065 3086/3086
f 3086/3086 3065/3065 3087/3087
f 3065/3065 3066/3066 3087/3087
f 3066/3066 3067/3067 3087/3087
f 3087/3087 3067/3067 3088/3088
f 3067/3067 3070/3070 3088/3088
f 3070/3070 3072/3072 3088/3088
f 3089/3089 3073/3073 3090/3090
f 3074/3074 3075/3075 3093/3093
f 3093/3093 3075/3075 3094/3094
f 3075/3075 3076/3076 3094/3094
f 3076/3076 3077/3077 3094/3094
f 3095/3095 3078/3078 3096/3096
f 3078/3078 3079/3079 3096/3096
f 3079/3079 3080/3080 3096/3096
f 3096/3096 3080/3080 3097/3097
f 3080/3080 3081/3081 3097/3097
f 3081/3081 3083/3083 3097/3097
f 3098/3098 3084/3084 3100/3100
f 3084/3084 3085/3085 3100/3100
f 3085/3085 3086/3086 3100/3100
f 3100/3100 3086/3086 3101/3101
f 3086/3086 3087/3087 3101/3101
f 3087/3087 3088/3088 3101/3101
f 3088/3088 3091/3091 3101/3101
f 3102/3102 3092/3092 3104/3104
f 3092/3092 3095/3095 3104/3104
f 3095/3095 3096/3096 3104/3104
f 3096/3096 3097/3097 3104/3104
f 3097/3097 3099/3099 3104/3104
f 3101/3101 3103/3103 3100/3100

