# https://github.com/mikedh/trimesh
mtllib material.mtl

o Isolated Persimmon Fruit Mesh
usemtl Isolated Persimmon Fruit Material
v 0.01855469 0.39941406 0.03027344
v 0.01855469 0.39941406 0.03027344
v 0.01855469 0.39941406 0.03027344
v 0.02441407 0.39941406 0.00878907
v 0.02441407 0.39941406 0.00878907
v 0.00292969 0.40136719 0.01074219
v 0.00292969 0.40136719 0.01074219
v 0.00292969 0.40136719 0.01074219
v -0.00683593 0.40332031 -0.00488281
v -0.00683593 0.40332031 -0.00488281
v -0.01660156 0.40332031 0.00683594
v -0.01660156 0.40332031 0.00683594
v -0.01660156 0.41503906 -0.00292968
v -0.01660156 0.41503906 -0.00292968
v -0.00683593 0.41503906 -0.00683593
v -0.02246093 0.41113281 -0.00683593
v -0.01074218 0.41113281 -0.01269531
v 0.00683594 0.41308594 -0.00683593
v 0.00683594 0.40722656 -0.01269531
v 0.02050782 0.40917969 -0.00097656
v 0.02050782 0.40917969 -0.00097656
v 0.02246094 0.40527344 -0.00488281
v 0.02246094 0.40527344 -0.00488281
v 0.02636719 0.40722656 0.00878907
v 0.03222657 0.40136719 0.00878907
v 0.02636719 0.40527344 0.02050782
v 0.02636719 0.40527344 0.02050782
v 0.02636719 0.40527344 0.02050782
v 0.02636719 0.38964844 0.02050782
v 0.02636719 0.38964844 0.02050782
v 0.03027344 0.39941406 0.02246094
v 0.03027344 0.39941406 0.02246094
v 0.01855469 0.40527344 0.03027344
v 0.01855469 0.40527344 0.03027344
v 0.00292969 0.41113281 0.01074219
v 0.00292969 0.41113281 0.01074219
v 0.00292969 0.41113281 0.01074219
v -0.01855468 0.41503906 0.00683594
v -0.01855468 0.41503906 0.00683594
v -0.02636718 0.41113281 0.00683594
v -0.02636718 0.41113281 0.00683594
v -0.02050781 0.39746094 -0.00488281
v -0.02050781 0.39746094 -0.00488281
v -0.01074218 0.39550781 -0.01074218
v 0.00488282 0.39355469 -0.00878906
v 0.01855469 0.38964844 -0.00292968
v 0.01855469 0.38964844 -0.00292968
v 0.02636719 0.38964844 0.00878907
v 0.02441407 0.29394531 0.01269532
v 0.02441407 0.29394531 0.01269532
v 0.01660157 0.29589844 0.02246094
v 0.01660157 0.29589844 0.02246094
v 0.01855469 0.38964844 0.03027344
v 0.02246094 0.39941406 0.03417969
v 0.00683594 0.40722656 0.03417969
v 0.00683594 0.40722656 0.03417969
v -0.00488281 0.40917969 0.03027344
v -0.01464843 0.41113281 0.02050782
v -0.02050781 0.40722656 0.02050782
v -0.02246093 0.39746094 0.00488282
v -0.02246093 0.39746094 0.00488282
v -0.02441406 0.30175781 -0.01269531
v -0.02636718 0.30175781 -0.00292968
v -0.02636718 0.30175781 -0.00292968
v -0.01464843 0.29980469 -0.01855468
v 0.00097657 0.29589844 -0.01660156
v 0.00097657 0.29589844 -0.01660156
v 0.01464844 0.29394531 -0.01074218
v 0.01464844 0.29394531 -0.01074218
v 0.02246094 0.29394531 0.00097657
v 0.02246094 0.29394531 0.00097657
v 0.02246094 0.29394531 0.00097657
v 0.02246094 0.29394531 0.00097657
v 0.00292969 0.29785156 0.02636719
v 0.00292969 0.29785156 0.02636719
v 0.00683594 0.39160156 0.03417969
v 0.00683594 0.39160156 0.03417969
v 0.00683594 0.40136719 0.03808594
v 0.00683594 0.40136719 0.03808594
v -0.00683593 0.40332031 0.03417969
v -0.01660156 0.39550781 0.01855469
v -0.02050781 0.29980469 0.01074219
v -0.02050781 0.29980469 0.01074219
v -0.01074218 0.29785156 0.02050782
v -0.01074218 0.29785156 0.02050782
v -0.00683593 0.39355469 0.03027344
v 0.00488282 0.37207031 0.02246094
v 0.00488282 0.37207031 0.02246094
v 0.00488282 0.37207031 0.02246094
v 0.00488282 0.37207031 0.02246094
v 0.00878907 0.37207031 0.02246094
v 0.00878907 0.37207031 0.02246094
v 0.01074219 0.37207031 0.02050782
v 0.01074219 0.37207031 0.02050782
v 0.01074219 0.37207031 0.02050782
v 0.01464844 0.37207031 0.01464844
v 0.01464844 0.37207031 0.01464844
v 0.01464844 0.37207031 0.01464844
v 0.05371094 0.40136719 0.03222657
v 0.05371094 0.40136719 0.03222657
v 0.01464844 0.37207031 0.01074219
v 0.01464844 0.37207031 0.01074219
v 0.01269532 0.37207031 0.00488282
v 0.01269532 0.37207031 0.00488282
v 0.01464844 0.37207031 0.00683594
v 0.05761719 0.40136719 0.00683594
v 0.06933594 0.40917969 0.00683594
v 0.07910157 0.41503906 0.00683594
v 0.07128907 0.41503906 0.04003907
v 0.07128907 0.41503906 0.04003907
v 0.06347657 0.40722656 0.03613282
v 0.06347657 0.40722656 0.03613282
v 0.04003907 0.39941406 0.05371094
v 0.02636719 0.39941406 0.06347657
v 0.00878907 0.40136719 0.06738282
v 0.00878907 0.40136719 0.06738282
v -0.01464843 0.40332031 0.06347657
v -0.01464843 0.40332031 0.06347657
v -0.00097656 0.37207031 0.02246094
v -0.00683593 0.37402344 0.01074219
v -0.00683593 0.37402344 0.01464844
v -0.00488281 0.37402344 0.00878907
v -0.00488281 0.37402344 0.00878907
v -0.00488281 0.37207031 0.01855469
v -0.00292968 0.37402344 0.00488282
v -0.00292968 0.37402344 0.00488282
v 0.00097657 0.37402344 0.00292969
v 0.00097657 0.37402344 0.00292969
v 0.00488282 0.37402344 0.00292969
v 0.00488282 0.37402344 0.00292969
v 0.00878907 0.37207031 0.00292969
v 0.00878907 0.37207031 0.00292969
v 0.04589844 0.40332031 -0.02050781
v 0.05371094 0.40332031 -0.00878906
v 0.06542969 0.40917969 -0.01269531
v 0.07714844 0.41699219 -0.01660156
v 0.09082032 0.41699219 0.00683594
v 0.08300782 0.41503906 0.04394532
v 0.08300782 0.41503906 0.04394532
v 0.05371094 0.41308594 0.07128907
v 0.04785157 0.40527344 0.06152344
v 0.03027344 0.40527344 0.07519532
v 0.01074219 0.40722656 0.07910157
v -0.01855468 0.41113281 0.07324219
v -0.01855468 0.41113281 0.07324219
v -0.03417968 0.40527344 0.04785157
v -0.04199218 0.40722656 0.03027344
v -0.04199218 0.40722656 0.01464844
v -0.03613281 0.40917969 -0.00488281
v -0.03613281 0.40917969 -0.00488281
v -0.02246093 0.40722656 -0.01855468
v -0.00683593 0.40722656 -0.02832031
v 0.01074219 0.40527344 -0.03222656
v 0.03027344 0.40527344 -0.03027343
v 0.03027344 0.40527344 -0.03027343
v 0.03613282 0.41308594 -0.03808593
v 0.03613282 0.41308594 -0.03808593
v 0.05371094 0.41113281 -0.02636718
v 0.06152344 0.41699219 -0.03222656
v 0.09082032 0.41699219 -0.02050781
v 0.09667969 0.41503906 -0.02441406
v 0.09863282 0.41308594 0.00878907
v 0.12402344 0.41503906 0.01464844
v 0.12402344 0.41503906 0.01464844
v 0.11425782 0.41699219 0.01074219
v 0.10058594 0.41699219 0.05761719
v 0.10058594 0.41699219 0.05761719
v 0.09472657 0.41503906 0.05175782
v 0.09472657 0.41503906 0.05175782
v 0.10644532 0.41503906 0.00878907
v 0.08886719 0.41308594 0.04785157
v 0.08886719 0.41308594 0.04785157
v 0.06347657 0.41308594 0.08105469
v 0.03613282 0.41308594 0.08886719
v 0.01269532 0.41308594 0.09082032
v -0.02246093 0.41699219 0.08105469
v -0.02246093 0.41699219 0.08105469
v -0.04199218 0.41308594 0.05371094
v -0.05175781 0.41503906 0.03417969
v -0.05175781 0.41699219 0.01464844
v -0.04394531 0.41699219 -0.00878906
v -0.04394531 0.41699219 -0.00878906
v -0.02832031 0.41699219 -0.02636718
v -0.00878906 0.41503906 -0.03808593
v 0.01269532 0.41308594 -0.04199218
v 0.04003907 0.41894531 -0.04589843
v 0.04003907 0.41894531 -0.04589843
v 0.07128907 0.41894531 -0.04003906
v 0.07519532 0.41503906 -0.04589843
v 0.08105469 0.41699219 -0.04980468
v 0.10449219 0.41699219 -0.02636718
v 0.11230469 0.41699219 -0.03027343
v 0.12597656 0.41699219 -0.03222656
v 0.12597656 0.41699219 -0.03222656
v 0.37402344 0.34667969 -0.07714844
v 0.37402344 0.34667969 -0.07714844
v 0.37597656 0.34082031 -0.07714844
v 0.37597656 0.34082031 -0.07714844
v 0.37011719 0.34863281 -0.08886719
v 0.37207031 0.34277344 -0.08886719
v 0.37011719 0.33691406 -0.08886719
v 0.37011719 0.33691406 -0.08886719
v 0.37597656 0.33691406 -0.07714844
v 0.37597656 0.33691406 -0.07714844
v 0.37011719 0.33496094 -0.07714844
v 0.37011719 0.33886719 -0.06542969
v 0.37207031 0.34472656 -0.06347656
v 0.37011719 0.35058594 -0.06542969
v 0.36425781 0.35644531 -0.07714844
v 0.36425781 0.35644531 -0.07714844
v 0.36230469 0.35449219 -0.08886719
v 0.35644531 0.35644531 -0.10253906
v 0.35839844 0.34667969 -0.10253906
v 0.35839844 0.33886719 -0.10058594
v 0.35839844 0.33886719 -0.10058594
v 0.35839844 0.33691406 -0.07519531
v 0.35644531 0.34472656 -0.04394531
v 0.35839844 0.35253906 -0.04394531
v 0.35644531 0.36230469 -0.04394531
v 0.36230469 0.35839844 -0.06152343
v 0.34472656 0.37011719 -0.05175781
v 0.34667969 0.36816406 -0.07324219
v 0.34667969 0.36816406 -0.07324219
v 0.34277344 0.36621094 -0.09277344
v 0.32324219 0.38574219 -0.07128906
v 0.32324219 0.38574219 -0.07128906
v 0.29785156 0.40527344 -0.06933594
v 0.29199219 0.40136719 -0.10058594
v 0.29199219 0.40136719 -0.10058594
v 0.29199219 0.40136719 -0.10058594
v 0.31933594 0.38378906 -0.09667969
v 0.31152344 0.38183594 -0.12011719
v 0.33886719 0.36621094 -0.10839844
v 0.33496094 0.36621094 -0.12011719
v 0.33691406 0.35644531 -0.12011719
v 0.33691406 0.34472656 -0.11816406
v 0.33691406 0.34472656 -0.11816406
v 0.34277344 0.34082031 -0.07324219
v 0.33496094 0.35449219 -0.02050781
v 0.33691406 0.36621094 -0.02050781
v 0.33496094 0.37792969 -0.02050781
v 0.33886719 0.37402344 -0.03222656
v 0.32128906 0.38769531 -0.04199218
v 0.29785156 0.40527344 -0.03222656
v 0.28417969 0.41503906 -0.06738281
v 0.28417969 0.41503906 -0.06738281
v 0.28417969 0.41503906 -0.06738281
v 0.27636719 0.41308594 -0.10253906
v 0.27636719 0.41308594 -0.10253906
v 0.26855469 0.40917969 -0.13183594
v 0.28613281 0.39941406 -0.12792969
v 0.28613281 0.39941406 -0.12792969
v 0.27636719 0.39355469 -0.15527344
v 0.27636719 0.39355469 -0.15527344
v 0.29394531 0.38769531 -0.14746094
v 0.29394531 0.38769531 -0.14746094
v 0.30957031 0.36621094 -0.13769531
v 0.31152344 0.35058594 -0.13574219
v 0.31152344 0.35058594 -0.13574219
v 0.32324219 0.34472656 -0.07128906
v 0.31542969 0.36230469 -0.00097656
v 0.31542969 0.37792969 -0.00097656
v 0.31542969 0.39160156 -0.00097656
v 0.31738281 0.39160156 -0.01464843
v 0.29785156 0.40527344 0.00097657
v 0.28417969 0.41503906 -0.02832031
v 0.28417969 0.41503906 -0.02832031
v 0.26660156 0.42675781 -0.06542969
v 0.25878906 0.42285156 -0.10253906
v 0.25878906 0.42285156 -0.10253906
v 0.24902344 0.41699219 -0.13574219
v 0.23730469 0.40722656 -0.16894531
v 0.25878906 0.39941406 -0.16308594
v 0.25878906 0.38378906 -0.16503906
v 0.27636719 0.37988281 -0.15722656
v 0.27636719 0.37988281 -0.15722656
v 0.27832031 0.36035156 -0.15527344
v 0.27832031 0.36035156 -0.15527344
v 0.27832031 0.36035156 -0.15527344
v 0.29785156 0.35449219 -0.05371093
v 0.29394531 0.37011719 0.01855469
v 0.29394531 0.38769531 0.02050782
v 0.29394531 0.40136719 0.01855469
v 0.28222656 0.40527344 0.02832032
v 0.28417969 0.41113281 0.00683594
v 0.26855469 0.42480469 -0.02246093
v 0.26855469 0.42480469 -0.02246093
v 0.24902344 0.43652344 -0.06347656
v 0.23925781 0.43261719 -0.10253906
v 0.23925781 0.43261719 -0.10253906
v 0.22753906 0.42675781 -0.13769531
v 0.21386719 0.41308594 -0.17480469
v 0.23730469 0.38964844 -0.17285156
v 0.25878906 0.36621094 -0.16503906
v 0.27246094 0.36035156 -0.06542969
v 0.27246094 0.36035156 -0.06542969
v 0.28027344 0.37597656 0.03222657
v 0.28222656 0.39160156 0.03222657
v 0.26660156 0.40917969 0.04394532
v 0.26660156 0.40917969 0.04394532
v 0.26660156 0.41894531 0.01269532
v 0.26660156 0.41894531 0.01269532
v 0.25097656 0.43066406 -0.01660156
v 0.22949219 0.44238281 -0.05957031
v 0.21777344 0.44042969 -0.10058594
v 0.21777344 0.44042969 -0.10058594
v 0.20410156 0.43261719 -0.13769531
v 0.19042969 0.41699219 -0.17675781
v 0.19042969 0.39941406 -0.18261719
v 0.21386719 0.39550781 -0.17871094
v 0.21386719 0.37792969 -0.17675781
v 0.23730469 0.37207031 -0.17089844
v 0.25097656 0.36621094 -0.06347656
v 0.25097656 0.36621094 -0.06347656
v 0.25097656 0.36621094 -0.06347656
v 0.26464844 0.37988281 0.04589844
v 0.26464844 0.37988281 0.04589844
v 0.26660156 0.39355469 0.04589844
v 0.26660156 0.39355469 0.04589844
v 0.25097656 0.40917969 0.05761719
v 0.25097656 0.40917969 0.05761719
v 0.25097656 0.42285156 0.02246094
v 0.23144531 0.43652344 -0.00878906
v 0.20800781 0.44433594 -0.05371093
v 0.19628906 0.44433594 -0.09667969
v 0.18261719 0.43652344 -0.13769531
v 0.18261719 0.43652344 -0.13769531
v 0.16699219 0.42089844 -0.17675781
v 0.16699219 0.40332031 -0.18261719
v 0.19042969 0.38183594 -0.18066406
v 0.19042969 0.38183594 -0.18066406
v 0.23144531 0.37207031 -0.05957031
v 0.23144531 0.37207031 -0.05957031
v 0.25097656 0.38183594 0.05761719
v 0.25097656 0.38183594 0.05761719
v 0.25097656 0.39550781 0.06152344
v 0.25097656 0.39550781 0.06152344
v 0.23144531 0.40917969 0.07128907
v 0.23144531 0.42675781 0.03222657
v 0.20996094 0.43847656 -0.00292968
v 0.18652344 0.44433594 -0.04980468
v 0.19042969 0.43652344 0.00292969
v 0.16699219 0.43847656 -0.04394531
v 0.15722656 0.44042969 -0.08886719
v 0.17675781 0.44433594 -0.09277344
v 0.16308594 0.43847656 -0.13183594
v 0.16308594 0.43847656 -0.13183594
v 0.14746094 0.42480469 -0.17285156
v 0.14746094 0.40722656 -0.17871094
v 0.16503906 0.38378906 -0.18261719
v 0.16503906 0.38378906 -0.18261719
v 0.20996094 0.37597656 -0.05566406
v 0.20996094 0.37597656 -0.05566406
v 0.23339844 0.38183594 0.06933594
v 0.23339844 0.39550781 0.07324219
v 0.21582031 0.39550781 0.08300782
v 0.21386719 0.40917969 0.07910157
v 0.21191406 0.42675781 0.04003907
v 0.19238281 0.42675781 0.04394532
v 0.17480469 0.42480469 0.04589844
v 0.17285156 0.43261719 0.00878907
v 0.15332031 0.42871094 -0.04003906
v 0.13964844 0.43261719 -0.08496094
v 0.12792969 0.43261719 -0.11816406
v 0.14355469 0.43652344 -0.12597656
v 0.14355469 0.43652344 -0.12597656
v 0.12988281 0.42480469 -0.16308594
v 0.12988281 0.40917969 -0.16894531
v 0.13183594 0.39355469 -0.17089844
v 0.13183594 0.39355469 -0.17089844
v 0.14941406 0.38964844 -0.17871094
v 0.14941406 0.38964844 -0.17871094
v 0.18847656 0.37792969 -0.05175781
v 0.18847656 0.37792969 -0.05175781
v 0.21582031 0.38183594 0.07910157
v 0.19824219 0.38183594 0.08300782
v 0.19628906 0.39550781 0.08691407
v 0.19433594 0.40917969 0.08496094
v 0.17675781 0.40917969 0.08300782
v 0.15917969 0.42089844 0.04785157
v 0.15722656 0.42675781 0.01269532
v 0.13964844 0.42089844 -0.03613281
v 0.14355469 0.41894531 0.01660157
v 0.10449219 0.41308594 0.06738282
v 0.10449219 0.41308594 0.06738282
v 0.10449219 0.41308594 0.06738282
v 0.08105469 0.41894531 0.09667969
v 0.07519532 0.41503906 0.09082032
v 0.06933594 0.41113281 0.08496094
v 0.04394532 0.41113281 0.11035157
v 0.04199219 0.41308594 0.10449219
v 0.01074219 0.41503906 0.10449219
v -0.02636718 0.41894531 0.09277344
v -0.02636718 0.41894531 0.09277344
v -0.04980468 0.42089844 0.05957032
v -0.06347656 0.42285156 0.03808594
v -0.06152343 0.42480469 0.01464844
v -0.05175781 0.42480469 -0.01269531
v -0.05175781 0.42480469 -0.01269531
v -0.03222656 0.42480469 -0.03417968
v -0.01074218 0.42285156 -0.04980468
v 0.01464844 0.42089844 -0.05371093
v 0.01464844 0.41894531 -0.06347656
v 0.04394532 0.41894531 -0.05566406
v 0.04394532 0.41894531 -0.05566406
v 0.04589844 0.41699219 -0.06152343
v 0.04589844 0.41699219 -0.06152343
v 0.04589844 0.41699219 -0.06152343
v 0.04980469 0.41894531 -0.06542969
v 0.04980469 0.41894531 -0.06542969
v 0.08691407 0.41894531 -0.05566406
v 0.10253907 0.41699219 -0.06738281
v 0.12402344 0.42480469 -0.08300781
v 0.12402344 0.42480469 -0.08300781
v 0.10839844 0.42480469 -0.11035156
v 0.10839844 0.42480469 -0.11035156
v 0.10449219 0.42285156 -0.13574219
v 0.10449219 0.42285156 -0.13574219
v 0.11621094 0.42480469 -0.14941406
v 0.11621094 0.42480469 -0.14941406
v 0.11621094 0.42480469 -0.14941406
v 0.11621094 0.41113281 -0.15527344
v 0.11621094 0.41113281 -0.15527344
v 0.11816407 0.39550781 -0.15722656
v 0.11816407 0.39550781 -0.15722656
v 0.17089844 0.37988281 -0.04785156
v 0.17871094 0.38378906 0.08105469
v 0.17871094 0.39550781 0.08496094
v 0.15917969 0.41113281 0.07910157
v 0.14355469 0.41308594 0.07519532
v 0.14355469 0.41308594 0.07519532
v 0.13964844 0.41699219 0.05175782
v 0.13964844 0.41699219 0.05175782
v 0.11816407 0.41503906 0.07910157
v 0.11816407 0.36230469 0.36425781
v 0.11816407 0.36621094 0.36425781
v 0.10644532 0.36816406 0.36035156
v 0.10644532 0.37597656 0.36035156
v 0.11816407 0.37207031 0.36230469
v 0.12597656 0.37597656 0.35644531
v 0.12792969 0.36816406 0.35644531
v 0.12792969 0.36230469 0.35449219
v 0.11230469 0.36230469 0.34277344
v 0.11621094 0.36035156 0.35644531
v 0.10644532 0.36230469 0.36035156
v 0.08691407 0.37597656 0.35058594
v 0.08691407 0.38378906 0.35058594
v 0.10058594 0.38183594 0.35058594
v 0.11425782 0.38183594 0.34863281
v 0.12597656 0.38378906 0.34472656
v 0.13769531 0.38378906 0.33886719
v 0.13964844 0.37597656 0.33886719
v 0.13769531 0.36621094 0.33691406
v 0.10839844 0.36425781 0.32714844
v 0.09667969 0.36425781 0.34667969
v 0.08691407 0.36621094 0.35058594
v 0.06542969 0.37011719 0.33691406
v 0.06347657 0.38183594 0.33691406
v 0.06347657 0.39160156 0.33691406
v 0.08691407 0.39355469 0.33496094
v 0.10839844 0.39355469 0.33105469
v 0.12988281 0.39550781 0.32324219
v 0.15332031 0.39550781 0.31347656
v 0.15332031 0.39550781 0.31347656
v 0.15527344 0.38378906 0.31152344
v 0.15332031 0.37207031 0.31347656
v 0.10253907 0.36621094 0.30761719
v 0.06933594 0.36621094 0.31542969
v 0.04199219 0.37011719 0.32324219
v 0.03808594 0.38378906 0.32128906
v 0.04003907 0.39550781 0.32128906
v 0.05175782 0.39941406 0.31933594
v 0.07324219 0.40332031 0.31542969
v 0.10058594 0.40527344 0.30957031
v 0.10058594 0.40527344 0.30957031
v 0.12792969 0.40722656 0.29980469
v 0.12792969 0.40722656 0.29980469
v 0.15136719 0.40917969 0.28808594
v 0.17285156 0.40722656 0.27441406
v 0.17285156 0.40722656 0.27441406
v 0.17480469 0.39355469 0.27441406
v 0.18066406 0.37988281 0.25878906
v 0.17285156 0.37792969 0.27636719
v 0.13378906 0.37011719 0.28027344
v 0.09863282 0.36621094 0.29003906
v 0.05371094 0.36621094 0.29785156
v 0.01074219 0.36816406 0.30566406
v 0.01074219 0.36816406 0.30566406
v 0.00878907 0.38183594 0.30371094
v 0.01074219 0.39746094 0.30371094
v 0.01074219 0.39746094 0.30371094
v 0.03222657 0.40527344 0.29980469
v 0.03222657 0.40527344 0.29980469
v 0.05957032 0.41113281 0.29394531
v 0.05957032 0.41113281 0.29394531
v 0.09277344 0.41699219 0.28613281
v 0.12402344 0.41894531 0.27832031
v 0.15332031 0.41699219 0.26855469
v 0.17675781 0.40917969 0.26074219
v 0.17675781 0.40917969 0.26074219
v 0.18066406 0.39550781 0.26074219
v 0.18652344 0.38183594 0.24121094
v 0.13574219 0.37207031 0.26660156
v 0.09472657 0.36621094 0.27441406
v 0.04589844 0.36425781 0.28808594
v 0.04589844 0.36425781 0.28808594
v -0.00292968 0.36621094 0.29394531
v -0.00488281 0.38183594 0.29589844
v -0.00488281 0.38183594 0.29589844
v -0.00097656 0.39550781 0.29394531
v -0.00097656 0.39550781 0.29394531
v 0.02246094 0.40722656 0.29003906
v 0.05175782 0.41699219 0.28222656
v 0.08691407 0.42285156 0.27441406
v 0.12207032 0.42675781 0.26269531
v 0.15332031 0.42480469 0.25292969
v 0.18261719 0.41308594 0.24316406
v 0.18261719 0.41308594 0.24316406
v 0.18847656 0.39746094 0.24316406
v 0.19238281 0.39941406 0.22363281
v 0.19238281 0.39941406 0.22363281
v 0.19238281 0.38183594 0.22167969
v 0.19238281 0.38183594 0.22167969
v 0.08691407 0.36816406 0.25683594
v 0.08691407 0.36816406 0.25683594
v -0.01855468 0.36621094 0.28222656
v -0.02050781 0.38183594 0.28222656
v -0.01660156 0.39746094 0.28027344
v 0.01074219 0.41308594 0.27636719
v 0.04394532 0.42285156 0.26855469
v 0.08300782 0.43066406 0.25878906
v 0.12011719 0.43457031 0.24707031
v 0.15527344 0.43066406 0.23535156
v 0.15527344 0.43066406 0.23535156
v 0.15527344 0.43066406 0.23535156
v 0.18847656 0.41699219 0.22363281
v 0.18847656 0.41699219 0.22363281
v 0.19042969 0.41894531 0.20410156
v 0.19628906 0.40136719 0.20214844
v 0.19628906 0.38378906 0.20214844
v 0.19628906 0.38378906 0.20214844
v 0.19628906 0.38378906 0.20214844
v 0.08105469 0.36816406 0.23925781
v 0.08105469 0.36816406 0.23925781
v 0.08105469 0.36816406 0.23925781
v -0.03222656 0.36621094 0.26660156
v -0.03417968 0.38183594 0.26855469
v -0.03027343 0.39941406 0.26660156
v -0.00097656 0.41699219 0.26074219
v 0.03613282 0.43066406 0.25292969
v 0.07714844 0.44042969 0.24121094
v 0.11816407 0.44238281 0.22949219
v 0.11816407 0.44238281 0.22949219
v 0.15527344 0.43847656 0.21582031
v 0.15527344 0.43847656 0.21582031
v 0.15527344 0.44238281 0.19433594
v 0.19238281 0.42089844 0.18261719
v 0.19824219 0.40136719 0.18066406
v 0.19042969 0.42285156 0.16308594
v 0.19824219 0.40332031 0.16113281
v 0.19824219 0.40332031 0.16113281
v 0.19824219 0.38378906 0.18261719
v 0.19824219 0.38378906 0.18261719
v 0.07519532 0.37207031 0.21972656
v 0.07519532 0.37207031 0.21972656
v -0.04394531 0.37011719 0.25097656
v -0.04785156 0.38574219 0.25292969
v -0.04394531 0.40332031 0.25097656
v -0.01074218 0.42285156 0.24316406
v 0.03027344 0.43652344 0.23339844
v 0.03027344 0.43652344 0.23339844
v 0.07324219 0.44824219 0.22167969
v 0.07324219 0.44824219 0.22167969
v 0.11425782 0.45019531 0.20800781
v 0.11230469 0.45605469 0.18652344
v 0.15332031 0.44628906 0.17480469
v 0.14746094 0.44628906 0.15332031
v 0.18457031 0.42285156 0.14355469
v 0.19238281 0.40332031 0.14160156
v 0.19238281 0.40332031 0.14160156
v 0.19042969 0.38574219 0.14355469
v 0.19628906 0.38378906 0.16113281
v 0.06933594 0.37402344 0.20019531
v 0.06933594 0.37402344 0.20019531
v -0.05371093 0.37402344 0.23535156
v -0.05371093 0.37402344 0.23535156
v -0.05566406 0.38964844 0.23535156
v -0.05371093 0.40722656 0.23339844
v -0.01660156 0.42675781 0.22558594
v -0.01660156 0.42675781 0.22558594
v 0.02441407 0.44238281 0.21386719
v 0.02441407 0.44238281 0.21386719
v 0.06738282 0.45410156 0.20019531
v 0.06347657 0.45410156 0.17871094
v 0.10644532 0.45410156 0.16503906
v 0.10058594 0.44824219 0.14746094
v 0.13769531 0.44238281 0.13574219
v 0.14550781 0.41894531 0.10449219
v 0.11230469 0.42285156 0.10644532
v 0.15917969 0.42089844 0.11425782
v 0.12597656 0.43457031 0.12207032
v 0.17480469 0.42285156 0.12792969
v 0.18066406 0.40332031 0.12597656
v 0.18066406 0.40332031 0.12597656
v 0.18066406 0.38574219 0.12792969
v 0.06347657 0.37792969 0.18261719
v -0.05761718 0.37792969 0.21777344
v -0.05761718 0.37792969 0.21777344
v -0.06152343 0.39550781 0.21777344
v -0.06152343 0.39550781 0.21777344
v -0.05761718 0.41113281 0.21582031
v -0.05761718 0.41113281 0.21582031
v -0.05761718 0.41113281 0.21582031
v -0.02050781 0.43066406 0.20605469
v 0.02050782 0.44433594 0.19238281
v 0.01660157 0.44042969 0.17480469
v 0.05957032 0.44628906 0.15917969
v 0.05566407 0.43457031 0.14355469
v 0.09472657 0.43652344 0.13183594
v 0.09082032 0.42871094 0.12207032
v 0.08691407 0.42285156 0.11621094
v 0.08496094 0.41699219 0.10449219
v 0.04785157 0.41699219 0.11816407
v 0.00878907 0.41308594 0.12207032
v 0.01074219 0.41113281 0.11230469
v -0.03027343 0.41503906 0.09863282
v -0.03027343 0.41503906 0.09863282
v -0.05957031 0.42285156 0.06933594
v -0.07714844 0.42675781 0.04199219
v -0.07324219 0.42675781 0.01269532
v -0.05957031 0.42480469 -0.01660156
v -0.05957031 0.42480469 -0.01660156
v -0.03808593 0.42285156 -0.04199218
v -0.01269531 0.42089844 -0.05761718
v 0.01660157 0.41894531 -0.06933594
v 0.01660157 0.41894531 -0.06933594
v 0.01660157 0.42285156 -0.07714844
v 0.05371094 0.42089844 -0.07324219
v 0.05371094 0.42089844 -0.07324219
v 0.06933594 0.42089844 -0.09277344
v 0.06933594 0.42089844 -0.09277344
v 0.07910157 0.42480469 -0.11230469
v 0.05175782 0.43066406 -0.11816406
v 0.05175782 0.43066406 -0.11816406
v -0.04980468 0.41113281 -0.33300781
v -0.04980468 0.40722656 -0.34667969
v -0.06347656 0.41503906 -0.33105469
v -0.04980468 0.39746094 -0.34667969
v -0.06347656 0.40527344 -0.33105469
v -0.06347656 0.42089844 -0.31542969
v -0.07714844 0.42480469 -0.31152344
v -0.07910156 0.41503906 -0.31347656
v -0.07910156 0.40332031 -0.31152344
v -0.06347656 0.39550781 -0.33105469
v -0.04980468 0.38769531 -0.34667969
v -0.04785156 0.38769531 -0.33105469
v -0.03417968 0.39160156 -0.33496094
v -0.03417968 0.40136719 -0.33691406
v -0.03417968 0.41113281 -0.33496094
v -0.02636718 0.41503906 -0.32714844
v -0.03417968 0.41894531 -0.31738281
v -0.04785156 0.41894531 -0.31738281
v -0.04785156 0.43066406 -0.29394531
v -0.06542969 0.43261719 -0.29199219
v -0.08300781 0.43261719 -0.29003906
v -0.09277344 0.43261719 -0.28808594
v -0.09472656 0.42285156 -0.29003906
v -0.09472656 0.40917969 -0.28808594
v -0.04785156 0.39160156 -0.31152344
v -0.01660156 0.39550781 -0.31738281
v -0.01660156 0.40722656 -0.31933594
v -0.01660156 0.41699219 -0.31933594
v -0.00878906 0.42089844 -0.30761719
v -0.00097656 0.42480469 -0.29589844
v -0.00097656 0.42480469 -0.29589844
v -0.01074218 0.42675781 -0.29589844
v -0.02832031 0.42871094 -0.29589844
v -0.02050781 0.44042969 -0.27246094
v -0.04589843 0.44238281 -0.27050781
v -0.07128906 0.44433594 -0.26855469
v -0.09277344 0.44433594 -0.26464844
v -0.11035156 0.44238281 -0.26074219
v -0.11230469 0.42871094 -0.26269531
v -0.11230469 0.41503906 -0.26269531
v -0.04785156 0.39355469 -0.29003906
v 0.00292969 0.40136719 -0.29785156
v 0.00292969 0.41503906 -0.29785156
v 0.02246094 0.42089844 -0.27636719
v 0.01855469 0.43261719 -0.27636719
v 0.00097657 0.43847656 -0.27441406
v 0.00097657 0.43847656 -0.27441406
v 0.01074219 0.44628906 -0.25488281
v 0.01074219 0.44628906 -0.25488281
v -0.01464843 0.45019531 -0.25292969
v -0.04394531 0.45214844 -0.25097656
v -0.04394531 0.45800781 -0.23339844
v -0.07519531 0.45214844 -0.24707031
v -0.10058594 0.45019531 -0.24511719
v -0.12011719 0.44628906 -0.24121094
v -0.12402344 0.43261719 -0.24316406
v -0.12207031 0.41699219 -0.24316406
v -0.04589843 0.39746094 -0.27050781
v 0.02246094 0.40527344 -0.27636719
v 0.03808594 0.40722656 -0.25878906
v 0.03808594 0.42480469 -0.25878906
v 0.03417969 0.43847656 -0.25683594
v 0.02050782 0.45214844 -0.23925781
v 0.02050782 0.45214844 -0.23925781
v -0.01074218 0.45605469 -0.23730469
v -0.00488281 0.46386719 -0.21972656
v -0.04003906 0.46582031 -0.21582031
v -0.07714844 0.45996094 -0.22949219
v -0.10644531 0.45605469 -0.22558594
v -0.13183594 0.44824219 -0.21972656
v -0.13183594 0.44824219 -0.21972656
v -0.13378906 0.43261719 -0.22167969
v -0.13378906 0.41699219 -0.22167969
v -0.04589843 0.39746094 -0.25097656
v 0.05371094 0.40722656 -0.24316406
v 0.05175782 0.42480469 -0.24121094
v 0.04589844 0.44238281 -0.24121094
v 0.02636719 0.45800781 -0.22167969
v 0.02636719 0.45800781 -0.22167969
v 0.03222657 0.46191406 -0.20410156
v 0.03222657 0.46191406 -0.20410156
v 0.03222657 0.46191406 -0.20410156
v 0.00097657 0.46777344 -0.20214844
v 0.00097657 0.46777344 -0.20214844
v -0.03613281 0.46972656 -0.19824219
v -0.03613281 0.46972656 -0.19824219
v -0.07714844 0.46582031 -0.20996094
v -0.07714844 0.46582031 -0.20996094
v -0.11035156 0.46191406 -0.20410156
v -0.11035156 0.46191406 -0.20410156
v -0.13964844 0.45019531 -0.19824219
v -0.13964844 0.45019531 -0.19824219
v -0.14355469 0.43457031 -0.19824219
v -0.14355469 0.43457031 -0.19824219
v -0.14160156 0.41503906 -0.20019531
v -0.14160156 0.41503906 -0.20019531
v -0.14160156 0.41503906 -0.20019531
v -0.04589843 0.39941406 -0.23144531
v 0.06542969 0.40722656 -0.22558594
v 0.06347657 0.42675781 -0.22558594
v 0.05371094 0.44433594 -0.22363281
v 0.05957032 0.44628906 -0.20605469
v 0.05957032 0.44628906 -0.20605469
v 0.06347657 0.44433594 -0.18652344
v 0.06347657 0.44433594 -0.18652344
v 0.03613282 0.46386719 -0.18457031
v 0.00488282 0.46972656 -0.18261719
v 0.01074219 0.46777344 -0.16308594
v -0.03222656 0.47167969 -0.17871094
v -0.07714844 0.46972656 -0.19042969
v -0.11425781 0.46386719 -0.18457031
v -0.14746094 0.45019531 -0.17675781
v -0.14941406 0.43457031 -0.17675781
v -0.14746094 0.41503906 -0.17871094
v -0.14746094 0.41503906 -0.17871094
v -0.04589843 0.39941406 -0.21191406
v -0.04589843 0.39941406 -0.21191406
v 0.07324219 0.40527344 -0.20800781
v 0.06933594 0.42675781 -0.20605469
v 0.06933594 0.42675781 -0.20605469
v 0.07324219 0.42480469 -0.18847656
v 0.07324219 0.42480469 -0.18847656
v 0.07324219 0.42480469 -0.18847656
v 0.06347657 0.44238281 -0.16894531
v 0.04003907 0.45996094 -0.16699219
v 0.04394532 0.44433594 -0.13378906
v 0.04199219 0.45410156 -0.14941406
v 0.01464844 0.46191406 -0.14550781
v -0.02636718 0.47167969 -0.15917969
v -0.07324219 0.47167969 -0.17089844
v -0.11621094 0.46582031 -0.16308594
v -0.15136719 0.45019531 -0.15527344
v -0.15332031 0.43261719 -0.15722656
v -0.15136719 0.41503906 -0.15917969
v -0.15136719 0.41503906 -0.15917969
v -0.04589843 0.40136719 -0.17480469
v -0.04589843 0.40136719 -0.19433594
v -0.04589843 0.40136719 -0.19433594
v 0.07714844 0.40527344 -0.19042969
v 0.07714844 0.40527344 -0.19042969
v 0.07324219 0.42285156 -0.16894531
v 0.07324219 0.42285156 -0.16894531
v 0.07128907 0.42089844 -0.15332031
v 0.07128907 0.42089844 -0.15332031
v 0.06347657 0.43652344 -0.15136719
v 0.06542969 0.43066406 -0.13574219
v 0.01660157 0.45019531 -0.12988281
v -0.01855468 0.45410156 -0.12402344
v -0.02246093 0.46386719 -0.13964844
v -0.06933594 0.46972656 -0.15136719
v -0.11425781 0.46582031 -0.14355469
v -0.15136719 0.45019531 -0.13574219
v -0.15332031 0.43261719 -0.13769531
v -0.14941406 0.41503906 -0.14160156
v -0.14941406 0.41503906 -0.14160156
v -0.04394531 0.40136719 -0.15527344
v 0.07714844 0.40332031 -0.17089844
v 0.07324219 0.40332031 -0.15527344
v 0.07128907 0.41699219 -0.13769531
v 0.07128907 0.41699219 -0.13769531
v 0.07128907 0.41699219 -0.13769531
v 0.07519532 0.42480469 -0.12597656
v 0.07519532 0.42480469 -0.12597656
v 0.09082032 0.42285156 -0.12597656
v 0.09082032 0.41308594 -0.12988281
v 0.09082032 0.41308594 -0.12988281
v 0.10449219 0.41113281 -0.14160156
v 0.10449219 0.41113281 -0.14160156
v 0.10449219 0.41113281 -0.14160156
v 0.10449219 0.39746094 -0.14160156
v 0.13769531 0.38769531 -0.03613281
v 0.15136719 0.38378906 -0.04199218
v 0.16113281 0.38574219 0.07714844
v 0.15917969 0.39941406 0.08105469
v 0.15917969 0.39941406 0.08105469
v 0.14355469 0.40136719 0.07714844
v 0.12988281 0.41308594 0.08300782
v 0.12988281 0.41308594 0.08300782
v 0.13183594 0.41699219 0.09667969
v 0.14941406 0.40332031 0.10449219
v 0.16503906 0.40332031 0.11425782
v 0.16503906 0.40332031 0.11425782
v 0.16503906 0.38769531 0.11621094
v 0.05761719 0.37988281 0.16308594
v -0.05761718 0.38378906 0.20019531
v -0.06152343 0.39941406 0.19824219
v -0.05761718 0.41503906 0.19824219
v -0.05761718 0.41503906 0.19824219
v -0.02246093 0.43066406 0.18652344
v -0.02441406 0.42675781 0.17089844
v 0.01269532 0.43261719 0.15917969
v 0.00683594 0.42089844 0.14746094
v 0.05371094 0.42675781 0.13769531
v 0.05175782 0.42089844 0.12988281
v 0.00878907 0.41503906 0.12988281
v -0.03417968 0.41699219 0.10449219
v -0.03417968 0.41699219 0.10449219
v -0.06542969 0.41894531 0.07324219
v -0.08300781 0.42480469 0.04394532
v -0.07910156 0.42480469 0.01269532
v -0.06347656 0.42480469 -0.02050781
v -0.06347656 0.42480469 -0.02050781
v -0.04199218 0.42285156 -0.04589843
v -0.01464843 0.42285156 -0.06738281
v -0.01660156 0.42675781 -0.07714844
v -0.01660156 0.42675781 -0.07714844
v 0.01855469 0.42480469 -0.08691406
v 0.02050782 0.42675781 -0.10253906
v 0.01855469 0.43847656 -0.11621094
v -0.01855468 0.44238281 -0.11035156
v -0.06347656 0.45605469 -0.11425781
v -0.06542969 0.46582031 -0.13183594
v -0.11035156 0.46191406 -0.12402344
v -0.14550781 0.44824219 -0.11621094
v -0.14746094 0.43261719 -0.12011719
v -0.14355469 0.41503906 -0.12402344
v -0.14355469 0.41503906 -0.12402344
v -0.04394531 0.40136719 -0.13769531
v 0.07128907 0.40332031 -0.13769531
v 0.07128907 0.40332031 -0.13769531
v 0.07714844 0.41503906 -0.12988281
v 0.07714844 0.41503906 -0.12988281
v 0.07714844 0.41503906 -0.12988281
v 0.09082032 0.40136719 -0.12988281
v 0.14355469 0.38964844 0.07519532
v 0.14355469 0.38964844 0.07519532
v 0.13183594 0.40332031 0.08496094
v 0.13574219 0.40332031 0.09667969
v 0.13378906 0.39160156 0.09667969
v 0.13378906 0.39160156 0.09667969
v 0.14941406 0.38964844 0.10644532
v 0.14941406 0.38964844 0.10644532
v 0.04980469 0.38378906 0.14746094
v -0.05566406 0.38769531 0.18261719
v -0.05761718 0.40332031 0.18261719
v -0.05566406 0.41699219 0.18066406
v -0.05566406 0.41699219 0.18066406
v -0.05371093 0.41699219 0.16503906
v -0.05371093 0.41699219 0.16503906
v -0.05371093 0.41699219 0.16503906
v -0.03027343 0.42089844 0.15332031
v 0.00683594 0.41503906 0.13769531
v -0.03808593 0.41894531 0.11230469
v -0.03808593 0.41894531 0.11230469
v -0.07324219 0.42089844 0.07910157
v -0.09082031 0.42675781 0.04589844
v -0.08691406 0.42675781 0.01074219
v -0.06933594 0.42675781 -0.02441406
v -0.06933594 0.42675781 -0.02441406
v -0.04394531 0.42480469 -0.05175781
v -0.04785156 0.42871094 -0.05761718
v -0.04785156 0.42871094 -0.05761718
v -0.02050781 0.42675781 -0.08886719
v -0.02050781 0.43066406 -0.10058594
v -0.06347656 0.44433594 -0.10058594
v -0.10644531 0.45410156 -0.10644531
v -0.13769531 0.44433594 -0.10058594
v -0.13964844 0.43066406 -0.10253906
v -0.13574219 0.41699219 -0.10644531
v -0.13574219 0.41699219 -0.10644531
v -0.04199218 0.40332031 -0.12011719
v 0.07714844 0.40332031 -0.12792969
v 0.07714844 0.40332031 -0.12792969
v 0.07714844 0.40332031 -0.12792969
v 0.13183594 0.39160156 0.08300782
v 0.13183594 0.39160156 0.08300782
v 0.13183594 0.39160156 0.08300782
v 0.04394532 0.38769531 0.13574219
v -0.05566406 0.39355469 0.16699219
v -0.05566406 0.39355469 0.16699219
v -0.05761718 0.40527344 0.16699219
v -0.05761718 0.40527344 0.16699219
v -0.06152343 0.41699219 0.15332031
v -0.05371093 0.42089844 0.14160156
v -0.05371093 0.42089844 0.14160156
v -0.04394531 0.41699219 0.12402344
v -0.04394531 0.41699219 0.12402344
v -0.08691406 0.42480469 0.09277344
v -0.07910156 0.42480469 0.08496094
v -0.10058594 0.42871094 0.04785157
v -0.09472656 0.43066406 0.00878907
v -0.07519531 0.42871094 -0.02832031
v -0.07519531 0.42871094 -0.02832031
v -0.07519531 0.42871094 -0.02832031
v -0.05566406 0.42871094 -0.06933594
v -0.06347656 0.43261719 -0.08300781
v -0.11425781 0.43652344 -0.06152343
v -0.10253906 0.44238281 -0.08691406
v -0.12792969 0.44042969 -0.08691406
v -0.13183594 0.42871094 -0.08691406
v -0.12988281 0.41699219 -0.09082031
v -0.12988281 0.41699219 -0.09082031
v -0.12988281 0.41699219 -0.09082031
v -0.06347656 0.39550781 0.15527344
v -0.06347656 0.39550781 0.15527344
v -0.06347656 0.39550781 0.15527344
v -0.06347656 0.40722656 0.15722656
v -0.07714844 0.42089844 0.15332031
v -0.07910156 0.42675781 0.12792969
v -0.09277344 0.43066406 0.09667969
v -0.10839844 0.43261719 0.04980469
v -0.10839844 0.43261719 0.00488282
v -0.09472656 0.43066406 -0.04589843
v -0.09472656 0.43066406 -0.04589843
v -0.12597656 0.44042969 -0.03613281
v -0.12597656 0.44042969 -0.03613281
v -0.13769531 0.43847656 -0.05957031
v -0.13769531 0.43847656 -0.05957031
v -0.12792969 0.43652344 -0.06933594
v -0.12988281 0.42675781 -0.07324219
v -0.12988281 0.41699219 -0.07128906
v -0.12988281 0.41699219 -0.07128906
v -0.07714844 0.39550781 0.15527344
v -0.07714844 0.40917969 0.15722656
v -0.09082031 0.40917969 0.16503906
v -0.08886719 0.42285156 0.16308594
v -0.09667969 0.43652344 0.13378906
v -0.10449219 0.44042969 0.09667969
v -0.11621094 0.44238281 0.05175782
v -0.12402344 0.44433594 0.00683594
v -0.14550781 0.45214844 -0.03417968
v -0.15527344 0.44042969 -0.05957031
v -0.15527344 0.44042969 -0.05957031
v -0.14160156 0.42675781 -0.06347656
v -0.14160156 0.41503906 -0.06347656
v -0.14160156 0.41503906 -0.06347656
v -0.09277344 0.39550781 0.16308594
v -0.10644531 0.39160156 0.17480469
v -0.10449219 0.40722656 0.17675781
v -0.10449219 0.42285156 0.17285156
v -0.11035156 0.44238281 0.14160156
v -0.11816406 0.45214844 0.10058594
v -0.12792969 0.45410156 0.05566407
v -0.13769531 0.45605469 0.01074219
v -0.16699219 0.45800781 -0.03222656
v -0.19824219 0.44433594 -0.06152343
v -0.19824219 0.44433594 -0.06152343
v -0.19042969 0.46191406 -0.03027343
v -0.19042969 0.46191406 -0.03027343
v -0.17480469 0.44238281 -0.06347656
v -0.17480469 0.44238281 -0.06347656
v -0.15722656 0.42675781 -0.06347656
v -0.15917969 0.41308594 -0.06347656
v -0.15917969 0.41308594 -0.06347656
v -0.15136719 0.39550781 0.06347657
v -0.12402344 0.38769531 0.18457031
v -0.12207031 0.40527344 0.18652344
v -0.12207031 0.42285156 0.18261719
v -0.12988281 0.44433594 0.14941406
v -0.13769531 0.45800781 0.10839844
v -0.14746094 0.46386719 0.06152344
v -0.15527344 0.46582031 0.01660157
v -0.17871094 0.46972656 0.02050782
v -0.17871094 0.46972656 0.02050782
v -0.21386719 0.46386719 -0.02441406
v -0.21386719 0.46386719 -0.02441406
v -0.21386719 0.46386719 -0.02441406
v -0.22167969 0.44433594 -0.05761718
v -0.20019531 0.42675781 -0.06738281
v -0.20019531 0.42675781 -0.06738281
v -0.20019531 0.42675781 -0.06738281
v -0.17871094 0.42675781 -0.06738281
v -0.17871094 0.42675781 -0.06738281
v -0.17871094 0.42675781 -0.06738281
v -0.18066406 0.41113281 -0.06542969
v -0.18066406 0.41113281 -0.06542969
v -0.17089844 0.39160156 0.06738282
v -0.14160156 0.38378906 0.19042969
v -0.14160156 0.40136719 0.19433594
v -0.14160156 0.41894531 0.19042969
v -0.15136719 0.44433594 0.15722656
v -0.16113281 0.45996094 0.11425782
v -0.17089844 0.46777344 0.06738282
v -0.19433594 0.46777344 0.07324219
v -0.19433594 0.46777344 0.07324219
v -0.20410156 0.46972656 0.02832032
v -0.23535156 0.46191406 -0.01660156
v -0.23535156 0.46191406 -0.01660156
v -0.24121094 0.44433594 -0.04980468
v -0.22363281 0.42675781 -0.06347656
v -0.20214844 0.40917969 -0.06738281
v -0.20214844 0.40917969 -0.06738281
v -0.19042969 0.38769531 0.07128907
v -0.19042969 0.38769531 0.07128907
v -0.16308594 0.37988281 0.19433594
v -0.16308594 0.37988281 0.19433594
v -0.16308594 0.37988281 0.19433594
v -0.16308594 0.39746094 0.19628906
v -0.16308594 0.41699219 0.19433594
v -0.17480469 0.44238281 0.16113281
v -0.17480469 0.44238281 0.16113281
v -0.17480469 0.44238281 0.16113281
v -0.18457031 0.45800781 0.12011719
v -0.18457031 0.45800781 0.12011719
v -0.20605469 0.45410156 0.12207032
v -0.21582031 0.46386719 0.07910157
v -0.22558594 0.46582031 0.03417969
v -0.24511719 0.46191406 0.04003907
v -0.25292969 0.45800781 -0.00683593
v -0.25292969 0.45800781 -0.00683593
v -0.25878906 0.44628906 -0.03808593
v -0.25878906 0.44628906 -0.03808593
v -0.24316406 0.42675781 -0.05371093
v -0.24121094 0.40917969 -0.05371093
v -0.22167969 0.40917969 -0.06152343
v -0.21191406 0.38769531 0.07519532
v -0.21191406 0.38769531 0.07519532
v -0.18261719 0.37597656 0.19433594
v -0.18261719 0.37597656 0.19433594
v -0.18261719 0.39355469 0.19628906
v -0.18261719 0.39355469 0.19628906
v -0.18457031 0.41308594 0.19238281
v -0.18457031 0.41308594 0.19238281
v -0.19433594 0.43847656 0.16113281
v -0.19433594 0.43847656 0.16113281
v -0.21386719 0.43261719 0.16113281
v -0.21386719 0.43261719 0.16113281
v -0.22558594 0.44824219 0.12402344
v -0.23535156 0.45800781 0.08300782
v -0.25292969 0.45019531 0.08691407
v -0.26074219 0.45410156 0.04589844
v -0.26855469 0.45410156 0.00488282
v -0.27441406 0.44628906 -0.02246093
v -0.27441406 0.44628906 -0.02246093
v -0.26074219 0.42871094 -0.04199218
v -0.25878906 0.41308594 -0.04199218
v -0.25878906 0.41308594 -0.04199218
v -0.25683594 0.39746094 0.02636719
v -0.25683594 0.39746094 0.02636719
v -0.23144531 0.38574219 0.07910157
v -0.23144531 0.38574219 0.07910157
v -0.23144531 0.38574219 0.07910157
v -0.20214844 0.37597656 0.19042969
v -0.20214844 0.39355469 0.19238281
v -0.20410156 0.41113281 0.19042969
v -0.22167969 0.41113281 0.18457031
v -0.23144531 0.42871094 0.15722656
v -0.23144531 0.42871094 0.15722656
v -0.24121094 0.44042969 0.12402344
v -0.26660156 0.44433594 0.08886719
v -0.27636719 0.44824219 0.05371094
v -0.28417969 0.45019531 0.01464844
v -0.28808594 0.44433594 -0.00878906
v -0.27636719 0.43066406 -0.02832031
v -0.27636719 0.43066406 -0.02832031
v -0.27636719 0.41503906 -0.02832031
v -0.27636719 0.39941406 0.03027344
v -0.24902344 0.38769531 0.08105469
v -0.24316406 0.37988281 0.13769531
v -0.24316406 0.37988281 0.13769531
v -0.22167969 0.37402344 0.18652344
v -0.21972656 0.39160156 0.18847656
v -0.23339844 0.39355469 0.18261719
v -0.23730469 0.40917969 0.17871094
v -0.23730469 0.40917969 0.17871094
v -0.24707031 0.42480469 0.15527344
v -0.24707031 0.42480469 0.15527344
v -0.25683594 0.43457031 0.12597656
v -0.29199219 0.43066406 0.09667969
v -0.29589844 0.43652344 0.06347657
v -0.29980469 0.44042969 0.02832032
v -0.33886719 0.41503906 0.06347657
v -0.32128906 0.42675781 0.05175782
v -0.32128906 0.42871094 0.03613282
v -0.30175781 0.44042969 0.00683594
v -0.29003906 0.43066406 -0.01269531
v -0.29199219 0.41308594 -0.01269531
v -0.28808594 0.39746094 0.04199219
v -0.27050781 0.38769531 0.08691407
v -0.25683594 0.37988281 0.13574219
v -0.25683594 0.37988281 0.13574219
v -0.23925781 0.37597656 0.17871094
v -0.24902344 0.39355469 0.17675781
v -0.24902344 0.39355469 0.17675781
v -0.27246094 0.39746094 0.16503906
v -0.26855469 0.40917969 0.16503906
v -0.26855469 0.40917969 0.16503906
v -0.27441406 0.41699219 0.14941406
v -0.28222656 0.42480469 0.12597656
v -0.30957031 0.41308594 0.12402344
v -0.31542969 0.41699219 0.10253907
v -0.31933594 0.42089844 0.07910157
v -0.33886719 0.40722656 0.09472657
v -0.33886719 0.41113281 0.07714844
v -0.34863281 0.40332031 0.08886719
v -0.35058594 0.39550781 0.08886719
v -0.33886719 0.40527344 0.06347657
v -0.32324219 0.41503906 0.03417969
v -0.30371094 0.42675781 0.00292969
v -0.30761719 0.40722656 0.00878907
v -0.30371094 0.39355469 0.05566407
v -0.28222656 0.38769531 0.09082032
v -0.27050781 0.38183594 0.13378906
v -0.25683594 0.37988281 0.17089844
v -0.25683594 0.37988281 0.17089844
v -0.27832031 0.38378906 0.16113281
v -0.30175781 0.39550781 0.15136719
v -0.30175781 0.40722656 0.14941406
v -0.31933594 0.40527344 0.13769531
v -0.33105469 0.40332031 0.12402344
v -0.33691406 0.40332031 0.11035157
v -0.35449219 0.39550781 0.10644532
v -0.35644531 0.38769531 0.10644532
v -0.35449219 0.38183594 0.10644532
v -0.34863281 0.38574219 0.08886719
v -0.33886719 0.39160156 0.06347657
v -0.32519531 0.39941406 0.03613282
v -0.32128906 0.38769531 0.07324219
v -0.31542969 0.38183594 0.10058594
v -0.29589844 0.38574219 0.09472657
v -0.28808594 0.38183594 0.12988281
v -0.30371094 0.38574219 0.14941406
v -0.32910156 0.39160156 0.13769531
v -0.32910156 0.39941406 0.13574219
v -0.34667969 0.39355469 0.12597656
v -0.35644531 0.39160156 0.11816407
v -0.35644531 0.38378906 0.11816407
v -0.35644531 0.37792969 0.11621094
v -0.33496094 0.37988281 0.10839844
v -0.30761719 0.38183594 0.12792969
v -0.32714844 0.38183594 0.13574219
v -0.34667969 0.38574219 0.12597656
v -0.34667969 0.37988281 0.12597656
v 0.42285156 -0.01464843 -0.22167969
v 0.43066406 0.02636719 -0.22363281
v 0.43066406 0.02636719 -0.22363281
v 0.42871094 -0.01660156 -0.21582031
v 0.43457031 0.02441407 -0.21972656
v 0.43457031 0.02441407 -0.21972656
v 0.43652344 0.06542969 -0.21777344
v 0.43261719 0.06738282 -0.23144531
v 0.43066406 0.10449219 -0.21777344
v 0.43066406 0.10644532 -0.22753906
v 0.42675781 0.14160156 -0.21191406
v 0.42675781 0.14550781 -0.21972656
v 0.41699219 0.17675781 -0.20410156
v 0.41699219 0.18066406 -0.21386719
v 0.40527344 0.20996094 -0.19433594
v 0.40527344 0.21386719 -0.20410156
v 0.41113281 0.18457031 -0.22753906
v 0.42089844 0.14746094 -0.23535156
v 0.42675781 0.10644532 -0.24121094
v 0.42675781 0.06542969 -0.24511719
v 0.42480469 0.02441407 -0.24902344
v 0.42480469 0.02441407 -0.24902344
v 0.43066406 0.02636719 -0.23339844
v 0.43066406 0.02636719 -0.23339844
v 0.42285156 -0.01464843 -0.23144531
v 0.41308594 -0.05761718 -0.22558594
v 0.41308594 -0.05761718 -0.21777344
v 0.41894531 -0.05957031 -0.21191406
v 0.42480469 -0.06542969 -0.19824219
v 0.43457031 -0.02246093 -0.20214844
v 0.44238281 0.02050782 -0.20605469
v 0.44238281 0.02050782 -0.20605469
v 0.44628906 0.06152344 -0.20410156
v 0.44433594 0.10253907 -0.20019531
v 0.43847656 0.14160156 -0.19433594
v 0.42871094 0.17675781 -0.18847656
v 0.41503906 0.21191406 -0.18066406
v 0.39550781 0.24316406 -0.17480469
v 0.38964844 0.24121094 -0.18261719
v 0.38964844 0.24511719 -0.19042969
v 0.38378906 0.25292969 -0.20214844
v 0.39941406 0.21972656 -0.21777344
v 0.38769531 0.22753906 -0.24121094
v 0.39941406 0.19042969 -0.25292969
v 0.40917969 0.15136719 -0.26269531
v 0.41308594 0.10839844 -0.27050781
v 0.41308594 0.06542969 -0.27832031
v 0.41113281 0.02050782 -0.28027344
v 0.41113281 0.02050782 -0.28027344
v 0.40332031 -0.02441406 -0.28027344
v 0.41699219 -0.01855468 -0.24511719
v 0.40722656 -0.06152343 -0.24121094
v 0.39355469 -0.10449219 -0.23144531
v 0.39941406 -0.10058594 -0.21777344
v 0.39941406 -0.09863281 -0.20800781
v 0.40722656 -0.10644531 -0.19433594
v 0.42480469 -0.11816406 -0.15722656
v 0.44042969 -0.07324219 -0.16503906
v 0.45214844 -0.02832031 -0.16894531
v 0.45996094 0.01660157 -0.17089844
v 0.45996094 0.01660157 -0.17089844
v 0.46386719 0.05957032 -0.16894531
v 0.45996094 0.10253907 -0.16308594
v 0.45410156 0.14160156 -0.15722656
v 0.44238281 0.18066406 -0.14941406
v 0.42871094 0.21777344 -0.14160156
v 0.41113281 0.25097656 -0.13574219
v 0.42871094 0.26269531 -0.08105469
v 0.41699219 0.30566406 0.05957032
v 0.41699219 0.30566406 0.05957032
v 0.43847656 0.27246094 -0.00683593
v 0.41503906 0.29980469 -0.00488281
v 0.41503906 0.29980469 -0.00488281
v 0.40527344 0.29394531 -0.07519531
v 0.38964844 0.28222656 -0.12597656
v 0.37597656 0.27246094 -0.16113281
v 0.36816406 0.26855469 -0.16894531
v 0.36816406 0.27441406 -0.17675781
v 0.36230469 0.28222656 -0.18847656
v 0.37207031 0.26269531 -0.22753906
v 0.33886719 0.27636719 -0.27832031
v 0.35449219 0.24121094 -0.29589844
v 0.36621094 0.20214844 -0.31152344
v 0.37597656 0.16113281 -0.32128906
v 0.37988281 0.11621094 -0.32910156
v 0.38183594 0.06933594 -0.33300781
v 0.37988281 0.02246094 -0.33300781
v 0.37988281 0.02246094 -0.33300781
v 0.37402344 -0.02636718 -0.32910156
v 0.36425781 -0.07324219 -0.32128906
v 0.39160156 -0.06933594 -0.27246094
v 0.37792969 -0.11425781 -0.26269531
v 0.36230469 -0.15917969 -0.24902344
v 0.37597656 -0.14746094 -0.21972656
v 0.38183594 -0.14355469 -0.20605469
v 0.38183594 -0.14160156 -0.19628906
v 0.38769531 -0.14355469 -0.19238281
v 0.39160156 -0.15136719 -0.17871094
v 0.40527344 -0.16308594 -0.14746094
v 0.42089844 -0.16894531 -0.10449219
v 0.44238281 -0.12402344 -0.11035156
v 0.45996094 -0.07910156 -0.11621094
v 0.47363281 -0.03027343 -0.12011719
v 0.48144531 0.01660157 -0.12011719
v 0.48144531 0.01660157 -0.12011719
v 0.48339844 0.06152344 -0.11621094
v 0.47949219 0.10644532 -0.11035156
v 0.47167969 0.14941406 -0.10253906
v 0.45996094 0.18847656 -0.09472656
v 0.44628906 0.22753906 -0.08691406
v 0.45605469 0.23730469 -0.00878906
v 0.43847656 0.27636719 0.06152344
v 0.43847656 0.27636719 0.06152344
v 0.40722656 0.30957031 0.12988281
v 0.37792969 0.33496094 0.11816407
v 0.38574219 0.32910156 0.05566407
v 0.38378906 0.32519531 -0.00488281
v 0.38378906 0.32519531 -0.00488281
v 0.37402344 0.31933594 -0.06542969
v 0.37402344 0.31933594 -0.06542969
v 0.36035156 0.30761719 -0.11230469
v 0.34863281 0.29980469 -0.14355469
v 0.31152344 0.32324219 -0.12011719
v 0.31152344 0.32324219 -0.12011719
v 0.30761719 0.31933594 -0.12597656
v 0.30761719 0.31933594 -0.12597656
v 0.34277344 0.29589844 -0.14941406
v 0.34082031 0.30175781 -0.15722656
v 0.33691406 0.30957031 -0.16699219
v 0.35253906 0.29199219 -0.20800781
v 0.32128906 0.30761719 -0.25488281
v 0.28417969 0.31347656 -0.29589844
v 0.29980469 0.28417969 -0.31933594
v 0.31347656 0.24902344 -0.34082031
v 0.32519531 0.20996094 -0.35644531
v 0.33300781 0.16699219 -0.36816406
v 0.33691406 0.12011719 -0.37597656
v 0.33691406 0.07324219 -0.37792969
v 0.33691406 0.02441407 -0.37402344
v 0.33691406 0.02441407 -0.37402344
v 0.33300781 -0.02441406 -0.36816406
v 0.32324219 -0.07128906 -0.35839844
v 0.31152344 -0.11816406 -0.34472656
v 0.35058594 -0.12011719 -0.30957031
v 0.33496094 -0.16503906 -0.29394531
v 0.31542969 -0.20996094 -0.27441406
v 0.34082031 -0.20214844 -0.23339844
v 0.35644531 -0.19042969 -0.20410156
v 0.36230469 -0.18457031 -0.19238281
v 0.36230469 -0.18261719 -0.18457031
v 0.36621094 -0.18457031 -0.17871094
v 0.37011719 -0.19238281 -0.16699219
v 0.38183594 -0.20605469 -0.13769531
v 0.39550781 -0.21386719 -0.09472656
v 0.40527344 -0.21386719 -0.02636718
v 0.43261719 -0.16894531 -0.03027343
v 0.45605469 -0.12402344 -0.03417968
v 0.47363281 -0.07714844 -0.03613281
v 0.48730469 -0.02832031 -0.03613281
v 0.49707031 0.01855469 -0.03417968
v 0.49707031 0.01855469 -0.03417968
v 0.49902344 0.06542969 -0.03027343
v 0.49511719 0.11230469 -0.02441406
v 0.48535156 0.15527344 -0.01855468
v 0.47167969 0.19824219 -0.01269531
v 0.47167969 0.20214844 0.05957032
v 0.45605469 0.24121094 0.06152344
v 0.45605469 0.24121094 0.06152344
v 0.42675781 0.28027344 0.13378906
v 0.42675781 0.28027344 0.13378906
v 0.39160156 0.31152344 0.19042969
v 0.39160156 0.31152344 0.19042969
v 0.36816406 0.31347656 0.24707031
v 0.34082031 0.33886719 0.22167969
v 0.36230469 0.33691406 0.17285156
v 0.36230469 0.33691406 0.17285156
v 0.32910156 0.35644531 0.15136719
v 0.32910156 0.35644531 0.15136719
v 0.34082031 0.35253906 0.10644532
v 0.35058594 0.34667969 0.05175782
v 0.31738281 0.35644531 0.04589844
v 0.34472656 0.34277344 -0.00292968
v 0.33496094 0.33886719 -0.05566406
v 0.32128906 0.32910156 -0.09472656
v 0.32128906 0.32910156 -0.09472656
v 0.27832031 0.34277344 -0.08105469
v 0.27832031 0.34277344 -0.08105469
v 0.27832031 0.34277344 -0.08105469
v 0.27050781 0.33496094 -0.09667969
v 0.27050781 0.33496094 -0.09667969
v 0.26660156 0.33105469 -0.10449219
v 0.26660156 0.33105469 -0.10449219
v 0.26660156 0.33105469 -0.10449219
v 0.26660156 0.33105469 -0.10449219
v 0.26464844 0.33691406 -0.11230469
v 0.26464844 0.33691406 -0.11230469
v 0.30566406 0.32519531 -0.13378906
v 0.30566406 0.32519531 -0.13378906
v 0.30175781 0.33300781 -0.13964844
v 0.30175781 0.33300781 -0.13964844
v 0.32714844 0.31933594 -0.18457031
v 0.32714844 0.31933594 -0.18457031
v 0.29785156 0.33300781 -0.22753906
v 0.29785156 0.33300781 -0.22753906
v 0.26269531 0.33886719 -0.26660156
v 0.24707031 0.31738281 -0.32128906
v 0.26269531 0.29003906 -0.34472656
v 0.27636719 0.25488281 -0.36621094
v 0.28808594 0.21386719 -0.38378906
v 0.29589844 0.17089844 -0.39746094
v 0.29394531 0.12402344 -0.41308594
v 0.29199219 0.07519532 -0.41699219
v 0.29199219 0.02636719 -0.41503906
v 0.29199219 0.02636719 -0.41503906
v 0.28808594 -0.02246093 -0.40722656
v 0.28027344 -0.07128906 -0.39746094
v 0.27050781 -0.11816406 -0.38183594
v 0.27050781 -0.11816406 -0.38183594
v 0.25878906 -0.16503906 -0.36425781
v 0.25878906 -0.16503906 -0.36425781
v 0.29785156 -0.16503906 -0.32714844
v 0.28027344 -0.20996094 -0.30761719
v 0.26074219 -0.25292969 -0.28613281
v 0.29394531 -0.25292969 -0.25292969
v 0.31738281 -0.24511719 -0.21582031
v 0.33300781 -0.23144531 -0.18847656
v 0.33691406 -0.22558594 -0.17871094
v 0.33886719 -0.22167969 -0.17089844
v 0.34277344 -0.22558594 -0.16503906
v 0.34472656 -0.23339844 -0.15332031
v 0.35449219 -0.24902344 -0.12597656
v 0.36425781 -0.25683594 -0.08691406
v 0.36425781 -0.25683594 -0.08691406
v 0.37402344 -0.25683594 -0.02246093
v 0.37402344 -0.25683594 -0.02246093
v 0.37597656 -0.25683594 0.03222657
v 0.37597656 -0.25683594 0.03222657
v 0.40722656 -0.21386719 0.03222657
v 0.43457031 -0.16894531 0.03222657
v 0.45800781 -0.12207031 0.03222657
v 0.47558594 -0.07519531 0.03222657
v 0.49121094 -0.02636718 0.03417969
v 0.49902344 0.02050782 0.03808594
v 0.49902344 0.02050782 0.03808594
v 0.49902344 0.06933594 0.04199219
v 0.49511719 0.11425782 0.04785157
v 0.48535156 0.15917969 0.05371094
v 0.45996094 0.20410156 0.13574219
v 0.45996094 0.20410156 0.13574219
v 0.44433594 0.24511719 0.13574219
v 0.44433594 0.24511719 0.13574219
v 0.40917969 0.28222656 0.19824219
v 0.40917969 0.28222656 0.19824219
v 0.38378906 0.28417969 0.25878906
v 0.34277344 0.31347656 0.29003906
v 0.31738281 0.34082031 0.26074219
v 0.29199219 0.34082031 0.29199219
v 0.25292969 0.36425781 0.24511719
v 0.25292969 0.36425781 0.24511719
v 0.28222656 0.36230469 0.21777344
v 0.31152344 0.35839844 0.19238281
v 0.28027344 0.37011719 0.16113281
v 0.28027344 0.37011719 0.16113281
v 0.28613281 0.37011719 0.12988281
v 0.28613281 0.37011719 0.12988281
v 0.28613281 0.37011719 0.12988281
v 0.29785156 0.36621094 0.08886719
v 0.29980469 0.35839844 0.00488282
v 0.28613281 0.35253906 -0.05175781
v 0.28613281 0.35253906 -0.05175781
v 0.23339844 0.34863281 -0.07714844
v 0.23339844 0.34863281 -0.07714844
v 0.22949219 0.34472656 -0.08691406
v 0.22949219 0.34472656 -0.08691406
v 0.22753906 0.35058594 -0.09277344
v 0.22753906 0.35058594 -0.09277344
v 0.26074219 0.34863281 -0.12011719
v 0.26074219 0.34863281 -0.12011719
v 0.29199219 0.34277344 -0.15917969
v 0.29199219 0.34277344 -0.15917969
v 0.26855469 0.35449219 -0.19628906
v 0.26855469 0.35449219 -0.19628906
v 0.26855469 0.35449219 -0.19628906
v 0.23925781 0.35839844 -0.23144531
v 0.23925781 0.35839844 -0.23144531
v 0.20996094 0.36230469 -0.25683594
v 0.22949219 0.34277344 -0.29199219
v 0.22949219 0.34277344 -0.29199219
v 0.19628906 0.32714844 -0.34863281
v 0.20605469 0.29785156 -0.37597656
v 0.20605469 0.29785156 -0.37597656
v 0.21582031 0.26074219 -0.39941406
v 0.22558594 0.21972656 -0.41894531
v 0.23339844 0.17480469 -0.43457031
v 0.23730469 0.12792969 -0.44433594
v 0.23925781 0.07910157 -0.44824219
v 0.23730469 0.03027344 -0.44824219
v 0.23730469 0.03027344 -0.44824219
v 0.23730469 0.03027344 -0.44824219
v 0.23535156 -0.02050781 -0.44238281
v 0.23535156 -0.02050781 -0.44238281
v 0.22949219 -0.06933594 -0.43066406
v 0.22949219 -0.06933594 -0.43066406
v 0.21972656 -0.11621094 -0.41503906
v 0.21972656 -0.11621094 -0.41503906
v 0.20996094 -0.16308594 -0.39355469
v 0.20996094 -0.16308594 -0.39355469
v 0.19824219 -0.20800781 -0.36816406
v 0.19824219 -0.20800781 -0.36816406
v 0.24316406 -0.20996094 -0.34082031
v 0.24316406 -0.20996094 -0.34082031
v 0.22753906 -0.25292969 -0.31347656
v 0.22753906 -0.25292969 -0.31347656
v 0.23925781 -0.29394531 -0.25878906
v 0.23925781 -0.29394531 -0.25878906
v 0.26855469 -0.29394531 -0.22949219
v 0.26855469 -0.29394531 -0.22949219
v 0.29199219 -0.28613281 -0.19433594
v 0.29199219 -0.28613281 -0.19433594
v 0.30566406 -0.27050781 -0.17089844
v 0.30566406 -0.27050781 -0.17089844
v 0.30957031 -0.26464844 -0.16308594
v 0.30957031 -0.26464844 -0.16308594
v 0.30957031 -0.26269531 -0.15527344
v 0.30957031 -0.26269531 -0.15527344
v 0.31347656 -0.26660156 -0.14941406
v 0.31347656 -0.26660156 -0.14941406
v 0.31542969 -0.27441406 -0.13769531
v 0.31542969 -0.27441406 -0.13769531
v 0.32324219 -0.29199219 -0.11230469
v 0.32324219 -0.29199219 -0.11230469
v 0.33105469 -0.29980469 -0.07714844
v 0.34082031 -0.29980469 -0.01855468
v 0.34082031 -0.29980469 0.03027344
v 0.29199219 -0.34472656 0.07519532
v 0.32910156 -0.29980469 0.08105469
v 0.36425781 -0.25683594 0.08691407
v 0.39550781 -0.21191406 0.09277344
v 0.39550781 -0.21191406 0.09277344
v 0.42285156 -0.16699219 0.09472657
v 0.44628906 -0.12011719 0.09863282
v 0.46386719 -0.07324219 0.10253907
v 0.47753906 -0.02441406 0.10644532
v 0.48535156 0.02246094 0.11230469
v 0.48535156 0.02246094 0.11230469
v 0.48730469 0.07128907 0.12011719
v 0.48144531 0.11621094 0.12597656
v 0.47363281 0.16113281 0.13183594
v 0.43847656 0.20605469 0.20605469
v 0.43847656 0.20605469 0.20605469
v 0.43847656 0.20605469 0.20605469
v 0.42480469 0.24707031 0.20410156
v 0.42480469 0.24707031 0.20410156
v 0.39550781 0.24707031 0.26855469
v 0.35644531 0.28417969 0.30566406
v 0.31738281 0.31347656 0.32324219
v 0.26660156 0.34082031 0.31738281
v 0.23339844 0.36230469 0.27246094
v 0.23339844 0.36230469 0.27246094
v 0.19824219 0.38183594 0.19433594
v 0.19824219 0.38183594 0.19433594
v 0.19824219 0.38183594 0.19433594
v 0.21777344 0.38378906 0.13183594
v 0.21777344 0.38378906 0.13183594
v 0.21777344 0.38378906 0.13183594
v 0.21777344 0.38378906 0.13183594
v 0.21777344 0.38378906 0.13183594
v 0.17871094 0.38378906 0.02636719
v 0.23925781 0.37597656 0.05566407
v 0.23925781 0.37597656 0.05566407
v 0.23730469 0.35839844 -0.05957031
v 0.23730469 0.35839844 -0.05957031
v 0.20214844 0.36230469 -0.07714844
v 0.22558594 0.35839844 -0.09863281
v 0.22558594 0.35839844 -0.09863281
v 0.21972656 0.36425781 -0.10449219
v 0.21972656 0.36425781 -0.10449219
v 0.25292969 0.35839844 -0.13378906
v 0.22949219 0.36816406 -0.16308594
v 0.20800781 0.37207031 -0.20019531
v 0.19433594 0.37402344 -0.22558594
v 0.16113281 0.38183594 -0.22753906
v 0.17089844 0.37011719 -0.27246094
v 0.18457031 0.35058594 -0.31542969
v 0.18457031 0.35058594 -0.31542969
v 0.14941406 0.33300781 -0.36621094
v 0.14941406 0.33300781 -0.36621094
v 0.14941406 0.33300781 -0.36621094
v 0.15722656 0.30371094 -0.39746094
v 0.15722656 0.30371094 -0.39746094
v 0.15722656 0.30371094 -0.39746094
v 0.15722656 0.30371094 -0.39746094
v 0.16503906 0.26660156 -0.42089844
v 0.16503906 0.26660156 -0.42089844
v 0.16503906 0.26660156 -0.42089844
v 0.17285156 0.22558594 -0.44238281
v 0.17285156 0.22558594 -0.44238281
v 0.17871094 0.18066406 -0.45800781
v 0.17871094 0.18066406 -0.45800781
v 0.18261719 0.13183594 -0.46777344
v 0.18261719 0.13183594 -0.46777344
v 0.18261719 0.08300782 -0.47167969
v 0.18261719 0.08300782 -0.47167969
v 0.18261719 0.03222657 -0.47167969
v 0.18261719 0.03222657 -0.47167969
v 0.18066406 -0.01660156 -0.46386719
v 0.18066406 -0.01660156 -0.46386719
v 0.18066406 -0.01660156 -0.46386719
v 0.17675781 -0.06542969 -0.45214844
v 0.16894531 -0.11425781 -0.43652344
v 0.16308594 -0.15917969 -0.41503906
v 0.15332031 -0.20605469 -0.38964844
v 0.14160156 -0.24902344 -0.36035156
v 0.14160156 -0.24902344 -0.36035156
v 0.18457031 -0.25097656 -0.34082031
v 0.18457031 -0.25097656 -0.34082031
v 0.18457031 -0.25097656 -0.34082031
v 0.16894531 -0.29394531 -0.30566406
v 0.16894531 -0.29394531 -0.30566406
v 0.20800781 -0.29394531 -0.28222656
v 0.20800781 -0.29394531 -0.28222656
v 0.20800781 -0.29394531 -0.28222656
v 0.18652344 -0.33691406 -0.24707031
v 0.18652344 -0.33691406 -0.24707031
v 0.21386719 -0.33691406 -0.22753906
v 0.24121094 -0.33691406 -0.20214844
v 0.26074219 -0.32910156 -0.17285156
v 0.27441406 -0.31347656 -0.15332031
v 0.27636719 -0.30566406 -0.14550781
v 0.27832031 -0.30175781 -0.13964844
v 0.28222656 -0.30761719 -0.13378906
v 0.28417969 -0.31738281 -0.12402344
v 0.28808594 -0.33496094 -0.09863281
v 0.29394531 -0.34472656 -0.06738281
v 0.30175781 -0.34472656 -0.01464843
v 0.30175781 -0.34472656 0.03027344
v 0.26855469 -0.37792969 0.02832032
v 0.22949219 -0.40722656 0.05566407
v 0.25878906 -0.37792969 0.06542969
v 0.27636719 -0.34472656 0.11621094
v 0.31347656 -0.29980469 0.12988281
v 0.34667969 -0.25683594 0.13964844
v 0.37597656 -0.21191406 0.14746094
v 0.37597656 -0.21191406 0.14746094
v 0.40332031 -0.16699219 0.15527344
v 0.40332031 -0.16699219 0.15527344
v 0.42480469 -0.12011719 0.16113281
v 0.44238281 -0.07324219 0.16699219
v 0.45605469 -0.02441406 0.17480469
v 0.46386719 0.02441407 0.18261719
v 0.46386719 0.02441407 0.18261719
v 0.46386719 0.02441407 0.18261719
v 0.46386719 0.07128907 0.19042969
v 0.46386719 0.07128907 0.19042969
v 0.45996094 0.11816407 0.19824219
v 0.45996094 0.11816407 0.19824219
v 0.45019531 0.16308594 0.20410156
v 0.45019531 0.16308594 0.20410156
v 0.41699219 0.16308594 0.27246094
v 0.40722656 0.20800781 0.27246094
v 0.36816406 0.24902344 0.31542969
v 0.33105469 0.28417969 0.33886719
v 0.29003906 0.31347656 0.35058594
v 0.25292969 0.31152344 0.37597656
v 0.23535156 0.33886719 0.34277344
v 0.20996094 0.35839844 0.30371094
v 0.20996094 0.35839844 0.30371094
v 0.17871094 0.36621094 0.28222656
v 0.18847656 0.37597656 0.23144531
v 0.18847656 0.37597656 0.23144531
v 0.13378906 0.38574219 0.17675781
v 0.13964844 0.38964844 0.09277344
v 0.13964844 0.38964844 0.09277344
v 0.12402344 0.38769531 0.00683594
v 0.19042969 0.37207031 -0.07519531
v 0.17871094 0.37988281 -0.11621094
v 0.17871094 0.37988281 -0.11621094
v 0.12402344 0.39355469 -0.13964844
v 0.12402344 0.39355469 -0.13964844
v 0.16894531 0.38574219 -0.18261719
v 0.12011719 0.38964844 -0.23730469
v 0.12011719 0.38964844 -0.23730469
v 0.13183594 0.37792969 -0.28613281
v 0.13183594 0.37792969 -0.28613281
v 0.14160156 0.35644531 -0.33105469
v 0.14160156 0.35644531 -0.33105469
v 0.10058594 0.36230469 -0.34472656
v 0.10644532 0.33886719 -0.37988281
v 0.11035157 0.30957031 -0.41113281
v 0.11035157 0.30957031 -0.41113281
v 0.11621094 0.27050781 -0.43652344
v 0.12207032 0.22949219 -0.45800781
v 0.12597656 0.18457031 -0.47363281
v 0.12792969 0.13574219 -0.48339844
v 0.12792969 0.08496094 -0.48925781
v 0.12792969 0.03613282 -0.48730469
v 0.12792969 0.03613282 -0.48730469
v 0.12597656 -0.01464843 -0.48144531
v 0.12597656 -0.01464843 -0.48144531
v 0.12402344 -0.06347656 -0.46972656
v 0.12011719 -0.11230469 -0.45214844
v 0.11425782 -0.15722656 -0.43066406
v 0.10644532 -0.20410156 -0.40527344
v 0.09863282 -0.24707031 -0.37402344
v 0.08886719 -0.29003906 -0.34082031
v 0.08886719 -0.29003906 -0.34082031
v 0.12988281 -0.29199219 -0.32519531
v 0.12988281 -0.29199219 -0.32519531
v 0.11621094 -0.33300781 -0.28613281
v 0.15136719 -0.33496094 -0.26855469
v 0.13769531 -0.36816406 -0.23535156
v 0.16699219 -0.36816406 -0.21777344
v 0.16699219 -0.36816406 -0.21777344
v 0.19042969 -0.37011719 -0.20214844
v 0.21386719 -0.36816406 -0.17871094
v 0.23339844 -0.36035156 -0.15332031
v 0.24511719 -0.34472656 -0.13574219
v 0.24707031 -0.33886719 -0.12988281
v 0.24707031 -0.33496094 -0.12207031
v 0.24902344 -0.33886719 -0.11816406
v 0.25292969 -0.34863281 -0.10644531
v 0.25878906 -0.36621094 -0.08691406
v 0.26074219 -0.37792969 -0.05957031
v 0.26855469 -0.37792969 -0.01269531
v 0.23730469 -0.40722656 0.02441407
v 0.20800781 -0.42871094 0.02246094
v 0.19824219 -0.43066406 0.04980469
v 0.18652344 -0.42871094 0.07519532
v 0.18652344 -0.42871094 0.07519532
v 0.21582031 -0.40722656 0.08691407
v 0.24511719 -0.37792969 0.10253907
v 0.25488281 -0.34277344 0.15917969
v 0.25488281 -0.34277344 0.15917969
v 0.28808594 -0.29785156 0.17871094
v 0.28808594 -0.29785156 0.17871094
v 0.31933594 -0.25488281 0.19433594
v 0.31933594 -0.25488281 0.19433594
v 0.34667969 -0.20996094 0.20605469
v 0.34667969 -0.20996094 0.20605469
v 0.37011719 -0.16503906 0.21777344
v 0.37011719 -0.16503906 0.21777344
v 0.37011719 -0.16503906 0.21777344
v 0.37011719 -0.16503906 0.21777344
v 0.39160156 -0.11816406 0.22753906
v 0.39160156 -0.11816406 0.22753906
v 0.40722656 -0.07128906 0.23730469
v 0.40722656 -0.07128906 0.23730469
v 0.41894531 -0.02246093 0.24707031
v 0.41894531 -0.02246093 0.24707031
v 0.42675781 0.02441407 0.25488281
v 0.42675781 0.02441407 0.25488281
v 0.42675781 0.02441407 0.25488281
v 0.42675781 0.07128907 0.26464844
v 0.42675781 0.07128907 0.26464844
v 0.42480469 0.11816407 0.27050781
v 0.42480469 0.11816407 0.27050781
v 0.38574219 0.16503906 0.32324219
v 0.38574219 0.16503906 0.32324219
v 0.37792969 0.20800781 0.32128906
v 0.34082031 0.24902344 0.34863281
v 0.30175781 0.28417969 0.36621094
v 0.26464844 0.28417969 0.39160156
v 0.26464844 0.28417969 0.39160156
v 0.21582031 0.28222656 0.41503906
v 0.21582031 0.28222656 0.41503906
v 0.20800781 0.31152344 0.39746094
v 0.20800781 0.31152344 0.39746094
v 0.19628906 0.33691406 0.36621094
v 0.18261719 0.35449219 0.32910156
v 0.18261719 0.35449219 0.32910156
v 0.14355469 0.35253906 0.34277344
v 0.13769531 0.36621094 0.29199219
v 0.13378906 0.37792969 0.22363281
v 0.13378906 0.37792969 0.22363281
v 0.07128907 0.37988281 0.19042969
v 0.07128907 0.37988281 0.19042969
v 0.09277344 0.36621094 0.27246094
v 0.06152344 0.36621094 0.27050781
v 0.03027344 0.36230469 0.26855469
v -0.01269531 0.34472656 0.25878906
v -0.00292968 0.35058594 0.26269531
v -0.00878906 0.36230469 0.22167969
v -0.00878906 0.36230469 0.22167969
v 0.00097657 0.36621094 0.22363281
v 0.00097657 0.36621094 0.22363281
v 0.00878907 0.35839844 0.26660156
v 0.02441407 0.37792969 0.19433594
v 0.02441407 0.37792969 0.19433594
v 0.06152344 0.38964844 0.09863282
v 0.06542969 0.38964844 0.00097657
v 0.06542969 0.38964844 0.00097657
v 0.06542969 0.38964844 0.00097657
v 0.06542969 0.38964844 0.00097657
v 0.07128907 0.39355469 -0.06738281
v 0.07128907 0.39355469 -0.06738281
v 0.05957032 0.40136719 -0.12402344
v 0.05957032 0.40136719 -0.12402344
v 0.10449219 0.39550781 -0.18457031
v 0.10449219 0.39550781 -0.18457031
v 0.10449219 0.39550781 -0.18457031
v 0.10449219 0.39550781 -0.18457031
v 0.09082032 0.39355469 -0.24511719
v 0.09472657 0.38183594 -0.29589844
v 0.05566407 0.38574219 -0.30371094
v 0.06152344 0.36621094 -0.35253906
v 0.06542969 0.34277344 -0.38964844
v 0.06542969 0.34277344 -0.38964844
v 0.06738282 0.31347656 -0.41894531
v 0.06933594 0.27441406 -0.44628906
v 0.07324219 0.23339844 -0.46582031
v 0.07519532 0.18652344 -0.48144531
v 0.07714844 0.13769531 -0.49316406
v 0.07714844 0.08886719 -0.49707031
v 0.07714844 0.03808594 -0.49707031
v 0.07714844 0.03808594 -0.49707031
v 0.07519532 -0.01074218 -0.49121094
v 0.07519532 -0.01074218 -0.49121094
v 0.07324219 -0.06152343 -0.47753906
v 0.07128907 -0.10839844 -0.46191406
v 0.06738282 -0.15527344 -0.44042969
v 0.06347657 -0.20214844 -0.41308594
v 0.05761719 -0.24511719 -0.38378906
v 0.05175782 -0.28808594 -0.35058594
v 0.05175782 -0.28808594 -0.35058594
v 0.04589844 -0.32910156 -0.31347656
v 0.07910157 -0.33105469 -0.30175781
v 0.07324219 -0.36425781 -0.26269531
v 0.10644532 -0.36621094 -0.24902344
v 0.12207032 -0.39355469 -0.20410156
v 0.14746094 -0.39550781 -0.19238281
v 0.14746094 -0.39550781 -0.19238281
v 0.16699219 -0.39550781 -0.17871094
v 0.18652344 -0.39355469 -0.15917969
v 0.20410156 -0.38574219 -0.13769531
v 0.21386719 -0.37207031 -0.12207031
v 0.21582031 -0.36425781 -0.11425781
v 0.21582031 -0.36035156 -0.10839844
v 0.21972656 -0.36621094 -0.10253906
v 0.22167969 -0.37597656 -0.09082031
v 0.22558594 -0.39355469 -0.07519531
v 0.22949219 -0.40527344 -0.05175781
v 0.23535156 -0.40722656 -0.00878906
v 0.20410156 -0.43066406 -0.00488281
v 0.17089844 -0.44824219 0.00683594
v 0.18261719 -0.44238281 0.02441407
v 0.16894531 -0.44628906 0.04589844
v 0.15527344 -0.44628906 0.06738282
v 0.15527344 -0.44628906 0.06738282
v 0.14355469 -0.44433594 0.08886719
v 0.14355469 -0.44433594 0.08886719
v 0.17285156 -0.42675781 0.10058594
v 0.17285156 -0.42675781 0.10058594
v 0.20019531 -0.40527344 0.11816407
v 0.20019531 -0.40527344 0.11816407
v 0.22558594 -0.37597656 0.13769531
v 0.22558594 -0.37597656 0.13769531
v 0.20800781 -0.37402344 0.16503906
v 0.23535156 -0.34082031 0.18847656
v 0.26660156 -0.29785156 0.21386719
v 0.29394531 -0.25292969 0.23339844
v 0.31738281 -0.20800781 0.25097656
v 0.33886719 -0.16308594 0.26660156
v 0.33886719 -0.16308594 0.26660156
v 0.35839844 -0.11621094 0.27832031
v 0.35839844 -0.11621094 0.27832031
v 0.37207031 -0.06933594 0.29003906
v 0.37207031 -0.06933594 0.29003906
v 0.38378906 -0.02050781 0.29980469
v 0.38378906 -0.02050781 0.29980469
v 0.38964844 0.02636719 0.30957031
v 0.38964844 0.02636719 0.30957031
v 0.38964844 0.02636719 0.30957031
v 0.39160156 0.07324219 0.31738281
v 0.39160156 0.12011719 0.32324219
v 0.39160156 0.12011719 0.32324219
v 0.35449219 0.16503906 0.36035156
v 0.34863281 0.20800781 0.35644531
v 0.34863281 0.20800781 0.35644531
v 0.31738281 0.20800781 0.38574219
v 0.31738281 0.20800781 0.38574219
v 0.31152344 0.24902344 0.37597656
v 0.31152344 0.24902344 0.37597656
v 0.27050781 0.24707031 0.40332031
v 0.27050781 0.24707031 0.40332031
v 0.21972656 0.24511719 0.42871094
v 0.16308594 0.28027344 0.43261719
v 0.15917969 0.30957031 0.41503906
v 0.15917969 0.30957031 0.41503906
v 0.15136719 0.33496094 0.38378906
v 0.15136719 0.33496094 0.38378906
v 0.15136719 0.33496094 0.38378906
v 0.10253907 0.34863281 0.35644531
v 0.09863282 0.36035156 0.31347656
v 0.06152344 0.35839844 0.31542969
v 0.03222657 0.35449219 0.31347656
v 0.00488282 0.34863281 0.30957031
v -0.01660156 0.33496094 0.29785156
v -0.02441406 0.33105469 0.29394531
v -0.02050781 0.34082031 0.25488281
v -0.01660156 0.35839844 0.21972656
v -0.01269531 0.37207031 0.19628906
v -0.01269531 0.37207031 0.19628906
v -0.02441406 0.36425781 0.21972656
v -0.02441406 0.36425781 0.21972656
v -0.01269531 0.37792969 0.18457031
v -0.01269531 0.37792969 0.18457031
v -0.02441406 0.38769531 0.10449219
v -0.02441406 0.38769531 0.10449219
v -0.03222656 0.39355469 0.01464844
v -0.03222656 0.39355469 0.01464844
v -0.03027343 0.40332031 -0.05566406
v -0.03027343 0.40332031 -0.05566406
v -0.03027343 0.40332031 -0.05566406
v -0.03027343 0.40332031 -0.05566406
v -0.02050781 0.40722656 -0.11816406
v 0.04980469 0.40332031 -0.18457031
v 0.04980469 0.40332031 -0.18457031
v 0.04980469 0.39746094 -0.25097656
v 0.01464844 0.39941406 -0.24902344
v 0.02441407 0.38769531 -0.30957031
v 0.02636719 0.36816406 -0.35839844
v 0.02832032 0.34472656 -0.39355469
v 0.02832032 0.34472656 -0.39355469
v 0.02832032 0.31542969 -0.42285156
v 0.03027344 0.27832031 -0.44824219
v 0.03027344 0.23535156 -0.46972656
v 0.03027344 0.18847656 -0.48535156
v 0.03222657 0.14160156 -0.49511719
v 0.03222657 0.09082032 -0.49902344
v 0.03027344 0.04003907 -0.49902344
v 0.03027344 0.04003907 -0.49902344
v 0.03027344 -0.00878906 -0.49316406
v 0.03027344 -0.00878906 -0.49316406
v 0.03027344 -0.05957031 -0.48144531
v 0.02832032 -0.10644531 -0.46386719
v 0.02636719 -0.15332031 -0.44238281
v 0.02441407 -0.20019531 -0.41699219
v 0.02050782 -0.24316406 -0.38769531
v 0.01855469 -0.28613281 -0.35449219
v 0.01855469 -0.28613281 -0.35449219
v -0.01855468 -0.32714844 -0.31542969
v -0.01855468 -0.32714844 -0.31542969
v -0.01855468 -0.32714844 -0.31542969
v 0.01464844 -0.32714844 -0.31542969
v 0.01464844 -0.32714844 -0.31542969
v 0.01269532 -0.36035156 -0.27832031
v 0.04199219 -0.36230469 -0.27441406
v 0.04003907 -0.38769531 -0.23339844
v 0.06738282 -0.38964844 -0.22558594
v 0.09667969 -0.39160156 -0.21386719
v 0.08691407 -0.41308594 -0.18066406
v 0.10839844 -0.41503906 -0.17480469
v 0.12988281 -0.41308594 -0.16894531
v 0.14355469 -0.41503906 -0.15527344
v 0.14355469 -0.41503906 -0.15527344
v 0.15722656 -0.41308594 -0.13964844
v 0.17089844 -0.40527344 -0.12207031
v 0.18261719 -0.39355469 -0.10644531
v 0.18457031 -0.38574219 -0.09863281
v 0.18457031 -0.38183594 -0.09277344
v 0.18847656 -0.38769531 -0.08691406
v 0.19238281 -0.39941406 -0.07714844
v 0.19238281 -0.41503906 -0.06347656
v 0.19628906 -0.42871094 -0.04199218
v 0.15917969 -0.44628906 -0.03027343
v 0.12402344 -0.45996094 -0.01660156
v 0.14550781 -0.45605469 0.03222657
v 0.12792969 -0.45800781 0.05371094
v 0.12792969 -0.45800781 0.05371094
v 0.11621094 -0.45800781 0.07128907
v 0.10839844 -0.45800781 0.08300782
v 0.13574219 -0.44042969 0.10449219
v 0.15917969 -0.42480469 0.12207032
v 0.18457031 -0.40332031 0.14160156
v 0.16894531 -0.40136719 0.16308594
v 0.19238281 -0.37402344 0.18847656
v 0.21777344 -0.33886719 0.21191406
v 0.24316406 -0.29589844 0.23925781
v 0.26660156 -0.25292969 0.26464844
v 0.28808594 -0.20800781 0.28613281
v 0.28808594 -0.20800781 0.28613281
v 0.30761719 -0.16113281 0.30371094
v 0.30761719 -0.16113281 0.30371094
v 0.32128906 -0.11425781 0.31933594
v 0.33496094 -0.06738281 0.33300781
v 0.34472656 -0.02050781 0.34472656
v 0.34472656 -0.02050781 0.34472656
v 0.35253906 0.02832032 0.35253906
v 0.35253906 0.02832032 0.35253906
v 0.35644531 0.07519532 0.35839844
v 0.35644531 0.12011719 0.36230469
v 0.31933594 0.12011719 0.39550781
v 0.32128906 0.16503906 0.39160156
v 0.27441406 0.20605469 0.41308594
v 0.21777344 0.20605469 0.44238281
v 0.16113281 0.20410156 0.45996094
v 0.16503906 0.24511719 0.44824219
v 0.11230469 0.27832031 0.44433594
v 0.11035157 0.30761719 0.42480469
v 0.11035157 0.30761719 0.42480469
v 0.10644532 0.33105469 0.39355469
v 0.10644532 0.33105469 0.39355469
v 0.06152344 0.34667969 0.35839844
v 0.02832032 0.34277344 0.35644531
v 0.02832032 0.34277344 0.35644531
v -0.00292968 0.33496094 0.34863281
v -0.00292968 0.33496094 0.34863281
v -0.02441406 0.32324219 0.33691406
v -0.02441406 0.32324219 0.33691406
v -0.03222656 0.31933594 0.33300781
v -0.03222656 0.31933594 0.33300781
v -0.04003906 0.32519531 0.33496094
v -0.03222656 0.33691406 0.29589844
v -0.02832031 0.34667969 0.25683594
v -0.04003906 0.35449219 0.25683594
v -0.03417968 0.37011719 0.21777344
v -0.03417968 0.37011719 0.21777344
v -0.05371093 0.36230469 0.25683594
v -0.08105469 0.37011719 0.25097656
v -0.08105469 0.37011719 0.25097656
v -0.08105469 0.37011719 0.25097656
v -0.09667969 0.38183594 0.18457031
v -0.09667969 0.38183594 0.18457031
v -0.10839844 0.39355469 0.11425782
v -0.12207031 0.40136719 0.05566407
v -0.12597656 0.40332031 0.02246094
v -0.12988281 0.41308594 -0.05175781
v -0.12988281 0.41308594 -0.05175781
v -0.12597656 0.41308594 -0.11230469
v -0.03417968 0.40722656 -0.18457031
v -0.03417968 0.40722656 -0.18457031
v -0.02050781 0.39941406 -0.25878906
v -0.01660156 0.38769531 -0.31738281
v -0.01660156 0.37011719 -0.36035156
v -0.01464843 0.34667969 -0.39355469
v -0.01464843 0.34667969 -0.39355469
v -0.01660156 0.31738281 -0.42089844
v -0.01855468 0.28027344 -0.44628906
v -0.02050781 0.23925781 -0.46777344
v -0.02246093 0.19238281 -0.48339844
v -0.02246093 0.14355469 -0.49316406
v -0.02246093 0.09472657 -0.49902344
v -0.02246093 0.04394532 -0.49707031
v -0.02246093 -0.00683593 -0.49121094
v -0.02246093 -0.00683593 -0.49121094
v -0.02246093 -0.05566406 -0.47949219
v -0.02246093 -0.10449219 -0.46386719
v -0.02246093 -0.15136719 -0.44238281
v -0.02050781 -0.19824219 -0.41503906
v -0.02050781 -0.24121094 -0.38574219
v -0.02050781 -0.28417969 -0.35253906
v -0.05371093 -0.32519531 -0.31152344
v -0.05371093 -0.32519531 -0.31152344
v -0.08496094 -0.35644531 -0.26464844
v -0.04785156 -0.35839844 -0.27441406
v -0.01660156 -0.35839844 -0.27832031
v -0.01660156 -0.35839844 -0.27832031
v 0.01074219 -0.38574219 -0.24121094
v 0.01074219 -0.38574219 -0.24121094
v 0.01269532 -0.40527344 -0.20214844
v 0.03808594 -0.40917969 -0.19628906
v 0.06347657 -0.41113281 -0.18847656
v 0.07910157 -0.42871094 -0.15136719
v 0.09863282 -0.42871094 -0.14941406
v 0.11621094 -0.42480469 -0.15136719
v 0.12011719 -0.42871094 -0.13574219
v 0.12011719 -0.42871094 -0.13574219
v 0.12792969 -0.42871094 -0.12207031
v 0.12792969 -0.42871094 -0.12207031
v 0.14160156 -0.42285156 -0.10449219
v 0.15136719 -0.41113281 -0.09082031
v 0.15332031 -0.40332031 -0.08496094
v 0.15332031 -0.39941406 -0.07714844
v 0.15527344 -0.40527344 -0.07128906
v 0.15917969 -0.41699219 -0.06152343
v 0.15917969 -0.43261719 -0.04980468
v 0.12402344 -0.44824219 -0.03417968
v 0.09277344 -0.45605469 -0.02246093
v 0.09472657 -0.46582031 -0.00488281
v 0.06542969 -0.46777344 -0.00488281
v 0.06542969 -0.46777344 -0.00488281
v 0.06542969 -0.46777344 -0.00488281
v 0.07910157 -0.47167969 0.03808594
v 0.07910157 -0.47167969 0.03808594
v 0.06933594 -0.47167969 0.04785157
v 0.06152344 -0.47167969 0.05761719
v 0.10058594 -0.45800781 0.09277344
v 0.12597656 -0.44042969 0.11816407
v 0.14550781 -0.42285156 0.14160156
v 0.14746094 -0.40332031 0.18066406
v 0.17089844 -0.37402344 0.20605469
v 0.19433594 -0.34082031 0.23144531
v 0.21777344 -0.29785156 0.26269531
v 0.23730469 -0.25292969 0.29003906
v 0.23730469 -0.25292969 0.29003906
v 0.25292969 -0.20996094 0.31542969
v 0.25292969 -0.20996094 0.31542969
v 0.26855469 -0.16308594 0.33691406
v 0.28222656 -0.11621094 0.35644531
v 0.29199219 -0.06933594 0.37011719
v 0.30175781 -0.02050781 0.38183594
v 0.30957031 0.02636719 0.39160156
v 0.30957031 0.02636719 0.39160156
v 0.31542969 0.07324219 0.39550781
v 0.27246094 0.11816407 0.42675781
v 0.27441406 0.16308594 0.42285156
v 0.21582031 0.16113281 0.45214844
v 0.15527344 0.16113281 0.47167969
v 0.10449219 0.20214844 0.47167969
v 0.10839844 0.24121094 0.45996094
v 0.05761719 0.27246094 0.44824219
v 0.06152344 0.30175781 0.42871094
v 0.06152344 0.32714844 0.39746094
v 0.06152344 0.32714844 0.39746094
v 0.02246094 0.32324219 0.39550781
v 0.02246094 0.32324219 0.39550781
v -0.01269531 0.31152344 0.38574219
v -0.01269531 0.31152344 0.38574219
v -0.03613281 0.29980469 0.37207031
v -0.03613281 0.29980469 0.37207031
v -0.04394531 0.29589844 0.36816406
v -0.04394531 0.29589844 0.36816406
v -0.04980468 0.30175781 0.37011719
v -0.04980468 0.30175781 0.37011719
v -0.07324219 0.31542969 0.37597656
v -0.07324219 0.31542969 0.37597656
v -0.06152343 0.33886719 0.33886719
v -0.06152343 0.33886719 0.33886719
v -0.05566406 0.35253906 0.29785156
v -0.08300781 0.36035156 0.29394531
v -0.11035156 0.36230469 0.28613281
v -0.11035156 0.36230469 0.28613281
v -0.11230469 0.37011719 0.24316406
v -0.11230469 0.37011719 0.24316406
v -0.14746094 0.36816406 0.23144531
v -0.16113281 0.37402344 0.18261719
v -0.16113281 0.37402344 0.18261719
v -0.17871094 0.38183594 0.13183594
v -0.17871094 0.38183594 0.13183594
v -0.20019531 0.39160156 0.07714844
v -0.20019531 0.39160156 0.07714844
v -0.22167969 0.39746094 0.03027344
v -0.22167969 0.39746094 0.03027344
v -0.26464844 0.39746094 -0.00683593
v -0.22167969 0.40722656 -0.05175781
v -0.22167969 0.40722656 -0.05175781
v -0.22167969 0.40722656 -0.05175781
v -0.20410156 0.41113281 -0.11425781
v -0.18847656 0.40917969 -0.16699219
v -0.18847656 0.40917969 -0.16699219
v -0.12207031 0.40917969 -0.17285156
v -0.12207031 0.40917969 -0.17285156
v -0.08691406 0.40332031 -0.24316406
v -0.08691406 0.40332031 -0.24316406
v -0.05371093 0.39550781 -0.28027344
v -0.05761718 0.38769531 -0.32519531
v -0.06152343 0.37011719 -0.36230469
v -0.06152343 0.37011719 -0.36230469
v -0.06542969 0.34863281 -0.38964844
v -0.06933594 0.32128906 -0.41503906
v -0.07324219 0.28222656 -0.44042969
v -0.07714844 0.24121094 -0.45996094
v -0.07324219 0.19433594 -0.47753906
v -0.07519531 0.14746094 -0.48730469
v -0.07714844 0.09667969 -0.49316406
v -0.07714844 0.04589844 -0.49121094
v -0.07714844 -0.00488281 -0.48535156
v -0.07714844 -0.00488281 -0.48535156
v -0.07519531 -0.05371093 -0.47363281
v -0.07324219 -0.10253906 -0.45800781
v -0.06933594 -0.14941406 -0.43652344
v -0.06542969 -0.19628906 -0.41113281
v -0.06152343 -0.23925781 -0.38183594
v -0.05761718 -0.28222656 -0.34863281
v -0.09667969 -0.32519531 -0.29980469
v -0.09667969 -0.32519531 -0.29980469
v -0.12207031 -0.35644531 -0.24902344
v -0.07324219 -0.38574219 -0.22949219
v -0.04199218 -0.38574219 -0.23730469
v -0.01464843 -0.38574219 -0.24121094
v -0.01269531 -0.40722656 -0.20214844
v -0.01269531 -0.40722656 -0.20214844
v -0.00683593 -0.42285156 -0.16308594
v 0.01464844 -0.42089844 -0.16308594
v 0.03417969 -0.42285156 -0.15917969
v 0.05957032 -0.42675781 -0.15527344
v 0.05957032 -0.44042969 -0.11816406
v 0.08886719 -0.43847656 -0.12402344
v 0.09863282 -0.44238281 -0.10644531
v 0.09863282 -0.44238281 -0.10644531
v 0.11035157 -0.43652344 -0.09082031
v 0.11035157 -0.43652344 -0.09082031
v 0.11816407 -0.42675781 -0.07519531
v 0.12011719 -0.41894531 -0.06738281
v 0.12011719 -0.41503906 -0.06152343
v 0.12207032 -0.42285156 -0.05566406
v 0.12402344 -0.43457031 -0.04589843
v 0.09082032 -0.44238281 -0.03222656
v 0.06152344 -0.45605469 -0.02050781
v 0.06152344 -0.45605469 -0.02050781
v 0.02832032 -0.46191406 -0.00878906
v 0.02832032 -0.46191406 -0.00878906
v 0.03808594 -0.46972656 0.00878907
v 0.03808594 -0.46972656 0.00878907
v 0.03808594 -0.46972656 0.00878907
v 0.02246094 -0.47167969 0.02246094
v 0.02246094 -0.47167969 0.02246094
v 0.05175782 -0.47167969 0.06933594
v 0.09082032 -0.45800781 0.10449219
v 0.11230469 -0.44433594 0.12792969
v 0.12792969 -0.42675781 0.15527344
v 0.10839844 -0.42871094 0.17285156
v 0.12597656 -0.40527344 0.19824219
v 0.14550781 -0.37597656 0.22363281
v 0.16503906 -0.34277344 0.25097656
v 0.18457031 -0.29785156 0.28613281
v 0.19824219 -0.25488281 0.31542969
v 0.19824219 -0.25488281 0.31542969
v 0.21191406 -0.20996094 0.34472656
v 0.22363281 -0.16503906 0.36816406
v 0.23339844 -0.11816406 0.38964844
v 0.24121094 -0.07128906 0.40527344
v 0.24902344 -0.02441406 0.41894531
v 0.24902344 -0.02441406 0.41894531
v 0.25878906 0.02441407 0.42480469
v 0.25878906 0.02441407 0.42480469
v 0.26660156 0.07128907 0.42871094
v 0.20019531 0.06933594 0.46191406
v 0.20800781 0.11621094 0.45996094
v 0.14746094 0.11621094 0.48144531
v 0.09667969 0.15722656 0.48339844
v 0.04589844 0.19628906 0.47753906
v 0.05371094 0.23535156 0.46386719
v 0.01074219 0.26269531 0.44628906
v 0.01660157 0.29394531 0.42480469
v -0.02246093 0.28417969 0.41503906
v -0.04785156 0.27246094 0.40136719
v -0.05371093 0.26855469 0.39746094
v -0.05957031 0.27246094 0.39941406
v -0.08300781 0.28808594 0.40527344
v -0.10058594 0.32714844 0.37207031
v -0.08886719 0.34863281 0.33496094
v -0.08886719 0.34863281 0.33496094
v -0.11816406 0.35253906 0.32519531
v -0.11816406 0.35253906 0.32519531
v -0.14160156 0.36230469 0.27246094
v -0.14160156 0.36230469 0.27246094
v -0.16894531 0.36035156 0.25878906
v -0.16894531 0.36035156 0.25878906
v -0.18847656 0.36425781 0.22558594
v -0.18847656 0.36425781 0.22558594
v -0.21386719 0.36816406 0.18652344
v -0.23339844 0.37207031 0.14941406
v -0.24902344 0.37792969 0.11816407
v -0.26269531 0.38183594 0.09082032
v -0.27832031 0.38769531 0.05566407
v -0.29785156 0.38964844 0.01660157
v -0.30566406 0.39355469 -0.01855468
v -0.28613281 0.39746094 -0.06152343
v -0.26660156 0.40136719 -0.10449219
v -0.26660156 0.40136719 -0.10449219
v -0.25097656 0.40332031 -0.14550781
v -0.23339844 0.40332031 -0.17871094
v -0.23339844 0.40332031 -0.17871094
v -0.21191406 0.40136719 -0.22363281
v -0.21191406 0.40136719 -0.22363281
v -0.19824219 0.39941406 -0.24316406
v -0.17480469 0.40527344 -0.22363281
v -0.17480469 0.40527344 -0.22363281
v -0.13574219 0.40332031 -0.23339844
v -0.13574219 0.40332031 -0.23339844
v -0.12011719 0.39941406 -0.26660156
v -0.13964844 0.38964844 -0.31542969
v -0.09667969 0.38964844 -0.31933594
v -0.10839844 0.37207031 -0.35644531
v -0.10839844 0.37207031 -0.35644531
v -0.11816406 0.35058594 -0.37988281
v -0.12402344 0.32324219 -0.40332031
v -0.13183594 0.28417969 -0.42480469
v -0.13964844 0.24316406 -0.44433594
v -0.14550781 0.19628906 -0.45800781
v -0.14746094 0.14746094 -0.46777344
v -0.14941406 0.09863282 -0.47363281
v -0.14941406 0.04785157 -0.47363281
v -0.14746094 -0.00292968 -0.46777344
v -0.14746094 -0.00292968 -0.46777344
v -0.14355469 -0.05175781 -0.45605469
v -0.13964844 -0.10058594 -0.44042969
v -0.13378906 -0.14746094 -0.42089844
v -0.12597656 -0.19433594 -0.39550781
v -0.11621094 -0.23925781 -0.36816406
v -0.10839844 -0.28222656 -0.33496094
v -0.13964844 -0.32519531 -0.28027344
v -0.13964844 -0.32519531 -0.28027344
v -0.14550781 -0.35644531 -0.23535156
v -0.12402344 -0.38378906 -0.20410156
v -0.10449219 -0.38574219 -0.21582031
v -0.08691406 -0.40722656 -0.18261719
v -0.06152343 -0.40722656 -0.19238281
v -0.03613281 -0.40722656 -0.20019531
v -0.03027343 -0.42675781 -0.16113281
v -0.03027343 -0.42675781 -0.16113281
v 0.00097657 -0.43457031 -0.11816406
v 0.03027344 -0.43652344 -0.11816406
v 0.04394532 -0.44433594 -0.08691406
v 0.06933594 -0.44628906 -0.09667969
v 0.07910157 -0.44238281 -0.07714844
v 0.08691407 -0.43457031 -0.06347656
v 0.08691407 -0.43457031 -0.06347656
v 0.08691407 -0.42871094 -0.05371093
v 0.08691407 -0.42871094 -0.05371093
v 0.08691407 -0.42675781 -0.04589843
v 0.08691407 -0.42675781 -0.04589843
v 0.08886719 -0.43261719 -0.04199218
v 0.08886719 -0.43261719 -0.04199218
v 0.05957032 -0.44433594 -0.02832031
v 0.05957032 -0.44433594 -0.02832031
v 0.02441407 -0.45410156 -0.01464843
v 0.02441407 -0.45410156 -0.01464843
v 0.00683594 -0.46386719 0.00878907
v -0.00292968 -0.46191406 0.04199219
v -0.00292968 -0.46191406 0.04199219
v 0.01269532 -0.46972656 0.04785157
v 0.04003907 -0.46972656 0.08300782
v 0.07714844 -0.45800781 0.12011719
v 0.09472657 -0.44628906 0.14355469
v 0.07519532 -0.44628906 0.16113281
v 0.08496094 -0.43066406 0.19042969
v 0.09863282 -0.40722656 0.21777344
v 0.11230469 -0.37792969 0.24511719
v 0.12597656 -0.34472656 0.27441406
v 0.13964844 -0.29980469 0.31152344
v 0.14941406 -0.25683594 0.34472656
v 0.14941406 -0.25683594 0.34472656
v 0.15722656 -0.21191406 0.37402344
v 0.16503906 -0.16699219 0.39941406
v 0.17089844 -0.12011719 0.42089844
v 0.17675781 -0.07324219 0.43847656
v 0.18457031 -0.02636718 0.45214844
v 0.18457031 -0.02636718 0.45214844
v 0.19238281 0.02246094 0.45996094
v 0.13769531 0.06933594 0.48339844
v 0.08691407 0.11230469 0.49316406
v 0.03613282 0.15332031 0.48925781
v -0.00488281 0.18847656 0.47363281
v 0.00292969 0.22753906 0.46191406
v -0.03808593 0.21582031 0.45214844
v -0.03027343 0.25097656 0.43457031
v -0.05566406 0.24316406 0.42285156
v -0.06152343 0.23925781 0.41894531
v -0.06933594 0.24316406 0.42285156
v -0.09472656 0.25683594 0.42675781
v -0.11425781 0.29980469 0.40136719
v -0.14746094 0.30761719 0.38574219
v -0.13183594 0.33300781 0.35839844
v -0.13183594 0.33300781 0.35839844
v -0.13183594 0.33300781 0.35839844
v -0.17285156 0.33496094 0.33496094
v -0.17285156 0.33496094 0.33496094
v -0.17285156 0.33496094 0.33496094
v -0.17285156 0.33496094 0.33496094
v -0.15332031 0.35253906 0.30566406
v -0.15332031 0.35253906 0.30566406
v -0.18652344 0.35449219 0.28027344
v -0.18652344 0.35449219 0.28027344
v -0.22363281 0.35839844 0.24121094
v -0.25488281 0.36230469 0.20410156
v -0.27832031 0.36621094 0.16699219
v -0.29589844 0.37011719 0.13183594
v -0.30957031 0.37402344 0.09863282
v -0.31933594 0.37792969 0.06347657
v -0.32910156 0.38183594 0.02246094
v -0.33105469 0.38574219 -0.02636718
v -0.32128906 0.38964844 -0.07519531
v -0.30566406 0.39160156 -0.12207031
v -0.30566406 0.39160156 -0.12207031
v -0.28417969 0.39355469 -0.16699219
v -0.26464844 0.39355469 -0.20214844
v -0.26464844 0.39355469 -0.20214844
v -0.23925781 0.39355469 -0.24121094
v -0.23925781 0.39355469 -0.24121094
v -0.21191406 0.39160156 -0.27441406
v -0.17675781 0.39160156 -0.29394531
v -0.19433594 0.37402344 -0.32324219
v -0.19433594 0.37402344 -0.32324219
v -0.15527344 0.37402344 -0.34277344
v -0.15527344 0.37402344 -0.34277344
v -0.16699219 0.35058594 -0.36425781
v -0.17675781 0.32324219 -0.38378906
v -0.19238281 0.28417969 -0.40136719
v -0.20800781 0.24316406 -0.41503906
v -0.21582031 0.19628906 -0.42871094
v -0.21972656 0.14746094 -0.43652344
v -0.21972656 0.09863282 -0.44238281
v -0.21972656 0.04785157 -0.44042969
v -0.21582031 -0.00292968 -0.43652344
v -0.21582031 -0.00292968 -0.43652344
v -0.20996094 -0.05175781 -0.42675781
v -0.20410156 -0.10058594 -0.41113281
v -0.19433594 -0.14746094 -0.39355469
v -0.18261719 -0.19433594 -0.37011719
v -0.17089844 -0.23925781 -0.34472656
v -0.15527344 -0.28222656 -0.31542969
v -0.16699219 -0.32324219 -0.26660156
v -0.16699219 -0.32324219 -0.26660156
v -0.17089844 -0.35644531 -0.21777344
v -0.14746094 -0.38378906 -0.18847656
v -0.14160156 -0.40722656 -0.14160156
v -0.14160156 -0.40722656 -0.14160156
v -0.12402344 -0.40722656 -0.15917969
v -0.10449219 -0.40722656 -0.17285156
v -0.06933594 -0.42675781 -0.14941406
v -0.04980468 -0.42675781 -0.15527344
v -0.02832031 -0.44042969 -0.11816406
v -0.02832031 -0.44042969 -0.11816406
v -0.01855468 -0.44824219 -0.06933594
v -0.01855468 -0.44824219 -0.06933594
v 0.00292969 -0.44238281 -0.07519531
v 0.02441407 -0.44238281 -0.08105469
v 0.03222657 -0.44042969 -0.04199218
v 0.05566407 -0.43847656 -0.05371093
v 0.05761719 -0.43261719 -0.04199218
v 0.05761719 -0.43261719 -0.04199218
v 0.05761719 -0.43066406 -0.03417968
v 0.05761719 -0.43066406 -0.03417968
v 0.05957032 -0.43652344 -0.03222656
v 0.02441407 -0.44628906 -0.01660156
v 0.02441407 -0.44628906 -0.01660156
v 0.00097657 -0.45605469 0.00292969
v -0.00683593 -0.45410156 0.03808594
v -0.00683593 -0.45410156 0.03808594
v -0.00292968 -0.45996094 0.06542969
v -0.00292968 -0.45996094 0.06542969
v 0.01074219 -0.46777344 0.06738282
v 0.01660157 -0.46582031 0.09667969
v 0.01269532 -0.45996094 0.12988281
v 0.05957032 -0.45605469 0.14160156
v 0.05957032 -0.44238281 0.18066406
v 0.06152344 -0.42871094 0.20605469
v 0.06933594 -0.40722656 0.23144531
v 0.07910157 -0.37792969 0.26074219
v 0.08886719 -0.34472656 0.29199219
v 0.09667969 -0.29980469 0.32910156
v 0.09667969 -0.29980469 0.32910156
v 0.10253907 -0.25683594 0.36230469
v 0.10644532 -0.21386719 0.39160156
v 0.11035157 -0.16894531 0.41894531
v 0.11425782 -0.12207031 0.44042969
v 0.11816407 -0.07519531 0.45996094
v 0.12402344 -0.02636718 0.47363281
v 0.12402344 -0.02636718 0.47363281
v 0.12988281 0.02050782 0.48144531
v 0.12988281 0.02050782 0.48144531
v 0.07714844 0.06542969 0.49511719
v 0.02441407 0.10839844 0.49707031
v -0.01660156 0.14746094 0.48339844
v -0.04589843 0.18066406 0.46386719
v -0.06152343 0.20996094 0.44042969
v -0.06933594 0.20800781 0.43652344
v -0.07714844 0.21191406 0.44042969
v -0.10253906 0.22167969 0.44433594
v -0.12792969 0.26855469 0.42285156
v -0.16308594 0.27636719 0.40722656
v -0.16308594 0.27636719 0.40722656
v -0.19238281 0.31152344 0.36035156
v -0.19238281 0.31152344 0.36035156
v -0.19238281 0.31152344 0.36035156
v -0.20996094 0.33691406 0.30761719
v -0.25488281 0.34277344 0.26269531
v -0.28808594 0.34667969 0.22363281
v -0.28808594 0.34667969 0.22363281
v -0.31542969 0.35058594 0.18261719
v -0.31542969 0.35058594 0.18261719
v -0.33496094 0.35449219 0.14160156
v -0.33496094 0.35449219 0.14160156
v -0.34863281 0.35839844 0.10644532
v -0.34863281 0.35839844 0.10644532
v -0.35839844 0.36230469 0.06542969
v -0.35839844 0.36230469 0.06542969
v -0.36425781 0.36621094 0.02246094
v -0.36425781 0.36621094 0.02246094
v -0.36425781 0.37011719 -0.03027343
v -0.35449219 0.37207031 -0.08496094
v -0.33886719 0.37402344 -0.13574219
v -0.33886719 0.37402344 -0.13574219
v -0.31542969 0.37402344 -0.18652344
v -0.29003906 0.37402344 -0.22558594
v -0.29003906 0.37402344 -0.22558594
v -0.26269531 0.37402344 -0.26464844
v -0.26269531 0.37402344 -0.26464844
v -0.22949219 0.37402344 -0.29785156
v -0.22949219 0.37402344 -0.29785156
v -0.24707031 0.35253906 -0.31738281
v -0.20996094 0.35253906 -0.34277344
v -0.22363281 0.32324219 -0.36035156
v -0.23730469 0.28613281 -0.37792969
v -0.24902344 0.24316406 -0.39355469
v -0.25683594 0.19628906 -0.40527344
v -0.26269531 0.14746094 -0.41308594
v -0.26464844 0.09863282 -0.41699219
v -0.26464844 0.04785157 -0.41699219
v -0.26074219 -0.00292968 -0.41308594
v -0.26074219 -0.00292968 -0.41308594
v -0.25488281 -0.05175781 -0.40332031
v -0.24511719 -0.10058594 -0.38964844
v -0.23339844 -0.14746094 -0.37207031
v -0.22167969 -0.19433594 -0.35058594
v -0.20605469 -0.23925781 -0.32519531
v -0.18847656 -0.28222656 -0.29785156
v -0.19433594 -0.32324219 -0.24511719
v -0.19433594 -0.32324219 -0.24511719
v -0.19628906 -0.35644531 -0.19433594
v -0.16894531 -0.38378906 -0.16894531
v -0.16113281 -0.40722656 -0.12011719
v -0.16113281 -0.40722656 -0.12011719
v -0.13183594 -0.42675781 -0.09863281
v -0.13183594 -0.42675781 -0.09863281
v -0.10058594 -0.42675781 -0.12988281
v -0.08105469 -0.42675781 -0.14355469
v -0.05175781 -0.44042969 -0.11230469
v -0.04394531 -0.45019531 -0.05957031
v -0.04394531 -0.45019531 -0.05957031
v -0.02832031 -0.44824219 -0.06738281
v -0.02832031 -0.44824219 -0.06738281
v -0.00683593 -0.44628906 -0.01464843
v -0.00683593 -0.44628906 -0.01464843
v -0.00683593 -0.44628906 -0.01464843
v 0.03417969 -0.43847656 -0.03222656
v 0.03417969 -0.43847656 -0.03222656
v 0.03613282 -0.43457031 -0.02441406
v 0.03613282 -0.43457031 -0.02441406
v -0.00097656 -0.45214844 0.00097657
v -0.00097656 -0.45214844 0.00097657
v -0.00878906 -0.44824219 0.03613282
v -0.00878906 -0.45019531 0.06347657
v -0.00878906 -0.45019531 0.06347657
v 0.00097657 -0.45996094 0.09472657
v -0.00292968 -0.45214844 0.12988281
v 0.00683594 -0.44628906 0.16894531
v 0.04199219 -0.44824219 0.17285156
v 0.03613282 -0.43066406 0.20800781
v 0.04003907 -0.40722656 0.23925781
v 0.04589844 -0.37792969 0.27050781
v 0.04980469 -0.34472656 0.30175781
v 0.05371094 -0.29980469 0.34082031
v 0.05371094 -0.29980469 0.34082031
v 0.05566407 -0.25683594 0.37402344
v 0.05761719 -0.21386719 0.40527344
v 0.05761719 -0.16894531 0.43066406
v 0.05761719 -0.12402344 0.45410156
v 0.05957032 -0.07714844 0.47167969
v 0.06347657 -0.02832031 0.48535156
v 0.06347657 -0.02832031 0.48535156
v 0.06738282 0.01855469 0.49316406
v 0.06738282 0.01855469 0.49316406
v 0.01269532 0.06152344 0.49902344
v -0.02832031 0.10449219 0.49121094
v -0.05566406 0.14160156 0.47363281
v -0.06738281 0.17675781 0.45410156
v -0.07519531 0.17480469 0.45019531
v -0.08300781 0.17675781 0.45410156
v -0.11035156 0.18457031 0.45800781
v -0.14941406 0.19433594 0.45410156
v -0.13964844 0.23339844 0.44042969
v -0.17871094 0.24121094 0.42285156
v -0.17871094 0.24121094 0.42285156
v -0.20996094 0.28222656 0.37988281
v -0.20996094 0.28222656 0.37988281
v -0.20996094 0.28222656 0.37988281
v -0.23144531 0.31542969 0.32910156
v -0.23144531 0.31542969 0.32910156
v -0.28222656 0.32128906 0.28222656
v -0.28222656 0.32128906 0.28222656
v -0.31933594 0.32714844 0.23730469
v -0.34667969 0.33105469 0.19433594
v -0.36816406 0.33496094 0.15136719
v -0.38183594 0.33886719 0.11035157
v -0.38964844 0.34277344 0.06933594
v -0.38964844 0.34277344 0.06933594
v -0.39550781 0.34472656 0.02050782
v -0.39550781 0.34472656 0.02050782
v -0.39355469 0.34863281 -0.03417968
v -0.39355469 0.34863281 -0.03417968
v -0.38183594 0.35253906 -0.09082031
v -0.38183594 0.35253906 -0.09082031
v -0.36425781 0.35253906 -0.14550781
v -0.36425781 0.35253906 -0.14550781
v -0.33886719 0.35253906 -0.20019531
v -0.33886719 0.35253906 -0.20019531
v -0.33886719 0.35253906 -0.20019531
v -0.31152344 0.35253906 -0.24316406
v -0.31152344 0.35253906 -0.24316406
v -0.27832031 0.35253906 -0.28417969
v -0.29589844 0.32324219 -0.30175781
v -0.26074219 0.32324219 -0.33496094
v -0.27636719 0.28613281 -0.35058594
v -0.29003906 0.24316406 -0.36425781
v -0.29980469 0.19628906 -0.37597656
v -0.30566406 0.14746094 -0.38183594
v -0.30957031 0.09863282 -0.38574219
v -0.30761719 0.04785157 -0.38574219
v -0.30371094 -0.00292968 -0.37988281
v -0.30371094 -0.00292968 -0.37988281
v -0.29589844 -0.05175781 -0.37207031
v -0.28613281 -0.10058594 -0.35839844
v -0.27441406 -0.14746094 -0.34472656
v -0.25878906 -0.19433594 -0.32324219
v -0.23925781 -0.23925781 -0.30175781
v -0.21972656 -0.28222656 -0.27441406
v -0.22167969 -0.32324219 -0.22167969
v -0.22167969 -0.32324219 -0.22167969
v -0.21972656 -0.35644531 -0.16699219
v -0.21972656 -0.35644531 -0.16699219
v -0.19042969 -0.38378906 -0.14355469
v -0.19042969 -0.38378906 -0.14355469
v -0.17480469 -0.40722656 -0.10058594
v -0.14941406 -0.42675781 -0.06347656
v -0.14355469 -0.42675781 -0.07910156
v -0.08496094 -0.44238281 -0.08300781
v -0.08496094 -0.44238281 -0.08300781
v -0.07128906 -0.44824219 -0.03417968
v -0.02050781 -0.45019531 -0.01660156
v -0.00488281 -0.44433594 -0.00292968
v -0.00488281 -0.44433594 -0.00292968
v -0.01074218 -0.43847656 0.03417969
v -0.01269531 -0.43457031 0.05957032
v -0.01269531 -0.43457031 0.05957032
v -0.01074218 -0.44042969 0.06152344
v -0.01074218 -0.44042969 0.06152344
v -0.00683593 -0.44824219 0.09277344
v -0.01074218 -0.43847656 0.12792969
v -0.00683593 -0.43847656 0.16699219
v 0.00683594 -0.42871094 0.20605469
v 0.00878907 -0.40527344 0.24121094
v 0.01074219 -0.37792969 0.27441406
v 0.01074219 -0.34472656 0.30761719
v 0.01074219 -0.29980469 0.34472656
v 0.01074219 -0.29980469 0.34472656
v 0.00878907 -0.25683594 0.37792969
v 0.00683594 -0.21386719 0.40917969
v 0.00488282 -0.16894531 0.43457031
v 0.00097657 -0.12402344 0.45800781
v 0.00097657 -0.07910156 0.47558594
v 0.00097657 -0.03027343 0.48925781
v 0.00488282 0.01660157 0.49707031
v 0.00488282 0.01660157 0.49707031
v -0.04394531 0.01464844 0.48925781
v -0.03808593 0.05957032 0.49121094
v -0.06347656 0.10058594 0.47753906
v -0.07519531 0.13964844 0.46386719
v -0.08105469 0.13964844 0.45996094
v -0.08886719 0.14160156 0.46386719
v -0.11621094 0.14550781 0.46777344
v -0.15527344 0.15136719 0.46386719
v -0.19042969 0.20019531 0.43652344
v -0.19042969 0.20019531 0.43652344
v -0.24316406 0.20605469 0.40722656
v -0.22753906 0.24707031 0.39355469
v -0.25097656 0.28613281 0.34863281
v -0.30566406 0.29394531 0.29785156
v -0.34472656 0.29980469 0.25097656
v -0.37597656 0.30371094 0.20410156
v -0.39746094 0.30761719 0.15722656
v -0.40917969 0.30957031 0.11425782
v -0.41699219 0.31347656 0.06933594
v -0.42285156 0.31738281 0.02050782
v -0.41894531 0.32128906 -0.03808593
v -0.41894531 0.32128906 -0.03808593
v -0.40917969 0.32519531 -0.09667969
v -0.40917969 0.32519531 -0.09667969
v -0.38769531 0.32519531 -0.15722656
v -0.38769531 0.32519531 -0.15722656
v -0.38769531 0.32519531 -0.15722656
v -0.38769531 0.32519531 -0.15722656
v -0.35839844 0.32324219 -0.21386719
v -0.35839844 0.32324219 -0.21386719
v -0.32910156 0.32324219 -0.25878906
v -0.34863281 0.28613281 -0.27246094
v -0.31347656 0.28613281 -0.31542969
v -0.32714844 0.24316406 -0.32910156
v -0.33886719 0.19628906 -0.33886719
v -0.34667969 0.14746094 -0.34667969
v -0.35058594 0.09863282 -0.35058594
v -0.34863281 0.04785157 -0.34863281
v -0.34472656 -0.00292968 -0.34472656
v -0.34472656 -0.00292968 -0.34472656
v -0.33691406 -0.05175781 -0.33691406
v -0.32519531 -0.10058594 -0.32519531
v -0.30957031 -0.14746094 -0.30957031
v -0.29199219 -0.19433594 -0.29199219
v -0.27246094 -0.23925781 -0.27246094
v -0.24902344 -0.28222656 -0.24707031
v -0.24902344 -0.28222656 -0.24707031
v -0.24707031 -0.32324219 -0.19042969
v -0.24707031 -0.32324219 -0.19042969
v -0.24707031 -0.32324219 -0.19042969
v -0.23730469 -0.35644531 -0.13964844
v -0.20605469 -0.38378906 -0.12011719
v -0.18457031 -0.40722656 -0.07714844
v -0.15527344 -0.42675781 -0.04199218
v -0.11230469 -0.44042969 -0.05175781
v -0.07324219 -0.44824219 -0.01269531
v -0.01660156 -0.44628906 -0.00292968
v -0.01660156 -0.44042969 0.03417969
v -0.02050781 -0.43652344 0.05957032
v -0.02441406 -0.43457031 0.08886719
v -0.02441406 -0.43457031 0.08886719
v -0.01660156 -0.43066406 0.08886719
v -0.01269531 -0.43847656 0.09082032
v -0.01855468 -0.42871094 0.12597656
v -0.01660156 -0.42285156 0.16503906
v -0.01074218 -0.41894531 0.20605469
v -0.01269531 -0.39746094 0.24121094
v -0.01660156 -0.36816406 0.27636719
v -0.01855468 -0.33691406 0.30566406
v -0.01855468 -0.33691406 0.30566406
v -0.02246093 -0.29199219 0.34277344
v -0.03027343 -0.25097656 0.37402344
v -0.03417968 -0.20800781 0.40332031
v -0.04003906 -0.16503906 0.42871094
v -0.04394531 -0.12011719 0.45019531
v -0.04785156 -0.07519531 0.46777344
v -0.04785156 -0.02832031 0.47949219
v -0.04785156 -0.02832031 0.47949219
v -0.07519531 0.01855469 0.47753906
v -0.07519531 0.01855469 0.47753906
v -0.06933594 0.05957032 0.47949219
v -0.08105469 0.10253907 0.47167969
v -0.08691406 0.10253907 0.46777344
v -0.09472656 0.10253907 0.46972656
v -0.12207031 0.10449219 0.47558594
v -0.16308594 0.10839844 0.47167969
v -0.20019531 0.15722656 0.44628906
v -0.20019531 0.15722656 0.44628906
v -0.25488281 0.16308594 0.41699219
v -0.28613281 0.20996094 0.37792969
v -0.26855469 0.25097656 0.36425781
v -0.32519531 0.25683594 0.31152344
v -0.36816406 0.26269531 0.26269531
v -0.39941406 0.26660156 0.21191406
v -0.42089844 0.27050781 0.16308594
v -0.43261719 0.27441406 0.11816407
v -0.44238281 0.27636719 0.07128907
v -0.44628906 0.28027344 0.01855469
v -0.44433594 0.28417969 -0.04199218
v -0.43261719 0.28808594 -0.10449219
v -0.41113281 0.28808594 -0.16699219
v -0.41113281 0.28808594 -0.16699219
v -0.37988281 0.28613281 -0.22558594
v -0.39941406 0.24511719 -0.23535156
v -0.36425781 0.24316406 -0.28222656
v -0.37792969 0.19628906 -0.29199219
v -0.38574219 0.14941406 -0.29785156
v -0.38964844 0.09863282 -0.30175781
v -0.38964844 0.04785157 -0.30175781
v -0.38378906 -0.00292968 -0.29785156
v -0.38378906 -0.00292968 -0.29785156
v -0.38378906 -0.00292968 -0.29785156
v -0.37402344 -0.05175781 -0.29003906
v -0.37402344 -0.05175781 -0.29003906
v -0.36230469 -0.10058594 -0.28027344
v -0.36230469 -0.10058594 -0.28027344
v -0.34667969 -0.14746094 -0.26660156
v -0.34667969 -0.14746094 -0.26660156
v -0.32714844 -0.19433594 -0.25097656
v -0.32714844 -0.19433594 -0.25097656
v -0.30371094 -0.23730469 -0.23339844
v -0.30371094 -0.23730469 -0.23339844
v -0.27832031 -0.28222656 -0.21386719
v -0.27832031 -0.28222656 -0.21386719
v -0.27832031 -0.28222656 -0.21386719
v -0.26855469 -0.32324219 -0.15917969
v -0.25488281 -0.35644531 -0.10644531
v -0.21972656 -0.38378906 -0.09082031
v -0.22949219 -0.38378906 -0.06152343
v -0.19238281 -0.40722656 -0.05175781
v -0.19824219 -0.40722656 -0.02636718
v -0.16113281 -0.42675781 -0.02050781
v -0.11816406 -0.44042969 -0.02050781
v -0.07519531 -0.44628906 -0.00097656
v -0.07519531 -0.44042969 0.01269532
v -0.03027343 -0.44433594 0.03417969
v -0.03613281 -0.44238281 0.06152344
v -0.04589843 -0.44433594 0.09082032
v -0.03808593 -0.44042969 0.09082032
v -0.03808593 -0.44042969 0.09082032
v -0.03027343 -0.42480469 0.12402344
v -0.02246093 -0.42089844 0.12402344
v -0.02441406 -0.41113281 0.16308594
v -0.02050781 -0.40332031 0.20214844
v -0.02636718 -0.37988281 0.23730469
v -0.03222656 -0.35253906 0.27050781
v -0.03808593 -0.31933594 0.30371094
v -0.03808593 -0.31933594 0.30371094
v -0.04589843 -0.27636719 0.33886719
v -0.04589843 -0.27636719 0.33886719
v -0.05566406 -0.23535156 0.36816406
v -0.06152343 -0.19433594 0.39746094
v -0.06738281 -0.15332031 0.42089844
v -0.07714844 -0.10839844 0.43847656
v -0.08105469 -0.06542969 0.45605469
v -0.08105469 -0.02246093 0.46777344
v -0.08105469 -0.02246093 0.46777344
v -0.09082031 0.02246094 0.46972656
v -0.09082031 0.02246094 0.46972656
v -0.08691406 0.06347657 0.47363281
v -0.09277344 0.06347657 0.46972656
v -0.10058594 0.06347657 0.47167969
v -0.12792969 0.06152344 0.47753906
v -0.16894531 0.06347657 0.47363281
v -0.20800781 0.11230469 0.45410156
v -0.20800781 0.11230469 0.45410156
v -0.26464844 0.11621094 0.42480469
v -0.29980469 0.16699219 0.38574219
v -0.34277344 0.21582031 0.32324219
v -0.38769531 0.22167969 0.27246094
v -0.41894531 0.22558594 0.21972656
v -0.44238281 0.22753906 0.16894531
v -0.45410156 0.23144531 0.12207032
v -0.46386719 0.23535156 0.07128907
v -0.46777344 0.23925781 0.01660157
v -0.46582031 0.24316406 -0.04589843
v -0.45214844 0.24707031 -0.11035156
v -0.43066406 0.24511719 -0.17480469
v -0.43066406 0.24511719 -0.17480469
v -0.44628906 0.20019531 -0.18261719
v -0.44628906 0.20019531 -0.18261719
v -0.41308594 0.19824219 -0.24316406
v -0.42089844 0.14941406 -0.24902344
v -0.42675781 0.10058594 -0.25292969
v -0.42480469 0.04980469 -0.25097656
v -0.41894531 -0.00097656 -0.24902344
v -0.41894531 -0.00097656 -0.24902344
v -0.40917969 -0.05175781 -0.24316406
v -0.40917969 -0.05175781 -0.24316406
v -0.39550781 -0.09863281 -0.23535156
v -0.39550781 -0.09863281 -0.23535156
v -0.37792969 -0.14746094 -0.22363281
v -0.37792969 -0.14746094 -0.22363281
v -0.35644531 -0.19238281 -0.20996094
v -0.33105469 -0.23730469 -0.19628906
v -0.30175781 -0.28027344 -0.17871094
v -0.30175781 -0.28027344 -0.17871094
v -0.28808594 -0.32324219 -0.12011719
v -0.28808594 -0.32324219 -0.12011719
v -0.26660156 -0.35644531 -0.07128906
v -0.27441406 -0.35644531 -0.03417968
v -0.23535156 -0.38378906 -0.03027343
v -0.20019531 -0.40722656 -0.00097656
v -0.16308594 -0.42285156 0.00097657
v -0.12207031 -0.43457031 0.00683594
v -0.07519531 -0.44433594 0.03222657
v -0.07128906 -0.44824219 0.06152344
v -0.06933594 -0.44824219 0.09082032
v -0.04589843 -0.43457031 0.12402344
v -0.04589843 -0.43457031 0.12402344
v -0.03613281 -0.41113281 0.16113281
v -0.03027343 -0.40527344 0.16113281
v -0.03417968 -0.38769531 0.19628906
v -0.03027343 -0.39355469 0.19824219
v -0.03417968 -0.37011719 0.23339844
v -0.04003906 -0.34277344 0.26660156
v -0.04785156 -0.30957031 0.30175781
v -0.04785156 -0.30957031 0.30175781
v -0.05566406 -0.26855469 0.33496094
v -0.06542969 -0.22949219 0.36621094
v -0.07324219 -0.18847656 0.39355469
v -0.08105469 -0.14746094 0.41699219
v -0.08691406 -0.10449219 0.43652344
v -0.09082031 -0.06152343 0.45214844
v -0.09082031 -0.02050781 0.46386719
v -0.09082031 -0.02050781 0.46386719
v -0.09863281 -0.01855468 0.45996094
v -0.09863281 -0.01855468 0.45996094
v -0.09667969 0.02246094 0.46582031
v -0.10449219 0.02246094 0.46972656
v -0.12988281 0.01855469 0.47363281
v -0.12988281 0.01855469 0.47363281
v -0.17089844 0.01660157 0.46972656
v -0.21386719 0.06738282 0.45605469
v -0.21386719 0.06738282 0.45605469
v -0.26855469 0.06933594 0.42871094
v -0.31542969 0.12011719 0.38769531
v -0.35644531 0.17089844 0.33300781
v -0.40136719 0.17675781 0.28027344
v -0.43457031 0.17871094 0.22753906
v -0.45800781 0.18261719 0.17285156
v -0.46972656 0.18652344 0.12402344
v -0.47949219 0.18847656 0.07324219
v -0.48339844 0.19433594 0.01660157
v -0.48144531 0.19824219 -0.04980468
v -0.46972656 0.20019531 -0.11621094
v -0.45605469 0.15136719 -0.18652344
v -0.45605469 0.15136719 -0.18652344
v -0.45996094 0.10253907 -0.18847656
v -0.45996094 0.10253907 -0.18847656
v -0.45996094 0.05175782 -0.19042969
v -0.45996094 0.05175782 -0.19042969
v -0.45410156 0.00097657 -0.18652344
v -0.45410156 0.00097657 -0.18652344
v -0.45410156 0.00097657 -0.18652344
v -0.44238281 -0.04980468 -0.18261719
v -0.42871094 -0.09667969 -0.17675781
v -0.40917969 -0.14550781 -0.16894531
v -0.38378906 -0.19238281 -0.15917969
v -0.35644531 -0.23730469 -0.14746094
v -0.32519531 -0.28027344 -0.13378906
v -0.30175781 -0.32324219 -0.07910156
v -0.30175781 -0.32324219 -0.07910156
v -0.31152344 -0.32324219 -0.03808593
v -0.31152344 -0.32324219 -0.03808593
v -0.27636719 -0.35839844 0.00097657
v -0.23730469 -0.38574219 -0.00097656
v -0.23535156 -0.38574219 0.02636719
v -0.20019531 -0.40527344 0.02246094
v -0.16308594 -0.42089844 0.02050782
v -0.15722656 -0.42285156 0.04003907
v -0.11035156 -0.43652344 0.03222657
v -0.10253906 -0.44238281 0.06347657
v -0.09277344 -0.44433594 0.09082032
v -0.08691406 -0.44238281 0.11816407
v -0.06738281 -0.44238281 0.12207032
v -0.06738281 -0.44238281 0.12207032
v -0.06738281 -0.42871094 0.15527344
v -0.04980468 -0.42089844 0.16113281
v -0.04003906 -0.39160156 0.19628906
v -0.04003906 -0.36621094 0.22949219
v -0.04589843 -0.33886719 0.26269531
v -0.05371093 -0.30566406 0.29785156
v -0.05371093 -0.30566406 0.29785156
v -0.06152343 -0.26660156 0.33105469
v -0.07128906 -0.22558594 0.36230469
v -0.07910156 -0.18652344 0.38964844
v -0.08691406 -0.14550781 0.41308594
v -0.09277344 -0.10253906 0.43261719
v -0.09667969 -0.06152343 0.44824219
v -0.10644531 -0.02050781 0.46191406
v -0.10644531 -0.02050781 0.46191406
v -0.13183594 -0.02636718 0.46582031
v -0.17089844 -0.02832031 0.46191406
v -0.17089844 -0.02832031 0.46191406
v -0.21582031 0.01855469 0.45410156
v -0.21582031 0.01855469 0.45410156
v -0.21582031 0.01855469 0.45410156
v -0.26855469 0.02050782 0.42871094
v -0.26855469 0.02050782 0.42871094
v -0.32128906 0.07128907 0.38769531
v -0.36816406 0.12402344 0.33691406
v -0.41113281 0.12792969 0.28417969
v -0.44433594 0.13183594 0.22949219
v -0.46777344 0.13378906 0.17480469
v -0.47949219 0.13769531 0.12597656
v -0.48925781 0.14160156 0.07128907
v -0.49511719 0.14550781 0.01464844
v -0.49316406 0.14941406 -0.05175781
v -0.47949219 0.15136719 -0.12011719
v -0.48339844 0.10253907 -0.12207031
v -0.48339844 0.05175782 -0.12207031
v -0.47753906 0.00097657 -0.12011719
v -0.47753906 0.00097657 -0.12011719
v -0.46582031 -0.04785156 -0.11816406
v -0.45019531 -0.09667969 -0.11425781
v -0.42871094 -0.14550781 -0.11035156
v -0.40332031 -0.19238281 -0.10449219
v -0.37402344 -0.23535156 -0.09667969
v -0.34082031 -0.28027344 -0.08886719
v -0.34863281 -0.28222656 -0.04199218
v -0.31347656 -0.32519531 0.00097657
v -0.31347656 -0.32519531 0.00097657
v -0.27246094 -0.36035156 0.03222657
v -0.22949219 -0.38769531 0.05566407
v -0.19238281 -0.40917969 0.04785157
v -0.14941406 -0.42675781 0.06347657
v -0.13964844 -0.43066406 0.08300782
v -0.13183594 -0.43066406 0.10253907
v -0.12402344 -0.43066406 0.12402344
v -0.11816406 -0.42871094 0.14355469
v -0.10058594 -0.43066406 0.14550781
v -0.08300781 -0.43066406 0.14941406
v -0.08300781 -0.43066406 0.14941406
v -0.07128906 -0.41308594 0.19042969
v -0.05371093 -0.40136719 0.19628906
v -0.04589843 -0.37011719 0.23144531
v -0.05175781 -0.34277344 0.26464844
v -0.05957031 -0.31152344 0.29785156
v -0.05957031 -0.31152344 0.29785156
v -0.06933594 -0.27050781 0.33300781
v -0.07714844 -0.22949219 0.36425781
v -0.08496094 -0.18847656 0.39160156
v -0.09472656 -0.14746094 0.41503906
v -0.10058594 -0.10449219 0.43457031
v -0.10449219 -0.06152343 0.45019531
v -0.12988281 -0.06933594 0.45214844
v -0.16699219 -0.07519531 0.44824219
v -0.20800781 -0.07714844 0.43457031
v -0.21386719 -0.02832031 0.44628906
v -0.21386719 -0.02832031 0.44628906
v -0.26464844 -0.02832031 0.42089844
v -0.26464844 -0.02832031 0.42089844
v -0.32128906 0.02246094 0.38964844
v -0.37402344 0.07519532 0.33886719
v -0.41699219 0.07910157 0.28613281
v -0.45019531 0.08300782 0.23144531
v -0.47167969 0.08496094 0.17675781
v -0.48339844 0.08691407 0.12597656
v -0.49511719 0.09082032 0.07128907
v -0.49902344 0.09472657 0.01269532
v -0.49707031 0.09863282 -0.05371093
v -0.49707031 0.04980469 -0.05371093
v -0.48925781 -0.00097656 -0.05371093
v -0.48925781 -0.00097656 -0.05371093
v -0.47753906 -0.05175781 -0.05371093
v -0.46191406 -0.10058594 -0.05175781
v -0.44042969 -0.14746094 -0.04980468
v -0.41308594 -0.19433594 -0.04785156
v -0.38378906 -0.23730469 -0.04589843
v -0.38574219 -0.24121094 0.00488282
v -0.35253906 -0.28417969 0.00292969
v -0.30957031 -0.32714844 0.03808594
v -0.30957031 -0.32714844 0.03808594
v -0.26660156 -0.36230469 0.06347657
v -0.21972656 -0.38964844 0.08300782
v -0.18261719 -0.41113281 0.07128907
v -0.17285156 -0.41308594 0.09472657
v -0.16113281 -0.41699219 0.11816407
v -0.14746094 -0.41699219 0.14160156
v -0.13183594 -0.41699219 0.16308594
v -0.11230469 -0.41699219 0.17480469
v -0.11230469 -0.41699219 0.17480469
v -0.09277344 -0.41699219 0.18261719
v -0.09277344 -0.41699219 0.18261719
v -0.07910156 -0.39355469 0.22753906
v -0.05957031 -0.37988281 0.23144531
v -0.06738281 -0.35449219 0.26464844
v -0.07324219 -0.32324219 0.29785156
v -0.07324219 -0.32324219 0.29785156
v -0.08496094 -0.28027344 0.33300781
v -0.09472656 -0.23925781 0.36425781
v -0.10644531 -0.19824219 0.39160156
v -0.11621094 -0.15722656 0.41503906
v -0.12402344 -0.11425781 0.43652344
v -0.15917969 -0.12207031 0.43261719
v -0.20019531 -0.12207031 0.41699219
v -0.25878906 -0.07714844 0.40917969
v -0.25878906 -0.07714844 0.40917969
v -0.31542969 -0.02636718 0.38378906
v -0.31542969 -0.02636718 0.38378906
v -0.31542969 -0.02636718 0.38378906
v -0.37207031 0.02636719 0.33886719
v -0.41699219 0.03027344 0.28613281
v -0.44824219 0.03222657 0.22949219
v -0.47167969 0.03417969 0.17480469
v -0.48339844 0.03808594 0.12402344
v -0.49316406 0.04003907 0.07128907
v -0.49902344 0.04394532 0.01269532
v -0.49316406 -0.00488281 0.01074219
v -0.49316406 -0.00488281 0.01074219
v -0.47949219 -0.05566406 0.01074219
v -0.46386719 -0.10449219 0.00878907
v -0.44238281 -0.15136719 0.00878907
v -0.41503906 -0.19628906 0.00683594
v -0.38183594 -0.24316406 0.04980469
v -0.34863281 -0.28613281 0.04394532
v -0.30175781 -0.33105469 0.07324219
v -0.30175781 -0.33105469 0.07324219
v -0.25683594 -0.36425781 0.09277344
v -0.20605469 -0.39160156 0.10839844
v -0.19042969 -0.39550781 0.13769531
v -0.17089844 -0.39746094 0.16308594
v -0.14941406 -0.39746094 0.18847656
v -0.12597656 -0.39746094 0.20410156
v -0.12597656 -0.39746094 0.20410156
v -0.10253906 -0.39746094 0.21777344
v -0.08886719 -0.36816406 0.26074219
v -0.09863281 -0.33691406 0.29199219
v -0.11230469 -0.29394531 0.32714844
v -0.11230469 -0.29394531 0.32714844
v -0.12402344 -0.25292969 0.35839844
v -0.13769531 -0.20996094 0.38574219
v -0.14941406 -0.16699219 0.41113281
v -0.18847656 -0.16894531 0.39746094
v -0.24707031 -0.12402344 0.39550781
v -0.24707031 -0.12402344 0.39550781
v -0.30761719 -0.07519531 0.37207031
v -0.30761719 -0.07519531 0.37207031
v -0.36621094 -0.02246093 0.33300781
v -0.36621094 -0.02246093 0.33300781
v -0.40917969 -0.02050781 0.28027344
v -0.40917969 -0.02050781 0.28027344
v -0.44238281 -0.01855468 0.22558594
v -0.44238281 -0.01855468 0.22558594
v -0.46386719 -0.01660156 0.17089844
v -0.46386719 -0.01660156 0.17089844
v -0.47753906 -0.01269531 0.12207032
v -0.47753906 -0.01269531 0.12207032
v -0.48730469 -0.00878906 0.06933594
v -0.48730469 -0.00878906 0.06933594
v -0.47558594 -0.05957031 0.06542969
v -0.45800781 -0.10839844 0.06347657
v -0.43847656 -0.15332031 0.05957032
v -0.41113281 -0.20019531 0.05566407
v -0.37402344 -0.24707031 0.09277344
v -0.34082031 -0.28808594 0.08300782
v -0.29199219 -0.33300781 0.10449219
v -0.29199219 -0.33300781 0.10449219
v -0.24121094 -0.36621094 0.12402344
v -0.22167969 -0.36816406 0.15527344
v -0.19628906 -0.37011719 0.18652344
v -0.16894531 -0.37207031 0.21386719
v -0.14160156 -0.37207031 0.23535156
v -0.14160156 -0.37207031 0.23535156
v -0.11425781 -0.37207031 0.25097656
v -0.12792969 -0.34082031 0.28222656
v -0.12792969 -0.34082031 0.28222656
v -0.14355469 -0.29785156 0.31738281
v -0.15917969 -0.25683594 0.34667969
v -0.17480469 -0.21386719 0.37402344
v -0.23535156 -0.16894531 0.37597656
v -0.23535156 -0.16894531 0.37597656
v -0.29589844 -0.12207031 0.35839844
v -0.29589844 -0.12207031 0.35839844
v -0.35644531 -0.07128906 0.32519531
v -0.39941406 -0.06933594 0.27246094
v -0.43066406 -0.06738281 0.21972656
v -0.45410156 -0.06542969 0.16699219
v -0.46582031 -0.06152343 0.11816407
v -0.44824219 -0.11035156 0.11425782
v -0.42871094 -0.15722656 0.10839844
v -0.40332031 -0.20214844 0.10058594
v -0.36230469 -0.24902344 0.13183594
v -0.32910156 -0.29003906 0.11816407
v -0.32910156 -0.29003906 0.11816407
v -0.27441406 -0.33496094 0.13964844
v -0.27441406 -0.33496094 0.13964844
v -0.25097656 -0.33691406 0.17480469
v -0.22363281 -0.33886719 0.20800781
v -0.19042969 -0.34082031 0.23925781
v -0.15917969 -0.34082031 0.26464844
v -0.15917969 -0.34082031 0.26464844
v -0.18066406 -0.29785156 0.29785156
v -0.18066406 -0.29785156 0.29785156
v -0.18066406 -0.29785156 0.29785156
v -0.20019531 -0.25683594 0.32714844
v -0.20019531 -0.25683594 0.32714844
v -0.21972656 -0.21386719 0.35253906
v -0.21972656 -0.21386719 0.35253906
v -0.28222656 -0.16894531 0.34082031
v -0.28222656 -0.16894531 0.34082031
v -0.34472656 -0.12011719 0.31152344
v -0.38378906 -0.11816406 0.26269531
v -0.41503906 -0.11425781 0.21191406
v -0.43652344 -0.11230469 0.16113281
v -0.41503906 -0.15917969 0.15332031
v -0.38964844 -0.20605469 0.14355469
v -0.34082031 -0.25097656 0.17480469
v -0.30957031 -0.29199219 0.15722656
v -0.30957031 -0.29199219 0.15722656
v -0.28613281 -0.29394531 0.19628906
v -0.28613281 -0.29394531 0.19628906
v -0.25292969 -0.29589844 0.23535156
v -0.25292969 -0.29589844 0.23535156
v -0.21777344 -0.29785156 0.27050781
v -0.21777344 -0.29785156 0.27050781
v -0.24121094 -0.25683594 0.29589844
v -0.24121094 -0.25683594 0.29589844
v -0.24121094 -0.25683594 0.29589844
v -0.26269531 -0.21386719 0.31933594
v -0.26269531 -0.21386719 0.31933594
v -0.32519531 -0.16503906 0.29785156
v -0.36425781 -0.16308594 0.25097656
v -0.39355469 -0.16113281 0.20214844
v -0.37011719 -0.20800781 0.18847656
v -0.31542969 -0.25292969 0.21582031
v -0.28027344 -0.25488281 0.25878906
v -0.28027344 -0.25488281 0.25878906
v -0.30566406 -0.21191406 0.27832031
v -0.34277344 -0.20996094 0.23535156
vt 0.82766461 0.97651637
vt 0.18451209 0.95902956
vt 0.16655223 0.97076368
vt 0.83366138 0.98425269
vt 0.16180667 0.98510718
vt 0.15008774 0.97601283
vt 0.17549402 0.96641487
vt 0.84328985 0.98422217
vt 0.84702832 0.97700465
vt 0.16414130 0.95970094
vt 0.85181963 0.98171967
vt 0.16614023 0.96641487
vt 0.66263831 0.96868849
vt 0.57495993 0.99085987
vt 0.57720304 0.98451209
vt 0.57848477 0.99142444
vt 0.58043796 0.98603797
vt 0.57735562 0.97848475
vt 0.58712137 0.97828639
vt 0.54924852 0.97595179
vt 0.57480735 0.97225910
vt 0.58753335 0.97201496
vt 0.54612041 0.97657740
vt 0.54932481 0.98376441
vt 0.54401463 0.98582435
vt 0.35400930 0.97935456
vt 0.66094452 0.99980164
vt 0.54718852 0.99452204
vt 0.34459448 0.98117036
vt 0.53493553 0.99371326
vt 0.54218358 0.99508661
vt 0.35069811 0.98065156
vt 0.35544366 0.98623633
vt 0.66607159 0.99705499
vt 0.56470591 0.99056995
vt 0.65818262 0.98815900
vt 0.56942093 0.97985810
vt 0.56975663 0.98953229
vt 0.66399634 0.97308308
vt 0.66910809 0.97041273
vt 0.57584494 0.99707025
vt 0.67721063 0.96687269
vt 0.58373386 0.99441522
vt 0.58690774 0.98867780
vt 0.59282827 0.98110932
vt 0.59427786 0.97454798
vt 0.53493553 0.97625697
vt 0.53496605 0.98577857
vt 0.46892500 0.98817426
vt 0.28972304 0.97845423
vt 0.46236363 0.99382007
vt 0.29083696 0.98545814
vt 0.34459448 0.98818952
vt 0.35089648 0.98698407
vt 0.35535210 0.99575800
vt 0.66875714 0.99195850
vt 0.66787213 0.98628211
vt 0.66749066 0.97891206
vt 0.67019153 0.97708094
vt 0.67577630 0.97122151
vt 0.58419168 0.99874878
vt 0.62584877 0.98713666
vt 0.72074467 0.97187763
vt 0.62630653 0.99145496
vt 0.62932783 0.98342872
vt 0.73711759 0.97650111
vt 0.63643855 0.98219270
vt 0.63701838 0.97567713
vt 0.46889448 0.97061110
vt 0.46892500 0.98013276
vt 0.64093995 0.97087055
vt 0.73495078 0.99668878
vt 0.27939269 0.97985810
vt 0.72063780 0.99195850
vt 0.29155412 0.99348438
vt 0.67658502 0.99172962
vt 0.34538797 0.99516290
vt 0.35133898 0.99607843
vt 0.67167163 0.99194324
vt 0.67129016 0.98606849
vt 0.67595941 0.97810328
vt 0.63068587 0.99639887
vt 0.72091252 0.97875947
vt 0.65377277 0.98213166
vt 0.72117192 0.98515296
vt 0.67612725 0.98515296
vt 0.15895323 0.55608451
vt 0.57140458 0.41678494
vt 0.07104601 0.23535514
vt 0.27736324 0.99795526
vt 0.15751888 0.55373466
vt 0.27725643 0.99616998
vt 0.27811092 0.99520868
vt 0.07150377 0.23724729
vt 0.15962462 0.55275810
vt 0.16147096 0.54741740
vt 0.06892500 0.23677427
vt 0.59348440 0.08166629
vt 0.14941634 0.52579534
vt 0.59584957 0.04966813
vt 0.06794842 0.23691159
vt 0.59600216 0.08245975
vt 0.06582742 0.23555350
vt 0.59995425 0.08538949
vt 0.59880978 0.08371097
vt 0.61298543 0.05465782
vt 0.61611354 0.04585338
vt 0.61933321 0.03884947
vt 0.14332800 0.51439691
vt 0.59713131 0.03410393
vt 0.59632260 0.04107732
vt 0.14659342 0.51984435
vt 0.13772793 0.53588158
vt 0.13302815 0.54419780
vt 0.13093767 0.55471122
vt 0.57318991 0.43918514
vt 0.13270772 0.56791031
vt 0.58052951 0.44121462
vt 0.57453269 0.41863126
vt 0.57514304 0.41107804
vt 0.57575339 0.41351950
vt 0.06797894 0.22682536
vt 0.57337302 0.40987259
vt 0.57557029 0.41637295
vt 0.06613260 0.22809184
vt 0.57262534 0.40827042
vt 0.57138932 0.40727854
vt 0.06474403 0.23027390
vt 0.28653392 0.99743646
vt 0.06477455 0.23155564
vt 0.06468299 0.23369193
vt 0.60076296 0.08882278
vt 0.62900740 0.06834519
vt 0.62284273 0.06050199
vt 0.62798506 0.05271995
vt 0.63447011 0.04544139
vt 0.62236971 0.03149462
vt 0.59768063 0.02381933
vt 0.14088655 0.50756085
vt 0.12695506 0.52668041
vt 0.13292134 0.53095293
vt 0.12639047 0.54195464
vt 0.12431525 0.55385673
vt 0.12600900 0.57080948
vt 0.58751810 0.44669259
vt 0.59118026 0.43270010
vt 0.59441519 0.42342257
vt 0.59426260 0.41541159
vt 0.59307241 0.40698862
vt 0.05918974 0.20691234
vt 0.05291829 0.21307701
vt 0.04744030 0.21976042
vt 0.04393072 0.22743571
vt 0.04135195 0.23613334
vt 0.63433278 0.08035403
vt 0.03575189 0.23700315
vt 0.64214540 0.07714963
vt 0.63550776 0.06335545
vt 0.64167237 0.05897611
vt 0.63967347 0.03772032
vt 0.64403754 0.03512627
vt 0.62395668 0.02439916
vt 0.69530785 0.52396429
vt 0.62960249 0.00494391
vt 0.62867171 0.01280230
vt 0.13192950 0.49790186
vt 0.59768063 0.00862134
vt 0.13604943 0.50074005
vt 0.59708554 0.01254290
vt 0.62687111 0.01895171
vt 0.59832150 0.01995879
vt 0.13783474 0.50475317
vt 0.12153811 0.52149236
vt 0.11818112 0.53826201
vt 0.11757077 0.55230033
vt 0.12257572 0.57192338
vt 0.58999008 0.45131612
vt 0.59635311 0.43692684
vt 0.60022891 0.42775619
vt 0.60091555 0.41858548
vt 0.59807736 0.40697336
vt 0.05636683 0.20222783
vt 0.04831006 0.20921648
vt 0.04217594 0.21748686
vt 0.03823911 0.22652018
vt 0.03097581 0.23633176
vt 0.64841688 0.07536429
vt 0.64885938 0.05482566
vt 0.65452051 0.05349815
vt 0.65860993 0.05040056
vt 0.64768445 0.03065538
vt 0.65185016 0.02560467
vt 0.65934235 0.01892120
vt 0.69292742 0.55486381
vt 0.10455482 0.79934388
vt 0.08657969 0.86982530
vt 0.10812543 0.79813838
vt 0.08647288 0.87368584
vt 0.07946899 0.86999315
vt 0.07986572 0.87360954
vt 0.07971313 0.87716484
vt 0.11728084 0.79659724
vt 0.11020066 0.79687190
vt 0.08654917 0.87577629
vt 0.11186389 0.79325551
vt 0.10543984 0.79156178
vt 0.10203708 0.79304188
vt 0.09895476 0.79470515
vt 0.09633020 0.80091554
vt 0.08328374 0.86392003
vt 0.07747006 0.86636150
vt 0.06944381 0.86822307
vt 0.06964218 0.87351799
vt 0.07096971 0.87791258
vt 0.12532234 0.79415578
vt 0.11367971 0.78657204
vt 0.09719997 0.78185701
vt 0.09311055 0.78387123
vt 0.08795300 0.78547341
vt 0.09195086 0.79340810
vt 0.08012512 0.79000533
vt 0.08368047 0.80013734
vt 0.07907225 0.85470361
vt 0.06956588 0.85778594
vt 0.07098497 0.84132147
vt 0.06790265 0.79987794
vt 0.05064469 0.79681087
vt 0.04885939 0.81132221
vt 0.06889448 0.92831314
vt 0.05210956 0.83161670
vt 0.06005951 0.84600592
vt 0.04751660 0.85079730
vt 0.06202792 0.86117339
vt 0.05534447 0.86411840
vt 0.05532921 0.86999315
vt 0.05670252 0.87675285
vt 0.13815518 0.78644997
vt 0.11515984 0.77752346
vt 0.08696117 0.76858169
vt 0.08087282 0.77164876
vt 0.07428092 0.77410543
vt 0.07692073 0.78059053
vt 0.06430152 0.78568703
vt 0.04940871 0.77825588
vt 0.80390632 0.58547342
vt 0.06947432 0.95472646
vt 0.04208438 0.79513240
vt 0.03866636 0.81107807
vt 0.08172732 0.93354696
vt 0.09430075 0.91396964
vt 0.08067445 0.91038376
vt 0.03877318 0.83665216
vt 0.09370565 0.88918900
vt 0.02294957 0.84631115
vt 0.08375677 0.88619822
vt 0.03025864 0.85320818
vt 0.03913939 0.86633098
vt 0.04065003 0.87672234
vt 0.14821088 0.76966506
vt 0.11555658 0.76557565
vt 0.07811093 0.75710690
vt 0.06945907 0.76018918
vt 0.06266880 0.76324105
vt 0.06173800 0.77090102
vt 0.05178912 0.76055545
vt 0.04049744 0.77595180
vt 0.80463874 0.56018925
vt 0.79407948 0.58217746
vt 0.79180592 0.60570687
vt 0.09629969 0.93899441
vt 0.10824750 0.91749448
vt 0.12301823 0.89376670
vt 0.10720989 0.89060807
vt 0.10728619 0.87977415
vt 0.09367514 0.87891966
vt 0.01992828 0.85731292
vt 0.02156100 0.87141222
vt 0.09167621 0.86559856
vt 0.16354619 0.75020981
vt 0.11151293 0.74834824
vt 0.07066453 0.74319065
vt 0.06065461 0.74636453
vt 0.05355917 0.75008774
vt 0.04861524 0.74354160
vt 0.04553292 0.75523001
vt 0.03302052 0.76966506
vt 0.79780269 0.55059129
vt 0.78248262 0.57924771
vt 0.78022432 0.60541695
vt 0.11146715 0.94439614
vt 0.12590219 0.92140079
vt 0.14053559 0.89414817
vt 0.12399481 0.88075078
vt 0.10666056 0.86797893
vt 0.07063401 0.81231403
vt 0.11696041 0.73298240
vt 0.06340124 0.73519492
vt 0.05514611 0.73913175
vt 0.79606318 0.50237274
vt 0.04232853 0.73368430
vt 0.03672846 0.75004196
vt 0.79754329 0.52591741
vt 0.78606850 0.54824138
vt 0.76903945 0.57691312
vt 0.76267642 0.60358584
vt 0.12661937 0.95214772
vt 0.14204623 0.92753494
vt 0.15629816 0.89738309
vt 0.15700008 0.88149846
vt 0.14178683 0.88049132
vt 0.14016938 0.86704814
vt 0.12317082 0.86869609
vt 0.08776990 0.80892652
vt 0.82365149 0.39063096
vt 0.11679255 0.72097349
vt 0.80404365 0.46657509
vt 0.05552758 0.72712290
vt 0.79891664 0.48836499
vt 0.04927138 0.73009843
vt 0.03746090 0.72480357
vt 0.78921187 0.49134052
vt 0.78783858 0.52062261
vt 0.77203023 0.54525065
vt 0.75255972 0.57238114
vt 0.74514383 0.60051882
vt 0.73574424 0.62824446
vt 0.15643549 0.93302816
vt 0.17158771 0.90157932
vt 0.17157245 0.88911271
vt 0.87484550 0.34296179
vt 0.15609980 0.86166167
vt 0.10562295 0.80486763
vt 0.81519800 0.38861674
vt 0.79453725 0.47171742
vt 0.04951553 0.72056150
vt 0.04347295 0.72112608
vt 0.79145497 0.48143739
vt 0.77482259 0.48856336
vt 0.77419698 0.51630425
vt 0.75532156 0.53952849
vt 0.73669034 0.56795609
vt 0.73937589 0.53322649
vt 0.72182804 0.56388187
vt 0.71584648 0.59375906
vt 0.73043412 0.59732968
vt 0.71990538 0.62413979
vt 0.16922255 0.94000155
vt 0.18326086 0.90722513
vt 0.18579385 0.89469749
vt 0.84817272 0.33148700
vt 0.17482261 0.87747008
vt 0.20703441 0.83671319
vt 0.80314338 0.38091099
vt 0.78274202 0.46570534
vt 0.77991915 0.47809565
vt 0.76635385 0.47454029
vt 0.76290530 0.48392463
vt 0.75748837 0.51046002
vt 0.74180210 0.50675213
vt 0.72793162 0.50453955
vt 0.72607005 0.52832842
vt 0.70926988 0.56147099
vt 0.70202184 0.59037155
vt 0.69571984 0.61312276
vt 0.70505834 0.61847866
vt 0.18155184 0.94583046
vt 0.19382009 0.91409171
vt 0.19624628 0.90144199
vt 0.73299766 0.29291219
vt 0.19797055 0.88892961
vt 0.74644083 0.29050124
vt 0.18554971 0.88348210
vt 0.25374228 0.85929656
vt 0.78306246 0.37589073
vt 0.76987869 0.46463722
vt 0.75674069 0.46375221
vt 0.75121689 0.47127491
vt 0.74850082 0.47943848
vt 0.73437095 0.47728693
vt 0.72022581 0.49887848
vt 0.71366447 0.52382696
vt 0.69988555 0.55646598
vt 0.70432591 0.52260625
vt 0.59331656 0.00228888
vt 0.69083697 0.50070953
vt 0.12642099 0.49504846
vt 0.11181811 0.51073474
vt 0.11557183 0.51439691
vt 0.11911193 0.51816583
vt 0.10701152 0.53411150
vt 0.11010911 0.53519493
vt 0.11065843 0.55321586
vt 0.11493095 0.57479209
vt 0.59253836 0.45716029
vt 0.60108340 0.44103152
vt 0.60688180 0.43123519
vt 0.60662240 0.41972989
vt 0.60222781 0.40636301
vt 0.05455100 0.19862670
vt 0.04428168 0.20601207
vt 0.03630121 0.21474022
vt 0.03175402 0.22526896
vt 0.02732891 0.22407871
vt 0.02597086 0.23646909
vt 0.65633631 0.07467765
vt 0.02298009 0.23709470
vt 0.33931488 0.90055692
vt 0.66047150 0.07537955
vt 0.34076446 0.90234226
vt 0.66477454 0.07260245
vt 0.66402686 0.04768443
vt 0.67606622 0.04164189
vt 0.69204241 0.03053331
vt 0.69021136 0.58886093
vt 0.70913255 0.04580760
vt 0.68310064 0.60921645
vt 0.72472727 0.05503929
vt 0.68061340 0.62877852
vt 0.68680859 0.63483632
vt 0.73644620 0.05299461
vt 0.20253299 0.92304873
vt 0.73995572 0.05978483
vt 0.20604257 0.90844584
vt 0.20787366 0.89662015
vt 0.72169071 0.30084687
vt 0.76455331 0.37547874
vt 0.74161899 0.45952547
vt 0.73708707 0.46742964
vt 0.72156864 0.47585261
vt 0.12391852 0.47830927
vt 0.71372551 0.48160523
vt 0.71241319 0.49497217
vt 0.13348593 0.47832453
vt 0.11895934 0.48683912
vt 0.75533682 0.93565273
vt 0.75513846 0.93769741
vt 0.74940109 0.93447775
vt 0.74943161 0.93804836
vt 0.75590146 0.93992525
vt 0.76122683 0.94177157
vt 0.76261538 0.93800259
vt 0.76159304 0.93488973
vt 0.75783932 0.92448312
vt 0.75568777 0.93183792
vt 0.74972153 0.93197531
vt 0.73975736 0.93093765
vt 0.74123752 0.93652248
vt 0.74781412 0.94128329
vt 0.75597775 0.94564736
vt 0.76408029 0.94503701
vt 0.77245748 0.94151217
vt 0.77306783 0.93682766
vt 0.77058059 0.93157852
vt 0.76060122 0.91570914
vt 0.74790567 0.92365909
vt 0.74047458 0.92443734
vt 0.73400474 0.91694516
vt 0.72959489 0.92350650
vt 0.72878617 0.92780960
vt 0.74125278 0.94431984
vt 0.75545889 0.95246816
vt 0.76949722 0.95062178
vt 0.18922713 0.12083620
vt 0.78913558 0.94399941
vt 0.78782332 0.93464559
vt 0.78367287 0.92742807
vt 0.76462960 0.90437174
vt 0.74515909 0.90298313
vt 0.72953385 0.90609598
vt 0.71944761 0.91050583
vt 0.71813536 0.91732663
vt 0.72191960 0.92658883
vt 0.73098344 0.94152743
vt 0.21637294 0.11226064
vt 0.74345005 0.95944154
vt 0.77007705 0.95873958
vt 0.19954222 0.11252004
vt 0.18793011 0.11204702
vt 0.17550927 0.11110091
vt 0.81026930 0.93449301
vt 0.80691236 0.92474252
vt 0.81174946 0.91296256
vt 0.79887086 0.91508353
vt 0.78516823 0.90208286
vt 0.76949722 0.89422446
vt 0.74340427 0.88833445
vt 0.28583199 0.10669106
vt 0.71905088 0.88696116
vt 0.71174181 0.89422446
vt 0.27193102 0.09962618
vt 0.70266271 0.90547037
vt 0.25348288 0.10441750
vt 0.71111619 0.92089725
vt 0.72104985 0.94023043
vt 0.23746090 0.10366982
vt 0.21919584 0.10342562
vt 0.20117494 0.10431069
vt 0.18593118 0.10589761
vt 0.17161822 0.10743880
vt 0.81802088 0.93223470
vt 0.81548792 0.92280459
vt 0.82064545 0.90594339
vt 0.79246205 0.89666593
vt 0.77277792 0.88520640
vt 0.74235141 0.87943846
vt 0.30765241 0.11827266
vt 0.28877699 0.09932095
vt 0.70630962 0.88647288
vt 0.27818722 0.09558249
vt 0.69654381 0.90167087
vt 0.27217516 0.09524679
vt 0.25621423 0.09776455
vt 0.23825437 0.09657437
vt 0.21977569 0.09666592
vt 0.20032044 0.09622341
vt 0.18345922 0.09906155
vt 0.16411078 0.10211337
vt 0.82850385 0.92944229
vt 0.82537574 0.91833371
vt 0.02766461 0.43736935
vt 0.83678949 0.91573966
vt 0.02944991 0.42703897
vt 0.83527887 0.90142673
vt 0.77755398 0.87278557
vt 0.33478293 0.12716872
vt 0.29155412 0.09149307
vt 0.28302434 0.08706796
vt 0.27394521 0.08426034
vt 0.25810635 0.08819717
vt 0.23974976 0.08805984
vt 0.21916533 0.08841079
vt 0.19916075 0.08780038
vt 0.18031587 0.09179831
vt 0.02308690 0.46337074
vt 0.84486151 0.93406576
vt 0.83974975 0.92166018
vt 0.02684062 0.44771498
vt 0.03924621 0.44711983
vt 0.04203860 0.43636227
vt 0.04313726 0.42658120
vt 0.33865872 0.64014649
vt 0.84283209 0.89886320
vt 0.77991915 0.86785686
vt 0.29800871 0.69616234
vt 0.34283972 0.11894405
vt 0.29547569 0.08155948
vt 0.28775463 0.07837033
vt 0.27898070 0.07472342
vt 0.25992218 0.07666135
vt 0.24023804 0.07667661
vt 0.21850920 0.07667661
vt 0.02449073 0.49275959
vt 0.19679561 0.07853818
vt 0.17613488 0.08111697
vt 0.03121996 0.47057295
vt 0.04444953 0.47087818
vt 0.05302510 0.44617379
vt 0.05734340 0.43541616
vt 0.06579690 0.44843215
vt 0.33083084 0.61748683
vt 0.07124437 0.43755245
vt 0.05740444 0.42597085
vt 0.33075455 0.63306630
vt 0.28931105 0.69364464
vt 0.35065234 0.10742354
vt 0.29883268 0.07121384
vt 0.29141679 0.06718546
vt 0.28250554 0.06381321
vt 0.26207370 0.06381321
vt 0.02520790 0.54467082
vt 0.23978028 0.06340122
vt 0.21618982 0.06456095
vt 0.03022812 0.51958495
vt 0.03752194 0.49512476
vt 0.05087358 0.49597925
vt 0.05650416 0.47231251
vt 0.07000839 0.47589839
vt 0.07794309 0.45247579
vt 0.08361944 0.44243532
vt 0.32083619 0.61066604
vt 0.31461051 0.61794460
vt 0.32285038 0.62433815
vt 0.27902648 0.68725109
vt 0.35764095 0.09787136
vt 0.21542688 0.71992064
vt 0.30142671 0.06118870
vt 0.29399559 0.05693144
vt 0.28532845 0.05329978
vt 0.03150988 0.57061112
vt 0.26286718 0.05236894
vt 0.24109255 0.05059892
vt 0.03669795 0.54671550
vt 0.04377813 0.52120245
vt 0.05717555 0.52275884
vt 0.06404211 0.49893951
vt 0.07559320 0.50203705
vt 0.08114748 0.48151368
vt 0.10348669 0.47354847
vt 0.10383765 0.49164569
vt 0.09669642 0.46807051
vt 0.09117266 0.48688489
vt 0.08740368 0.45905244
vt 0.09382772 0.44954604
vt 0.30934614 0.60605782
vt 0.30519569 0.61322957
vt 0.27009994 0.67927063
vt 0.20788892 0.71056688
vt 0.30246434 0.04966813
vt 0.19780271 0.71111619
vt 0.29364461 0.04594493
vt 0.28542000 0.04344243
vt 0.18913558 0.71166551
vt 0.04086366 0.59359121
vt 0.04411383 0.57055008
vt 0.05055314 0.54708171
vt 0.06236362 0.54868388
vt 0.07040513 0.52468145
vt 0.08282597 0.52700084
vt 0.08776990 0.50455481
vt 0.09536888 0.50618756
vt 0.09993134 0.50841534
vt 0.10725567 0.50875103
vt 0.10215915 0.53118181
vt 0.10034333 0.55385673
vt 0.10603494 0.55306327
vt 0.11192492 0.57611966
vt 0.59476614 0.46071565
vt 0.60584420 0.44621956
vt 0.61316854 0.43378347
vt 0.61184102 0.41951627
vt 0.60608834 0.40491343
vt 0.05313192 0.19473565
vt 0.04121462 0.20286870
vt 0.03297475 0.21322960
vt 0.02450599 0.22418553
vt 0.32669565 0.90305942
vt 0.32643625 0.90624857
vt 0.34154269 0.90576029
vt 0.67055774 0.07296866
vt 0.34818035 0.91474783
vt 0.68744946 0.06910813
vt 0.70305943 0.06564432
vt 0.70235753 0.08148319
vt 0.33975738 0.92576486
vt 0.07568475 0.39446098
vt 0.07296864 0.39314872
vt 0.07930113 0.38870835
vt 0.07164111 0.39085984
vt 0.07663081 0.38587016
vt 0.08387884 0.38912034
vt 0.08627451 0.38211644
vt 0.08419928 0.37877470
vt 0.07905699 0.37689781
vt 0.07313649 0.38410008
vt 0.06974899 0.38965440
vt 0.06723125 0.38690776
vt 0.06591897 0.39281303
vt 0.06768902 0.39591056
vt 0.07141222 0.39882505
vt 0.07350271 0.40064090
vt 0.07832456 0.40038145
vt 0.08001831 0.39684141
vt 0.08934157 0.39510185
vt 0.09239338 0.38684672
vt 0.09469749 0.37819487
vt 0.09365988 0.37299150
vt 0.08941787 0.37076372
vt 0.08227664 0.36826122
vt 0.06414893 0.38075835
vt 0.05999848 0.39417106
vt 0.06218052 0.40111393
vt 0.06800946 0.40360111
vt 0.07186999 0.40611887
vt 0.05444419 0.41086441
vt 0.07702754 0.40936905
vt 0.08027771 0.40772104
vt 0.08494698 0.40347904
vt 0.09304952 0.40529490
vt 0.09748989 0.39505607
vt 0.10142672 0.38364232
vt 0.10247959 0.37369347
vt 0.10084688 0.36466008
vt 0.09301899 0.36165410
vt 0.08610666 0.35985351
vt 0.06042573 0.37299150
vt 0.05194171 0.39574271
vt 0.05259785 0.40382999
vt 0.04139773 0.40262455
vt 0.04238956 0.40753794
vt 0.04513619 0.41284811
vt 0.08688487 0.41464865
vt 0.03619440 0.41548789
vt 0.09613184 0.41383994
vt 0.10115205 0.40553904
vt 0.10478371 0.39392692
vt 0.11163501 0.39223313
vt 0.10907149 0.37932402
vt 0.10740826 0.36748302
vt 0.10353246 0.35884643
vt 0.09575036 0.35513848
vt 0.08662546 0.35362786
vt 0.05511559 0.36676586
vt 0.04097047 0.39513236
vt 0.03181506 0.39363700
vt 0.03179980 0.40152591
vt 0.03150988 0.40782785
vt 0.02810712 0.41597617
vt 0.10318150 0.41637295
vt 0.10733196 0.40564585
vt 0.11396963 0.40706491
vt 0.11825742 0.39186692
vt 0.11564813 0.37679100
vt 0.11322194 0.36260015
vt 0.24448004 0.97444111
vt 0.10736248 0.35255969
vt 0.09686427 0.34811932
vt 0.08813611 0.34616619
vt 0.05044633 0.36029601
vt 0.02346838 0.39171433
vt 0.02314794 0.39937437
vt 0.02343786 0.40700388
vt 0.02026398 0.41783780
vt 0.11053635 0.41815823
vt 0.01258869 0.41850919
vt 0.33130389 0.97056532
vt 0.11744870 0.41982144
vt 0.31749448 0.96990919
vt 0.12045472 0.40820938
vt 0.30067903 0.96807814
vt 0.12451362 0.39203477
vt 0.28149843 0.97331196
vt 0.12254521 0.37419701
vt 0.26567483 0.97021437
vt 0.11885252 0.35658807
vt 0.11184863 0.34717327
vt 0.25133136 0.96734571
vt 0.24353398 0.96659797
vt 0.09921416 0.34093231
vt 0.23457694 0.96641487
vt 0.61293966 0.95255971
vt 0.08891432 0.33868927
vt 0.04716564 0.35332263
vt 0.01530480 0.38861674
vt 0.01507591 0.39766538
vt 0.01582361 0.40666819
vt 0.35367361 0.96366829
vt 0.00859083 0.40640879
vt 0.00126650 0.40920120
vt 0.34651712 0.95988405
vt 0.33203632 0.96108949
vt 0.31842527 0.96078432
vt 0.32043946 0.95147634
vt 0.30193028 0.95904481
vt 0.28171206 0.96441597
vt 0.26399633 0.96142519
vt 0.24815747 0.95671016
vt 0.24087892 0.95608455
vt 0.23187609 0.95713741
vt 0.62008089 0.94819564
vt 0.57329673 0.92692453
vt 0.04367132 0.34621197
vt 0.00802625 0.38503093
vt 0.56221867 0.85809112
vt 0.00692760 0.39595634
vt 0.00000000 0.39739072
vt 0.56823069 0.85845733
vt 0.35591668 0.95474172
vt 0.34575418 0.95101851
vt 0.33376059 0.95265126
vt 0.33575952 0.93517965
vt 0.33464560 0.94378579
vt 0.32210270 0.94273287
vt 0.30405128 0.94987410
vt 0.28340581 0.95550472
vt 0.26420996 0.95162892
vt 0.24748607 0.94673073
vt 0.23967345 0.94598305
vt 0.23219654 0.94531167
vt 0.62845808 0.94599831
vt 0.58469522 0.91891354
vt 0.57717252 0.92111087
vt 0.03834592 0.34151214
vt 0.00114443 0.38260472
vt 0.57120621 0.86570537
vt 0.57555503 0.85694671
vt 0.35513848 0.94891280
vt 0.58164340 0.85540551
vt 0.35378042 0.94132906
vt 0.34615090 0.94196993
vt 0.34625772 0.93398947
vt 0.32349128 0.93357748
vt 0.30788130 0.93069351
vt 0.30586711 0.93966585
vt 0.28517586 0.94589150
vt 0.26530862 0.94201571
vt 0.24837109 0.93743801
vt 0.24110781 0.93513387
vt 0.23356985 0.93511862
vt 0.63372242 0.94126803
vt 0.59629208 0.91032273
vt 0.57889676 0.86413366
vt 0.58535135 0.86227208
vt 0.58713663 0.85543603
vt 0.71923399 0.07721066
vt 0.35291067 0.93406576
vt 0.35020980 0.92835891
vt 0.71270311 0.07315177
vt 0.71453422 0.06160069
vt 0.68326849 0.30360878
vt 0.72056150 0.06584269
vt 0.21609826 0.91197073
vt 0.73128861 0.06099033
vt 0.69839019 0.29967195
vt 0.70037383 0.30795759
vt 0.72515452 0.37712675
vt 0.74485391 0.37747771
vt 0.73139542 0.45392537
vt 0.71699095 0.46414894
vt 0.13167010 0.47298390
vt 0.12404059 0.47463191
vt 0.70603496 0.48062867
vt 0.11754025 0.47847712
vt 0.10975815 0.47867554
vt 0.10896467 0.46590370
vt 0.10194553 0.45828944
vt 0.29623866 0.60259402
vt 0.29553673 0.61135268
vt 0.25923553 0.66886395
vt 0.20390631 0.70063329
vt 0.19566643 0.70226598
vt 0.18710613 0.70444798
vt 0.05082780 0.59163809
vt 0.05654994 0.57058060
vt 0.06701762 0.57103837
vt 0.07365530 0.55094224
vt 0.08377203 0.55463493
vt 0.08889906 0.52840471
vt 0.09503319 0.52957964
vt 0.09573510 0.55419242
vt 0.10762188 0.57865262
vt 0.59658200 0.46407264
vt 0.60880446 0.44893569
vt 0.61599147 0.43530935
vt 0.61470968 0.42035556
vt 0.60814834 0.40300602
vt 0.05009537 0.19160753
vt 0.03952087 0.20097655
vt 0.02894636 0.21130693
vt 0.02462806 0.20949113
vt 0.31102464 0.90550089
vt 0.32649729 0.91044480
vt 0.32722974 0.91711301
vt 0.32471198 0.92501718
vt 0.30836958 0.92230105
vt 0.28783092 0.92651254
vt 0.28693065 0.93600368
vt 0.26720074 0.93260092
vt 0.25116351 0.92843521
vt 0.24440375 0.92719918
vt 0.23662165 0.92547494
vt 0.63918519 0.93621731
vt 0.60573739 0.90478373
vt 0.66955060 0.30159456
vt 0.59278250 0.85734344
vt 0.71831846 0.07238883
vt 0.58852524 0.85325396
vt 0.67516595 0.30150300
vt 0.68543524 0.31218433
vt 0.72108036 0.45302510
vt 0.12599374 0.46936750
vt 0.11836423 0.47493708
vt 0.11308461 0.47318226
vt 0.27431142 0.60410464
vt 0.11631952 0.46915388
vt 0.11306936 0.46102083
vt 0.28763255 0.60395205
vt 0.24914931 0.65944916
vt 0.20030518 0.69066912
vt 0.19194324 0.69625390
vt 0.18310827 0.69677269
vt 0.06272984 0.58854043
vt 0.18318456 0.68938732
vt 0.60654610 0.49137104
vt 0.07293812 0.58683145
vt 0.07895018 0.57383078
vt 0.09108111 0.55516899
vt 0.10292210 0.58088040
vt 0.59943539 0.46796370
vt 0.61249715 0.45230794
vt 0.61980623 0.43675900
vt 0.61840236 0.41968411
vt 0.61104751 0.40158695
vt 0.04927138 0.18933392
vt 0.03720149 0.19945067
vt 0.03504997 0.19671929
vt 0.29590297 0.89855802
vt 0.30870527 0.91013962
vt 0.30861372 0.91519034
vt 0.28793773 0.91796750
vt 0.26860458 0.92333865
vt 0.25413901 0.92095828
vt 0.24831006 0.91937131
vt 0.24231327 0.91729611
vt 0.64570075 0.93295187
vt 0.61570156 0.90057218
vt 0.59447622 0.85326922
vt 0.19014268 0.50379187
vt 0.67386895 0.30803388
vt 0.12045472 0.47064924
vt 0.70757610 0.45404744
vt 0.26970321 0.60024416
vt 0.24269475 0.65343714
vt 0.60650033 0.49777979
vt 0.19366750 0.68538952
vt 0.19015794 0.69034863
vt 0.60839248 0.49474329
vt 0.61220723 0.49013501
vt 0.61036086 0.48401618
vt 0.08445869 0.58789957
vt 0.09550622 0.58341348
vt 0.60323489 0.47399098
vt 0.61986727 0.46005952
vt 0.61593044 0.45539027
vt 0.62452126 0.43810177
vt 0.62261385 0.41902798
vt 0.04895094 0.18657207
vt 0.61387044 0.40013731
vt 0.28186464 0.88856339
vt 0.29195085 0.90308994
vt 0.28862441 0.90904099
vt 0.26483560 0.90281528
vt 0.27002364 0.91348135
vt 0.25851834 0.91390860
vt 0.25316244 0.91264212
vt 0.24803540 0.91194022
vt 0.57123673 0.61365682
vt 0.64765394 0.92880142
vt 0.19072251 0.67937744
vt 0.73302817 0.85217059
vt 0.60962844 0.50084686
vt 0.61269552 0.49573511
vt 0.61930269 0.49024189
vt 0.62032503 0.47855347
vt 0.62398720 0.46276033
vt 0.62859541 0.44043642
vt 0.62986189 0.41850919
vt 0.62423134 0.39409477
vt 0.27324331 0.89521629
vt 0.64129090 0.39916074
vt 0.25926605 0.89260697
vt 0.64750135 0.38825053
vt 0.25517663 0.90025175
vt 0.25830472 0.90586710
vt 0.25381857 0.90650797
vt 0.24943922 0.90600443
vt 0.57590598 0.60662246
vt 0.61377889 0.50498211
vt 0.61698329 0.49839020
vt 0.62339211 0.50026703
vt 0.62508583 0.49388874
vt 0.63047224 0.47878236
vt 0.63213551 0.46102083
vt 0.63552302 0.43973452
vt 0.63947511 0.41905850
vt 0.65233845 0.39996946
vt 0.65543604 0.38593119
vt 0.25096512 0.89327842
vt 0.25055313 0.90041959
vt 0.24745555 0.90209812
vt 0.58176547 0.60622567
vt 0.62035555 0.50644696
vt 0.62897688 0.50992596
vt 0.63141835 0.50313574
vt 0.63414967 0.49629968
vt 0.63834590 0.48000306
vt 0.64200807 0.46083772
vt 0.64498359 0.44003969
vt 0.64963758 0.41947049
vt 0.66420996 0.39836729
vt 0.04295415 0.26453042
vt 0.67901123 0.38057524
vt 0.04646372 0.25328451
vt 0.67696649 0.39620048
vt 0.66478980 0.38323033
vt 0.24637216 0.88622874
vt 0.24644846 0.89417869
vt 0.24286260 0.89488059
vt 0.58759439 0.61342794
vt 0.61437398 0.56227970
vt 0.63852900 0.51337457
vt 0.64184022 0.50612652
vt 0.64449531 0.49858856
vt 0.64980543 0.48139161
vt 0.65386432 0.46182954
vt 0.65728235 0.44022280
vt 0.66095978 0.41994357
vt 0.36011291 0.91792172
vt 0.67425042 0.41887540
vt 0.68798351 0.39542228
vt 0.38220799 0.90019071
vt 0.03772030 0.25142288
vt 0.03431754 0.26358432
vt 0.04174868 0.27043563
vt 0.59610897 0.63476002
vt 0.68004882 0.37302202
vt 0.66851300 0.37651634
vt 0.58899826 0.62688637
vt 0.24182498 0.88850236
vt 0.23909362 0.88935685
vt 0.59494925 0.62070650
vt 0.62250704 0.56664377
vt 0.64902723 0.51737237
vt 0.65275043 0.51015484
vt 0.65531397 0.50241852
vt 0.66208893 0.48352790
vt 0.66713971 0.46222627
vt 0.67035937 0.44023806
vt 0.68255132 0.44081789
vt 0.36142519 0.94343483
vt 0.36958876 0.92233157
vt 0.39072251 0.90522623
vt 0.02885481 0.25027847
vt 0.02716106 0.26224154
vt 0.03302052 0.26961166
vt 0.04065003 0.27603573
vt 0.60003054 0.62929732
vt 0.02522316 0.32033265
vt 0.62987715 0.57373923
vt 0.01405356 0.35904479
vt 0.77753872 1.00000000
vt 0.65999848 0.52234685
vt 0.66402686 0.51396966
vt 0.66713971 0.50476843
vt 0.74531168 0.99952698
vt 0.36011291 0.98440528
vt 0.67466241 0.48490119
vt 0.67963684 0.46392006
vt 0.36060122 0.96574348
vt 0.36943617 0.96615547
vt 0.37059587 0.94622719
vt 0.37871367 0.92587167
vt 0.38663310 0.92936599
vt 0.39807737 0.91050583
vt 0.02180514 0.25047684
vt 0.40946060 0.90075535
vt 0.01991302 0.26083773
vt 0.02571145 0.26785690
vt 0.02481117 0.27336538
vt 0.03271534 0.27541012
vt 0.01373312 0.31717402
vt 0.81109333 0.97334248
vt 0.77407491 0.99443048
vt 0.67228198 0.52254522
vt 0.76763564 0.99528497
vt 0.67447931 0.51660943
vt 0.67840087 0.50701153
vt 0.76050967 0.99536127
vt 0.74631876 0.99281299
vt 0.36758983 0.98422217
vt 0.74834824 0.98478675
vt 0.37595177 0.98501563
vt 0.37776759 0.96760511
vt 0.37857634 0.94891280
vt 0.38660258 0.95008773
vt 0.39359123 0.93257040
vt 0.40407416 0.91679257
vt 0.41538110 0.90804911
vt 0.01431296 0.25767910
vt 0.01875334 0.26604104
vt 0.43404287 0.90165561
vt 0.01771572 0.27142745
vt 0.46016634 0.92806900
vt 0.00460822 0.29169148
vt 0.00399786 0.31233692
vt 0.46784163 0.96050966
vt 0.80567634 0.96232545
vt 0.77335775 0.98672467
vt 0.76681161 0.98818952
vt 0.76021975 0.98841840
vt 0.75848019 0.98149079
vt 0.74785990 0.97921723
vt 0.38425270 0.98353553
vt 0.38477150 0.96879530
vt 0.39253834 0.95292592
vt 0.39981690 0.93748379
vt 0.40965897 0.92195010
vt 0.41806668 0.91476309
vt 0.01345846 0.26285189
vt 0.42438391 0.90702677
vt 0.43376821 0.90856797
vt 0.45627528 0.93081558
vt 0.46375218 0.95974672
vt 0.44782177 0.99192798
vt 0.78439003 0.96549934
vt 0.77137405 0.97991914
vt 0.76540780 0.98188752
vt 0.76432443 0.97674525
vt 0.39557490 0.99530023
vt 0.75893795 0.97518885
vt 0.74857712 0.97390705
vt 0.39114976 0.98428321
vt 0.39139390 0.97190815
vt 0.40370795 0.95977724
vt 0.40782788 0.94396889
vt 0.41571680 0.92993057
vt 0.43212023 0.94676125
vt 0.42386511 0.94126803
vt 0.42633706 0.93533230
vt 0.42055389 0.92172122
vt 0.42635232 0.91415274
vt 0.43596551 0.91580069
vt 0.45488670 0.93820095
vt 0.45947966 0.96191347
vt 0.44524300 0.99073780
vt 0.78010225 0.96078432
vt 0.77016860 0.97376972
vt 0.76415658 0.97084004
vt 0.41397727 0.99974060
vt 0.41625085 0.99356067
vt 0.75687802 0.96601814
vt 0.40830091 0.99070728
vt 0.40309757 0.98379493
vt 0.40213627 0.97372395
vt 0.41318381 0.97326618
vt 0.41499960 0.96337837
vt 0.41905853 0.95220876
vt 0.42829022 0.95886171
vt 0.43115893 0.95234609
vt 0.43553826 0.95785457
vt 0.43826962 0.95925844
vt 0.43593499 0.94767684
vt 0.43384451 0.93517965
vt 0.42838177 0.92150760
vt 0.43793392 0.92605478
vt 0.45258260 0.94351113
vt 0.45749599 0.96295106
vt 0.44641796 0.98361182
vt 0.76891738 0.96740675
vt 0.42644387 0.99880981
vt 0.42742047 0.99359119
vt 0.42243075 0.98728925
vt 0.41646448 0.98475623
vt 0.42117953 0.97958344
vt 0.42348364 0.97352558
vt 0.42554361 0.96658272
vt 0.43421072 0.96520942
vt 0.43704891 0.96670485
vt 0.43926147 0.96675062
vt 0.44113833 0.96057069
vt 0.44191653 0.95106435
vt 0.44454110 0.94055086
vt 0.44866103 0.95616084
vt 0.44985121 0.96609443
vt 0.45502403 0.96449226
vt 0.44127566 0.98382545
vt 0.43131152 0.98658735
vt 0.42952621 0.98103303
vt 0.42568094 0.97990388
vt 0.42963302 0.97460902
vt 0.43375295 0.97082478
vt 0.43619439 0.97146565
vt 0.43833065 0.97056532
vt 0.44544137 0.96705580
vt 0.44107729 0.98063630
vt 0.43405813 0.98074311
vt 0.43381399 0.97659266
vt 0.43779659 0.97532618
vt 0.45592430 0.43595028
vt 0.84954602 0.19668877
vt 0.46079195 0.42534524
vt 0.45799953 0.43715572
vt 0.46210423 0.42633706
vt 0.84780651 0.19609368
vt 0.84695202 0.20881969
vt 0.85140765 0.21013200
vt 0.84682995 0.22157627
vt 0.84989703 0.22224766
vt 0.84519720 0.23317313
vt 0.84769970 0.23434806
vt 0.84083313 0.24652475
vt 0.84386969 0.24786752
vt 0.83637750 0.25987643
vt 0.83949035 0.26100558
vt 0.84840161 0.24962234
vt 0.85294878 0.23512626
vt 0.85438317 0.22243077
vt 0.85613793 0.20976579
vt 0.45375752 0.42279696
vt 0.85787749 0.19697869
vt 0.85262835 0.19687188
vt 0.45831999 0.42410928
vt 0.45348287 0.43466848
vt 0.44884413 0.44660103
vt 0.45078203 0.44765395
vt 0.45296407 0.44864577
vt 0.45642787 0.45151448
vt 0.46128023 0.44019228
vt 0.46768901 0.42844284
vt 0.84251165 0.19385064
vt 0.84159607 0.20776683
vt 0.83984131 0.22044706
vt 0.83700311 0.23337150
vt 0.83480585 0.24525827
vt 0.83112842 0.25885403
vt 0.82885480 0.27336538
vt 0.83199817 0.27362478
vt 0.83454645 0.27467763
vt 0.83837646 0.27754635
vt 0.84400702 0.26321810
vt 0.85212481 0.26617837
vt 0.85711449 0.25195700
vt 0.86228734 0.23675901
vt 0.86457616 0.22352940
vt 0.86747539 0.21028459
vt 0.86868083 0.19615471
vt 0.44443429 0.42017245
vt 0.43869689 0.43150985
vt 0.44916457 0.43410391
vt 0.44425115 0.44530404
vt 0.44029906 0.45804530
vt 0.44461739 0.45860988
vt 0.44728771 0.45946443
vt 0.45085832 0.46335548
vt 0.46059358 0.47078663
vt 0.46524757 0.45729762
vt 0.47060350 0.44547188
vt 0.47747004 0.43373770
vt 0.83013660 0.19174486
vt 0.82925153 0.20627147
vt 0.82714581 0.21962309
vt 0.82430762 0.23242545
vt 0.82165253 0.24550241
vt 0.81792933 0.25975430
vt 0.81535059 0.27252614
vt 0.79688716 0.27415884
vt 0.92457467 0.11320668
vt 0.75179672 0.28583199
vt 0.77300680 0.27370107
vt 0.88976884 0.10603493
vt 0.77201498 0.28484017
vt 0.79450673 0.28618294
vt 0.81168842 0.28526741
vt 0.82401770 0.28509957
vt 0.82763410 0.28587776
vt 0.83041126 0.28722060
vt 0.83434808 0.28993666
vt 0.84676892 0.28165102
vt 0.87310600 0.27995729
vt 0.87701231 0.26739907
vt 0.88139164 0.25420004
vt 0.88339055 0.24092472
vt 0.88577098 0.22665751
vt 0.88735789 0.21196306
vt 0.88813609 0.19742125
vt 0.42842755 0.41358054
vt 0.42343786 0.42642862
vt 0.41887540 0.43979555
vt 0.43424124 0.44365609
vt 0.43024337 0.45658046
vt 0.42696270 0.47061872
vt 0.43668270 0.47089344
vt 0.44101626 0.47135121
vt 0.44367132 0.47226673
vt 0.44551766 0.47374684
vt 0.44837111 0.47862977
vt 0.45641261 0.48578620
vt 0.46779585 0.49246967
vt 0.47304493 0.47782099
vt 0.47830930 0.46445411
vt 0.48432136 0.45163655
vt 0.49170673 0.43999392
vt 0.81280231 0.19060045
vt 0.81145954 0.20585948
vt 0.80930799 0.21980619
vt 0.80601203 0.23370719
vt 0.80334175 0.24652475
vt 0.79966432 0.26213473
vt 0.77457845 0.26158541
vt 0.75124741 0.27455556
vt 0.92161441 0.13240254
vt 0.96313423 0.11616695
vt 0.96168458 0.09451437
vt 0.92707711 0.09240866
vt 0.89485008 0.08514535
vt 0.77193868 0.29733729
vt 0.86315709 0.07447928
vt 0.79137868 0.29866481
vt 0.80927747 0.29779506
vt 0.82012665 0.29764247
vt 0.83964294 0.03578240
vt 0.81333637 0.31329823
vt 0.83607233 0.03329521
vt 0.81583887 0.31377125
vt 0.82298011 0.29811549
vt 0.82574195 0.29959565
vt 0.82838178 0.30365455
vt 0.84095520 0.29356831
vt 0.85900664 0.29745936
vt 0.87608147 0.30165559
vt 0.88999772 0.28627449
vt 0.89527732 0.27383840
vt 0.90017545 0.25897610
vt 0.90310520 0.24524301
vt 0.90574503 0.22931260
vt 0.90728617 0.21484703
vt 0.90690470 0.19842833
vt 0.41272601 0.40769053
vt 0.40849927 0.42073703
vt 0.40419623 0.43440908
vt 0.40077820 0.44963759
vt 0.41512170 0.45346761
vt 0.41216144 0.46845198
vt 0.41039139 0.48297858
vt 0.42413977 0.48435187
vt 0.43433279 0.48462653
vt 0.43814754 0.48532844
vt 0.44037536 0.48584723
vt 0.44222170 0.48674756
vt 0.44484627 0.49364460
vt 0.45223165 0.50115204
vt 0.46355382 0.50800335
vt 0.48151371 0.51557183
vt 0.48712900 0.50119781
vt 0.49280536 0.48705274
vt 0.49912262 0.47403675
vt 0.50609601 0.46173799
vt 0.51401544 0.45040053
vt 0.78518349 0.19119555
vt 0.78384072 0.20573741
vt 0.78162813 0.22058439
vt 0.77904934 0.23454642
vt 0.77703518 0.24850845
vt 0.75310904 0.24939346
vt 0.92040896 0.15608454
vt 0.75144577 0.26236361
vt 0.72817576 0.27690548
vt 0.96273744 0.13505763
vt 0.99816895 0.11491567
vt 0.99015790 0.48825818
vt 0.95266652 0.48462653
vt 0.96061647 0.51343560
vt 0.99288929 0.51786065
vt 0.99259937 0.09286642
vt 0.99421686 0.54363316
vt 0.98567176 0.07016098
vt 0.96038759 0.07177842
vt 0.92980850 0.07150376
vt 0.93060195 0.05279624
vt 0.90107578 0.06309605
vt 0.87371635 0.05296409
vt 0.80456245 0.31253529
vt 0.85305560 0.04266423
vt 0.29652858 0.36192876
vt 0.16685741 0.98902875
vt 0.86529338 0.02058440
vt 0.17125200 0.97697413
vt 0.85624474 0.01556420
vt 0.17344931 0.97094685
vt 0.29752040 0.37114519
vt 0.05206378 0.69817650
vt 0.85174334 0.01298541
vt 0.05650416 0.69314110
vt 0.84730297 0.00994891
vt 0.83163196 0.03025866
vt 0.81864655 0.31515986
vt 0.82806134 0.02587932
vt 0.82098114 0.31747919
vt 0.80205995 0.03854430
vt 0.83434808 0.30736250
vt 0.06007477 0.60923171
vt 0.84939343 0.31514460
vt 0.86585796 0.31805903
vt 0.88934159 0.30684370
vt 0.90324253 0.29167622
vt 0.90890366 0.27821773
vt 0.91425955 0.26283664
vt 0.91760129 0.24902725
vt 0.92355227 0.23187608
vt 0.92600900 0.21686125
vt 0.92614633 0.20083922
vt 0.39662775 0.40170902
vt 0.39272144 0.41492331
vt 0.38866255 0.42914474
vt 0.31050584 0.36821544
vt 0.38590068 0.44457161
vt 0.30135041 0.35201037
vt 0.38370335 0.46112764
vt 0.39853513 0.46480507
vt 0.39678034 0.48158997
vt 0.39604792 0.49657434
vt 0.40926224 0.49791712
vt 0.42178988 0.49901581
vt 0.43144885 0.49814606
vt 0.43504998 0.50298315
vt 0.43758297 0.50312048
vt 0.43947509 0.50435644
vt 0.44165713 0.50980389
vt 0.44866103 0.51729608
vt 0.55132371 0.60457772
vt 0.45880827 0.52318609
vt 0.57343405 0.62427711
vt 0.47612727 0.52938128
vt 0.58840317 0.63985658
vt 0.49051651 0.53565270
vt 0.49666589 0.52219427
vt 0.50295264 0.50896466
vt 0.50959027 0.49533838
vt 0.51635003 0.48267341
vt 0.52388799 0.47052717
vt 0.53211260 0.45976961
vt 0.76203555 0.19148546
vt 0.76101321 0.20732433
vt 0.75878537 0.22125584
vt 0.75619137 0.23543143
vt 0.95919740 0.17933929
vt 0.72872514 0.24940872
vt 0.72765696 0.26298922
vt 0.96133363 0.15600824
vt 0.99906921 0.13397419
vt 0.98686200 0.46012056
vt 0.94793624 0.46456093
vt 0.92329288 0.48944837
vt 0.93363851 0.51674676
vt 0.90994126 0.52056158
vt 0.05708400 0.12765700
vt 0.92307925 0.55657279
vt 0.94587624 0.54943156
vt 0.96766615 0.54151213
vt 0.82113373 0.97663844
vt 0.97483790 0.56731516
vt 0.99288929 0.57300675
vt 0.82787824 0.99320972
vt 0.97917145 0.04429692
vt 0.95597774 0.04632640
vt 0.91067368 0.03916991
vt 0.88148320 0.02665752
vt 0.28938735 0.34613568
vt 0.19780271 0.99081409
vt 0.26961166 0.37627220
vt 0.27306020 0.38274205
vt 0.07502861 0.71636534
vt 0.27325857 0.38805217
vt 0.07924010 0.71245897
vt 0.06462196 0.68747997
vt 0.84196234 0.00416571
vt 0.05214008 0.65609217
vt 0.81820399 0.01754785
vt 0.84135193 0.32774854
vt 0.79955751 0.00164795
vt 0.07631037 0.63706416
vt 0.86071563 0.33159381
vt 0.10237278 0.61977565
vt 0.12730601 0.60843825
vt 0.11960021 0.57958341
vt 0.87844664 0.32217896
vt 0.90623331 0.31425953
vt 0.81046766 0.95803767
vt 0.92181277 0.30043489
vt 0.92869461 0.28744948
vt 0.93591213 0.26968795
vt 0.93974215 0.25522238
vt 0.94383156 0.23480582
vt 0.94522011 0.21966887
vt 0.94633400 0.20347905
vt 0.35764095 0.40514231
vt 0.37965971 0.39548331
vt 0.34927902 0.39162278
vt 0.37578392 0.40915543
vt 0.34094760 0.37827116
vt 0.37238118 0.42372775
vt 0.36940566 0.43936825
vt 0.33069351 0.36421758
vt 0.36806285 0.45648891
vt 0.31819639 0.34584576
vt 0.31102464 0.33105975
vt 0.36823073 0.47510493
vt 0.29439232 0.33424890
vt 0.38303196 0.47777522
vt 0.18046845 0.71189439
vt 0.38390175 0.49570459
vt 0.45810637 0.57030594
vt 0.39601740 0.51149768
vt 0.47429618 0.57761502
vt 0.40863660 0.51366448
vt 0.49074540 0.58529031
vt 0.42075226 0.51401544
vt 0.50313574 0.58631265
vt 0.42867169 0.51699090
vt 0.50775921 0.58855569
vt 0.43160143 0.51648736
vt 0.51046008 0.59076828
vt 0.43373770 0.51726556
vt 0.51258105 0.59174490
vt 0.43562981 0.51851678
vt 0.51567864 0.59708554
vt 0.43794918 0.52397954
vt 0.44437325 0.53192949
vt 0.52475774 0.60871291
vt 0.53546959 0.62143892
vt 0.55538261 0.63938355
vt 0.56984818 0.65531397
vt 0.56050962 0.68845654
vt 0.58159763 0.67428088
vt 0.60204470 0.66103607
vt 0.62156099 0.64882886
vt 0.51212329 0.53063250
vt 0.51868469 0.51752496
vt 0.52610058 0.50470740
vt 0.53371483 0.49274433
vt 0.54174107 0.48102540
vt 0.55036241 0.47064924
vt 0.73817044 0.19233996
vt 0.73601890 0.20755321
vt 0.73368430 0.22153050
vt 0.73119706 0.23558402
vt 0.70547038 0.24995804
vt 0.98342872 0.41010147
vt 0.99916077 0.17779815
vt 1.00000000 0.15472651
vt 0.98358130 0.43541616
vt 0.94090182 0.43830013
vt 0.91496146 0.46688032
vt 0.89802396 0.49230182
vt 0.88882279 0.52498662
vt 0.71168077 0.16772717
vt 0.90305942 0.55822080
vt 0.93315023 0.60032046
vt 0.70000762 0.20003051
vt 0.08325322 0.16217291
vt 0.98777753 0.00805676
vt 0.78855574 0.99984741
vt 0.97157246 0.60836196
vt 0.11999695 0.15489435
vt 0.14569314 0.29674220
vt 0.18110932 0.36247808
vt 0.19633783 0.31958497
vt 0.94468606 0.01174945
vt 0.88239872 0.00010681
vt 0.26207370 0.36708629
vt 0.25215533 0.39209580
vt 0.27238879 0.39409477
vt 0.08439765 0.70811021
vt 0.27060351 0.40019834
vt 0.09106584 0.70554662
vt 0.07487602 0.68023193
vt 0.09707790 0.66613257
vt 0.11845579 0.64638746
vt 0.13293660 0.63247120
vt 0.15555046 0.63794923
vt 0.15678646 0.60624093
vt 0.15411612 0.57346457
vt 0.89343101 0.32828259
vt 0.18466468 0.54268712
vt 0.68741894 0.10911727
vt 0.91602957 0.32658887
vt 0.92693979 0.31833369
vt 0.67956054 0.09445333
vt 0.55742735 0.19047838
vt 0.82626081 0.97134358
vt 0.83698785 0.95803767
vt 0.57265586 0.19372857
vt 0.94551003 0.29231709
vt 0.58788431 0.19731444
vt 0.95306325 0.27609676
vt 0.61715114 0.20923173
vt 0.95860225 0.25648892
vt 0.63726252 0.21899748
vt 0.96244752 0.23776609
vt 0.65799952 0.23196763
vt 0.96440071 0.22270542
vt 0.67277026 0.24292362
vt 0.96504158 0.20569164
vt 0.96601814 0.19037157
vt 0.68688488 0.25131607
vt 0.36653697 0.38295567
vt 0.35635918 0.36914629
vt 0.34467077 0.35405511
vt 0.33333334 0.33989471
vt 0.32547495 0.32500190
vt 0.16728465 0.73813993
vt 0.31720454 0.30838484
vt 0.36932936 0.49239337
vt 0.30344090 0.31398487
vt 0.17689784 0.72396433
vt 0.20325017 0.73563743
vt 0.37178606 0.51174182
vt 0.38464943 0.51099414
vt 0.21045244 0.72544444
vt 0.44197756 0.56623179
vt 0.23091477 0.74415195
vt 0.43607232 0.59102774
vt 0.45015639 0.59449148
vt 0.46495765 0.60021365
vt 0.47901121 0.60621041
vt 0.49085221 0.60744643
vt 0.49575037 0.60830092
vt 0.49893948 0.60909438
vt 0.50145721 0.61234456
vt 0.50402075 0.61750209
vt 0.51027697 0.62954146
vt 0.51963073 0.64069581
vt 0.53652245 0.65703821
vt 0.54962999 0.67164111
vt 0.53408104 0.68540478
vt 0.52507818 0.70803392
vt 0.54230565 0.70005339
vt 0.56794077 0.70612651
vt 0.59180593 0.69481957
vt 0.61390096 0.68310064
vt 0.63530940 0.67515069
vt 0.52570385 0.53968108
vt 0.65767908 0.67701232
vt 0.53373009 0.52721447
vt 0.54154271 0.51502252
vt 0.54953843 0.50344092
vt 0.55848020 0.49224079
vt 0.56780344 0.48177308
vt 0.98123139 0.29736781
vt 0.71491569 0.19298083
vt 0.98187226 0.32515448
vt 0.71258104 0.20755321
vt 0.98147553 0.35304797
vt 0.70984972 0.22209507
vt 0.70716411 0.23622489
vt 0.98048371 0.38014799
vt 0.93580532 0.38768595
vt 0.93794155 0.41451132
vt 0.90928513 0.44516671
vt 0.89071488 0.47255665
vt 0.87606621 0.49921417
vt 0.85177386 0.51042950
vt 0.86640728 0.53351641
vt 0.87974364 0.56034184
vt 0.69945830 0.14934003
vt 0.68171209 0.15823609
vt 0.68410772 0.19114977
vt 0.06097505 0.16562140
vt 0.08952468 0.19922179
vt 0.13772793 0.20083922
vt 0.12518501 0.35826659
vt 0.16774243 0.40125126
vt 0.24245059 0.39815366
vt 0.25662622 0.42619973
vt 0.12204166 0.70612651
vt 0.24675365 0.46909285
vt 0.16343938 0.70185399
vt 0.14207675 0.66556799
vt 0.71657890 0.16279852
vt 0.18472572 0.63984132
vt 0.70655376 0.14683759
vt 0.18551919 0.60535592
vt 0.18548867 0.57140458
vt 0.69578087 0.12614632
vt 0.71042955 0.11784542
vt 0.70334935 0.10168612
vt 0.69687951 0.08661020
vt 0.55150682 0.20555431
vt 0.56723887 0.20968950
vt 0.58222324 0.21383995
vt 0.60886550 0.22534525
vt 0.62754256 0.23501945
vt 0.64760816 0.24776071
vt 0.66175324 0.25812161
vt 0.39096665 0.38626689
vt 0.67598993 0.26733804
vt 0.38175020 0.37326622
vt 0.37224385 0.36083007
vt 0.35931945 0.34657818
vt 0.34773785 0.33267719
vt 0.33942169 0.31813532
vt 0.32933548 0.30107576
vt 0.17209125 0.77456319
vt 0.32211795 0.28554207
vt 0.30908674 0.29011977
vt 0.18384069 0.75652707
vt 0.20567636 0.77010757
vt 0.21979095 0.75722897
vt 0.23773555 0.76868850
vt 0.24791333 0.75741208
vt 0.43190661 0.61139846
vt 0.44391546 0.61409932
vt 0.45728236 0.61858547
vt 0.47049668 0.62346840
vt 0.48131531 0.62478065
vt 0.48485541 0.62555885
vt 0.48770887 0.62798506
vt 0.48960099 0.62966353
vt 0.49359885 0.63527882
vt 0.49965668 0.64530402
vt 0.50640118 0.65674829
vt 0.52198064 0.67116809
vt 0.51810485 0.69561303
vt 0.50527197 0.70527196
vt 0.51009387 0.71696043
vt 0.25972381 0.13873506
vt 0.51421380 0.72861826
vt 0.52977800 0.72191960
vt 0.54840922 0.71563286
vt 0.31721979 0.15492487
vt 0.57325095 0.72526133
vt 0.34110019 0.15533686
vt 0.60132754 0.71734190
vt 0.36305791 0.15477228
vt 0.62188143 0.70719463
vt 0.38361180 0.15225452
vt 0.64679945 0.70078588
vt 0.66689557 0.70012969
vt 0.40296024 0.14897382
vt 0.33759061 0.62061495
vt 0.54988939 0.53881133
vt 0.35176623 0.61110854
vt 0.55861753 0.52703136
vt 0.36572823 0.60363162
vt 0.56758982 0.51618218
vt 0.37969023 0.59797055
vt 0.57708097 0.50547040
vt 0.58608377 0.49542993
vt 0.48638132 0.82729840
vt 0.93347067 0.30537879
vt 0.48871595 0.81251240
vt 0.93308920 0.33339435
vt 0.49124897 0.79746699
vt 0.93418783 0.36104369
vt 0.51398492 0.77816433
vt 0.89947355 0.39562064
vt 0.90397495 0.42081332
vt 0.88355839 0.45160604
vt 0.86674297 0.48075074
vt 0.56603342 0.73665977
vt 0.84261847 0.49294269
vt 0.58393222 0.73884183
vt 0.81519800 0.50972760
vt 0.58678567 0.72782481
vt 0.82708478 0.52660412
vt 0.84237432 0.54601359
vt 0.85815215 0.56606394
vt 0.68683910 0.13177693
vt 0.66456091 0.12535286
vt 0.65987641 0.15182728
vt 0.06247044 0.19659722
vt 0.65555811 0.18892193
vt 0.61858547 0.19827574
vt 0.07777523 0.23338675
vt 0.63511103 0.15800714
vt 0.61791408 0.15640497
vt 0.60001528 0.15408558
vt 0.57419699 0.15091175
vt 0.58066684 0.15091175
vt 0.05325399 0.27687496
vt 0.57341880 0.17288470
vt 0.05355917 0.27089339
vt 0.57955289 0.17351031
vt 0.58863205 0.15104908
vt 0.59111923 0.19205004
vt 0.07270924 0.25934231
vt 0.12974747 0.24411380
vt 0.18554971 0.24760813
vt 0.09463646 0.13315022
vt 0.25178912 0.98797590
vt 0.14348058 0.43375295
vt 0.35829708 0.58422220
vt 0.18788433 0.45906770
vt 0.33282977 0.57923245
vt 0.20767529 0.49172199
vt 0.18504615 0.67682922
vt 0.25661096 0.49806976
vt 0.30186924 0.59832150
vt 0.72710764 0.18017852
vt 0.72715342 0.15751886
vt 0.71931028 0.13917756
vt 0.73310447 0.13217366
vt 0.72460514 0.11161977
vt 0.71837950 0.09520102
vt 0.53301287 0.21423668
vt 0.54601359 0.21886015
vt 0.56134892 0.22430760
vt 0.57584494 0.22880906
vt 0.60120547 0.24040592
vt 0.61893642 0.24969864
vt 0.63741511 0.26134127
vt 0.65192646 0.27205312
vt 0.40387580 0.38010222
vt 0.66532385 0.28136110
vt 0.39951172 0.36536205
vt 0.38585490 0.35181201
vt 0.37380025 0.33931488
vt 0.36083010 0.32529181
vt 0.35130847 0.31128407
vt 0.34146640 0.29570460
vt 0.33325705 0.28085756
vt 0.16249332 0.79122603
vt 0.18532082 0.80111390
vt 0.19468985 0.78643471
vt 0.21725795 0.79476619
vt 0.22731365 0.78075838
vt 0.25391012 0.78011751
vt 0.26230258 0.77097732
vt 0.42874801 0.62928206
vt 0.43843746 0.63080800
vt 0.44937819 0.63425648
vt 0.46082246 0.63765925
vt 0.47017625 0.63990235
vt 0.47484550 0.64155030
vt 0.47739375 0.64339662
vt 0.48030823 0.64568555
vt 0.48320743 0.65172809
vt 0.48799878 0.66102082
vt 0.49469748 0.67087817
vt 0.50778973 0.68503857
vt 0.49581140 0.69666588
vt 0.48683909 0.71058214
vt 0.49633020 0.71342027
vt 0.49791715 0.72465098
vt 0.24588388 0.14178681
vt 0.50023651 0.73546958
vt 0.50222021 0.74384677
vt 0.25049210 0.14993513
vt 0.26491189 0.14819562
vt 0.51917297 0.73859769
vt 0.28030825 0.14929426
vt 0.53350121 0.73609519
vt 0.55381095 0.73249412
vt 0.29716945 0.15132374
vt 0.29808500 0.16511786
vt 0.31734186 0.16894788
vt 0.34044403 0.17155719
vt 0.36183718 0.17296100
vt 0.38202488 0.17160296
vt 0.40256351 0.16942090
vt 0.34433508 0.63607234
vt 0.57210648 0.53746855
vt 0.35973144 0.62658119
vt 0.58173496 0.52701610
vt 0.37383077 0.61995876
vt 0.59131759 0.51616693
vt 0.38764018 0.61435878
vt 0.60097659 0.50652325
vt 0.40103760 0.61011672
vt 0.50731671 0.83167773
vt 0.50948346 0.81326008
vt 0.89773405 0.36829174
vt 0.51128405 0.79476619
vt 0.52967119 0.78020906
vt 0.53203630 0.76572824
vt 0.87537956 0.42807662
vt 0.54587626 0.76433969
vt 0.85127032 0.43636227
vt 0.54853129 0.75014877
vt 0.85780120 0.46047151
vt 0.83121997 0.47283131
vt 0.56437016 0.75045395
vt 0.58324558 0.75292593
vt 0.60308230 0.74209201
vt 0.60373849 0.73070878
vt 0.80233461 0.54488444
vt 0.81898224 0.56247807
vt 0.60631722 0.72147703
vt 0.67603570 0.10275424
vt 0.64757764 0.11506826
vt 0.63993287 0.13641566
vt 0.62044710 0.13331807
vt 0.60508126 0.12967116
vt 0.59041733 0.12741286
vt 0.57517356 0.12947279
vt 0.56948197 0.13084614
vt 0.56899369 0.15155262
vt 0.56856644 0.17184711
vt 0.06858930 0.28026247
vt 0.56452280 0.18226904
vt 0.56290531 0.17370868
vt 0.05427634 0.28644234
vt 0.55016404 0.19021899
vt 0.07608148 0.28061342
vt 0.12130922 0.29175252
vt 0.14106965 0.08975357
vt 0.09881742 0.08804458
vt 0.21753262 0.96102846
vt 0.13701075 0.49279010
vt 0.20192264 0.98797590
vt 0.06565957 0.09013504
vt 0.36269170 0.53958952
vt 0.33487448 0.54415202
vt 0.30188450 0.57421225
vt 0.74790567 0.17512780
vt 0.74135959 0.15059131
vt 0.75478750 0.14801252
vt 0.74412143 0.12669563
vt 0.73730069 0.10620278
vt 0.73209733 0.09060806
vt 0.52846569 0.22575724
vt 0.54126805 0.23083848
vt 0.55541313 0.23578238
vt 0.57030594 0.24185550
vt 0.59433889 0.25354391
vt 0.61237508 0.26298922
vt 0.62877852 0.27338064
vt 0.64278632 0.28451973
vt 0.42049286 0.37006181
vt 0.65528345 0.29494166
vt 0.41171893 0.35751891
vt 0.39774168 0.34468603
vt 0.38507667 0.33173114
vt 0.37338826 0.31876099
vt 0.36134890 0.30417335
vt 0.35181201 0.29018080
vt 0.34259555 0.27602047
vt 0.15494011 0.82609296
vt 0.34233615 0.25487143
vt 0.99171436 0.95098799
vt 0.17952240 0.82887006
vt 0.33337912 0.26095980
vt 0.17903410 0.81532007
vt 0.20148012 0.82003510
vt 0.20794995 0.80820936
vt 0.22937362 0.81412983
vt 0.23710994 0.80210572
vt 0.24602121 0.79026473
vt 0.26285192 0.79926753
vt 0.26877242 0.79031050
vt 0.27336538 0.78220797
vt 0.28070498 0.77816433
vt 0.43356985 0.64646375
vt 0.44167238 0.64925611
vt 0.45090410 0.65235370
vt 0.46030366 0.65452051
vt 0.46485084 0.65632105
vt 0.46742961 0.65799952
vt 0.47025254 0.66077667
vt 0.47400627 0.66642249
vt 0.47710383 0.67495233
vt 0.48342109 0.68456548
vt 0.47270924 0.69855803
vt 0.46381322 0.71186388
vt 0.48538950 0.72620738
vt 0.48651865 0.73826200
vt 0.23666742 0.14283973
vt 0.23683529 0.15088123
vt 0.23717098 0.15616083
vt 0.25214007 0.15663385
vt 0.26530862 0.15771723
vt 0.28099489 0.16043335
vt 0.28070498 0.17123675
vt 0.29773402 0.17660791
vt 0.31718928 0.18080413
vt 0.33849087 0.18516821
vt 0.35863280 0.18915081
vt 0.33543909 0.65690088
vt 0.38068208 0.18869305
vt 0.40100709 0.18410009
vt 0.35100329 0.64826429
vt 0.36520943 0.64151978
vt 0.38056001 0.63482106
vt 0.52312505 0.84255743
vt 0.39417106 0.63015187
vt 0.40779737 0.62496376
vt 0.52628368 0.83048749
vt 0.52646679 0.81269550
vt 0.52806896 0.79603267
vt 0.54428929 0.79684138
vt 0.54477757 0.78110933
vt 0.56311893 0.76696420
vt 0.58394748 0.76752877
vt 0.60395211 0.77013808
vt 0.60302126 0.75506216
vt 0.62119478 0.74439609
vt 0.62137789 0.73261619
vt 0.66717023 0.08542001
vt 0.62679482 0.72066832
vt 0.65268940 0.09633023
vt 0.62577248 0.11223012
vt 0.66225684 0.71317613
vt 0.60912490 0.10496682
vt 0.67669183 0.71483940
vt 0.58960861 0.10453957
vt 0.68691540 0.71633482
vt 0.57523459 0.10734719
vt 0.69037920 0.71671629
vt 0.56986344 0.10789657
vt 0.56408024 0.11009383
vt 0.56354618 0.13083082
vt 0.56316471 0.15243763
vt 0.55521476 0.15445185
vt 0.05648890 0.29256123
vt 0.55291069 0.17552453
vt 0.54610515 0.15519953
vt 0.53485924 0.15907532
vt 0.20903334 0.06115818
vt 0.03401236 0.31493098
vt 0.07145800 0.32758069
vt 0.17723353 0.05511558
vt 0.14370947 0.05093461
vt 0.11581597 0.04574656
vt 0.10017548 0.04466313
vt 0.06514076 0.04356450
vt 0.36365300 0.49588770
vt 0.33675134 0.49800867
vt 0.30183873 0.53751433
vt 0.77911037 0.16701001
vt 0.76681161 0.14077973
vt 0.75844967 0.11929506
vt 0.75324637 0.10133517
vt 0.74828720 0.08664072
vt 0.52262151 0.23868161
vt 0.53479820 0.24412906
vt 0.54845500 0.25024796
vt 0.56246281 0.25665677
vt 0.57930875 0.26504922
vt 0.59899288 0.27588314
vt 0.61594570 0.28633553
vt 0.63044173 0.29691005
vt 0.64344245 0.30774397
vt 0.42407873 0.34648663
vt 0.41182575 0.33530176
vt 0.39832151 0.32259101
vt 0.38583964 0.30974287
vt 0.37363240 0.29697108
vt 0.36255437 0.28305483
vt 0.35281911 0.26923019
vt 0.35141528 0.24849319
vt 0.99365222 0.93585110
vt 0.97160298 0.91717404
vt 0.97125202 0.93412679
vt 0.96955824 0.94769210
vt 0.19685665 0.83201343
vt 0.94613564 0.95373464
vt 0.22096589 0.82710004
vt 0.24121462 0.83038068
vt 0.24870680 0.81956208
vt 0.25607690 0.80886549
vt 0.27611199 0.80672920
vt 0.27960631 0.79804683
vt 0.28117800 0.79081404
vt 0.28905165 0.79113448
vt 0.42795452 0.65906763
vt 0.29623866 0.79139388
vt 0.43341726 0.66265357
vt 0.44220644 0.66633093
vt 0.45053789 0.66843671
vt 0.45476463 0.66964221
vt 0.45761806 0.67211413
vt 0.45986113 0.67515069
vt 0.46404213 0.68082702
vt 0.46765849 0.68892956
vt 0.45885405 0.70325780
vt 0.45078203 0.71451896
vt 0.45708400 0.72246891
vt 0.34772259 0.84019226
vt 0.20122072 0.14270240
vt 0.44728771 0.72834361
vt 0.46363011 0.74267185
vt 0.21692225 0.15049976
vt 0.21632716 0.15582514
vt 0.21571679 0.16084534
vt 0.23671320 0.16121155
vt 0.25209430 0.16296637
vt 0.26555276 0.16729993
vt 0.27710384 0.18159759
vt 0.29474327 0.18718243
vt 0.31335926 0.19223315
vt 0.33551538 0.19874877
vt 0.32318607 0.67638665
vt 0.35599297 0.20500493
vt 0.37563133 0.20242620
vt 0.33922333 0.66961169
vt 0.35523003 0.66247046
vt 0.37111467 0.65581751
vt 0.38466468 0.65062940
vt 0.39971009 0.64547187
vt 0.41309226 0.64095521
vt 0.54222935 0.82977033
vt 0.54354161 0.81326008
vt 0.56243229 0.79919124
vt 0.56325626 0.78292513
vt 0.58451211 0.78440529
vt 0.60581368 0.78590065
vt 0.62368202 0.77204549
vt 0.62278169 0.75803769
vt 0.64025331 0.74700540
vt 0.63909364 0.73553061
vt 0.64190125 0.72295719
vt 0.63466847 0.09359884
vt 0.61599147 0.09091324
vt 0.65606165 0.72469676
vt 0.59339285 0.09115738
vt 0.66939801 0.72643626
vt 0.57410544 0.09355307
vt 0.67974365 0.72751963
vt 0.56440067 0.09684902
vt 0.68293279 0.72793162
vt 0.55906004 0.09428549
vt 0.68525213 0.72790110
vt 0.53908598 0.09100479
vt 0.69401085 0.72523081
vt 0.69556725 0.71461052
vt 0.55004197 0.10629433
vt 0.54683757 0.13273823
vt 0.53411156 0.13368428
vt 0.22536050 0.04710460
vt 0.52120239 0.13295186
vt 0.51450372 0.15809870
vt 0.20489815 0.04693675
vt 0.19906920 0.03089952
vt 0.37770656 0.84374762
vt 0.17587548 0.02534521
vt 0.39766538 0.84161139
vt 0.15155260 0.01812774
vt 0.41953155 0.84016174
vt 0.12518501 0.00927746
vt 0.10273899 0.00016785
vt 0.43863586 0.84003967
vt 0.45758754 0.84869152
vt 0.06410315 0.00135803
vt 0.46630046 0.82761884
vt 0.36357671 0.45482564
vt 0.33464560 0.46395057
vt 0.84126037 0.15561152
vt 0.31103989 0.47032881
vt 0.81544214 0.16189820
vt 0.30786604 0.49925995
vt 0.27617303 0.51400018
vt 0.79412526 0.14039826
vt 0.77694362 0.12938124
vt 0.77262533 0.11161977
vt 0.76986343 0.09616238
vt 0.50476843 0.24826431
vt 0.51508355 0.25363547
vt 0.52602428 0.25955594
vt 0.54004729 0.26626992
vt 0.55352104 0.27319753
vt 0.57091630 0.27962160
vt 0.58635843 0.28854811
vt 0.60277712 0.29916841
vt 0.61823452 0.31035322
vt 0.63123524 0.32118714
vt 0.43604180 0.33415735
vt 0.42404822 0.32399482
vt 0.41141376 0.31291676
vt 0.39780271 0.30080110
vt 0.38474098 0.28824294
vt 0.37367818 0.27629513
vt 0.36237127 0.26243991
vt 0.36159304 0.23898679
vt 0.99333179 0.91537344
vt 0.96940565 0.89924467
vt 0.95014876 0.91734189
vt 0.95022506 0.93150222
vt 0.94908065 0.94355690
vt 0.92901504 0.93971163
vt 0.23761348 0.84142828
vt 0.25723660 0.84448004
vt 0.26009002 0.83514154
vt 0.26497293 0.82740521
vt 0.27116808 0.81559473
vt 0.28897536 0.82035553
vt 0.29019609 0.80683601
vt 0.29982454 0.80576789
vt 0.42522317 0.67617303
vt 0.30856794 0.80630195
vt 0.43329519 0.67922485
vt 0.44124514 0.68230712
vt 0.44577706 0.68427557
vt 0.44803539 0.68641186
vt 0.45079729 0.68986034
vt 0.45456627 0.69591820
vt 0.44579232 0.70791179
vt 0.44081789 0.72129393
vt 0.33934540 0.83703363
vt 0.44255742 0.16874951
vt 0.34355688 0.84859997
vt 0.35181201 0.84812695
vt 0.43923095 0.17257953
vt 0.19740596 0.15352100
vt 0.43143359 0.17099261
vt 0.19543755 0.16203552
vt 0.21518272 0.16694897
vt 0.23598078 0.16737622
vt 0.24921034 0.16961926
vt 0.26204318 0.17587548
vt 0.25922027 0.18617535
vt 0.27368581 0.19253832
vt 0.29030290 0.19876403
vt 0.30791181 0.20518810
vt 0.33026627 0.21396202
vt 0.34895858 0.22313267
vt 0.32837415 0.68873119
vt 0.34358740 0.68337530
vt 0.35963988 0.67754638
vt 0.37563133 0.67215991
vt 0.39063096 0.66732281
vt 0.40448615 0.66335547
vt 0.55486381 0.84258795
vt 0.41802090 0.65789270
vt 0.56157780 0.82748151
vt 0.56430912 0.81428242
vt 0.58963913 0.81675440
vt 0.58750284 0.80135804
vt 0.60923171 0.80180055
vt 0.62639809 0.78811324
vt 0.64402229 0.77468526
vt 0.64180970 0.76054019
vt 0.65679407 0.75034714
vt 0.65555811 0.73795682
vt 0.67013049 0.73957431
vt 0.68050659 0.74056613
vt 0.68346685 0.74090183
vt 0.68615246 0.74048984
vt 0.69486535 0.73841459
vt 0.70308995 0.72433054
vt 0.70666057 0.71171129
vt 0.53598839 0.10986495
vt 0.24408332 0.04261845
vt 0.52039367 0.11126876
vt 0.50534827 0.13070875
vt 0.21853971 0.03294420
vt 0.35269704 0.85845733
vt 0.21193255 0.02047759
vt 0.19598688 0.01203936
vt 0.36719310 0.85947967
vt 0.38423744 0.86181426
vt 0.39984742 0.86254674
vt 0.41287860 0.86279088
vt 0.42423132 0.86305028
vt 0.43854430 0.86272985
vt 0.45464256 0.86343175
vt 0.46768901 0.86071563
vt 0.47920957 0.84777600
vt 0.49076065 0.83497369
vt 0.33972687 0.43550771
vt 0.32161441 0.44274050
vt 0.85650414 0.14506751
vt 0.30606547 0.45050734
vt 0.28586251 0.45946443
vt 0.84257269 0.13192952
vt 0.83500421 0.12666512
vt 0.28564888 0.47576106
vt 0.82902265 0.13691920
vt 0.28091860 0.49279010
vt 0.81344318 0.13824672
vt 0.80347908 0.12787062
vt 0.80431831 0.10691994
vt 0.78786910 0.10992599
vt 0.78803694 0.09369040
vt 0.49758145 0.26257724
vt 0.50620282 0.26961166
vt 0.51638055 0.27620357
vt 0.52944231 0.28363472
vt 0.54262608 0.29138631
vt 0.55661857 0.29979402
vt 0.57184708 0.30850691
vt 0.58664834 0.31796747
vt 0.60149539 0.32837415
vt 0.61557949 0.33926910
vt 0.45122454 0.31714350
vt 0.43869689 0.30756086
vt 0.42624551 0.29738307
vt 0.41350424 0.28699166
vt 0.39934385 0.27513540
vt 0.38605326 0.26378274
vt 0.37439537 0.25123978
vt 0.37143511 0.22740519
vt 0.99032581 0.89469749
vt 0.96729994 0.88719004
vt 0.94699013 0.89138627
vt 0.94821090 0.90177768
vt 0.92950332 0.90417337
vt 0.93043411 0.91700619
vt 0.93072402 0.92938125
vt 0.91171128 0.92755020
vt 0.25621423 0.85423058
vt 0.27902648 0.84626538
vt 0.28421456 0.83340198
vt 0.30077058 0.83106738
vt 0.29996186 0.81934845
vt 0.31027696 0.81811249
vt 0.31830320 0.81709009
vt 0.43341726 0.69416344
vt 0.32323185 0.81855500
vt 0.43717098 0.69733727
vt 0.33844510 0.83016706
vt 0.43935302 0.70009917
vt 0.33986419 0.83642328
vt 0.44164187 0.70234227
vt 0.43630120 0.71575493
vt 0.33327231 0.83624017
vt 0.33846036 0.84756237
vt 0.44336614 0.16644543
vt 0.43608758 0.16237128
vt 0.42755780 0.15739679
vt 0.19098192 0.17541772
vt 0.19789426 0.17232013
vt 0.21435875 0.17444116
vt 0.23477530 0.17607385
vt 0.24649423 0.17895782
vt 0.24405280 0.18974596
vt 0.25494775 0.19766539
vt 0.26831463 0.20517284
vt 0.28337529 0.21348900
vt 0.29991609 0.22183567
vt 0.32036316 0.23245597
vt 0.33716336 0.24425119
vt 0.33392844 0.70479894
vt 0.34981307 0.70005339
vt 0.36446175 0.69591820
vt 0.38065156 0.69156939
vt 0.39575800 0.68747997
vt 0.40961319 0.68351263
vt 0.59220266 0.84646374
vt 0.59113449 0.83244067
vt 0.61246663 0.81808197
vt 0.63021284 0.80396736
vt 0.64744031 0.78982222
vt 0.66173798 0.77669948
vt 0.65952545 0.76289004
vt 0.67420465 0.76552987
vt 0.67240405 0.75205612
vt 0.68230718 0.75260550
vt 0.68491644 0.75367361
vt 0.68807507 0.75329214
vt 0.69732207 0.75104904
vt 0.70595866 0.73623252
vt 0.71697569 0.73215842
vt 0.71355766 0.71946287
vt 0.21046770 0.95892274
vt 0.51607537 0.09561300
vt 0.49449912 0.10119784
vt 0.19874877 0.97732508
vt 0.32695505 0.87330437
vt 0.24951553 0.01641870
vt 0.33440146 0.86102080
vt 0.23443961 0.02677959
vt 0.22197299 0.01196307
vt 0.34821087 0.86771953
vt 0.36717784 0.87357903
vt 0.38464943 0.87806517
vt 0.40074769 0.88007933
vt 0.41527429 0.88049132
vt 0.42856488 0.88000304
vt 0.44191653 0.87788206
vt 0.45722133 0.87498283
vt 0.47428092 0.86923015
vt 0.48987564 0.85966277
vt 0.50263220 0.84574652
vt 0.33151752 0.41811246
vt 0.31169605 0.42786300
vt 0.86512548 0.13177693
vt 0.29565880 0.43619442
vt 0.27803463 0.44690621
vt 0.85027850 0.12169069
vt 0.83588922 0.11337453
vt 0.82055390 0.11052108
vt 0.47914854 0.29152364
vt 0.82374305 0.09623867
vt 0.80698866 0.09379721
vt 0.48758680 0.27988100
vt 0.49691004 0.28615242
vt 0.50672162 0.29234761
vt 0.51833373 0.30199128
vt 0.52965593 0.31212330
vt 0.54340428 0.32108033
vt 0.55773252 0.33023578
vt 0.57235068 0.33887237
vt 0.58640420 0.34908062
vt 0.60028994 0.35875487
vt 0.46540016 0.29840541
vt 0.45239949 0.28957045
vt 0.43953612 0.27978945
vt 0.42606241 0.27054244
vt 0.41188678 0.26037997
vt 0.39847410 0.24998856
vt 0.38507667 0.23953611
vt 0.37801176 0.22046232
vt 0.98892194 0.88151371
vt 0.96507210 0.87370110
vt 0.94491494 0.87853819
vt 0.50554663 0.09004349
vt 0.92249942 0.87283134
vt 0.92594796 0.88358891
vt 0.92793167 0.89469749
vt 0.91143662 0.90763712
vt 0.91157395 0.91758603
vt 0.89326316 0.92335391
vt 0.27614251 0.85920501
vt 0.87154955 0.91966122
vt 0.29851225 0.86121917
vt 0.29903105 0.85099566
vt 0.30019075 0.84074157
vt 0.31869993 0.84380865
vt 0.31776914 0.83147937
vt 0.42838177 0.70545506
vt 0.32492560 0.82903790
vt 0.43004501 0.70797282
vt 0.32776380 0.83225757
vt 0.32893872 0.83390558
vt 0.33516443 0.84596014
vt 0.44554818 0.16678113
vt 0.43997863 0.15490961
vt 0.18384069 0.18205541
vt 0.42561990 0.15373462
vt 0.42545205 0.16543829
vt 0.19389640 0.18452734
vt 0.20091555 0.17895782
vt 0.20935377 0.18524450
vt 0.21594568 0.19632256
vt 0.23395133 0.18783855
vt 0.24356450 0.19995421
vt 0.25102618 0.20842296
vt 0.26201266 0.21666282
vt 0.27592888 0.22639811
vt 0.29166093 0.23591971
vt 0.31023118 0.24866104
vt 0.32414740 0.72225529
vt 0.33942169 0.71807432
vt 0.35403982 0.71529716
vt 0.36905470 0.71194017
vt 0.38371861 0.70847642
vt 0.39938962 0.70499730
vt 0.61927217 0.84672314
vt 0.41383994 0.70142674
vt 0.42723736 0.69753563
vt 0.61486226 0.83459222
vt 0.63378346 0.81985199
vt 0.65180439 0.80527961
vt 0.66573584 0.79105818
vt 0.67646295 0.77814907
vt 0.68345159 0.76580453
vt 0.68641186 0.76604867
vt 0.68952471 0.76556039
vt 0.69846648 0.76404977
vt 0.70858318 0.74860764
vt 0.29634547 0.88955522
vt 0.72057676 0.74499118
vt 0.18220799 0.96902418
vt 0.73202103 0.72639048
vt 0.32019532 0.88601512
vt 0.34207675 0.88087285
vt 0.36437020 0.88813609
vt 0.81446552 0.59906924
vt 0.38265049 0.89294273
vt 0.83619440 0.59758908
vt 0.40064088 0.89567405
vt 0.85493249 0.59577322
vt 0.41742581 0.89596397
vt 0.87055773 0.59424734
vt 0.43137255 0.89520103
vt 0.88441288 0.59205008
vt 0.44669262 0.89242387
vt 0.89874113 0.58884561
vt 0.46216527 0.88828868
vt 0.48024720 0.88120854
vt 0.49797818 0.87119859
vt 0.51342028 0.85555810
vt 0.32463568 0.40201420
vt 0.30205235 0.41229880
vt 0.28435189 0.42287326
vt 0.87194628 0.11824214
vt 0.45593956 0.32376593
vt 0.85644311 0.10835433
vt 0.83985656 0.10096896
vt 0.46981004 0.30513465
vt 0.47692072 0.31444263
vt 0.48694590 0.30029756
vt 0.49677271 0.30753034
vt 0.50838482 0.31593806
vt 0.52120239 0.32491034
vt 0.53467613 0.33395892
vt 0.54828715 0.34329748
vt 0.56212711 0.35245287
vt 0.57616538 0.36226445
vt 0.59005111 0.37195390
vt 0.47505912 0.28508431
vt 0.46179903 0.27663082
vt 0.44802013 0.26813155
vt 0.43442434 0.25946438
vt 0.42052338 0.24983597
vt 0.40627146 0.24016172
vt 0.39246204 0.23045701
vt 0.38391700 0.21139848
vt 0.98554969 0.86594951
vt 0.96095216 0.85941863
vt 0.94132906 0.86581218
vt 0.92198062 0.86115813
vt 0.49839017 0.08279544
vt 0.48819715 0.09691006
vt 0.89968717 0.87359428
vt 0.90763712 0.89073014
vt 0.91042954 0.90139621
vt 0.89359885 0.91146713
vt 0.47086290 0.13398945
vt 0.87038988 0.90782022
vt 0.47080186 0.13942170
vt 0.87153429 0.91538870
vt 0.84744030 0.92323184
vt 0.44850844 0.14937055
vt 0.32401007 0.86318761
vt 0.45027849 0.16702527
vt 0.32373542 0.84637219
vt 0.44731823 0.16873425
vt 0.32732129 0.84460211
vt 0.34671551 0.85157549
vt 0.44139773 0.15301746
vt 0.42653543 0.15083545
vt 0.41657129 0.15320057
vt 0.19098192 0.18759441
vt 0.20358586 0.19008166
vt 0.21098650 0.20202947
vt 0.22348364 0.21040666
vt 0.23578240 0.20215154
vt 0.24335088 0.21539634
vt 0.25450522 0.22630656
vt 0.26761273 0.23739988
vt 0.28178835 0.24892044
vt 0.30002290 0.26242465
vt 0.32852674 0.73430991
vt 0.34375525 0.73144120
vt 0.35786983 0.72993058
vt 0.37270162 0.72739756
vt 0.38725871 0.72480357
vt 0.40160221 0.72201115
vt 0.64298469 0.84765393
vt 0.41660181 0.71888304
vt 0.43013656 0.71570915
vt 0.63677424 0.83587396
vt 0.65604639 0.82121003
vt 0.66991681 0.80602729
vt 0.67960632 0.79221791
vt 0.68441290 0.77848476
vt 0.68737316 0.77871364
vt 0.69039446 0.77854580
vt 0.69980925 0.77734035
vt 0.71296257 0.77541769
vt 0.71068895 0.76154727
vt 0.73255515 0.64583814
vt 0.72452885 0.75791562
vt 0.73681241 0.74125278
vt 0.75336844 0.62749672
vt 0.31404594 0.89887846
vt 0.77457845 0.61397725
vt 0.33707181 0.89338523
vt 0.36099795 0.90214390
vt 0.79755855 0.61318380
vt 0.81806666 0.61135268
vt 0.83886474 0.60988784
vt 0.85745025 0.60845351
vt 0.87324333 0.60660720
vt 0.44979018 0.90545511
vt 0.88696116 0.60384524
vt 0.90290684 0.60050356
vt 0.46746013 0.90096897
vt 0.93670559 0.60778213
vt 0.48601511 0.89314109
vt 0.95512325 0.60375369
vt 0.50432593 0.88183415
vt 0.52065307 0.86863506
vt 0.31886777 0.38799113
vt 0.29454491 0.39911497
vt 0.44223696 0.36128783
vt 0.89486533 0.11773860
vt 0.87867552 0.10663003
vt 0.45372701 0.34245825
vt 0.46529335 0.32944226
vt 0.47629511 0.33589685
vt 0.48729685 0.32089722
vt 0.49889371 0.32928967
vt 0.51154345 0.33841461
vt 0.52480352 0.34802777
vt 0.53815520 0.35756469
vt 0.55144578 0.36697948
vt 0.56563669 0.37625694
vt 0.57933927 0.38628215
vt 0.48459601 0.26979476
vt 0.47069505 0.26243991
vt 0.45674831 0.25421530
vt 0.44289312 0.24667734
vt 0.42847332 0.23787290
vt 0.41347373 0.22977036
vt 0.39920652 0.22034025
vt 0.38976121 0.20184636
vt 0.98120087 0.85067523
vt 0.52083617 0.05188066
vt 0.95609981 0.84539557
vt 0.93891811 0.85302508
vt 0.51039904 0.06846726
vt 0.49042496 0.07798886
vt 0.47368583 0.09065384
vt 0.48029298 0.09303427
vt 0.88519114 0.89187455
vt 0.48012513 0.11694515
vt 0.46021211 0.12289613
vt 0.44979018 0.14328223
vt 0.34201571 0.85131609
vt 0.44469368 0.14903486
vt 0.42714581 0.14666975
vt 0.18587014 0.19209582
vt 0.41600671 0.14615089
vt 0.41625085 0.14876020
vt 0.18789959 0.19075304
vt 0.19932860 0.19468987
vt 0.20642404 0.20698863
vt 0.21884489 0.21493858
vt 0.23363088 0.22230870
vt 0.24545662 0.23474479
vt 0.25755703 0.24745554
vt 0.27060351 0.25961697
vt 0.28712901 0.27379262
vt 0.33154804 0.74636453
vt 0.34676129 0.74477756
vt 0.36086062 0.74435031
vt 0.37581444 0.74245822
vt 0.39053941 0.74074924
vt 0.40415046 0.73864347
vt 0.41881436 0.73669028
vt 0.43248644 0.73406577
vt 0.65871674 0.83627069
vt 0.67565423 0.83486688
vt 0.67359424 0.82127106
vt 0.68274969 0.80648506
vt 0.68702221 0.79203480
vt 0.68929577 0.79171437
vt 0.69219500 0.79142439
vt 0.70116729 0.79113448
vt 0.71404594 0.79015791
vt 0.72730601 0.77238119
vt 0.73382163 0.66036469
vt 0.75382620 0.65853357
vt 0.75777829 0.64032960
vt 0.77459371 0.62706947
vt 0.79943544 0.62581825
vt 0.82018769 0.62410927
vt 0.84162658 0.62302589
vt 0.86025786 0.62133211
vt 0.87556267 0.61950099
vt 0.89040971 0.61643398
vt 0.91813534 0.62252235
vt 0.49234760 0.90516520
vt 0.93800259 0.61991298
vt 0.95739681 0.61628139
vt 0.51267260 0.89333946
vt 0.53060198 0.87821776
vt 0.97827113 0.61213088
vt 0.43924621 0.38454258
vt 0.31143662 0.37314415
vt 0.28577095 0.38504618
vt 0.45261312 0.36829174
vt 0.46306553 0.35403985
vt 0.47515067 0.36226445
vt 0.48804456 0.34413671
vt 0.50130463 0.35240710
vt 0.51351184 0.36336309
vt 0.52744335 0.37238115
vt 0.54102385 0.38139927
vt 0.55489433 0.39096665
vt 0.56881058 0.40062565
vt 0.49344626 0.25427634
vt 0.47925535 0.24750131
vt 0.46468300 0.24040592
vt 0.45017165 0.23295951
vt 0.43529412 0.22545207
vt 0.42052338 0.21794462
vt 0.40540171 0.20953691
vt 0.99514765 0.83038068
vt 0.97590601 0.83564508
vt 0.39502555 0.19043261
vt 0.53286028 0.03401238
vt 0.50879681 0.04567027
vt 0.49944305 0.06233311
vt 0.48039979 0.07434195
vt 0.46453041 0.08839554
vt 0.46730754 0.10623330
vt 0.45027849 0.12214845
vt 0.44376287 0.14425880
vt 0.42722210 0.14412147
vt 0.41606775 0.14268714
vt 0.40367743 0.14113069
vt 0.19028001 0.20274663
vt 0.19307241 0.20064086
vt 0.19589533 0.19839782
vt 0.20282292 0.21077287
vt 0.21445030 0.22102696
vt 0.22867170 0.22871751
vt 0.23918517 0.24145877
vt 0.25059891 0.25615323
vt 0.26260775 0.26860458
vt 0.31734186 0.75704587
vt 0.33434042 0.75574887
vt 0.34905013 0.75597775
vt 0.36386663 0.75564206
vt 0.37853056 0.75524527
vt 0.39284351 0.75364310
vt 0.40692759 0.75259024
vt 0.42055389 0.75085068
vt 0.67882812 0.84748608
vt 0.43477532 0.75771725
vt 0.68705273 0.83411920
vt 0.68490118 0.82053864
vt 0.68889904 0.80538642
vt 0.69117266 0.80517280
vt 0.69385827 0.80534065
vt 0.70280004 0.80541694
vt 0.71616691 0.80494392
vt 0.72961015 0.78794539
vt 0.73508811 0.67498285
vt 0.75567251 0.67324328
vt 0.77521932 0.65618372
vt 0.77453268 0.64101624
vt 0.80065614 0.64011598
vt 0.82227814 0.63874269
vt 0.84362555 0.63739985
vt 0.86213475 0.63561451
vt 0.87754637 0.63317311
vt 0.90551615 0.63813233
vt 0.91992062 0.63669795
vt 0.93992525 0.63447011
vt 0.96073854 0.63102162
vt 0.98239106 0.62772560
vt 0.45069048 0.39447623
vt 0.46425575 0.37729460
vt 0.47634089 0.38680094
vt 0.48778516 0.37125200
vt 0.50148773 0.38045317
vt 0.51471734 0.38922715
vt 0.52896923 0.39838254
vt 0.54300755 0.40767527
vt 0.55721372 0.41702908
vt 0.73725492 0.84992754
vt 0.50153351 0.23715574
vt 0.73969632 0.82897687
vt 0.48708323 0.23067063
vt 0.74348056 0.80964369
vt 0.47241932 0.22389561
vt 0.74866867 0.79201955
vt 0.45781642 0.21709013
vt 0.75489432 0.77584493
vt 0.44254217 0.21033037
vt 0.76166934 0.76188296
vt 0.42745098 0.20402837
vt 0.41149005 0.19720757
vt 0.77055007 0.74586099
vt 0.54496074 0.01573205
vt 0.51815063 0.02705425
vt 0.49460593 0.03840697
vt 0.48641184 0.05673307
vt 0.47409782 0.05282676
vt 0.46961164 0.07141221
vt 0.45842680 0.06890976
vt 0.45499352 0.08595407
vt 0.45358968 0.10403603
vt 0.44489205 0.12097353
vt 0.43816280 0.12033266
vt 0.42737469 0.13817042
vt 0.41527429 0.13550013
vt 0.40305179 0.13092244
vt 0.40273136 0.13464558
vt 0.18577859 0.20659190
vt 0.19723812 0.21513695
vt 0.20009156 0.21322960
vt 0.21077287 0.22548258
vt 0.22409399 0.23474479
vt 0.23398185 0.24860001
vt 0.24449530 0.26257724
vt 0.32182804 0.76403451
vt 0.25590906 0.27667660
vt 0.25563440 0.29251546
vt 0.33815518 0.76298159
vt 0.35310903 0.76394296
vt 0.36745250 0.76388192
vt 0.38219273 0.76328683
vt 0.39655146 0.76368356
vt 0.40990311 0.76264590
vt 0.42276645 0.76084536
vt 0.69623864 0.84307623
vt 0.43605706 0.76272219
vt 0.69309527 0.83318835
vt 0.69118792 0.81919587
vt 0.69349205 0.81878388
vt 0.69623864 0.81875336
vt 0.70521098 0.81969941
vt 0.71847105 0.81972992
vt 0.73162431 0.80442512
vt 0.73586631 0.69015026
vt 0.75732052 0.68894482
vt 0.77489889 0.67186999
vt 0.80137330 0.65510035
vt 0.82389563 0.65375757
vt 0.84487677 0.65233845
vt 0.86376745 0.65127027
vt 0.87963682 0.64870679
vt 0.90301365 0.65299457
vt 0.92118716 0.65172809
vt 0.94186312 0.64975965
vt 0.96350044 0.64649427
vt 0.98612952 0.64576185
vt 0.46306553 0.40489817
vt 0.98905927 0.66117346
vt 0.47606623 0.41461813
vt 0.48964676 0.39636832
vt 0.50341040 0.40549326
vt 0.51696038 0.41464865
vt 0.53095293 0.42407876
vt 0.54540324 0.43295950
vt 0.75490957 0.85775542
vt 0.49462119 0.21412987
vt 0.75658810 0.83678949
vt 0.48026246 0.20840770
vt 0.75907528 0.81721216
vt 0.46445411 0.20199895
vt 0.76339358 0.79876399
vt 0.76858169 0.78255892
vt 0.77431905 0.76771188
vt 0.78225374 0.75100327
vt 0.53025103 0.00717175
vt 0.80340278 0.73940647
vt 0.50104523 0.01896697
vt 0.47930112 0.03329521
vt 0.46344700 0.03015184
vt 0.46094453 0.05069047
vt 0.44737926 0.06778055
vt 0.44544137 0.08403146
vt 0.44167238 0.10128939
vt 0.42914474 0.11972231
vt 0.41576257 0.12071413
vt 0.40300602 0.12086672
vt 0.38901350 0.13109028
vt 0.19110399 0.21870756
vt 0.20524910 0.22903794
vt 0.20831616 0.22778666
vt 0.21791409 0.24029911
vt 0.22020294 0.23868161
vt 0.23057908 0.25204855
vt 0.24092470 0.26642251
vt 0.25233844 0.28075075
vt 0.32414740 0.76726937
vt 0.33969635 0.76644540
vt 0.35449761 0.76694894
vt 0.36888686 0.76754403
vt 0.38286412 0.76765084
vt 0.39786375 0.76646066
vt 0.41123065 0.76560616
vt 0.42345312 0.76383615
vt 0.70266271 0.84324408
vt 0.42406347 0.76632333
vt 0.70420384 0.84258795
vt 0.69636071 0.83280689
vt 0.69874114 0.83218127
vt 0.43665218 0.77393758
vt 0.70655376 0.83366144
vt 0.72030210 0.83389032
vt 0.73356223 0.81976044
vt 0.73711759 0.70485997
vt 0.75739682 0.70447850
vt 0.77817959 0.68763256
vt 0.80057985 0.67077136
vt 0.82462806 0.66923022
vt 0.84547186 0.66858929
vt 0.86515599 0.66674292
vt 0.88563365 0.66909289
vt 0.90280002 0.66907763
vt 0.92162967 0.66718549
vt 0.94360268 0.66518652
vt 0.96594185 0.66434729
vt 0.99082935 0.68175781
vt 0.48953995 0.42461282
vt 0.99095142 0.70521092
vt 0.50307471 0.43407339
vt 0.99021894 0.72745860
vt 0.51752496 0.44283205
vt 0.53170061 0.45220113
vt 0.98689252 0.74380100
vt 0.77651638 0.86147857
vt 0.77695888 0.84428167
vt 0.77850002 0.82497901
vt 0.78127718 0.80598152
vt 0.78492409 0.78864729
vt 0.78995955 0.77340353
vt 0.79636836 0.75695431
vt 0.81594568 0.74317539
vt 0.48268864 0.01237506
vt 0.82825971 0.74653238
vt 0.46497291 0.00909436
vt 0.44817272 0.02917522
vt 0.44844741 0.04972917
vt 0.43657589 0.05000383
vt 0.43706417 0.06675822
vt 0.43680477 0.08332950
vt 0.42778668 0.08503854
vt 0.42972457 0.10510415
vt 0.41516748 0.10768294
vt 0.40288395 0.11100936
vt 0.39073777 0.11262685
vt 0.38951704 0.12100405
vt 0.18390173 0.22380406
vt 0.19281299 0.23476005
vt 0.19957274 0.23219651
vt 0.21532005 0.24159610
vt 0.22754253 0.25326926
vt 0.23796445 0.26773483
vt 0.24959183 0.28250551
vt 0.32465094 0.76868850
vt 0.33978790 0.76853591
vt 0.35498589 0.76920730
vt 0.36908522 0.76961929
vt 0.38304722 0.76972610
vt 0.39768064 0.76856643
vt 0.41112381 0.76762033
vt 0.70635539 0.84283209
vt 0.42400244 0.76868850
vt 0.42352942 0.77622646
vt 0.42429236 0.78745711
vt 0.72356755 0.84660107
vt 0.73472190 0.83663690
vt 0.43872741 0.79971009
vt 0.73777372 0.72074461
vt 0.43956664 0.81658655
vt 0.75718319 0.72068357
vt 0.77953768 0.70357823
vt 0.80245668 0.68642712
vt 0.82545203 0.68545055
vt 0.84666210 0.68413824
vt 0.86834514 0.68581676
vt 0.88502330 0.68529797
vt 0.90348667 0.68477917
vt 0.92239261 0.68386358
vt 0.94439614 0.68235290
vt 0.96754408 0.68345159
vt 0.96760511 0.70501256
vt 0.96658272 0.72365916
vt 0.96385139 0.74007785
vt 0.79787898 0.86437780
vt 0.79763484 0.84710461
vt 0.79816890 0.83086902
vt 0.79938966 0.81152058
vt 0.80184633 0.79340810
vt 0.80552375 0.77819484
vt 0.81029981 0.76055545
vt 0.82446021 0.76328683
vt 0.84003967 0.74792099
vt 0.44750133 0.00866711
vt 0.43453115 0.03065538
vt 0.42359045 0.05125505
vt 0.42557412 0.06953537
vt 0.41689172 0.08751047
vt 0.40775159 0.09100479
vt 0.39893186 0.09349203
vt 0.38928816 0.09607083
vt 0.38123140 0.09768826
vt 0.37975127 0.10536355
vt 0.37796599 0.11316091
vt 0.18709087 0.23704892
vt 0.20193790 0.24702829
vt 0.20968948 0.24467844
vt 0.22539102 0.25519186
vt 0.23547722 0.26912338
vt 0.24646372 0.28413826
vt 0.32352179 0.77085525
vt 0.33954376 0.77109945
vt 0.35477227 0.77125204
vt 0.36932936 0.77148092
vt 0.38319981 0.77209127
vt 0.39771116 0.77093154
vt 0.41107804 0.76992446
vt 0.41042191 0.77752346
vt 0.41002518 0.78832686
vt 0.41011673 0.80071718
vt 0.73783475 0.73621726
vt 0.42487222 0.80053407
vt 0.42508584 0.81678492
vt 0.75808346 0.73679709
vt 0.77891201 0.71953917
vt 0.80337226 0.70240331
vt 0.82594031 0.70145726
vt 0.84777600 0.70124364
vt 0.86726177 0.70171666
vt 0.88456547 0.70185399
vt 0.90313572 0.70203710
vt 0.92263675 0.70128942
vt 0.94468606 0.70049596
vt 0.94361794 0.72097349
vt 0.94163424 0.73757535
vt 0.81840241 0.86511028
vt 0.81751734 0.84811169
vt 0.81748682 0.83103687
vt 0.81788355 0.81570154
vt 0.81895173 0.79702449
vt 0.82101166 0.78066683
vt 0.83643854 0.78139925
vt 0.83805603 0.76479745
vt 0.85136187 0.74830246
vt 0.43183032 0.00936902
vt 0.42082855 0.03213549
vt 0.41136798 0.05403221
vt 0.41449606 0.07196152
vt 0.40387580 0.07521170
vt 0.39320973 0.07954526
vt 0.38287938 0.08390933
vt 0.37346455 0.08969253
vt 0.18814375 0.25537497
vt 0.36762035 0.09748989
vt 0.36438546 0.10649270
vt 0.19400321 0.25032425
vt 0.21097124 0.26092929
vt 0.21956207 0.25809109
vt 0.22891584 0.27203786
vt 0.23982605 0.28601509
vt 0.32121766 0.77804226
vt 0.33777371 0.77755398
vt 0.35309377 0.77732509
vt 0.36786449 0.77808803
vt 0.38191807 0.77872890
vt 0.39612421 0.77825588
vt 0.39519340 0.78860152
vt 0.39586481 0.80115968
vt 0.97625697 0.81260395
vt 0.41033036 0.81696802
vt 0.42508584 0.83479059
vt 0.96482795 0.83366144
vt 0.77891201 0.73563743
vt 0.80273134 0.71828794
vt 0.82571143 0.71732664
vt 0.84716564 0.71776915
vt 0.86689556 0.71837950
vt 0.88422978 0.71810484
vt 0.90196079 0.71944761
vt 0.92152286 0.72022581
vt 0.92024112 0.73618674
vt 0.83797973 0.86437780
vt 0.83714044 0.84771496
vt 0.83587396 0.83126575
vt 0.83566034 0.81466389
vt 0.83555353 0.79732966
vt 0.85012591 0.78149080
vt 0.85055315 0.76525521
vt 0.86231786 0.74743271
vt 0.41625085 0.01171893
vt 0.40775159 0.03501946
vt 0.39963380 0.05821317
vt 0.38641948 0.06370640
vt 0.37463951 0.07049668
vt 0.36295110 0.07820249
vt 0.35523003 0.08709848
vt 0.19221790 0.26825362
vt 0.20213626 0.26451516
vt 0.21950103 0.27476919
vt 0.22812238 0.28809035
vt 0.23195240 0.30652320
vt 0.33464560 0.79006636
vt 0.35002670 0.78890669
vt 0.36542305 0.78915083
vt 0.38037691 0.78893721
vt 0.38065156 0.80079347
vt 0.97062635 0.79818416
vt 0.39571223 0.81593043
vt 0.40993363 0.83453119
vt 0.95902956 0.81948578
vt 0.94468606 0.84185553
vt 0.80273134 0.73438621
vt 0.92515451 0.84838635
vt 0.82529944 0.73414207
vt 0.90548563 0.85355914
vt 0.84650952 0.73443198
vt 0.88746470 0.85706878
vt 0.86599529 0.73511863
vt 0.87186998 0.85998321
vt 0.88285649 0.73499656
vt 0.90067905 0.73540854
vt 0.85578698 0.86257726
vt 0.85372704 0.84655529
vt 0.85256732 0.83028913
vt 0.85113299 0.81477070
vt 0.85046160 0.79790950
vt 0.86341649 0.78129244
vt 0.86263829 0.76493478
vt 0.87220567 0.74644083
vt 0.40196842 0.01557946
vt 0.39342335 0.04007018
vt 0.37918669 0.04672313
vt 0.36438546 0.05523765
vt 0.35130847 0.06555277
vt 0.34041351 0.07569999
vt 0.19874877 0.28255129
vt 0.20965897 0.27850765
vt 0.21719691 0.29349202
vt 0.31757078 0.80039674
vt 0.33438620 0.79981691
vt 0.34979782 0.79998475
vt 0.36533150 0.80041200
vt 0.96362251 0.78422219
vt 0.38101777 0.81556422
vt 0.39488822 0.83347827
vt 0.95355153 0.80540168
vt 0.94018465 0.82752728
vt 0.92065310 0.83407342
vt 0.90228122 0.83884948
vt 0.88496226 0.84242010
vt 0.86993212 0.84512091
vt 0.86822307 0.82915998
vt 0.86620891 0.81338215
vt 0.86428624 0.79737544
vt 0.87573051 0.77996492
vt 0.87382317 0.76374459
vt 0.39145494 0.00000000
vt 0.88384831 0.74406040
vt 0.38580912 0.02140838
vt 0.36928359 0.03086901
vt 0.35403982 0.03904784
vt 0.33879605 0.05122453
vt 0.32594797 0.06208897
vt 0.20546272 0.30017549
vt 0.20337224 0.31650263
vt 0.30797285 0.04641795
vt 0.33427939 0.81182575
vt 0.94918746 0.75506216
vt 0.35002670 0.81300068
vt 0.95626765 0.76974136
vt 0.36557564 0.81466389
vt 0.37950712 0.83227283
vt 0.94734114 0.79118025
vt 0.93456930 0.81306171
vt 0.91660947 0.81905854
vt 0.89919889 0.82429236
vt 0.88281071 0.82758832
vt 0.88038450 0.81179523
vt 0.87785155 0.79536128
vt 0.89001298 0.77709621
vt 0.88680857 0.76113528
vt 0.36844435 0.00552374
vt 0.90022123 0.75785458
vt 0.35333791 0.01161212
vt 0.91483939 0.75265127
vt 0.33661401 0.02192724
vt 0.92887771 0.74691385
vt 0.32243839 0.03219652
vt 0.34825665 0.82764935
vt 0.30199131 0.02371252
vt 0.93507284 0.76166934
vt 0.36383611 0.83010602
vt 0.94125277 0.77636379
vt 0.93044937 0.79848933
vt 0.91299307 0.80451667
vt 0.89631492 0.80894178
vt 0.89250016 0.79290456
vt 0.90415806 0.77344930
vt 0.31667048 0.01141375
vt 0.92007327 0.76804757
vt 0.92468148 0.78332186
vt 0.90850693 0.78910506
f 3/3 5/5 6/6
f 8/8 4/4 9/9
f 4/4 1/1 9/9
f 10/10 2/2 12/12
f 2/2 7/7 12/12
f 14/14 15/15 16/16
f 16/16 15/15 17/17
f 15/15 18/18 17/17
f 17/17 18/18 19/19
f 18/18 21/21 19/19
f 19/19 21/21 22/22
f 20/20 24/24 23/23
f 23/23 24/24 25/25
f 24/24 28/28 25/25
f 30/30 25/25 31/31
f 25/25 28/28 31/31
f 32/32 26/26 33/33
f 34/34 27/27 36/36
f 28/28 24/24 35/35
f 24/24 20/20 35/35
f 21/21 18/18 37/37
f 18/18 15/15 37/37
f 15/15 14/14 37/37
f 37/37 14/14 38/38
f 39/39 13/13 40/40
f 14/14 16/16 41/41
f 41/41 16/16 43/43
f 43/43 16/16 44/44
f 16/16 17/17 44/44
f 44/44 17/17 45/45
f 17/17 19/19 45/45
f 45/45 19/19 46/46
f 19/19 22/22 46/46
f 47/47 23/23 48/48
f 23/23 25/25 48/48
f 25/25 30/30 48/48
f 48/48 30/30 49/49
f 50/50 29/29 52/52
f 52/52 29/29 53/53
f 29/29 32/32 53/53
f 53/53 32/32 54/54
f 32/32 33/33 54/54
f 54/54 33/33 55/55
f 34/34 36/36 56/56
f 56/56 36/36 57/57
f 57/57 36/36 58/58
f 36/36 39/39 58/58
f 58/58 39/39 59/59
f 39/39 40/40 59/59
f 59/59 40/40 60/60
f 40/40 42/42 60/60
f 43/43 62/62 61/61
f 61/61 62/62 64/64
f 64/64 62/62 65/65
f 62/62 43/43 65/65
f 43/43 44/44 65/65
f 65/65 44/44 67/67
f 44/44 45/45 67/67
f 67/67 45/45 68/68
f 45/45 46/46 68/68
f 69/69 47/47 70/70
f 47/47 48/48 70/70
f 48/48 49/49 70/70
f 49/49 51/51 70/70
f 73/73 52/52 75/75
f 52/52 53/53 75/75
f 75/75 53/53 77/77
f 53/53 54/54 77/77
f 77/77 54/54 78/78
f 54/54 55/55 78/78
f 56/56 57/57 79/79
f 79/79 57/57 80/80
f 57/57 58/58 80/80
f 58/58 59/59 80/80
f 80/80 59/59 81/81
f 59/59 60/60 81/81
f 60/60 63/63 81/81
f 81/81 63/63 83/83
f 64/64 65/65 82/82
f 65/65 67/67 82/82
f 83/83 66/66 85/85
f 67/67 68/68 84/84
f 68/68 71/71 84/84
f 72/72 74/74 85/85
f 74/74 76/76 85/85
f 85/85 76/76 86/86
f 76/76 79/79 86/86
f 79/79 80/80 86/86
f 80/80 81/81 86/86
f 81/81 83/83 86/86
f 90/90 92/92 93/93
f 98/98 100/100 102/102
f 104/104 102/102 105/105
f 105/105 102/102 106/106
f 102/102 100/100 106/106
f 106/106 100/100 107/107
f 108/108 107/107 110/110
f 110/110 107/107 111/111
f 107/107 100/100 111/111
f 112/112 99/99 113/113
f 99/99 96/96 113/113
f 96/96 95/95 113/113
f 113/113 95/95 114/114
f 95/95 91/91 114/114
f 114/114 91/91 115/115
f 91/91 87/87 115/115
f 116/116 88/88 118/118
f 118/118 88/88 119/119
f 120/120 121/121 123/123
f 121/121 124/124 123/123
f 124/124 119/119 123/123
f 119/119 88/88 123/123
f 123/123 88/88 126/126
f 126/126 88/88 127/127
f 128/128 89/89 130/130
f 90/90 93/93 129/129
f 94/94 97/97 130/130
f 97/97 101/101 130/130
f 130/130 101/101 131/131
f 101/101 103/103 131/131
f 132/132 104/104 133/133
f 133/133 104/104 134/134
f 104/104 105/105 134/134
f 105/105 106/106 134/134
f 134/134 106/106 135/135
f 106/106 107/107 135/135
f 107/107 108/108 135/135
f 135/135 108/108 136/136
f 136/136 108/108 137/137
f 108/108 110/110 137/137
f 137/137 110/110 138/138
f 139/139 109/109 140/140
f 140/140 109/109 141/141
f 109/109 112/112 141/141
f 112/112 113/113 141/141
f 113/113 114/114 141/141
f 141/141 114/114 142/142
f 114/114 115/115 142/142
f 142/142 115/115 143/143
f 115/115 117/117 143/143
f 143/143 117/117 144/144
f 145/145 118/118 146/146
f 118/118 119/119 146/146
f 119/119 124/124 146/146
f 146/146 124/124 147/147
f 124/124 121/121 147/147
f 147/147 121/121 148/148
f 121/121 120/120 148/148
f 148/148 120/120 149/149
f 120/120 123/123 149/149
f 150/150 122/122 151/151
f 122/122 125/125 151/151
f 151/151 125/125 152/152
f 125/125 128/128 152/152
f 152/152 128/128 153/153
f 128/128 130/130 153/153
f 153/153 130/130 154/154
f 130/130 131/131 154/154
f 132/132 133/133 155/155
f 155/155 133/133 157/157
f 157/157 133/133 158/158
f 133/133 134/134 158/158
f 134/134 135/135 158/158
f 135/135 136/136 158/158
f 158/158 136/136 159/159
f 159/159 136/136 160/160
f 136/136 137/137 160/160
f 161/161 160/160 162/162
f 160/160 137/137 162/162
f 164/164 165/165 167/167
f 167/167 165/165 169/169
f 165/165 170/170 169/169
f 170/170 162/162 169/169
f 169/169 162/162 171/171
f 162/162 137/137 171/171
f 137/137 138/138 171/171
f 172/172 139/139 173/173
f 139/139 140/140 173/173
f 173/173 140/140 174/174
f 140/140 141/141 174/174
f 141/141 142/142 174/174
f 174/174 142/142 175/175
f 142/142 143/143 175/175
f 175/175 143/143 176/176
f 143/143 144/144 176/176
f 177/177 145/145 178/178
f 145/145 146/146 178/178
f 146/146 147/147 178/178
f 178/178 147/147 179/179
f 147/147 148/148 179/179
f 179/179 148/148 180/180
f 148/148 149/149 180/180
f 180/180 149/149 181/181
f 150/150 151/151 182/182
f 182/182 151/151 183/183
f 151/151 152/152 183/183
f 183/183 152/152 184/184
f 152/152 153/153 184/184
f 184/184 153/153 185/185
f 153/153 154/154 185/185
f 154/154 156/156 185/185
f 185/185 156/156 186/186
f 157/157 158/158 187/187
f 158/158 159/159 187/187
f 187/187 159/159 188/188
f 159/159 160/160 188/188
f 160/160 161/161 188/188
f 188/188 161/161 189/189
f 190/190 189/189 191/191
f 189/189 161/161 191/191
f 161/161 162/162 191/191
f 162/162 170/170 191/191
f 191/191 170/170 192/192
f 170/170 165/165 192/192
f 192/192 165/165 193/193
f 165/165 164/164 193/193
f 196/196 198/198 199/199
f 199/199 198/198 200/200
f 200/200 198/198 201/201
f 198/198 204/204 201/201
f 202/202 203/203 205/205
f 205/205 203/203 206/206
f 206/206 203/203 207/207
f 203/203 197/197 207/207
f 197/197 195/195 207/207
f 207/207 195/195 208/208
f 208/208 195/195 209/209
f 196/196 199/199 210/210
f 210/210 199/199 211/211
f 211/211 199/199 212/212
f 199/199 200/200 212/212
f 212/212 200/200 213/213
f 213/213 200/200 214/214
f 200/200 201/201 214/214
f 215/215 202/202 216/216
f 202/202 205/205 216/216
f 216/216 205/205 217/217
f 205/205 206/206 217/217
f 217/217 206/206 218/218
f 206/206 207/207 218/218
f 218/218 207/207 219/219
f 207/207 208/208 219/219
f 219/219 208/208 220/220
f 208/208 209/209 220/220
f 220/220 209/209 221/221
f 221/221 209/209 222/222
f 210/210 211/211 223/223
f 211/211 224/224 223/223
f 223/223 224/224 225/225
f 227/227 226/226 228/228
f 230/230 225/225 231/231
f 225/225 224/224 231/231
f 232/232 231/231 233/233
f 231/231 224/224 233/233
f 224/224 211/211 233/233
f 211/211 212/212 233/233
f 233/233 212/212 234/234
f 212/212 213/213 234/234
f 234/234 213/213 235/235
f 235/235 213/213 236/236
f 213/213 214/214 236/236
f 215/215 216/216 237/237
f 237/237 216/216 238/238
f 238/238 216/216 239/239
f 216/216 217/217 239/239
f 217/217 218/218 239/239
f 239/239 218/218 240/240
f 218/218 219/219 240/240
f 240/240 219/219 241/241
f 241/241 219/219 242/242
f 219/219 220/220 242/242
f 220/220 221/221 242/242
f 242/242 221/221 243/243
f 221/221 222/222 243/243
f 222/222 226/226 243/243
f 226/226 227/227 243/243
f 243/243 227/227 244/244
f 244/244 227/227 247/247
f 247/247 227/227 248/248
f 227/227 228/228 248/248
f 249/249 229/229 250/250
f 250/250 229/229 251/251
f 230/230 231/231 252/252
f 231/231 232/232 252/252
f 252/252 232/232 254/254
f 254/254 232/232 256/256
f 232/232 233/233 256/256
f 233/233 234/234 256/256
f 234/234 235/235 256/256
f 256/256 235/235 257/257
f 257/257 235/235 258/258
f 235/235 236/236 258/258
f 237/237 238/238 259/259
f 259/259 238/238 260/260
f 238/238 239/239 260/260
f 260/260 239/239 261/261
f 239/239 240/240 261/261
f 261/261 240/240 262/262
f 240/240 241/241 262/262
f 262/262 241/241 263/263
f 263/263 241/241 264/264
f 241/241 242/242 264/264
f 242/242 243/243 264/264
f 243/243 244/244 264/264
f 264/264 244/244 265/265
f 265/265 244/244 266/266
f 244/244 247/247 266/266
f 267/267 245/245 268/268
f 268/268 245/245 269/269
f 246/246 249/249 270/270
f 270/270 249/249 271/271
f 249/249 250/250 271/271
f 271/271 250/250 272/272
f 272/272 250/250 273/273
f 250/250 251/251 273/273
f 251/251 253/253 273/273
f 273/273 253/253 274/274
f 274/274 253/253 275/275
f 253/253 255/255 275/275
f 256/256 257/257 276/276
f 276/276 257/257 277/277
f 257/257 258/258 277/277
f 279/279 259/259 280/280
f 259/259 260/260 280/280
f 280/280 260/260 281/281
f 260/260 261/261 281/281
f 261/261 262/262 281/281
f 281/281 262/262 282/282
f 282/282 262/262 283/283
f 262/262 263/263 283/283
f 263/263 264/264 283/283
f 264/264 265/265 283/283
f 284/284 283/283 285/285
f 283/283 265/265 285/285
f 265/265 266/266 285/285
f 285/285 266/266 286/286
f 267/267 268/268 287/287
f 287/287 268/268 288/288
f 288/288 268/268 289/289
f 268/268 269/269 289/289
f 290/290 270/270 291/291
f 270/270 271/271 291/291
f 271/271 272/272 291/291
f 291/291 272/272 292/292
f 292/292 272/272 293/293
f 272/272 273/273 293/293
f 273/273 274/274 293/293
f 293/293 274/274 294/294
f 274/274 275/275 294/294
f 275/275 278/278 294/294
f 294/294 278/278 295/295
f 279/279 280/280 296/296
f 280/280 281/281 296/296
f 296/296 281/281 297/297
f 281/281 282/282 297/297
f 297/297 282/282 298/298
f 282/282 283/283 298/298
f 283/283 284/284 298/298
f 298/298 284/284 300/300
f 284/284 285/285 300/300
f 300/300 285/285 301/301
f 285/285 286/286 301/301
f 302/302 287/287 303/303
f 287/287 288/288 303/303
f 303/303 288/288 304/304
f 304/304 288/288 305/305
f 288/288 289/289 305/305
f 306/306 290/290 307/307
f 290/290 291/291 307/307
f 307/307 291/291 308/308
f 291/291 292/292 308/308
f 308/308 292/292 309/309
f 309/309 292/292 310/310
f 292/292 293/293 310/310
f 311/311 310/310 312/312
f 310/310 293/293 312/312
f 293/293 294/294 312/312
f 312/312 294/294 313/313
f 294/294 295/295 313/313
f 296/296 297/297 315/315
f 315/315 297/297 317/317
f 297/297 298/298 317/317
f 317/317 298/298 319/319
f 298/298 300/300 319/319
f 319/319 300/300 320/320
f 321/321 299/299 322/322
f 299/299 302/302 322/322
f 302/302 303/303 322/322
f 322/322 303/303 323/323
f 303/303 304/304 323/323
f 323/323 304/304 324/324
f 324/324 304/304 325/325
f 304/304 305/305 325/325
f 325/325 305/305 326/326
f 306/306 307/307 327/327
f 327/327 307/307 328/328
f 307/307 308/308 328/328
f 328/328 308/308 329/329
f 308/308 309/309 329/329
f 329/329 309/309 331/331
f 309/309 310/310 331/331
f 310/310 311/311 331/331
f 331/331 311/311 332/332
f 311/311 312/312 332/332
f 312/312 313/313 332/332
f 314/314 316/316 333/333
f 333/333 316/316 334/334
f 317/317 319/319 335/335
f 335/335 319/319 336/336
f 318/318 321/321 337/337
f 337/337 321/321 338/338
f 338/338 321/321 339/339
f 321/321 322/322 339/339
f 322/322 323/323 339/339
f 339/339 323/323 340/340
f 323/323 324/324 340/340
f 324/324 341/341 340/340
f 340/340 341/341 342/342
f 342/342 341/341 343/343
f 343/343 341/341 344/344
f 344/344 341/341 345/345
f 341/341 324/324 345/345
f 324/324 325/325 345/345
f 345/345 325/325 346/346
f 325/325 326/326 346/346
f 347/347 327/327 348/348
f 327/327 328/328 348/348
f 348/348 328/328 349/349
f 328/328 329/329 349/349
f 349/349 329/329 351/351
f 329/329 331/331 351/351
f 351/351 331/331 352/352
f 330/330 333/333 353/353
f 353/353 333/333 354/354
f 333/333 334/334 354/354
f 334/334 337/337 354/354
f 354/354 337/337 355/355
f 337/337 338/338 355/355
f 356/356 355/355 357/357
f 355/355 338/338 357/357
f 357/357 338/338 358/358
f 338/338 339/339 358/358
f 339/339 340/340 358/358
f 340/340 342/342 358/358
f 358/358 342/342 359/359
f 359/359 342/342 360/360
f 360/360 342/342 361/361
f 342/342 343/343 361/361
f 361/361 343/343 362/362
f 362/362 343/343 363/363
f 343/343 344/344 363/363
f 363/363 344/344 364/364
f 364/364 344/344 365/365
f 344/344 345/345 365/365
f 345/345 346/346 365/365
f 366/366 347/347 367/367
f 347/347 348/348 367/367
f 367/367 348/348 368/368
f 348/348 349/349 368/368
f 368/368 349/349 370/370
f 370/370 349/349 372/372
f 349/349 351/351 372/372
f 372/372 351/351 373/373
f 350/350 353/353 374/374
f 374/374 353/353 375/375
f 353/353 354/354 375/375
f 354/354 355/355 375/375
f 355/355 356/356 375/375
f 375/375 356/356 376/376
f 376/376 356/356 377/377
f 377/377 356/356 378/378
f 356/356 357/357 378/378
f 357/357 358/358 378/378
f 358/358 359/359 378/378
f 378/378 359/359 379/379
f 359/359 360/360 379/379
f 379/379 360/360 380/380
f 380/380 360/360 381/381
f 360/360 361/361 381/381
f 361/361 362/362 381/381
f 362/362 382/382 381/381
f 381/381 382/382 383/383
f 382/382 194/194 383/383
f 194/194 163/163 383/383
f 383/383 163/163 385/385
f 164/164 167/167 384/384
f 386/386 166/166 387/387
f 387/387 166/166 388/388
f 166/166 168/168 388/388
f 388/388 168/168 389/389
f 168/168 172/172 389/389
f 172/172 173/173 389/389
f 390/390 389/389 391/391
f 389/389 173/173 391/391
f 173/173 174/174 391/391
f 391/391 174/174 392/392
f 174/174 175/175 392/392
f 175/175 176/176 392/392
f 392/392 176/176 393/393
f 394/394 177/177 395/395
f 177/177 178/178 395/395
f 395/395 178/178 396/396
f 178/178 179/179 396/396
f 179/179 180/180 396/396
f 396/396 180/180 397/397
f 397/397 180/180 398/398
f 180/180 181/181 398/398
f 182/182 183/183 399/399
f 399/399 183/183 400/400
f 400/400 183/183 401/401
f 183/183 184/184 401/401
f 184/184 185/185 401/401
f 401/401 185/185 402/402
f 185/185 186/186 402/402
f 403/403 402/402 404/404
f 402/402 186/186 404/404
f 187/187 188/188 405/405
f 188/188 189/189 405/405
f 405/405 189/189 408/408
f 408/408 189/189 410/410
f 189/189 190/190 410/410
f 410/410 190/190 411/411
f 190/190 191/191 411/411
f 191/191 192/192 411/411
f 192/192 193/193 411/411
f 411/411 193/193 412/412
f 412/412 193/193 413/413
f 194/194 382/382 414/414
f 382/382 362/362 414/414
f 362/362 363/363 414/414
f 414/414 363/363 416/416
f 363/363 364/364 416/416
f 416/416 364/364 418/418
f 418/418 364/364 419/419
f 364/364 365/365 419/419
f 366/366 367/367 421/421
f 421/421 367/367 423/423
f 367/367 368/368 423/423
f 368/368 370/370 423/423
f 423/423 370/370 424/424
f 425/425 369/369 426/426
f 369/369 371/371 426/426
f 371/371 374/374 426/426
f 374/374 375/375 426/426
f 375/375 376/376 426/426
f 426/426 376/376 427/427
f 376/376 377/377 427/427
f 427/427 377/377 428/428
f 377/377 378/378 428/428
f 378/378 379/379 428/428
f 428/428 379/379 429/429
f 379/379 380/380 429/429
f 431/431 429/429 432/432
f 429/429 380/380 432/432
f 380/380 381/381 432/432
f 381/381 383/383 432/432
f 383/383 385/385 432/432
f 433/433 386/386 434/434
f 435/435 436/436 437/437
f 437/437 436/436 438/438
f 438/438 436/436 439/439
f 440/440 439/439 441/441
f 439/439 436/436 441/441
f 441/441 436/436 442/442
f 436/436 435/435 442/442
f 443/443 442/442 444/444
f 442/442 435/435 444/444
f 444/444 435/435 445/445
f 435/435 437/437 445/445
f 445/445 437/437 446/446
f 437/437 438/438 446/446
f 446/446 438/438 447/447
f 447/447 438/438 448/448
f 438/438 439/439 448/448
f 448/448 439/439 449/449
f 439/439 440/440 449/449
f 449/449 440/440 450/450
f 450/450 440/440 451/451
f 440/440 441/441 451/451
f 451/451 441/441 452/452
f 452/452 441/441 453/453
f 441/441 442/442 453/453
f 442/442 443/443 453/453
f 453/453 443/443 454/454
f 454/454 443/443 455/455
f 443/443 444/444 455/455
f 444/444 445/445 455/455
f 455/455 445/445 456/456
f 445/445 446/446 456/456
f 457/457 456/456 458/458
f 456/456 446/446 458/458
f 458/458 446/446 459/459
f 446/446 447/447 459/459
f 459/459 447/447 460/460
f 447/447 448/448 460/460
f 448/448 449/449 460/460
f 460/460 449/449 461/461
f 449/449 450/450 461/461
f 461/461 450/450 462/462
f 450/450 451/451 462/462
f 462/462 451/451 464/464
f 451/451 452/452 464/464
f 464/464 452/452 465/465
f 465/465 452/452 466/466
f 452/452 453/453 466/466
f 453/453 454/454 466/466
f 466/466 454/454 467/467
f 467/467 454/454 468/468
f 468/468 454/454 469/469
f 454/454 455/455 469/469
f 455/455 456/456 469/469
f 456/456 457/457 469/469
f 469/469 457/457 470/470
f 457/457 458/458 470/470
f 458/458 459/459 470/470
f 470/470 459/459 471/471
f 471/471 459/459 472/472
f 459/459 460/460 472/472
f 472/472 460/460 473/473
f 473/473 460/460 475/475
f 460/460 461/461 475/475
f 475/475 461/461 476/476
f 461/461 462/462 476/476
f 462/462 464/464 476/476
f 477/477 463/463 478/478
f 478/478 463/463 479/479
f 480/480 464/464 481/481
f 464/464 465/465 481/481
f 482/482 481/481 483/483
f 481/481 465/465 483/483
f 465/465 466/466 483/483
f 466/466 467/467 483/483
f 484/484 483/483 485/485
f 483/483 467/467 485/485
f 485/485 467/467 486/486
f 467/467 468/468 486/486
f 486/486 468/468 488/488
f 468/468 469/469 488/488
f 488/488 469/469 489/489
f 469/469 470/470 489/489
f 489/489 470/470 491/491
f 470/470 471/471 491/491
f 471/471 472/472 491/491
f 491/491 472/472 493/493
f 493/493 472/472 494/494
f 472/472 473/473 494/494
f 473/473 475/475 494/494
f 495/495 474/474 496/496
f 474/474 477/477 496/496
f 496/496 477/477 497/497
f 477/477 478/478 497/497
f 497/497 478/478 498/498
f 478/478 479/479 498/498
f 498/498 479/479 499/499
f 480/480 481/481 500/500
f 500/500 481/481 501/501
f 481/481 482/482 501/501
f 501/501 482/482 502/502
f 502/502 482/482 503/503
f 482/482 483/483 503/503
f 483/483 484/484 503/503
f 503/503 484/484 504/504
f 484/484 485/485 504/504
f 485/485 486/486 504/504
f 504/504 486/486 505/505
f 486/486 488/488 505/505
f 506/506 487/487 507/507
f 507/507 487/487 509/509
f 488/488 489/489 508/508
f 489/489 491/491 508/508
f 509/509 490/490 511/511
f 491/491 493/493 510/510
f 511/511 492/492 512/512
f 492/492 495/495 512/512
f 512/512 495/495 513/513
f 495/495 496/496 513/513
f 513/513 496/496 514/514
f 496/496 497/497 514/514
f 514/514 497/497 515/515
f 497/497 498/498 515/515
f 515/515 498/498 516/516
f 498/498 499/499 516/516
f 516/516 499/499 517/517
f 500/500 501/501 518/518
f 518/518 501/501 519/519
f 501/501 502/502 519/519
f 521/521 519/519 523/523
f 519/519 502/502 523/523
f 523/523 502/502 524/524
f 502/502 503/503 524/524
f 503/503 504/504 524/524
f 504/504 505/505 524/524
f 525/525 506/506 526/526
f 506/506 507/507 526/526
f 526/526 507/507 527/527
f 507/507 509/509 527/527
f 527/527 509/509 528/528
f 509/509 511/511 528/528
f 528/528 511/511 529/529
f 511/511 512/512 529/529
f 529/529 512/512 530/530
f 512/512 513/513 530/530
f 513/513 514/514 530/530
f 530/530 514/514 531/531
f 514/514 515/515 531/531
f 531/531 515/515 532/532
f 532/532 515/515 533/533
f 515/515 516/516 533/533
f 516/516 517/517 533/533
f 535/535 518/518 536/536
f 518/518 519/519 536/536
f 519/519 521/521 536/536
f 537/537 520/520 538/538
f 538/538 520/520 539/539
f 539/539 520/520 540/540
f 520/520 522/522 540/540
f 542/542 523/523 543/543
f 523/523 524/524 543/543
f 545/545 525/525 546/546
f 525/525 526/526 546/546
f 546/546 526/526 547/547
f 526/526 527/527 547/547
f 547/547 527/527 548/548
f 527/527 528/528 548/548
f 548/548 528/528 549/549
f 528/528 529/529 549/549
f 529/529 530/530 549/549
f 549/549 530/530 550/550
f 530/530 531/531 550/550
f 550/550 531/531 551/551
f 531/531 532/532 551/551
f 551/551 532/532 553/553
f 532/532 533/533 553/553
f 553/553 533/533 554/554
f 534/534 537/537 555/555
f 537/537 538/538 555/555
f 555/555 538/538 556/556
f 556/556 538/538 557/557
f 538/538 539/539 557/557
f 539/539 558/558 557/557
f 557/557 558/558 559/559
f 559/559 558/558 561/561
f 561/561 558/558 562/562
f 558/558 539/539 562/562
f 539/539 540/540 562/562
f 541/541 544/544 563/563
f 563/563 544/544 564/564
f 565/565 545/545 566/566
f 545/545 546/546 566/566
f 566/566 546/546 567/567
f 546/546 547/547 567/567
f 547/547 548/548 567/567
f 567/567 548/548 568/568
f 548/548 549/549 568/568
f 568/568 549/549 569/569
f 549/549 550/550 569/569
f 569/569 550/550 571/571
f 550/550 551/551 571/571
f 571/571 551/551 572/572
f 551/551 553/553 572/572
f 573/573 552/552 574/574
f 552/552 555/555 574/574
f 555/555 556/556 574/574
f 574/574 556/556 575/575
f 575/575 556/556 576/576
f 556/556 557/557 576/576
f 557/557 559/559 576/576
f 577/577 576/576 578/578
f 576/576 559/559 578/578
f 559/559 561/561 578/578
f 578/578 561/561 579/579
f 580/580 560/560 581/581
f 581/581 560/560 582/582
f 560/560 563/563 582/582
f 582/582 563/563 583/583
f 563/563 564/564 583/583
f 584/584 565/565 586/586
f 565/565 566/566 586/586
f 566/566 567/567 586/586
f 586/586 567/567 587/587
f 587/587 567/567 588/588
f 567/567 568/568 588/588
f 588/588 568/568 590/590
f 568/568 569/569 590/590
f 569/569 571/571 590/590
f 590/590 571/571 591/591
f 570/570 573/573 592/592
f 592/592 573/573 593/593
f 573/573 574/574 593/593
f 574/574 575/575 593/593
f 593/593 575/575 594/594
f 594/594 575/575 595/595
f 575/575 576/576 595/595
f 576/576 577/577 595/595
f 596/596 595/595 597/597
f 595/595 577/577 597/597
f 598/598 599/599 600/600
f 599/599 601/601 600/600
f 601/601 597/597 600/600
f 597/597 577/577 600/600
f 600/600 577/577 602/602
f 577/577 578/578 602/602
f 602/602 578/578 603/603
f 578/578 579/579 603/603
f 580/580 581/581 604/604
f 604/604 581/581 605/605
f 605/605 581/581 606/606
f 581/581 582/582 606/606
f 582/582 583/583 606/606
f 583/583 585/585 606/606
f 606/606 585/585 607/607
f 586/586 587/587 608/608
f 608/608 587/587 610/610
f 610/610 587/587 611/611
f 587/587 588/588 611/611
f 588/588 590/590 611/611
f 613/613 589/589 614/614
f 589/589 592/592 614/614
f 614/614 592/592 615/615
f 592/592 593/593 615/615
f 593/593 594/594 615/615
f 615/615 594/594 616/616
f 616/616 594/594 617/617
f 594/594 595/595 617/617
f 595/595 596/596 617/617
f 617/617 596/596 618/618
f 618/618 596/596 619/619
f 596/596 597/597 619/619
f 597/597 601/601 619/619
f 619/619 601/601 620/620
f 601/601 599/599 620/620
f 620/620 599/599 621/621
f 621/621 599/599 622/622
f 599/599 434/434 622/622
f 434/434 386/386 622/622
f 386/386 387/387 622/622
f 622/622 387/387 623/623
f 387/387 388/388 623/623
f 388/388 389/389 623/623
f 389/389 390/390 623/623
f 624/624 623/623 625/625
f 623/623 390/390 625/625
f 390/390 391/391 625/625
f 391/391 392/392 625/625
f 392/392 393/393 625/625
f 625/625 393/393 626/626
f 627/627 394/394 628/628
f 394/394 395/395 628/628
f 395/395 396/396 628/628
f 628/628 396/396 629/629
f 396/396 397/397 629/629
f 629/629 397/397 630/630
f 397/397 398/398 630/630
f 630/630 398/398 631/631
f 399/399 400/400 632/632
f 632/632 400/400 633/633
f 400/400 401/401 633/633
f 633/633 401/401 634/634
f 401/401 402/402 634/634
f 402/402 403/403 634/634
f 634/634 403/403 635/635
f 403/403 404/404 635/635
f 404/404 406/406 635/635
f 636/636 407/407 637/637
f 407/407 409/409 637/637
f 637/637 409/409 638/638
f 410/410 411/411 639/639
f 411/411 412/412 639/639
f 639/639 412/412 641/641
f 412/412 413/413 641/641
f 413/413 415/415 641/641
f 415/415 642/642 641/641
f 641/641 642/642 643/643
f 645/645 646/646 647/647
f 646/646 648/648 647/647
f 648/648 649/649 647/647
f 650/650 647/647 651/651
f 647/647 649/649 651/651
f 651/651 649/649 652/652
f 652/652 649/649 653/653
f 653/653 649/649 654/654
f 649/649 648/648 654/654
f 648/648 655/655 654/654
f 654/654 655/655 656/656
f 656/656 655/655 657/657
f 657/657 655/655 658/658
f 655/655 648/648 658/658
f 648/648 646/646 658/658
f 658/658 646/646 659/659
f 646/646 645/645 659/659
f 659/659 645/645 660/660
f 661/661 660/660 662/662
f 660/660 645/645 662/662
f 645/645 647/647 662/662
f 647/647 650/650 662/662
f 662/662 650/650 663/663
f 663/663 650/650 664/664
f 650/650 651/651 664/664
f 664/664 651/651 665/665
f 665/665 651/651 666/666
f 651/651 652/652 666/666
f 666/666 652/652 667/667
f 667/667 652/652 668/668
f 652/652 653/653 668/668
f 668/668 653/653 669/669
f 653/653 654/654 669/669
f 654/654 656/656 669/669
f 669/669 656/656 670/670
f 656/656 657/657 670/670
f 670/670 657/657 671/671
f 657/657 658/658 671/671
f 658/658 659/659 671/671
f 674/674 671/671 672/672
f 671/671 659/659 672/672
f 672/672 659/659 673/673
f 659/659 660/660 673/673
f 660/660 661/661 673/673
f 675/675 673/673 676/676
f 673/673 661/661 676/676
f 676/676 661/661 677/677
f 661/661 662/662 677/677
f 662/662 663/663 677/677
f 678/678 677/677 679/679
f 677/677 663/663 679/679
f 679/679 663/663 680/680
f 663/663 664/664 680/680
f 664/664 665/665 680/680
f 680/680 665/665 681/681
f 681/681 665/665 682/682
f 665/665 666/666 682/682
f 682/682 666/666 683/683
f 666/666 667/667 683/683
f 683/683 667/667 684/684
f 667/667 668/668 684/684
f 684/684 668/668 685/685
f 668/668 669/669 685/685
f 685/685 669/669 686/686
f 669/669 670/670 686/686
f 670/670 671/671 686/686
f 686/686 671/671 687/687
f 671/671 674/674 687/687
f 687/687 674/674 688/688
f 688/688 674/674 689/689
f 689/689 674/674 690/690
f 675/675 676/676 691/691
f 676/676 677/677 691/691
f 677/677 678/678 691/691
f 691/691 678/678 693/693
f 693/693 678/678 694/694
f 678/678 679/679 694/694
f 694/694 679/679 695/695
f 679/679 680/680 695/695
f 696/696 695/695 697/697
f 695/695 680/680 697/697
f 680/680 681/681 697/697
f 697/697 681/681 698/698
f 681/681 682/682 698/698
f 698/698 682/682 699/699
f 682/682 683/683 699/699
f 699/699 683/683 700/700
f 700/700 683/683 701/701
f 683/683 684/684 701/701
f 701/701 684/684 702/702
f 684/684 685/685 702/702
f 685/685 686/686 702/702
f 702/702 686/686 703/703
f 686/686 687/687 703/703
f 687/687 688/688 703/703
f 704/704 703/703 705/705
f 703/703 688/688 705/705
f 705/705 688/688 706/706
f 688/688 689/689 706/706
f 689/689 690/690 706/706
f 690/690 692/692 706/706
f 706/706 692/692 707/707
f 693/693 694/694 708/708
f 708/708 694/694 709/709
f 694/694 695/695 709/709
f 695/695 696/696 709/709
f 709/709 696/696 710/710
f 710/710 696/696 711/711
f 711/711 696/696 712/712
f 696/696 697/697 712/712
f 697/697 698/698 712/712
f 712/712 698/698 713/713
f 698/698 699/699 713/713
f 713/713 699/699 715/715
f 699/699 700/700 715/715
f 715/715 700/700 716/716
f 716/716 700/700 717/717
f 700/700 701/701 717/717
f 717/717 701/701 718/718
f 701/701 702/702 718/718
f 702/702 703/703 718/718
f 703/703 704/704 718/718
f 718/718 704/704 719/719
f 719/719 704/704 720/720
f 704/704 705/705 720/720
f 705/705 706/706 720/720
f 720/720 706/706 721/721
f 706/706 707/707 721/721
f 721/721 707/707 722/722
f 708/708 709/709 723/723
f 709/709 710/710 723/723
f 723/723 710/710 726/726
f 726/726 710/710 728/728
f 710/710 711/711 728/728
f 728/728 711/711 730/730
f 730/730 711/711 732/732
f 711/711 712/712 732/732
f 712/712 713/713 732/732
f 732/732 713/713 734/734
f 713/713 715/715 734/734
f 734/734 715/715 735/735
f 736/736 714/714 737/737
f 715/715 716/716 738/738
f 738/738 716/716 741/741
f 716/716 717/717 741/741
f 741/741 717/717 742/742
f 717/717 718/718 742/742
f 742/742 718/718 743/743
f 718/718 719/719 743/743
f 743/743 719/719 744/744
f 719/719 720/720 744/744
f 744/744 720/720 745/745
f 720/720 721/721 745/745
f 721/721 722/722 745/745
f 722/722 724/724 745/745
f 745/745 724/724 747/747
f 747/747 724/724 748/748
f 749/749 725/725 750/750
f 725/725 727/727 750/750
f 750/750 727/727 751/751
f 727/727 729/729 751/751
f 752/752 751/751 753/753
f 751/751 729/729 753/753
f 753/753 729/729 754/754
f 729/729 731/731 754/754
f 731/731 733/733 754/754
f 754/754 733/733 755/755
f 733/733 736/736 755/755
f 755/755 736/736 756/756
f 756/756 736/736 757/757
f 736/736 737/737 757/757
f 757/757 737/737 758/758
f 737/737 739/739 758/758
f 759/759 740/740 760/760
f 741/741 742/742 761/761
f 761/761 742/742 762/762
f 742/742 743/743 762/762
f 743/743 744/744 762/762
f 762/762 744/744 764/764
f 744/744 745/745 764/764
f 745/745 747/747 764/764
f 764/764 747/747 765/765
f 746/746 749/749 767/767
f 767/767 749/749 768/768
f 768/768 749/749 769/769
f 749/749 750/750 769/769
f 750/750 751/751 769/769
f 751/751 752/752 769/769
f 770/770 771/771 772/772
f 771/771 769/769 772/772
f 769/769 752/752 772/772
f 772/772 752/752 773/773
f 752/752 753/753 773/773
f 773/773 753/753 774/774
f 753/753 754/754 774/774
f 754/754 755/755 774/774
f 774/774 755/755 775/775
f 755/755 756/756 775/775
f 775/775 756/756 776/776
f 756/756 757/757 776/776
f 776/776 757/757 777/777
f 757/757 758/758 777/777
f 777/777 758/758 778/778
f 779/779 759/759 780/780
f 780/780 759/759 781/781
f 759/759 760/760 781/781
f 761/761 762/762 782/782
f 782/782 762/762 783/783
f 762/762 764/764 783/783
f 763/763 766/766 784/784
f 784/784 766/766 785/785
f 767/767 768/768 786/786
f 786/786 768/768 788/788
f 788/788 768/768 789/789
f 768/768 769/769 789/789
f 769/769 771/771 789/789
f 789/789 771/771 790/790
f 771/771 770/770 790/790
f 790/790 770/770 644/644
f 644/644 770/770 791/791
f 770/770 772/772 791/791
f 792/792 791/791 793/793
f 791/791 772/772 793/793
f 772/772 773/773 793/793
f 793/793 773/773 794/794
f 773/773 774/774 794/794
f 774/774 775/775 794/794
f 794/794 775/775 795/795
f 775/775 776/776 795/795
f 795/795 776/776 796/796
f 776/776 777/777 796/796
f 796/796 777/777 797/797
f 797/797 777/777 798/798
f 777/777 778/778 798/798
f 779/779 780/780 799/799
f 799/799 780/780 800/800
f 800/800 780/780 801/801
f 780/780 781/781 801/801
f 781/781 784/784 801/801
f 784/784 785/785 801/801
f 785/785 787/787 801/801
f 801/801 787/787 802/802
f 802/802 787/787 803/803
f 788/788 789/789 805/805
f 789/789 790/790 805/805
f 805/805 790/790 806/806
f 790/790 644/644 806/806
f 643/643 642/642 807/807
f 807/807 642/642 808/808
f 642/642 415/415 808/808
f 415/415 417/417 808/808
f 810/810 808/808 812/812
f 808/808 417/417 812/812
f 417/417 420/420 812/812
f 420/420 422/422 812/812
f 423/423 424/424 811/811
f 813/813 425/425 814/814
f 814/814 425/425 815/815
f 815/815 425/425 816/816
f 425/425 426/426 816/816
f 426/426 427/427 816/816
f 816/816 427/427 817/817
f 817/817 427/427 818/818
f 427/427 428/428 818/818
f 428/428 429/429 818/818
f 429/429 431/431 818/818
f 819/819 430/430 820/820
f 820/820 430/430 822/822
f 431/431 432/432 821/821
f 433/433 434/434 822/822
f 434/434 599/599 822/822
f 822/822 599/599 823/823
f 599/599 598/598 823/823
f 823/823 598/598 824/824
f 824/824 598/598 825/825
f 598/598 600/600 825/825
f 600/600 602/602 825/825
f 602/602 603/603 825/825
f 604/604 605/605 826/826
f 826/826 605/605 827/827
f 827/827 605/605 828/828
f 605/605 606/606 828/828
f 828/828 606/606 829/829
f 606/606 607/607 829/829
f 607/607 609/609 829/829
f 829/829 609/609 830/830
f 609/609 612/612 830/830
f 830/830 612/612 831/831
f 613/613 614/614 832/832
f 832/832 614/614 833/833
f 614/614 615/615 833/833
f 615/615 616/616 833/833
f 833/833 616/616 834/834
f 834/834 616/616 835/835
f 616/616 617/617 835/835
f 617/617 618/618 835/835
f 835/835 618/618 836/836
f 836/836 618/618 837/837
f 618/618 619/619 837/837
f 619/619 620/620 837/837
f 620/620 621/621 837/837
f 837/837 621/621 838/838
f 621/621 622/622 838/838
f 622/622 623/623 838/838
f 623/623 624/624 838/838
f 838/838 624/624 839/839
f 839/839 624/624 840/840
f 624/624 625/625 840/840
f 625/625 626/626 840/840
f 841/841 627/627 842/842
f 627/627 628/628 842/842
f 628/628 629/629 842/842
f 842/842 629/629 843/843
f 843/843 629/629 844/844
f 629/629 630/630 844/844
f 630/630 631/631 844/844
f 844/844 631/631 845/845
f 632/632 633/633 846/846
f 846/846 633/633 847/847
f 633/633 634/634 847/847
f 847/847 634/634 848/848
f 634/634 635/635 848/848
f 848/848 635/635 849/849
f 636/636 637/637 850/850
f 850/850 637/637 851/851
f 637/637 638/638 851/851
f 851/851 638/638 852/852
f 638/638 640/640 852/852
f 640/640 644/644 852/852
f 852/852 644/644 853/853
f 644/644 791/791 853/853
f 791/791 792/792 853/853
f 853/853 792/792 854/854
f 854/854 792/792 855/855
f 855/855 792/792 856/856
f 792/792 793/793 856/856
f 793/793 794/794 856/856
f 794/794 795/795 856/856
f 856/856 795/795 857/857
f 857/857 795/795 858/858
f 795/795 796/796 858/858
f 796/796 797/797 858/858
f 858/858 797/797 859/859
f 859/859 797/797 860/860
f 797/797 798/798 860/860
f 861/861 799/799 862/862
f 799/799 800/800 862/862
f 800/800 801/801 862/862
f 801/801 802/802 862/862
f 862/862 802/802 864/864
f 802/802 803/803 864/864
f 864/864 803/803 866/866
f 804/804 807/807 865/865
f 807/807 808/808 865/865
f 808/808 810/810 865/865
f 867/867 809/809 868/868
f 809/809 813/813 868/868
f 813/813 814/814 868/868
f 868/868 814/814 869/869
f 814/814 815/815 869/869
f 815/815 816/816 869/869
f 816/816 817/817 869/869
f 817/817 818/818 869/869
f 819/819 820/820 870/870
f 870/870 820/820 871/871
f 820/820 822/822 871/871
f 822/822 823/823 871/871
f 871/871 823/823 872/872
f 823/823 824/824 872/872
f 874/874 872/872 875/875
f 872/872 824/824 875/875
f 824/824 825/825 875/875
f 826/826 827/827 876/876
f 827/827 828/828 876/876
f 876/876 828/828 877/877
f 877/877 828/828 878/878
f 828/828 829/829 878/878
f 829/829 830/830 878/878
f 878/878 830/830 879/879
f 830/830 831/831 879/879
f 879/879 831/831 880/880
f 832/832 833/833 881/881
f 833/833 834/834 881/881
f 881/881 834/834 884/884
f 884/884 834/834 885/885
f 834/834 835/835 885/885
f 835/835 836/836 885/885
f 885/885 836/836 886/886
f 836/836 837/837 886/886
f 837/837 838/838 886/886
f 838/838 839/839 886/886
f 886/886 839/839 887/887
f 839/839 840/840 887/887
f 888/888 841/841 889/889
f 841/841 842/842 889/889
f 889/889 842/842 890/890
f 842/842 843/843 890/890
f 843/843 844/844 890/890
f 890/890 844/844 891/891
f 844/844 845/845 891/891
f 891/891 845/845 892/892
f 846/846 847/847 893/893
f 893/893 847/847 894/894
f 847/847 848/848 894/894
f 848/848 849/849 894/894
f 894/894 849/849 895/895
f 896/896 850/850 897/897
f 850/850 851/851 897/897
f 897/897 851/851 898/898
f 851/851 852/852 898/898
f 852/852 853/853 898/898
f 853/853 854/854 898/898
f 898/898 854/854 899/899
f 854/854 855/855 899/899
f 899/899 855/855 900/900
f 855/855 856/856 900/900
f 856/856 857/857 900/900
f 857/857 858/858 900/900
f 900/900 858/858 901/901
f 858/858 859/859 901/901
f 901/901 859/859 902/902
f 859/859 860/860 902/902
f 902/902 860/860 903/903
f 861/861 862/862 904/904
f 904/904 862/862 905/905
f 862/862 864/864 905/905
f 905/905 864/864 906/906
f 863/863 867/867 908/908
f 867/867 868/868 908/908
f 908/908 868/868 910/910
f 868/868 869/869 910/910
f 870/870 871/871 909/909
f 871/871 872/872 909/909
f 872/872 874/874 909/909
f 911/911 873/873 912/912
f 873/873 876/876 912/912
f 876/876 877/877 912/912
f 877/877 878/878 912/912
f 912/912 878/878 914/914
f 914/914 878/878 915/915
f 878/878 879/879 915/915
f 879/879 880/880 915/915
f 880/880 882/882 915/915
f 916/916 883/883 917/917
f 917/917 883/883 918/918
f 884/884 885/885 919/919
f 919/919 885/885 920/920
f 885/885 886/886 920/920
f 886/886 887/887 920/920
f 922/922 921/921 923/923
f 921/921 888/888 923/923
f 888/888 889/889 923/923
f 889/889 890/890 923/923
f 923/923 890/890 924/924
f 890/890 891/891 924/924
f 924/924 891/891 925/925
f 891/891 892/892 925/925
f 925/925 892/892 927/927
f 893/893 894/894 926/926
f 894/894 895/895 926/926
f 928/928 896/896 929/929
f 896/896 897/897 929/929
f 929/929 897/897 930/930
f 897/897 898/898 930/930
f 898/898 899/899 930/930
f 930/930 899/899 931/931
f 931/931 899/899 932/932
f 899/899 900/900 932/932
f 932/932 900/900 933/933
f 900/900 901/901 933/933
f 933/933 901/901 934/934
f 901/901 902/902 934/934
f 902/902 903/903 934/934
f 934/934 903/903 935/935
f 904/904 905/905 937/937
f 905/905 906/906 937/937
f 937/937 906/906 939/939
f 907/907 911/911 938/938
f 911/911 912/912 938/938
f 912/912 914/914 938/938
f 940/940 913/913 941/941
f 913/913 916/916 941/941
f 916/916 917/917 941/941
f 941/941 917/917 942/942
f 942/942 917/917 943/943
f 917/917 918/918 943/943
f 918/918 921/921 943/943
f 943/943 921/921 944/944
f 921/921 922/922 944/944
f 944/944 922/922 945/945
f 922/922 923/923 945/945
f 923/923 924/924 945/945
f 945/945 924/924 946/946
f 924/924 925/925 946/946
f 946/946 925/925 947/947
f 925/925 927/927 947/947
f 928/928 929/929 948/948
f 929/929 930/930 948/948
f 930/930 931/931 948/948
f 948/948 931/931 950/950
f 950/950 931/931 952/952
f 952/952 931/931 953/953
f 931/931 932/932 953/953
f 932/932 933/933 953/953
f 953/953 933/933 954/954
f 933/933 934/934 954/954
f 954/954 934/934 955/955
f 934/934 935/935 955/955
f 936/936 940/940 956/956
f 956/956 940/940 957/957
f 957/957 940/940 958/958
f 940/940 941/941 958/958
f 941/941 942/942 958/958
f 958/958 942/942 959/959
f 959/959 942/942 960/960
f 942/942 943/943 960/960
f 960/960 943/943 961/961
f 943/943 944/944 961/961
f 961/961 944/944 962/962
f 944/944 945/945 962/962
f 962/962 945/945 963/963
f 945/945 946/946 963/963
f 963/963 946/946 964/964
f 946/946 947/947 964/964
f 947/947 949/949 964/964
f 964/964 949/949 965/965
f 949/949 951/951 965/965
f 965/965 951/951 966/966
f 967/967 952/952 968/968
f 952/952 953/953 968/968
f 953/953 954/954 968/968
f 968/968 954/954 969/969
f 954/954 955/955 969/969
f 956/956 957/957 970/970
f 970/970 957/957 971/971
f 957/957 958/958 971/971
f 958/958 959/959 971/971
f 972/972 971/971 973/973
f 971/971 959/959 973/973
f 959/959 960/960 973/973
f 973/973 960/960 974/974
f 960/960 961/961 974/974
f 974/974 961/961 975/975
f 961/961 962/962 975/975
f 975/975 962/962 976/976
f 962/962 963/963 976/976
f 976/976 963/963 977/977
f 963/963 964/964 977/977
f 977/977 964/964 978/978
f 964/964 965/965 978/978
f 978/978 965/965 979/979
f 981/981 983/983 984/984
f 983/983 979/979 984/984
f 979/979 965/965 984/984
f 965/965 966/966 984/984
f 985/985 967/967 986/986
f 967/967 968/968 986/986
f 986/986 968/968 987/987
f 968/968 969/969 987/987
f 970/970 971/971 988/988
f 988/988 971/971 989/989
f 971/971 972/972 989/989
f 989/989 972/972 990/990
f 972/972 973/973 990/990
f 990/990 973/973 991/991
f 973/973 974/974 991/991
f 991/991 974/974 992/992
f 974/974 975/975 992/992
f 992/992 975/975 993/993
f 975/975 976/976 993/993
f 993/993 976/976 994/994
f 976/976 977/977 994/994
f 994/994 977/977 995/995
f 977/977 978/978 995/995
f 995/995 978/978 996/996
f 978/978 979/979 996/996
f 979/979 983/983 996/996
f 996/996 983/983 998/998
f 998/998 983/983 999/999
f 982/982 980/980 1001/1001
f 1001/1001 980/980 1002/1002
f 1002/1002 980/980 1003/1003
f 1005/1005 981/981 1006/1006
f 981/981 984/984 1006/1006
f 985/985 986/986 1008/1008
f 1008/1008 986/986 1009/1009
f 986/986 987/987 1009/1009
f 988/988 989/989 1010/1010
f 1010/1010 989/989 1011/1011
f 989/989 990/990 1011/1011
f 1011/1011 990/990 1012/1012
f 1012/1012 990/990 1013/1013
f 990/990 991/991 1013/1013
f 991/991 992/992 1013/1013
f 1013/1013 992/992 1014/1014
f 992/992 993/993 1014/1014
f 1014/1014 993/993 1015/1015
f 993/993 994/994 1015/1015
f 1015/1015 994/994 1016/1016
f 994/994 995/995 1016/1016
f 1016/1016 995/995 1017/1017
f 995/995 996/996 1017/1017
f 996/996 998/998 1017/1017
f 1017/1017 998/998 1018/1018
f 1019/1019 997/997 1020/1020
f 997/997 1000/1000 1020/1020
f 1020/1020 1000/1000 1021/1021
f 1001/1001 1002/1002 1022/1022
f 1022/1022 1002/1002 1023/1023
f 1023/1023 1002/1002 1024/1024
f 1002/1002 1003/1003 1024/1024
f 1024/1024 1003/1003 1025/1025
f 1004/1004 1007/1007 1026/1026
f 1007/1007 1010/1010 1026/1026
f 1026/1026 1010/1010 1028/1028
f 1010/1010 1011/1011 1028/1028
f 1011/1011 1012/1012 1028/1028
f 1028/1028 1012/1012 1031/1031
f 1031/1031 1012/1012 1032/1032
f 1012/1012 1013/1013 1032/1032
f 1013/1013 1014/1014 1032/1032
f 1032/1032 1014/1014 1033/1033
f 1014/1014 1015/1015 1033/1033
f 1033/1033 1015/1015 1036/1036
f 1015/1015 1016/1016 1036/1036
f 1036/1036 1016/1016 1037/1037
f 1016/1016 1017/1017 1037/1037
f 1017/1017 1018/1018 1037/1037
f 1038/1038 1019/1019 1039/1039
f 1039/1039 1019/1019 1040/1040
f 1019/1019 1020/1020 1040/1040
f 1040/1040 1020/1020 1041/1041
f 1020/1020 1021/1021 1041/1041
f 1042/1042 1041/1041 1043/1043
f 1041/1041 1021/1021 1043/1043
f 1022/1022 1023/1023 1044/1044
f 1044/1044 1023/1023 1046/1046
f 1046/1046 1023/1023 1047/1047
f 1023/1023 1024/1024 1047/1047
f 1047/1047 1024/1024 1048/1048
f 1048/1048 1024/1024 1049/1049
f 1024/1024 1025/1025 1049/1049
f 1025/1025 1027/1027 1049/1049
f 1049/1049 1027/1027 1050/1050
f 1027/1027 1029/1029 1050/1050
f 1051/1051 1030/1030 1052/1052
f 1053/1053 1031/1031 1055/1055
f 1031/1031 1032/1032 1055/1055
f 1032/1032 1033/1033 1055/1055
f 1055/1055 1033/1033 1056/1056
f 1033/1033 1036/1036 1056/1056
f 1057/1057 1034/1034 1058/1058
f 1035/1035 1038/1038 1059/1059
f 1038/1038 1039/1039 1059/1059
f 1061/1061 1059/1059 1062/1062
f 1059/1059 1039/1039 1062/1062
f 1039/1039 1040/1040 1062/1062
f 1062/1062 1040/1040 1063/1063
f 1040/1040 1041/1041 1063/1063
f 1041/1041 1042/1042 1063/1063
f 1063/1063 1042/1042 1064/1064
f 1064/1064 1042/1042 1065/1065
f 1042/1042 1043/1043 1065/1065
f 1065/1065 1043/1043 1066/1066
f 1043/1043 1045/1045 1066/1066
f 1066/1066 1045/1045 1067/1067
f 1068/1068 1046/1046 1069/1069
f 1046/1046 1047/1047 1069/1069
f 1069/1069 1047/1047 1071/1071
f 1047/1047 1048/1048 1071/1071
f 1071/1071 1048/1048 1073/1073
f 1073/1073 1048/1048 1074/1074
f 1048/1048 1049/1049 1074/1074
f 1049/1049 1050/1050 1074/1074
f 1076/1076 1051/1051 1077/1077
f 1051/1051 1052/1052 1077/1077
f 1077/1077 1052/1052 1078/1078
f 1052/1052 1054/1054 1078/1078
f 1078/1078 1054/1054 1079/1079
f 1054/1054 1057/1057 1079/1079
f 1057/1057 1058/1058 1079/1079
f 1058/1058 1060/1060 1079/1079
f 1079/1079 1060/1060 1080/1080
f 1080/1080 1060/1060 1081/1081
f 1061/1061 1062/1062 1082/1082
f 1082/1082 1062/1062 1083/1083
f 1062/1062 1063/1063 1083/1083
f 1063/1063 1064/1064 1083/1083
f 1083/1083 1064/1064 1084/1084
f 1084/1084 1064/1064 1085/1085
f 1064/1064 1065/1065 1085/1085
f 1085/1085 1065/1065 1086/1086
f 1065/1065 1066/1066 1086/1086
f 1066/1066 1067/1067 1086/1086
f 1086/1086 1067/1067 1087/1087
f 1087/1087 1067/1067 1089/1089
f 1068/1068 1069/1069 1088/1088
f 1069/1069 1071/1071 1088/1088
f 1089/1089 1070/1070 1090/1090
f 1090/1090 1070/1070 1091/1091
f 1070/1070 1072/1072 1091/1091
f 1091/1091 1072/1072 1092/1092
f 1072/1072 1075/1075 1092/1092
f 1092/1092 1075/1075 1093/1093
f 1076/1076 1077/1077 1094/1094
f 1094/1094 1077/1077 1095/1095
f 1095/1095 1077/1077 1096/1096
f 1077/1077 1078/1078 1096/1096
f 1078/1078 1079/1079 1096/1096
f 1079/1079 1080/1080 1096/1096
f 1096/1096 1080/1080 1097/1097
f 1097/1097 1080/1080 1099/1099
f 1099/1099 1080/1080 1100/1100
f 1080/1080 1081/1081 1100/1100
f 1101/1101 1082/1082 1102/1102
f 1082/1082 1083/1083 1102/1102
f 1083/1083 1084/1084 1102/1102
f 1102/1102 1084/1084 1103/1103
f 1103/1103 1084/1084 1104/1104
f 1084/1084 1085/1085 1104/1104
f 1085/1085 1086/1086 1104/1104
f 1104/1104 1086/1086 1105/1105
f 1106/1106 1107/1107 1108/1108
f 1107/1107 1105/1105 1108/1108
f 1108/1108 1105/1105 1109/1109
f 1105/1105 1086/1086 1109/1109
f 1086/1086 1087/1087 1109/1109
f 1109/1109 1087/1087 1110/1110
f 1087/1087 1089/1089 1110/1110
f 1110/1110 1089/1089 1111/1111
f 1089/1089 1090/1090 1111/1111
f 1090/1090 1091/1091 1111/1111
f 1111/1111 1091/1091 1112/1112
f 1112/1112 1091/1091 1113/1113
f 1091/1091 1092/1092 1113/1113
f 1113/1113 1092/1092 1114/1114
f 1092/1092 1093/1093 1114/1114
f 1094/1094 1095/1095 1115/1115
f 1115/1115 1095/1095 1116/1116
f 1095/1095 1096/1096 1116/1116
f 1096/1096 1097/1097 1116/1116
f 1116/1116 1097/1097 1117/1117
f 1097/1097 1099/1099 1117/1117
f 1119/1119 1118/1118 1121/1121
f 1117/1117 1099/1099 1120/1120
f 1121/1121 1098/1098 1122/1122
f 1098/1098 1101/1101 1122/1122
f 1101/1101 1102/1102 1122/1122
f 1122/1122 1102/1102 1123/1123
f 1102/1102 1103/1103 1123/1123
f 1123/1123 1103/1103 1124/1124
f 1124/1124 1103/1103 1125/1125
f 1103/1103 1104/1104 1125/1125
f 1125/1125 1104/1104 1126/1126
f 1104/1104 1105/1105 1126/1126
f 1105/1105 1107/1107 1126/1126
f 1126/1126 1107/1107 1127/1127
f 1127/1127 1107/1107 1128/1128
f 1107/1107 1106/1106 1128/1128
f 1128/1128 1106/1106 1129/1129
f 1130/1130 1129/1129 1131/1131
f 1129/1129 1106/1106 1131/1131
f 1131/1131 1106/1106 1132/1132
f 1106/1106 1108/1108 1132/1132
f 1108/1108 1109/1109 1132/1132
f 1132/1132 1109/1109 1133/1133
f 1109/1109 1110/1110 1133/1133
f 1133/1133 1110/1110 1134/1134
f 1110/1110 1111/1111 1134/1134
f 1134/1134 1111/1111 1135/1135
f 1111/1111 1112/1112 1135/1135
f 1135/1135 1112/1112 1136/1136
f 1112/1112 1113/1113 1136/1136
f 1113/1113 1114/1114 1136/1136
f 1136/1136 1114/1114 1137/1137
f 1137/1137 1114/1114 1139/1139
f 1115/1115 1116/1116 1138/1138
f 1116/1116 1117/1117 1138/1138
f 1139/1139 1118/1118 1140/1140
f 1118/1118 1119/1119 1140/1140
f 1140/1140 1119/1119 1141/1141
f 1141/1141 1119/1119 1142/1142
f 1119/1119 1121/1121 1142/1142
f 1121/1121 1122/1122 1142/1142
f 1122/1122 1123/1123 1142/1142
f 1123/1123 1124/1124 1142/1142
f 1142/1142 1124/1124 1143/1143
f 1143/1143 1124/1124 1144/1144
f 1124/1124 1125/1125 1144/1144
f 1144/1144 1125/1125 1145/1145
f 1125/1125 1126/1126 1145/1145
f 1126/1126 1127/1127 1145/1145
f 1145/1145 1127/1127 1146/1146
f 1127/1127 1128/1128 1146/1146
f 1128/1128 1129/1129 1146/1146
f 1146/1146 1129/1129 1147/1147
f 1129/1129 1130/1130 1147/1147
f 1147/1147 1130/1130 1148/1148
f 1148/1148 1130/1130 1149/1149
f 1149/1149 1130/1130 1150/1150
f 1130/1130 1131/1131 1150/1150
f 1150/1150 1131/1131 1151/1151
f 1131/1131 1132/1132 1151/1151
f 1132/1132 1133/1133 1151/1151
f 1133/1133 1134/1134 1151/1151
f 1134/1134 1135/1135 1151/1151
f 1151/1151 1135/1135 1152/1152
f 1153/1153 1152/1152 1154/1154
f 1152/1152 1135/1135 1154/1154
f 1135/1135 1136/1136 1154/1154
f 1136/1136 1137/1137 1154/1154
f 1154/1154 1137/1137 1155/1155
f 1137/1137 1139/1139 1155/1155
f 1139/1139 1140/1140 1155/1155
f 1155/1155 1140/1140 1156/1156
f 1140/1140 1141/1141 1156/1156
f 1156/1156 1141/1141 1157/1157
f 1157/1157 1141/1141 1158/1158
f 1141/1141 1142/1142 1158/1158
f 1142/1142 1143/1143 1158/1158
f 1143/1143 1144/1144 1158/1158
f 1158/1158 1144/1144 1159/1159
f 1144/1144 1145/1145 1159/1159
f 1159/1159 1145/1145 1160/1160
f 1145/1145 1146/1146 1160/1160
f 1146/1146 1147/1147 1160/1160
f 1160/1160 1147/1147 1161/1161
f 1161/1161 1147/1147 1162/1162
f 1147/1147 1148/1148 1162/1162
f 1162/1162 1148/1148 1163/1163
f 1148/1148 1149/1149 1163/1163
f 1149/1149 1150/1150 1163/1163
f 1150/1150 1151/1151 1163/1163
f 1151/1151 1152/1152 1163/1163
f 1152/1152 1153/1153 1163/1163
f 1163/1163 1153/1153 1164/1164
f 1153/1153 1154/1154 1164/1164
f 1154/1154 1155/1155 1164/1164
f 1155/1155 1156/1156 1164/1164
f 1164/1164 1156/1156 1165/1165
f 1156/1156 1157/1157 1165/1165
f 1165/1165 1157/1157 1166/1166
f 1157/1157 1158/1158 1166/1166
f 1158/1158 1159/1159 1166/1166
f 1159/1159 1160/1160 1166/1166
f 1160/1160 1161/1161 1166/1166
f 1166/1166 1161/1161 1167/1167
f 1161/1161 1162/1162 1167/1167
f 1162/1162 1163/1163 1167/1167
f 1163/1163 1164/1164 1167/1167
f 1164/1164 1165/1165 1167/1167
f 1168/1168 1170/1170 1171/1171
f 1171/1171 1170/1170 1172/1172
f 1173/1173 1169/1169 1174/1174
f 1174/1174 1175/1175 1176/1176
f 1175/1175 1177/1177 1176/1176
f 1176/1176 1177/1177 1178/1178
f 1177/1177 1179/1179 1178/1178
f 1178/1178 1179/1179 1180/1180
f 1179/1179 1181/1181 1180/1180
f 1180/1180 1181/1181 1182/1182
f 1182/1182 1181/1181 1183/1183
f 1183/1183 1181/1181 1184/1184
f 1184/1184 1181/1181 1185/1185
f 1181/1181 1179/1179 1185/1185
f 1185/1185 1179/1179 1186/1186
f 1179/1179 1177/1177 1186/1186
f 1186/1186 1177/1177 1187/1187
f 1177/1177 1175/1175 1187/1187
f 1187/1187 1175/1175 1189/1189
f 1189/1189 1175/1175 1190/1190
f 1175/1175 1174/1174 1190/1190
f 1174/1174 1169/1169 1190/1190
f 1170/1170 1168/1168 1191/1191
f 1191/1191 1168/1168 1192/1192
f 1192/1192 1168/1168 1193/1193
f 1193/1193 1168/1168 1194/1194
f 1194/1194 1168/1168 1195/1195
f 1168/1168 1171/1171 1195/1195
f 1196/1196 1195/1195 1197/1197
f 1195/1195 1171/1171 1197/1197
f 1171/1171 1172/1172 1197/1197
f 1197/1197 1172/1172 1198/1198
f 1173/1173 1174/1174 1199/1199
f 1199/1199 1174/1174 1200/1200
f 1200/1200 1174/1174 1201/1201
f 1174/1174 1176/1176 1201/1201
f 1176/1176 1178/1178 1201/1201
f 1201/1201 1178/1178 1202/1202
f 1202/1202 1178/1178 1203/1203
f 1178/1178 1180/1180 1203/1203
f 1180/1180 1182/1182 1203/1203
f 1203/1203 1182/1182 1204/1204
f 1204/1204 1182/1182 1205/1205
f 1205/1205 1182/1182 1206/1206
f 1206/1206 1182/1182 1207/1207
f 1182/1182 1183/1183 1207/1207
f 1207/1207 1183/1183 1208/1208
f 1208/1208 1183/1183 1209/1209
f 1183/1183 1184/1184 1209/1209
f 1210/1210 1209/1209 1211/1211
f 1209/1209 1184/1184 1211/1211
f 1211/1211 1184/1184 1212/1212
f 1184/1184 1185/1185 1212/1212
f 1212/1212 1185/1185 1213/1213
f 1185/1185 1186/1186 1213/1213
f 1213/1213 1186/1186 1214/1214
f 1186/1186 1187/1187 1214/1214
f 1214/1214 1187/1187 1215/1215
f 1187/1187 1189/1189 1215/1215
f 1216/1216 1188/1188 1217/1217
f 1217/1217 1188/1188 1218/1218
f 1188/1188 1191/1191 1218/1218
f 1191/1191 1192/1192 1218/1218
f 1218/1218 1192/1192 1219/1219
f 1192/1192 1193/1193 1219/1219
f 1219/1219 1193/1193 1220/1220
f 1220/1220 1193/1193 1221/1221
f 1221/1221 1193/1193 1222/1222
f 1193/1193 1194/1194 1222/1222
f 1194/1194 1195/1195 1222/1222
f 1222/1222 1195/1195 1223/1223
f 1195/1195 1196/1196 1223/1223
f 1224/1224 1223/1223 1225/1225
f 1223/1223 1196/1196 1225/1225
f 1225/1225 1196/1196 1226/1226
f 1196/1196 1197/1197 1226/1226
f 1226/1226 1197/1197 1227/1227
f 1197/1197 1198/1198 1227/1227
f 1228/1228 1199/1199 1229/1229
f 1199/1199 1200/1200 1229/1229
f 1229/1229 1200/1200 1230/1230
f 1200/1200 1201/1201 1230/1230
f 1230/1230 1201/1201 1231/1231
f 1201/1201 1202/1202 1231/1231
f 1231/1231 1202/1202 1232/1232
f 1202/1202 1203/1203 1232/1232
f 1232/1232 1203/1203 1233/1233
f 1203/1203 1204/1204 1233/1233
f 1204/1204 1205/1205 1233/1233
f 1205/1205 1234/1234 1233/1233
f 1233/1233 1234/1234 1235/1235
f 1237/1237 1238/1238 1240/1240
f 1238/1238 1235/1235 1240/1240
f 1240/1240 1235/1235 1241/1241
f 1235/1235 1234/1234 1241/1241
f 1241/1241 1234/1234 1242/1242
f 1234/1234 1205/1205 1242/1242
f 1242/1242 1205/1205 1243/1243
f 1205/1205 1206/1206 1243/1243
f 1243/1243 1206/1206 1244/1244
f 1206/1206 1207/1207 1244/1244
f 1244/1244 1207/1207 1245/1245
f 1207/1207 1208/1208 1245/1245
f 1245/1245 1208/1208 1246/1246
f 1246/1246 1208/1208 1247/1247
f 1208/1208 1209/1209 1247/1247
f 1209/1209 1210/1210 1247/1247
f 1248/1248 1247/1247 1249/1249
f 1247/1247 1210/1210 1249/1249
f 1210/1210 1211/1211 1249/1249
f 1249/1249 1211/1211 1250/1250
f 1211/1211 1212/1212 1250/1250
f 1250/1250 1212/1212 1251/1251
f 1212/1212 1213/1213 1251/1251
f 1251/1251 1213/1213 1252/1252
f 1252/1252 1213/1213 1253/1253
f 1213/1213 1214/1214 1253/1253
f 1214/1214 1215/1215 1253/1253
f 1253/1253 1215/1215 1254/1254
f 1255/1255 1216/1216 1256/1256
f 1216/1216 1217/1217 1256/1256
f 1257/1257 1256/1256 1258/1258
f 1256/1256 1217/1217 1258/1258
f 1217/1217 1218/1218 1258/1258
f 1218/1218 1219/1219 1258/1258
f 1258/1258 1219/1219 1259/1259
f 1219/1219 1220/1220 1259/1259
f 1259/1259 1220/1220 1260/1260
f 1260/1260 1220/1220 1261/1261
f 1220/1220 1221/1221 1261/1261
f 1261/1261 1221/1221 1262/1262
f 1221/1221 1222/1222 1262/1262
f 1262/1262 1222/1222 1263/1263
f 1263/1263 1222/1222 1264/1264
f 1222/1222 1223/1223 1264/1264
f 1264/1264 1223/1223 1265/1265
f 1223/1223 1224/1224 1265/1265
f 1265/1265 1224/1224 1266/1266
f 1267/1267 1266/1266 1268/1268
f 1266/1266 1224/1224 1268/1268
f 1268/1268 1224/1224 1269/1269
f 1224/1224 1225/1225 1269/1269
f 1269/1269 1225/1225 1270/1270
f 1225/1225 1226/1226 1270/1270
f 1270/1270 1226/1226 1271/1271
f 1226/1226 1227/1227 1271/1271
f 1272/1272 1228/1228 1273/1273
f 1228/1228 1229/1229 1273/1273
f 1273/1273 1229/1229 1274/1274
f 1229/1229 1230/1230 1274/1274
f 1274/1274 1230/1230 1275/1275
f 1230/1230 1231/1231 1275/1275
f 1275/1275 1231/1231 1276/1276
f 1231/1231 1232/1232 1276/1276
f 1276/1276 1232/1232 1277/1277
f 1232/1232 1233/1233 1277/1277
f 1233/1233 1235/1235 1277/1277
f 1235/1235 1238/1238 1277/1277
f 1277/1277 1238/1238 1278/1278
f 1278/1278 1238/1238 1279/1279
f 1238/1238 1237/1237 1279/1279
f 1280/1280 1236/1236 1281/1281
f 1281/1281 1236/1236 1282/1282
f 1282/1282 1236/1236 1283/1283
f 1283/1283 1236/1236 1284/1284
f 1236/1236 1239/1239 1284/1284
f 1240/1240 1241/1241 1285/1285
f 1285/1285 1241/1241 1287/1287
f 1287/1287 1241/1241 1288/1288
f 1241/1241 1242/1242 1288/1288
f 1288/1288 1242/1242 1289/1289
f 1242/1242 1243/1243 1289/1289
f 1243/1243 1244/1244 1289/1289
f 1291/1291 1289/1289 1293/1293
f 1293/1293 1289/1289 1294/1294
f 1289/1289 1244/1244 1294/1294
f 1244/1244 1245/1245 1294/1294
f 1294/1294 1245/1245 1295/1295
f 1245/1245 1246/1246 1295/1295
f 1295/1295 1246/1246 1296/1296
f 1296/1296 1246/1246 1297/1297
f 1246/1246 1247/1247 1297/1297
f 1247/1247 1248/1248 1297/1297
f 1297/1297 1248/1248 1298/1298
f 1299/1299 1298/1298 1300/1300
f 1298/1298 1248/1248 1300/1300
f 1300/1300 1248/1248 1301/1301
f 1248/1248 1249/1249 1301/1301
f 1249/1249 1250/1250 1301/1301
f 1301/1301 1250/1250 1302/1302
f 1302/1302 1250/1250 1303/1303
f 1250/1250 1251/1251 1303/1303
f 1303/1303 1251/1251 1304/1304
f 1251/1251 1252/1252 1304/1304
f 1304/1304 1252/1252 1305/1305
f 1252/1252 1253/1253 1305/1305
f 1305/1305 1253/1253 1306/1306
f 1253/1253 1254/1254 1306/1306
f 1307/1307 1255/1255 1308/1308
f 1255/1255 1256/1256 1308/1308
f 1308/1308 1256/1256 1309/1309
f 1256/1256 1257/1257 1309/1309
f 1309/1309 1257/1257 1310/1310
f 1310/1310 1257/1257 1311/1311
f 1257/1257 1258/1258 1311/1311
f 1258/1258 1259/1259 1311/1311
f 1259/1259 1260/1260 1311/1311
f 1311/1311 1260/1260 1312/1312
f 1313/1313 1312/1312 1314/1314
f 1312/1312 1260/1260 1314/1314
f 1314/1314 1260/1260 1315/1315
f 1260/1260 1261/1261 1315/1315
f 1261/1261 1262/1262 1315/1315
f 1315/1315 1262/1262 1316/1316
f 1316/1316 1262/1262 1317/1317
f 1262/1262 1263/1263 1317/1317
f 1263/1263 1264/1264 1317/1317
f 1317/1317 1264/1264 1318/1318
f 1318/1318 1264/1264 1319/1319
f 1264/1264 1265/1265 1319/1319
f 1265/1265 1266/1266 1319/1319
f 1319/1319 1266/1266 1320/1320
f 1266/1266 1267/1267 1320/1320
f 1320/1320 1267/1267 1321/1321
f 1322/1322 1321/1321 1323/1323
f 1321/1321 1267/1267 1323/1323
f 1323/1323 1267/1267 1324/1324
f 1267/1267 1268/1268 1324/1324
f 1324/1324 1268/1268 1325/1325
f 1268/1268 1269/1269 1325/1325
f 1325/1325 1269/1269 1326/1326
f 1269/1269 1270/1270 1326/1326
f 1326/1326 1270/1270 1327/1327
f 1270/1270 1271/1271 1327/1327
f 1328/1328 1272/1272 1329/1329
f 1272/1272 1273/1273 1329/1329
f 1329/1329 1273/1273 1330/1330
f 1273/1273 1274/1274 1330/1330
f 1330/1330 1274/1274 1331/1331
f 1274/1274 1275/1275 1331/1331
f 1331/1331 1275/1275 1332/1332
f 1275/1275 1276/1276 1332/1332
f 1276/1276 1277/1277 1332/1332
f 1277/1277 1278/1278 1332/1332
f 1332/1332 1278/1278 1333/1333
f 1333/1333 1278/1278 1335/1335
f 1278/1278 1279/1279 1335/1335
f 1335/1335 1279/1279 1336/1336
f 1280/1280 1281/1281 1337/1337
f 1337/1337 1281/1281 1338/1338
f 1281/1281 1282/1282 1338/1338
f 1340/1340 1339/1339 1341/1341
f 1341/1341 1339/1339 1342/1342
f 1338/1338 1282/1282 1343/1343
f 1343/1343 1282/1282 1345/1345
f 1345/1345 1282/1282 1346/1346
f 1346/1346 1282/1282 1347/1347
f 1282/1282 1283/1283 1347/1347
f 1348/1348 1347/1347 1349/1349
f 1347/1347 1283/1283 1349/1349
f 1283/1283 1284/1284 1349/1349
f 1349/1349 1284/1284 1350/1350
f 1284/1284 1286/1286 1350/1350
f 1350/1350 1286/1286 1352/1352
f 1287/1287 1288/1288 1351/1351
f 1288/1288 1289/1289 1351/1351
f 1289/1289 1291/1291 1351/1351
f 1355/1355 1352/1352 1357/1357
f 1352/1352 1290/1290 1357/1357
f 1357/1357 1290/1290 1361/1361
f 1290/1290 1292/1292 1361/1361
f 1361/1361 1292/1292 1363/1363
f 1363/1363 1292/1292 1364/1364
f 1293/1293 1294/1294 1365/1365
f 1294/1294 1295/1295 1365/1365
f 1295/1295 1296/1296 1365/1365
f 1365/1365 1296/1296 1367/1367
f 1367/1367 1296/1296 1369/1369
f 1296/1296 1297/1297 1369/1369
f 1369/1369 1297/1297 1371/1371
f 1297/1297 1298/1298 1371/1371
f 1298/1298 1299/1299 1371/1371
f 1371/1371 1299/1299 1372/1372
f 1372/1372 1299/1299 1373/1373
f 1373/1373 1299/1299 1374/1374
f 1299/1299 1300/1300 1374/1374
f 1374/1374 1300/1300 1375/1375
f 1300/1300 1301/1301 1375/1375
f 1375/1375 1301/1301 1376/1376
f 1301/1301 1302/1302 1376/1376
f 1376/1376 1302/1302 1377/1377
f 1302/1302 1303/1303 1377/1377
f 1377/1377 1303/1303 1378/1378
f 1303/1303 1304/1304 1378/1378
f 1378/1378 1304/1304 1379/1379
f 1304/1304 1305/1305 1379/1379
f 1379/1379 1305/1305 1380/1380
f 1305/1305 1306/1306 1380/1380
f 1381/1381 1307/1307 1382/1382
f 1307/1307 1308/1308 1382/1382
f 1382/1382 1308/1308 1383/1383
f 1308/1308 1309/1309 1383/1383
f 1383/1383 1309/1309 1385/1385
f 1309/1309 1310/1310 1385/1385
f 1385/1385 1310/1310 1387/1387
f 1387/1387 1310/1310 1388/1388
f 1310/1310 1311/1311 1388/1388
f 1311/1311 1312/1312 1388/1388
f 1388/1388 1312/1312 1389/1389
f 1312/1312 1313/1313 1389/1389
f 1389/1389 1313/1313 1390/1390
f 1390/1390 1313/1313 1391/1391
f 1313/1313 1314/1314 1391/1391
f 1391/1391 1314/1314 1392/1392
f 1314/1314 1315/1315 1392/1392
f 1392/1392 1315/1315 1393/1393
f 1393/1393 1315/1315 1394/1394
f 1315/1315 1316/1316 1394/1394
f 1394/1394 1316/1316 1395/1395
f 1316/1316 1317/1317 1395/1395
f 1395/1395 1317/1317 1396/1396
f 1317/1317 1318/1318 1396/1396
f 1318/1318 1319/1319 1396/1396
f 1396/1396 1319/1319 1397/1397
f 1319/1319 1320/1320 1397/1397
f 1397/1397 1320/1320 1398/1398
f 1320/1320 1321/1321 1398/1398
f 1398/1398 1321/1321 1400/1400
f 1321/1321 1322/1322 1400/1400
f 1400/1400 1322/1322 1402/1402
f 1404/1404 1402/1402 1405/1405
f 1402/1402 1322/1322 1405/1405
f 1405/1405 1322/1322 1406/1406
f 1322/1322 1323/1323 1406/1406
f 1406/1406 1323/1323 1407/1407
f 1323/1323 1324/1324 1407/1407
f 1407/1407 1324/1324 1408/1408
f 1324/1324 1325/1325 1408/1408
f 1408/1408 1325/1325 1409/1409
f 1325/1325 1326/1326 1409/1409
f 1409/1409 1326/1326 1410/1410
f 1326/1326 1327/1327 1410/1410
f 1328/1328 1329/1329 1411/1411
f 1411/1411 1329/1329 1412/1412
f 1412/1412 1329/1329 1413/1413
f 1329/1329 1330/1330 1413/1413
f 1413/1413 1330/1330 1414/1414
f 1330/1330 1331/1331 1414/1414
f 1331/1331 1332/1332 1414/1414
f 1332/1332 1333/1333 1414/1414
f 1414/1414 1333/1333 1416/1416
f 1416/1416 1333/1333 1417/1417
f 1333/1333 1335/1335 1417/1417
f 1334/1334 1337/1337 1418/1418
f 1418/1418 1337/1337 1419/1419
f 1337/1337 1338/1338 1419/1419
f 1339/1339 1340/1340 1420/1420
f 1420/1420 1340/1340 1421/1421
f 1421/1421 1340/1340 1422/1422
f 1340/1340 1341/1341 1422/1422
f 1341/1341 1423/1423 1422/1422
f 1422/1422 1423/1423 1424/1424
f 1424/1424 1423/1423 1426/1426
f 1426/1426 1423/1423 1427/1427
f 1423/1423 1341/1341 1427/1427
f 1427/1427 1341/1341 1428/1428
f 1341/1341 1342/1342 1428/1428
f 1342/1342 1344/1344 1428/1428
f 1430/1430 1428/1428 1431/1431
f 1428/1428 1344/1344 1431/1431
f 1345/1345 1346/1346 1433/1433
f 1433/1433 1346/1346 1434/1434
f 1346/1346 1347/1347 1434/1434
f 1347/1347 1348/1348 1434/1434
f 1434/1434 1348/1348 1435/1435
f 1348/1348 1349/1349 1435/1435
f 1349/1349 1350/1350 1435/1435
f 1435/1435 1350/1350 1436/1436
f 1350/1350 1352/1352 1436/1436
f 1352/1352 1355/1355 1436/1436
f 1437/1437 1353/1353 1439/1439
f 1354/1354 1356/1356 1438/1438
f 1356/1356 1358/1358 1438/1438
f 1439/1439 1359/1359 1440/1440
f 1441/1441 1360/1360 1443/1443
f 1360/1360 1362/1362 1443/1443
f 1443/1443 1362/1362 1444/1444
f 1363/1363 1364/1364 1445/1445
f 1364/1364 1366/1366 1445/1445
f 1445/1445 1366/1366 1447/1447
f 1366/1366 1368/1368 1447/1447
f 1447/1447 1368/1368 1449/1449
f 1369/1369 1371/1371 1448/1448
f 1450/1450 1370/1370 1452/1452
f 1371/1371 1372/1372 1451/1451
f 1453/1453 1452/1452 1454/1454
f 1451/1451 1372/1372 1455/1455
f 1372/1372 1373/1373 1455/1455
f 1455/1455 1373/1373 1456/1456
f 1456/1456 1373/1373 1458/1458
f 1373/1373 1374/1374 1458/1458
f 1458/1458 1374/1374 1459/1459
f 1374/1374 1375/1375 1459/1459
f 1375/1375 1376/1376 1459/1459
f 1459/1459 1376/1376 1460/1460
f 1460/1460 1376/1376 1461/1461
f 1376/1376 1377/1377 1461/1461
f 1461/1461 1377/1377 1462/1462
f 1377/1377 1378/1378 1462/1462
f 1462/1462 1378/1378 1463/1463
f 1378/1378 1379/1379 1463/1463
f 1463/1463 1379/1379 1464/1464
f 1379/1379 1380/1380 1464/1464
f 1466/1466 1381/1381 1468/1468
f 1381/1381 1382/1382 1468/1468
f 1468/1468 1382/1382 1470/1470
f 1382/1382 1383/1383 1470/1470
f 1470/1470 1383/1383 1471/1471
f 1383/1383 1385/1385 1471/1471
f 1472/1472 1384/1384 1474/1474
f 1385/1385 1387/1387 1473/1473
f 1474/1474 1386/1386 1475/1475
f 1476/1476 1387/1387 1478/1478
f 1387/1387 1388/1388 1478/1478
f 1388/1388 1389/1389 1478/1478
f 1478/1478 1389/1389 1480/1480
f 1389/1389 1390/1390 1480/1480
f 1480/1480 1390/1390 1482/1482
f 1482/1482 1390/1390 1484/1484
f 1390/1390 1391/1391 1484/1484
f 1391/1391 1392/1392 1484/1484
f 1484/1484 1392/1392 1486/1486
f 1392/1392 1393/1393 1486/1486
f 1486/1486 1393/1393 1488/1488
f 1393/1393 1394/1394 1488/1488
f 1488/1488 1394/1394 1490/1490
f 1490/1490 1394/1394 1492/1492
f 1394/1394 1395/1395 1492/1492
f 1492/1492 1395/1395 1494/1494
f 1395/1395 1396/1396 1494/1494
f 1494/1494 1396/1396 1496/1496
f 1396/1396 1397/1397 1496/1496
f 1496/1496 1397/1397 1497/1497
f 1397/1397 1398/1398 1497/1497
f 1398/1398 1400/1400 1497/1497
f 1498/1498 1399/1399 1499/1499
f 1499/1499 1399/1399 1500/1500
f 1399/1399 1401/1401 1500/1500
f 1401/1401 1403/1403 1500/1500
f 1500/1500 1403/1403 1501/1501
f 1502/1502 1501/1501 1503/1503
f 1503/1503 1501/1501 1504/1504
f 1501/1501 1403/1403 1504/1504
f 1504/1504 1403/1403 1505/1505
f 1404/1404 1405/1405 1506/1506
f 1506/1506 1405/1405 1507/1507
f 1405/1405 1406/1406 1507/1507
f 1507/1507 1406/1406 1508/1508
f 1406/1406 1407/1407 1508/1508
f 1508/1508 1407/1407 1509/1509
f 1407/1407 1408/1408 1509/1509
f 1509/1509 1408/1408 1510/1510
f 1408/1408 1409/1409 1510/1510
f 1510/1510 1409/1409 1511/1511
f 1409/1409 1410/1410 1511/1511
f 1512/1512 1411/1411 1513/1513
f 1411/1411 1412/1412 1513/1513
f 1513/1513 1412/1412 1514/1514
f 1412/1412 1413/1413 1514/1514
f 1514/1514 1413/1413 1515/1515
f 1413/1413 1414/1414 1515/1515
f 1414/1414 1416/1416 1515/1515
f 1515/1515 1416/1416 1516/1516
f 1415/1415 1418/1418 1518/1518
f 1518/1518 1418/1418 1519/1519
f 1418/1418 1419/1419 1519/1519
f 1420/1420 1421/1421 1520/1520
f 1520/1520 1421/1421 1521/1521
f 1521/1521 1421/1421 1522/1522
f 1421/1421 1422/1422 1522/1522
f 1522/1522 1422/1422 1523/1523
f 1422/1422 1424/1424 1523/1523
f 1523/1523 1424/1424 1524/1524
f 1524/1524 1424/1424 1526/1526
f 1424/1424 1426/1426 1526/1526
f 1526/1526 1426/1426 1527/1527
f 1529/1529 1425/1425 1533/1533
f 1426/1426 1427/1427 1532/1532
f 1427/1427 1428/1428 1532/1532
f 1428/1428 1430/1430 1532/1532
f 1429/1429 1432/1432 1531/1531
f 1433/1433 1434/1434 1530/1530
f 1535/1535 1534/1534 1536/1536
f 1530/1530 1434/1434 1537/1537
f 1434/1434 1435/1435 1537/1537
f 1537/1537 1435/1435 1538/1538
f 1435/1435 1436/1436 1538/1538
f 1437/1437 1439/1439 1539/1539
f 1539/1539 1439/1439 1540/1540
f 1439/1439 1440/1440 1540/1540
f 1440/1440 1442/1442 1540/1540
f 1540/1540 1442/1442 1541/1541
f 1443/1443 1444/1444 1542/1542
f 1542/1542 1444/1444 1544/1544
f 1544/1544 1444/1444 1545/1545
f 1444/1444 1446/1446 1545/1545
f 1545/1545 1446/1446 1546/1546
f 1446/1446 1450/1450 1546/1546
f 1450/1450 1452/1452 1546/1546
f 1546/1546 1452/1452 1547/1547
f 1452/1452 1453/1453 1547/1547
f 1547/1547 1453/1453 1548/1548
f 1549/1549 1548/1548 1550/1550
f 1548/1548 1453/1453 1550/1550
f 1453/1453 1454/1454 1550/1550
f 1550/1550 1454/1454 1551/1551
f 1455/1455 1456/1456 1552/1552
f 1552/1552 1456/1456 1555/1555
f 1555/1555 1456/1456 1556/1556
f 1456/1456 1458/1458 1556/1556
f 1559/1559 1457/1457 1560/1560
f 1458/1458 1459/1459 1562/1562
f 1562/1562 1459/1459 1564/1564
f 1459/1459 1460/1460 1564/1564
f 1460/1460 1461/1461 1564/1564
f 1564/1564 1461/1461 1566/1566
f 1566/1566 1461/1461 1568/1568
f 1461/1461 1462/1462 1568/1568
f 1568/1568 1462/1462 1570/1570
f 1462/1462 1463/1463 1570/1570
f 1570/1570 1463/1463 1572/1572
f 1463/1463 1464/1464 1572/1572
f 1572/1572 1464/1464 1573/1573
f 1465/1465 1467/1467 1575/1575
f 1467/1467 1469/1469 1575/1575
f 1575/1575 1469/1469 1576/1576
f 1469/1469 1472/1472 1576/1576
f 1576/1576 1472/1472 1577/1577
f 1577/1577 1472/1472 1578/1578
f 1472/1472 1474/1474 1578/1578
f 1474/1474 1475/1475 1578/1578
f 1578/1578 1475/1475 1579/1579
f 1581/1581 1579/1579 1583/1583
f 1579/1579 1475/1475 1583/1583
f 1475/1475 1477/1477 1583/1583
f 1478/1478 1480/1480 1582/1582
f 1584/1584 1479/1479 1585/1585
f 1586/1586 1480/1480 1587/1587
f 1480/1480 1482/1482 1587/1587
f 1589/1589 1481/1481 1591/1591
f 1591/1591 1481/1481 1592/1592
f 1481/1481 1483/1483 1592/1592
f 1592/1592 1483/1483 1593/1593
f 1593/1593 1483/1483 1594/1594
f 1483/1483 1485/1485 1594/1594
f 1594/1594 1485/1485 1595/1595
f 1485/1485 1487/1487 1595/1595
f 1487/1487 1489/1489 1595/1595
f 1595/1595 1489/1489 1596/1596
f 1596/1596 1489/1489 1597/1597
f 1489/1489 1491/1491 1597/1597
f 1597/1597 1491/1491 1598/1598
f 1491/1491 1493/1493 1598/1598
f 1493/1493 1495/1495 1598/1598
f 1598/1598 1495/1495 1599/1599
f 1495/1495 1498/1498 1599/1599
f 1599/1599 1498/1498 1600/1600
f 1498/1498 1499/1499 1600/1600
f 1600/1600 1499/1499 1601/1601
f 1499/1499 1500/1500 1601/1601
f 1601/1601 1500/1500 1602/1602
f 1602/1602 1500/1500 1603/1603
f 1500/1500 1501/1501 1603/1603
f 1501/1501 1502/1502 1603/1603
f 1603/1603 1502/1502 1604/1604
f 1605/1605 1604/1604 1606/1606
f 1604/1604 1502/1502 1606/1606
f 1606/1606 1502/1502 1607/1607
f 1607/1607 1502/1502 1608/1608
f 1502/1502 1503/1503 1608/1608
f 1608/1608 1503/1503 1609/1609
f 1503/1503 1504/1504 1609/1609
f 1504/1504 1505/1505 1609/1609
f 1609/1609 1505/1505 1610/1610
f 1506/1506 1507/1507 1611/1611
f 1611/1611 1507/1507 1613/1613
f 1613/1613 1507/1507 1614/1614
f 1507/1507 1508/1508 1614/1614
f 1614/1614 1508/1508 1615/1615
f 1508/1508 1509/1509 1615/1615
f 1615/1615 1509/1509 1616/1616
f 1509/1509 1510/1510 1616/1616
f 1616/1616 1510/1510 1617/1617
f 1510/1510 1511/1511 1617/1617
f 1619/1619 1512/1512 1621/1621
f 1512/1512 1513/1513 1621/1621
f 1621/1621 1513/1513 1623/1623
f 1513/1513 1514/1514 1623/1623
f 1623/1623 1514/1514 1624/1624
f 1514/1514 1515/1515 1624/1624
f 1515/1515 1516/1516 1624/1624
f 1626/1626 1625/1625 1627/1627
f 1625/1625 1517/1517 1627/1627
f 1517/1517 1520/1520 1627/1627
f 1520/1520 1521/1521 1627/1627
f 1627/1627 1521/1521 1628/1628
f 1521/1521 1522/1522 1628/1628
f 1628/1628 1522/1522 1629/1629
f 1522/1522 1523/1523 1629/1629
f 1629/1629 1523/1523 1630/1630
f 1523/1523 1524/1524 1630/1630
f 1630/1630 1524/1524 1631/1631
f 1631/1631 1524/1524 1632/1632
f 1524/1524 1526/1526 1632/1632
f 1632/1632 1526/1526 1633/1633
f 1635/1635 1634/1634 1636/1636
f 1634/1634 1525/1525 1636/1636
f 1525/1525 1528/1528 1636/1636
f 1637/1637 1529/1529 1638/1638
f 1638/1638 1529/1529 1639/1639
f 1529/1529 1533/1533 1639/1639
f 1534/1534 1535/1535 1640/1640
f 1640/1640 1535/1535 1641/1641
f 1641/1641 1535/1535 1642/1642
f 1535/1535 1536/1536 1642/1642
f 1536/1536 1539/1539 1642/1642
f 1539/1539 1540/1540 1642/1642
f 1540/1540 1541/1541 1642/1642
f 1541/1541 1543/1543 1642/1642
f 1642/1642 1543/1543 1643/1643
f 1544/1544 1545/1545 1644/1644
f 1545/1545 1546/1546 1644/1644
f 1646/1646 1644/1644 1647/1647
f 1644/1644 1546/1546 1647/1647
f 1546/1546 1547/1547 1647/1647
f 1547/1547 1548/1548 1647/1647
f 1548/1548 1549/1549 1647/1647
f 1647/1647 1549/1549 1649/1649
f 1649/1649 1549/1549 1651/1651
f 1549/1549 1550/1550 1651/1651
f 1651/1651 1550/1550 1652/1652
f 1550/1550 1551/1551 1652/1652
f 1551/1551 1553/1553 1652/1652
f 1654/1654 1653/1653 1655/1655
f 1653/1653 1554/1554 1655/1655
f 1655/1655 1554/1554 1656/1656
f 1554/1554 1557/1557 1656/1656
f 1657/1657 1558/1558 1658/1658
f 1558/1558 1561/1561 1658/1658
f 1658/1658 1561/1561 1659/1659
f 1561/1561 1563/1563 1659/1659
f 1563/1563 1565/1565 1659/1659
f 1659/1659 1565/1565 1660/1660
f 1565/1565 1567/1567 1660/1660
f 1660/1660 1567/1567 1661/1661
f 1567/1567 1569/1569 1661/1661
f 1661/1661 1569/1569 1662/1662
f 1662/1662 1569/1569 1663/1663
f 1569/1569 1571/1571 1663/1663
f 1571/1571 1574/1574 1663/1663
f 1664/1664 1575/1575 1666/1666
f 1666/1666 1575/1575 1667/1667
f 1575/1575 1576/1576 1667/1667
f 1667/1667 1576/1576 1668/1668
f 1576/1576 1577/1577 1668/1668
f 1668/1668 1577/1577 1669/1669
f 1577/1577 1578/1578 1669/1669
f 1578/1578 1579/1579 1669/1669
f 1669/1669 1579/1579 1670/1670
f 1670/1670 1579/1579 1671/1671
f 1579/1579 1581/1581 1671/1671
f 1673/1673 1671/1671 1674/1674
f 1671/1671 1581/1581 1674/1674
f 1580/1580 1584/1584 1675/1675
f 1584/1584 1585/1585 1675/1675
f 1675/1675 1585/1585 1676/1676
f 1676/1676 1585/1585 1677/1677
f 1585/1585 1588/1588 1677/1677
f 1588/1588 1590/1590 1677/1677
f 1677/1677 1590/1590 1678/1678
f 1678/1678 1590/1590 1679/1679
f 1591/1591 1592/1592 1680/1680
f 1680/1680 1592/1592 1681/1681
f 1592/1592 1593/1593 1681/1681
f 1681/1681 1593/1593 1682/1682
f 1682/1682 1593/1593 1683/1683
f 1593/1593 1594/1594 1683/1683
f 1594/1594 1595/1595 1683/1683
f 1683/1683 1595/1595 1684/1684
f 1684/1684 1595/1595 1685/1685
f 1595/1595 1596/1596 1685/1685
f 1596/1596 1597/1597 1685/1685
f 1685/1685 1597/1597 1686/1686
f 1597/1597 1598/1598 1686/1686
f 1686/1686 1598/1598 1687/1687
f 1687/1687 1598/1598 1688/1688
f 1598/1598 1599/1599 1688/1688
f 1599/1599 1600/1600 1688/1688
f 1688/1688 1600/1600 1689/1689
f 1600/1600 1601/1601 1689/1689
f 1689/1689 1601/1601 1690/1690
f 1601/1601 1602/1602 1690/1690
f 1690/1690 1602/1602 1691/1691
f 1602/1602 1603/1603 1691/1691
f 1603/1603 1604/1604 1691/1691
f 1691/1691 1604/1604 1692/1692
f 1604/1604 1605/1605 1692/1692
f 1692/1692 1605/1605 1693/1693
f 1693/1693 1605/1605 1694/1694
f 1694/1694 1605/1605 1696/1696
f 1696/1696 1605/1605 1697/1697
f 1697/1697 1605/1605 1698/1698
f 1605/1605 1606/1606 1698/1698
f 1606/1606 1607/1607 1698/1698
f 1698/1698 1607/1607 1700/1700
f 1700/1700 1607/1607 1702/1702
f 1607/1607 1608/1608 1702/1702
f 1702/1702 1608/1608 1704/1704
f 1608/1608 1609/1609 1704/1704
f 1609/1609 1610/1610 1704/1704
f 1704/1704 1610/1610 1706/1706
f 1610/1610 1612/1612 1706/1706
f 1706/1706 1612/1612 1707/1707
f 1710/1710 1613/1613 1712/1712
f 1613/1613 1614/1614 1712/1712
f 1614/1614 1615/1615 1712/1712
f 1712/1712 1615/1615 1714/1714
f 1615/1615 1616/1616 1714/1714
f 1714/1714 1616/1616 1716/1716
f 1616/1616 1617/1617 1716/1716
f 1716/1716 1617/1617 1717/1717
f 1618/1618 1620/1620 1719/1719
f 1719/1719 1620/1620 1721/1721
f 1620/1620 1622/1622 1721/1721
f 1721/1721 1622/1622 1723/1723
f 1622/1622 1625/1625 1723/1723
f 1625/1625 1626/1626 1723/1723
f 1723/1723 1626/1626 1725/1725
f 1725/1725 1626/1626 1726/1726
f 1626/1626 1627/1627 1726/1726
f 1627/1627 1628/1628 1726/1726
f 1726/1726 1628/1628 1727/1727
f 1628/1628 1629/1629 1727/1727
f 1727/1727 1629/1629 1728/1728
f 1629/1629 1630/1630 1728/1728
f 1728/1728 1630/1630 1730/1730
f 1630/1630 1631/1631 1730/1730
f 1732/1732 1730/1730 1734/1734
f 1730/1730 1631/1631 1734/1734
f 1631/1631 1632/1632 1734/1734
f 1734/1734 1632/1632 1735/1735
f 1735/1735 1632/1632 1736/1736
f 1632/1632 1633/1633 1736/1736
f 1634/1634 1635/1635 1737/1737
f 1737/1737 1635/1635 1738/1738
f 1738/1738 1635/1635 1739/1739
f 1739/1739 1635/1635 1741/1741
f 1635/1635 1636/1636 1741/1741
f 1637/1637 1638/1638 1740/1740
f 1638/1638 1743/1743 1740/1740
f 1741/1741 1742/1742 1744/1744
f 1744/1744 1742/1742 1745/1745
f 1745/1745 1742/1742 1746/1746
f 1747/1747 1748/1748 1750/1750
f 1750/1750 1748/1748 1752/1752
f 1748/1748 1753/1753 1752/1752
f 1753/1753 1746/1746 1752/1752
f 1752/1752 1746/1746 1754/1754
f 1746/1746 1742/1742 1754/1754
f 1755/1755 1743/1743 1756/1756
f 1743/1743 1638/1638 1756/1756
f 1638/1638 1639/1639 1756/1756
f 1756/1756 1639/1639 1757/1757
f 1640/1640 1641/1641 1760/1760
f 1760/1760 1641/1641 1762/1762
f 1641/1641 1642/1642 1762/1762
f 1642/1642 1643/1643 1762/1762
f 1643/1643 1645/1645 1762/1762
f 1762/1762 1645/1645 1764/1764
f 1764/1764 1645/1645 1766/1766
f 1646/1646 1647/1647 1765/1765
f 1647/1647 1649/1649 1765/1765
f 1768/1768 1648/1648 1769/1769
f 1648/1648 1650/1650 1769/1769
f 1769/1769 1650/1650 1770/1770
f 1650/1650 1653/1653 1770/1770
f 1653/1653 1654/1654 1770/1770
f 1770/1770 1654/1654 1771/1771
f 1771/1771 1654/1654 1772/1772
f 1654/1654 1655/1655 1772/1772
f 1772/1772 1655/1655 1773/1773
f 1655/1655 1656/1656 1773/1773
f 1774/1774 1657/1657 1775/1775
f 1775/1775 1657/1657 1776/1776
f 1657/1657 1658/1658 1776/1776
f 1776/1776 1658/1658 1777/1777
f 1658/1658 1659/1659 1777/1777
f 1659/1659 1660/1660 1777/1777
f 1777/1777 1660/1660 1778/1778
f 1660/1660 1661/1661 1778/1778
f 1778/1778 1661/1661 1779/1779
f 1661/1661 1662/1662 1779/1779
f 1779/1779 1662/1662 1780/1780
f 1780/1780 1662/1662 1781/1781
f 1662/1662 1663/1663 1781/1781
f 1663/1663 1665/1665 1781/1781
f 1782/1782 1666/1666 1784/1784
f 1666/1666 1667/1667 1784/1784
f 1784/1784 1667/1667 1785/1785
f 1785/1785 1667/1667 1786/1786
f 1667/1667 1668/1668 1786/1786
f 1786/1786 1668/1668 1787/1787
f 1668/1668 1669/1669 1787/1787
f 1669/1669 1670/1670 1787/1787
f 1787/1787 1670/1670 1788/1788
f 1788/1788 1670/1670 1789/1789
f 1670/1670 1671/1671 1789/1789
f 1789/1789 1671/1671 1790/1790
f 1671/1671 1673/1673 1790/1790
f 1791/1791 1672/1672 1792/1792
f 1792/1792 1672/1672 1793/1793
f 1672/1672 1675/1675 1793/1793
f 1675/1675 1676/1676 1793/1793
f 1793/1793 1676/1676 1794/1794
f 1794/1794 1676/1676 1795/1795
f 1676/1676 1677/1677 1795/1795
f 1677/1677 1678/1678 1795/1795
f 1795/1795 1678/1678 1796/1796
f 1678/1678 1679/1679 1796/1796
f 1796/1796 1679/1679 1797/1797
f 1798/1798 1680/1680 1799/1799
f 1680/1680 1681/1681 1799/1799
f 1799/1799 1681/1681 1800/1800
f 1681/1681 1682/1682 1800/1800
f 1800/1800 1682/1682 1801/1801
f 1682/1682 1683/1683 1801/1801
f 1801/1801 1683/1683 1802/1802
f 1683/1683 1684/1684 1802/1802
f 1684/1684 1685/1685 1802/1802
f 1802/1802 1685/1685 1803/1803
f 1685/1685 1686/1686 1803/1803
f 1803/1803 1686/1686 1804/1804
f 1804/1804 1686/1686 1805/1805
f 1686/1686 1687/1687 1805/1805
f 1687/1687 1688/1688 1805/1805
f 1805/1805 1688/1688 1806/1806
f 1688/1688 1689/1689 1806/1806
f 1806/1806 1689/1689 1807/1807
f 1689/1689 1690/1690 1807/1807
f 1807/1807 1690/1690 1808/1808
f 1690/1690 1691/1691 1808/1808
f 1808/1808 1691/1691 1809/1809
f 1691/1691 1692/1692 1809/1809
f 1692/1692 1693/1693 1809/1809
f 1809/1809 1693/1693 1810/1810
f 1810/1810 1693/1693 1811/1811
f 1693/1693 1812/1812 1811/1811
f 1811/1811 1812/1812 1813/1813
f 1812/1812 1693/1693 1813/1813
f 1693/1693 1694/1694 1813/1813
f 1694/1694 1696/1696 1813/1813
f 1813/1813 1696/1696 1815/1815
f 1815/1815 1696/1696 1816/1816
f 1817/1817 1695/1695 1818/1818
f 1819/1819 1696/1696 1821/1821
f 1696/1696 1697/1697 1821/1821
f 1821/1821 1697/1697 1822/1822
f 1697/1697 1698/1698 1822/1822
f 1698/1698 1700/1700 1822/1822
f 1823/1823 1699/1699 1824/1824
f 1824/1824 1699/1699 1825/1825
f 1825/1825 1699/1699 1826/1826
f 1699/1699 1701/1701 1826/1826
f 1826/1826 1701/1701 1827/1827
f 1701/1701 1703/1703 1827/1827
f 1827/1827 1703/1703 1828/1828
f 1703/1703 1705/1705 1828/1828
f 1828/1828 1705/1705 1829/1829
f 1705/1705 1708/1708 1829/1829
f 1830/1830 1709/1709 1832/1832
f 1710/1710 1712/1712 1831/1831
f 1832/1832 1711/1711 1834/1834
f 1712/1712 1714/1714 1833/1833
f 1834/1834 1713/1713 1836/1836
f 1714/1714 1716/1716 1835/1835
f 1836/1836 1715/1715 1838/1838
f 1716/1716 1717/1717 1837/1837
f 1839/1839 1718/1718 1840/1840
f 1718/1718 1720/1720 1840/1840
f 1840/1840 1720/1720 1842/1842
f 1720/1720 1722/1722 1842/1842
f 1723/1723 1725/1725 1841/1841
f 1842/1842 1724/1724 1843/1843
f 1843/1843 1724/1724 1844/1844
f 1725/1725 1726/1726 1845/1845
f 1726/1726 1727/1727 1845/1845
f 1845/1845 1727/1727 1847/1847
f 1847/1847 1727/1727 1849/1849
f 1727/1727 1728/1728 1849/1849
f 1849/1849 1728/1728 1850/1850
f 1728/1728 1730/1730 1850/1850
f 1729/1729 1731/1731 1851/1851
f 1851/1851 1731/1731 1852/1852
f 1852/1852 1731/1731 1853/1853
f 1853/1853 1731/1731 1854/1854
f 1731/1731 1733/1733 1854/1854
f 1855/1855 1734/1734 1856/1856
f 1734/1734 1735/1735 1856/1856
f 1735/1735 1736/1736 1856/1856
f 1737/1737 1738/1738 1858/1858
f 1858/1858 1738/1738 1859/1859
f 1859/1859 1738/1738 1860/1860
f 1738/1738 1739/1739 1860/1860
f 1739/1739 1741/1741 1860/1860
f 1741/1741 1744/1744 1860/1860
f 1744/1744 1745/1745 1860/1860
f 1860/1860 1745/1745 1861/1861
f 1745/1745 1746/1746 1861/1861
f 1861/1861 1746/1746 1862/1862
f 1746/1746 1753/1753 1862/1862
f 1862/1862 1753/1753 1863/1863
f 1753/1753 1748/1748 1863/1863
f 1748/1748 1747/1747 1863/1863
f 1863/1863 1747/1747 1864/1864
f 1864/1864 1747/1747 1865/1865
f 1865/1865 1747/1747 1866/1866
f 1866/1866 1747/1747 1867/1867
f 1747/1747 1750/1750 1867/1867
f 1750/1750 1869/1869 1867/1867
f 1867/1867 1869/1869 1870/1870
f 1871/1871 1868/1868 1873/1873
f 1868/1868 1749/1749 1873/1873
f 1749/1749 1751/1751 1873/1873
f 1751/1751 1755/1755 1873/1873
f 1873/1873 1755/1755 1874/1874
f 1755/1755 1756/1756 1874/1874
f 1756/1756 1757/1757 1874/1874
f 1875/1875 1758/1758 1876/1876
f 1877/1877 1759/1759 1879/1879
f 1760/1760 1762/1762 1878/1878
f 1761/1761 1763/1763 1881/1881
f 1881/1881 1763/1763 1882/1882
f 1882/1882 1763/1763 1883/1883
f 1763/1763 1767/1767 1883/1883
f 1884/1884 1768/1768 1885/1885
f 1768/1768 1769/1769 1885/1885
f 1769/1769 1770/1770 1885/1885
f 1770/1770 1771/1771 1885/1885
f 1885/1885 1771/1771 1886/1886
f 1886/1886 1771/1771 1887/1887
f 1771/1771 1772/1772 1887/1887
f 1887/1887 1772/1772 1888/1888
f 1772/1772 1773/1773 1888/1888
f 1888/1888 1773/1773 1889/1889
f 1774/1774 1775/1775 1890/1890
f 1890/1890 1775/1775 1891/1891
f 1891/1891 1775/1775 1892/1892
f 1775/1775 1776/1776 1892/1892
f 1892/1892 1776/1776 1893/1893
f 1776/1776 1777/1777 1893/1893
f 1777/1777 1778/1778 1893/1893
f 1893/1893 1778/1778 1894/1894
f 1894/1894 1778/1778 1895/1895
f 1778/1778 1779/1779 1895/1895
f 1779/1779 1780/1780 1895/1895
f 1895/1895 1780/1780 1896/1896
f 1896/1896 1780/1780 1897/1897
f 1780/1780 1781/1781 1897/1897
f 1781/1781 1783/1783 1897/1897
f 1898/1898 1784/1784 1900/1900
f 1900/1900 1784/1784 1901/1901
f 1784/1784 1785/1785 1901/1901
f 1901/1901 1785/1785 1902/1902
f 1785/1785 1786/1786 1902/1902
f 1902/1902 1786/1786 1903/1903
f 1786/1786 1787/1787 1903/1903
f 1787/1787 1788/1788 1903/1903
f 1903/1903 1788/1788 1904/1904
f 1904/1904 1788/1788 1905/1905
f 1788/1788 1789/1789 1905/1905
f 1905/1905 1789/1789 1906/1906
f 1789/1789 1790/1790 1906/1906
f 1910/1910 1907/1907 1912/1912
f 1906/1906 1790/1790 1911/1911
f 1791/1791 1792/1792 1912/1912
f 1912/1912 1792/1792 1913/1913
f 1913/1913 1792/1792 1914/1914
f 1792/1792 1793/1793 1914/1914
f 1793/1793 1794/1794 1914/1914
f 1914/1914 1794/1794 1915/1915
f 1915/1915 1794/1794 1916/1916
f 1794/1794 1795/1795 1916/1916
f 1916/1916 1795/1795 1917/1917
f 1795/1795 1796/1796 1917/1917
f 1917/1917 1796/1796 1918/1918
f 1918/1918 1796/1796 1919/1919
f 1796/1796 1797/1797 1919/1919
f 1919/1919 1797/1797 1920/1920
f 1920/1920 1797/1797 1921/1921
f 1798/1798 1799/1799 1922/1922
f 1922/1922 1799/1799 1923/1923
f 1799/1799 1800/1800 1923/1923
f 1800/1800 1801/1801 1923/1923
f 1923/1923 1801/1801 1924/1924
f 1801/1801 1802/1802 1924/1924
f 1924/1924 1802/1802 1925/1925
f 1925/1925 1802/1802 1926/1926
f 1802/1802 1803/1803 1926/1926
f 1926/1926 1803/1803 1927/1927
f 1803/1803 1804/1804 1927/1927
f 1927/1927 1804/1804 1928/1928
f 1804/1804 1805/1805 1928/1928
f 1805/1805 1806/1806 1928/1928
f 1928/1928 1806/1806 1929/1929
f 1806/1806 1807/1807 1929/1929
f 1929/1929 1807/1807 1930/1930
f 1930/1930 1807/1807 1931/1931
f 1807/1807 1808/1808 1931/1931
f 1808/1808 1809/1809 1931/1931
f 1809/1809 1810/1810 1931/1931
f 1931/1931 1810/1810 1932/1932
f 1810/1810 1811/1811 1932/1932
f 1932/1932 1811/1811 1933/1933
f 1933/1933 1811/1811 1934/1934
f 1811/1811 1813/1813 1934/1934
f 1934/1934 1813/1813 1935/1935
f 1813/1813 1815/1815 1935/1935
f 1814/1814 1817/1817 1936/1936
f 1936/1936 1817/1817 1937/1937
f 1937/1937 1817/1817 1938/1938
f 1938/1938 1817/1817 1939/1939
f 1939/1939 1817/1817 1940/1940
f 1817/1817 1818/1818 1940/1940
f 1940/1940 1818/1818 1941/1941
f 1818/1818 1820/1820 1941/1941
f 1820/1820 1823/1823 1941/1941
f 1823/1823 1824/1824 1941/1941
f 1942/1942 1941/1941 1943/1943
f 1941/1941 1824/1824 1943/1943
f 1943/1943 1824/1824 1944/1944
f 1824/1824 1825/1825 1944/1944
f 1825/1825 1826/1826 1944/1944
f 1944/1944 1826/1826 1945/1945
f 1826/1826 1827/1827 1945/1945
f 1945/1945 1827/1827 1946/1946
f 1946/1946 1827/1827 1948/1948
f 1827/1827 1828/1828 1948/1948
f 1948/1948 1828/1828 1949/1949
f 1828/1828 1829/1829 1949/1949
f 1950/1950 1830/1830 1951/1951
f 1830/1830 1832/1832 1951/1951
f 1951/1951 1832/1832 1952/1952
f 1832/1832 1834/1834 1952/1952
f 1952/1952 1834/1834 1954/1954
f 1834/1834 1836/1836 1954/1954
f 1954/1954 1836/1836 1955/1955
f 1836/1836 1838/1838 1955/1955
f 1839/1839 1840/1840 1956/1956
f 1956/1956 1840/1840 1957/1957
f 1957/1957 1840/1840 1958/1958
f 1840/1840 1842/1842 1958/1958
f 1842/1842 1843/1843 1958/1958
f 1959/1959 1958/1958 1960/1960
f 1958/1958 1843/1843 1960/1960
f 1843/1843 1844/1844 1960/1960
f 1844/1844 1846/1846 1960/1960
f 1960/1960 1846/1846 1961/1961
f 1846/1846 1848/1848 1961/1961
f 1848/1848 1851/1851 1961/1961
f 1961/1961 1851/1851 1962/1962
f 1851/1851 1852/1852 1962/1962
f 1963/1963 1962/1962 1964/1964
f 1962/1962 1852/1852 1964/1964
f 1852/1852 1853/1853 1964/1964
f 1964/1964 1853/1853 1965/1965
f 1965/1965 1853/1853 1966/1966
f 1853/1853 1854/1854 1966/1966
f 1854/1854 1857/1857 1966/1966
f 1967/1967 1858/1858 1969/1969
f 1858/1858 1859/1859 1969/1969
f 1969/1969 1859/1859 1970/1970
f 1859/1859 1860/1860 1970/1970
f 1860/1860 1861/1861 1970/1970
f 1861/1861 1862/1862 1970/1970
f 1970/1970 1862/1862 1972/1972
f 1862/1862 1863/1863 1972/1972
f 1972/1972 1863/1863 1974/1974
f 1974/1974 1863/1863 1976/1976
f 1863/1863 1864/1864 1976/1976
f 1976/1976 1864/1864 1978/1978
f 1864/1864 1865/1865 1978/1978
f 1978/1978 1865/1865 1979/1979
f 1979/1979 1865/1865 1980/1980
f 1865/1865 1866/1866 1980/1980
f 1980/1980 1866/1866 1981/1981
f 1866/1866 1867/1867 1981/1981
f 1867/1867 1870/1870 1981/1981
f 1981/1981 1870/1870 1982/1982
f 1982/1982 1870/1870 1984/1984
f 1871/1871 1873/1873 1983/1983
f 1985/1985 1984/1984 1986/1986
f 1984/1984 1872/1872 1986/1986
f 1988/1988 1873/1873 1989/1989
f 1873/1873 1874/1874 1989/1989
f 1990/1990 1875/1875 1991/1991
f 1991/1991 1875/1875 1992/1992
f 1875/1875 1876/1876 1992/1992
f 1992/1992 1876/1876 1993/1993
f 1876/1876 1880/1880 1993/1993
f 1993/1993 1880/1880 1994/1994
f 1881/1881 1882/1882 1995/1995
f 1995/1995 1882/1882 1996/1996
f 1996/1996 1882/1882 1997/1997
f 1882/1882 1883/1883 1997/1997
f 1884/1884 1885/1885 1998/1998
f 1885/1885 1886/1886 1998/1998
f 1998/1998 1886/1886 1999/1999
f 1999/1999 1886/1886 2000/2000
f 1886/1886 1887/1887 2000/2000
f 1887/1887 1888/1888 2000/2000
f 2000/2000 1888/1888 2001/2001
f 1888/1888 1889/1889 2001/2001
f 2001/2001 1889/1889 2002/2002
f 2003/2003 1890/1890 2004/2004
f 1890/1890 1891/1891 2004/2004
f 2004/2004 1891/1891 2005/2005
f 1891/1891 1892/1892 2005/2005
f 1892/1892 1893/1893 2005/2005
f 2005/2005 1893/1893 2006/2006
f 2006/2006 1893/1893 2007/2007
f 1893/1893 1894/1894 2007/2007
f 2007/2007 1894/1894 2008/2008
f 1894/1894 1895/1895 2008/2008
f 2008/2008 1895/1895 2009/2009
f 1895/1895 1896/1896 2009/2009
f 2009/2009 1896/1896 2010/2010
f 1896/1896 1897/1897 2010/2010
f 2010/2010 1897/1897 2011/2011
f 1897/1897 1899/1899 2011/2011
f 2012/2012 1900/1900 2013/2013
f 1900/1900 1901/1901 2013/2013
f 2013/2013 1901/1901 2014/2014
f 1901/1901 1902/1902 2014/2014
f 2014/2014 1902/1902 2015/2015
f 1902/1902 1903/1903 2015/2015
f 2015/2015 1903/1903 2016/2016
f 1903/1903 1904/1904 2016/2016
f 2016/2016 1904/1904 2017/2017
f 1904/1904 1905/1905 2017/2017
f 2017/2017 1905/1905 2018/2018
f 1905/1905 1906/1906 2018/2018
f 1906/1906 1908/1908 2018/2018
f 2018/2018 1908/1908 2019/2019
f 2021/2021 2020/2020 2022/2022
f 2020/2020 1909/1909 2022/2022
f 2022/2022 1909/1909 2023/2023
f 1910/1910 1912/1912 2024/2024
f 1912/1912 1913/1913 2024/2024
f 2024/2024 1913/1913 2026/2026
f 1913/1913 1914/1914 2026/2026
f 1914/1914 1915/1915 2026/2026
f 2026/2026 1915/1915 2027/2027
f 2027/2027 1915/1915 2028/2028
f 1915/1915 1916/1916 2028/2028
f 2028/2028 1916/1916 2029/2029
f 1916/1916 1917/1917 2029/2029
f 1917/1917 1918/1918 2029/2029
f 2029/2029 1918/1918 2030/2030
f 1918/1918 1919/1919 2030/2030
f 2030/2030 1919/1919 2031/2031
f 1919/1919 1920/1920 2031/2031
f 2031/2031 1920/1920 2032/2032
f 1920/1920 1921/1921 2032/2032
f 2032/2032 1921/1921 2033/2033
f 1922/1922 1923/1923 2034/2034
f 2034/2034 1923/1923 2036/2036
f 1923/1923 1924/1924 2036/2036
f 2036/2036 1924/1924 2037/2037
f 2037/2037 1924/1924 2038/2038
f 1924/1924 1925/1925 2038/2038
f 2038/2038 1925/1925 2039/2039
f 1925/1925 1926/1926 2039/2039
f 2039/2039 1926/1926 2040/2040
f 1926/1926 1927/1927 2040/2040
f 1927/1927 1928/1928 2040/2040
f 2040/2040 1928/1928 2041/2041
f 1928/1928 1929/1929 2041/2041
f 2041/2041 1929/1929 2042/2042
f 1929/1929 1930/1930 2042/2042
f 2042/2042 1930/1930 2043/2043
f 1930/1930 1931/1931 2043/2043
f 1931/1931 1932/1932 2043/2043
f 2043/2043 1932/1932 2044/2044
f 1932/1932 1933/1933 2044/2044
f 2044/2044 1933/1933 2045/2045
f 2045/2045 1933/1933 2046/2046
f 1933/1933 1934/1934 2046/2046
f 2049/2049 2046/2046 2050/2050
f 2046/2046 1934/1934 2050/2050
f 1934/1934 1935/1935 2050/2050
f 1936/1936 1937/1937 2051/2051
f 2051/2051 1937/1937 2052/2052
f 1937/1937 1938/1938 2052/2052
f 2052/2052 1938/1938 2053/2053
f 2053/2053 1938/1938 2054/2054
f 2054/2054 1938/1938 2055/2055
f 1938/1938 1939/1939 2055/2055
f 1939/1939 1940/1940 2055/2055
f 2055/2055 1940/1940 2056/2056
f 1940/1940 1941/1941 2056/2056
f 1941/1941 1942/1942 2056/2056
f 2056/2056 1942/1942 2057/2057
f 2057/2057 1942/1942 2058/2058
f 1942/1942 1943/1943 2058/2058
f 2058/2058 1943/1943 2059/2059
f 1943/1943 1944/1944 2059/2059
f 2059/2059 1944/1944 2060/2060
f 1944/1944 1945/1945 2060/2060
f 1945/1945 1946/1946 2060/2060
f 2060/2060 1946/1946 2062/2062
f 2062/2062 1946/1946 2063/2063
f 1946/1946 1948/1948 2063/2063
f 2064/2064 1947/1947 2065/2065
f 1947/1947 1950/1950 2065/2065
f 2065/2065 1950/1950 2066/2066
f 1950/1950 1951/1951 2066/2066
f 2066/2066 1951/1951 2067/2067
f 1951/1951 1952/1952 2067/2067
f 2067/2067 1952/1952 2068/2068
f 1952/1952 1954/1954 2068/2068
f 2068/2068 1954/1954 2069/2069
f 1953/1953 1956/1956 2070/2070
f 2070/2070 1956/1956 2071/2071
f 1956/1956 1957/1957 2071/2071
f 1957/1957 1958/1958 2071/2071
f 1958/1958 1959/1959 2071/2071
f 2071/2071 1959/1959 2072/2072
f 1959/1959 1960/1960 2072/2072
f 2072/2072 1960/1960 2073/2073
f 1960/1960 1961/1961 2073/2073
f 2073/2073 1961/1961 2074/2074
f 1961/1961 1962/1962 2074/2074
f 1962/1962 1963/1963 2074/2074
f 2074/2074 1963/1963 2075/2075
f 2075/2075 1963/1963 2076/2076
f 1963/1963 1964/1964 2076/2076
f 2076/2076 1964/1964 2077/2077
f 1964/1964 1965/1965 2077/2077
f 2077/2077 1965/1965 2078/2078
f 2078/2078 1965/1965 2079/2079
f 1965/1965 1966/1966 2079/2079
f 1966/1966 1968/1968 2079/2079
f 2079/2079 1968/1968 2080/2080
f 1969/1969 1970/1970 2081/2081
f 1970/1970 1972/1972 2081/2081
f 2081/2081 1972/1972 2082/2082
f 2083/2083 1971/1971 2085/2085
f 1972/1972 1974/1974 2084/2084
f 2085/2085 1973/1973 2087/2087
f 1974/1974 1976/1976 2086/2086
f 2087/2087 1975/1975 2089/2089
f 1976/1976 1978/1978 2088/2088
f 2089/2089 1977/1977 2091/2091
f 1978/1978 1979/1979 2090/2090
f 2093/2093 2091/2091 2094/2094
f 2090/2090 1979/1979 2095/2095
f 1979/1979 1980/1980 2095/2095
f 2095/2095 1980/1980 2096/2096
f 1980/1980 1981/1981 2096/2096
f 1981/1981 1982/1982 2096/2096
f 1982/1982 1984/1984 2096/2096
f 1984/1984 1985/1985 2096/2096
f 1985/1985 1986/1986 2096/2096
f 2096/2096 1986/1986 2097/2097
f 2099/2099 2097/2097 2100/2100
f 2097/2097 1986/1986 2100/2100
f 1987/1987 1990/1990 2101/2101
f 2101/2101 1990/1990 2102/2102
f 2102/2102 1990/1990 2104/2104
f 1990/1990 1991/1991 2104/2104
f 2104/2104 1991/1991 2106/2106
f 2106/2106 1991/1991 2108/2108
f 1991/1991 1992/1992 2108/2108
f 2108/2108 1992/1992 2109/2109
f 1992/1992 1993/1993 2109/2109
f 1993/1993 1994/1994 2109/2109
f 2111/2111 2110/2110 2113/2113
f 2109/2109 1994/1994 2112/2112
f 1995/1995 1996/1996 2114/2114
f 2114/2114 1996/1996 2115/2115
f 2117/2117 2115/2115 2119/2119
f 2115/2115 1996/1996 2119/2119
f 1996/1996 1997/1997 2119/2119
f 2119/2119 1997/1997 2120/2120
f 1998/1998 1999/1999 2121/2121
f 2121/2121 1999/1999 2122/2122
f 1999/1999 2000/2000 2122/2122
f 2122/2122 2000/2000 2123/2123
f 2000/2000 2001/2001 2123/2123
f 2123/2123 2001/2001 2124/2124
f 2001/2001 2002/2002 2124/2124
f 2125/2125 2003/2003 2126/2126
f 2003/2003 2004/2004 2126/2126
f 2126/2126 2004/2004 2127/2127
f 2127/2127 2004/2004 2128/2128
f 2004/2004 2005/2005 2128/2128
f 2128/2128 2005/2005 2129/2129
f 2005/2005 2006/2006 2129/2129
f 2006/2006 2007/2007 2129/2129
f 2129/2129 2007/2007 2130/2130
f 2130/2130 2007/2007 2131/2131
f 2007/2007 2008/2008 2131/2131
f 2131/2131 2008/2008 2132/2132
f 2008/2008 2009/2009 2132/2132
f 2132/2132 2009/2009 2133/2133
f 2009/2009 2010/2010 2133/2133
f 2133/2133 2010/2010 2134/2134
f 2010/2010 2011/2011 2134/2134
f 2135/2135 2012/2012 2136/2136
f 2012/2012 2013/2013 2136/2136
f 2136/2136 2013/2013 2137/2137
f 2013/2013 2014/2014 2137/2137
f 2137/2137 2014/2014 2138/2138
f 2014/2014 2015/2015 2138/2138
f 2138/2138 2015/2015 2139/2139
f 2015/2015 2016/2016 2139/2139
f 2139/2139 2016/2016 2140/2140
f 2016/2016 2017/2017 2140/2140
f 2140/2140 2017/2017 2141/2141
f 2017/2017 2018/2018 2141/2141
f 2018/2018 2019/2019 2141/2141
f 2141/2141 2019/2019 2142/2142
f 2020/2020 2021/2021 2143/2143
f 2143/2143 2021/2021 2144/2144
f 2144/2144 2021/2021 2145/2145
f 2145/2145 2021/2021 2146/2146
f 2021/2021 2022/2022 2146/2146
f 2146/2146 2022/2022 2147/2147
f 2022/2022 2023/2023 2147/2147
f 2023/2023 2025/2025 2147/2147
f 2147/2147 2025/2025 2148/2148
f 2026/2026 2027/2027 2149/2149
f 2149/2149 2027/2027 2150/2150
f 2150/2150 2027/2027 2151/2151
f 2151/2151 2027/2027 2152/2152
f 2027/2027 2028/2028 2152/2152
f 2152/2152 2028/2028 2153/2153
f 2028/2028 2029/2029 2153/2153
f 2029/2029 2030/2030 2153/2153
f 2153/2153 2030/2030 2154/2154
f 2154/2154 2030/2030 2155/2155
f 2030/2030 2031/2031 2155/2155
f 2031/2031 2032/2032 2155/2155
f 2032/2032 2033/2033 2155/2155
f 2033/2033 2035/2035 2155/2155
f 2155/2155 2035/2035 2156/2156
f 2036/2036 2037/2037 2157/2157
f 2157/2157 2037/2037 2159/2159
f 2037/2037 2038/2038 2159/2159
f 2159/2159 2038/2038 2160/2160
f 2160/2160 2038/2038 2161/2161
f 2038/2038 2039/2039 2161/2161
f 2039/2039 2040/2040 2161/2161
f 2161/2161 2040/2040 2162/2162
f 2162/2162 2040/2040 2163/2163
f 2040/2040 2041/2041 2163/2163
f 2041/2041 2042/2042 2163/2163
f 2163/2163 2042/2042 2164/2164
f 2042/2042 2043/2043 2164/2164
f 2043/2043 2044/2044 2164/2164
f 2044/2044 2045/2045 2164/2164
f 2164/2164 2045/2045 2165/2165
f 2165/2165 2045/2045 2166/2166
f 2045/2045 2046/2046 2166/2166
f 2046/2046 2049/2049 2166/2166
f 2167/2167 2047/2047 2169/2169
f 2169/2169 2047/2047 2170/2170
f 2048/2048 2051/2051 2172/2172
f 2051/2051 2052/2052 2172/2172
f 2052/2052 2053/2053 2172/2172
f 2172/2172 2053/2053 2174/2174
f 2174/2174 2053/2053 2175/2175
f 2053/2053 2054/2054 2175/2175
f 2175/2175 2054/2054 2176/2176
f 2054/2054 2055/2055 2176/2176
f 2176/2176 2055/2055 2177/2177
f 2177/2177 2055/2055 2178/2178
f 2055/2055 2056/2056 2178/2178
f 2056/2056 2057/2057 2178/2178
f 2178/2178 2057/2057 2179/2179
f 2179/2179 2057/2057 2180/2180
f 2180/2180 2057/2057 2181/2181
f 2057/2057 2058/2058 2181/2181
f 2181/2181 2058/2058 2182/2182
f 2058/2058 2059/2059 2182/2182
f 2182/2182 2059/2059 2183/2183
f 2059/2059 2060/2060 2183/2183
f 2060/2060 2062/2062 2183/2183
f 2183/2183 2062/2062 2184/2184
f 2185/2185 2061/2061 2186/2186
f 2061/2061 2064/2064 2186/2186
f 2186/2186 2064/2064 2187/2187
f 2064/2064 2065/2065 2187/2187
f 2187/2187 2065/2065 2188/2188
f 2065/2065 2066/2066 2188/2188
f 2188/2188 2066/2066 2189/2189
f 2066/2066 2067/2067 2189/2189
f 2067/2067 2068/2068 2189/2189
f 2189/2189 2068/2068 2190/2190
f 2068/2068 2069/2069 2190/2190
f 2191/2191 2070/2070 2193/2193
f 2070/2070 2071/2071 2193/2193
f 2193/2193 2071/2071 2194/2194
f 2071/2071 2072/2072 2194/2194
f 2195/2195 2194/2194 2196/2196
f 2194/2194 2072/2072 2196/2196
f 2072/2072 2073/2073 2196/2196
f 2073/2073 2074/2074 2196/2196
f 2074/2074 2075/2075 2196/2196
f 2196/2196 2075/2075 2197/2197
f 2197/2197 2075/2075 2198/2198
f 2075/2075 2076/2076 2198/2198
f 2198/2198 2076/2076 2199/2199
f 2076/2076 2077/2077 2199/2199
f 2199/2199 2077/2077 2200/2200
f 2077/2077 2078/2078 2200/2200
f 2200/2200 2078/2078 2201/2201
f 2201/2201 2078/2078 2202/2202
f 2078/2078 2079/2079 2202/2202
f 2079/2079 2080/2080 2202/2202
f 2080/2080 2083/2083 2202/2202
f 2202/2202 2083/2083 2203/2203
f 2083/2083 2085/2085 2203/2203
f 2203/2203 2085/2085 2204/2204
f 2085/2085 2087/2087 2204/2204
f 2204/2204 2087/2087 2205/2205
f 2087/2087 2089/2089 2205/2205
f 2089/2089 2091/2091 2205/2205
f 2205/2205 2091/2091 2206/2206
f 2206/2206 2091/2091 2207/2207
f 2091/2091 2093/2093 2207/2207
f 2207/2207 2093/2093 2208/2208
f 2208/2208 2093/2093 2209/2209
f 2092/2092 2095/2095 2210/2210
f 2095/2095 2096/2096 2210/2210
f 2096/2096 2097/2097 2210/2210
f 2210/2210 2097/2097 2212/2212
f 2097/2097 2099/2099 2212/2212
f 2212/2212 2099/2099 2213/2213
f 2098/2098 2101/2101 2214/2214
f 2101/2101 2102/2102 2214/2214
f 2214/2214 2102/2102 2216/2216
f 2216/2216 2102/2102 2217/2217
f 2102/2102 2104/2104 2217/2217
f 2218/2218 2103/2103 2219/2219
f 2219/2219 2103/2103 2220/2220
f 2103/2103 2105/2105 2220/2220
f 2220/2220 2105/2105 2221/2221
f 2105/2105 2107/2107 2221/2221
f 2221/2221 2107/2107 2222/2222
f 2107/2107 2110/2110 2222/2222
f 2222/2222 2110/2110 2223/2223
f 2110/2110 2111/2111 2223/2223
f 2223/2223 2111/2111 2224/2224
f 2225/2225 2224/2224 2226/2226
f 2224/2224 2111/2111 2226/2226
f 2111/2111 2113/2113 2226/2226
f 2226/2226 2113/2113 2227/2227
f 2228/2228 2114/2114 2229/2229
f 2114/2114 2115/2115 2229/2229
f 2229/2229 2115/2115 2231/2231
f 2115/2115 2117/2117 2231/2231
f 2231/2231 2117/2117 2232/2232
f 2234/2234 2233/2233 2236/2236
f 2232/2232 2117/2117 2235/2235
f 2236/2236 2116/2116 2238/2238
f 2117/2117 2119/2119 2237/2237
f 2118/2118 2121/2121 2238/2238
f 2238/2238 2121/2121 2239/2239
f 2239/2239 2121/2121 2240/2240
f 2240/2240 2121/2121 2241/2241
f 2121/2121 2122/2122 2241/2241
f 2122/2122 2123/2123 2241/2241
f 2241/2241 2123/2123 2242/2242
f 2123/2123 2124/2124 2242/2242
f 2125/2125 2126/2126 2243/2243
f 2243/2243 2126/2126 2244/2244
f 2126/2126 2127/2127 2244/2244
f 2244/2244 2127/2127 2245/2245
f 2245/2245 2127/2127 2246/2246
f 2127/2127 2128/2128 2246/2246
f 2246/2246 2128/2128 2247/2247
f 2128/2128 2129/2129 2247/2247
f 2247/2247 2129/2129 2248/2248
f 2129/2129 2130/2130 2248/2248
f 2248/2248 2130/2130 2249/2249
f 2130/2130 2131/2131 2249/2249
f 2249/2249 2131/2131 2250/2250
f 2131/2131 2132/2132 2250/2250
f 2250/2250 2132/2132 2251/2251
f 2132/2132 2133/2133 2251/2251
f 2251/2251 2133/2133 2252/2252
f 2133/2133 2134/2134 2252/2252
f 2253/2253 2135/2135 2254/2254
f 2135/2135 2136/2136 2254/2254
f 2254/2254 2136/2136 2255/2255
f 2136/2136 2137/2137 2255/2255
f 2255/2255 2137/2137 2256/2256
f 2137/2137 2138/2138 2256/2256
f 2256/2256 2138/2138 2257/2257
f 2138/2138 2139/2139 2257/2257
f 2257/2257 2139/2139 2258/2258
f 2139/2139 2140/2140 2258/2258
f 2140/2140 2141/2141 2258/2258
f 2258/2258 2141/2141 2259/2259
f 2141/2141 2142/2142 2259/2259
f 2259/2259 2142/2142 2260/2260
f 2143/2143 2144/2144 2261/2261
f 2261/2261 2144/2144 2262/2262
f 2262/2262 2144/2144 2263/2263
f 2263/2263 2144/2144 2264/2264
f 2144/2144 2145/2145 2264/2264
f 2265/2265 2264/2264 2266/2266
f 2264/2264 2145/2145 2266/2266
f 2266/2266 2145/2145 2267/2267
f 2145/2145 2146/2146 2267/2267
f 2146/2146 2147/2147 2267/2267
f 2147/2147 2148/2148 2267/2267
f 2267/2267 2148/2148 2268/2268
f 2149/2149 2150/2150 2269/2269
f 2269/2269 2150/2150 2270/2270
f 2150/2150 2151/2151 2270/2270
f 2151/2151 2152/2152 2270/2270
f 2270/2270 2152/2152 2271/2271
f 2152/2152 2153/2153 2271/2271
f 2153/2153 2154/2154 2271/2271
f 2271/2271 2154/2154 2272/2272
f 2272/2272 2154/2154 2273/2273
f 2154/2154 2155/2155 2273/2273
f 2155/2155 2156/2156 2273/2273
f 2273/2273 2156/2156 2274/2274
f 2156/2156 2158/2158 2274/2274
f 2274/2274 2158/2158 2275/2275
f 2159/2159 2160/2160 2276/2276
f 2276/2276 2160/2160 2278/2278
f 2160/2160 2161/2161 2278/2278
f 2161/2161 2162/2162 2278/2278
f 2278/2278 2162/2162 2280/2280
f 2280/2280 2162/2162 2282/2282
f 2162/2162 2163/2163 2282/2282
f 2163/2163 2164/2164 2282/2282
f 2164/2164 2165/2165 2282/2282
f 2282/2282 2165/2165 2283/2283
f 2165/2165 2166/2166 2283/2283
f 2167/2167 2169/2169 2284/2284
f 2284/2284 2169/2169 2285/2285
f 2286/2286 2168/2168 2287/2287
f 2168/2168 2171/2171 2287/2287
f 2171/2171 2173/2173 2287/2287
f 2287/2287 2173/2173 2288/2288
f 2289/2289 2174/2174 2290/2290
f 2174/2174 2175/2175 2290/2290
f 2290/2290 2175/2175 2291/2291
f 2175/2175 2176/2176 2291/2291
f 2291/2291 2176/2176 2292/2292
f 2176/2176 2177/2177 2292/2292
f 2292/2292 2177/2177 2293/2293
f 2177/2177 2178/2178 2293/2293
f 2178/2178 2179/2179 2293/2293
f 2293/2293 2179/2179 2294/2294
f 2294/2294 2179/2179 2295/2295
f 2295/2295 2179/2179 2296/2296
f 2179/2179 2180/2180 2296/2296
f 2296/2296 2180/2180 2297/2297
f 2180/2180 2181/2181 2297/2297
f 2297/2297 2181/2181 2298/2298
f 2181/2181 2182/2182 2298/2298
f 2298/2298 2182/2182 2299/2299
f 2182/2182 2183/2183 2299/2299
f 2183/2183 2184/2184 2299/2299
f 2299/2299 2184/2184 2300/2300
f 2301/2301 2185/2185 2302/2302
f 2185/2185 2186/2186 2302/2302
f 2302/2302 2186/2186 2303/2303
f 2186/2186 2187/2187 2303/2303
f 2303/2303 2187/2187 2304/2304
f 2187/2187 2188/2188 2304/2304
f 2304/2304 2188/2188 2305/2305
f 2188/2188 2189/2189 2305/2305
f 2305/2305 2189/2189 2306/2306
f 2189/2189 2190/2190 2306/2306
f 2190/2190 2192/2192 2306/2306
f 2307/2307 2193/2193 2308/2308
f 2193/2193 2194/2194 2308/2308
f 2194/2194 2195/2195 2308/2308
f 2308/2308 2195/2195 2309/2309
f 2195/2195 2196/2196 2309/2309
f 2196/2196 2197/2197 2309/2309
f 2309/2309 2197/2197 2310/2310
f 2197/2197 2198/2198 2310/2310
f 2310/2310 2198/2198 2311/2311
f 2198/2198 2199/2199 2311/2311
f 2311/2311 2199/2199 2312/2312
f 2199/2199 2200/2200 2312/2312
f 2312/2312 2200/2200 2313/2313
f 2200/2200 2201/2201 2313/2313
f 2314/2314 2313/2313 2315/2315
f 2313/2313 2201/2201 2315/2315
f 2201/2201 2202/2202 2315/2315
f 2202/2202 2203/2203 2315/2315
f 2315/2315 2203/2203 2316/2316
f 2203/2203 2204/2204 2316/2316
f 2204/2204 2205/2205 2316/2316
f 2316/2316 2205/2205 2317/2317
f 2317/2317 2205/2205 2318/2318
f 2205/2205 2206/2206 2318/2318
f 2206/2206 2207/2207 2318/2318
f 2318/2318 2207/2207 2319/2319
f 2319/2319 2207/2207 2320/2320
f 2207/2207 2208/2208 2320/2320
f 2321/2321 2320/2320 2322/2322
f 2320/2320 2208/2208 2322/2322
f 2208/2208 2209/2209 2322/2322
f 2210/2210 2212/2212 2324/2324
f 2324/2324 2212/2212 2325/2325
f 2328/2328 2211/2211 2330/2330
f 2211/2211 2214/2214 2330/2330
f 2214/2214 2216/2216 2330/2330
f 2330/2330 2216/2216 2331/2331
f 2332/2332 2215/2215 2333/2333
f 2215/2215 2218/2218 2333/2333
f 2218/2218 2219/2219 2333/2333
f 2333/2333 2219/2219 2334/2334
f 2219/2219 2220/2220 2334/2334
f 2334/2334 2220/2220 2335/2335
f 2220/2220 2221/2221 2335/2335
f 2335/2335 2221/2221 2336/2336
f 2221/2221 2222/2222 2336/2336
f 2336/2336 2222/2222 2337/2337
f 2337/2337 2222/2222 2338/2338
f 2222/2222 2223/2223 2338/2338
f 2223/2223 2224/2224 2338/2338
f 2338/2338 2224/2224 2339/2339
f 2224/2224 2225/2225 2339/2339
f 2339/2339 2225/2225 2340/2340
f 2225/2225 2226/2226 2340/2340
f 2340/2340 2226/2226 2341/2341
f 2341/2341 2226/2226 2342/2342
f 2226/2226 2227/2227 2342/2342
f 2228/2228 2229/2229 2343/2343
f 2343/2343 2229/2229 2344/2344
f 2229/2229 2231/2231 2344/2344
f 2344/2344 2231/2231 2346/2346
f 2346/2346 2231/2231 2347/2347
f 2230/2230 2233/2233 2348/2348
f 2233/2233 2234/2234 2348/2348
f 2348/2348 2234/2234 2349/2349
f 2234/2234 2236/2236 2349/2349
f 2236/2236 2238/2238 2349/2349
f 2349/2349 2238/2238 2350/2350
f 2238/2238 2239/2239 2350/2350
f 2239/2239 2240/2240 2350/2350
f 2350/2350 2240/2240 2352/2352
f 2352/2352 2240/2240 2353/2353
f 2240/2240 2241/2241 2353/2353
f 2241/2241 2242/2242 2353/2353
f 2354/2354 2243/2243 2355/2355
f 2243/2243 2244/2244 2355/2355
f 2355/2355 2244/2244 2356/2356
f 2244/2244 2245/2245 2356/2356
f 2356/2356 2245/2245 2357/2357
f 2245/2245 2246/2246 2357/2357
f 2357/2357 2246/2246 2358/2358
f 2246/2246 2247/2247 2358/2358
f 2247/2247 2248/2248 2358/2358
f 2358/2358 2248/2248 2359/2359
f 2248/2248 2249/2249 2359/2359
f 2359/2359 2249/2249 2360/2360
f 2249/2249 2250/2250 2360/2360
f 2360/2360 2250/2250 2361/2361
f 2250/2250 2251/2251 2361/2361
f 2361/2361 2251/2251 2362/2362
f 2251/2251 2252/2252 2362/2362
f 2362/2362 2252/2252 2363/2363
f 2253/2253 2254/2254 2364/2364
f 2364/2364 2254/2254 2365/2365
f 2254/2254 2255/2255 2365/2365
f 2365/2365 2255/2255 2366/2366
f 2255/2255 2256/2256 2366/2366
f 2366/2366 2256/2256 2367/2367
f 2256/2256 2257/2257 2367/2367
f 2367/2367 2257/2257 2368/2368
f 2368/2368 2257/2257 2369/2369
f 2257/2257 2258/2258 2369/2369
f 2369/2369 2258/2258 2370/2370
f 2258/2258 2259/2259 2370/2370
f 2259/2259 2260/2260 2370/2370
f 2370/2370 2260/2260 2371/2371
f 2261/2261 2262/2262 2372/2372
f 2372/2372 2262/2262 2373/2373
f 2373/2373 2262/2262 2374/2374
f 2262/2262 2263/2263 2374/2374
f 2376/2376 2374/2374 2377/2377
f 2374/2374 2263/2263 2377/2377
f 2377/2377 2263/2263 2378/2378
f 2263/2263 2264/2264 2378/2378
f 2264/2264 2265/2265 2378/2378
f 2378/2378 2265/2265 2379/2379
f 2379/2379 2265/2265 2380/2380
f 2265/2265 2266/2266 2380/2380
f 2266/2266 2267/2267 2380/2380
f 2267/2267 2268/2268 2380/2380
f 2380/2380 2268/2268 2381/2381
f 2269/2269 2270/2270 2382/2382
f 2382/2382 2270/2270 2384/2384
f 2384/2384 2270/2270 2385/2385
f 2270/2270 2271/2271 2385/2385
f 2385/2385 2271/2271 2386/2386
f 2271/2271 2272/2272 2386/2386
f 2386/2386 2272/2272 2387/2387
f 2387/2387 2272/2272 2388/2388
f 2272/2272 2273/2273 2388/2388
f 2273/2273 2274/2274 2388/2388
f 2274/2274 2275/2275 2388/2388
f 2388/2388 2275/2275 2390/2390
f 2275/2275 2277/2277 2390/2390
f 2278/2278 2280/2280 2389/2389
f 2390/2390 2279/2279 2392/2392
f 2280/2280 2282/2282 2391/2391
f 2392/2392 2281/2281 2393/2393
f 2281/2281 2284/2284 2393/2393
f 2284/2284 2285/2285 2393/2393
f 2393/2393 2285/2285 2394/2394
f 2395/2395 2286/2286 2396/2396
f 2286/2286 2287/2287 2396/2396
f 2287/2287 2288/2288 2396/2396
f 2396/2396 2288/2288 2398/2398
f 2398/2398 2288/2288 2399/2399
f 2400/2400 2289/2289 2401/2401
f 2289/2289 2290/2290 2401/2401
f 2401/2401 2290/2290 2402/2402
f 2290/2290 2291/2291 2402/2402
f 2291/2291 2292/2292 2402/2402
f 2402/2402 2292/2292 2403/2403
f 2403/2403 2292/2292 2404/2404
f 2292/2292 2293/2293 2404/2404
f 2293/2293 2294/2294 2404/2404
f 2404/2404 2294/2294 2405/2405
f 2294/2294 2295/2295 2405/2405
f 2405/2405 2295/2295 2406/2406
f 2406/2406 2295/2295 2407/2407
f 2295/2295 2296/2296 2407/2407
f 2296/2296 2297/2297 2407/2407
f 2407/2407 2297/2297 2408/2408
f 2408/2408 2297/2297 2409/2409
f 2297/2297 2298/2298 2409/2409
f 2409/2409 2298/2298 2410/2410
f 2298/2298 2299/2299 2410/2410
f 2299/2299 2300/2300 2410/2410
f 2411/2411 2301/2301 2412/2412
f 2412/2412 2301/2301 2413/2413
f 2301/2301 2302/2302 2413/2413
f 2413/2413 2302/2302 2414/2414
f 2302/2302 2303/2303 2414/2414
f 2414/2414 2303/2303 2415/2415
f 2303/2303 2304/2304 2415/2415
f 2415/2415 2304/2304 2416/2416
f 2304/2304 2305/2305 2416/2416
f 2416/2416 2305/2305 2418/2418
f 2305/2305 2306/2306 2418/2418
f 2418/2418 2306/2306 2419/2419
f 2307/2307 2308/2308 2420/2420
f 2308/2308 2309/2309 2420/2420
f 2420/2420 2309/2309 2421/2421
f 2309/2309 2310/2310 2421/2421
f 2421/2421 2310/2310 2422/2422
f 2310/2310 2311/2311 2422/2422
f 2422/2422 2311/2311 2423/2423
f 2311/2311 2312/2312 2423/2423
f 2423/2423 2312/2312 2424/2424
f 2312/2312 2313/2313 2424/2424
f 2313/2313 2314/2314 2424/2424
f 2424/2424 2314/2314 2425/2425
f 2314/2314 2315/2315 2425/2425
f 2315/2315 2316/2316 2425/2425
f 2316/2316 2317/2317 2425/2425
f 2425/2425 2317/2317 2426/2426
f 2426/2426 2317/2317 2427/2427
f 2317/2317 2318/2318 2427/2427
f 2318/2318 2319/2319 2427/2427
f 2427/2427 2319/2319 2428/2428
f 2428/2428 2319/2319 2429/2429
f 2319/2319 2320/2320 2429/2429
f 2320/2320 2321/2321 2429/2429
f 2429/2429 2321/2321 2431/2431
f 2431/2431 2321/2321 2433/2433
f 2321/2321 2322/2322 2433/2433
f 2323/2323 2326/2326 2432/2432
f 2434/2434 2327/2327 2435/2435
f 2327/2327 2329/2329 2435/2435
f 2329/2329 2332/2332 2435/2435
f 2332/2332 2333/2333 2435/2435
f 2435/2435 2333/2333 2436/2436
f 2333/2333 2334/2334 2436/2436
f 2436/2436 2334/2334 2438/2438
f 2334/2334 2335/2335 2438/2438
f 2438/2438 2335/2335 2440/2440
f 2440/2440 2335/2335 2442/2442
f 2335/2335 2336/2336 2442/2442
f 2336/2336 2337/2337 2442/2442
f 2442/2442 2337/2337 2444/2444
f 2337/2337 2338/2338 2444/2444
f 2444/2444 2338/2338 2446/2446
f 2446/2446 2338/2338 2448/2448
f 2338/2338 2339/2339 2448/2448
f 2339/2339 2340/2340 2448/2448
f 2448/2448 2340/2340 2449/2449
f 2340/2340 2341/2341 2449/2449
f 2449/2449 2341/2341 2450/2450
f 2450/2450 2341/2341 2451/2451
f 2341/2341 2342/2342 2451/2451
f 2452/2452 2343/2343 2453/2453
f 2343/2343 2344/2344 2453/2453
f 2344/2344 2346/2346 2453/2453
f 2453/2453 2346/2346 2454/2454
f 2455/2455 2345/2345 2457/2457
f 2345/2345 2348/2348 2457/2457
f 2348/2348 2349/2349 2457/2457
f 2457/2457 2349/2349 2458/2458
f 2349/2349 2350/2350 2458/2458
f 2350/2350 2352/2352 2458/2458
f 2460/2460 2459/2459 2461/2461
f 2459/2459 2351/2351 2461/2461
f 2351/2351 2354/2354 2461/2461
f 2354/2354 2355/2355 2461/2461
f 2461/2461 2355/2355 2462/2462
f 2355/2355 2356/2356 2462/2462
f 2462/2462 2356/2356 2463/2463
f 2356/2356 2357/2357 2463/2463
f 2463/2463 2357/2357 2464/2464
f 2357/2357 2358/2358 2464/2464
f 2464/2464 2358/2358 2465/2465
f 2358/2358 2359/2359 2465/2465
f 2465/2465 2359/2359 2466/2466
f 2359/2359 2360/2360 2466/2466
f 2466/2466 2360/2360 2467/2467
f 2360/2360 2361/2361 2467/2467
f 2467/2467 2361/2361 2468/2468
f 2361/2361 2362/2362 2468/2468
f 2468/2468 2362/2362 2469/2469
f 2362/2362 2363/2363 2469/2469
f 2470/2470 2364/2364 2471/2471
f 2364/2364 2365/2365 2471/2471
f 2471/2471 2365/2365 2472/2472
f 2365/2365 2366/2366 2472/2472
f 2472/2472 2366/2366 2473/2473
f 2366/2366 2367/2367 2473/2473
f 2473/2473 2367/2367 2474/2474
f 2367/2367 2368/2368 2474/2474
f 2474/2474 2368/2368 2475/2475
f 2368/2368 2369/2369 2475/2475
f 2475/2475 2369/2369 2476/2476
f 2369/2369 2370/2370 2476/2476
f 2370/2370 2371/2371 2476/2476
f 2476/2476 2371/2371 2477/2477
f 2372/2372 2373/2373 2478/2478
f 2478/2478 2373/2373 2479/2479
f 2373/2373 2374/2374 2479/2479
f 2479/2479 2374/2374 2480/2480
f 2374/2374 2376/2376 2480/2480
f 2480/2480 2376/2376 2481/2481
f 2482/2482 2375/2375 2483/2483
f 2376/2376 2377/2377 2484/2484
f 2484/2484 2377/2377 2485/2485
f 2377/2377 2378/2378 2485/2485
f 2485/2485 2378/2378 2486/2486
f 2378/2378 2379/2379 2486/2486
f 2486/2486 2379/2379 2487/2487
f 2379/2379 2380/2380 2487/2487
f 2380/2380 2381/2381 2487/2487
f 2381/2381 2383/2383 2487/2487
f 2489/2489 2487/2487 2491/2491
f 2487/2487 2383/2383 2491/2491
f 2491/2491 2383/2383 2492/2492
f 2384/2384 2385/2385 2494/2494
f 2385/2385 2386/2386 2494/2494
f 2386/2386 2387/2387 2494/2494
f 2494/2494 2387/2387 2496/2496
f 2387/2387 2388/2388 2496/2496
f 2388/2388 2390/2390 2496/2496
f 2390/2390 2392/2392 2496/2496
f 2496/2496 2392/2392 2498/2498
f 2392/2392 2393/2393 2498/2498
f 2393/2393 2394/2394 2498/2498
f 2498/2498 2394/2394 2499/2499
f 2395/2395 2396/2396 2500/2500
f 2396/2396 2398/2398 2500/2500
f 2500/2500 2398/2398 2501/2501
f 2501/2501 2398/2398 2502/2502
f 2397/2397 2400/2400 2503/2503
f 2503/2503 2400/2400 2504/2504
f 2400/2400 2401/2401 2504/2504
f 2401/2401 2402/2402 2504/2504
f 2402/2402 2403/2403 2504/2504
f 2504/2504 2403/2403 2505/2505
f 2505/2505 2403/2403 2506/2506
f 2403/2403 2404/2404 2506/2506
f 2506/2506 2404/2404 2507/2507
f 2404/2404 2405/2405 2507/2507
f 2405/2405 2406/2406 2507/2507
f 2507/2507 2406/2406 2508/2508
f 2406/2406 2407/2407 2508/2508
f 2508/2508 2407/2407 2509/2509
f 2407/2407 2408/2408 2509/2509
f 2509/2509 2408/2408 2510/2510
f 2510/2510 2408/2408 2511/2511
f 2408/2408 2409/2409 2511/2511
f 2409/2409 2410/2410 2511/2511
f 2511/2511 2410/2410 2512/2512
f 2513/2513 2411/2411 2514/2514
f 2411/2411 2412/2412 2514/2514
f 2514/2514 2412/2412 2515/2515
f 2412/2412 2413/2413 2515/2515
f 2413/2413 2414/2414 2515/2515
f 2515/2515 2414/2414 2516/2516
f 2414/2414 2415/2415 2516/2516
f 2516/2516 2415/2415 2517/2517
f 2517/2517 2415/2415 2518/2518
f 2415/2415 2416/2416 2518/2518
f 2518/2518 2416/2416 2520/2520
f 2416/2416 2418/2418 2520/2520
f 2520/2520 2418/2418 2521/2521
f 2417/2417 2420/2420 2522/2522
f 2420/2420 2421/2421 2522/2522
f 2522/2522 2421/2421 2523/2523
f 2421/2421 2422/2422 2523/2523
f 2523/2523 2422/2422 2524/2524
f 2422/2422 2423/2423 2524/2524
f 2524/2524 2423/2423 2525/2525
f 2423/2423 2424/2424 2525/2525
f 2525/2525 2424/2424 2526/2526
f 2424/2424 2425/2425 2526/2526
f 2526/2526 2425/2425 2527/2527
f 2425/2425 2426/2426 2527/2527
f 2426/2426 2427/2427 2527/2527
f 2527/2527 2427/2427 2528/2528
f 2427/2427 2428/2428 2528/2528
f 2528/2528 2428/2428 2529/2529
f 2530/2530 2529/2529 2531/2531
f 2529/2529 2428/2428 2531/2531
f 2428/2428 2429/2429 2531/2531
f 2429/2429 2431/2431 2531/2531
f 2531/2531 2431/2431 2533/2533
f 2533/2533 2431/2431 2534/2534
f 2430/2430 2434/2434 2536/2536
f 2536/2536 2434/2434 2538/2538
f 2434/2434 2435/2435 2538/2538
f 2538/2538 2435/2435 2539/2539
f 2435/2435 2436/2436 2539/2539
f 2436/2436 2438/2438 2539/2539
f 2540/2540 2437/2437 2541/2541
f 2437/2437 2439/2439 2541/2541
f 2541/2541 2439/2439 2542/2542
f 2439/2439 2441/2441 2542/2542
f 2542/2542 2441/2441 2543/2543
f 2543/2543 2441/2441 2544/2544
f 2441/2441 2443/2443 2544/2544
f 2443/2443 2445/2445 2544/2544
f 2544/2544 2445/2445 2546/2546
f 2446/2446 2448/2448 2545/2545
f 2546/2546 2447/2447 2547/2547
f 2448/2448 2449/2449 2548/2548
f 2548/2548 2449/2449 2550/2550
f 2550/2550 2449/2449 2552/2552
f 2449/2449 2450/2450 2552/2552
f 2450/2450 2451/2451 2552/2552
f 2552/2552 2451/2451 2553/2553
f 2554/2554 2452/2452 2555/2555
f 2452/2452 2453/2453 2555/2555
f 2453/2453 2454/2454 2555/2555
f 2557/2557 2455/2455 2558/2558
f 2455/2455 2457/2457 2558/2558
f 2559/2559 2456/2456 2560/2560
f 2456/2456 2459/2459 2560/2560
f 2459/2459 2460/2460 2560/2560
f 2560/2560 2460/2460 2561/2561
f 2561/2561 2460/2460 2562/2562
f 2460/2460 2461/2461 2562/2562
f 2461/2461 2462/2462 2562/2562
f 2562/2562 2462/2462 2563/2563
f 2462/2462 2463/2463 2563/2563
f 2563/2563 2463/2463 2564/2564
f 2463/2463 2464/2464 2564/2564
f 2564/2564 2464/2464 2565/2565
f 2464/2464 2465/2465 2565/2565
f 2565/2565 2465/2465 2566/2566
f 2465/2465 2466/2466 2566/2566
f 2566/2566 2466/2466 2567/2567
f 2466/2466 2467/2467 2567/2567
f 2567/2567 2467/2467 2568/2568
f 2467/2467 2468/2468 2568/2568
f 2568/2568 2468/2468 2569/2569
f 2468/2468 2469/2469 2569/2569
f 2570/2570 2470/2470 2571/2571
f 2470/2470 2471/2471 2571/2571
f 2571/2571 2471/2471 2572/2572
f 2471/2471 2472/2472 2572/2572
f 2572/2572 2472/2472 2573/2573
f 2472/2472 2473/2473 2573/2573
f 2573/2573 2473/2473 2574/2574
f 2473/2473 2474/2474 2574/2574
f 2574/2574 2474/2474 2575/2575
f 2474/2474 2475/2475 2575/2575
f 2575/2575 2475/2475 2576/2576
f 2475/2475 2476/2476 2576/2576
f 2476/2476 2477/2477 2576/2576
f 2576/2576 2477/2477 2577/2577
f 2478/2478 2479/2479 2578/2578
f 2578/2578 2479/2479 2580/2580
f 2479/2479 2480/2480 2580/2580
f 2580/2580 2480/2480 2581/2581
f 2480/2480 2481/2481 2581/2581
f 2582/2582 2482/2482 2583/2583
f 2482/2482 2483/2483 2583/2583
f 2584/2584 2583/2583 2585/2585
f 2583/2583 2483/2483 2585/2585
f 2585/2585 2483/2483 2587/2587
f 2484/2484 2485/2485 2586/2586
f 2485/2485 2486/2486 2586/2586
f 2486/2486 2487/2487 2586/2586
f 2487/2487 2489/2489 2586/2586
f 2587/2587 2488/2488 2588/2588
f 2488/2488 2490/2490 2588/2588
f 2588/2588 2490/2490 2589/2589
f 2490/2490 2493/2493 2589/2589
f 2589/2589 2493/2493 2591/2591
f 2493/2493 2495/2495 2591/2591
f 2496/2496 2498/2498 2590/2590
f 2497/2497 2500/2500 2591/2591
f 2500/2500 2501/2501 2591/2591
f 2591/2591 2501/2501 2592/2592
f 2592/2592 2501/2501 2594/2594
f 2594/2594 2501/2501 2595/2595
f 2501/2501 2502/2502 2595/2595
f 2596/2596 2503/2503 2597/2597
f 2503/2503 2504/2504 2597/2597
f 2504/2504 2505/2505 2597/2597
f 2597/2597 2505/2505 2598/2598
f 2598/2598 2505/2505 2599/2599
f 2505/2505 2506/2506 2599/2599
f 2599/2599 2506/2506 2600/2600
f 2506/2506 2507/2507 2600/2600
f 2507/2507 2508/2508 2600/2600
f 2508/2508 2509/2509 2600/2600
f 2600/2600 2509/2509 2601/2601
f 2509/2509 2510/2510 2601/2601
f 2601/2601 2510/2510 2602/2602
f 2510/2510 2511/2511 2602/2602
f 2602/2602 2511/2511 2603/2603
f 2603/2603 2511/2511 2604/2604
f 2511/2511 2512/2512 2604/2604
f 2605/2605 2513/2513 2606/2606
f 2513/2513 2514/2514 2606/2606
f 2606/2606 2514/2514 2607/2607
f 2514/2514 2515/2515 2607/2607
f 2515/2515 2516/2516 2607/2607
f 2607/2607 2516/2516 2608/2608
f 2516/2516 2517/2517 2608/2608
f 2608/2608 2517/2517 2609/2609
f 2609/2609 2517/2517 2610/2610
f 2517/2517 2518/2518 2610/2610
f 2518/2518 2520/2520 2610/2610
f 2610/2610 2520/2520 2611/2611
f 2611/2611 2520/2520 2612/2612
f 2519/2519 2522/2522 2613/2613
f 2522/2522 2523/2523 2613/2613
f 2614/2614 2613/2613 2615/2615
f 2613/2613 2523/2523 2615/2615
f 2523/2523 2524/2524 2615/2615
f 2615/2615 2524/2524 2616/2616
f 2524/2524 2525/2525 2616/2616
f 2616/2616 2525/2525 2617/2617
f 2525/2525 2526/2526 2617/2617
f 2526/2526 2527/2527 2617/2617
f 2617/2617 2527/2527 2618/2618
f 2527/2527 2528/2528 2618/2618
f 2618/2618 2528/2528 2619/2619
f 2528/2528 2529/2529 2619/2619
f 2619/2619 2529/2529 2620/2620
f 2529/2529 2530/2530 2620/2620
f 2620/2620 2530/2530 2621/2621
f 2621/2621 2530/2530 2622/2622
f 2530/2530 2531/2531 2622/2622
f 2531/2531 2533/2533 2622/2622
f 2623/2623 2532/2532 2624/2624
f 2624/2624 2532/2532 2625/2625
f 2532/2532 2535/2535 2625/2625
f 2625/2625 2535/2535 2626/2626
f 2535/2535 2537/2537 2626/2626
f 2537/2537 2540/2540 2626/2626
f 2626/2626 2540/2540 2627/2627
f 2540/2540 2541/2541 2627/2627
f 2627/2627 2541/2541 2628/2628
f 2541/2541 2542/2542 2628/2628
f 2628/2628 2542/2542 2629/2629
f 2542/2542 2543/2543 2629/2629
f 2629/2629 2543/2543 2630/2630
f 2543/2543 2544/2544 2630/2630
f 2630/2630 2544/2544 2631/2631
f 2544/2544 2546/2546 2631/2631
f 2631/2631 2546/2546 2632/2632
f 2546/2546 2547/2547 2632/2632
f 2632/2632 2547/2547 2633/2633
f 2633/2633 2547/2547 2635/2635
f 2547/2547 2549/2549 2635/2635
f 2550/2550 2552/2552 2634/2634
f 2635/2635 2551/2551 2636/2636
f 2637/2637 2552/2552 2638/2638
f 2552/2552 2553/2553 2638/2638
f 2554/2554 2555/2555 2641/2641
f 2641/2641 2555/2555 2642/2642
f 2643/2643 2556/2556 2644/2644
f 2556/2556 2559/2559 2644/2644
f 2559/2559 2560/2560 2644/2644
f 2560/2560 2561/2561 2644/2644
f 2644/2644 2561/2561 2645/2645
f 2645/2645 2561/2561 2646/2646
f 2561/2561 2562/2562 2646/2646
f 2562/2562 2563/2563 2646/2646
f 2646/2646 2563/2563 2647/2647
f 2563/2563 2564/2564 2647/2647
f 2564/2564 2565/2565 2647/2647
f 2647/2647 2565/2565 2648/2648
f 2648/2648 2565/2565 2649/2649
f 2565/2565 2566/2566 2649/2649
f 2649/2649 2566/2566 2650/2650
f 2566/2566 2567/2567 2650/2650
f 2650/2650 2567/2567 2651/2651
f 2567/2567 2568/2568 2651/2651
f 2651/2651 2568/2568 2652/2652
f 2568/2568 2569/2569 2652/2652
f 2653/2653 2570/2570 2654/2654
f 2570/2570 2571/2571 2654/2654
f 2654/2654 2571/2571 2655/2655
f 2571/2571 2572/2572 2655/2655
f 2655/2655 2572/2572 2656/2656
f 2572/2572 2573/2573 2656/2656
f 2656/2656 2573/2573 2657/2657
f 2573/2573 2574/2574 2657/2657
f 2657/2657 2574/2574 2658/2658
f 2574/2574 2575/2575 2658/2658
f 2658/2658 2575/2575 2659/2659
f 2575/2575 2576/2576 2659/2659
f 2576/2576 2577/2577 2659/2659
f 2660/2660 2578/2578 2661/2661
f 2578/2578 2580/2580 2661/2661
f 2663/2663 2579/2579 2664/2664
f 2579/2579 2582/2582 2664/2664
f 2664/2664 2582/2582 2665/2665
f 2582/2582 2583/2583 2665/2665
f 2665/2665 2583/2583 2666/2666
f 2583/2583 2584/2584 2666/2666
f 2666/2666 2584/2584 2667/2667
f 2667/2667 2584/2584 2668/2668
f 2584/2584 2585/2585 2668/2668
f 2585/2585 2587/2587 2668/2668
f 2587/2587 2588/2588 2668/2668
f 2668/2668 2588/2588 2669/2669
f 2588/2588 2589/2589 2669/2669
f 2669/2669 2589/2589 2670/2670
f 2589/2589 2591/2591 2670/2670
f 2670/2670 2591/2591 2671/2671
f 2591/2591 2592/2592 2671/2671
f 2671/2671 2592/2592 2672/2672
f 2592/2592 2594/2594 2672/2672
f 2672/2672 2594/2594 2673/2673
f 2674/2674 2593/2593 2675/2675
f 2593/2593 2596/2596 2675/2675
f 2675/2675 2596/2596 2676/2676
f 2596/2596 2597/2597 2676/2676
f 2597/2597 2598/2598 2676/2676
f 2676/2676 2598/2598 2677/2677
f 2677/2677 2598/2598 2678/2678
f 2598/2598 2599/2599 2678/2678
f 2678/2678 2599/2599 2679/2679
f 2599/2599 2600/2600 2679/2679
f 2600/2600 2601/2601 2679/2679
f 2679/2679 2601/2601 2680/2680
f 2601/2601 2602/2602 2680/2680
f 2680/2680 2602/2602 2681/2681
f 2681/2681 2602/2602 2682/2682
f 2602/2602 2603/2603 2682/2682
f 2603/2603 2604/2604 2682/2682
f 2683/2683 2605/2605 2684/2684
f 2684/2684 2605/2605 2685/2685
f 2605/2605 2606/2606 2685/2685
f 2685/2685 2606/2606 2686/2686
f 2606/2606 2607/2607 2686/2686
f 2607/2607 2608/2608 2686/2686
f 2686/2686 2608/2608 2687/2687
f 2608/2608 2609/2609 2687/2687
f 2687/2687 2609/2609 2688/2688
f 2688/2688 2609/2609 2689/2689
f 2609/2609 2610/2610 2689/2689
f 2689/2689 2610/2610 2690/2690
f 2610/2610 2611/2611 2690/2690
f 2611/2611 2612/2612 2690/2690
f 2613/2613 2614/2614 2691/2691
f 2691/2691 2614/2614 2693/2693
f 2614/2614 2615/2615 2693/2693
f 2693/2693 2615/2615 2694/2694
f 2615/2615 2616/2616 2694/2694
f 2694/2694 2616/2616 2695/2695
f 2616/2616 2617/2617 2695/2695
f 2617/2617 2618/2618 2695/2695
f 2695/2695 2618/2618 2696/2696
f 2618/2618 2619/2619 2696/2696
f 2696/2696 2619/2619 2697/2697
f 2619/2619 2620/2620 2697/2697
f 2697/2697 2620/2620 2698/2698
f 2620/2620 2621/2621 2698/2698
f 2698/2698 2621/2621 2699/2699
f 2699/2699 2621/2621 2700/2700
f 2621/2621 2622/2622 2700/2700
f 2623/2623 2624/2624 2701/2701
f 2701/2701 2624/2624 2702/2702
f 2702/2702 2624/2624 2703/2703
f 2703/2703 2624/2624 2704/2704
f 2624/2624 2625/2625 2704/2704
f 2625/2625 2626/2626 2704/2704
f 2626/2626 2627/2627 2704/2704
f 2704/2704 2627/2627 2705/2705
f 2627/2627 2628/2628 2705/2705
f 2705/2705 2628/2628 2706/2706
f 2628/2628 2629/2629 2706/2706
f 2706/2706 2629/2629 2707/2707
f 2629/2629 2630/2630 2707/2707
f 2707/2707 2630/2630 2708/2708
f 2630/2630 2631/2631 2708/2708
f 2708/2708 2631/2631 2709/2709
f 2631/2631 2632/2632 2709/2709
f 2709/2709 2632/2632 2710/2710
f 2632/2632 2633/2633 2710/2710
f 2710/2710 2633/2633 2711/2711
f 2633/2633 2635/2635 2711/2711
f 2711/2711 2635/2635 2712/2712
f 2635/2635 2636/2636 2712/2712
f 2712/2712 2636/2636 2713/2713
f 2636/2636 2639/2639 2713/2713
f 2713/2713 2639/2639 2714/2714
f 2640/2640 2643/2643 2715/2715
f 2715/2715 2643/2643 2716/2716
f 2643/2643 2644/2644 2716/2716
f 2644/2644 2645/2645 2716/2716
f 2716/2716 2645/2645 2717/2717
f 2717/2717 2645/2645 2718/2718
f 2645/2645 2646/2646 2718/2718
f 2646/2646 2647/2647 2718/2718
f 2718/2718 2647/2647 2719/2719
f 2647/2647 2648/2648 2719/2719
f 2719/2719 2648/2648 2720/2720
f 2648/2648 2649/2649 2720/2720
f 2720/2720 2649/2649 2721/2721
f 2649/2649 2650/2650 2721/2721
f 2721/2721 2650/2650 2722/2722
f 2650/2650 2651/2651 2722/2722
f 2722/2722 2651/2651 2723/2723
f 2651/2651 2652/2652 2723/2723
f 2725/2725 2653/2653 2727/2727
f 2653/2653 2654/2654 2727/2727
f 2727/2727 2654/2654 2729/2729
f 2654/2654 2655/2655 2729/2729
f 2655/2655 2656/2656 2729/2729
f 2729/2729 2656/2656 2731/2731
f 2731/2731 2656/2656 2733/2733
f 2656/2656 2657/2657 2733/2733
f 2733/2733 2657/2657 2735/2735
f 2657/2657 2658/2658 2735/2735
f 2735/2735 2658/2658 2736/2736
f 2658/2658 2659/2659 2736/2736
f 2659/2659 2662/2662 2736/2736
f 2738/2738 2663/2663 2739/2739
f 2663/2663 2664/2664 2739/2739
f 2739/2739 2664/2664 2740/2740
f 2664/2664 2665/2665 2740/2740
f 2740/2740 2665/2665 2741/2741
f 2665/2665 2666/2666 2741/2741
f 2742/2742 2741/2741 2743/2743
f 2741/2741 2666/2666 2743/2743
f 2666/2666 2667/2667 2743/2743
f 2744/2744 2743/2743 2745/2745
f 2743/2743 2667/2667 2745/2745
f 2667/2667 2668/2668 2745/2745
f 2745/2745 2668/2668 2746/2746
f 2668/2668 2669/2669 2746/2746
f 2746/2746 2669/2669 2747/2747
f 2669/2669 2670/2670 2747/2747
f 2747/2747 2670/2670 2748/2748
f 2748/2748 2670/2670 2749/2749
f 2670/2670 2671/2671 2749/2749
f 2671/2671 2672/2672 2749/2749
f 2749/2749 2672/2672 2750/2750
f 2672/2672 2673/2673 2750/2750
f 2751/2751 2750/2750 2752/2752
f 2750/2750 2673/2673 2752/2752
f 2753/2753 2674/2674 2754/2754
f 2754/2754 2674/2674 2755/2755
f 2674/2674 2675/2675 2755/2755
f 2675/2675 2676/2676 2755/2755
f 2676/2676 2677/2677 2755/2755
f 2755/2755 2677/2677 2756/2756
f 2677/2677 2678/2678 2756/2756
f 2756/2756 2678/2678 2757/2757
f 2678/2678 2679/2679 2757/2757
f 2679/2679 2680/2680 2757/2757
f 2757/2757 2680/2680 2758/2758
f 2758/2758 2680/2680 2759/2759
f 2680/2680 2681/2681 2759/2759
f 2759/2759 2681/2681 2761/2761
f 2681/2681 2682/2682 2761/2761
f 2761/2761 2682/2682 2762/2762
f 2683/2683 2684/2684 2763/2763
f 2763/2763 2684/2684 2764/2764
f 2684/2684 2685/2685 2764/2764
f 2764/2764 2685/2685 2765/2765
f 2685/2685 2686/2686 2765/2765
f 2686/2686 2687/2687 2765/2765
f 2765/2765 2687/2687 2766/2766
f 2766/2766 2687/2687 2767/2767
f 2687/2687 2688/2688 2767/2767
f 2767/2767 2688/2688 2768/2768
f 2688/2688 2689/2689 2768/2768
f 2689/2689 2690/2690 2768/2768
f 2768/2768 2690/2690 2769/2769
f 2690/2690 2692/2692 2769/2769
f 2770/2770 2693/2693 2772/2772
f 2772/2772 2693/2693 2773/2773
f 2693/2693 2694/2694 2773/2773
f 2694/2694 2695/2695 2773/2773
f 2695/2695 2696/2696 2773/2773
f 2773/2773 2696/2696 2774/2774
f 2696/2696 2697/2697 2774/2774
f 2774/2774 2697/2697 2775/2775
f 2697/2697 2698/2698 2775/2775
f 2775/2775 2698/2698 2776/2776
f 2698/2698 2699/2699 2776/2776
f 2776/2776 2699/2699 2777/2777
f 2777/2777 2699/2699 2778/2778
f 2699/2699 2700/2700 2778/2778
f 2701/2701 2702/2702 2779/2779
f 2779/2779 2702/2702 2780/2780
f 2780/2780 2702/2702 2781/2781
f 2702/2702 2703/2703 2781/2781
f 2781/2781 2703/2703 2782/2782
f 2703/2703 2704/2704 2782/2782
f 2704/2704 2705/2705 2782/2782
f 2782/2782 2705/2705 2783/2783
f 2705/2705 2706/2706 2783/2783
f 2706/2706 2707/2707 2783/2783
f 2783/2783 2707/2707 2784/2784
f 2707/2707 2708/2708 2784/2784
f 2784/2784 2708/2708 2785/2785
f 2785/2785 2708/2708 2786/2786
f 2708/2708 2709/2709 2786/2786
f 2709/2709 2710/2710 2786/2786
f 2786/2786 2710/2710 2787/2787
f 2710/2710 2711/2711 2787/2787
f 2787/2787 2711/2711 2788/2788
f 2711/2711 2712/2712 2788/2788
f 2788/2788 2712/2712 2789/2789
f 2712/2712 2713/2713 2789/2789
f 2789/2789 2713/2713 2790/2790
f 2713/2713 2714/2714 2790/2790
f 2790/2790 2714/2714 2791/2791
f 2715/2715 2716/2716 2792/2792
f 2716/2716 2717/2717 2792/2792
f 2792/2792 2717/2717 2794/2794
f 2794/2794 2717/2717 2795/2795
f 2717/2717 2718/2718 2795/2795
f 2718/2718 2719/2719 2795/2795
f 2795/2795 2719/2719 2796/2796
f 2719/2719 2720/2720 2796/2796
f 2796/2796 2720/2720 2797/2797
f 2720/2720 2721/2721 2797/2797
f 2797/2797 2721/2721 2798/2798
f 2721/2721 2722/2722 2798/2798
f 2798/2798 2722/2722 2799/2799
f 2722/2722 2723/2723 2799/2799
f 2800/2800 2724/2724 2802/2802
f 2725/2725 2727/2727 2801/2801
f 2802/2802 2726/2726 2804/2804
f 2727/2727 2729/2729 2803/2803
f 2804/2804 2728/2728 2806/2806
f 2729/2729 2731/2731 2805/2805
f 2806/2806 2730/2730 2807/2807
f 2730/2730 2732/2732 2807/2807
f 2807/2807 2732/2732 2808/2808
f 2732/2732 2734/2734 2808/2808
f 2808/2808 2734/2734 2809/2809
f 2734/2734 2737/2737 2809/2809
f 2738/2738 2739/2739 2810/2810
f 2810/2810 2739/2739 2812/2812
f 2739/2739 2740/2740 2812/2812
f 2812/2812 2740/2740 2813/2813
f 2740/2740 2741/2741 2813/2813
f 2741/2741 2742/2742 2813/2813
f 2813/2813 2742/2742 2814/2814
f 2814/2814 2742/2742 2815/2815
f 2742/2742 2743/2743 2815/2815
f 2743/2743 2744/2744 2815/2815
f 2815/2815 2744/2744 2816/2816
f 2744/2744 2745/2745 2816/2816
f 2816/2816 2745/2745 2817/2817
f 2817/2817 2745/2745 2818/2818
f 2745/2745 2746/2746 2818/2818
f 2746/2746 2747/2747 2818/2818
f 2747/2747 2748/2748 2818/2818
f 2818/2818 2748/2748 2819/2819
f 2748/2748 2749/2749 2819/2819
f 2819/2819 2749/2749 2820/2820
f 2749/2749 2750/2750 2820/2820
f 2750/2750 2751/2751 2820/2820
f 2820/2820 2751/2751 2821/2821
f 2821/2821 2751/2751 2822/2822
f 2751/2751 2752/2752 2822/2822
f 2753/2753 2754/2754 2823/2823
f 2823/2823 2754/2754 2824/2824
f 2754/2754 2755/2755 2824/2824
f 2824/2824 2755/2755 2825/2825
f 2755/2755 2756/2756 2825/2825
f 2825/2825 2756/2756 2826/2826
f 2826/2826 2756/2756 2827/2827
f 2756/2756 2757/2757 2827/2827
f 2757/2757 2758/2758 2827/2827
f 2827/2827 2758/2758 2828/2828
f 2758/2758 2759/2759 2828/2828
f 2828/2828 2759/2759 2829/2829
f 2829/2829 2759/2759 2830/2830
f 2759/2759 2761/2761 2830/2830
f 2760/2760 2763/2763 2831/2831
f 2831/2831 2763/2763 2832/2832
f 2832/2832 2763/2763 2833/2833
f 2763/2763 2764/2764 2833/2833
f 2764/2764 2765/2765 2833/2833
f 2833/2833 2765/2765 2834/2834
f 2834/2834 2765/2765 2835/2835
f 2765/2765 2766/2766 2835/2835
f 2766/2766 2767/2767 2835/2835
f 2835/2835 2767/2767 2836/2836
f 2836/2836 2767/2767 2837/2837
f 2767/2767 2768/2768 2837/2837
f 2837/2837 2768/2768 2838/2838
f 2768/2768 2769/2769 2838/2838
f 2769/2769 2771/2771 2838/2838
f 2841/2841 2839/2839 2842/2842
f 2839/2839 2772/2772 2842/2842
f 2772/2772 2773/2773 2842/2842
f 2773/2773 2774/2774 2842/2842
f 2774/2774 2775/2775 2842/2842
f 2842/2842 2775/2775 2843/2843
f 2775/2775 2776/2776 2843/2843
f 2843/2843 2776/2776 2845/2845
f 2776/2776 2777/2777 2845/2845
f 2845/2845 2777/2777 2846/2846
f 2846/2846 2777/2777 2847/2847
f 2777/2777 2778/2778 2847/2847
f 2848/2848 2779/2779 2849/2849
f 2779/2779 2780/2780 2849/2849
f 2849/2849 2780/2780 2850/2850
f 2780/2780 2781/2781 2850/2850
f 2850/2850 2781/2781 2851/2851
f 2781/2781 2782/2782 2851/2851
f 2851/2851 2782/2782 2852/2852
f 2782/2782 2783/2783 2852/2852
f 2783/2783 2784/2784 2852/2852
f 2852/2852 2784/2784 2853/2853
f 2784/2784 2785/2785 2853/2853
f 2853/2853 2785/2785 2854/2854
f 2785/2785 2786/2786 2854/2854
f 2854/2854 2786/2786 2855/2855
f 2786/2786 2787/2787 2855/2855
f 2855/2855 2787/2787 2856/2856
f 2787/2787 2788/2788 2856/2856
f 2856/2856 2788/2788 2857/2857
f 2788/2788 2789/2789 2857/2857
f 2857/2857 2789/2789 2858/2858
f 2789/2789 2790/2790 2858/2858
f 2858/2858 2790/2790 2859/2859
f 2790/2790 2791/2791 2859/2859
f 2791/2791 2793/2793 2859/2859
f 2859/2859 2793/2793 2860/2860
f 2794/2794 2795/2795 2861/2861
f 2795/2795 2796/2796 2861/2861
f 2861/2861 2796/2796 2863/2863
f 2796/2796 2797/2797 2863/2863
f 2863/2863 2797/2797 2865/2865
f 2797/2797 2798/2798 2865/2865
f 2865/2865 2798/2798 2866/2866
f 2798/2798 2799/2799 2866/2866
f 2868/2868 2800/2800 2869/2869
f 2800/2800 2802/2802 2869/2869
f 2869/2869 2802/2802 2870/2870
f 2802/2802 2804/2804 2870/2870
f 2870/2870 2804/2804 2871/2871
f 2804/2804 2806/2806 2871/2871
f 2871/2871 2806/2806 2872/2872
f 2806/2806 2807/2807 2872/2872
f 2872/2872 2807/2807 2873/2873
f 2807/2807 2808/2808 2873/2873
f 2808/2808 2809/2809 2873/2873
f 2873/2873 2809/2809 2874/2874
f 2809/2809 2811/2811 2874/2874
f 2874/2874 2811/2811 2875/2875
f 2812/2812 2813/2813 2876/2876
f 2813/2813 2814/2814 2876/2876
f 2876/2876 2814/2814 2878/2878
f 2878/2878 2814/2814 2879/2879
f 2879/2879 2814/2814 2880/2880
f 2814/2814 2815/2815 2880/2880
f 2815/2815 2816/2816 2880/2880
f 2880/2880 2816/2816 2881/2881
f 2881/2881 2816/2816 2882/2882
f 2816/2816 2817/2817 2882/2882
f 2882/2882 2817/2817 2883/2883
f 2817/2817 2818/2818 2883/2883
f 2884/2884 2883/2883 2885/2885
f 2883/2883 2818/2818 2885/2885
f 2818/2818 2819/2819 2885/2885
f 2819/2819 2820/2820 2885/2885
f 2885/2885 2820/2820 2886/2886
f 2820/2820 2821/2821 2886/2886
f 2886/2886 2821/2821 2887/2887
f 2888/2888 2887/2887 2889/2889
f 2887/2887 2821/2821 2889/2889
f 2821/2821 2822/2822 2889/2889
f 2891/2891 2890/2890 2892/2892
f 2890/2890 2823/2823 2892/2892
f 2823/2823 2824/2824 2892/2892
f 2892/2892 2824/2824 2893/2893
f 2824/2824 2825/2825 2893/2893
f 2825/2825 2826/2826 2893/2893
f 2893/2893 2826/2826 2894/2894
f 2826/2826 2827/2827 2894/2894
f 2827/2827 2828/2828 2894/2894
f 2894/2894 2828/2828 2895/2895
f 2828/2828 2829/2829 2895/2895
f 2895/2895 2829/2829 2896/2896
f 2829/2829 2830/2830 2896/2896
f 2897/2897 2831/2831 2898/2898
f 2831/2831 2832/2832 2898/2898
f 2898/2898 2832/2832 2899/2899
f 2832/2832 2833/2833 2899/2899
f 2899/2899 2833/2833 2900/2900
f 2833/2833 2834/2834 2900/2900
f 2834/2834 2835/2835 2900/2900
f 2900/2900 2835/2835 2901/2901
f 2835/2835 2836/2836 2901/2901
f 2901/2901 2836/2836 2902/2902
f 2902/2902 2836/2836 2903/2903
f 2836/2836 2837/2837 2903/2903
f 2837/2837 2838/2838 2903/2903
f 2838/2838 2840/2840 2903/2903
f 2903/2903 2840/2840 2905/2905
f 2841/2841 2842/2842 2904/2904
f 2842/2842 2843/2843 2904/2904
f 2843/2843 2845/2845 2904/2904
f 2905/2905 2844/2844 2906/2906
f 2906/2906 2844/2844 2907/2907
f 2845/2845 2846/2846 2908/2908
f 2908/2908 2846/2846 2909/2909
f 2846/2846 2847/2847 2909/2909
f 2848/2848 2849/2849 2911/2911
f 2911/2911 2849/2849 2913/2913
f 2913/2913 2849/2849 2914/2914
f 2849/2849 2850/2850 2914/2914
f 2914/2914 2850/2850 2915/2915
f 2850/2850 2851/2851 2915/2915
f 2851/2851 2852/2852 2915/2915
f 2915/2915 2852/2852 2916/2916
f 2852/2852 2853/2853 2916/2916
f 2916/2916 2853/2853 2917/2917
f 2853/2853 2854/2854 2917/2917
f 2917/2917 2854/2854 2918/2918
f 2854/2854 2855/2855 2918/2918
f 2918/2918 2855/2855 2919/2919
f 2855/2855 2856/2856 2919/2919
f 2919/2919 2856/2856 2920/2920
f 2920/2920 2856/2856 2921/2921
f 2856/2856 2857/2857 2921/2921
f 2921/2921 2857/2857 2922/2922
f 2857/2857 2858/2858 2922/2922
f 2858/2858 2859/2859 2922/2922
f 2922/2922 2859/2859 2923/2923
f 2859/2859 2860/2860 2923/2923
f 2860/2860 2862/2862 2923/2923
f 2923/2923 2862/2862 2924/2924
f 2924/2924 2862/2862 2925/2925
f 2862/2862 2864/2864 2925/2925
f 2925/2925 2864/2864 2926/2926
f 2864/2864 2867/2867 2926/2926
f 2927/2927 2868/2868 2928/2928
f 2868/2868 2869/2869 2928/2928
f 2928/2928 2869/2869 2929/2929
f 2869/2869 2870/2870 2929/2929
f 2929/2929 2870/2870 2930/2930
f 2870/2870 2871/2871 2930/2930
f 2930/2930 2871/2871 2931/2931
f 2871/2871 2872/2872 2931/2931
f 2931/2931 2872/2872 2932/2932
f 2872/2872 2873/2873 2932/2932
f 2932/2932 2873/2873 2933/2933
f 2873/2873 2874/2874 2933/2933
f 2874/2874 2875/2875 2933/2933
f 2875/2875 2877/2877 2933/2933
f 2933/2933 2877/2877 2934/2934
f 2934/2934 2877/2877 2935/2935
f 2878/2878 2879/2879 2936/2936
f 2936/2936 2879/2879 2937/2937
f 2879/2879 2880/2880 2937/2937
f 2880/2880 2881/2881 2937/2937
f 2937/2937 2881/2881 2938/2938
f 2938/2938 2881/2881 2939/2939
f 2881/2881 2882/2882 2939/2939
f 2882/2882 2883/2883 2939/2939
f 2883/2883 2884/2884 2939/2939
f 2939/2939 2884/2884 2940/2940
f 2884/2884 2885/2885 2940/2940
f 2885/2885 2886/2886 2940/2940
f 2940/2940 2886/2886 2941/2941
f 2886/2886 2887/2887 2941/2941
f 2941/2941 2887/2887 2942/2942
f 2942/2942 2887/2887 2943/2943
f 2887/2887 2888/2888 2943/2943
f 2944/2944 2943/2943 2945/2945
f 2943/2943 2888/2888 2945/2945
f 2945/2945 2888/2888 2946/2946
f 2888/2888 2889/2889 2946/2946
f 2890/2890 2891/2891 2947/2947
f 2947/2947 2891/2891 2948/2948
f 2948/2948 2891/2891 2949/2949
f 2891/2891 2892/2892 2949/2949
f 2892/2892 2893/2893 2949/2949
f 2949/2949 2893/2893 2950/2950
f 2893/2893 2894/2894 2950/2950
f 2894/2894 2895/2895 2950/2950
f 2950/2950 2895/2895 2951/2951
f 2951/2951 2895/2895 2952/2952
f 2895/2895 2896/2896 2952/2952
f 2897/2897 2898/2898 2953/2953
f 2953/2953 2898/2898 2954/2954
f 2954/2954 2898/2898 2955/2955
f 2898/2898 2899/2899 2955/2955
f 2899/2899 2900/2900 2955/2955
f 2955/2955 2900/2900 2956/2956
f 2956/2956 2900/2900 2957/2957
f 2900/2900 2901/2901 2957/2957
f 2901/2901 2902/2902 2957/2957
f 2957/2957 2902/2902 2958/2958
f 2958/2958 2902/2902 2959/2959
f 2902/2902 2903/2903 2959/2959
f 2903/2903 2905/2905 2959/2959
f 2959/2959 2905/2905 2960/2960
f 2905/2905 2906/2906 2960/2960
f 2960/2960 2906/2906 2961/2961
f 2906/2906 2907/2907 2961/2961
f 2961/2961 2907/2907 2962/2962
f 2962/2962 2907/2907 2964/2964
f 2907/2907 2910/2910 2964/2964
f 2911/2911 2913/2913 2963/2963
f 2964/2964 2912/2912 2965/2965
f 2966/2966 2913/2913 2967/2967
f 2913/2913 2914/2914 2967/2967
f 2967/2967 2914/2914 2968/2968
f 2914/2914 2915/2915 2968/2968
f 2915/2915 2916/2916 2968/2968
f 2968/2968 2916/2916 2969/2969
f 2916/2916 2917/2917 2969/2969
f 2969/2969 2917/2917 2970/2970
f 2917/2917 2918/2918 2970/2970
f 2970/2970 2918/2918 2971/2971
f 2918/2918 2919/2919 2971/2971
f 2971/2971 2919/2919 2972/2972
f 2919/2919 2920/2920 2972/2972
f 2972/2972 2920/2920 2973/2973
f 2973/2973 2920/2920 2974/2974
f 2920/2920 2921/2921 2974/2974
f 2974/2974 2921/2921 2975/2975
f 2921/2921 2922/2922 2975/2975
f 2922/2922 2923/2923 2975/2975
f 2923/2923 2924/2924 2975/2975
f 2975/2975 2924/2924 2976/2976
f 2924/2924 2925/2925 2976/2976
f 2976/2976 2925/2925 2977/2977
f 2925/2925 2926/2926 2977/2977
f 2978/2978 2927/2927 2979/2979
f 2927/2927 2928/2928 2979/2979
f 2979/2979 2928/2928 2980/2980
f 2928/2928 2929/2929 2980/2980
f 2980/2980 2929/2929 2981/2981
f 2929/2929 2930/2930 2981/2981
f 2981/2981 2930/2930 2982/2982
f 2930/2930 2931/2931 2982/2982
f 2982/2982 2931/2931 2983/2983
f 2931/2931 2932/2932 2983/2983
f 2932/2932 2933/2933 2983/2983
f 2933/2933 2934/2934 2983/2983
f 2984/2984 2983/2983 2985/2985
f 2983/2983 2934/2934 2985/2985
f 2934/2934 2935/2935 2985/2985
f 2985/2985 2935/2935 2986/2986
f 2936/2936 2937/2937 2987/2987
f 2987/2987 2937/2937 2988/2988
f 2937/2937 2938/2938 2988/2988
f 2988/2988 2938/2938 2989/2989
f 2938/2938 2939/2939 2989/2989
f 2989/2989 2939/2939 2990/2990
f 2939/2939 2940/2940 2990/2990
f 2940/2940 2941/2941 2990/2990
f 2990/2990 2941/2941 2991/2991
f 2941/2941 2942/2942 2991/2991
f 2991/2991 2942/2942 2992/2992
f 2942/2942 2943/2943 2992/2992
f 2992/2992 2943/2943 2993/2993
f 2993/2993 2943/2943 2994/2994
f 2943/2943 2944/2944 2994/2994
f 2994/2994 2944/2944 2996/2996
f 2944/2944 2945/2945 2996/2996
f 2996/2996 2945/2945 2997/2997
f 2945/2945 2946/2946 2997/2997
f 2947/2947 2948/2948 2998/2998
f 2998/2998 2948/2948 2999/2999
f 2999/2999 2948/2948 3000/3000
f 2948/2948 2949/2949 3000/3000
f 2949/2949 2950/2950 3000/3000
f 2950/2950 2951/2951 3000/3000
f 3000/3000 2951/2951 3001/3001
f 2951/2951 2952/2952 3001/3001
f 3001/3001 2952/2952 3002/3002
f 3003/3003 2953/2953 3004/3004
f 2953/2953 2954/2954 3004/3004
f 3004/3004 2954/2954 3005/3005
f 2954/2954 2955/2955 3005/3005
f 3005/3005 2955/2955 3006/3006
f 2955/2955 2956/2956 3006/3006
f 3006/3006 2956/2956 3007/3007
f 2956/2956 2957/2957 3007/3007
f 3007/3007 2957/2957 3008/3008
f 2957/2957 2958/2958 3008/3008
f 2958/2958 2959/2959 3008/3008
f 2959/2959 2960/2960 3008/3008
f 2960/2960 2961/2961 3008/3008
f 3008/3008 2961/2961 3009/3009
f 2961/2961 2962/2962 3009/3009
f 3009/3009 2962/2962 3010/3010
f 3010/3010 2962/2962 3012/3012
f 2962/2962 2964/2964 3012/3012
f 2964/2964 2965/2965 3012/3012
f 3012/3012 2965/2965 3013/3013
f 2966/2966 2967/2967 3015/3015
f 3015/3015 2967/2967 3016/3016
f 2967/2967 2968/2968 3016/3016
f 3016/3016 2968/2968 3017/3017
f 2968/2968 2969/2969 3017/3017
f 2969/2969 2970/2970 3017/3017
f 3017/3017 2970/2970 3018/3018
f 2970/2970 2971/2971 3018/3018
f 3018/3018 2971/2971 3019/3019
f 3019/3019 2971/2971 3020/3020
f 2971/2971 2972/2972 3020/3020
f 2972/2972 2973/2973 3020/3020
f 3020/3020 2973/2973 3021/3021
f 2973/2973 2974/2974 3021/3021
f 3021/3021 2974/2974 3022/3022
f 2974/2974 2975/2975 3022/3022
f 2975/2975 2976/2976 3022/3022
f 3022/3022 2976/2976 3023/3023
f 2976/2976 2977/2977 3023/3023
f 3024/3024 2978/2978 3025/3025
f 2978/2978 2979/2979 3025/3025
f 3025/3025 2979/2979 3026/3026
f 2979/2979 2980/2980 3026/3026
f 3026/3026 2980/2980 3027/3027
f 2980/2980 2981/2981 3027/3027
f 2981/2981 2982/2982 3027/3027
f 3027/3027 2982/2982 3028/3028
f 2982/2982 2983/2983 3028/3028
f 2983/2983 2984/2984 3028/3028
f 3028/3028 2984/2984 3029/3029
f 2984/2984 2985/2985 3029/3029
f 3029/3029 2985/2985 3030/3030
f 2985/2985 2986/2986 3030/3030
f 3030/3030 2986/2986 3031/3031
f 2987/2987 2988/2988 3032/3032
f 3032/3032 2988/2988 3033/3033
f 2988/2988 2989/2989 3033/3033
f 3033/3033 2989/2989 3034/3034
f 2989/2989 2990/2990 3034/3034
f 2990/2990 2991/2991 3034/3034
f 3034/3034 2991/2991 3035/3035
f 2991/2991 2992/2992 3035/3035
f 3035/3035 2992/2992 3036/3036
f 2992/2992 2993/2993 3036/3036
f 3036/3036 2993/2993 3037/3037
f 2993/2993 2994/2994 3037/3037
f 3037/3037 2994/2994 3038/3038
f 2994/2994 2996/2996 3038/3038
f 3039/3039 2995/2995 3040/3040
f 2995/2995 2998/2998 3040/3040
f 2998/2998 2999/2999 3040/3040
f 3040/3040 2999/2999 3041/3041
f 2999/2999 3000/3000 3041/3041
f 3000/3000 3001/3001 3041/3041
f 3041/3041 3001/3001 3042/3042
f 3001/3001 3002/3002 3042/3042
f 3042/3042 3002/3002 3043/3043
f 3003/3003 3004/3004 3044/3044
f 3044/3044 3004/3004 3045/3045
f 3004/3004 3005/3005 3045/3045
f 3045/3045 3005/3005 3046/3046
f 3005/3005 3006/3006 3046/3046
f 3046/3046 3006/3006 3047/3047
f 3006/3006 3007/3007 3047/3047
f 3007/3007 3008/3008 3047/3047
f 3008/3008 3009/3009 3047/3047
f 3047/3047 3009/3009 3048/3048
f 3009/3009 3010/3010 3048/3048
f 3048/3048 3010/3010 3050/3050
f 3010/3010 3012/3012 3050/3050
f 3050/3050 3012/3012 3051/3051
f 3011/3011 3014/3014 3052/3052
f 3052/3052 3014/3014 3053/3053
f 3015/3015 3016/3016 3054/3054
f 3054/3054 3016/3016 3056/3056
f 3016/3016 3017/3017 3056/3056
f 3017/3017 3018/3018 3056/3056
f 3056/3056 3018/3018 3058/3058
f 3018/3018 3019/3019 3058/3058
f 3058/3058 3019/3019 3060/3060
f 3019/3019 3020/3020 3060/3060
f 3060/3060 3020/3020 3062/3062
f 3020/3020 3021/3021 3062/3062
f 3062/3062 3021/3021 3063/3063
f 3021/3021 3022/3022 3063/3063
f 3022/3022 3023/3023 3063/3063
f 3064/3064 3024/3024 3065/3065
f 3024/3024 3025/3025 3065/3065
f 3065/3065 3025/3025 3066/3066
f 3025/3025 3026/3026 3066/3066
f 3066/3066 3026/3026 3067/3067
f 3026/3026 3027/3027 3067/3067
f 3067/3067 3027/3027 3068/3068
f 3027/3027 3028/3028 3068/3068
f 3028/3028 3029/3029 3068/3068
f 3068/3068 3029/3029 3069/3069
f 3069/3069 3029/3029 3070/3070
f 3029/3029 3030/3030 3070/3070
f 3030/3030 3031/3031 3070/3070
f 3070/3070 3031/3031 3071/3071
f 3032/3032 3033/3033 3072/3072
f 3072/3072 3033/3033 3073/3073
f 3033/3033 3034/3034 3073/3073
f 3034/3034 3035/3035 3073/3073
f 3073/3073 3035/3035 3074/3074
f 3035/3035 3036/3036 3074/3074
f 3074/3074 3036/3036 3075/3075
f 3075/3075 3036/3036 3076/3076
f 3036/3036 3037/3037 3076/3076
f 3037/3037 3038/3038 3076/3076
f 3076/3076 3038/3038 3077/3077
f 3039/3039 3040/3040 3078/3078
f 3078/3078 3040/3040 3079/3079
f 3040/3040 3041/3041 3079/3079
f 3079/3079 3041/3041 3080/3080
f 3041/3041 3042/3042 3080/3080
f 3042/3042 3043/3043 3080/3080
f 3081/3081 3044/3044 3082/3082
f 3044/3044 3045/3045 3082/3082
f 3082/3082 3045/3045 3083/3083
f 3083/3083 3045/3045 3084/3084
f 3045/3045 3046/3046 3084/3084
f 3046/3046 3047/3047 3084/3084
f 3047/3047 3048/3048 3084/3084
f 3084/3084 3048/3048 3086/3086
f 3048/3048 3050/3050 3086/3086
f 3086/3086 3050/3050 3087/3087
f 3049/3049 3052/3052 3088/3088
f 3088/3088 3052/3052 3089/3089
f 3052/3052 3053/3053 3089/3089
f 3089/3089 3053/3053 3090/3090
f 3053/3053 3055/3055 3090/3090
f 3055/3055 3057/3057 3090/3090
f 3090/3090 3057/3057 3091/3091
f 3057/3057 3059/3059 3091/3091
f 3091/3091 3059/3059 3092/3092
f 3059/3059 3061/3061 3092/3092
f 3092/3092 3061/3061 3093/3093
f 3061/3061 3064/3064 3093/3093
f 3064/3064 3065/3065 3093/3093
f 3093/3093 3065/3065 3094/3094
f 3065/3065 3066/3066 3094/3094
f 3094/3094 3066/3066 3095/3095
f 3066/3066 3067/3067 3095/3095
f 3095/3095 3067/3067 3096/3096
f 3067/3067 3068/3068 3096/3096
f 3068/3068 3069/3069 3096/3096
f 3096/3096 3069/3069 3097/3097
f 3069/3069 3070/3070 3097/3097
f 3097/3097 3070/3070 3098/3098
f 3070/3070 3071/3071 3098/3098
f 3099/3099 3072/3072 3101/3101
f 3072/3072 3073/3073 3101/3101
f 3073/3073 3074/3074 3101/3101
f 3101/3101 3074/3074 3102/3102
f 3074/3074 3075/3075 3102/3102
f 3102/3102 3075/3075 3103/3103
f 3103/3103 3075/3075 3104/3104
f 3075/3075 3076/3076 3104/3104
f 3076/3076 3077/3077 3104/3104
f 3104/3104 3077/3077 3105/3105
f 3078/3078 3079/3079 3106/3106
f 3079/3079 3080/3080 3106/3106
f 3106/3106 3080/3080 3107/3107
f 3081/3081 3082/3082 3109/3109
f 3109/3109 3082/3082 3111/3111
f 3082/3082 3083/3083 3111/3111
f 3111/3111 3083/3083 3113/3113
f 3083/3083 3084/3084 3113/3113
f 3084/3084 3086/3086 3113/3113
f 3113/3113 3086/3086 3114/3114
f 3085/3085 3088/3088 3115/3115
f 3115/3115 3088/3088 3116/3116
f 3088/3088 3089/3089 3116/3116
f 3116/3116 3089/3089 3117/3117
f 3089/3089 3090/3090 3117/3117
f 3090/3090 3091/3091 3117/3117
f 3117/3117 3091/3091 3118/3118
f 3091/3091 3092/3092 3118/3118
f 3118/3118 3092/3092 3119/3119
f 3092/3092 3093/3093 3119/3119
f 3093/3093 3094/3094 3119/3119
f 3119/3119 3094/3094 3120/3120
f 3094/3094 3095/3095 3120/3120
f 3120/3120 3095/3095 3121/3121
f 3095/3095 3096/3096 3121/3121
f 3096/3096 3097/3097 3121/3121
f 3121/3121 3097/3097 3122/3122
f 3122/3122 3097/3097 3123/3123
f 3097/3097 3098/3098 3123/3123
f 3098/3098 3100/3100 3123/3123
f 3101/3101 3102/3102 3124/3124
f 3124/3124 3102/3102 3126/3126
f 3102/3102 3103/3103 3126/3126
f 3126/3126 3103/3103 3128/3128
f 3128/3128 3103/3103 3130/3130
f 3103/3103 3104/3104 3130/3130
f 3104/3104 3105/3105 3130/3130
f 3105/3105 3108/3108 3130/3130
f 3130/3130 3108/3108 3132/3132
f 3109/3109 3111/3111 3131/3131
f 3133/3133 3110/3110 3135/3135
f 3111/3111 3113/3113 3134/3134
f 3112/3112 3115/3115 3135/3135
f 3135/3135 3115/3115 3136/3136
f 3115/3115 3116/3116 3136/3136
f 3136/3136 3116/3116 3137/3137
f 3116/3116 3117/3117 3137/3137
f 3117/3117 3118/3118 3137/3137
f 3137/3137 3118/3118 3138/3138
f 3118/3118 3119/3119 3138/3138
f 3119/3119 3120/3120 3138/3138
f 3138/3138 3120/3120 3139/3139
f 3120/3120 3121/3121 3139/3139
f 3121/3121 3122/3122 3139/3139
f 3139/3139 3122/3122 3140/3140
f 3122/3122 3123/3123 3140/3140
f 3123/3123 3125/3125 3140/3140
f 3140/3140 3125/3125 3142/3142
f 3125/3125 3127/3127 3142/3142
f 3128/3128 3130/3130 3141/3141
f 3129/3129 3133/3133 3142/3142
f 3142/3142 3133/3133 3143/3143
f 3133/3133 3135/3135 3143/3143
f 3135/3135 3136/3136 3143/3143
f 3136/3136 3137/3137 3143/3143
f 3143/3143 3137/3137 3144/3144
f 3137/3137 3138/3138 3144/3144
f 3138/3138 3139/3139 3144/3144
f 3139/3139 3140/3140 3144/3144
f 3140/3140 3142/3142 3144/3144
f 3143/3143 3144/3144 3142/3142
f 1166/1166 1167/1167 1165/1165
f 85/85 86/86 83/83
f 9/9 11/11 8/8

