# https://github.com/mikedh/trimesh
mtllib material.mtl

o Crimson Seedburst Strawberry Mesh
usemtl Crimson Seedburst Strawberry Material
v 0.26074219 0.22753906 -0.25097656
v 0.26660156 0.22558594 -0.25097656
v 0.26074219 0.22558594 -0.25292969
v 0.26074219 0.22363281 -0.25097656
v 0.26464844 0.22363281 -0.25097656
v 0.26855469 0.22363281 -0.24707031
v 0.26855469 0.22363281 -0.24902344
v 0.27050781 0.22558594 -0.24511719
v 0.27050781 0.22363281 -0.24316406
v 0.27246094 0.22363281 -0.23925781
v 0.27246094 0.22558594 -0.23925781
v 0.27050781 0.22753906 -0.23925781
v 0.27050781 0.22753906 -0.24316406
v 0.26855469 0.22753906 -0.24707031
v 0.26464844 0.22753906 -0.24902344
v 0.24902344 0.23144531 -0.24902344
v 0.24902344 0.22949219 -0.25097656
v 0.24902344 0.22753906 -0.24902344
v 0.25292969 0.22753906 -0.24511719
v 0.26074219 0.22558594 -0.23730469
v 0.26660156 0.22753906 -0.22949219
v 0.27050781 0.22558594 -0.22363281
v 0.27050781 0.22558594 -0.22363281
v 0.27246094 0.22753906 -0.22363281
v 0.27246094 0.22753906 -0.22363281
v 0.27050781 0.22949219 -0.22363281
v 0.27050781 0.22949219 -0.22363281
v 0.26660156 0.23144531 -0.22949219
v 0.26660156 0.23144531 -0.22949219
v 0.26074219 0.23144531 -0.23730469
v 0.25292969 0.23144531 -0.24316406
v 0.23535156 0.23925781 -0.23339844
v 0.22949219 0.23535156 -0.24316406
v 0.22949219 0.23535156 -0.24316406
v 0.22753906 0.23339844 -0.24511719
v 0.22753906 0.23144531 -0.24316406
v 0.22753906 0.23144531 -0.24316406
v 0.23730469 0.23144531 -0.23535156
v 0.24902344 0.23144531 -0.22363281
v 0.24902344 0.23144531 -0.22363281
v 0.24902344 0.23144531 -0.22363281
v 0.26074219 0.23144531 -0.20996094
v 0.26074219 0.23144531 -0.20996094
v 0.26855469 0.23144531 -0.20019531
v 0.26855469 0.23339844 -0.19824219
v 0.26855469 0.23535156 -0.20019531
v 0.25878906 0.23925781 -0.20800781
v 0.25878906 0.23925781 -0.20800781
v 0.24707031 0.24121094 -0.21972656
v 0.24707031 0.24121094 -0.21972656
v 0.23535156 0.24707031 -0.20605469
v 0.23535156 0.24707031 -0.20605469
v 0.21582031 0.24511719 -0.21972656
v 0.20214844 0.24121094 -0.23144531
v 0.20214844 0.24121094 -0.23144531
v 0.20214844 0.23730469 -0.23339844
v 0.20214844 0.23730469 -0.23339844
v 0.20410156 0.23535156 -0.23339844
v 0.21777344 0.23925781 -0.22167969
v 0.21777344 0.23925781 -0.22167969
v 0.23730469 0.23730469 -0.20800781
v 0.25097656 0.23730469 -0.18847656
v 0.25097656 0.23730469 -0.18847656
v 0.26074219 0.23535156 -0.17089844
v 0.26269531 0.23730469 -0.16894531
v 0.26074219 0.24121094 -0.17089844
v 0.24902344 0.24707031 -0.18457031
v 0.24902344 0.24707031 -0.18457031
v 0.21777344 0.25292969 -0.18652344
v 0.21777344 0.25292969 -0.18652344
v 0.19433594 0.25097656 -0.20605469
v 0.15136719 0.24902344 -0.20605469
v 0.15136719 0.24902344 -0.20605469
v 0.17285156 0.25683594 -0.18652344
v 0.17480469 0.24511719 -0.21777344
v 0.17480469 0.24511719 -0.21777344
v 0.17480469 0.24121094 -0.22167969
v 0.17675781 0.23925781 -0.21972656
v 0.19628906 0.24316406 -0.20800781
v 0.22167969 0.24316406 -0.19042969
v 0.22167969 0.24316406 -0.19042969
v 0.23925781 0.24316406 -0.16503906
v 0.25292969 0.24121094 -0.14355469
v 0.25488281 0.24316406 -0.13964844
v 0.25097656 0.24707031 -0.14160156
v 0.23730469 0.25292969 -0.16113281
v 0.22363281 0.25878906 -0.13769531
v 0.20019531 0.26074219 -0.16503906
v 0.20019531 0.26074219 -0.16503906
v 0.15136719 0.26269531 -0.17089844
v 0.12792969 0.25292969 -0.19042969
v 0.12792969 0.24902344 -0.19238281
v 0.12792969 0.24902344 -0.19238281
v 0.14941406 0.24511719 -0.20800781
v 0.15332031 0.24316406 -0.20605469
v 0.17675781 0.24707031 -0.18652344
v 0.19824219 0.24902344 -0.16308594
v 0.19824219 0.24902344 -0.16308594
v 0.22167969 0.24902344 -0.14160156
v 0.24316406 0.24511719 -0.11816406
v 0.24511719 0.24707031 -0.11425781
v 0.24316406 0.25097656 -0.11621094
v 0.23144531 0.25683594 -0.09082031
v 0.20996094 0.26464844 -0.11425781
v 0.18261719 0.26660156 -0.14550781
v 0.18261719 0.26660156 -0.14550781
v 0.18261719 0.26660156 -0.14550781
v 0.16503906 0.26855469 -0.12402344
v 0.16503906 0.26855469 -0.12402344
v 0.16503906 0.26855469 -0.12402344
v 0.13183594 0.26464844 -0.15136719
v 0.13183594 0.26464844 -0.15136719
v 0.10839844 0.25488281 -0.17285156
v 0.10839844 0.25488281 -0.17285156
v 0.10644531 0.25097656 -0.17480469
v 0.10644531 0.25097656 -0.17480469
v 0.10644531 0.25097656 -0.17480469
v 0.11035156 0.24511719 -0.17285156
v 0.11035156 0.24511719 -0.17285156
v 0.12988281 0.24511719 -0.19042969
v 0.15527344 0.24902344 -0.16699219
v 0.18457031 0.24902344 -0.14746094
v 0.18457031 0.24902344 -0.14746094
v 0.20605469 0.25097656 -0.12011719
v 0.22949219 0.24707031 -0.09277344
v 0.23144531 0.25097656 -0.09082031
v 0.21582031 0.25878906 -0.06933594
v 0.19238281 0.26660156 -0.09472656
v 0.19238281 0.26660156 -0.09472656
v 0.14550781 0.27050781 -0.10449219
v 0.14550781 0.27050781 -0.10449219
v 0.14550781 0.27050781 -0.10449219
v 0.11425781 0.26660156 -0.13183594
v 0.11425781 0.26660156 -0.13183594
v 0.09082031 0.25683594 -0.15332031
v 0.08886719 0.25097656 -0.15332031
v 0.09277344 0.24511719 -0.15136719
v 0.11816406 0.24902344 -0.12597656
v 0.13574219 0.24902344 -0.14746094
v 0.13574219 0.24902344 -0.14746094
v 0.16503906 0.24902344 -0.12597656
v 0.16503906 0.24902344 -0.12597656
v 0.16503906 0.24902344 -0.12597656
v 0.18847656 0.25097656 -0.09863281
v 0.18847656 0.25097656 -0.09863281
v 0.21386719 0.24902344 -0.07128906
v 0.21777344 0.25488281 -0.06933594
v 0.19824219 0.25488281 -0.04980468
v 0.19824219 0.25488281 -0.04980468
v 0.19628906 0.26074219 -0.05175781
v 0.19628906 0.26074219 -0.05175781
v 0.17480469 0.26855469 -0.07324219
v 0.17480469 0.26855469 -0.07324219
v 0.15332031 0.26855469 -0.05761718
v 0.15332031 0.26855469 -0.05761718
v 0.12597656 0.26855469 -0.08300781
v 0.12597656 0.26855469 -0.08300781
v 0.09863281 0.26464844 -0.10839844
v 0.09863281 0.26464844 -0.10839844
v 0.07519531 0.25488281 -0.12988281
v 0.07519531 0.24902344 -0.13183594
v 0.07714844 0.24511719 -0.12792969
v 0.10253906 0.25097656 -0.10449219
v 0.10253906 0.25097656 -0.10449219
v 0.14550781 0.25097656 -0.10449219
v 0.14550781 0.25097656 -0.10449219
v 0.14550781 0.25097656 -0.10449219
v 0.14550781 0.25097656 -0.10449219
v 0.17089844 0.25097656 -0.07910156
v 0.17089844 0.25097656 -0.07910156
v 0.19628906 0.25097656 -0.05175781
v 0.19628906 0.25097656 -0.05175781
v 0.17675781 0.25488281 -0.03417968
v 0.17675781 0.25488281 -0.03417968
v 0.17480469 0.26074219 -0.03417968
v 0.15136719 0.25878906 -0.02050781
v 0.12988281 0.26464844 -0.04003906
v 0.12988281 0.26464844 -0.04003906
v 0.10644531 0.26464844 -0.06152343
v 0.10644531 0.26464844 -0.06152343
v 0.08105469 0.26074219 -0.08496094
v 0.08105469 0.26074219 -0.08496094
v 0.06152344 0.25097656 -0.10449219
v 0.06152344 0.24511719 -0.10644531
v 0.06347656 0.24121094 -0.10253906
v 0.08691406 0.25097656 -0.08300781
v 0.08691406 0.25097656 -0.08300781
v 0.12597656 0.25292969 -0.08300781
v 0.14941406 0.25292969 -0.06152343
v 0.14941406 0.25292969 -0.06152343
v 0.17285156 0.25097656 -0.03613281
v 0.14941406 0.24902344 -0.02246094
v 0.15332031 0.25292969 -0.02050781
v 0.12792969 0.24707031 -0.00878906
v 0.12792969 0.24707031 -0.00878906
v 0.12597656 0.25097656 -0.00878906
v 0.12597656 0.25097656 -0.00878906
v 0.12597656 0.25097656 -0.00878906
v 0.10449219 0.25488281 -0.02246094
v 0.10449219 0.25488281 -0.02246094
v 0.08496094 0.25683594 -0.04199218
v 0.06542969 0.25097656 -0.06152343
v 0.06542969 0.25097656 -0.06152343
v 0.06542969 0.25097656 -0.06152343
v 0.04980469 0.24316406 -0.07714844
v 0.04785157 0.23730469 -0.07910156
v 0.04980469 0.23339844 -0.07714844
v 0.06542969 0.24121094 -0.06347656
v 0.06542969 0.24121094 -0.06347656
v 0.06542969 0.24121094 -0.06347656
v 0.06542969 0.24121094 -0.06347656
v 0.10839844 0.25488281 -0.06347656
v 0.10839844 0.25488281 -0.06347656
v 0.12792969 0.25292969 -0.04589843
v 0.12792969 0.25292969 -0.04589843
v 0.12402344 0.24316406 -0.01074218
v 0.12402344 0.24316406 -0.01074218
v 0.12402344 0.24316406 -0.01074218
v 0.09863281 0.23535156 -0.00097656
v 0.10253906 0.23925781 -0.00097656
v 0.09863281 0.24121094 -0.00097656
v 0.07910156 0.24316406 -0.00878906
v 0.06152344 0.24316406 -0.02246094
v 0.06152344 0.24316406 -0.02246094
v 0.04785157 0.23925781 -0.03808593
v 0.04785157 0.23925781 -0.03808593
v 0.04785157 0.23925781 -0.03808593
v 0.03808594 0.23339844 -0.05175781
v 0.03808594 0.23339844 -0.05175781
v 0.03808594 0.22949219 -0.05371093
v 0.03808594 0.22558594 -0.05175781
v 0.03808594 0.22558594 -0.05175781
v 0.04980469 0.22949219 -0.04003906
v 0.04980469 0.22949219 -0.04003906
v 0.08496094 0.24707031 -0.04199218
v 0.08496094 0.24707031 -0.04199218
v 0.08496094 0.24707031 -0.04199218
v 0.08496094 0.24707031 -0.04199218
v 0.10839844 0.24511719 -0.02441406
v 0.10839844 0.24511719 -0.02441406
v 0.08300781 0.23339844 -0.00878906
v 0.07910156 0.22753906 0.00488282
v 0.08105469 0.23144531 0.00683594
v 0.07910156 0.23339844 0.00683594
v 0.07910156 0.23339844 0.00683594
v 0.05957032 0.23144531 0.00097657
v 0.05957032 0.23144531 0.00097657
v 0.04394532 0.22753906 -0.00683593
v 0.03613282 0.22949219 -0.02246094
v 0.03613282 0.22949219 -0.02246094
v 0.03027344 0.22753906 -0.03417968
v 0.03027344 0.22753906 -0.03417968
v 0.03027344 0.22167969 -0.03613281
v 0.03027344 0.22167969 -0.03613281
v 0.03027344 0.21777344 -0.03417968
v 0.03027344 0.21777344 -0.03417968
v 0.03808594 0.21972656 -0.02441406
v 0.03808594 0.21972656 -0.02441406
v 0.06347656 0.23339844 -0.02246094
v 0.06347656 0.23339844 -0.02246094
v 0.06152344 0.22167969 0.00097657
v 0.06152344 0.22167969 0.00097657
v 0.06152344 0.21972656 0.01074219
v 0.06152344 0.21972656 0.01074219
v 0.06347656 0.22363281 0.01074219
v 0.06347656 0.22363281 0.01074219
v 0.06347656 0.22753906 0.01074219
v 0.06347656 0.22753906 0.01074219
v 0.04003907 0.21777344 0.00878907
v 0.03222657 0.21582031 0.00292969
v 0.02636719 0.21777344 -0.00683593
v 0.02246094 0.21191406 -0.00292968
v 0.02050781 0.21582031 -0.01660156
v 0.02050781 0.21582031 -0.01660156
v 0.02050781 0.21191406 -0.01855469
v 0.02050781 0.20800781 -0.01660156
v 0.02050781 0.20800781 -0.01660156
v 0.02636719 0.20800781 -0.00683593
v 0.04394532 0.21777344 -0.00683593
v 0.04785157 0.20996094 0.01464844
v 0.04785157 0.21386719 0.01660156
v 0.04785157 0.21582031 0.01464844
v 0.03417969 0.21191406 0.01269532
v 0.02636719 0.20996094 0.00683594
v 0.02050781 0.20605469 -0.00097656
v 0.02246094 0.20410156 -0.00292968
v 0.03222657 0.20800781 0.00097657
v 0.04003907 0.20800781 0.00878907
v 0.03417969 0.20410156 0.01269532
v 0.03222657 0.20800781 0.01269532
v 0.02636719 0.20605469 0.00683594
v 0.02636719 0.20214844 0.00683594
v 0.34667969 0.19238281 -0.00097656
v 0.34667969 0.19042969 -0.00097656
v 0.34667969 0.19042969 -0.00488281
v 0.34667969 0.18847656 -0.00488281
v 0.34667969 0.19042969 -0.00878906
v 0.34667969 0.18652344 -0.00878906
v 0.34472656 0.19238281 -0.01269531
v 0.34667969 0.18847656 -0.01269531
v 0.34472656 0.19433594 -0.01464843
v 0.34472656 0.19238281 -0.01464843
v 0.34472656 0.19238281 -0.01464843
v 0.34277344 0.19042969 -0.01464843
v 0.34472656 0.18847656 -0.01269531
v 0.34472656 0.18652344 -0.00878906
v 0.34472656 0.18847656 -0.00488281
v 0.34472656 0.19042969 -0.00097656
v 0.33886719 0.19628906 0.00683594
v 0.34082031 0.19824219 0.00683594
v 0.34277344 0.20019531 0.00683594
v 0.34082031 0.20214844 0.00097657
v 0.33886719 0.20019531 -0.00683593
v 0.33886719 0.20410156 -0.01855469
v 0.33691406 0.20410156 -0.02246094
v 0.33691406 0.20214844 -0.02246094
v 0.33691406 0.20214844 -0.02246094
v 0.33496094 0.20214844 -0.02246094
v 0.33496094 0.20214844 -0.02246094
v 0.33691406 0.19824219 -0.01855469
v 0.33691406 0.19824219 -0.01855469
v 0.33691406 0.19628906 -0.00683593
v 0.33691406 0.19628906 -0.00683593
v 0.33886719 0.19628906 0.00097657
v 0.32910156 0.20605469 0.00878907
v 0.32910156 0.20605469 0.00878907
v 0.33105469 0.20800781 0.02050782
v 0.33300781 0.20996094 0.02050782
v 0.33300781 0.21191406 0.01855469
v 0.32910156 0.21582031 0.01074219
v 0.32714844 0.21582031 -0.00488281
v 0.32714844 0.21777344 -0.02050781
v 0.32714844 0.21777344 -0.02832031
v 0.32519531 0.21582031 -0.03027344
v 0.32519531 0.21582031 -0.03027344
v 0.32324219 0.21386719 -0.03027344
v 0.32519531 0.20996094 -0.02050781
v 0.32519531 0.20410156 -0.00488281
v 0.32519531 0.20410156 -0.00488281
v 0.31347656 0.21386719 -0.00292968
v 0.31738281 0.21972656 0.01660156
v 0.31738281 0.21972656 0.01660156
v 0.31738281 0.22167969 0.03613282
v 0.32128906 0.22558594 0.03613282
v 0.32128906 0.22753906 0.03417969
v 0.31738281 0.23144531 0.01855469
v 0.31738281 0.22167969 -0.00292968
v 0.31152344 0.23535156 -0.02441406
v 0.30957031 0.23730469 -0.03808593
v 0.31152344 0.23339844 -0.04003906
v 0.31152344 0.23339844 -0.04003906
v 0.31152344 0.22949219 -0.03417968
v 0.31152344 0.22949219 -0.03417968
v 0.31152344 0.22363281 -0.02246094
v 0.29589844 0.23730469 -0.02636719
v 0.29980469 0.22558594 -0.00097656
v 0.29785156 0.23339844 0.02832032
v 0.29785156 0.23339844 0.02832032
v 0.30175781 0.23730469 0.04980469
v 0.30175781 0.23730469 0.04980469
v 0.30566406 0.23925781 0.05175782
v 0.30566406 0.23925781 0.05175782
v 0.30761719 0.24316406 0.04589844
v 0.30761719 0.24316406 0.04589844
v 0.30371094 0.24316406 0.02636719
v 0.29980469 0.23730469 -0.00097656
v 0.29785156 0.24707031 -0.02636719
v 0.29394531 0.25097656 -0.04589843
v 0.29394531 0.24902344 -0.04785156
v 0.29394531 0.24511719 -0.04394531
v 0.29394531 0.24511719 -0.04394531
v 0.27246094 0.26074219 -0.05566406
v 0.27636719 0.24902344 -0.02832031
v 0.28417969 0.23925781 0.00097657
v 0.28222656 0.24707031 0.03613282
v 0.28417969 0.25292969 0.06542969
v 0.28417969 0.25292969 0.06542969
v 0.28417969 0.25292969 0.06542969
v 0.28613281 0.25683594 0.06738281
v 0.28613281 0.25683594 0.06738281
v 0.28613281 0.25683594 0.06738281
v 0.28808594 0.25878906 0.06347656
v 0.28808594 0.25878906 0.06347656
v 0.28808594 0.25683594 0.03613282
v 0.28808594 0.24511719 0.00097657
v 0.28027344 0.26074219 -0.02832031
v 0.27246094 0.26855469 -0.05566406
v 0.27246094 0.26855469 -0.05566406
v 0.27246094 0.26464844 -0.05761718
v 0.27246094 0.26464844 -0.05761718
v 0.24902344 0.27636719 -0.06738281
v 0.24707031 0.27050781 -0.06542969
v 0.25488281 0.26269531 -0.03222656
v 0.25488281 0.25488281 0.00488282
v 0.26269531 0.25878906 0.04589844
v 0.26269531 0.25878906 0.04589844
v 0.26464844 0.26269531 0.07910156
v 0.26464844 0.26269531 0.07910156
v 0.26660156 0.26855469 0.08105469
v 0.26660156 0.26855469 0.08105469
v 0.26855469 0.27050781 0.07324219
v 0.26855469 0.27050781 0.07324219
v 0.26464844 0.27050781 0.04394532
v 0.26074219 0.26855469 0.00488282
v 0.26074219 0.26855469 0.00488282
v 0.25488281 0.27832031 -0.03027344
v 0.25488281 0.27832031 -0.03027344
v 0.24902344 0.27832031 -0.06542969
v 0.24902344 0.27832031 -0.06542969
v 0.22753906 0.28808594 -0.06738281
v 0.22753906 0.28222656 -0.07128906
v 0.22753906 0.27636719 -0.06933594
v 0.23144531 0.27050781 -0.03222656
v 0.23535156 0.26074219 0.00683594
v 0.23925781 0.26464844 0.05175782
v 0.23925781 0.26464844 0.05175782
v 0.24121094 0.27050781 0.08886719
v 0.24121094 0.27050781 0.08886719
v 0.24121094 0.27050781 0.08886719
v 0.24121094 0.27636719 0.09082031
v 0.24121094 0.28222656 0.08691406
v 0.24121094 0.28222656 0.08691406
v 0.23925781 0.28027344 0.04980469
v 0.23730469 0.27832031 0.00878907
v 0.23730469 0.27832031 0.00878907
v 0.23339844 0.28613281 -0.03222656
v 0.20410156 0.29394531 -0.03027344
v 0.20410156 0.29394531 -0.03027344
v 0.20019531 0.29394531 -0.06738281
v 0.20019531 0.29394531 -0.06738281
v 0.20019531 0.29394531 -0.06738281
v 0.20019531 0.29003906 -0.07128906
v 0.20019531 0.29003906 -0.07128906
v 0.17285156 0.29785156 -0.06347656
v 0.17089844 0.29394531 -0.06738281
v 0.17089844 0.29394531 -0.06738281
v 0.17089844 0.28613281 -0.06738281
v 0.20019531 0.28222656 -0.06933594
v 0.20019531 0.28222656 -0.06933594
v 0.20410156 0.27441406 -0.03027344
v 0.20410156 0.27441406 -0.03027344
v 0.20800781 0.26660156 0.01074219
v 0.20800781 0.26660156 0.01074219
v 0.21191406 0.27050781 0.05566407
v 0.21191406 0.27050781 0.05566407
v 0.21386719 0.27636719 0.09472656
v 0.21386719 0.27636719 0.09472656
v 0.21386719 0.27636719 0.09472656
v 0.21386719 0.28222656 0.09667969
v 0.21386719 0.28222656 0.09667969
v 0.21386719 0.28613281 0.09277344
v 0.21386719 0.28613281 0.09277344
v 0.21386719 0.28613281 0.09277344
v 0.21191406 0.28808594 0.05566407
v 0.21191406 0.28808594 0.05566407
v 0.20800781 0.28613281 0.01074219
v 0.20800781 0.28613281 0.01074219
v 0.20800781 0.28613281 0.01074219
v 0.17871094 0.28808594 0.01269532
v 0.17675781 0.29589844 -0.02636719
v 0.14550781 0.29589844 -0.05761718
v 0.12011719 0.28808594 -0.05371093
v 0.12011719 0.28808594 -0.05371093
v 0.14550781 0.29199219 -0.06152343
v 0.14550781 0.29199219 -0.06152343
v 0.14550781 0.29199219 -0.06152343
v 0.14355469 0.28613281 -0.05957031
v 0.17480469 0.27832031 -0.02832031
v 0.17871094 0.26855469 0.01269532
v 0.18261719 0.27246094 0.05761719
v 0.18652344 0.27832031 0.09667969
v 0.18652344 0.28417969 0.09667969
v 0.18652344 0.29003906 0.09472656
v 0.18261719 0.29003906 0.05957032
v 0.15136719 0.28613281 0.01464844
v 0.14941406 0.29394531 -0.02246094
v 0.12011719 0.29199219 -0.04980468
v 0.12011719 0.29199219 -0.04980468
v 0.09472656 0.28417969 -0.04003906
v 0.09472656 0.28417969 -0.04003906
v 0.09667969 0.28027344 -0.04199218
v 0.09667969 0.28027344 -0.04199218
v 0.09472656 0.27441406 -0.04199218
v 0.09472656 0.27441406 -0.04199218
v 0.11816406 0.28222656 -0.05175781
v 0.11816406 0.28222656 -0.05175781
v 0.12011719 0.27246094 -0.01855469
v 0.12011719 0.27246094 -0.01855469
v 0.12011719 0.27246094 -0.01855469
v 0.14746094 0.27636719 -0.02441406
v 0.15136719 0.26855469 0.01464844
v 0.15332031 0.27246094 0.05761719
v 0.15722656 0.27636719 0.09277344
v 0.15917969 0.28417969 0.09472656
v 0.15917969 0.28808594 0.09082031
v 0.15527344 0.29003906 0.05761719
v 0.12402344 0.28027344 0.01660156
v 0.12207031 0.29003906 -0.01855469
v 0.12207031 0.29003906 -0.01855469
v 0.12207031 0.29003906 -0.01855469
v 0.09667969 0.28222656 -0.01269531
v 0.09667969 0.28222656 -0.01269531
v 0.07324219 0.27246094 -0.00878906
v 0.07324219 0.27441406 -0.02832031
v 0.07324219 0.27050781 -0.03222656
v 0.05371094 0.26269531 -0.01855469
v 0.05371094 0.26269531 -0.01855469
v 0.05175782 0.25878906 -0.02050781
v 0.05175782 0.25878906 -0.02050781
v 0.05175782 0.25488281 -0.01855469
v 0.05175782 0.25488281 -0.01855469
v 0.07128906 0.26464844 -0.03027344
v 0.09472656 0.26660156 -0.01464843
v 0.09472656 0.26660156 -0.01464843
v 0.12402344 0.26464844 0.01660156
v 0.12402344 0.26464844 0.01660156
v 0.12597656 0.26855469 0.05566407
v 0.12988281 0.27246094 0.08691406
v 0.13183594 0.28027344 0.08886719
v 0.13183594 0.28417969 0.08496094
v 0.12597656 0.28417969 0.05566407
v 0.09863281 0.27441406 0.01660156
v 0.09863281 0.27441406 0.01660156
v 0.07519531 0.26464844 0.01660156
v 0.05371094 0.26074219 -0.00097656
v 0.05371094 0.26074219 -0.00097656
v 0.03417969 0.25097656 -0.00878906
v 0.01269532 0.23730469 0.00488282
v 0.01269532 0.23730469 0.00488282
v 0.01464844 0.23730469 0.00292969
v 0.01464844 0.23535156 0.00292969
v 0.01464844 0.23339844 0.00292969
v 0.02050781 0.23925781 -0.00292968
v 0.02050781 0.24121094 -0.00097656
v 0.03417969 0.24707031 -0.01074218
v 0.03417969 0.24511719 -0.00878906
v 0.05175782 0.24707031 -0.00097656
v 0.05175782 0.24707031 -0.00097656
v 0.07324219 0.25683594 -0.00683593
v 0.09863281 0.25878906 0.01660156
v 0.09863281 0.25878906 0.01660156
v 0.10058594 0.26269531 0.04980469
v 0.10058594 0.26269531 0.04980469
v 0.10449219 0.26855469 0.07714844
v 0.10644531 0.27246094 0.07910156
v 0.10449219 0.27636719 0.07714844
v 0.10058594 0.27636719 0.05175782
v 0.10058594 0.27636719 0.05175782
v 0.07714844 0.26855469 0.04589844
v 0.05371094 0.25488281 0.01660156
v 0.05371094 0.25488281 0.01660156
v 0.03613282 0.24707031 0.01855469
v 0.03613282 0.24707031 0.01855469
v 0.03417969 0.24902344 0.00292969
v 0.02246094 0.24316406 0.00683594
v 0.01660156 0.23925781 0.01074219
v 0.01660156 0.23925781 0.01074219
v 0.01269532 0.23535156 0.01074219
v 0.01269532 0.23535156 0.01074219
v 0.01074219 0.23339844 0.01074219
v 0.01269532 0.23339844 0.00683594
v 0.01269532 0.23339844 0.00683594
v 0.01269532 0.23144531 0.00683594
v 0.01269532 0.23144531 0.00683594
v 0.02050781 0.23730469 -0.00292968
v 0.03417969 0.23925781 0.00292969
v 0.05371094 0.24316406 0.01660156
v 0.05371094 0.24316406 0.01660156
v 0.07519531 0.25292969 0.01660156
v 0.07714844 0.25488281 0.04199219
v 0.08105469 0.26074219 0.06542969
v 0.08105469 0.26074219 0.06542969
v 0.08105469 0.26464844 0.06933594
v 0.08105469 0.26464844 0.06933594
v 0.08105469 0.26855469 0.06542969
v 0.08105469 0.26855469 0.06542969
v 0.08105469 0.26855469 0.06542969
v 0.05566407 0.25683594 0.03808594
v 0.05566407 0.25683594 0.03808594
v 0.03613282 0.24707031 0.03222657
v 0.03613282 0.24707031 0.03222657
v 0.03613282 0.24707031 0.03222657
v 0.02246094 0.23925781 0.01855469
v 0.02246094 0.23925781 0.01855469
v 0.01464844 0.23535156 0.02636719
v 0.01464844 0.23535156 0.01855469
v 0.01464844 0.23535156 0.01855469
v 0.01269532 0.23339844 0.01855469
v 0.01269532 0.23144531 0.01074219
v 0.01269532 0.23144531 0.01074219
v 0.02050781 0.23144531 0.00683594
v 0.02050781 0.23144531 0.00683594
v 0.03417969 0.23730469 0.01660156
v 0.05371094 0.24511719 0.03808594
v 0.05371094 0.24511719 0.03808594
v 0.05566407 0.24902344 0.05175782
v 0.05566407 0.24902344 0.05175782
v 0.05566407 0.24902344 0.05175782
v 0.05761719 0.25488281 0.05566407
v 0.05761719 0.25878906 0.05371094
v 0.05761719 0.25878906 0.05371094
v 0.05761719 0.25878906 0.05371094
v 0.03808594 0.24902344 0.04394532
v 0.03808594 0.24902344 0.04394532
v 0.03808594 0.24902344 0.04394532
v 0.02441406 0.23925781 0.03808594
v 0.02246094 0.23925781 0.02832032
v 0.01855469 0.23925781 0.02636719
v 0.01660156 0.23730469 0.03027344
v 0.01464844 0.23339844 0.02441407
v 0.01464844 0.23144531 0.02636719
v 0.01464844 0.22949219 0.01660156
v 0.01464844 0.22949219 0.01660156
v 0.03613282 0.23730469 0.03222657
v 0.03613282 0.23730469 0.03222657
v 0.03613282 0.23730469 0.03222657
v 0.03613282 0.23730469 0.03222657
v 0.03808594 0.24316406 0.04589844
v 0.03808594 0.24316406 0.04589844
v 0.03808594 0.24511719 0.04589844
v 0.03808594 0.24511719 0.04589844
v 0.03808594 0.24511719 0.04589844
v 0.02636719 0.23730469 0.04199219
v 0.01855469 0.23730469 0.03417969
v 0.01464844 0.23339844 0.03027344
v 0.01660156 0.23144531 0.03027344
v 0.01855469 0.23144531 0.02636719
v 0.02636719 0.23535156 0.04199219
v 0.01855469 0.23535156 0.03417969
v 0.01855469 0.23339844 0.03417969
v 0.03222657 0.19042969 -0.31933594
v 0.03222657 0.19433594 -0.31933594
v 0.03613282 0.19433594 -0.31738281
v 0.03417969 0.19628906 -0.31738281
v 0.04199219 0.20214844 -0.31152344
v 0.03613282 0.20410156 -0.31152344
v 0.02832032 0.19238281 -0.31933594
v 0.02832032 0.19042969 -0.32128906
v 0.02441406 0.19433594 -0.31933594
v 0.02441406 0.19238281 -0.31933594
v 0.02050781 0.19628906 -0.31738281
v 0.02050781 0.19628906 -0.31738281
v 0.02050781 0.19433594 -0.31933594
v 0.02050781 0.19433594 -0.31933594
v 0.02050781 0.19238281 -0.31738281
v 0.02441406 0.19042969 -0.31738281
v 0.02441406 0.19042969 -0.31738281
v 0.02832032 0.19042969 -0.31933594
v 0.03222657 0.19042969 -0.31738281
v 0.03613282 0.19238281 -0.31738281
v 0.04199219 0.20019531 -0.30957031
v 0.04394532 0.20214844 -0.31152344
v 0.05175782 0.21582031 -0.30175781
v 0.04199219 0.21777344 -0.29785156
v 0.02636719 0.20214844 -0.31152344
v 0.02636719 0.20214844 -0.31152344
v 0.01464844 0.20605469 -0.31152344
v 0.01464844 0.20605469 -0.31152344
v 0.01269532 0.20605469 -0.31152344
v 0.01269532 0.20605469 -0.31152344
v 0.01074219 0.20410156 -0.31152344
v 0.01074219 0.20410156 -0.30957031
v 0.01074219 0.20410156 -0.30957031
v 0.01660156 0.20214844 -0.30957031
v 0.01660156 0.20214844 -0.30957031
v 0.02636719 0.19824219 -0.30957031
v 0.02636719 0.19824219 -0.30957031
v 0.03613282 0.20019531 -0.30957031
v 0.04199219 0.20800781 -0.29785156
v 0.04199219 0.20800781 -0.29785156
v 0.05371094 0.21191406 -0.29785156
v 0.05371094 0.21386719 -0.29980469
v 0.06347656 0.23144531 -0.28613281
v 0.04785157 0.23339844 -0.28417969
v 0.04785157 0.23339844 -0.28417969
v 0.02636719 0.21777344 -0.29785156
v 0.02636719 0.21777344 -0.29785156
v 0.01074219 0.21777344 -0.30175781
v 0.00292969 0.21777344 -0.30175781
v 0.00097657 0.21582031 -0.30175781
v 0.00097657 0.21386719 -0.29980469
v 0.01074219 0.20996094 -0.29980469
v 0.02636719 0.20605469 -0.29785156
v 0.02636719 0.20605469 -0.29785156
v 0.02636719 0.21582031 -0.28613281
v 0.02636719 0.21582031 -0.28613281
v 0.04589844 0.22167969 -0.28613281
v 0.04589844 0.22167969 -0.28613281
v 0.06542969 0.22753906 -0.28222656
v 0.06542969 0.22949219 -0.28417969
v 0.07519531 0.24511719 -0.26660156
v 0.07128906 0.24707031 -0.26855469
v 0.05175782 0.24511719 -0.26855469
v 0.05175782 0.24511719 -0.26855469
v 0.05175782 0.24511719 -0.26855469
v 0.02636719 0.22363281 -0.28808594
v 0.00292969 0.23535156 -0.28417969
v -0.01074218 0.23730469 -0.28613281
v -0.01269531 0.23339844 -0.28808594
v -0.00683594 0.22949219 -0.28808594
v 0.00488282 0.22558594 -0.28417969
v 0.02441406 0.22753906 -0.26855469
v 0.05175782 0.23730469 -0.26269531
v 0.05175782 0.23730469 -0.26269531
v 0.05175782 0.23730469 -0.26269531
v 0.07324219 0.24121094 -0.26269531
v 0.08691406 0.26074219 -0.24511719
v 0.08300781 0.26269531 -0.24707031
v 0.08300781 0.26269531 -0.24707031
v 0.05566407 0.26074219 -0.24902344
v 0.05566407 0.26074219 -0.24902344
v 0.02441406 0.23730469 -0.27050781
v -0.00292968 0.24707031 -0.27050781
v -0.02246094 0.25097656 -0.27246094
v -0.02441406 0.24902344 -0.27246094
v -0.01855469 0.24511719 -0.27050781
v -0.00097656 0.23730469 -0.27050781
v 0.02246094 0.24121094 -0.25292969
v 0.02246094 0.24121094 -0.25292969
v 0.05566407 0.25292969 -0.24511719
v 0.05566407 0.25292969 -0.24511719
v 0.05566407 0.25292969 -0.24511719
v 0.05566407 0.25292969 -0.24511719
v 0.08496094 0.25878906 -0.24121094
v 0.08496094 0.25878906 -0.24121094
v 0.09472656 0.27246094 -0.21972656
v 0.09472656 0.27246094 -0.21972656
v 0.08691406 0.27636719 -0.22363281
v 0.08691406 0.27636719 -0.22363281
v 0.05957032 0.27441406 -0.22558594
v 0.02050781 0.27050781 -0.22753906
v 0.02441406 0.24707031 -0.25683594
v 0.02441406 0.24707031 -0.25683594
v -0.00878906 0.26074219 -0.25292969
v -0.03613281 0.26855469 -0.25097656
v -0.03808593 0.26464844 -0.25097656
v -0.03613281 0.26074219 -0.24902344
v -0.00683594 0.24902344 -0.25097656
v -0.00683594 0.24902344 -0.25097656
v 0.02050781 0.25683594 -0.22167969
v 0.02050781 0.25683594 -0.22167969
v 0.06152344 0.26269531 -0.22363281
v 0.09472656 0.26855469 -0.21972656
v 0.09472656 0.26855469 -0.21972656
v 0.10058594 0.28222656 -0.19433594
v 0.10058594 0.28222656 -0.19433594
v 0.09667969 0.28613281 -0.19433594
v 0.09667969 0.28613281 -0.19433594
v 0.05957032 0.28613281 -0.19824219
v 0.02050781 0.28222656 -0.20214844
v -0.01464843 0.27832031 -0.22949219
v -0.01464843 0.27832031 -0.22949219
v -0.04589843 0.28027344 -0.22949219
v -0.04589843 0.28027344 -0.22949219
v -0.04980468 0.27636719 -0.22949219
v -0.04980468 0.27636719 -0.22949219
v -0.04785156 0.27050781 -0.22949219
v -0.04785156 0.27050781 -0.22949219
v -0.01660156 0.26269531 -0.22753906
v -0.01660156 0.26269531 -0.22753906
v 0.02050781 0.26464844 -0.20214844
v 0.06152344 0.27050781 -0.19824219
v 0.09863281 0.27636719 -0.19433594
v 0.09863281 0.27636719 -0.19433594
v 0.10058594 0.28808594 -0.16503906
v 0.09667969 0.29199219 -0.16699219
v 0.06152344 0.29199219 -0.17089844
v 0.01660156 0.28808594 -0.17285156
v -0.02246094 0.28808594 -0.20214844
v -0.05566406 0.29003906 -0.20214844
v -0.05761718 0.28417969 -0.20410156
v -0.05761718 0.28417969 -0.20410156
v -0.05761718 0.28417969 -0.20410156
v -0.05566406 0.27832031 -0.20410156
v -0.02050781 0.27050781 -0.20410156
v -0.02246094 0.27636719 -0.17675781
v 0.01660156 0.26855469 -0.17285156
v 0.06152344 0.27441406 -0.17089844
v 0.10058594 0.28027344 -0.16503906
v 0.09863281 0.29003906 -0.13769531
v 0.09472656 0.29394531 -0.13769531
v 0.05957032 0.29394531 -0.13964844
v 0.01464844 0.29003906 -0.14355469
v -0.02441406 0.29394531 -0.17675781
v -0.06347656 0.29394531 -0.17480469
v -0.06542969 0.29003906 -0.17675781
v -0.06347656 0.28417969 -0.17871094
v -0.06347656 0.28417969 -0.17871094
v -0.06542969 0.28613281 -0.14941406
v -0.02636719 0.27832031 -0.14746094
v 0.01464844 0.27050781 -0.14355469
v 0.05957032 0.27636719 -0.13964844
v 0.09667969 0.28222656 -0.13769531
v 0.08886719 0.28222656 -0.11035156
v 0.09082031 0.28808594 -0.11035156
v 0.08691406 0.29199219 -0.11230469
v 0.05371094 0.29199219 -0.11230469
v 0.01269532 0.28808594 -0.11621094
v -0.02636719 0.29589844 -0.14746094
v -0.06738281 0.29589844 -0.14941406
v -0.06933594 0.29003906 -0.14941406
v -0.06933594 0.29003906 -0.14941406
v -0.06347656 0.28222656 -0.12207031
v -0.02636719 0.27636719 -0.12011719
v 0.01269532 0.27050781 -0.11621094
v 0.05371094 0.27441406 -0.11230469
v 0.04785157 0.27050781 -0.08496094
v 0.07910156 0.27636719 -0.08496094
v 0.08105469 0.28222656 -0.08496094
v 0.07714844 0.28613281 -0.08496094
v 0.04785157 0.28613281 -0.08496094
v 0.01074219 0.28222656 -0.08886719
v -0.02636719 0.29394531 -0.12011719
v -0.06738281 0.29199219 -0.12207031
v -0.06933594 0.28808594 -0.12207031
v -0.06933594 0.28808594 -0.12207031
v -0.05957031 0.27832031 -0.09667969
v -0.02636719 0.27050781 -0.09082031
v 0.01074219 0.26464844 -0.08886719
v 0.00683594 0.25878906 -0.06347656
v 0.04003907 0.26269531 -0.06152343
v 0.06542969 0.27050781 -0.06152343
v 0.06542969 0.27050781 -0.06152343
v 0.05175782 0.26074219 -0.03808593
v 0.05175782 0.26074219 -0.03808593
v 0.05175782 0.26074219 -0.03808593
v 0.01464844 0.23339844 0.01269532
v 0.01464844 0.22949219 0.01269532
v 0.01464844 0.22949219 0.01269532
v 0.01855469 0.23730469 0.00878907
v 0.01855469 0.23730469 0.00878907
v 0.01855469 0.23339844 0.00878907
v 0.01855469 0.23339844 0.00878907
v 0.02636719 0.23925781 -0.00292968
v 0.02832032 0.24316406 -0.00292968
v 0.03613282 0.24902344 -0.01855469
v 0.04003907 0.25488281 -0.02050781
v 0.05371094 0.26464844 -0.04003906
v 0.05371094 0.26464844 -0.04003906
v 0.06738281 0.27441406 -0.06152343
v 0.06738281 0.27441406 -0.06152343
v 0.06542969 0.27832031 -0.06152343
v 0.06542969 0.27832031 -0.06152343
v 0.04003907 0.27636719 -0.06152343
v 0.00683594 0.27246094 -0.06347656
v -0.02441406 0.28808594 -0.09277344
v -0.06347656 0.28613281 -0.09667969
v -0.06542969 0.28222656 -0.09667969
v -0.06542969 0.28222656 -0.09667969
v -0.06542969 0.28222656 -0.09667969
v -0.05175781 0.27050781 -0.07128906
v -0.05175781 0.27050781 -0.07128906
v -0.02441406 0.26269531 -0.06542969
v 0.00488282 0.25097656 -0.04199218
v 0.02832032 0.25292969 -0.04003906
v 0.02832032 0.25292969 -0.04003906
v 0.02246094 0.24316406 -0.01855469
v 0.02246094 0.24316406 -0.01855469
v 0.01464844 0.23535156 -0.00292968
v 0.01464844 0.23535156 -0.00292968
v 0.00878907 0.23144531 0.00878907
v 0.00878907 0.23144531 0.00878907
v 0.00683594 0.22949219 0.01269532
v 0.01074219 0.22949219 0.01464844
v 0.01074219 0.23144531 0.01660156
v 0.01074219 0.23535156 0.01660156
v 0.01464844 0.23535156 0.01269532
v 0.01464844 0.23535156 0.01269532
v 0.01660156 0.23925781 0.00683594
v 0.02441406 0.24511719 -0.00292968
v 0.03613282 0.25683594 -0.02050781
v 0.04980469 0.26855469 -0.04003906
v 0.04980469 0.26855469 -0.04003906
v 0.04980469 0.26855469 -0.04003906
v 0.03222657 0.26660156 -0.04003906
v 0.03222657 0.26660156 -0.04003906
v 0.00488282 0.26269531 -0.04199218
v -0.02246094 0.27832031 -0.06738281
v -0.05371093 0.27832031 -0.07128906
v -0.05371093 0.27832031 -0.07128906
v -0.05761718 0.27441406 -0.07128906
v -0.04199218 0.26074219 -0.04589843
v -0.04199218 0.26074219 -0.04589843
v -0.01855469 0.25292969 -0.04394531
v -0.01855469 0.25292969 -0.04394531
v -0.01464843 0.24316406 -0.02050781
v -0.01464843 0.24316406 -0.02050781
v 0.00292969 0.24121094 -0.02050781
v 0.00292969 0.24121094 -0.02050781
v 0.00097657 0.23339844 -0.00292968
v 0.00097657 0.23339844 -0.00292968
v 0.00097657 0.23339844 -0.00292968
v 0.00097657 0.23339844 -0.00292968
v -0.00097656 0.22949219 0.00878907
v -0.00097656 0.22753906 0.01269532
v -0.00097656 0.22753906 0.01464844
v 0.00683594 0.22753906 0.01464844
v 0.00488282 0.23144531 0.01660156
v 0.00683594 0.23730469 0.01269532
v 0.01074219 0.23925781 0.00683594
v 0.01074219 0.23925781 0.00683594
v 0.01464844 0.24511719 -0.00292968
v 0.02246094 0.25488281 -0.01855469
v 0.02246094 0.25488281 -0.01855469
v 0.00292969 0.25097656 -0.02050781
v -0.02050781 0.26855469 -0.04394531
v -0.02050781 0.26855469 -0.04394531
v -0.04589843 0.26855469 -0.04785156
v -0.04589843 0.26855469 -0.04785156
v -0.04785156 0.26464844 -0.04785156
v -0.03222656 0.24902344 -0.02441406
v -0.01269531 0.23535156 -0.00488281
v -0.00878906 0.23144531 0.00683594
v -0.00878906 0.23144531 0.00683594
v -0.00878906 0.22949219 0.01269532
v -0.01464843 0.22949219 0.01464844
v -0.00878906 0.22753906 0.01464844
v -0.00878906 0.23144531 0.01660156
v -0.00097656 0.23144531 0.01660156
v -0.00097656 0.23535156 0.01464844
v -0.00097656 0.23925781 0.00878907
v -0.00097656 0.23925781 0.00878907
v 0.00097657 0.24707031 -0.01074218
v 0.00097657 0.24707031 -0.01074218
v 0.00097657 0.24707031 -0.01074218
v 0.00097657 0.24707031 -0.01074218
v -0.01660156 0.25488281 -0.02246094
v -0.01660156 0.25488281 -0.02246094
v -0.03417968 0.25683594 -0.02636719
v -0.03613281 0.25292969 -0.02636719
v -0.02636719 0.23925781 -0.00683593
v -0.02050781 0.23339844 0.00488282
v -0.01464843 0.22949219 0.01269532
v -0.01464843 0.22949219 0.01269532
v -0.01269531 0.23144531 0.01660156
v -0.00878906 0.23730469 0.01269532
v -0.01074218 0.24121094 0.00488282
v -0.01074218 0.24121094 0.00488282
v -0.01269531 0.24511719 -0.00488281
v -0.02441406 0.24511719 -0.00683593
v -0.02636719 0.24316406 -0.00683593
v -0.02050781 0.23535156 0.00488282
v -0.01660156 0.23144531 0.01269532
v -0.01660156 0.23144531 0.01269532
v -0.01660156 0.23535156 0.01269532
v -0.01660156 0.23535156 0.01269532
v -0.01855469 0.24121094 0.00292969
v 0.05371094 0.48339844 0.06738281
v 0.04394532 0.48730469 0.06933594
v 0.05175782 0.48144531 0.07910156
v 0.04589844 0.48339844 0.08496094
v 0.03417969 0.48730469 0.08691406
v 0.02441406 0.49511719 0.07128906
v 0.02441406 0.49316406 0.07910156
v 0.03027344 0.49511719 0.05957032
v 0.04785157 0.48730469 0.05761719
v 0.04003907 0.49316406 0.05371094
v 0.05175782 0.48925781 0.05175782
v 0.05175782 0.48925781 0.05175782
v 0.05957032 0.48339844 0.06542969
v 0.05957032 0.48339844 0.06542969
v 0.05761719 0.48144531 0.08105469
v 0.04589844 0.48339844 0.09277344
v 0.03027344 0.48925781 0.09472656
v 0.01855469 0.49511719 0.08496094
v 0.01660156 0.49902344 0.07128906
v 0.02441406 0.49902344 0.05566407
v 0.03808594 0.49511719 0.04785157
v 0.03613282 0.49316406 0.04199219
v 0.03613282 0.49316406 0.04199219
v 0.03613282 0.49316406 0.04199219
v 0.05175782 0.48535156 0.04589844
v 0.05175782 0.48535156 0.04589844
v 0.06152344 0.47753906 0.06152344
v 0.06152344 0.47753906 0.06152344
v 0.05761719 0.47558594 0.08105469
v 0.04394532 0.47753906 0.09472656
v 0.02832032 0.48535156 0.09863281
v 0.01464844 0.49316406 0.08691406
v 0.01074219 0.49902344 0.06738281
v 0.01855469 0.49902344 0.04980469
v 0.03222657 0.48339844 0.03808594
v 0.03222657 0.48339844 0.03808594
v 0.04785157 0.47558594 0.04199219
v 0.04785157 0.47558594 0.04199219
v 0.05761719 0.46972656 0.05761719
v 0.05761719 0.46972656 0.05761719
v 0.05566407 0.46582031 0.07714844
v 0.04199219 0.46777344 0.09277344
v 0.02441406 0.47558594 0.09472656
v 0.01074219 0.48339844 0.08300781
v 0.01074219 0.48339844 0.08300781
v 0.00683594 0.48925781 0.06347656
v 0.00683594 0.48925781 0.06347656
v 0.01464844 0.48925781 0.04589844
v 0.01464844 0.48925781 0.04589844
v 0.02441406 0.46386719 0.03222657
v 0.04199219 0.45800781 0.03613282
v 0.04199219 0.45800781 0.03613282
v 0.04199219 0.45800781 0.03613282
v 0.04199219 0.45800781 0.03613282
v 0.04980469 0.45019531 0.05175782
v 0.04980469 0.45019531 0.05175782
v 0.04785157 0.44824219 0.07128906
v 0.03417969 0.45019531 0.08496094
v 0.01660156 0.45605469 0.08691406
v 0.00292969 0.46191406 0.07519531
v 0.00292969 0.46191406 0.07519531
v 0.00097657 0.46777344 0.05761719
v 0.00878907 0.46777344 0.04003907
v 0.01464844 0.42480469 0.02050782
v 0.03027344 0.41894531 0.02441407
v 0.03027344 0.41894531 0.02441407
v 0.03808594 0.41308594 0.03808594
v 0.03808594 0.41308594 0.03808594
v 0.03613282 0.40917969 0.05566407
v 0.02246094 0.41113281 0.06738281
v 0.00683594 0.41503906 0.06933594
v 0.00683594 0.41503906 0.06933594
v -0.00683594 0.42089844 0.05957032
v -0.00683594 0.42089844 0.05957032
v -0.00878906 0.42480469 0.04199219
v -0.00097656 0.42675781 0.02636719
v 0.00683594 0.38574219 0.00878907
v 0.00683594 0.38574219 0.00878907
v 0.01855469 0.34472656 0.00292969
v 0.01855469 0.34472656 0.00292969
v 0.01855469 0.34472656 0.00292969
v 0.01855469 0.34472656 0.00292969
v 0.02246094 0.38183594 0.01269532
v 0.02246094 0.38183594 0.01269532
v 0.03222657 0.37792969 0.02636719
v 0.03222657 0.37792969 0.02636719
v 0.02832032 0.37402344 0.04394532
v 0.01660156 0.37402344 0.05371094
v 0.01660156 0.37402344 0.05371094
v -0.00097656 0.37597656 0.05566407
v -0.00097656 0.37597656 0.05566407
v -0.00097656 0.37597656 0.05566407
v -0.01269531 0.38183594 0.04589844
v -0.01660156 0.38574219 0.02832032
v -0.00878906 0.38769531 0.01464844
v 0.00292969 0.34863281 -0.00097656
v 0.00292969 0.34863281 -0.00097656
v 0.00292969 0.34863281 -0.00097656
v 0.00292969 0.34863281 -0.00097656
v 0.01660156 0.30957031 -0.00488281
v 0.01660156 0.30957031 -0.00488281
v 0.01660156 0.30957031 -0.00488281
v 0.02441406 0.30566406 0.00878907
v 0.02441406 0.30566406 0.00878907
v 0.02441406 0.30566406 0.00878907
v 0.02636719 0.34082031 0.01660156
v 0.02636719 0.34082031 0.01660156
v 0.02636719 0.34082031 0.01660156
v 0.02441406 0.33886719 0.03222657
v 0.02441406 0.33886719 0.03222657
v 0.01269532 0.33691406 0.04199219
v 0.01269532 0.33691406 0.04199219
v -0.00488281 0.33886719 0.04394532
v -0.00488281 0.33886719 0.04394532
v -0.01660156 0.34277344 0.03417969
v -0.01660156 0.34277344 0.03417969
v -0.01855469 0.34667969 0.01855469
v -0.01855469 0.34667969 0.01855469
v -0.01855469 0.34667969 0.01855469
v -0.01074218 0.34863281 0.00488282
v -0.01074218 0.34863281 0.00488282
v -0.01074218 0.34863281 0.00488282
v 0.00292969 0.31152344 -0.00878906
v 0.00292969 0.31152344 -0.00878906
v 0.00292969 0.31152344 -0.00878906
v 0.01660156 0.27246094 -0.00878906
v 0.02441406 0.27050781 0.00488282
v 0.02246094 0.26855469 0.01855469
v 0.02246094 0.26855469 0.01855469
v 0.02246094 0.30371094 0.02441407
v 0.02246094 0.30371094 0.02441407
v 0.02246094 0.30371094 0.02441407
v 0.02246094 0.30371094 0.02441407
v 0.01074219 0.30175781 0.03417969
v 0.01074219 0.30175781 0.03417969
v -0.00488281 0.30371094 0.03417969
v -0.00488281 0.30371094 0.03417969
v -0.01855469 0.30566406 0.02441407
v -0.01855469 0.30566406 0.02441407
v -0.01855469 0.30566406 0.02441407
v -0.02050781 0.30957031 0.01074219
v -0.02050781 0.30957031 0.01074219
v -0.01269531 0.31152344 -0.00292968
v 0.00097657 0.27441406 -0.01464843
v 0.00097657 0.27441406 -0.01464843
v 0.00097657 0.27441406 -0.01464843
v 0.01660156 0.24316406 -0.01074218
v 0.01660156 0.24316406 -0.01074218
v 0.02441406 0.24121094 0.00292969
v 0.02246094 0.23535156 0.02050782
v 0.02246094 0.23535156 0.02050782
v 0.01269532 0.22363281 0.02832032
v 0.01074219 0.23730469 0.02832032
v 0.01074219 0.26855469 0.02832032
v -0.00488281 0.26855469 0.03027344
v -0.01855469 0.27050781 0.02050782
v -0.01855469 0.27050781 0.02050782
v -0.02050781 0.27246094 0.00488282
v -0.02050781 0.27246094 0.00488282
v -0.01269531 0.27441406 -0.00878906
v -0.01269531 0.27441406 -0.00878906
v 0.00292969 0.24316406 -0.01660156
v 0.00292969 0.24316406 -0.01660156
v 0.00292969 0.24316406 -0.01660156
v 0.00292969 0.24316406 -0.01660156
v 0.01855469 0.22753906 -0.01074218
v 0.01855469 0.22753906 -0.01074218
v 0.00488282 0.20605469 -0.01464843
v 0.00488282 0.20605469 -0.01464843
v 0.00488282 0.20605469 -0.01464843
v 0.01855469 0.20605469 -0.01074218
v 0.01855469 0.21386719 -0.01074218
v 0.02636719 0.22558594 0.00292969
v 0.02246094 0.22363281 0.01855469
v 0.02246094 0.22363281 0.01855469
v 0.02441406 0.20996094 0.01855469
v 0.02441406 0.20996094 0.01855469
v 0.01269532 0.20996094 0.02832032
v -0.00292968 0.22363281 0.02832032
v -0.00488281 0.23730469 0.02832032
v -0.01660156 0.23925781 0.01855469
v -0.01660156 0.23925781 0.01855469
v -0.02050781 0.23925781 0.00488282
v -0.01269531 0.24316406 -0.01074218
v -0.01074218 0.22753906 -0.01074218
v -0.01074218 0.22753906 -0.01074218
v -0.01074218 0.21582031 -0.01074218
v -0.01074218 0.20605469 -0.00878906
v -0.01074218 0.20605469 -0.00878906
v -0.01074218 0.20605469 -0.00878906
v 0.02636719 0.20410156 0.00292969
v 0.02636719 0.20410156 0.00292969
v 0.02441406 0.20214844 0.01855469
v 0.02441406 0.20214844 0.01855469
v 0.01269532 0.20214844 0.02832032
v -0.00292968 0.20214844 0.02832032
v -0.00292968 0.21191406 0.02832032
v -0.01464843 0.22558594 0.01855469
v -0.01464843 0.22558594 0.01855469
v -0.01855469 0.22558594 0.00292969
v -0.01660156 0.20605469 0.00488282
v -0.01660156 0.20605469 0.00488282
v -0.01464843 0.20410156 0.01855469
v -0.01464843 0.21191406 0.01855469
v -0.01464843 0.21191406 0.01855469
v 0.12988281 0.19042969 0.35449219
v 0.12988281 0.18652344 0.35644531
v 0.12988281 0.18652344 0.35644531
v 0.13378906 0.18847656 0.35449219
v 0.13378906 0.18457031 0.35644531
v 0.13378906 0.18457031 0.35644531
v 0.13769531 0.19042969 0.35253906
v 0.13769531 0.18652344 0.35253906
v 0.13769531 0.18652344 0.35253906
v 0.14160156 0.19238281 0.34863281
v 0.14160156 0.18847656 0.35058594
v 0.14160156 0.18652344 0.34863281
v 0.14160156 0.18652344 0.34863281
v 0.13769531 0.18457031 0.35058594
v 0.13378906 0.18261719 0.35253906
v 0.12988281 0.18457031 0.35449219
v 0.12402344 0.18652344 0.35449219
v 0.12597656 0.18847656 0.35644531
v 0.12597656 0.18847656 0.35644531
v 0.12597656 0.19042969 0.35449219
v 0.11425781 0.20019531 0.35058594
v 0.12011719 0.20019531 0.34863281
v 0.12988281 0.20019531 0.34472656
v 0.14355469 0.20214844 0.34082031
v 0.14746094 0.20214844 0.33886719
v 0.14746094 0.20019531 0.33886719
v 0.14746094 0.20019531 0.33886719
v 0.14746094 0.19824219 0.33691406
v 0.14746094 0.19824219 0.33691406
v 0.14160156 0.19628906 0.33886719
v 0.12988281 0.19238281 0.34277344
v 0.12011719 0.19433594 0.34667969
v 0.11230469 0.19433594 0.35058594
v 0.11230469 0.19433594 0.35058594
v 0.11425781 0.19824219 0.35058594
v 0.09667969 0.20996094 0.34277344
v 0.09863281 0.21191406 0.34472656
v 0.10839844 0.21582031 0.33691406
v 0.12402344 0.21582031 0.33105469
v 0.14160156 0.21582031 0.32714844
v 0.15136719 0.21582031 0.32519531
v 0.15332031 0.21386719 0.32324219
v 0.15332031 0.21386719 0.32324219
v 0.15136719 0.20996094 0.32128906
v 0.14160156 0.20605469 0.32519531
v 0.12402344 0.20214844 0.32910156
v 0.10839844 0.20410156 0.33691406
v 0.09472656 0.20800781 0.34082031
v 0.09472656 0.20800781 0.34082031
v 0.07519531 0.22363281 0.32910156
v 0.07519531 0.22363281 0.32910156
v 0.07519531 0.22558594 0.33105469
v 0.07910156 0.22949219 0.33300781
v 0.09472656 0.23144531 0.32324219
v 0.12011719 0.22167969 0.31933594
v 0.14160156 0.23535156 0.30761719
v 0.15722656 0.23535156 0.30371094
v 0.15917969 0.23144531 0.30371094
v 0.15917969 0.23144531 0.30371094
v 0.15332031 0.22753906 0.30566406
v 0.13964844 0.22167969 0.30761719
v 0.11816406 0.21191406 0.31738281
v 0.09667969 0.21972656 0.32519531
v 0.07910156 0.23339844 0.30371094
v 0.05761719 0.23730469 0.31347656
v 0.05761719 0.23730469 0.31347656
v 0.05761719 0.24121094 0.31738281
v 0.06152344 0.24511719 0.31738281
v 0.08300781 0.24316406 0.30957031
v 0.11230469 0.23535156 0.30175781
v 0.13964844 0.24707031 0.29199219
v 0.16113281 0.24902344 0.28417969
v 0.16308594 0.24511719 0.28417969
v 0.16308594 0.24511719 0.28417969
v 0.15722656 0.24316406 0.28417969
v 0.13378906 0.23535156 0.28417969
v 0.11230469 0.22167969 0.29980469
v 0.10449219 0.23535156 0.28222656
v 0.06738281 0.24707031 0.28613281
v 0.03613282 0.25292969 0.29394531
v 0.03613282 0.25292969 0.29394531
v 0.03613282 0.25683594 0.29785156
v 0.04199219 0.26074219 0.29785156
v 0.06933594 0.25878906 0.29199219
v 0.10644531 0.24511719 0.28808594
v 0.13769531 0.25878906 0.27246094
v 0.16308594 0.26660156 0.25878906
v 0.16699219 0.26269531 0.25683594
v 0.16699219 0.26269531 0.25683594
v 0.16503906 0.25878906 0.25683594
v 0.13183594 0.24902344 0.26269531
v 0.09277344 0.24902344 0.25097656
v 0.05371094 0.25488281 0.26660156
v 0.01855469 0.26074219 0.27636719
v 0.01855469 0.26074219 0.27636719
v 0.01660156 0.26855469 0.27636719
v 0.02636719 0.27050781 0.27636719
v 0.05566407 0.27050781 0.26855469
v 0.09472656 0.26660156 0.25683594
v 0.12988281 0.27636719 0.24316406
v 0.16113281 0.28027344 0.23144531
v 0.16503906 0.27441406 0.23144531
v 0.16503906 0.27441406 0.23144531
v 0.16308594 0.26660156 0.23144531
v 0.13183594 0.25878906 0.24316406
v 0.12402344 0.26464844 0.21582031
v 0.12402344 0.26464844 0.21582031
v 0.08300781 0.25488281 0.22949219
v 0.04003907 0.26074219 0.24121094
v 0.00292969 0.26855469 0.25097656
v 0.00097657 0.27636719 0.25097656
v 0.00097657 0.27636719 0.25097656
v 0.00683594 0.28027344 0.25097656
v 0.04394532 0.28222656 0.24121094
v 0.08300781 0.27636719 0.22949219
v 0.12402344 0.28613281 0.21582031
v 0.12402344 0.28613281 0.21582031
v 0.15527344 0.28808594 0.20410156
v 0.15527344 0.28808594 0.20410156
v 0.15527344 0.28808594 0.20410156
v 0.15917969 0.28222656 0.20410156
v 0.15917969 0.28222656 0.20410156
v 0.15917969 0.28222656 0.20410156
v 0.15917969 0.27441406 0.20410156
v 0.15917969 0.27441406 0.20410156
v 0.13574219 0.27832031 0.14941406
v 0.13574219 0.27832031 0.14941406
v 0.14941406 0.27832031 0.17675781
v 0.14941406 0.27832031 0.17675781
v 0.11425781 0.26855469 0.18652344
v 0.07128906 0.25878906 0.20019531
v 0.07128906 0.25878906 0.20019531
v 0.02832032 0.26464844 0.21191406
v 0.02832032 0.26464844 0.21191406
v -0.00683594 0.27050781 0.22167969
v -0.00683594 0.27050781 0.22167969
v -0.00878906 0.28027344 0.22363281
v -0.00878906 0.28027344 0.22363281
v -0.00488281 0.28613281 0.22167969
v -0.00488281 0.28613281 0.22167969
v 0.02832032 0.28613281 0.21191406
v 0.02832032 0.28613281 0.21191406
v 0.07128906 0.28027344 0.20019531
v 0.07128906 0.28027344 0.20019531
v 0.11425781 0.29003906 0.18847656
v 0.14746094 0.29394531 0.17675781
v 0.14746094 0.29394531 0.17675781
v 0.15136719 0.28613281 0.17675781
v 0.15136719 0.28613281 0.17675781
v 0.15136719 0.28613281 0.17675781
v 0.13769531 0.28808594 0.14941406
v 0.12207031 0.28417969 0.12597656
v 0.10253906 0.27050781 0.10058594
v 0.10253906 0.27050781 0.10058594
v 0.10449219 0.27832031 0.10253906
v 0.12011719 0.27441406 0.12402344
v 0.12011719 0.27441406 0.12402344
v 0.10253906 0.26855469 0.15917969
v 0.06152344 0.25878906 0.17089844
v 0.02050781 0.26464844 0.18261719
v -0.01464843 0.27246094 0.19238281
v -0.01464843 0.27246094 0.19238281
v -0.01464843 0.28027344 0.19433594
v -0.01464843 0.28027344 0.19433594
v -0.01464843 0.28027344 0.19433594
v -0.01074218 0.28613281 0.19433594
v 0.02050781 0.28613281 0.18261719
v 0.06152344 0.28222656 0.17285156
v 0.10253906 0.29003906 0.16113281
v 0.13378906 0.29394531 0.15136719
v 0.13378906 0.29394531 0.15136719
v 0.11816406 0.29003906 0.12597656
v 0.11816406 0.29003906 0.12597656
v 0.10253906 0.28222656 0.10253906
v 0.10253906 0.28222656 0.10253906
v 0.10253906 0.28222656 0.10253906
v 0.08496094 0.27441406 0.08105469
v 0.08496094 0.27441406 0.08105469
v 0.08691406 0.27050781 0.08105469
v 0.08691406 0.27050781 0.08105469
v 0.08496094 0.26269531 0.07910156
v 0.08496094 0.26269531 0.07910156
v 0.06933594 0.25878906 0.05957032
v 0.02832032 0.23144531 0.01855469
v 0.02246094 0.22949219 0.01660156
v 0.02246094 0.22949219 0.01660156
v 0.02246094 0.23339844 0.01660156
v 0.02246094 0.23339844 0.01660156
v 0.01855469 0.23144531 0.01660156
v 0.01855469 0.23144531 0.01660156
v 0.01464844 0.22949219 0.01855469
v 0.01464844 0.23144531 0.01855469
v 0.01855469 0.22949219 0.01660156
v 0.01855469 0.22949219 0.01660156
v 0.02050781 0.22753906 0.01660156
v 0.02246094 0.22753906 0.01855469
v 0.02246094 0.22753906 0.01855469
v 0.02636719 0.22949219 0.02050782
v 0.02636719 0.22949219 0.02050782
v 0.03808594 0.23730469 0.02832032
v 0.03808594 0.23535156 0.02832032
v 0.04980469 0.24121094 0.04199219
v 0.04980469 0.24121094 0.04199219
v 0.04980469 0.24121094 0.04199219
v 0.05175782 0.24707031 0.04199219
v 0.05175782 0.24707031 0.04199219
v 0.06738281 0.25292969 0.05957032
v 0.06738281 0.25292969 0.05957032
v 0.06347656 0.25488281 0.08886719
v 0.06347656 0.25488281 0.08886719
v 0.06347656 0.25488281 0.08886719
v 0.07519531 0.26074219 0.10644531
v 0.07519531 0.26074219 0.10644531
v 0.08886719 0.26464844 0.13183594
v 0.08886719 0.26464844 0.13183594
v 0.08886719 0.26464844 0.13183594
v 0.05175782 0.25683594 0.14160156
v 0.01464844 0.26074219 0.15332031
v -0.01660156 0.26855469 0.16503906
v -0.01660156 0.27832031 0.16503906
v -0.01464843 0.28222656 0.16503906
v 0.01464844 0.28222656 0.15332031
v 0.05175782 0.27832031 0.14355469
v 0.08886719 0.28808594 0.13378906
v 0.07519531 0.28027344 0.10839844
v 0.07519531 0.28027344 0.10839844
v 0.06152344 0.27050781 0.08691406
v 0.06152344 0.27050781 0.08691406
v 0.06152344 0.27050781 0.08691406
v 0.06542969 0.26269531 0.06152344
v 0.06542969 0.26269531 0.06152344
v 0.04980469 0.25097656 0.04394532
v 0.04980469 0.25097656 0.04394532
v 0.03613282 0.24121094 0.02832032
v 0.03613282 0.24121094 0.02832032
v 0.03613282 0.24121094 0.02832032
v 0.03613282 0.24121094 0.02832032
v 0.02636719 0.23535156 0.02050782
v 0.02636719 0.23535156 0.02050782
v 0.01855469 0.23339844 0.01660156
v 0.01855469 0.23339844 0.01660156
v 0.01660156 0.23535156 0.02050782
v 0.00878907 0.23144531 0.02050782
v 0.00878907 0.22949219 0.02050782
v 0.00488282 0.22949219 0.02246094
v 0.00488282 0.22558594 0.02441407
v 0.01074219 0.22558594 0.02246094
v 0.01660156 0.22558594 0.02050782
v 0.02050781 0.22558594 0.02246094
v 0.02832032 0.23144531 0.03417969
v 0.02832032 0.23144531 0.03417969
v 0.03613282 0.23535156 0.04394532
v 0.03613282 0.23535156 0.04394532
v 0.03613282 0.23535156 0.04394532
v 0.04785157 0.24316406 0.06152344
v 0.04785157 0.24316406 0.06152344
v 0.03417969 0.24707031 0.09277344
v 0.04199219 0.25292969 0.11621094
v 0.04199219 0.25292969 0.11621094
v 0.01074219 0.25683594 0.12597656
v -0.01660156 0.26464844 0.13574219
v -0.01660156 0.27246094 0.13769531
v -0.01464843 0.27636719 0.13574219
v 0.01074219 0.27636719 0.12597656
v 0.04199219 0.27246094 0.11621094
v 0.04199219 0.27246094 0.11621094
v 0.03417969 0.26269531 0.09277344
v 0.04785157 0.25878906 0.06347656
v 0.03613282 0.24902344 0.04589844
v 0.03613282 0.24902344 0.04589844
v 0.03613282 0.24902344 0.04589844
v 0.03613282 0.24902344 0.04589844
v 0.02832032 0.24121094 0.03222657
v 0.02832032 0.24121094 0.03222657
v 0.02246094 0.23730469 0.02441407
v 0.01269532 0.23730469 0.02636719
v 0.00488282 0.23339844 0.02441407
v 0.00097657 0.22949219 0.02441407
v 0.00097657 0.22753906 0.02636719
v -0.00097656 0.22949219 0.03027344
v 0.00292969 0.22753906 0.02832032
v 0.01269532 0.22558594 0.02636719
v 0.01660156 0.22949219 0.03613282
v 0.02050781 0.23339844 0.04980469
v 0.02050781 0.23339844 0.04980469
v 0.02832032 0.24121094 0.07128906
v 0.02832032 0.24121094 0.07128906
v 0.01074219 0.25097656 0.10449219
v 0.01074219 0.25097656 0.10449219
v -0.01269531 0.25878906 0.11035156
v -0.01269531 0.25878906 0.11035156
v -0.01464843 0.26464844 0.11035156
v -0.01464843 0.26464844 0.11035156
v -0.01269531 0.26855469 0.11035156
v -0.01269531 0.26855469 0.11035156
v 0.00878907 0.26855469 0.10058594
v 0.00878907 0.26855469 0.10058594
v 0.02832032 0.25488281 0.07128906
v 0.02050781 0.24511719 0.04980469
v 0.02050781 0.24511719 0.04980469
v 0.01660156 0.23925781 0.03613282
v 0.00488282 0.24121094 0.04003907
v 0.00292969 0.23535156 0.02832032
v -0.00097656 0.23339844 0.02636719
v -0.00097656 0.23144531 0.03027344
v -0.00292968 0.23144531 0.03613282
v 0.00488282 0.23144531 0.04199219
v 0.00488282 0.23535156 0.05566407
v 0.00488282 0.23535156 0.05566407
v 0.00878907 0.24316406 0.08105469
v -0.00878906 0.25097656 0.08496094
v -0.01074218 0.25488281 0.08691406
v -0.01074218 0.25488281 0.08691406
v -0.00878906 0.25878906 0.08496094
v 0.00683594 0.25878906 0.07910156
v 0.00488282 0.24902344 0.05761719
v 0.00488282 0.24902344 0.05761719
v -0.00488281 0.23925781 0.04394532
v -0.00292968 0.23535156 0.03417969
v -0.00292968 0.23339844 0.03417969
v -0.00488281 0.23339844 0.04589844
v -0.00488281 0.24121094 0.06152344
v -0.00488281 0.24121094 0.06152344
v -0.00683594 0.24707031 0.06347656
v -0.00683594 0.24707031 0.06347656
v -0.00683594 0.24707031 0.06347656
v -0.00488281 0.24902344 0.06347656
v -0.00488281 0.24902344 0.06347656
v -0.00488281 0.24902344 0.06347656
v -0.00488281 0.23730469 0.04589844
v -0.00488281 0.23730469 0.04589844
v -0.32910156 0.19824219 -0.11035156
v -0.32910156 0.19824219 -0.11035156
v -0.33105469 0.20019531 -0.11230469
v -0.32714844 0.19628906 -0.11425781
v -0.32714844 0.19628906 -0.11425781
v -0.32910156 0.19824219 -0.11621094
v -0.32519531 0.19824219 -0.11816406
v -0.32519531 0.19824219 -0.11816406
v -0.32714844 0.20019531 -0.11816406
v -0.32324219 0.20019531 -0.12207031
v -0.32324219 0.20019531 -0.12207031
v -0.32324219 0.20214844 -0.12207031
v -0.32324219 0.20410156 -0.12207031
v -0.32519531 0.20214844 -0.11816406
v -0.32910156 0.20214844 -0.11425781
v -0.32910156 0.20410156 -0.11035156
v -0.33105469 0.20605469 -0.10644531
v -0.33105469 0.20214844 -0.10839844
v -0.32910156 0.20214844 -0.10644531
v -0.32910156 0.20214844 -0.10644531
v -0.32714844 0.21191406 -0.09472656
v -0.32714844 0.21191406 -0.09472656
v -0.32324219 0.20996094 -0.10058594
v -0.31933594 0.20800781 -0.11035156
v -0.31542969 0.20800781 -0.12011719
v -0.31152344 0.20996094 -0.12597656
v -0.31152344 0.20996094 -0.12597656
v -0.31347656 0.21191406 -0.12792969
v -0.31542969 0.21386719 -0.12597656
v -0.31738281 0.21386719 -0.12011719
v -0.32128906 0.21386719 -0.11230469
v -0.32519531 0.21582031 -0.10253906
v -0.32714844 0.21582031 -0.09667969
v -0.32910156 0.21386719 -0.09667969
v -0.32128906 0.22753906 -0.07714844
v -0.32128906 0.22753906 -0.07714844
v -0.31542969 0.22167969 -0.09082031
v -0.30761719 0.21777344 -0.10449219
v -0.30175781 0.21972656 -0.12011719
v -0.29589844 0.22167969 -0.13183594
v -0.29785156 0.22558594 -0.13378906
v -0.29785156 0.22558594 -0.13378906
v -0.29980469 0.22753906 -0.13183594
v -0.30175781 0.22949219 -0.12207031
v -0.30761719 0.23144531 -0.10449219
v -0.31542969 0.23339844 -0.09082031
v -0.32128906 0.23339844 -0.08105469
v -0.32324219 0.23144531 -0.07910156
v -0.31347656 0.24902344 -0.05957031
v -0.31152344 0.24511719 -0.05761718
v -0.31152344 0.24511719 -0.05761718
v -0.30175781 0.23730469 -0.07910156
v -0.29394531 0.22949219 -0.09863281
v -0.28417969 0.23535156 -0.12011719
v -0.27636719 0.23730469 -0.13769531
v -0.27636719 0.23730469 -0.13769531
v -0.27832031 0.24121094 -0.13964844
v -0.28027344 0.24316406 -0.13769531
v -0.28613281 0.24511719 -0.12011719
v -0.29589844 0.24316406 -0.09863281
v -0.30371094 0.24707031 -0.07714844
v -0.31152344 0.25097656 -0.06152343
v -0.29785156 0.26855469 -0.03808593
v -0.29785156 0.26464844 -0.03613281
v -0.29785156 0.26464844 -0.03613281
v -0.29589844 0.26074219 -0.03613281
v -0.28808594 0.25097656 -0.06347656
v -0.27832031 0.24121094 -0.09277344
v -0.26464844 0.24902344 -0.12011719
v -0.25488281 0.25292969 -0.14160156
v -0.25488281 0.25292969 -0.14160156
v -0.25683594 0.25683594 -0.14355469
v -0.25878906 0.25878906 -0.13964844
v -0.26660156 0.25878906 -0.12011719
v -0.27832031 0.25488281 -0.09277344
v -0.29003906 0.26074219 -0.06347656
v -0.28027344 0.28027344 -0.01855469
v -0.28222656 0.27636719 -0.01660156
v -0.28222656 0.27636719 -0.01660156
v -0.28027344 0.27050781 -0.01855469
v -0.27050781 0.26269531 -0.04785156
v -0.25292969 0.25683594 -0.08105469
v -0.24121094 0.26269531 -0.11816406
v -0.22753906 0.26855469 -0.14355469
v -0.22949219 0.27050781 -0.14746094
v -0.22949219 0.27050781 -0.14746094
v -0.23339844 0.27441406 -0.14355469
v -0.24511719 0.27441406 -0.11621094
v -0.25683594 0.27050781 -0.08300781
v -0.27050781 0.27441406 -0.04980468
v -0.24707031 0.28808594 -0.03613281
v -0.25878906 0.29003906 -0.00292968
v -0.26074219 0.28417969 -0.00097656
v -0.26074219 0.28417969 -0.00097656
v -0.26074219 0.27832031 -0.00097656
v -0.24902344 0.27050781 -0.03613281
v -0.23535156 0.26269531 -0.07324219
v -0.21777344 0.27050781 -0.11230469
v -0.20410156 0.27636719 -0.14550781
v -0.20410156 0.28027344 -0.14746094
v -0.20996094 0.28417969 -0.13964844
v -0.20996094 0.28417969 -0.13964844
v -0.21972656 0.28417969 -0.11230469
v -0.23535156 0.28027344 -0.07324219
v -0.18066406 0.28808594 -0.05175781
v -0.18066406 0.28808594 -0.05175781
v -0.20800781 0.28808594 -0.06347656
v -0.22167969 0.29394531 -0.02441406
v -0.23535156 0.29394531 0.01269532
v -0.23535156 0.29394531 0.01269532
v -0.23730469 0.28808594 0.01464844
v -0.23730469 0.28222656 0.01269532
v -0.22167969 0.27441406 -0.02441406
v -0.20800781 0.26660156 -0.06347656
v -0.19042969 0.27441406 -0.10449219
v -0.17675781 0.28222656 -0.13964844
v -0.17480469 0.28808594 -0.14160156
v -0.17480469 0.28808594 -0.14160156
v -0.17675781 0.29199219 -0.13769531
v -0.17675781 0.29199219 -0.13769531
v -0.19238281 0.29199219 -0.10253906
v -0.19238281 0.29199219 -0.10253906
v -0.16308594 0.29589844 -0.09472656
v -0.16308594 0.29589844 -0.09472656
v -0.13769531 0.29394531 -0.08300781
v -0.11230469 0.28808594 -0.07128906
v -0.15332031 0.28808594 -0.04199218
v -0.16894531 0.29199219 -0.00292968
v -0.19628906 0.29394531 -0.01269531
v -0.19628906 0.29394531 -0.01269531
v -0.20996094 0.29589844 0.02441407
v -0.20996094 0.29589844 0.02441407
v -0.20996094 0.29589844 0.02441407
v -0.20996094 0.29003906 0.02636719
v -0.20996094 0.29003906 0.02636719
v -0.20996094 0.28417969 0.02441407
v -0.20996094 0.28417969 0.02441407
v -0.19628906 0.27636719 -0.01269531
v -0.19628906 0.27636719 -0.01269531
v -0.18066406 0.26855469 -0.05175781
v -0.18066406 0.26855469 -0.05175781
v -0.16308594 0.27636719 -0.09472656
v -0.16308594 0.27636719 -0.09472656
v -0.14941406 0.28417969 -0.13183594
v -0.14941406 0.28417969 -0.13183594
v -0.14941406 0.29199219 -0.13183594
v -0.14941406 0.29589844 -0.12988281
v -0.14941406 0.29589844 -0.12988281
v -0.14941406 0.29589844 -0.12988281
v -0.14941406 0.29589844 -0.12988281
v -0.12597656 0.29589844 -0.11621094
v -0.12597656 0.29589844 -0.11621094
v -0.10253906 0.29199219 -0.10253906
v -0.10253906 0.29199219 -0.10253906
v -0.08105469 0.28417969 -0.08691406
v -0.08105469 0.28417969 -0.08691406
v -0.08105469 0.28417969 -0.08691406
v -0.00878906 0.22167969 0.00097657
v -0.00878906 0.22558594 -0.00097656
v -0.00878906 0.21972656 0.00488282
v -0.00878906 0.22363281 0.00488282
v -0.01074218 0.22558594 0.00097657
v -0.00878906 0.22753906 -0.00292968
v -0.00878906 0.22363281 -0.00488281
v -0.01269531 0.22949219 -0.01074218
v -0.02050781 0.23730469 -0.02246094
v -0.02050781 0.23925781 -0.02050781
v -0.01269531 0.22949219 -0.01269531
v -0.01269531 0.22558594 -0.01269531
v -0.00878906 0.22167969 -0.00488281
v -0.00878906 0.21972656 -0.00097656
v -0.01074218 0.21777344 0.00097657
v -0.01074218 0.21777344 0.00292969
v -0.01074218 0.21777344 0.01074219
v -0.01074218 0.21777344 0.01074219
v -0.01269531 0.22167969 0.01074219
v -0.01269531 0.22167969 0.01074219
v -0.01660156 0.22363281 0.01074219
v -0.01660156 0.22558594 0.00683594
v -0.01269531 0.22753906 -0.00292968
v -0.02246094 0.23535156 -0.00878906
v -0.03613281 0.24707031 -0.02050781
v -0.03222656 0.25097656 -0.03417968
v -0.04589843 0.26269531 -0.05175781
v -0.05175781 0.25878906 -0.03027344
v -0.06152343 0.27246094 -0.06933594
v -0.06933594 0.27050781 -0.04394531
v -0.08886719 0.28027344 -0.05761718
v -0.08886719 0.28027344 -0.05761718
v -0.10449219 0.27246094 -0.02246094
v -0.10449219 0.27246094 -0.02246094
v -0.12792969 0.28222656 -0.03222656
v -0.14160156 0.28613281 0.00292969
v -0.15527344 0.28808594 0.03613282
v -0.18261719 0.29199219 0.03222657
v -0.18261719 0.28808594 0.03417969
v -0.18261719 0.28027344 0.03222657
v -0.16894531 0.27246094 -0.00292968
v -0.15332031 0.26660156 -0.04199218
v -0.13769531 0.27441406 -0.08300781
v -0.12402344 0.28417969 -0.11816406
v -0.12402344 0.29003906 -0.12011719
v -0.10058594 0.28613281 -0.10644531
v -0.07910156 0.28027344 -0.08886719
v -0.07910156 0.28027344 -0.08886719
v -0.06152343 0.27050781 -0.07324219
v -0.04589843 0.25878906 -0.05566406
v -0.03222656 0.24707031 -0.03808593
v -0.03222656 0.24121094 -0.03417968
v -0.02050781 0.23339844 -0.02246094
v -0.01464843 0.21972656 -0.00292968
v -0.01269531 0.21582031 0.00878907
v -0.01269531 0.21582031 0.00878907
v -0.01269531 0.21777344 0.01660156
v -0.01464843 0.22167969 0.01660156
v -0.01660156 0.21777344 0.02050782
v -0.01660156 0.21972656 0.02050782
v -0.01855469 0.22167969 0.02246094
v -0.01855469 0.22167969 0.02246094
v -0.01660156 0.22363281 0.01660156
v -0.01660156 0.22363281 0.01660156
v -0.01660156 0.22363281 0.01660156
v -0.02441406 0.22753906 0.01660156
v -0.02636719 0.22949219 0.00488282
v -0.04199218 0.23925781 -0.00097656
v -0.05957031 0.25097656 -0.00683593
v -0.08105469 0.26269531 -0.01464843
v -0.08105469 0.26269531 -0.01464843
v -0.09277344 0.26855469 0.01269532
v -0.09277344 0.26855469 0.01269532
v -0.09277344 0.26855469 0.01269532
v -0.11621094 0.27832031 0.00878907
v -0.12597656 0.27832031 0.03808594
v -0.15527344 0.28222656 0.03808594
v -0.15527344 0.27636719 0.03613282
v -0.14160156 0.26855469 0.00488282
v -0.12792969 0.26269531 -0.03222656
v -0.11230469 0.27050781 -0.07128906
v -0.10058594 0.28027344 -0.10449219
v -0.07910156 0.27441406 -0.08691406
v -0.07910156 0.27441406 -0.08691406
v -0.06152343 0.26464844 -0.07128906
v -0.04589843 0.25488281 -0.05175781
v -0.03613281 0.23535156 -0.02050781
v -0.02441406 0.22558594 -0.00878906
v -0.01660156 0.21582031 0.00878907
v -0.01464843 0.21582031 0.01660156
v -0.01464843 0.21582031 0.01660156
v -0.01464843 0.21582031 0.01660156
v -0.01660156 0.21582031 0.01855469
v -0.02050781 0.21582031 0.02246094
v -0.02050781 0.21582031 0.02246094
v -0.02050781 0.21582031 0.02246094
v -0.02050781 0.21777344 0.02246094
v -0.02050781 0.21777344 0.02246094
v -0.02441406 0.22363281 0.02441407
v -0.02441406 0.22363281 0.02441407
v -0.03417968 0.23339844 0.01660156
v -0.04785156 0.24121094 0.01660156
v -0.06738281 0.25488281 0.01464844
v -0.06738281 0.25488281 0.01464844
v -0.10058594 0.26855469 0.03613282
v -0.10058594 0.26855469 0.03613282
v -0.12792969 0.27441406 0.04003907
v -0.12792969 0.26855469 0.03808594
v -0.11425781 0.26074219 0.01074219
v -0.10449219 0.25683594 -0.02246094
v -0.10449219 0.25683594 -0.02246094
v -0.08886719 0.26464844 -0.05761718
v -0.08886719 0.26464844 -0.05761718
v -0.06933594 0.25488281 -0.04589843
v -0.05175781 0.24511719 -0.03027344
v -0.04199218 0.22753906 -0.00097656
v -0.02636719 0.21972656 0.00488282
v -0.01855469 0.21582031 0.01660156
v -0.01855469 0.21582031 0.01660156
v -0.01855469 0.21582031 0.01660156
v -0.02441406 0.21777344 0.02441407
v -0.02441406 0.21777344 0.02441407
v -0.02441406 0.21972656 0.02441407
v -0.02441406 0.21972656 0.02441407
v -0.03613281 0.23144531 0.02832032
v -0.03613281 0.23144531 0.02832032
v -0.03613281 0.23144531 0.02832032
v -0.05371093 0.24316406 0.03027344
v -0.05371093 0.24316406 0.03027344
v -0.05371093 0.24316406 0.03027344
v -0.07714844 0.25488281 0.03417969
v -0.10253906 0.26464844 0.03808594
v -0.10253906 0.26464844 0.03808594
v -0.10058594 0.25878906 0.03808594
v -0.10058594 0.25878906 0.03808594
v -0.09082031 0.25097656 0.01464844
v -0.09082031 0.25097656 0.01464844
v -0.09082031 0.25097656 0.01464844
v -0.08105469 0.24902344 -0.01464843
v -0.05957031 0.23730469 -0.00683593
v -0.04785156 0.22949219 0.01660156
v -0.03222656 0.22167969 0.01464844
v -0.03613281 0.22558594 0.02832032
v -0.03808593 0.22753906 0.02832032
v -0.05566406 0.23925781 0.03222657
v -0.05566406 0.23925781 0.03222657
v -0.07910156 0.25292969 0.03613282
v -0.07714844 0.24707031 0.03417969
v -0.06738281 0.24121094 0.01464844
v -0.06738281 0.24121094 0.01464844
v -0.05371093 0.23535156 0.03027344
v -0.05371093 0.23535156 0.03027344
v -0.00488281 0.23339844 0.01660156
v -0.00097656 0.22949219 0.01660156
v -0.00488281 0.23144531 0.01269532
v -0.00488281 0.22753906 0.01269532
v -0.01855469 0.23535156 0.00097657
v -0.01464843 0.22949219 0.00292969
v -0.02050781 0.23144531 0.00097657
v -0.02246094 0.22949219 0.00097657
v -0.01660156 0.22753906 0.00292969
v -0.01074218 0.22558594 0.00878907
v -0.01074218 0.22558594 0.00878907
v -0.00878906 0.22949219 0.00683594
v -0.00878906 0.22949219 0.00683594
v -0.00488281 0.22558594 0.01269532
v -0.00097656 0.22363281 0.01660156
v -0.00097656 0.22753906 0.01660156
v -0.00097656 0.22949219 0.01855469
v -0.00488281 0.23535156 0.02246094
v -0.01464843 0.23535156 0.01464844
v -0.01464843 0.23535156 0.01464844
v -0.00878906 0.23144531 0.00683594
v -0.00878906 0.23144531 0.00683594
v -0.01660156 0.23339844 0.00292969
v -0.02246094 0.23730469 0.00292969
v -0.02636719 0.23535156 0.00097657
v -0.02636719 0.23144531 0.00097657
v -0.01855469 0.22753906 0.00488282
v -0.01464843 0.22558594 0.01074219
v -0.01464843 0.22558594 0.01074219
v -0.00488281 0.22558594 0.02050782
v -0.00097656 0.22558594 0.02441407
v 0.00292969 0.22558594 0.02441407
v 0.00097657 0.22949219 0.02246094
v -0.00097656 0.23339844 0.02636719
v -0.00878906 0.23925781 0.03027344
v -0.00878906 0.23925781 0.03027344
v -0.02050781 0.23925781 0.02050782
v -0.02050781 0.23925781 0.02050782
v -0.02050781 0.23925781 0.02050782
v -0.02636719 0.24121094 0.01074219
v -0.03222656 0.24121094 0.00488282
v -0.03417968 0.23925781 0.00292969
v -0.03417968 0.23730469 0.00488282
v -0.02636719 0.23144531 0.01074219
v -0.02050781 0.22949219 0.02050782
v -0.02050781 0.22949219 0.02050782
v -0.02050781 0.22949219 0.02050782
v -0.01074218 0.22949219 0.03027344
v -0.01074218 0.22949219 0.03027344
v -0.00097656 0.22949219 0.03613282
v 0.00097657 0.23339844 0.03613282
v -0.00097656 0.23535156 0.03613282
v -0.00683594 0.24511719 0.05371094
v -0.00683594 0.24511719 0.05371094
v -0.01660156 0.24707031 0.04394532
v -0.01660156 0.24707031 0.04394532
v -0.03027344 0.24511719 0.03222657
v -0.03027344 0.24511719 0.03222657
v -0.03027344 0.24511719 0.03222657
v -0.04003906 0.25097656 0.02050782
v -0.04980468 0.25292969 0.01269532
v -0.05175781 0.24902344 0.01074219
v -0.04980468 0.24316406 0.01074219
v -0.04199218 0.23925781 0.01855469
v -0.03027344 0.23535156 0.03027344
v -0.03027344 0.23535156 0.03027344
v -0.03027344 0.23535156 0.03027344
v -0.01660156 0.23535156 0.04394532
v -0.01660156 0.23535156 0.04394532
v -0.00683594 0.23730469 0.05371094
v -0.00683594 0.23730469 0.05371094
v -0.00683594 0.23730469 0.05371094
v -0.00683594 0.23730469 0.05371094
v -0.00488281 0.24121094 0.05566407
v -0.00488281 0.24121094 0.05566407
v -0.00488281 0.24121094 0.05566407
v -0.00488281 0.24121094 0.05566407
v -0.01269531 0.25683594 0.07714844
v -0.01269531 0.25683594 0.07714844
v -0.02636719 0.25683594 0.06347656
v -0.02636719 0.25683594 0.06347656
v -0.04394531 0.25488281 0.04785157
v -0.04394531 0.25488281 0.04785157
v -0.04394531 0.25488281 0.04785157
v -0.05957031 0.26269531 0.03027344
v -0.05957031 0.26269531 0.03027344
v -0.07128906 0.26269531 0.02050782
v -0.07128906 0.26269531 0.02050782
v -0.07324219 0.26074219 0.01855469
v -0.07324219 0.26074219 0.01855469
v -0.06933594 0.25488281 0.01855469
v -0.06933594 0.25488281 0.01855469
v -0.05957031 0.24902344 0.03027344
v -0.05957031 0.24902344 0.03027344
v -0.05957031 0.24902344 0.03027344
v -0.04394531 0.24316406 0.04589844
v -0.04394531 0.24316406 0.04589844
v -0.02636719 0.24316406 0.06152344
v -0.02636719 0.24316406 0.06152344
v -0.01269531 0.24707031 0.07519531
v -0.01269531 0.24707031 0.07519531
v -0.01269531 0.25292969 0.07910156
v -0.01269531 0.25292969 0.07910156
v -0.01855469 0.26269531 0.10253906
v -0.01855469 0.26269531 0.10253906
v -0.02050781 0.26660156 0.10058594
v -0.02050781 0.26660156 0.10058594
v -0.03613281 0.26660156 0.08496094
v -0.03613281 0.26660156 0.08496094
v -0.05957031 0.26464844 0.06347656
v -0.05957031 0.26464844 0.06347656
v -0.07714844 0.27246094 0.04199219
v -0.09277344 0.27441406 0.02832032
v -0.09277344 0.27441406 0.02832032
v -0.09667969 0.27246094 0.02636719
v -0.09667969 0.27246094 0.02636719
v -0.09472656 0.26660156 0.02636719
v -0.09472656 0.26660156 0.02636719
v -0.09472656 0.26660156 0.02636719
v -0.07714844 0.25683594 0.04199219
v -0.05957031 0.25097656 0.06347656
v -0.05957031 0.25097656 0.06347656
v -0.05957031 0.25097656 0.06347656
v -0.03613281 0.25097656 0.08105469
v -0.03613281 0.25097656 0.08105469
v -0.02050781 0.25683594 0.10058594
v -0.02050781 0.25683594 0.10058594
v -0.02832031 0.27050781 0.12792969
v -0.03027344 0.27441406 0.12597656
v -0.04980468 0.27636719 0.10644531
v -0.04980468 0.27636719 0.10644531
v -0.07714844 0.27441406 0.08105469
v -0.07714844 0.27441406 0.08105469
v -0.07714844 0.27441406 0.08105469
v -0.09667969 0.28222656 0.05566407
v -0.09667969 0.28222656 0.05566407
v -0.11621094 0.28613281 0.03808594
v -0.12011719 0.28222656 0.03613282
v -0.11816406 0.27636719 0.03613282
v -0.09667969 0.26660156 0.05371094
v -0.09667969 0.26660156 0.05371094
v -0.07714844 0.25878906 0.08105469
v -0.07714844 0.25878906 0.08105469
v -0.07714844 0.25878906 0.08105469
v -0.04980468 0.25878906 0.10449219
v -0.04980468 0.25878906 0.10449219
v -0.02832031 0.26464844 0.12597656
v -0.04003906 0.27636719 0.15332031
v -0.04199218 0.28222656 0.15136719
v -0.06542969 0.28417969 0.12792969
v -0.09472656 0.28222656 0.10058594
v -0.09472656 0.28222656 0.10058594
v -0.09472656 0.28222656 0.10058594
v -0.11816406 0.29003906 0.07128906
v -0.11816406 0.29003906 0.07128906
v -0.14160156 0.29394531 0.05175782
v -0.14355469 0.29003906 0.04785157
v -0.14355469 0.28222656 0.04785157
v -0.11816406 0.27246094 0.06933594
v -0.11816406 0.27246094 0.06933594
v -0.09472656 0.26269531 0.10058594
v -0.09472656 0.26269531 0.10058594
v -0.06542969 0.26464844 0.12597656
v -0.04199218 0.27050781 0.15136719
v -0.05566406 0.27246094 0.17675781
v -0.05371093 0.28027344 0.17871094
v -0.05566406 0.28417969 0.17675781
v -0.08300781 0.28808594 0.15136719
v -0.10253906 0.28808594 0.17285156
v -0.11425781 0.28613281 0.12207031
v -0.11425781 0.28613281 0.12207031
v -0.11425781 0.28613281 0.12207031
v -0.14160156 0.29589844 0.09082031
v -0.14160156 0.29589844 0.09082031
v -0.16503906 0.29785156 0.06738281
v -0.16503906 0.29785156 0.06738281
v -0.16894531 0.29394531 0.06347656
v -0.16894531 0.29394531 0.06347656
v -0.16699219 0.28613281 0.06347656
v -0.16699219 0.28613281 0.06347656
v -0.14160156 0.27636719 0.08886719
v -0.14160156 0.27636719 0.08886719
v -0.11425781 0.26660156 0.12011719
v -0.11425781 0.26660156 0.12011719
v -0.11425781 0.26660156 0.12011719
v -0.11425781 0.26660156 0.12011719
v -0.08300781 0.26855469 0.14941406
v -0.07324219 0.27246094 0.19824219
v -0.07324219 0.27246094 0.19824219
v -0.07324219 0.27832031 0.20019531
v -0.07324219 0.28417969 0.19824219
v -0.07324219 0.28417969 0.19824219
v -0.12402344 0.28417969 0.19433594
v -0.12402344 0.28417969 0.19433594
v -0.13378906 0.28613281 0.14160156
v -0.13378906 0.28613281 0.14160156
v -0.16308594 0.29589844 0.11035156
v -0.18847656 0.29785156 0.08496094
v -0.19042969 0.29394531 0.08300781
v -0.19042969 0.28808594 0.08300781
v -0.16308594 0.27636719 0.10839844
v -0.13378906 0.26660156 0.13964844
v -0.13378906 0.26660156 0.13964844
v -0.10253906 0.26855469 0.17285156
v -0.09472656 0.26855469 0.21777344
v -0.09472656 0.26855469 0.21777344
v -0.09277344 0.27636719 0.21972656
v -0.09277344 0.27636719 0.21972656
v -0.09472656 0.28222656 0.21777344
v -0.09472656 0.28222656 0.21777344
v -0.11816406 0.27441406 0.23339844
v -0.14355469 0.27636719 0.21191406
v -0.14355469 0.27636719 0.21191406
v -0.15332031 0.28222656 0.16308594
v -0.18261719 0.29003906 0.13574219
v -0.18261719 0.29003906 0.13574219
v -0.20800781 0.29394531 0.10839844
v -0.20996094 0.29003906 0.10449219
v -0.20996094 0.28417969 0.10449219
v -0.18261719 0.27246094 0.13183594
v -0.15332031 0.26269531 0.16113281
v -0.15332031 0.26269531 0.16113281
v -0.12402344 0.26464844 0.19238281
v -0.12402344 0.26464844 0.19238281
v -0.11816406 0.26464844 0.23535156
v -0.11621094 0.26855469 0.23535156
v -0.13964844 0.26074219 0.24707031
v -0.14160156 0.26464844 0.24511719
v -0.19628906 0.22558594 0.26074219
v -0.17285156 0.24121094 0.25683594
v -0.20605469 0.22558594 0.24902344
v -0.20605469 0.22558594 0.24902344
v -0.19433594 0.23339844 0.24707031
v -0.19433594 0.23339844 0.24707031
v -0.16503906 0.26074219 0.22753906
v -0.17480469 0.27246094 0.18457031
v -0.17480469 0.27246094 0.18457031
v -0.17480469 0.27246094 0.18457031
v -0.17480469 0.27246094 0.18457031
v -0.20214844 0.28027344 0.15722656
v -0.20214844 0.28027344 0.15722656
v -0.22167969 0.28417969 0.13769531
v -0.22558594 0.28222656 0.12988281
v -0.22558594 0.27636719 0.12792969
v -0.20214844 0.26660156 0.15332031
v -0.17480469 0.25488281 0.18261719
v -0.17480469 0.25488281 0.18261719
v -0.17480469 0.25488281 0.18261719
v -0.17480469 0.25488281 0.18261719
v -0.14355469 0.25878906 0.21191406
v -0.14355469 0.25878906 0.21191406
v -0.16699219 0.24707031 0.22558594
v -0.14160156 0.25683594 0.24511719
v -0.16894531 0.23925781 0.25683594
v -0.19238281 0.22363281 0.26074219
v -0.19238281 0.22363281 0.26074219
v -0.22949219 0.19824219 0.26269531
v -0.21191406 0.20996094 0.26074219
v -0.21386719 0.21191406 0.26074219
v -0.21386719 0.21191406 0.26074219
v -0.21777344 0.21582031 0.25292969
v -0.22167969 0.22363281 0.23339844
v -0.20605469 0.24316406 0.21777344
v -0.20605469 0.24316406 0.21777344
v -0.19042969 0.26074219 0.20214844
v -0.19042969 0.26074219 0.20214844
v -0.19042969 0.26074219 0.20214844
v -0.19042969 0.26074219 0.20214844
v -0.21582031 0.26660156 0.17871094
v -0.23535156 0.27050781 0.15917969
v -0.23730469 0.27050781 0.15332031
v -0.23535156 0.26660156 0.15136719
v -0.20996094 0.25683594 0.17480469
v -0.20996094 0.25683594 0.17480469
v -0.20996094 0.25683594 0.17480469
v -0.18652344 0.24707031 0.19628906
v -0.18652344 0.24707031 0.19628906
v -0.18652344 0.23144531 0.23925781
v -0.16894531 0.23730469 0.25488281
v -0.19238281 0.22167969 0.25878906
v -0.21191406 0.20800781 0.25878906
v -0.21191406 0.20800781 0.25878906
v -0.22753906 0.19628906 0.26074219
v -0.23925781 0.18652344 0.25878906
v -0.24121094 0.18847656 0.26074219
v -0.24121094 0.19042969 0.26074219
v -0.22949219 0.20019531 0.26074219
v -0.23144531 0.20019531 0.25878906
v -0.22949219 0.21582031 0.24121094
v -0.24316406 0.21972656 0.22949219
v -0.24316406 0.21972656 0.22949219
v -0.23535156 0.23535156 0.21582031
v -0.23535156 0.23535156 0.21582031
v -0.22753906 0.25097656 0.19824219
v -0.22753906 0.25097656 0.19824219
v -0.24316406 0.25292969 0.18457031
v -0.24511719 0.25292969 0.18066406
v -0.24316406 0.24902344 0.17871094
v -0.22167969 0.24316406 0.19628906
v -0.22167969 0.24316406 0.19628906
v -0.20800781 0.22949219 0.21582031
v -0.20800781 0.22949219 0.21582031
v -0.21972656 0.21582031 0.22949219
v -0.20410156 0.21777344 0.24511719
v -0.20410156 0.21777344 0.24511719
v -0.21777344 0.20605469 0.25097656
v -0.21777344 0.20605469 0.25097656
v -0.23144531 0.19628906 0.25683594
v -0.24316406 0.18652344 0.25683594
v -0.24511719 0.18652344 0.25878906
v -0.24511719 0.19042969 0.25878906
v -0.24121094 0.20019531 0.24902344
v -0.24707031 0.20214844 0.24316406
v -0.24707031 0.20214844 0.24316406
v -0.25292969 0.21777344 0.22558594
v -0.25097656 0.23535156 0.20605469
v -0.25097656 0.23535156 0.20214844
v -0.24902344 0.23144531 0.20019531
v -0.23144531 0.22558594 0.21777344
v -0.23144531 0.22558594 0.21777344
v -0.23144531 0.20410156 0.23925781
v -0.24121094 0.19433594 0.24902344
v -0.24121094 0.19433594 0.24902344
v -0.24707031 0.18457031 0.25488281
v -0.24902344 0.18652344 0.25683594
v -0.24902344 0.19042969 0.25683594
v -0.25097656 0.19238281 0.25292969
v -0.25292969 0.19433594 0.24902344
v -0.25292969 0.19042969 0.24902344
v -0.25292969 0.20214844 0.23925781
v -0.25292969 0.20214844 0.23925781
v -0.25292969 0.21582031 0.22167969
v -0.25292969 0.21386719 0.21972656
v -0.23925781 0.20996094 0.23144531
v -0.23925781 0.20996094 0.23144531
v -0.24511719 0.19824219 0.24316406
v -0.24511719 0.19824219 0.24316406
v -0.25097656 0.18652344 0.25097656
v -0.25097656 0.18847656 0.25292969
v -0.25292969 0.20019531 0.23730469
v -0.25292969 0.20019531 0.23730469
v -0.25292969 0.20019531 0.23730469
v 0.11230469 -0.47167969 -0.00488281
v 0.10839844 -0.47167969 -0.02636719
v 0.14355469 -0.44628906 -0.00488281
v 0.13964844 -0.44628906 -0.03222656
v 0.18261719 -0.40136719 -0.00488281
v 0.17675781 -0.40136719 -0.04003906
v 0.21777344 -0.34667969 -0.04785156
v 0.22363281 -0.34667969 -0.00488281
v 0.22363281 -0.34667969 -0.00488281
v 0.25292969 -0.28808594 -0.05566406
v 0.25292969 -0.28808594 -0.05566406
v 0.01855469 0.21972656 -0.03417968
v 0.02441406 0.21972656 -0.03027344
v 0.02441406 0.21972656 -0.03027344
v 0.03417969 0.22949219 -0.05761718
v 0.04394532 0.22949219 -0.04980468
v 0.05175782 0.22949219 -0.04003906
v 0.05175782 0.22949219 -0.04003906
v 0.02636719 0.21972656 -0.02441406
v 0.02636719 0.21972656 -0.02441406
v 0.03027344 0.21972656 -0.01855469
v 0.02050781 0.21777344 -0.02246094
v 0.02050781 0.21777344 -0.02246094
v -0.00683594 0.21972656 -0.02246094
v -0.00683594 0.21972656 -0.02246094
v 0.00683594 0.21777344 -0.02246094
v -0.00683594 0.21972656 -0.03808593
v -0.00097656 0.21972656 -0.04003906
v 0.00683594 0.21972656 -0.03808593
v 0.01269532 0.21972656 -0.03808593
v 0.02441406 0.22949219 -0.06347656
v 0.04003907 0.24121094 -0.10058594
v 0.05761719 0.24121094 -0.09082031
v 0.07324219 0.24121094 -0.07714844
v 0.07324219 0.24121094 -0.07714844
v 0.07324219 0.24121094 -0.07714844
v 0.08496094 0.24121094 -0.06347656
v 0.08496094 0.24121094 -0.06347656
v 0.08496094 0.24121094 -0.06347656
v 0.12792969 0.24511719 -0.09082031
v 0.12792969 0.24511719 -0.09082031
v 0.16503906 0.23730469 -0.11621094
v 0.16503906 0.23730469 -0.11621094
v 0.18457031 0.23730469 -0.08105469
v 0.18457031 0.23730469 -0.08105469
v 0.18457031 0.23730469 -0.08105469
v 0.14160156 0.24511719 -0.06347656
v 0.14160156 0.24511719 -0.06347656
v 0.09667969 0.24121094 -0.04589843
v 0.09667969 0.24121094 -0.04589843
v 0.05957032 0.22949219 -0.03027344
v 0.05957032 0.22949219 -0.03027344
v 0.03222657 0.21972656 -0.01269531
v 0.02050781 0.21777344 -0.01269531
v 0.00683594 0.21777344 -0.01269531
v 0.00683594 0.21777344 -0.01269531
v 0.00683594 0.21777344 0.00097657
v 0.00683594 0.21777344 0.00097657
v 0.00683594 0.21777344 0.00097657
v 0.00683594 0.21777344 0.00097657
v -0.00878906 0.21777344 -0.01269531
v -0.00878906 0.21777344 -0.01269531
v -0.01855469 0.21777344 -0.02246094
v -0.01855469 0.21777344 -0.02246094
v -0.02050781 0.21972656 -0.03222656
v -0.02050781 0.21972656 -0.03222656
v -0.01464843 0.21972656 -0.03613281
v -0.01464843 0.21972656 -0.03613281
v -0.01269531 0.22949219 -0.06738281
v -0.00097656 0.22949219 -0.06738281
v 0.01269532 0.22949219 -0.06738281
v 0.02050781 0.24121094 -0.10644531
v 0.03027344 0.24511719 -0.15527344
v 0.05957032 0.24511719 -0.14746094
v 0.08496094 0.24511719 -0.13183594
v 0.10839844 0.24511719 -0.11425781
v 0.14160156 0.23730469 -0.14746094
v 0.14160156 0.23730469 -0.14746094
v 0.14160156 0.23730469 -0.14746094
v 0.19628906 0.21777344 -0.13574219
v 0.19628906 0.21777344 -0.13574219
v 0.19628906 0.21777344 -0.13574219
v 0.16894531 0.21777344 -0.17285156
v 0.16894531 0.21777344 -0.17285156
v 0.22363281 0.19042969 -0.15722656
v 0.22363281 0.19042969 -0.15722656
v 0.25097656 0.19042969 -0.11035156
v 0.21972656 0.21777344 -0.09667969
v 0.23144531 0.21777344 -0.04980468
v 0.19433594 0.23535156 -0.04199218
v 0.19433594 0.23535156 -0.04199218
v 0.14941406 0.24511719 -0.03417968
v 0.14941406 0.24511719 -0.03417968
v 0.14941406 0.24511719 -0.03417968
v 0.10253906 0.24121094 -0.02636719
v 0.10253906 0.24121094 -0.02636719
v 0.06347656 0.22949219 -0.01855469
v 0.06347656 0.22949219 -0.01855469
v 0.03222657 0.21972656 -0.00488281
v 0.01855469 0.21777344 0.00097657
v 0.01855469 0.21777344 0.01074219
v 0.01855469 0.21777344 0.01074219
v 0.01855469 0.21777344 0.01855469
v 0.01855469 0.21777344 0.01855469
v 0.00683594 0.21777344 0.01855469
v 0.00683594 0.21777344 0.01074219
v -0.00878906 0.21777344 0.01074219
v -0.00878906 0.21777344 0.01074219
v -0.00878906 0.21777344 0.00097657
v -0.00878906 0.21777344 0.00097657
v -0.01855469 0.21777344 -0.01269531
v -0.03027344 0.21972656 -0.02050781
v -0.02636719 0.21972656 -0.02832031
v -0.03613281 0.22949219 -0.05761718
v -0.03613281 0.22949219 -0.05761718
v -0.02441406 0.22949219 -0.06347656
v -0.02050781 0.24121094 -0.10644531
v 0.00097657 0.24121094 -0.10839844
v 0.00097657 0.24511719 -0.15917969
v 0.03808594 0.23535156 -0.20019531
v 0.07714844 0.23730469 -0.19042969
v 0.11035156 0.23730469 -0.17089844
v 0.11035156 0.23730469 -0.17089844
v 0.13183594 0.21777344 -0.20214844
v 0.15136719 0.19042969 -0.22949219
v 0.19042969 0.19042969 -0.19824219
v 0.19042969 0.19042969 -0.19824219
v 0.24707031 0.15722656 -0.17285156
v 0.24707031 0.15722656 -0.17285156
v 0.27832031 0.15722656 -0.12402344
v 0.29394531 0.15722656 -0.06542969
v 0.26660156 0.19042969 -0.05761718
v 0.27246094 0.19042969 -0.00292968
v 0.23730469 0.21777344 -0.00292968
v 0.20019531 0.23535156 -0.00292968
v 0.20019531 0.23535156 -0.00292968
v 0.15527344 0.24511719 -0.00292968
v 0.10449219 0.24121094 -0.00488281
v 0.10449219 0.24121094 -0.00488281
v 0.06347656 0.22949219 -0.00488281
v 0.06347656 0.22949219 -0.00488281
v 0.03027344 0.21972656 0.00097657
v 0.03027344 0.21972656 0.00878907
v 0.02636719 0.21972656 0.01464844
v 0.02246094 0.21972656 0.02050782
v 0.02246094 0.21972656 0.02050782
v 0.01855469 0.21972656 0.02636719
v 0.01269532 0.21972656 0.03027344
v 0.00683594 0.21972656 0.03222657
v -0.00878906 0.21777344 0.02050782
v -0.01855469 0.21777344 0.02050782
v -0.01855469 0.21777344 0.02050782
v -0.01855469 0.21777344 0.02050782
v -0.01855469 0.21777344 0.01074219
v -0.01855469 0.21777344 0.01074219
v -0.01855469 0.21777344 0.00097657
v -0.03417968 0.21972656 -0.00683593
v -0.03222656 0.21972656 -0.01464843
v -0.05371093 0.22949219 -0.04003906
v -0.04589843 0.22949219 -0.04980468
v -0.05761718 0.24121094 -0.09082031
v -0.05761718 0.24121094 -0.09082031
v -0.04003906 0.24121094 -0.10058594
v -0.03027344 0.24511719 -0.15527344
v -0.00097656 0.23535156 -0.20410156
v 0.04589844 0.21777344 -0.23730469
v 0.04589844 0.21777344 -0.23730469
v 0.04589844 0.21777344 -0.23730469
v 0.09082031 0.21777344 -0.22558594
v 0.09082031 0.21777344 -0.22558594
v 0.10644531 0.19042969 -0.25683594
v 0.16699219 0.15722656 -0.25488281
v 0.20996094 0.15722656 -0.21972656
v 0.20996094 0.15722656 -0.21972656
v 0.26660156 0.12207032 -0.18457031
v 0.26660156 0.12207032 -0.18457031
v 0.29785156 0.12207032 -0.13183594
v 0.28027344 0.08105469 -0.19042969
v 0.31152344 0.08105469 -0.13378906
v 0.32128906 0.03808594 -0.13574219
v 0.33886719 -0.05761718 -0.07128906
v 0.32519531 -0.00878906 -0.13574219
v 0.32519531 -0.00878906 -0.13574219
v 0.34082031 -0.00878906 -0.07128906
v 0.34082031 -0.00878906 -0.07128906
v 0.34082031 -0.00878906 -0.07128906
v 0.33691406 0.03808594 -0.07128906
v 0.32910156 0.08105469 -0.07128906
v 0.31542969 0.12011719 -0.06933594
v 0.30175781 0.15722656 -0.00292968
v 0.30175781 0.15722656 -0.00292968
v 0.29394531 0.15722656 0.05761719
v 0.29394531 0.15722656 0.05761719
v 0.26660156 0.19042969 0.05175782
v 0.26660156 0.19042969 0.05175782
v 0.23144531 0.21777344 0.04394532
v 0.23144531 0.21777344 0.04394532
v 0.19433594 0.23535156 0.03613282
v 0.19433594 0.23535156 0.03613282
v 0.15136719 0.24511719 0.02636719
v 0.10253906 0.24121094 0.01855469
v 0.10253906 0.24121094 0.01855469
v 0.06347656 0.22949219 0.00878907
v 0.06347656 0.22949219 0.00878907
v 0.05957032 0.22949219 0.02246094
v 0.05957032 0.22949219 0.02246094
v 0.05175782 0.22949219 0.03417969
v 0.05175782 0.22949219 0.03417969
v 0.04394532 0.22949219 0.04199219
v 0.04394532 0.22949219 0.04199219
v 0.04394532 0.22949219 0.04199219
v 0.03417969 0.22949219 0.04980469
v 0.03417969 0.22949219 0.04980469
v 0.03417969 0.22949219 0.04980469
v 0.02441406 0.22949219 0.05566407
v 0.02441406 0.22949219 0.05566407
v 0.01269532 0.22949219 0.05957032
v 0.01269532 0.22949219 0.05957032
v -0.00097656 0.21972656 0.03222657
v -0.00683594 0.21972656 0.03222657
v -0.01269531 0.21972656 0.03027344
v -0.01269531 0.21972656 0.03027344
v -0.01855469 0.21972656 0.02636719
v -0.01855469 0.21972656 0.02636719
v -0.02246094 0.21972656 0.02050782
v -0.02246094 0.21972656 0.02050782
v -0.02832031 0.21972656 0.01855469
v -0.03222656 0.21972656 0.01269532
v -0.03417968 0.21972656 0.00683594
v -0.03417968 0.21972656 -0.00097656
v -0.06347656 0.22949219 -0.01464843
v -0.05957031 0.22949219 -0.02832031
v -0.08691406 0.24121094 -0.06347656
v -0.08691406 0.24121094 -0.06347656
v -0.07324219 0.24121094 -0.07714844
v -0.07324219 0.24121094 -0.07714844
v -0.07324219 0.24121094 -0.07714844
v -0.08496094 0.24511719 -0.13183594
v -0.08496094 0.24511719 -0.13183594
v -0.05957031 0.24511719 -0.14746094
v -0.03808593 0.23535156 -0.20019531
v -0.03808593 0.23535156 -0.20019531
v 0.00097657 0.21777344 -0.24316406
v 0.00097657 0.21777344 -0.24316406
v 0.05371094 0.19042969 -0.27050781
v 0.05371094 0.19042969 -0.27050781
v 0.11816406 0.15722656 -0.28222656
v 0.17871094 0.12207032 -0.27246094
v 0.22753906 0.12207032 -0.23339844
v 0.23925781 0.08105469 -0.24316406
v 0.23925781 0.08105469 -0.24316406
v 0.29003906 0.03808594 -0.19433594
v 0.29003906 0.03808594 -0.19433594
v 0.29394531 -0.00878906 -0.19628906
v 0.29394531 -0.00878906 -0.19628906
v 0.29394531 -0.00878906 -0.19628906
v 0.29003906 -0.05761718 -0.19433594
v 0.32324219 -0.05761718 -0.13574219
v 0.31347656 -0.11035156 -0.13378906
v 0.31347656 -0.11035156 -0.13378906
v 0.32910156 -0.11035156 -0.06933594
v 0.32910156 -0.11035156 -0.06933594
v 0.31152344 -0.16894531 -0.06738281
v 0.29394531 -0.16894531 -0.12792969
v 0.26855469 -0.22949219 -0.11621094
v 0.28417969 -0.22949219 -0.06152343
v 0.23925781 -0.28808594 -0.10449219
v 0.23925781 -0.28808594 -0.10449219
v 0.20605469 -0.34667969 -0.08886719
v 0.16699219 -0.40136719 -0.07519531
v 0.13183594 -0.44628906 -0.05957031
v 0.10253906 -0.47167969 -0.04785156
v 0.07910156 -0.48339844 -0.03808593
v 0.08300781 -0.48339844 -0.02050781
v 0.08496094 -0.48339844 -0.00488281
v 0.08300781 -0.48339844 0.01074219
v 0.11035156 -0.47167969 0.01660156
v 0.13964844 -0.44628906 0.02441407
v 0.17871094 -0.40136719 0.03222657
v 0.17871094 -0.40136719 0.03222657
v 0.21777344 -0.34667969 0.04003907
v 0.21777344 -0.34667969 0.04003907
v 0.25878906 -0.28808594 -0.00488281
v 0.29003906 -0.22949219 -0.00488281
v 0.31738281 -0.16894531 -0.00488281
v 0.33691406 -0.11035156 -0.00292968
v 0.33691406 -0.11035156 -0.00292968
v 0.34667969 -0.05761718 -0.00292968
v 0.34863281 -0.00878906 -0.00292968
v 0.34863281 -0.00878906 -0.00292968
v 0.34472656 0.03808594 -0.00292968
v 0.34472656 0.03808594 -0.00292968
v 0.33691406 0.08105469 -0.00292968
v 0.33691406 0.08105469 -0.00292968
v 0.32324219 0.12011719 -0.00292968
v 0.32324219 0.12011719 -0.00292968
v 0.31542969 0.12011719 0.06152344
v 0.27832031 0.15722656 0.11621094
v 0.25097656 0.19042969 0.10253906
v 0.21972656 0.21777344 0.08886719
v 0.21972656 0.21777344 0.08886719
v 0.18457031 0.23730469 0.07324219
v 0.18457031 0.23730469 0.07324219
v 0.18457031 0.23730469 0.07324219
v 0.14160156 0.24511719 0.05566407
v 0.09667969 0.24121094 0.03808594
v 0.09667969 0.24121094 0.03808594
v 0.08496094 0.24121094 0.05566407
v 0.08496094 0.24121094 0.05566407
v 0.07324219 0.24121094 0.07128906
v 0.07324219 0.24121094 0.07128906
v 0.07324219 0.24121094 0.07128906
v 0.05761719 0.24121094 0.08300781
v 0.04003907 0.24121094 0.09277344
v 0.04003907 0.24121094 0.09277344
v 0.02050781 0.24121094 0.09863281
v 0.02050781 0.24121094 0.09863281
v -0.00097656 0.22949219 0.06152344
v -0.00097656 0.22949219 0.06152344
v -0.01269531 0.22949219 0.05957032
v -0.01269531 0.22949219 0.05957032
v -0.01269531 0.22949219 0.05957032
v -0.02441406 0.22949219 0.05566407
v -0.02441406 0.22949219 0.05566407
v -0.03417968 0.22949219 0.04980469
v -0.04394531 0.22949219 0.04199219
v -0.04394531 0.22949219 0.04199219
v -0.04394531 0.22949219 0.04199219
v -0.05175781 0.22949219 0.03417969
v -0.05175781 0.22949219 0.03417969
v -0.05761718 0.22949219 0.02246094
v -0.05761718 0.22949219 0.02246094
v -0.06152343 0.22949219 0.01074219
v -0.06347656 0.22949219 -0.00097656
v -0.10253906 0.24121094 -0.02441406
v -0.10253906 0.24121094 -0.02441406
v -0.09667969 0.24121094 -0.04589843
v -0.09667969 0.24121094 -0.04589843
v -0.12792969 0.24511719 -0.09082031
v -0.11035156 0.24511719 -0.11425781
v -0.11035156 0.24511719 -0.11425781
v -0.11035156 0.23730469 -0.17089844
v -0.11035156 0.23730469 -0.17089844
v -0.11035156 0.23730469 -0.17089844
v -0.11035156 0.23730469 -0.17089844
v -0.07714844 0.23535156 -0.19042969
v -0.07714844 0.23535156 -0.19042969
v -0.04589843 0.21777344 -0.23730469
v 0.00097657 0.19042969 -0.27636719
v 0.00097657 0.19042969 -0.27636719
v 0.06152344 0.15722656 -0.29980469
v 0.06152344 0.15722656 -0.29980469
v 0.12597656 0.12207032 -0.30371094
v 0.12988281 0.08105469 -0.31933594
v 0.18847656 0.08105469 -0.28613281
v 0.24707031 0.03808594 -0.24902344
v 0.24707031 0.03808594 -0.24902344
v 0.25097656 -0.00878906 -0.25292969
v 0.25097656 -0.00878906 -0.25292969
v 0.24707031 -0.05761718 -0.25097656
v 0.28027344 -0.11035156 -0.19042969
v 0.26464844 -0.16894531 -0.18066406
v 0.26464844 -0.16894531 -0.18066406
v 0.24121094 -0.22949219 -0.16503906
v 0.24121094 -0.22949219 -0.16503906
v 0.21386719 -0.28808594 -0.14746094
v 0.18261719 -0.34667969 -0.12597656
v 0.14941406 -0.40136719 -0.10449219
v 0.11816406 -0.44628906 -0.08300781
v 0.09082031 -0.47167969 -0.06542969
v 0.07128906 -0.48339844 -0.05175781
v 0.04394532 -0.49121094 -0.04785156
v 0.05957032 -0.48339844 -0.06347656
v 0.05175782 -0.49121094 -0.03808593
v 0.05761719 -0.49121094 -0.02832031
v 0.06152344 -0.49121094 -0.01660156
v 0.06152344 -0.49121094 -0.00488281
v 0.06152344 -0.49121094 0.00683594
v 0.05761719 -0.49121094 0.01855469
v 0.07910156 -0.48339844 0.02832032
v 0.10449219 -0.47167969 0.03808594
v 0.13378906 -0.44628906 0.05175782
v 0.16894531 -0.40136719 0.06542969
v 0.20605469 -0.34667969 0.08105469
v 0.20605469 -0.34667969 0.08105469
v 0.25292969 -0.28808594 0.04785157
v 0.28417969 -0.22949219 0.05371094
v 0.31152344 -0.16894531 0.05957032
v 0.32910156 -0.11035156 0.06347656
v 0.32910156 -0.11035156 0.06347656
v 0.33886719 -0.05761718 0.06347656
v 0.34082031 -0.00878906 0.06347656
v 0.34082031 -0.00878906 0.06347656
v 0.33886719 0.03808594 0.06347656
v 0.32910156 0.08105469 0.06347656
v 0.31152344 0.08105469 0.12792969
v 0.29785156 0.12207032 0.12402344
v 0.26660156 0.12207032 0.17675781
v 0.24707031 0.15722656 0.16699219
v 0.22363281 0.19042969 0.14941406
v 0.19628906 0.21777344 0.12988281
v 0.19628906 0.21777344 0.12988281
v 0.16699219 0.23730469 0.10839844
v 0.12792969 0.24511719 0.08300781
v 0.12792969 0.24511719 0.08300781
v 0.10839844 0.24511719 0.10644531
v 0.10839844 0.24511719 0.10644531
v 0.08496094 0.24511719 0.12597656
v 0.08496094 0.24511719 0.12597656
v 0.08496094 0.24511719 0.12597656
v 0.05957032 0.24511719 0.13964844
v 0.05957032 0.24511719 0.13964844
v 0.03027344 0.24511719 0.14746094
v 0.03027344 0.24511719 0.14746094
v 0.00097657 0.24121094 0.10058594
v 0.00097657 0.24121094 0.10058594
v -0.02050781 0.24121094 0.09863281
v -0.02050781 0.24121094 0.09863281
v -0.02050781 0.24121094 0.09863281
v -0.02050781 0.24121094 0.09863281
v -0.04003906 0.24121094 0.09277344
v -0.04003906 0.24121094 0.09277344
v -0.04003906 0.24121094 0.09277344
v -0.05761718 0.24121094 0.08300781
v -0.05761718 0.24121094 0.08300781
v -0.05761718 0.24121094 0.08300781
v -0.07128906 0.24121094 0.07128906
v -0.07128906 0.24121094 0.07128906
v -0.07128906 0.24121094 0.07128906
v -0.08496094 0.24121094 0.05566407
v -0.08496094 0.24121094 0.05566407
v -0.09667969 0.24121094 0.03808594
v -0.09667969 0.24121094 0.03808594
v -0.10253906 0.24121094 0.01855469
v -0.10253906 0.24121094 0.01855469
v -0.10253906 0.24121094 0.01855469
v -0.10449219 0.24121094 -0.00292968
v -0.10449219 0.24121094 -0.00292968
v -0.15136719 0.24511719 -0.03417968
v -0.14355469 0.24511719 -0.06347656
v -0.16503906 0.23730469 -0.11425781
v -0.16503906 0.23730469 -0.11425781
v -0.14160156 0.23730469 -0.14550781
v -0.14160156 0.23730469 -0.14550781
v -0.14160156 0.23730469 -0.14550781
v -0.13183594 0.21777344 -0.20214844
v -0.13183594 0.21777344 -0.20214844
v -0.13183594 0.21777344 -0.20214844
v -0.09082031 0.21777344 -0.22558594
v -0.05371093 0.19042969 -0.27050781
v 0.00097657 0.15722656 -0.30761719
v 0.00097657 0.15722656 -0.30761719
v 0.06542969 0.12011719 -0.31933594
v 0.06542969 0.08105469 -0.33496094
v 0.12988281 0.03808594 -0.32910156
v 0.19238281 0.03808594 -0.29394531
v 0.19238281 -0.00878906 -0.29980469
v 0.19238281 -0.00878906 -0.29980469
v 0.19238281 -0.05957031 -0.29589844
v 0.23925781 -0.11035156 -0.24511719
v 0.22363281 -0.16894531 -0.23144531
v 0.22363281 -0.16894531 -0.23144531
v 0.22363281 -0.16894531 -0.23144531
v 0.20410156 -0.22949219 -0.20996094
v 0.20410156 -0.22949219 -0.20996094
v 0.18066406 -0.29003906 -0.18652344
v 0.15527344 -0.34667969 -0.16113281
v 0.12792969 -0.40136719 -0.13183594
v 0.10058594 -0.44628906 -0.10449219
v 0.07714844 -0.47167969 -0.08300781
v 0.06152344 -0.47167969 -0.09472656
v 0.04589844 -0.48339844 -0.07324219
v 0.03417969 -0.49121094 -0.05566406
v 0.02441406 -0.49707031 -0.04003906
v 0.03027344 -0.49707031 -0.03417968
v 0.03613282 -0.49707031 -0.02832031
v 0.04003907 -0.49707031 -0.02050781
v 0.04199219 -0.49707031 -0.01269531
v 0.04394532 -0.49707031 -0.00488281
v 0.04199219 -0.49707031 0.00292969
v 0.04003907 -0.49707031 0.01074219
v 0.03613282 -0.49707031 0.01855469
v 0.03613282 -0.49707031 0.01855469
v 0.05175782 -0.49121094 0.03027344
v 0.02636719 -0.49707031 0.03222657
v 0.03222657 -0.49707031 0.02636719
v 0.03222657 -0.49707031 0.02636719
v 0.04589844 -0.49121094 0.04003907
v 0.04589844 -0.49121094 0.04003907
v 0.07128906 -0.48339844 0.04199219
v 0.09277344 -0.47167969 0.05761719
v 0.12011719 -0.44628906 0.07519531
v 0.15136719 -0.40136719 0.09667969
v 0.15136719 -0.40136719 0.09667969
v 0.18457031 -0.34667969 0.11816406
v 0.18457031 -0.34667969 0.11816406
v 0.23925781 -0.28808594 0.09667969
v 0.26855469 -0.22949219 0.11035156
v 0.29589844 -0.16894531 0.12011719
v 0.31347656 -0.11035156 0.12597656
v 0.32324219 -0.05761718 0.12792969
v 0.32324219 -0.05761718 0.12792969
v 0.32324219 -0.05761718 0.12792969
v 0.32519531 -0.00878906 0.12792969
v 0.32519531 -0.00878906 0.12792969
v 0.32519531 -0.00878906 0.12792969
v 0.32128906 0.03808594 0.12792969
v 0.29003906 0.03808594 0.18652344
v 0.28027344 0.08105469 0.18261719
v 0.22753906 0.12207032 0.22558594
v 0.21191406 0.15722656 0.21191406
v 0.21191406 0.15722656 0.21191406
v 0.21191406 0.15722656 0.21191406
v 0.19042969 0.19042969 0.19042969
v 0.19042969 0.19042969 0.19042969
v 0.19042969 0.19042969 0.19042969
v 0.19042969 0.19042969 0.19042969
v 0.16894531 0.21777344 0.16699219
v 0.16894531 0.21777344 0.16699219
v 0.14160156 0.23730469 0.13964844
v 0.14160156 0.23730469 0.13964844
v 0.11035156 0.23730469 0.16503906
v 0.11035156 0.23730469 0.16503906
v 0.11035156 0.23730469 0.16503906
v 0.11035156 0.23730469 0.16503906
v 0.07714844 0.23535156 0.18457031
v 0.07714844 0.23535156 0.18457031
v 0.03808594 0.23535156 0.19238281
v 0.03808594 0.23535156 0.19238281
v 0.00097657 0.23535156 0.19824219
v 0.00097657 0.23535156 0.19824219
v 0.00097657 0.23535156 0.19824219
v 0.00097657 0.24511719 0.15136719
v -0.03027344 0.24511719 0.14746094
v -0.05957031 0.24511719 0.13964844
v -0.08496094 0.24511719 0.12597656
v -0.10839844 0.24511719 0.10644531
v -0.10839844 0.24511719 0.10644531
v -0.10839844 0.24511719 0.10644531
v -0.10839844 0.24511719 0.10644531
v -0.12792969 0.24511719 0.08300781
v -0.12792969 0.24511719 0.08300781
v -0.12792969 0.24511719 0.08300781
v -0.14160156 0.24511719 0.05566407
v -0.14160156 0.24511719 0.05566407
v -0.14941406 0.24511719 0.02636719
v -0.15332031 0.24511719 -0.00292968
v -0.19433594 0.23535156 -0.04199218
v -0.19433594 0.23535156 -0.04199218
v -0.18457031 0.23535156 -0.08105469
v -0.18457031 0.23535156 -0.08105469
v -0.19628906 0.21777344 -0.13574219
v -0.16894531 0.21777344 -0.17285156
v -0.16894531 0.21777344 -0.17285156
v -0.15136719 0.19042969 -0.22949219
v -0.15136719 0.19042969 -0.22949219
v -0.10644531 0.19042969 -0.25683594
v -0.06152343 0.15722656 -0.29980469
v 0.00097657 0.12011719 -0.32714844
v 0.00097657 0.12011719 -0.32714844
v 0.00097657 0.08105469 -0.34277344
v 0.00097657 0.08105469 -0.34277344
v 0.06542969 0.03613282 -0.34472656
v 0.06542969 0.03613282 -0.34472656
v 0.12988281 -0.01074218 -0.33300781
v 0.12988281 -0.01074218 -0.33300781
v 0.12988281 -0.05957031 -0.33105469
v 0.18652344 -0.11230469 -0.28808594
v 0.17675781 -0.16894531 -0.27050781
v 0.17675781 -0.16894531 -0.27050781
v 0.16113281 -0.23144531 -0.24511719
v 0.16113281 -0.23144531 -0.24511719
v 0.14355469 -0.29003906 -0.21777344
v 0.12207031 -0.34667969 -0.18652344
v 0.10058594 -0.40332031 -0.15332031
v 0.07910156 -0.44628906 -0.12207031
v 0.05566407 -0.44628906 -0.13574219
v 0.04199219 -0.47167969 -0.10644531
v 0.03222657 -0.48339844 -0.08105469
v 0.02441406 -0.49121094 -0.06152343
v 0.01660156 -0.49707031 -0.04394531
v 0.00878907 -0.49707031 -0.04589843
v 0.00683594 -0.49902344 -0.03027344
v 0.01074219 -0.49902344 -0.02832031
v 0.01660156 -0.49902344 -0.02636719
v 0.02050781 -0.49902344 -0.02246094
v 0.02441406 -0.49902344 -0.02050781
v 0.02636719 -0.49902344 -0.01464843
v 0.02832032 -0.49902344 -0.01074218
v 0.02832032 -0.49902344 -0.00488281
v 0.02832032 -0.49902344 0.00097657
v 0.02636719 -0.49902344 0.00488282
v 0.02441406 -0.49902344 0.01074219
v 0.02441406 -0.49902344 0.01074219
v 0.02050781 -0.49902344 0.01464844
v 0.02050781 -0.49902344 0.01464844
v 0.01660156 -0.49902344 0.01855469
v 0.01269532 -0.49902344 0.02050782
v 0.01855469 -0.49707031 0.03613282
v 0.03613282 -0.49121094 0.04785157
v 0.06152344 -0.48339844 0.05566407
v 0.06152344 -0.48339844 0.05566407
v 0.08105469 -0.47167969 0.07324219
v 0.08105469 -0.47167969 0.07324219
v 0.10253906 -0.44628906 0.09667969
v 0.10253906 -0.44628906 0.09667969
v 0.12988281 -0.40136719 0.12402344
v 0.12988281 -0.40136719 0.12402344
v 0.12988281 -0.40136719 0.12402344
v 0.15917969 -0.34667969 0.15136719
v 0.15917969 -0.34667969 0.15136719
v 0.21582031 -0.28808594 0.13964844
v 0.24121094 -0.22949219 0.15722656
v 0.26660156 -0.16894531 0.17285156
v 0.28222656 -0.11035156 0.18261719
v 0.29199219 -0.05761718 0.18652344
v 0.29199219 -0.05761718 0.18652344
v 0.29394531 -0.00878906 0.18847656
v 0.29394531 -0.00878906 0.18847656
v 0.25097656 -0.00878906 0.24316406
v 0.25097656 -0.00878906 0.24316406
v 0.24902344 0.03808594 0.24121094
v 0.24902344 0.03808594 0.24121094
v 0.23925781 0.08105469 0.23339844
v 0.23925781 0.08105469 0.23339844
v 0.17871094 0.12207032 0.26464844
v 0.17871094 0.12207032 0.26464844
v 0.16699219 0.15722656 0.24707031
v 0.16699219 0.15722656 0.24707031
v 0.15136719 0.19042969 0.22363281
v 0.15136719 0.19042969 0.22363281
v 0.13183594 0.21777344 0.19628906
v 0.13183594 0.21777344 0.19628906
v 0.13183594 0.21777344 0.19628906
v 0.09277344 0.21777344 0.21972656
v 0.04785157 0.21582031 0.23144531
v 0.00097657 0.21777344 0.23535156
v 0.00097657 0.21777344 0.23535156
v -0.04589843 0.21777344 0.22949219
v -0.04589843 0.21777344 0.22949219
v -0.03808593 0.23535156 0.19238281
v -0.03808593 0.23535156 0.19238281
v -0.07714844 0.23535156 0.18261719
v -0.07714844 0.23535156 0.18261719
v -0.11035156 0.23730469 0.16308594
v -0.14160156 0.23730469 0.13964844
v -0.14160156 0.23730469 0.13964844
v -0.16503906 0.23730469 0.10839844
v -0.18457031 0.23535156 0.07324219
v -0.18457031 0.23535156 0.07324219
v -0.19433594 0.23535156 0.03613282
v -0.19433594 0.23535156 0.03613282
v -0.19433594 0.23535156 0.03613282
v -0.20019531 0.23535156 -0.00292968
v -0.20019531 0.23535156 -0.00292968
v -0.23144531 0.21582031 -0.04980468
v -0.21972656 0.21777344 -0.09472656
v -0.22363281 0.19042969 -0.15527344
v -0.19042969 0.19042969 -0.19824219
v -0.19042969 0.19042969 -0.19824219
v -0.16699219 0.15722656 -0.25488281
v -0.16699219 0.15722656 -0.25488281
v -0.11816406 0.15722656 -0.28222656
v -0.12597656 0.12011719 -0.30371094
v -0.06542969 0.12011719 -0.31933594
v -0.06542969 0.08105469 -0.33496094
v -0.06542969 0.08105469 -0.33496094
v 0.00097657 0.03613282 -0.35253906
v 0.00097657 0.03613282 -0.35253906
v 0.00097657 0.03613282 -0.35253906
v 0.00097657 -0.01074218 -0.35644531
v 0.06542969 -0.01074218 -0.34863281
v 0.06542969 -0.01074218 -0.34863281
v 0.06542969 -0.05957031 -0.34667969
v 0.12792969 -0.11230469 -0.31933594
v 0.12402344 -0.17089844 -0.29980469
v 0.11425781 -0.23144531 -0.27246094
v 0.11425781 -0.23144531 -0.27246094
v 0.10058594 -0.29003906 -0.24316406
v 0.08691406 -0.34667969 -0.20800781
v 0.07128906 -0.40332031 -0.17089844
v 0.02832032 -0.44628906 -0.14355469
v 0.02246094 -0.47167969 -0.11230469
v 0.01660156 -0.48339844 -0.08691406
v 0.01269532 -0.49121094 -0.06347656
v 0.00097657 -0.49121094 -0.06542969
v 0.00097657 -0.49707031 -0.04589843
v 0.00097657 -0.49902344 -0.03027344
v -0.00683594 -0.49707031 -0.04589843
v -0.00488281 -0.49902344 -0.03027344
v 0.00097657 -0.49902344 -0.02050781
v 0.00488282 -0.49902344 -0.02246094
v 0.00488282 -0.49902344 -0.01660156
v 0.01269532 -0.49902344 -0.01855469
v 0.01269532 -0.49902344 -0.01269531
v 0.01660156 -0.49902344 -0.01074218
v 0.01464844 -0.49902344 -0.00488281
v 0.01464844 -0.49902344 0.00097657
v 0.01855469 -0.49902344 0.00488282
v 0.01269532 -0.49902344 0.00683594
v 0.01269532 -0.49902344 0.00683594
v 0.01269532 -0.49902344 0.01464844
v 0.00292969 -0.49902344 0.00683594
v 0.00292969 -0.49902344 0.01269532
v 0.00683594 -0.49902344 0.02246094
v 0.01074219 -0.49707031 0.03808594
v 0.02636719 -0.49121094 0.05371094
v 0.04980469 -0.48339844 0.06542969
v 0.06347656 -0.47167969 0.08691406
v 0.08105469 -0.44628906 0.11425781
v 0.10253906 -0.40136719 0.14550781
v 0.10253906 -0.40136719 0.14550781
v 0.12597656 -0.34667969 0.17871094
v 0.18457031 -0.29003906 0.17675781
v 0.20800781 -0.22949219 0.20019531
v 0.22753906 -0.16894531 0.21972656
v 0.24121094 -0.11035156 0.23339844
v 0.24902344 -0.05761718 0.24121094
v 0.24902344 -0.05761718 0.24121094
v 0.19238281 -0.05957031 0.28808594
v 0.19238281 -0.05957031 0.28808594
v 0.19433594 -0.00878906 0.29199219
v 0.19433594 -0.00878906 0.29199219
v 0.19433594 -0.00878906 0.29199219
v 0.19238281 0.03808594 0.28808594
v 0.19238281 0.03808594 0.28808594
v 0.18847656 0.08105469 0.27832031
v 0.12597656 0.12207032 0.29589844
v 0.11816406 0.15722656 0.27441406
v 0.10644531 0.19042969 0.24902344
v 0.05371094 0.19042969 0.26269531
v 0.00097657 0.19042969 0.27050781
v -0.05371093 0.19042969 0.26269531
v -0.05371093 0.19042969 0.26269531
v -0.09082031 0.21777344 0.21777344
v -0.13183594 0.21777344 0.19433594
v -0.13183594 0.21777344 0.19433594
v -0.16894531 0.21777344 0.16699219
v -0.16894531 0.21777344 0.16699219
v -0.16894531 0.21777344 0.16699219
v -0.19628906 0.21777344 0.12988281
v -0.21972656 0.21777344 0.08886719
v -0.21972656 0.21777344 0.08886719
v -0.23144531 0.21582031 0.04394532
v -0.23144531 0.21582031 0.04394532
v -0.23730469 0.21582031 -0.00292968
v -0.26464844 0.18847656 -0.05761718
v -0.25097656 0.19042969 -0.11035156
v -0.24707031 0.15722656 -0.17285156
v -0.20996094 0.15722656 -0.21972656
v -0.20996094 0.15722656 -0.21972656
v -0.17871094 0.12011719 -0.27246094
v -0.17871094 0.12011719 -0.27246094
v -0.18652344 0.08105469 -0.28613281
v -0.12988281 0.08105469 -0.31933594
v -0.06542969 0.03613282 -0.34472656
v -0.06542969 0.03613282 -0.34472656
v -0.06542969 -0.01074218 -0.34863281
v -0.06542969 -0.01074218 -0.34863281
v 0.00097657 -0.05957031 -0.35449219
v 0.06542969 -0.11230469 -0.33691406
v 0.06347656 -0.17089844 -0.31542969
v 0.05957032 -0.23144531 -0.28808594
v 0.05957032 -0.23144531 -0.28808594
v 0.05175782 -0.29003906 -0.25488281
v 0.04394532 -0.34667969 -0.21972656
v 0.03613282 -0.40332031 -0.18066406
v 0.00097657 -0.44628906 -0.14550781
v 0.00097657 -0.47167969 -0.11425781
v 0.00097657 -0.48339844 -0.08886719
v -0.01660156 -0.48339844 -0.08691406
v -0.01074218 -0.49121094 -0.06347656
v -0.01464843 -0.49707031 -0.04199218
v -0.00878906 -0.49902344 -0.02832031
v -0.00292968 -0.49902344 -0.02050781
v -0.00292968 -0.49902344 -0.01269531
v 0.00097657 -0.49902344 -0.00292968
v 0.00097657 -0.49902344 -0.00292968
v -0.01074218 -0.49902344 0.01074219
v -0.00683594 -0.49902344 0.01269532
v -0.00292968 -0.49902344 0.01660156
v -0.00292968 -0.49902344 0.02246094
v 0.00292969 -0.49902344 0.02246094
v 0.00292969 -0.49707031 0.03808594
v 0.01464844 -0.49121094 0.05566407
v 0.03417969 -0.48339844 0.07324219
v 0.04589844 -0.47167969 0.09863281
v 0.05761719 -0.44628906 0.12792969
v 0.07324219 -0.40332031 0.16308594
v 0.08886719 -0.34667969 0.20019531
v 0.08886719 -0.34667969 0.20019531
v 0.14550781 -0.29003906 0.20800781
v 0.16503906 -0.23144531 0.23535156
v 0.17871094 -0.16894531 0.26074219
v 0.18847656 -0.11230469 0.27832031
v 0.12988281 -0.05957031 0.32324219
v 0.12988281 -0.05957031 0.32324219
v 0.12988281 -0.01074218 0.32519531
v 0.12988281 -0.01074218 0.32519531
v 0.13183594 0.03808594 0.32128906
v 0.12988281 0.08105469 0.31152344
v 0.06542969 0.12011719 0.31347656
v 0.06152344 0.15722656 0.29199219
v 0.00097657 0.15722656 0.29980469
v 0.00097657 0.15722656 0.29980469
v -0.06152343 0.15722656 0.29199219
v -0.11816406 0.15722656 0.27441406
v -0.10644531 0.19042969 0.24902344
v -0.15136719 0.19042969 0.22167969
v -0.19042969 0.19042969 0.19042969
v -0.19042969 0.19042969 0.19042969
v -0.22363281 0.19042969 0.14941406
v -0.22363281 0.19042969 0.14941406
v -0.25097656 0.19042969 0.10253906
v -0.25097656 0.19042969 0.10253906
v -0.26464844 0.18847656 0.05175782
v -0.27246094 0.18847656 -0.00292968
v -0.29394531 0.15722656 -0.06542969
v -0.27832031 0.15722656 -0.12402344
v -0.26660156 0.12011719 -0.18457031
v -0.22753906 0.12011719 -0.23339844
v -0.23925781 0.08105469 -0.24121094
v -0.23925781 0.08105469 -0.24121094
v -0.19238281 0.03613282 -0.29394531
v -0.19238281 0.03613282 -0.29394531
v -0.12988281 0.03613282 -0.32910156
v -0.12988281 0.03613282 -0.32910156
v -0.12988281 -0.01074218 -0.33300781
v -0.12988281 -0.01074218 -0.33300781
v -0.06542969 -0.05957031 -0.34667969
v 0.00097657 -0.11230469 -0.34277344
v 0.00097657 -0.17089844 -0.32324219
v 0.00097657 -0.23144531 -0.29394531
v 0.00097657 -0.23144531 -0.29394531
v 0.00097657 -0.29003906 -0.26074219
v 0.00097657 -0.34667969 -0.22558594
v 0.00097657 -0.40332031 -0.18457031
v -0.02832031 -0.44628906 -0.14160156
v -0.02050781 -0.47167969 -0.11230469
v -0.03222656 -0.48339844 -0.08105469
v -0.02246094 -0.49121094 -0.05957031
v -0.03417968 -0.49121094 -0.05371093
v -0.02246094 -0.49707031 -0.03808593
v -0.01464843 -0.49902344 -0.02636719
v -0.00683594 -0.49902344 -0.01855469
v -0.00878906 -0.49902344 -0.01464843
v -0.00878906 -0.49902344 -0.01464843
v -0.00878906 -0.49902344 -0.01074218
v -0.01464843 -0.49902344 -0.00488281
v -0.01269531 -0.49902344 -0.00292968
v -0.01660156 -0.49902344 0.00097657
v -0.01269531 -0.49902344 0.00488282
v -0.02050781 -0.49902344 0.01269532
v -0.01660156 -0.49902344 0.01660156
v -0.01269531 -0.49902344 0.01855469
v -0.00878906 -0.49902344 0.02050782
v -0.01269531 -0.49707031 0.03613282
v -0.00488281 -0.49707031 0.03808594
v -0.00878906 -0.49121094 0.05566407
v 0.00292969 -0.49121094 0.05761719
v 0.00292969 -0.48339844 0.08105469
v 0.01855469 -0.48339844 0.07910156
v 0.02441406 -0.47167969 0.10449219
v 0.03027344 -0.44628906 0.13574219
v 0.03808594 -0.40332031 0.17285156
v 0.04589844 -0.34667969 0.21191406
v 0.04589844 -0.34667969 0.21191406
v 0.10253906 -0.29003906 0.23339844
v 0.11621094 -0.23144531 0.26464844
v 0.12402344 -0.17089844 0.29199219
v 0.12988281 -0.11230469 0.31347656
v 0.06542969 -0.11230469 0.32910156
v 0.06542969 -0.11230469 0.32910156
v 0.06542969 -0.05957031 0.33886719
v 0.06542969 -0.01074218 0.34277344
v 0.06542969 -0.01074218 0.34277344
v 0.06542969 0.03613282 0.33886719
v 0.06542969 0.08105469 0.32714844
v 0.00097657 0.12011719 0.32128906
v 0.00097657 0.12011719 0.32128906
v -0.06542969 0.12011719 0.31347656
v -0.06542969 0.12011719 0.31347656
v -0.12597656 0.12011719 0.29589844
v -0.17871094 0.12011719 0.26464844
v -0.16699219 0.15722656 0.24707031
v -0.20996094 0.15722656 0.21191406
v -0.20996094 0.15722656 0.21191406
v -0.24707031 0.15722656 0.16699219
v -0.24707031 0.15722656 0.16699219
v -0.27832031 0.15722656 0.11621094
v -0.29394531 0.15722656 0.05761719
v -0.30175781 0.15722656 -0.00292968
v -0.31347656 0.12011719 -0.06933594
v -0.29785156 0.12011719 -0.13183594
v -0.28027344 0.08105469 -0.19042969
v -0.24902344 0.03613282 -0.24902344
v -0.24902344 0.03613282 -0.24902344
v -0.24902344 0.03613282 -0.24902344
v -0.19238281 -0.01074218 -0.29785156
v -0.19238281 -0.01074218 -0.29785156
v -0.12988281 -0.05957031 -0.32910156
v -0.06542969 -0.11230469 -0.33496094
v -0.06347656 -0.17089844 -0.31542969
v -0.05761718 -0.23144531 -0.28613281
v -0.05175781 -0.29003906 -0.25488281
v -0.05175781 -0.29003906 -0.25488281
v -0.04394531 -0.34667969 -0.21972656
v -0.03613281 -0.40332031 -0.18066406
v -0.05566406 -0.44824219 -0.13378906
v -0.04199218 -0.47167969 -0.10644531
v -0.04785156 -0.48339844 -0.07324219
v -0.05957031 -0.48535156 -0.06347656
v -0.05957031 -0.48535156 -0.06347656
v -0.04394531 -0.49121094 -0.04589843
v -0.04394531 -0.49121094 -0.04589843
v -0.03027344 -0.49707031 -0.03417968
v -0.03027344 -0.49707031 -0.03417968
v -0.01855469 -0.49902344 -0.02246094
v -0.01855469 -0.49902344 -0.02246094
v -0.02050781 -0.49902344 -0.01855469
v -0.02441406 -0.49902344 -0.01269531
v -0.02441406 -0.49902344 -0.00683593
v -0.02636719 -0.49902344 -0.00292968
v -0.02441406 -0.49902344 0.00292969
v -0.02246094 -0.49902344 0.00683594
v -0.03222656 -0.49707031 0.02050782
v -0.02636719 -0.49707031 0.02636719
v -0.02050781 -0.49707031 0.03222657
v -0.02050781 -0.49121094 0.05371094
v -0.01269531 -0.48339844 0.07910156
v 0.00292969 -0.47167969 0.10644531
v 0.00292969 -0.44628906 0.13769531
v 0.00292969 -0.40332031 0.17675781
v 0.00292969 -0.34667969 0.21777344
v 0.00292969 -0.34667969 0.21777344
v 0.05371094 -0.29003906 0.24707031
v 0.05957032 -0.23144531 0.28027344
v 0.06347656 -0.17089844 0.30761719
v 0.00097657 -0.11230469 0.33691406
v 0.00097657 -0.11230469 0.33691406
v 0.00097657 -0.05957031 0.34667969
v 0.00097657 -0.01074218 0.34863281
v 0.00097657 -0.01074218 0.34863281
v 0.00097657 0.03613282 0.34472656
v 0.00097657 0.03613282 0.34472656
v 0.00097657 0.08105469 0.33496094
v 0.00097657 0.08105469 0.33496094
v -0.06542969 0.08105469 0.32714844
v -0.06542969 0.08105469 0.32714844
v -0.12988281 0.08105469 0.31152344
v -0.18652344 0.08105469 0.27832031
v -0.22558594 0.12011719 0.22558594
v -0.22558594 0.12011719 0.22558594
v -0.26660156 0.12011719 0.17675781
v -0.26660156 0.12011719 0.17675781
v -0.29785156 0.12011719 0.12402344
v -0.31347656 0.12011719 0.06152344
v -0.32324219 0.12011719 -0.00292968
v -0.32910156 0.08105469 -0.07128906
v -0.31152344 0.08105469 -0.13378906
v -0.29003906 0.03613282 -0.19433594
v -0.29003906 0.03613282 -0.19433594
v -0.29394531 -0.01074218 -0.19433594
v -0.29394531 -0.01074218 -0.19433594
v -0.25097656 -0.01074218 -0.25097656
v -0.25097656 -0.01074218 -0.25097656
v -0.19238281 -0.05957031 -0.29589844
v -0.12792969 -0.11230469 -0.31933594
v -0.12207031 -0.17089844 -0.29980469
v -0.11425781 -0.23144531 -0.27246094
v -0.10058594 -0.29003906 -0.24121094
v -0.10058594 -0.29003906 -0.24121094
v -0.08691406 -0.34667969 -0.20800781
v -0.07128906 -0.40332031 -0.17089844
v -0.07910156 -0.44824219 -0.12011719
v -0.06152343 -0.47167969 -0.09472656
v -0.07910156 -0.47167969 -0.08105469
v -0.07910156 -0.47167969 -0.08105469
v -0.06933594 -0.48535156 -0.04980468
v -0.04980468 -0.49316406 -0.03613281
v -0.03417968 -0.49707031 -0.02636719
v -0.03808593 -0.49707031 -0.01855469
v -0.04003906 -0.49707031 -0.01074218
v -0.04199218 -0.49707031 -0.00292968
v -0.04003906 -0.49707031 0.00683594
v -0.03808593 -0.49707031 0.01464844
v -0.04785156 -0.49316406 0.03027344
v -0.04003906 -0.49121094 0.04003907
v -0.03027344 -0.49121094 0.04785157
v -0.04394531 -0.48339844 0.06542969
v -0.02832031 -0.48339844 0.07519531
v -0.04003906 -0.47167969 0.09863281
v -0.01855469 -0.47167969 0.10449219
v -0.02636719 -0.44628906 0.13574219
v -0.03417968 -0.40332031 0.17285156
v -0.04199218 -0.34667969 0.21191406
v 0.00097657 -0.29003906 0.25488281
v 0.00097657 -0.29003906 0.25488281
v 0.00097657 -0.23144531 0.28613281
v 0.00097657 -0.17089844 0.31542969
v -0.06347656 -0.11230469 0.32910156
v -0.06347656 -0.11230469 0.32910156
v -0.06542969 -0.05957031 0.33886719
v -0.06542969 -0.01074218 0.34277344
v -0.06542969 -0.01074218 0.34277344
v -0.06542969 -0.01074218 0.34277344
v -0.06542969 0.03613282 0.33886719
v -0.06542969 0.03613282 0.33886719
v -0.12988281 0.03613282 0.32128906
v -0.19238281 0.03613282 0.28808594
v -0.24707031 0.03613282 0.24316406
v -0.24707031 0.03613282 0.24316406
v -0.23925781 0.08105469 0.23535156
v -0.23925781 0.08105469 0.23535156
v -0.23925781 0.08105469 0.23535156
v -0.28027344 0.08105469 0.18457031
v -0.31152344 0.08105469 0.12792969
v -0.32910156 0.08105469 0.06347656
v -0.33691406 0.08105469 -0.00292968
v -0.33886719 0.03613282 -0.07128906
v -0.32128906 0.03613282 -0.13574219
v -0.32128906 0.03613282 -0.13574219
v -0.32519531 -0.01074218 -0.13574219
v -0.29003906 -0.05957031 -0.19433594
v -0.24902344 -0.05957031 -0.24707031
v -0.18652344 -0.11230469 -0.28613281
v -0.17675781 -0.17089844 -0.26855469
v -0.16308594 -0.23144531 -0.24316406
v -0.14355469 -0.29003906 -0.21582031
v -0.14355469 -0.29003906 -0.21582031
v -0.12207031 -0.34667969 -0.18652344
v -0.10058594 -0.40332031 -0.15332031
v -0.10058594 -0.44824219 -0.10449219
v -0.10058594 -0.44824219 -0.10449219
v -0.09082031 -0.47167969 -0.06542969
v -0.10058594 -0.47167969 -0.04589843
v -0.07714844 -0.48535156 -0.03417968
v -0.05566406 -0.49316406 -0.02636719
v -0.05957031 -0.49316406 -0.01464843
v -0.05957031 -0.49316406 -0.00292968
v -0.05957031 -0.49316406 0.01074219
v -0.05566406 -0.49316406 0.02050782
v -0.06738281 -0.48535156 0.04394532
v -0.05566406 -0.48535156 0.05566407
v -0.05761718 -0.47167969 0.08886719
v -0.05175781 -0.44824219 0.12792969
v -0.06738281 -0.40332031 0.16308594
v -0.08496094 -0.34667969 0.20019531
v -0.04980468 -0.29003906 0.24707031
v -0.04980468 -0.29003906 0.24707031
v -0.05761718 -0.23144531 0.28027344
v -0.06152343 -0.17089844 0.30761719
v -0.06152343 -0.17089844 0.30761719
v -0.12792969 -0.11230469 0.31347656
v -0.12792969 -0.11230469 0.31347656
v -0.12792969 -0.05957031 0.32324219
v -0.12988281 -0.01074218 0.32714844
v -0.12988281 -0.01074218 0.32714844
v -0.19238281 -0.01074218 0.29199219
v -0.19238281 -0.01074218 0.29199219
v -0.24902344 -0.01074218 0.24511719
v -0.24902344 -0.01074218 0.24511719
v -0.24902344 -0.01074218 0.24511719
v -0.29199219 -0.01074218 0.18847656
v -0.29199219 -0.01074218 0.18847656
v -0.29003906 0.03613282 0.18652344
v -0.29003906 0.03613282 0.18652344
v -0.32128906 0.03613282 0.12792969
v -0.32128906 0.03613282 0.12792969
v -0.33886719 0.03613282 0.06347656
v -0.34667969 0.03613282 -0.00292968
v -0.34667969 0.03613282 -0.00292968
v -0.34863281 -0.01074218 -0.00292968
v -0.34082031 -0.01074218 -0.07128906
v -0.34082031 -0.01074218 -0.07128906
v -0.32128906 -0.05957031 -0.13574219
v -0.28027344 -0.11230469 -0.19042969
v -0.24121094 -0.11230469 -0.24121094
v -0.22558594 -0.17089844 -0.22558594
v -0.20605469 -0.23144531 -0.20605469
v -0.18261719 -0.29003906 -0.18457031
v -0.18261719 -0.29003906 -0.18457031
v -0.18261719 -0.29003906 -0.18457031
v -0.15527344 -0.34667969 -0.15917969
v -0.15527344 -0.34667969 -0.15917969
v -0.12792969 -0.40332031 -0.13183594
v -0.12792969 -0.40332031 -0.13183594
v -0.11816406 -0.44824219 -0.08300781
v -0.12988281 -0.44824219 -0.05761718
v -0.10644531 -0.47167969 -0.02441406
v -0.08105469 -0.48535156 -0.01855469
v -0.08300781 -0.48535156 -0.00292968
v -0.08105469 -0.48535156 0.01464844
v -0.07519531 -0.48535156 0.03027344
v -0.08886719 -0.47167969 0.05761719
v -0.07519531 -0.47167969 0.07519531
v -0.07519531 -0.44824219 0.11425781
v -0.09863281 -0.40332031 0.14550781
v -0.12011719 -0.34667969 0.18066406
v -0.09863281 -0.29003906 0.23535156
v -0.09863281 -0.29003906 0.23535156
v -0.11230469 -0.23144531 0.26464844
v -0.11230469 -0.23144531 0.26464844
v -0.12207031 -0.17089844 0.29394531
v -0.12207031 -0.17089844 0.29394531
v -0.18652344 -0.11230469 0.28027344
v -0.19042969 -0.05957031 0.29003906
v -0.24707031 -0.05957031 0.24316406
v -0.29003906 -0.05957031 0.18652344
v -0.32519531 -0.01074218 0.12792969
v -0.32519531 -0.01074218 0.12792969
v -0.34082031 -0.01074218 0.06347656
v -0.34082031 -0.01074218 0.06347656
v -0.34667969 -0.05957031 -0.00292968
v -0.33886719 -0.05957031 -0.07128906
v -0.31152344 -0.11230469 -0.13378906
v -0.29394531 -0.17089844 -0.12792969
v -0.26464844 -0.17089844 -0.18066406
v -0.23925781 -0.23144531 -0.16503906
v -0.21386719 -0.29003906 -0.14550781
v -0.21386719 -0.29003906 -0.14550781
v -0.18261719 -0.34667969 -0.12597656
v -0.14941406 -0.40332031 -0.10449219
v -0.16699219 -0.40332031 -0.07324219
v -0.13769531 -0.44824219 -0.03027344
v -0.10839844 -0.47167969 -0.00292968
v -0.10644531 -0.47167969 0.01855469
v -0.10058594 -0.47167969 0.04003907
v -0.11425781 -0.44824219 0.07519531
v -0.09667969 -0.44824219 0.09667969
v -0.12402344 -0.40332031 0.12402344
v -0.15332031 -0.34667969 0.15332031
v -0.14160156 -0.29003906 0.20996094
v -0.15917969 -0.23144531 0.23925781
v -0.15917969 -0.23144531 0.23925781
v -0.17480469 -0.17089844 0.26269531
v -0.17480469 -0.17089844 0.26269531
v -0.17480469 -0.17089844 0.26269531
v -0.23730469 -0.11230469 0.23730469
v -0.28027344 -0.11230469 0.18261719
v -0.31152344 -0.11230469 0.12597656
v -0.32128906 -0.05957031 0.12792969
v -0.33886719 -0.05957031 0.06347656
v -0.33691406 -0.11230469 -0.00292968
v -0.32910156 -0.11230469 -0.06933594
v -0.30957031 -0.17089844 -0.06738281
v -0.26660156 -0.23144531 -0.11621094
v -0.23730469 -0.29003906 -0.10449219
v -0.23730469 -0.29003906 -0.10449219
v -0.20410156 -0.34667969 -0.08886719
v -0.17675781 -0.40332031 -0.03808593
v -0.14160156 -0.44824219 -0.00292968
v -0.13769531 -0.44824219 0.02636719
v -0.12988281 -0.44824219 0.05175782
v -0.16503906 -0.40332031 0.06738281
v -0.14746094 -0.40332031 0.09667969
v -0.18066406 -0.34667969 0.12011719
v -0.17871094 -0.29003906 0.18066406
v -0.20214844 -0.23144531 0.20410156
v -0.20214844 -0.23144531 0.20410156
v -0.22167969 -0.17089844 0.22363281
v -0.22167969 -0.17089844 0.22363281
v -0.26269531 -0.17089844 0.17285156
v -0.29394531 -0.17089844 0.12011719
v -0.32910156 -0.11230469 0.06347656
v -0.31738281 -0.17089844 -0.00292968
v -0.28222656 -0.23144531 -0.06152343
v -0.25097656 -0.29003906 -0.05371093
v -0.25097656 -0.29003906 -0.05371093
v -0.21582031 -0.34667969 -0.04785156
v -0.18066406 -0.40332031 -0.00292968
v -0.17480469 -0.40332031 0.03222657
v -0.20214844 -0.34667969 0.08300781
v -0.21191406 -0.29003906 0.13964844
v -0.23925781 -0.23144531 0.15917969
v -0.23925781 -0.23144531 0.15917969
v -0.26660156 -0.23144531 0.11035156
v -0.26660156 -0.23144531 0.11035156
v -0.30957031 -0.17089844 0.05957032
v -0.28808594 -0.23144531 -0.00292968
v -0.28808594 -0.23144531 -0.00292968
v -0.25683594 -0.29003906 -0.00292968
v -0.21972656 -0.34667969 -0.00292968
v -0.21386719 -0.34667969 0.04003907
v -0.23730469 -0.29003906 0.09667969
v -0.28222656 -0.23144531 0.05371094
v -0.28222656 -0.23144531 0.05371094
v -0.25097656 -0.29003906 0.04785157
v -0.25097656 -0.29003906 0.04785157
vt 0.57154191 0.10225070
vt 0.57384604 0.10118258
vt 0.57192338 0.10330355
vt 0.57187760 0.10452431
vt 0.57325095 0.10308993
vt 0.57563132 0.10171664
vt 0.57494467 0.10051119
vt 0.57589072 0.09893948
vt 0.57680631 0.09939724
vt 0.57692838 0.09718472
vt 0.57627225 0.09642178
vt 0.57457846 0.09501791
vt 0.57445639 0.09652859
vt 0.57425803 0.09866482
vt 0.57279319 0.09999239
vt 0.56697947 0.10501260
vt 0.56762034 0.10594338
vt 0.56878006 0.10669106
vt 0.57262534 0.10725564
vt 0.57659268 0.10606545
vt 0.57959867 0.10077059
vt 0.44702831 0.08915848
vt 0.58039218 0.09311056
vt 0.43971923 0.08253604
vt 0.57773709 0.09268332
vt 0.43912414 0.08139163
vt 0.57636380 0.09089798
vt 0.43469903 0.07896543
vt 0.57178605 0.09169143
vt 0.56969559 0.09590298
vt 0.56748301 0.10109103
vt 0.55851072 0.10278475
vt 0.64928663 0.04417485
vt 0.55904478 0.11059737
vt 0.56110477 0.11081100
vt 0.65601587 0.03614861
vt 0.56250858 0.11093307
vt 0.57198441 0.11218435
vt 0.66445410 0.02043182
vt 0.45639735 0.09336996
vt 0.57907987 0.11262685
vt 0.58390170 0.10176241
vt 0.45418480 0.08526742
vt 0.45221639 0.07911801
vt 0.44892043 0.07440299
vt 0.44768444 0.07403678
vt 0.44235903 0.07071030
vt 0.56525522 0.08636606
vt 0.43514153 0.06784159
vt 0.55933470 0.09236288
vt 0.43666744 0.04187077
vt 0.55088121 0.09085220
vt 0.54763103 0.10327303
vt 0.54634929 0.11319143
vt 0.66027313 0.04594493
vt 0.56760508 0.11721981
vt 0.66138703 0.04422063
vt 0.66240942 0.04332036
vt 0.56981766 0.11842525
vt 0.66642255 0.03477532
vt 0.67069507 0.02470434
vt 0.67499810 0.01629663
vt 0.46289769 0.07808042
vt 0.46189058 0.06866562
vt 0.46140230 0.06718546
vt 0.45860991 0.06466776
vt 0.55599296 0.08430612
vt 0.45041582 0.06132603
vt 0.44457161 0.03212023
vt 0.53873503 0.08740366
vt 0.53574425 0.10327303
vt 0.67714959 0.06567484
vt 0.52018005 0.11657894
vt 0.52179754 0.10237277
vt 0.53224993 0.11427480
vt 0.66926068 0.05638206
vt 0.66979474 0.05369651
vt 0.67101550 0.05279624
vt 0.67460138 0.04246587
vt 0.67934692 0.02838176
vt 0.47524223 0.08453500
vt 0.47273976 0.07035935
vt 0.47090867 0.05857939
vt 0.47089341 0.05636680
vt 0.46903181 0.05438316
vt 0.45822844 0.05154496
vt 0.46793318 0.03308153
vt 0.45447472 0.02304113
vt 0.52520025 0.08628976
vt 0.50890362 0.10260165
vt 0.50714886 0.11743343
vt 0.50803387 0.11926454
vt 0.68831921 0.07193100
vt 0.67850769 0.06410313
vt 0.67924011 0.06221104
vt 0.68584728 0.04939348
vt 0.69330889 0.03718626
vt 0.49097428 0.07734799
vt 0.48499274 0.06378269
vt 0.48009461 0.04966813
vt 0.47998780 0.04734874
vt 0.47841612 0.04542613
vt 0.48865491 0.03692681
vt 0.47846189 0.02558941
vt 0.46494240 0.01171893
vt 0.06198215 0.58118564
vt 0.51223010 0.08230716
vt 0.05813687 0.57064164
vt 0.93386739 0.75992978
vt 0.50034332 0.07971311
vt 0.95526057 0.76870376
vt 0.49602503 0.10247958
vt 0.98010224 0.78164339
vt 0.49498740 0.11898983
vt 0.49533838 0.12051576
vt 0.98651105 0.78677046
vt 0.69729155 0.08027774
vt 0.98913556 0.78957808
vt 0.69831389 0.07826352
vt 0.68941784 0.07006943
vt 0.69718468 0.05659568
vt 0.70215917 0.04194707
vt 0.49980927 0.07328910
vt 0.49571985 0.05757231
vt 0.49074540 0.04142827
vt 0.48992142 0.03935301
vt 0.49916840 0.03035021
vt 0.48815137 0.01806670
vt 0.07243457 0.56316471
vt 0.05329976 0.56060123
vt 0.80852979 0.11296254
vt 0.92957962 0.77384603
vt 0.48467231 0.10003817
vt 0.95005721 0.78155184
vt 0.96639961 0.78764021
vt 0.97467005 0.79525447
vt 0.97727931 0.79806209
vt 0.98738080 0.81042194
vt 0.99911499 0.80178529
vt 0.70849162 0.06266880
vt 0.71514457 0.04670787
vt 0.11117724 0.51854736
vt 0.51212329 0.06775004
vt 0.10362402 0.53095293
vt 0.50720990 0.05166703
vt 0.50147247 0.03521782
vt 0.49965668 0.03233385
vt 0.08583200 0.54164946
vt 0.51161975 0.02763408
vt 0.08410773 0.54361790
vt 0.51053637 0.02482641
vt 0.50508887 0.01124591
vt 0.06858930 0.55262077
vt 0.06253147 0.54380101
vt 0.75252920 0.11288625
vt 0.92452890 0.78844893
vt 0.79644465 0.14796674
vt 0.84150451 0.12271303
vt 0.94319063 0.79470515
vt 0.95953310 0.80080873
vt 0.96485847 0.80439460
vt 0.96577400 0.80735487
vt 0.07139696 0.16734570
vt 0.97689784 0.81968415
vt 0.72733653 0.05226213
vt 0.99888611 0.82465857
vt 0.08073548 0.11309987
vt 0.10051118 0.51375604
vt 0.09396505 0.52666515
vt 0.51877624 0.04591441
vt 0.08732738 0.53896391
vt 0.51242846 0.02970934
vt 0.52349126 0.02418554
vt 0.07734798 0.53514916
vt 0.07508965 0.53702605
vt 0.06677348 0.52990007
vt 0.05563439 0.53411150
vt 0.72579539 0.14041352
vt 0.17868315 0.92039371
vt 0.75805295 0.16441596
vt 0.78077364 0.19984740
vt 0.93698025 0.80894178
vt 0.95155263 0.81383991
vt 0.95486379 0.81594568
vt 0.95574886 0.81889069
vt 0.96803236 0.83044171
vt 0.10104524 0.19342339
vt 0.10310521 0.14435035
vt 0.12898451 0.11931032
vt 0.08455024 0.52062261
vt 0.07780575 0.53282976
vt 0.06918441 0.52607000
vt 0.06874190 0.52838945
vt 0.18858625 0.85139239
vt 0.06095979 0.51990539
vt 0.05943389 0.52080572
vt 0.18690775 0.85580224
vt 0.68061340 0.13221943
vt 0.70362401 0.15220875
vt 0.17048906 0.88056761
vt 0.15451285 0.90525675
vt 0.76745248 0.22623026
vt 0.14656290 0.93279928
vt 0.93105972 0.82345313
vt 0.94270235 0.82737470
vt 0.94502175 0.82929730
vt 0.94631875 0.83144885
vt 0.95472646 0.83949035
vt 0.31683832 0.17111468
vt 0.98582435 0.94909590
vt 0.10159457 0.22500956
vt 0.97219807 0.99526972
vt 0.13318074 0.16028076
vt 0.15277332 0.14883649
vt 0.07594416 0.51506829
vt 0.06140231 0.51758599
vt 0.20146486 0.14691389
vt 0.18480201 0.84527349
vt 0.15246814 0.84214544
vt 0.15693904 0.84669262
vt 0.15378042 0.85072100
vt 0.13978790 0.86805522
vt 0.17883573 0.22650492
vt 0.12520027 0.88883805
vt 0.11537346 0.90914780
vt 0.17422751 0.19432366
vt 0.92578012 0.83918518
vt 0.16571298 0.18394750
vt 0.93495077 0.84087890
vt 0.93702602 0.84184027
vt 0.28783092 0.17013812
vt 0.93769741 0.84403753
vt 0.94346535 0.85088885
vt 0.28542000 0.18054473
vt 0.95773250 0.96345466
vt 0.32288089 0.21171892
vt 0.17434959 0.79418629
vt 0.16672008 0.17767602
vt 0.18326086 0.16331732
vt 0.18051423 0.82345313
vt 0.14500648 0.82671857
vt 0.13241780 0.83916992
vt 0.13209735 0.84463263
vt 0.22880903 0.25926602
vt 0.13067827 0.84776074
vt 0.11624323 0.86338598
vt 0.21696803 0.24803543
vt 0.20314336 0.22207981
vt 0.19710079 0.19186693
vt 0.92236209 0.85000384
vt 0.19841306 0.17909515
vt 0.92930496 0.84980547
vt 0.22005035 0.16438544
vt 0.93203634 0.85154498
vt 0.25511560 0.17259479
vt 0.93270773 0.85374224
vt 0.93710232 0.85873199
vt 0.25711453 0.18019378
vt 0.28818190 0.21338218
vt 0.13594262 0.80279243
vt 0.26410314 0.23524833
vt 0.11964599 0.82221711
vt 0.24911879 0.24196231
vt 0.11552606 0.82796979
vt 0.24663158 0.24803543
vt 0.11720455 0.83221179
vt 0.11728084 0.83572137
vt 0.23799497 0.25075150
vt 0.22879377 0.23190659
vt 0.21690699 0.21815825
vt 0.21312276 0.19867247
vt 0.22151522 0.19743651
vt 0.92542917 0.86141753
vt 0.21863127 0.18248266
vt 0.22755779 0.17898834
vt 0.92776382 0.86439306
vt 0.23321889 0.17880523
vt 0.23976502 0.19212633
vt 0.26115817 0.20859081
vt 0.24357976 0.22627604
vt 0.23961242 0.22999924
vt 0.23741512 0.23257804
vt 0.22648966 0.22101170
vt 0.22278172 0.21016252
vt 0.22829023 0.19578850
vt 0.23312734 0.19357598
vt 0.24473946 0.20509654
vt 0.24289311 0.21570152
vt 0.23550774 0.21409935
vt 0.22891584 0.21603721
vt 0.22818342 0.20648509
vt 0.23279163 0.20486760
vt 0.96800184 0.22919053
vt 0.96787977 0.22829020
vt 0.97016859 0.22888535
vt 0.97004652 0.22783244
vt 0.97216755 0.22929734
vt 0.97230488 0.22757304
vt 0.97450215 0.23006028
vt 0.97433430 0.22780192
vt 0.97560084 0.23054856
vt 0.15529107 0.94692910
vt 0.97584498 0.22928208
vt 0.97543299 0.22668803
vt 0.97460896 0.22682536
vt 0.97232014 0.22677958
vt 0.96949720 0.22693217
vt 0.96725416 0.22771037
vt 0.96220338 0.22996873
vt 0.96266115 0.23132676
vt 0.96362251 0.23242545
vt 0.96652168 0.23421073
vt 0.97076374 0.23503470
vt 0.97686732 0.23633176
vt 0.97892731 0.23712522
vt 0.97935456 0.23630118
vt 0.14734112 0.94532692
vt 0.14654765 0.94586098
vt 0.97857636 0.22171360
vt 0.14699017 0.94892806
vt 0.97639430 0.22220188
vt 0.14477760 0.95551997
vt 0.96676582 0.22374302
vt 0.96346992 0.22667277
vt 0.13693446 0.96180665
vt 0.95591670 0.23019761
vt 0.95571834 0.23630118
vt 0.95634395 0.23762876
vt 0.95738155 0.23859006
vt 0.96122682 0.24190128
vt 0.96916151 0.24426645
vt 0.97720301 0.24461740
vt 0.98124665 0.24451059
vt 0.98298621 0.24408329
vt 0.13969634 0.94123751
vt 0.13887236 0.94245821
vt 0.13890287 0.94708169
vt 0.95712215 0.22298008
vt 0.13760586 0.95455861
vt 0.13031204 0.95347524
vt 0.12791638 0.96299684
vt 0.94784468 0.23321891
vt 0.94724953 0.24258792
vt 0.94770736 0.24580759
vt 0.94872969 0.24690622
vt 0.95631343 0.25053787
vt 0.96763563 0.24975967
vt 0.97862214 0.25584805
vt 0.98530555 0.25693142
vt 0.98677045 0.25519186
vt 0.13080034 0.93525594
vt 0.98944074 0.25464255
vt 0.12945755 0.93650723
vt 0.12901503 0.94297701
vt 0.12021057 0.93716335
vt 0.12152285 0.95208669
vt 0.11555658 0.96633857
vt 0.94056612 0.23704892
vt 0.03456169 0.05336082
vt 0.94097811 0.25113297
vt 0.03396658 0.05409324
vt 0.94195467 0.25368124
vt 0.77289999 0.07302970
vt 0.94325167 0.25799954
vt 0.95284963 0.25934231
vt 0.96646065 0.26097506
vt 0.97933930 0.26442361
vt 0.98878461 0.26599526
vt 0.99023420 0.26514077
vt 0.99195850 0.26266879
vt 0.12126344 0.92732126
vt 0.11049058 0.91760129
vt 0.10998703 0.93313497
vt 0.11132982 0.94938582
vt 0.10492104 0.96549934
vt 0.93241781 0.24658579
vt 0.10516518 0.97875947
vt 0.03245594 0.03846800
vt 0.93411154 0.25236899
vt 0.03141833 0.03862059
vt 0.77921718 0.05780119
vt 0.77770656 0.05885404
vt 0.93513387 0.26831466
vt 0.94778365 0.26884872
vt 0.96517891 0.26790267
vt 0.98002595 0.27479970
vt 0.11071946 0.91287100
vt 0.99366748 0.27772945
vt 0.99562067 0.27650875
vt 0.11071946 0.91450369
vt 0.09729152 0.90933090
vt 0.09695583 0.91244376
vt 0.09788662 0.92915237
vt 0.09391928 0.94798201
vt 0.03974975 0.01026934
vt 0.09143206 0.96839857
vt 0.09300373 0.98158234
vt 0.03047227 0.02597088
vt 0.02696269 0.02653545
vt 0.78410012 0.04554820
vt 0.78155184 0.04736400
vt 0.92901504 0.27841610
vt 0.94212252 0.28067446
vt 0.09907683 0.87339592
vt 0.96095216 0.28471810
vt 0.09230182 0.88854814
vt 0.97895783 0.28943312
vt 0.99620050 0.29153889
vt 0.09742886 0.90794230
vt 0.08564889 0.90228122
vt 0.08642710 0.90580606
vt 0.08712901 0.90879685
vt 0.08569467 0.92712289
vt 0.08325322 0.94712746
vt 0.80842298 0.02516210
vt 0.07859922 0.96882582
vt 0.01635767 0.01757842
vt 0.07562371 0.98423743
vt 0.78937972 0.03346306
vt 0.78669411 0.03215075
vt 0.78429848 0.03199816
vt 0.92089725 0.29164571
vt 0.93759060 0.29288167
vt 0.95559627 0.29553676
vt 0.09327840 0.87014574
vt 0.08549630 0.88786143
vt 0.18097199 0.77196920
vt 0.07772946 0.88168156
vt 0.17407492 0.63816285
vt 0.07241932 0.89774930
vt 0.17518882 0.78588539
vt 0.17528038 0.64002442
vt 0.07376211 0.90101475
vt 0.16444647 0.78043795
vt 0.16269170 0.78200960
vt 0.16482796 0.64428169
vt 0.16673534 0.64678419
vt 0.17677577 0.64290833
vt 0.07331960 0.90507364
vt 0.18344396 0.65758753
vt 0.07219043 0.92562753
vt 0.19041733 0.67266345
vt 0.07038987 0.94624245
vt 0.19822995 0.68914318
vt 0.06449988 0.96794081
vt 0.05935759 0.98423743
vt 0.20473030 0.70460057
vt 0.78457314 0.01886016
vt 0.20616464 0.71161973
vt 0.78193331 0.01768523
vt 0.77958345 0.01750207
vt 0.20646982 0.71383226
vt 0.91325247 0.30261689
vt 0.20030518 0.73444724
vt 0.93180746 0.30537879
vt 0.08537423 0.86149383
vt 0.95153737 0.30760664
vt 0.18918136 0.75719845
vt 0.17862211 0.75184250
vt 0.17163348 0.76716256
vt 0.15518425 0.77399862
vt 0.06892500 0.10341036
vt 0.14566262 0.76890212
vt 0.15393302 0.77584493
vt 0.09794766 0.09916836
vt 0.15814450 0.65076673
vt 0.15817502 0.65337610
vt 0.17235065 0.66192114
vt 0.17941558 0.67745483
vt 0.18745708 0.69404137
vt 0.19436942 0.70846117
vt 0.19504082 0.71073472
vt 0.19552910 0.71589231
vt 0.18849470 0.73287559
vt 0.16844434 0.74749374
vt 0.16205081 0.76148623
vt 0.14689860 0.76705575
vt 0.06652933 0.09785610
vt 0.46019685 0.81748682
vt 0.03739986 0.10820174
vt 0.45778590 0.81298542
vt 0.04046693 0.11245900
vt 0.45996797 0.80675972
vt 0.03869688 0.11897457
vt 0.06628519 0.10998702
vt 0.14894332 0.65899134
vt 0.06321812 0.14782941
vt 0.43863586 0.77671474
vt 0.15272754 0.67244983
vt 0.16290532 0.66739911
vt 0.16943619 0.68215454
vt 0.17640956 0.69810021
vt 0.18272679 0.71097887
vt 0.18445106 0.71383226
vt 0.18439002 0.71612120
vt 0.17750821 0.73212790
vt 0.15846494 0.74225986
vt 0.15243763 0.75568783
vt 0.45444420 0.85513085
vt 0.04579233 0.07051194
vt 0.01937896 0.08413827
vt 0.47910276 0.83988708
vt 0.50185394 0.82464331
vt 0.48715952 0.80971998
vt 0.48529792 0.80413520
vt 0.11088731 0.83756769
vt 0.51107043 0.79853511
vt 0.10673686 0.84069580
vt 0.51209277 0.79328603
vt 0.10264744 0.84307623
vt 0.51317614 0.78875411
vt 0.48842603 0.79797053
vt 0.03451591 0.14984357
vt 0.46668193 0.77714199
vt 0.44260320 0.73823148
vt 0.15706111 0.68766308
vt 0.16469063 0.70154881
vt 0.17146564 0.71238267
vt 0.17318989 0.71525139
vt 0.17311360 0.71746397
vt 0.16606393 0.72835886
vt 0.14894332 0.73786527
vt 0.50176239 0.86305028
vt 0.52477300 0.84139776
vt 0.52578014 0.81033039
vt 0.10881209 0.81846344
vt 0.08650339 0.82859540
vt 0.02871748 0.87592888
vt 0.05421530 0.81664759
vt 0.05864042 0.81852448
vt 0.05612268 0.81979096
vt 0.05537499 0.82177460
vt 0.06677348 0.82290381
vt 0.06820783 0.82027924
vt 0.08342107 0.83219653
vt 0.08068971 0.83343250
vt 0.08462653 0.85362017
vt 0.51839477 0.76937515
vt 0.49262226 0.77183187
vt 0.47000840 0.74265659
vt 0.14761578 0.69222552
vt 0.47235829 0.70696574
vt 0.15446708 0.70376134
vt 0.16046387 0.71343553
vt 0.16182193 0.71479362
vt 0.16128786 0.71665525
vt 0.15568779 0.72535288
vt 0.52539861 0.89231706
vt 0.54529643 0.86543071
vt 0.54184788 0.82291907
vt 0.10418860 0.79885554
vt 0.55729002 0.80924696
vt 0.08322270 0.79885554
vt 0.08387884 0.81609827
vt 0.07107653 0.81173420
vt 0.02896162 0.88281071
vt 0.06300450 0.80840772
vt 0.05368124 0.81101704
vt 0.03189136 0.88154423
vt 0.03492790 0.88088810
vt 0.03390555 0.87589836
vt 0.05094988 0.82008088
vt 0.03567559 0.87550163
vt 0.05018692 0.82206452
vt 0.06501869 0.82410926
vt 0.06814680 0.84011596
vt 0.06964218 0.86634624
vt 0.52021056 0.75074387
vt 0.49544519 0.74653238
vt 0.49704736 0.71929502
vt 0.49529260 0.69321740
vt 0.14950790 0.71256578
vt 0.49532312 0.68732738
vt 0.15045395 0.71459526
vt 0.15030137 0.71680784
vt 0.49886319 0.68268865
vt 0.55191880 0.88906693
vt 0.55680174 0.84052795
vt 0.10818647 0.77915621
vt 0.57929349 0.82864118
vt 0.03169299 0.92353702
vt 0.08415350 0.78402382
vt 0.06863508 0.79794002
vt 0.02821393 0.90041959
vt 0.03952087 0.89628446
vt 0.05813687 0.80000001
vt 0.03430228 0.89048600
vt 0.03855955 0.88802928
vt 0.03724727 0.87928587
vt 0.04640269 0.82397193
vt 0.04177920 0.87185472
vt 0.05398642 0.82966352
vt 0.05600061 0.84888989
vt 0.05247578 0.88139164
vt 0.52297246 0.72806895
vt 0.00196841 0.26797897
vt 0.06308080 0.94872969
vt 0.52211797 0.71276414
vt 0.52036315 0.70514989
vt 0.52242315 0.70096898
vt 0.00289921 0.58933395
vt 0.56470591 0.86208898
vt 0.57976651 0.84148932
vt 0.00003052 0.57308304
vt 0.04585336 0.93250936
vt 0.04667735 0.91413748
vt 0.03620966 0.90823221
vt 0.03633173 0.90272373
vt 0.04083314 0.90171665
vt 0.04049744 0.89344627
vt 0.04419013 0.89394981
vt 0.04538033 0.88589305
vt 0.04155032 0.83120471
vt 0.54207677 0.73778898
vt 0.04412909 0.86118865
vt 0.06803998 0.90678263
vt 0.00131228 0.30060273
vt 0.01065080 0.28723586
vt 0.05653468 0.92919815
vt 0.00285344 0.57203019
vt 0.54076445 0.72045469
vt 0.05325399 0.93118179
vt 0.05200275 0.91493094
vt 0.04426642 0.90577555
vt 0.04403754 0.89893949
vt 0.04692149 0.89808500
vt 0.05084306 0.89709318
vt 0.05410849 0.91378653
vt 0.04647898 0.90464640
vt 0.04831006 0.90354770
vt 0.42415503 0.02574199
vt 0.42269015 0.02786297
vt 0.42149997 0.02586406
vt 0.42134738 0.02735943
vt 0.41669336 0.02653545
vt 0.41724271 0.02980089
vt 0.42417029 0.02888530
vt 0.42531472 0.02702373
vt 0.42525369 0.03089952
vt 0.42597085 0.02963305
vt 0.53771269 0.02386510
vt 0.42699322 0.03360039
vt 0.53939116 0.02046233
vt 0.42726788 0.03212023
vt 0.42830548 0.03001451
vt 0.54650187 0.01208514
vt 0.42830548 0.02758831
vt 0.42641336 0.02610821
vt 0.42447546 0.02452123
vt 0.42203403 0.02507055
vt 0.41690698 0.02420080
vt 0.41622034 0.02572674
vt 0.40779737 0.02650493
vt 0.40859082 0.03196764
vt 0.53383690 0.02937365
vt 0.42049286 0.03404289
vt 0.42687115 0.03797972
vt 0.54013884 0.02915996
vt 0.43207446 0.03694206
vt 0.54392308 0.02720684
vt 0.54558635 0.02569622
vt 0.43430227 0.03434807
vt 0.54651713 0.02534521
vt 0.54927903 0.01983672
vt 0.43205920 0.02365148
vt 0.54856181 0.01672387
vt 0.42580301 0.02063018
vt 0.41922638 0.02238500
vt 0.55909055 0.01109332
vt 0.41211566 0.01968414
vt 0.40782788 0.02354467
vt 0.40755323 0.02485693
vt 0.39670405 0.02523839
vt 0.52838939 0.05242997
vt 0.39880979 0.03396660
vt 0.41167316 0.03884947
vt 0.53670555 0.03961241
vt 0.54416722 0.03614861
vt 0.55217820 0.03135729
vt 0.55338371 0.03062487
vt 0.55364311 0.03024340
vt 0.55432975 0.02478063
vt 0.41872281 0.01763946
vt 0.55556571 0.01832610
vt 0.56281376 0.02119476
vt 0.41115436 0.01141375
vt 0.56780344 0.01202410
vt 0.40413520 0.01692224
vt 0.39655146 0.02215612
vt 0.39612421 0.02357519
vt 0.38507667 0.02516210
vt 0.38561073 0.02735943
vt 0.38973069 0.03669792
vt 0.43460748 0.46970320
vt 0.52799267 0.06042570
vt 0.53804839 0.04446477
vt 0.55124742 0.04744029
vt 0.55811399 0.04557872
vt 0.55982298 0.04234380
vt 0.56020445 0.03875792
vt 0.56232548 0.03329521
vt 0.57265586 0.02571148
vt 0.58255893 0.01443505
vt 0.01185626 0.24779123
vt 0.39128709 0.01380944
vt 0.38495460 0.02197301
vt 0.37251851 0.02571148
vt 0.37230489 0.02751201
vt 0.44931716 0.45632106
vt 0.43515679 0.45886928
vt 0.52793163 0.07338065
vt 0.54154271 0.05508506
vt 0.55634391 0.05566490
vt 0.56635386 0.05368125
vt 0.56737620 0.05265886
vt 0.56870377 0.04916459
vt 0.56983292 0.03938353
vt 0.52185857 0.43636227
vt 0.58173496 0.03033495
vt 0.59446096 0.01699853
vt 0.50298315 0.43976504
vt 0.36430916 0.01341265
vt 0.00411994 0.25764859
vt 0.01185626 0.27147329
vt 0.36931410 0.02362096
vt 0.46625468 0.43732357
vt 0.35916686 0.02465856
vt 0.36023498 0.02829021
vt 0.45448998 0.44390023
vt 0.43900207 0.44547188
vt 0.41876858 0.44762343
vt 0.41596094 0.46538490
vt 0.54288548 0.06358433
vt 0.56218815 0.06892502
vt 0.57640958 0.06588846
vt 0.57759976 0.06401157
vt 0.57885098 0.06190586
vt 0.53759062 0.42839706
vt 0.57952237 0.04573131
vt 0.59836727 0.03683525
vt 0.51747918 0.42282748
vt 0.49793240 0.43173879
vt 0.47908750 0.43624020
vt 0.35831234 0.02244604
vt 0.34728009 0.02337682
vt 0.46572059 0.42870224
vt 0.34753948 0.02438390
vt 0.46256199 0.42912948
vt 0.44007018 0.43167776
vt 0.41899750 0.43404287
vt 0.39964905 0.44872206
vt 0.57093155 0.08145267
vt 0.38316929 0.44676888
vt 0.58579385 0.07556266
vt 0.38030061 0.44760817
vt 0.58771646 0.07350272
vt 0.55017930 0.41130692
vt 0.58826584 0.07038987
vt 0.59157699 0.05420005
vt 0.53481346 0.41770047
vt 0.51181811 0.41347373
vt 0.49057755 0.42000461
vt 0.34880599 0.01968414
vt 0.46913862 0.42792404
vt 0.46228734 0.41243613
vt 0.45938811 0.41347373
vt 0.44074160 0.41705960
vt 0.41643396 0.41811246
vt 0.39592585 0.43271536
vt 0.37862211 0.43215078
vt 0.59983218 0.08078128
vt 0.37610438 0.43547720
vt 0.55181199 0.39780271
vt 0.54883647 0.39818418
vt 0.53327233 0.40424198
vt 0.52773327 0.38916612
vt 0.50835431 0.39725339
vt 0.48694590 0.40663767
vt 0.46645305 0.41136795
vt 0.45854887 0.39685667
vt 0.45566490 0.39719236
vt 0.43735409 0.39902341
vt 0.41408408 0.39998472
vt 0.39452201 0.41716641
vt 0.37456322 0.41564047
vt 0.37210652 0.41716641
vt 0.36940566 0.42090487
vt 0.54663920 0.38043791
vt 0.54189366 0.36368352
vt 0.52310979 0.37218279
vt 0.50325781 0.38118565
vt 0.48067445 0.38869309
vt 0.46247044 0.39520866
vt 0.45857939 0.37981230
vt 0.45548180 0.38115513
vt 0.45252156 0.38233006
vt 0.43538567 0.38234532
vt 0.41341269 0.38338292
vt 0.39232472 0.39914548
vt 0.37167925 0.39925230
vt 0.36824599 0.39841306
vt 0.54450291 0.36238652
vt 0.53389794 0.34984362
vt 0.51653314 0.35794616
vt 0.49701685 0.36578929
vt 0.47632563 0.37232012
vt 0.47141221 0.35812926
vt 0.45635158 0.36446172
vt 0.45342183 0.36620128
vt 0.45035478 0.36620128
vt 0.43462273 0.36607921
vt 0.41374838 0.36787975
vt 0.39256886 0.38271153
vt 0.37100786 0.38306248
vt 0.36849013 0.38260472
vt 0.53786528 0.34869915
vt 0.52539861 0.33644617
vt 0.50919354 0.34267187
vt 0.49047074 0.35056078
vt 0.48557261 0.33865875
vt 0.46768901 0.34575421
vt 0.00981155 0.33290607
vt 0.45325398 0.35057604
vt 0.00891127 0.30211335
vt 0.45944914 0.33813995
vt 0.11494621 0.03729308
vt 0.64342719 0.03251696
vt 0.03979553 0.05001909
vt 0.64681470 0.02917522
vt 0.64484626 0.03801024
vt 0.04954604 0.05355918
vt 0.65288776 0.02970934
vt 0.04711986 0.05006486
vt 0.06327917 0.04654002
vt 0.06683452 0.04966813
vt 0.08528268 0.04135197
vt 0.09245441 0.04426640
vt 0.11975280 0.03926146
vt 0.00598154 0.30630958
vt 0.00590524 0.33543909
vt 0.45107195 0.35175097
vt 0.00128176 0.33589685
vt 0.44841689 0.35220873
vt 0.43138781 0.35266650
vt 0.41306171 0.35396355
vt 0.39479667 0.36746776
vt 0.37424278 0.36821544
vt 0.37207597 0.36728466
vt 0.30164033 0.99565119
vt 0.52846569 0.33435571
vt 0.26540017 0.99082935
vt 0.51395440 0.32526129
vt 0.50016022 0.33186847
vt 0.48291752 0.32822156
vt 0.47069505 0.33369952
vt 0.09578088 0.01840240
vt 0.47531852 0.32191956
vt 0.07272450 0.03120470
vt 0.66311133 0.01416039
vt 0.05307088 0.03784239
vt 0.03909361 0.04281682
vt 0.64940870 0.01997405
vt 0.64455634 0.02011138
vt 0.64419013 0.02545208
vt 0.64203858 0.02682537
vt 0.63984132 0.02903789
vt 0.64136720 0.03495842
vt 0.04348821 0.05546653
vt 0.05130083 0.05677885
vt 0.06607156 0.05435264
vt 0.09175250 0.04924089
vt 0.00013733 0.30569923
vt 0.12036316 0.04521251
vt 0.43773556 0.34360266
vt 0.11300831 0.06242466
vt 0.42812237 0.34303808
vt 0.41272601 0.34337378
vt 0.39781797 0.35391778
vt 0.38101777 0.35321581
vt 0.27373159 0.97924775
vt 0.27165636 0.98524451
vt 0.23387502 0.98065156
vt 0.50601971 0.32080567
vt 0.21005569 0.99989319
vt 0.49408713 0.32210267
vt 0.18542764 0.98370337
vt 0.48978409 0.31506830
vt 0.16557565 0.99899292
vt 0.48273441 0.31876099
vt 0.04226749 0.02743572
vt 0.48413825 0.31123829
vt 0.15382621 0.98014802
vt 0.65168232 0.00143433
vt 0.64231324 0.01075763
vt 0.63859004 0.01350421
vt 0.63669795 0.01507592
vt 0.64133668 0.02165258
vt 0.63442433 0.02424657
vt 0.63161671 0.03004503
vt 0.63216603 0.03781188
vt 0.04859998 0.06254673
vt 0.06157015 0.06396580
vt 0.08444343 0.06250095
vt 0.41934845 0.33437097
vt 0.40953690 0.33456933
vt 0.23443961 0.94297701
vt 0.39827573 0.34253454
vt 0.38435951 0.34294653
vt 0.24441901 0.97074842
vt 0.24156557 0.97708094
vt 0.20483711 0.97236592
vt 0.16864271 0.97253376
vt 0.15480278 0.96414131
vt 0.63927674 0.00035095
vt 0.63433278 0.00578314
vt 0.62784773 0.00402838
vt 0.63224232 0.00816357
vt 0.62781721 0.01025409
vt 0.63241017 0.01834136
vt 0.62789351 0.02102691
vt 0.16765088 0.93107498
vt 0.62304109 0.02668804
vt 0.06280614 0.08117801
vt 0.61316854 0.04588389
vt 0.19180590 0.92938125
vt 0.40738538 0.33058673
vt 0.39935911 0.33382159
vt 0.20735484 0.94973677
vt 0.21417563 0.96354622
vt 0.21121538 0.97029066
vt 0.18242161 0.96375984
vt 0.16719310 0.95806819
vt 0.15570305 0.95440602
vt 0.62824446 0.00244147
vt 0.62475014 0.00560004
vt 0.62157625 0.01406884
vt 0.61350423 0.01802093
vt 0.17238118 0.94241244
vt 0.18437476 0.94493020
vt 0.18614481 0.95848018
vt 0.18558022 0.96057069
vt 0.16861220 0.95632869
vt 0.15829709 0.95259023
vt 0.62413979 0.00091553
vt 0.61802089 0.00321966
vt 0.16119631 0.94917220
vt 0.17424276 0.95147634
vt 0.50035858 0.60827041
vt 0.48955521 0.61525905
vt 0.48970780 0.60585946
vt 0.47879758 0.60642403
vt 0.46816206 0.61205459
vt 0.46861982 0.62606239
vt 0.46253148 0.62116426
vt 0.48363471 0.62903792
vt 0.50112152 0.61879909
vt 0.49471274 0.62754250
vt 0.68186468 0.98515296
vt 0.50714886 0.62273598
vt 0.67759210 0.97991914
vt 0.50586712 0.60215151
vt 0.49126422 0.59963381
vt 0.47556266 0.60062563
vt 0.46083772 0.60619515
vt 0.45207903 0.61567104
vt 0.45574120 0.62714577
vt 0.47235829 0.63732356
vt 0.49408713 0.63402760
vt 0.19665827 0.92439157
vt 0.68825817 0.99089038
vt 0.49573511 0.63984132
vt 0.50988024 0.62522316
vt 0.68465704 0.98464942
vt 0.67992675 0.97811854
vt 0.50922406 0.59491873
vt 0.49132526 0.59359121
vt 0.47241932 0.59476614
vt 0.45636684 0.60141909
vt 0.44631115 0.61359578
vt 0.45091936 0.63183033
vt 0.47095445 0.64399177
vt 0.48651865 0.65313190
vt 0.20242618 0.91520560
vt 0.18597695 0.91515982
vt 0.68854809 0.98237586
vt 0.68342108 0.97651637
vt 0.51186389 0.58480203
vt 0.49303424 0.58233005
vt 0.47223622 0.58458841
vt 0.45261312 0.59145498
vt 0.26964217 0.92152286
vt 0.43338674 0.60772109
vt 0.24609751 0.92037845
vt 0.43926147 0.63102162
vt 0.45827422 0.65587854
vt 0.22372778 0.91775388
vt 0.20770581 0.89413291
vt 0.18875410 0.89645231
vt 0.17445640 0.61689174
vt 0.52918285 0.55736625
vt 0.69501793 0.97798121
vt 0.69069964 0.97158772
vt 0.51468682 0.56163883
vt 0.49338523 0.56061649
vt 0.47203785 0.56343937
vt 0.45235372 0.56818497
vt 0.43408865 0.57508200
vt 0.26942855 0.89671171
vt 0.24780652 0.89723051
vt 0.22716106 0.89509422
vt 0.21109331 0.85152972
vt 0.19334707 0.85236895
vt 0.18585488 0.57392234
vt 0.16876478 0.56993973
vt 0.51969177 0.51946288
vt 0.49735257 0.51825738
vt 0.47254139 0.51993591
vt 0.28455025 0.84272528
vt 0.44916457 0.52097356
vt 0.42864117 0.52759594
vt 0.26929122 0.84884411
vt 0.24888991 0.84919512
vt 0.22943465 0.85001910
vt 0.20845349 0.80845350
vt 0.21246663 0.53719389
vt 0.19546807 0.76694894
vt 0.01651026 0.06726176
vt 0.82015717 0.01521325
vt 0.20132753 0.49347675
vt 0.19127184 0.81048298
vt 0.19554436 0.53347063
vt 0.17761502 0.53163958
vt 0.52584118 0.48300910
vt 0.50226599 0.48250556
vt 0.71129930 0.03666741
vt 0.48216984 0.48101014
vt 0.45609218 0.48009461
vt 0.70981920 0.00604260
vt 0.28079653 0.80009156
vt 0.26486611 0.80489814
vt 0.24563974 0.80598152
vt 0.22758831 0.80759901
vt 0.20694286 0.76946670
vt 0.01486229 0.42468911
vt 0.97553980 0.75573361
vt 0.03358511 0.07008469
vt 0.01782254 0.02949572
vt 0.96260011 0.71244371
vt 0.82015717 0.05372703
vt 0.83743036 0.05418479
vt 0.94882125 0.70870531
vt 0.18776226 0.45391011
vt 0.18448158 0.49155414
vt 0.73360801 0.05529869
vt 0.53255510 0.44832534
vt 0.73119706 0.04512095
vt 0.51152819 0.44808120
vt 0.49303424 0.44611275
vt 0.72880143 0.03428704
vt 0.46068513 0.44791335
vt 0.72674143 0.02085906
vt 0.72777903 0.00984210
vt 0.26674297 0.76635385
vt 0.72997636 0.00032043
vt 0.26208895 0.60881972
vt 0.24713512 0.76786447
vt 0.22583352 0.76836807
vt 0.24397650 0.61051345
vt 0.00010681 0.41789883
vt 0.00070192 0.46369117
vt 0.21950103 0.56816971
vt 0.97703516 0.71444267
vt 0.96293586 0.67173266
vt 0.94822615 0.67025256
vt 0.92162967 0.13517970
vt 0.93311971 0.67000842
vt 0.17119096 0.45389485
vt 0.93162429 0.70873582
vt 0.96075380 0.13836879
vt 0.76011294 0.04579234
vt 0.96086061 0.15773249
vt 0.75669491 0.03503472
vt 0.96417183 0.17853057
vt 0.75487906 0.02252233
vt 0.96690321 0.20059508
vt 0.27296865 0.56305790
vt 0.75704587 0.01060504
vt 0.75941098 0.00000000
vt 0.25670251 0.56551462
vt 0.23860532 0.56719309
vt 0.21705958 0.52500188
vt 0.99238575 0.24933243
vt 0.98104829 0.67374682
vt 0.99238575 0.23083848
vt 0.96350044 0.63981080
vt 0.94636452 0.63837647
vt 0.92655832 0.63445485
vt 0.88334477 0.13789576
vt 0.87371635 0.15407032
vt 0.88856333 0.15521479
vt 0.92332339 0.15490961
vt 0.92623788 0.17390710
vt 0.27574578 0.51902038
vt 0.93344015 0.19208056
vt 0.93717861 0.20794994
vt 0.25546655 0.52227056
vt 0.23408866 0.52425420
vt 0.99916077 0.25320822
vt 0.97962922 0.64022279
vt 0.99934387 0.23437858
vt 0.21684596 0.48690015
vt 0.84322882 0.98992902
vt 0.83193713 0.98588538
vt 0.96183717 0.62119478
vt 0.83427179 0.97254902
vt 0.21716639 0.44518197
vt 0.97405964 0.59601736
vt 0.95877010 0.59804684
vt 0.95988405 0.60646987
vt 0.94464028 0.62134737
vt 0.92706186 0.62154573
vt 0.86987108 0.13847560
vt 0.92541391 0.60662246
vt 0.85360497 0.14056611
vt 0.85720605 0.15768671
vt 0.87498283 0.17274737
vt 0.88987565 0.17454797
vt 0.89141679 0.19389641
vt 0.27200732 0.48316169
vt 0.25574121 0.48415351
vt 0.23591974 0.48830396
vt 0.84672314 0.97914094
vt 0.23514153 0.47022200
vt 0.23540093 0.45676357
vt 0.23758297 0.44551766
vt 0.82882428 0.20051879
vt 0.98205537 0.57973599
vt 0.82714581 0.14345008
vt 0.94157320 0.59819943
vt 0.92437631 0.59819943
vt 0.83942932 0.14496070
vt 0.84821850 0.16353095
vt 0.85296404 0.17602807
vt 0.86288244 0.17579919
vt 0.87605095 0.19163805
vt 0.27165636 0.46729231
vt 0.25322348 0.46832991
vt 0.25462729 0.44570076
vt 0.83811706 0.20373845
vt 0.85331500 0.19087511
vt 0.86073089 0.19378960
vt 0.27077135 0.45159078
vt 0.62914473 0.05085832
vt 0.05442893 0.35388726
vt 0.62848860 0.04887468
vt 0.63138783 0.04937822
vt 0.05525292 0.35555047
vt 0.63059431 0.04715037
vt 0.63453114 0.04852366
vt 0.05839628 0.35887694
vt 0.63437855 0.04679942
vt 0.63801020 0.04840159
vt 0.63710994 0.04649425
vt 0.63744563 0.04527354
vt 0.06076143 0.35919738
vt 0.05925078 0.35765624
vt 0.05758755 0.35597771
vt 0.05604639 0.35361260
vt 0.05499351 0.35057604
vt 0.05326924 0.35077441
vt 0.62641335 0.05082780
vt 0.62735945 0.05181962
vt 0.62531471 0.05935758
vt 0.62853438 0.05755705
vt 0.63393605 0.05578697
vt 0.64228272 0.05264360
vt 0.64489204 0.05183488
vt 0.07052720 0.36020446
vt 0.64505988 0.05088884
vt 0.64487678 0.04953080
vt 0.07023728 0.35877013
vt 0.06768902 0.35632867
vt 0.06271458 0.35141528
vt 0.05915923 0.34654766
vt 0.05571069 0.34312963
vt 0.62207979 0.05815214
vt 0.62439919 0.05883878
vt 0.62034029 0.06942856
vt 0.62236971 0.06900132
vt 0.62978560 0.06865036
vt 0.63852900 0.06546122
vt 0.64763868 0.06044096
vt 0.65249103 0.05761808
vt 0.65389484 0.05629051
vt 0.08096437 0.35880065
vt 0.07939269 0.35669488
vt 0.07533379 0.35278857
vt 0.06924544 0.34508276
vt 0.06280614 0.33827728
vt 0.05870146 0.33165485
vt 0.61840236 0.06970322
vt 0.06245518 0.31828791
vt 0.61676967 0.08336002
vt 0.61828029 0.08360416
vt 0.62139314 0.08305484
vt 0.63105214 0.08104068
vt 0.64167237 0.07154953
vt 0.65613794 0.07081711
vt 0.66370642 0.06652933
vt 0.66445410 0.06437778
vt 0.09373617 0.35573357
vt 0.09068437 0.35327685
vt 0.08558785 0.34685284
vt 0.07512017 0.33891815
vt 0.06834516 0.32820630
vt 0.07641718 0.31462580
vt 0.06762798 0.30554664
vt 0.61499959 0.09710842
vt 0.61814296 0.09713894
vt 0.62122530 0.09681851
vt 0.63231862 0.09193563
vt 0.64559394 0.08278018
vt 0.66123444 0.07942319
vt 0.67248034 0.07473868
vt 0.67319751 0.07244986
vt 0.10606546 0.35310900
vt 0.10420386 0.35020983
vt 0.09748989 0.33867401
vt 0.08361944 0.33185321
vt 0.09163043 0.32248420
vt 0.08371099 0.30383766
vt 0.07315175 0.29004347
vt 0.61513692 0.11398488
vt 0.61814296 0.11366445
vt 0.62180513 0.11273366
vt 0.63431752 0.10566872
vt 0.64914930 0.09137100
vt 0.66790265 0.08900589
vt 0.68284124 0.08702219
vt 0.68499273 0.08471811
vt 0.12166018 0.34790570
vt 0.12011902 0.34624249
vt 0.10882735 0.33199054
vt 0.10650797 0.31082630
vt 0.09260701 0.29442281
vt 0.08197147 0.27884334
vt 0.61445028 0.12745863
vt 0.61853969 0.12954909
vt 0.62317848 0.12750441
vt 0.63685054 0.12079042
vt 0.65571070 0.11105514
vt 0.67536432 0.10597390
vt 0.69132525 0.10046542
vt 0.69338524 0.09712368
vt 0.13485923 0.34345007
vt 0.13232625 0.34006256
vt 0.11967651 0.32744336
vt 0.20428778 0.74238193
vt 0.13133439 0.31729609
vt 0.11494621 0.30131990
vt 0.10208286 0.28230715
vt 0.09153887 0.26602578
vt 0.08947890 0.26276034
vt 0.61956209 0.14538795
vt 0.62299532 0.14438087
vt 0.64081788 0.13665980
vt 0.65947968 0.12629890
vt 0.20396735 0.61942470
vt 0.68186468 0.12031740
vt 0.20729381 0.60531014
vt 0.21033035 0.76455331
vt 0.69813079 0.11500722
vt 0.70095366 0.11152822
vt 0.20897231 0.76180667
vt 0.14833295 0.33519495
vt 0.14538796 0.33221942
vt 0.20788892 0.75860226
vt 0.20299077 0.04237431
vt 0.23292898 0.75106430
vt 0.19090562 0.04940873
vt 0.22063020 0.75596249
vt 0.21751736 0.73987949
vt 0.21356528 0.72025633
vt 0.12587167 0.29065382
vt 0.21016251 0.70107579
vt 0.11297780 0.27098495
vt 0.20714122 0.68517590
vt 0.10269322 0.25470358
vt 0.09892424 0.25105667
vt 0.62255281 0.16038758
vt 0.20639353 0.67673761
vt 0.62740523 0.16055542
vt 0.20938429 0.66109711
vt 0.64344245 0.15312427
vt 0.66485083 0.14155793
vt 0.21321431 0.64132142
vt 0.21637294 0.62204927
vt 0.19226368 0.05490196
vt 0.22624552 0.60683608
vt 0.22116426 0.75941098
vt 0.22540627 0.60314333
vt 0.19090562 0.05244523
vt 0.20297551 0.04579234
vt 0.21448082 0.03953612
vt 0.78005648 0.78683150
vt 0.22694743 0.03077745
vt 0.22664225 0.03501946
vt 0.21445030 0.03489739
vt 0.24379340 0.74551004
vt 0.22955672 0.73585105
vt 0.22650492 0.71712828
vt 0.22307163 0.69877166
vt 0.11375601 0.24600595
vt 0.22008087 0.68285650
vt 0.62122530 0.17407495
vt 0.10348669 0.23956662
vt 0.21889067 0.67957580
vt 0.21849394 0.67655450
vt 0.22241551 0.66262305
vt 0.22539102 0.64449531
vt 0.22862592 0.62597084
vt 0.23656061 0.61385518
vt 0.20347905 0.04808116
vt 0.24831006 0.61945522
vt 0.21560998 0.04220647
vt 0.26036468 0.62711525
vt 0.61120009 0.88863969
vt 0.22764935 0.03727782
vt 0.05079728 0.69878691
vt 0.23990235 0.03393608
vt 0.23883422 0.03190660
vt 0.05615320 0.69967192
vt 0.06549172 0.70614177
vt 0.23987183 0.02935839
vt 0.05568017 0.73176169
vt 0.13835356 0.97848475
vt 0.11781491 0.64861524
vt 0.14329748 0.97349507
vt 0.11680781 0.64505988
vt 0.14526589 0.97724879
vt 0.14802778 0.97340351
vt 0.11328298 0.64695203
vt 0.10879683 0.64777601
vt 0.10873579 0.64518195
vt 0.14628825 0.97047377
vt 0.11459526 0.65000379
vt 0.11274891 0.65333033
vt 0.11317617 0.65648890
vt 0.14117648 0.97137409
vt 0.11349660 0.66173804
vt 0.13739224 0.97492945
vt 0.12399481 0.98616004
vt 0.12359808 0.98406959
vt 0.10408179 0.99046314
vt 0.09977874 0.69811547
vt 0.05893034 0.76560616
vt 0.05459678 0.76160830
vt 0.10273899 0.99703974
vt 0.74555582 0.78045321
vt 0.06260777 0.73607993
vt 0.24286260 0.02293432
vt 0.08809033 0.71288621
vt 0.75429922 0.79291981
vt 0.25366598 0.72632945
vt 0.76716256 0.80340278
vt 0.21672389 0.01951629
vt 0.79754329 0.79667354
vt 0.24197757 0.73102921
vt 0.23956664 0.71421379
vt 0.23605707 0.69761193
vt 0.23204395 0.68329901
vt 0.23160143 0.67908752
vt 0.23137255 0.67721069
vt 0.23535515 0.66411841
vt 0.23846799 0.64768445
vt 0.24638742 0.63248646
vt 0.25758755 0.63895631
vt 0.63257802 0.87946898
vt 0.24852368 0.03933775
vt 0.63904786 0.86517131
vt 0.02822919 0.70695049
vt 0.63593501 0.85091937
vt 0.04730297 0.73113602
vt 0.69723046 0.01226825
vt 0.04907301 0.76021969
vt 0.04957656 0.78060579
vt 0.70490575 0.03599602
vt 0.11902037 0.61338216
vt 0.12597848 0.99046314
vt 0.11786068 0.63543141
vt 0.13928436 0.98359656
vt 0.14787517 0.97907990
vt 0.11332875 0.64420539
vt 0.10911726 0.63875794
vt 0.10261692 0.64171815
vt 0.10228122 0.64435798
vt 0.09787136 0.64202332
vt 0.09562829 0.64562452
vt 0.10087740 0.65000379
vt 0.10691997 0.65293354
vt 0.10716411 0.65764856
vt 0.12278935 0.97100788
vt 0.09810025 0.67290759
vt 0.06581216 0.77547872
vt 0.09262227 0.68624401
vt 0.72970170 0.76787972
vt 0.08432136 0.70540929
vt 0.72834361 0.78574806
vt 0.73719388 0.80854505
vt 0.75376517 0.82008088
vt 0.25165179 0.71052110
vt 0.24808118 0.69666588
vt 0.24483101 0.68311590
vt 0.24367133 0.67983520
vt 0.24426642 0.67783630
vt 0.24895094 0.66701764
vt 0.25436789 0.65378809
vt 0.65577173 0.87182420
vt 0.65931183 0.85822845
vt 0.64856946 0.84481573
vt 0.68776989 0.02409399
vt 0.03967346 0.76643014
vt 0.65252155 0.82984662
vt 0.11366446 0.60086977
vt 0.13318074 0.99662775
vt 0.10890364 0.61956203
vt 0.11206226 0.63216603
vt 0.10167086 0.63062489
vt 0.09646754 0.63649958
vt 0.09314107 0.64074159
vt 0.09132525 0.64299989
vt 0.08589303 0.64269471
vt 0.09021134 0.64592969
vt 0.09802396 0.65432215
vt 0.08841077 0.66363013
vt 0.07579156 0.67565423
vt 0.71270311 0.78449684
vt 0.05462730 0.68329901
vt 0.72156864 0.79563594
vt 0.72883195 0.82856488
vt 0.25769436 0.69716942
vt 0.71880674 0.84646374
vt 0.25610742 0.68473339
vt 0.71783018 0.84914935
vt 0.25578699 0.68207824
vt 0.69405663 0.85281146
vt 0.25572595 0.67911804
vt 0.26083773 0.67026782
vt 0.67904174 0.85391009
vt 0.66511023 0.84074157
vt 0.66564429 0.82636762
vt 0.09486534 0.60410464
vt 0.09695583 0.61992824
vt 0.08381781 0.62368202
vt 0.09042496 0.63318837
vt 0.08928054 0.63756770
vt 0.08542001 0.64048219
vt 0.07924010 0.64162660
vt 0.07591363 0.65307087
vt 0.06103609 0.65772486
vt 0.69677269 0.80605781
vt 0.71329826 0.81629664
vt 0.70281529 0.83213550
vt 0.26655984 0.68484020
vt 0.70080107 0.83585870
vt 0.69607079 0.83645380
vt 0.68279546 0.83750665
vt 0.67966735 0.82392615
vt 0.07148851 0.61084914
vt 0.07133593 0.63268483
vt 0.08088808 0.63640803
vt 0.08047608 0.63865113
vt 0.06921493 0.64144349
vt 0.05262837 0.64563978
vt 0.69286638 0.81640345
vt 0.04846265 0.64257264
vt 0.01156634 0.41260397
vt 0.69040972 0.82162201
vt 0.68856335 0.82304114
vt 0.00640879 0.41448081
vt 0.05902190 0.61469448
vt 0.00868238 0.37248796
vt 0.06831464 0.63584346
vt 0.87629509 0.06010526
vt 0.17911039 0.01483178
vt 0.17808804 0.01441979
vt 0.87440300 0.05972379
vt 0.17859159 0.01280230
vt 0.17773709 0.01284808
vt 0.87267870 0.05947965
vt 0.17723353 0.01115435
vt 0.17683680 0.01200885
vt 0.87121385 0.05891508
vt 0.17598230 0.01020831
vt 0.17550927 0.01051348
vt 0.17503624 0.01083392
vt 0.17607385 0.01206988
vt 0.17705043 0.01371789
vt 0.17708094 0.01521325
vt 0.17753872 0.01652551
vt 0.17834745 0.01573205
vt 0.17886625 0.01649499
vt 0.87801939 0.05944914
vt 0.17706569 0.02110320
vt 0.88047606 0.05557334
vt 0.87832457 0.05601585
vt 0.87479973 0.05590904
vt 0.87113756 0.05580223
vt 0.86872661 0.05516136
vt 0.17164874 0.00801098
vt 0.17137407 0.00906384
vt 0.17137407 0.01019305
vt 0.17196918 0.01210040
vt 0.17326619 0.01487756
vt 0.17431906 0.01843292
vt 0.17540246 0.02027923
vt 0.17625695 0.02026397
vt 0.17392233 0.02772564
vt 0.88320744 0.04917985
vt 0.87930113 0.05114824
vt 0.87492180 0.05101091
vt 0.86935228 0.05087358
vt 0.86521703 0.05037004
vt 0.86375219 0.05079728
vt 0.16513313 0.00808728
vt 0.16527046 0.00924695
vt 0.16569772 0.01252764
vt 0.16743724 0.01835662
vt 0.16958877 0.02317846
vt 0.17163348 0.02635235
vt 0.17259480 0.02690166
vt 0.16774243 0.03332573
vt 0.16899367 0.03425652
vt 0.88967729 0.04350346
vt 0.88117802 0.04396123
vt 0.87463188 0.04551768
vt 0.86733806 0.04425114
vt 0.86152440 0.04376286
vt 0.15817502 0.00613415
vt 0.15770198 0.00755322
vt 0.15783933 0.00857556
vt 0.15936522 0.01408410
vt 0.16267644 0.02067596
vt 0.16472115 0.02761883
vt 0.16676585 0.03279161
vt 0.16154726 0.04055846
vt 0.16287480 0.04130620
vt 0.89437705 0.03543144
vt 0.89308006 0.03520256
vt 0.88406193 0.03721678
vt 0.87438774 0.03938353
vt 0.86504918 0.03738463
vt 0.85745025 0.03720152
vt 0.15008774 0.00605786
vt 0.14970626 0.00746167
vt 0.14990464 0.00889599
vt 0.15217823 0.01470971
vt 0.15634394 0.02276647
vt 0.15947203 0.03231859
vt 0.15486382 0.04605174
vt 0.15609980 0.04678416
vt 0.89829862 0.02847332
vt 0.89633018 0.02830547
vt 0.88665599 0.02973986
vt 0.87496758 0.02952623
vt 0.86292821 0.02949572
vt 0.85427636 0.02850384
vt 0.85285723 0.02911419
vt 0.14053559 0.00605786
vt 0.14096284 0.00804150
vt 0.14412147 0.01615930
vt 0.14854658 0.02594036
vt 0.15219349 0.03633171
vt 0.14431983 0.04132146
vt 0.14799726 0.05119401
vt 0.14979781 0.05230790
vt 0.90112156 0.02078277
vt 0.89941251 0.02067596
vt 0.88807505 0.02211034
vt 0.87568474 0.02333105
vt 0.86272985 0.02149999
vt 0.85206378 0.02101165
vt 0.85078204 0.02095062
vt 0.84826428 0.02313268
vt 0.13310444 0.00944531
vt 0.13600366 0.01766998
vt 0.14139010 0.02919048
vt 0.78478676 0.62529945
vt 0.12623788 0.03704888
vt 0.13282979 0.03227282
vt 0.13679713 0.04492259
vt 0.14016938 0.05603111
vt 0.90481424 0.01217669
vt 0.90298313 0.01211566
vt 0.90122837 0.01239032
vt 0.88911271 0.01304644
vt 0.87635612 0.01455712
vt 0.86277562 0.01251239
vt 0.85139239 0.01205462
vt 0.79433888 0.77195394
vt 0.84954602 0.01136798
vt 0.84780651 0.01161212
vt 0.12301823 0.00987262
vt 0.79864192 0.59951174
vt 0.12748913 0.02093536
vt 0.11944763 0.02371252
vt 0.78182650 0.59948123
vt 0.76661325 0.60210574
vt 0.74854660 0.60749221
vt 0.76885635 0.62642860
vt 0.77135879 0.64962232
vt 0.78735030 0.64859998
vt 0.12990005 0.04957658
vt 0.13379110 0.06132603
vt 0.78904402 0.67038989
vt 0.90597391 0.00366217
vt 0.78831160 0.67371631
vt 0.90414280 0.00334173
vt 0.78815901 0.67711914
vt 0.90241855 0.00350958
vt 0.78597695 0.69924468
vt 0.89048600 0.00476080
vt 0.78304720 0.72268254
vt 0.87693596 0.00592053
vt 0.78030062 0.74851608
vt 0.86308080 0.00357062
vt 0.85108721 0.00325018
vt 0.77923244 0.77079421
vt 0.77959871 0.77529562
vt 0.11581597 0.01133746
vt 0.84191656 0.00694287
vt 0.77969027 0.77781337
vt 0.77958345 0.57878995
vt 0.76499581 0.77515829
vt 0.76302737 0.58297092
vt 0.75051498 0.77132833
vt 0.74860764 0.58741128
vt 0.73359275 0.59517813
vt 0.73636991 0.76423287
vt 0.93066299 0.58649576
vt 0.80613410 0.51012433
vt 0.80617988 0.51464105
vt 0.80340278 0.50635540
vt 0.80222780 0.51122302
vt 0.80434883 0.51677728
vt 0.80891126 0.51627374
vt 0.81162739 0.51210803
vt 0.81806666 0.52025634
vt 0.83401239 0.52793163
vt 0.83186084 0.53084612
vt 0.82030976 0.51993591
vt 0.82035553 0.51564813
vt 0.81190205 0.50980389
vt 0.80857557 0.50716412
vt 0.80802625 0.50376135
vt 0.80633247 0.50331885
vt 0.00827039 0.22606242
vt 0.79929811 0.50208282
vt 0.00010681 0.22310215
vt 0.79697871 0.51021588
vt 0.79595637 0.51599908
vt 0.79937440 0.52014953
vt 0.80915540 0.52089727
vt 0.81794459 0.53301287
vt 0.83479059 0.55095750
vt 0.85079730 0.54366368
vt 0.87579155 0.55658805
vt 0.85160601 0.56997025
vt 0.90148777 0.57048905
vt 0.87299913 0.58947128
vt 0.89224076 0.60975051
vt 0.73235673 0.61246663
vt 0.82951093 0.63157094
vt 0.73499656 0.63396657
vt 0.74973679 0.63138783
vt 0.75231558 0.65181965
vt 0.75791562 0.67086291
vt 0.77325094 0.67034411
vt 0.77265584 0.67267871
vt 0.77236593 0.67711914
vt 0.76987869 0.69822228
vt 0.76710153 0.72150755
vt 0.76568246 0.74605936
vt 0.76504159 0.76762033
vt 0.76586556 0.77122152
vt 0.75124741 0.76736093
vt 0.73672086 0.76162356
vt 0.93203634 0.57987332
vt 0.90588236 0.56661326
vt 0.88010985 0.55089647
vt 0.85511559 0.53794158
vt 0.85221636 0.53029680
vt 0.83425653 0.52304876
vt 0.81594568 0.50383765
vt 0.80312812 0.49869537
vt 0.01185626 0.22694743
vt 0.00737011 0.21937895
vt 0.00291447 0.21695280
vt 0.00831617 0.21339744
vt 0.00624094 0.21292442
vt 0.42149997 0.98225373
vt 0.00483711 0.20949113
vt 0.00051881 0.21512169
vt 0.42825970 0.99322498
vt 0.79162282 0.51352715
vt 0.79060042 0.52574956
vt 0.80170900 0.53313494
vt 0.81126118 0.55455863
vt 0.82249182 0.57821012
vt 0.72046995 0.63555348
vt 0.83656061 0.60576791
vt 0.80903333 0.61980617
vt 0.97357136 0.56839859
vt 0.72372013 0.65725183
vt 0.73757535 0.65447474
vt 0.74100864 0.67290759
vt 0.75721371 0.67428088
vt 0.75703061 0.67768371
vt 0.75408560 0.69822228
vt 0.75204092 0.72019529
vt 0.75097275 0.74378574
vt 0.75115585 0.76394296
vt 0.73662931 0.75822079
vt 0.93142593 0.57216752
vt 0.90551615 0.55861753
vt 0.87748533 0.54416728
vt 0.85085833 0.51157397
vt 0.83009076 0.50420386
vt 0.80881971 0.49373615
vt 0.01017777 0.21829557
vt 0.80093080 0.48975354
vt 0.00389105 0.59401846
vt 0.01065080 0.21530479
vt 0.00086976 0.60256350
vt 0.42046234 0.96997023
vt 0.01161212 0.20933855
vt 0.00955215 0.20878917
vt 0.41963837 0.97376972
vt 0.40868238 0.98330665
vt 0.78290987 0.52129400
vt 0.79046309 0.54062712
vt 0.79327077 0.55889219
vt 0.80140382 0.58733499
vt 1.00000000 0.53592736
vt 0.94204623 0.55278862
vt 0.72603953 0.67386889
vt 0.74180210 0.67724121
vt 0.74163425 0.68064392
vt 0.73841459 0.69852751
vt 0.92933547 0.48093385
vt 0.73777372 0.71874571
vt 0.73607993 0.74035251
vt 0.93191427 0.52982378
vt 0.90212864 0.52222478
vt 0.87434196 0.51512933
vt 0.84490728 0.48801404
vt 0.82244605 0.49021131
vt 0.00004578 0.59586477
vt 0.80505073 0.48676282
vt 0.42629129 0.95915163
vt 0.80721754 0.47617304
vt 0.41116962 0.97190815
vt 0.80645454 0.47409779
vt 0.41034561 0.97570765
vt 0.38142976 0.99325550
vt 0.81718165 0.45763332
vt 0.77872890 0.53878081
vt 0.77984285 0.56421757
vt 0.83839172 0.44223696
vt 0.99942017 0.50189972
vt 0.97048903 0.52616155
vt 0.93754482 0.54766154
vt 0.72755015 0.68197143
vt 0.93833828 0.53888762
vt 0.72652781 0.68587780
vt 0.72465098 0.70041966
vt 0.93553060 0.50106049
vt 0.89678800 0.44812697
vt 0.90000761 0.48320746
vt 0.86968797 0.48506904
vt 0.84200811 0.46828413
vt 0.82319373 0.47869080
vt 0.82020295 0.46338600
vt 0.82149994 0.46085298
vt 0.84162658 0.44608223
vt 0.99475092 0.49692529
vt 0.96632332 0.52373540
vt 0.96719313 0.51453424
vt 0.96643013 0.48226136
vt 0.86948961 0.45937288
vt 0.84103149 0.45119405
vt 0.99607843 0.49022663
vt 0.04002441 0.94525063
vt 0.03511101 0.94549477
vt 0.03604181 0.94094759
vt 0.03076219 0.94059664
vt 0.02157626 0.46146333
vt 0.02227817 0.45400167
vt 0.02552834 0.45934236
vt 0.02835126 0.45876247
vt 0.02644389 0.45337605
vt 0.02523842 0.44689095
vt 0.02577249 0.93492025
vt 0.03244068 0.93415731
vt 0.01753262 0.44983596
vt 0.02777142 0.94108492
vt 0.02789349 0.94631875
vt 0.03283741 0.94608986
vt 0.03511101 0.94767684
vt 0.04246586 0.95205617
vt 0.00741588 0.46465248
vt 0.04789807 0.94140536
vt 0.03530938 0.93430990
vt 0.01499962 0.45204854
vt 0.01905852 0.45966280
vt 0.02122530 0.46688032
vt 0.02729839 0.46700239
vt 0.03060960 0.46363014
vt 0.02992294 0.45386434
vt 0.03259327 0.44878310
vt 0.02044709 0.93559170
vt 0.02095064 0.94874495
vt 0.02554360 0.95400929
vt 0.02955673 0.95361257
vt 0.03454643 0.95230031
vt 0.03823911 0.95751888
vt 0.90727091 0.04980546
vt 0.04853895 0.96137941
vt 0.05482567 0.94689858
vt 0.90897995 0.01948577
vt 0.00383001 0.47553217
vt 0.01538109 0.47641718
vt 0.02629129 0.47710383
vt 0.03057908 0.47597468
vt 0.03392081 0.47473872
vt 0.04010071 0.46260774
vt 0.04736400 0.45297933
vt 0.16951248 0.62384987
vt 0.00831617 0.94729531
vt 0.13673609 0.62014192
vt 0.01466392 0.96145570
vt 0.02670329 0.96787977
vt 0.03276112 0.96798658
vt 0.03648432 0.96850538
vt 0.94016939 0.08496225
vt 0.04109254 0.99108875
vt 0.05439841 0.97955292
vt 0.94135958 0.05722135
vt 0.94135958 0.02116424
vt 0.32744336 0.21396202
vt 0.00018311 0.49587244
vt 0.01910429 0.49878693
vt 0.03431754 0.50122833
vt 0.03979553 0.49823761
vt 0.04423590 0.49268329
vt 0.05296407 0.48033875
vt 0.06334020 0.46541542
vt 0.84002441 0.96823072
vt 0.16552988 0.59833676
vt 0.12387274 0.59085989
vt 0.01228351 0.97981232
vt 0.09575036 0.59676510
vt 0.15692379 0.10739297
vt 0.00000000 0.50666058
vt 0.02728313 0.98999006
vt 0.03471427 0.99108875
vt 0.00694286 0.51316094
vt 0.14752422 0.10833907
vt 0.93528646 0.09312582
vt 0.13990997 0.09015030
vt 0.98812848 0.10826278
vt 0.12678722 0.09532309
vt 0.98715192 0.06979477
vt 0.98686200 0.02282751
vt 0.10934615 0.09930569
vt 0.35045394 0.19954222
vt 0.33794156 0.16321051
vt 0.02662699 0.52602422
vt 0.32954910 0.14361793
vt 0.04521248 0.52727550
vt 0.32629892 0.14013886
vt 0.04943923 0.52535284
vt 0.31770810 0.13495082
vt 0.05273518 0.51651788
vt 0.06797894 0.50193024
vt 0.29820707 0.12195009
vt 0.88535899 0.98634315
vt 0.86422521 0.95165944
vt 0.16234073 0.55356681
vt 0.16122682 0.08932632
vt 0.11573968 0.54642558
vt 0.07725643 0.55487907
vt 0.14892805 0.09008926
vt 0.00000000 0.56714731
vt 0.14364843 0.08932632
vt 0.88053709 0.12634468
vt 0.13873503 0.06861985
vt 0.87789732 0.12651253
vt 0.13488975 0.06976426
vt 0.86865032 0.13067824
vt 0.11883726 0.08274966
vt 0.09848173 0.08975357
vt 0.38435951 0.18681622
vt 0.36723888 0.15019453
vt 0.70844585 0.07685971
vt 0.35869384 0.12358284
vt 0.71061265 0.07536429
vt 0.35477227 0.11804378
vt 0.34700543 0.11407644
vt 0.71514457 0.06660563
vt 0.93247885 0.99313343
vt 0.91143662 0.96800184
vt 0.89292747 0.93342489
vt 0.18338293 0.06326389
vt 0.16803235 0.50228119
vt 0.11613642 0.50251007
vt 0.16324101 0.07380790
vt 0.14415199 0.06984055
vt 0.88413823 0.12690926
vt 0.87924010 0.11457998
vt 0.87679863 0.11491567
vt 0.86433202 0.11895931
vt 0.10011444 0.06892502
vt 0.07653926 0.07811093
vt 0.84701306 0.12320137
vt 0.42044708 0.17598230
vt 0.39824522 0.12997633
vt 0.70988023 0.09472799
vt 0.72120243 0.08548105
vt 0.72343022 0.08313113
vt 0.72457463 0.07827878
vt 0.72552073 0.06205845
vt 0.94551003 0.95899904
vt 0.92062259 0.91107041
vt 0.91221488 0.12292665
vt 0.18527505 0.04458684
vt 0.16237125 0.05098039
vt 0.89610130 0.11889827
vt 0.88206303 0.11544979
vt 0.87887388 0.10160983
vt 0.87574577 0.10177767
vt 0.86152440 0.10583657
vt 0.84409857 0.10876632
vt 0.71076524 0.12240785
vt 0.45629054 0.17177081
vt 0.43514153 0.11528194
vt 0.72320133 0.10531777
vt 0.73548484 0.09364462
vt 0.73650724 0.09057754
vt 0.73795682 0.08651865
vt 0.74128330 0.06768900
vt 0.98211640 0.94370949
vt 0.95335317 0.89460593
vt 0.91346610 0.11059737
vt 0.89701688 0.10614175
vt 0.88194096 0.10211337
vt 0.88085753 0.08839554
vt 0.87728697 0.08815140
vt 0.87530327 0.08830398
vt 0.85938811 0.09161514
vt 0.85702294 0.07872128
vt 0.84031433 0.09506369
vt 0.81591517 0.34607464
vt 0.72248417 0.13350117
vt 0.79917604 0.31906617
vt 0.73719388 0.11515981
vt 0.78095675 0.28270388
vt 0.74914169 0.10130465
vt 0.78175020 0.27771419
vt 0.75121689 0.09820706
vt 0.78142977 0.27045089
vt 0.75182724 0.09379721
vt 0.78693825 0.22778666
vt 0.75703061 0.07392997
vt 0.98138398 0.86871135
vt 0.76450753 0.05162126
vt 0.78425270 0.20642406
vt 0.91554129 0.09489584
vt 0.89723051 0.09181356
vt 0.42458227 0.04757762
vt 0.88049132 0.07431144
vt 0.87794310 0.07452506
vt 0.42896163 0.04989702
vt 0.87547112 0.07377738
vt 0.42757306 0.07962155
vt 0.85262835 0.06601053
vt 0.83739984 0.08117801
vt 0.82233924 0.34041351
vt 0.81773096 0.30797285
vt 0.80514228 0.28430611
vt 0.80276191 0.27275503
vt 0.80256349 0.26207370
vt 0.80779737 0.23337150
vt 0.80456245 0.20946062
vt 0.91772336 0.08044559
vt 0.89974821 0.07867551
vt 0.88963151 0.06524760
vt 0.41260394 0.05665678
vt 0.87966734 0.06466776
vt 0.41577783 0.05806059
vt 0.86736858 0.06517130
vt 0.41835660 0.05984586
vt 0.40712595 0.07147324
vt 0.41411459 0.08973831
vt 0.84420538 0.05847257
vt 0.83349353 0.07086289
vt 0.81698328 0.07244986
vt 0.86591899 0.31061268
vt 0.84057373 0.29890901
vt 0.82435340 0.27284658
vt 0.82415503 0.26492715
vt 0.83056384 0.23549247
vt 0.82635236 0.20947587
vt 0.92394906 0.07016098
vt 0.90615702 0.06654459
vt 0.39198902 0.05047685
vt 0.40146488 0.06916916
vt 0.40413520 0.06945908
vt 0.39462882 0.08126956
vt 0.39673457 0.08305484
vt 0.36960402 0.10818648
vt 0.37950712 0.09726101
vt 0.78544289 0.07141221
vt 0.37407494 0.11882198
vt 0.78396279 0.06349277
vt 0.38016328 0.11290151
vt 0.39909971 0.10046542
vt 0.82558936 0.05952543
vt 0.42070648 0.11206228
vt 0.00895705 0.23660642
vt 0.90429538 0.30351722
vt 0.00041199 0.25143814
vt 0.87771422 0.29106587
vt 0.85909820 0.28189516
vt 0.84722668 0.27016097
vt 0.84586865 0.26392007
vt 0.85244524 0.23796445
vt 0.84962237 0.20794994
vt 0.01068132 0.20270085
vt 0.35907531 0.05569541
vt 0.93290609 0.06118870
vt 0.91589224 0.05944914
vt 0.38207066 0.06195164
vt 0.37351033 0.07609671
vt 0.39211109 0.08047611
vt 0.37886626 0.09442282
vt 0.36791027 0.10516518
vt 0.77407491 0.08300906
vt 0.79166859 0.09536886
vt 0.78281832 0.08671701
vt 0.36472115 0.11938661
vt 0.78446633 0.08430612
vt 0.78927290 0.08079654
vt 0.79877925 0.07228202
vt 0.93002212 0.26480508
vt 0.79945070 0.05532920
vt 0.00000000 0.22958726
vt 0.40781263 0.11943239
vt 0.79737544 0.03642327
vt 0.91403067 0.28844130
vt 0.89179826 0.27478445
vt 0.87318230 0.26561379
vt 0.86707866 0.26231784
vt 0.86550701 0.25903714
vt 0.86628520 0.22902268
vt 0.34229037 0.05963224
vt 0.00228885 0.18951708
vt 0.00228885 0.20393682
vt 0.35651180 0.06584269
vt 0.36424810 0.08967727
vt 0.37747768 0.09346151
vt 0.36673534 0.10379189
vt 0.35655758 0.10817122
vt 0.78089571 0.08902115
vt 0.79020369 0.09785610
vt 0.79565120 0.10144198
vt 0.79713130 0.10070956
vt 0.79755855 0.09948879
vt 0.79264516 0.09317160
vt 0.79446095 0.09240866
vt 0.79949647 0.08033878
vt 0.93002212 0.23053330
vt 0.81058979 0.08007938
vt 0.81232929 0.06649882
vt 0.91989011 0.24455637
vt 0.81327534 0.04324406
vt 0.90841538 0.25900662
vt 0.89129472 0.25030899
vt 0.88822764 0.24921036
vt 0.88665599 0.24594492
vt 0.33453879 0.08259708
vt 0.88564891 0.22127110
vt 0.89047074 0.20135808
vt 0.34715801 0.08268863
vt 0.34567788 0.09533834
vt 0.35599297 0.09983981
vt 0.77837795 0.09820706
vt 0.34741741 0.10681313
vt 0.78753340 0.10844588
vt 0.79093611 0.10342562
vt 0.79702449 0.10258639
vt 0.79903871 0.10133517
vt 0.80044252 0.09947354
vt 0.80334175 0.09153885
vt 0.81037611 0.09266806
vt 0.93984896 0.21684599
vt 0.92394906 0.22537577
vt 0.90830857 0.23721677
vt 0.90540934 0.23694211
vt 0.90386814 0.23372245
vt 0.90513468 0.21127641
vt 0.33763638 0.09221029
vt 0.33900970 0.10298312
vt 0.33206683 0.10861373
vt 0.79513240 0.10611123
vt 0.79879451 0.10330355
vt 0.80164796 0.10150301
vt 0.80312812 0.09912258
vt 0.80549324 0.09716946
vt 0.80796522 0.09700161
vt 0.80732435 0.09842068
vt 0.81248188 0.09796292
vt 0.93508810 0.21464866
vt 0.92118716 0.22366673
vt 0.91985959 0.22209507
vt 0.92137027 0.20843822
vt 0.33218890 0.09820706
vt 0.33194476 0.10505837
vt 0.80508125 0.10533303
vt 0.80251771 0.10327303
vt 0.80494392 0.09999239
vt 0.32654306 0.10536355
vt 0.93377584 0.21307701
vt 0.81184101 0.10000765
vt 0.33182269 0.73969638
vt 0.33644617 0.73293662
vt 0.34676129 0.74763107
vt 0.35368887 0.73926914
vt 0.37793547 0.75774777
vt 0.38042268 0.74474704
vt 0.40648508 0.74938583
vt 0.61808193 0.68229187
vt 0.40357062 0.76520944
vt 0.43169299 0.75292593
vt 0.60810256 0.70383763
vt 0.25845730 0.15434504
vt 0.14485389 0.72840464
vt 0.25610742 0.15721369
vt 0.24638742 0.14438087
vt 0.24121462 0.14966047
vt 0.23892577 0.15582514
vt 0.13049516 0.69837493
vt 0.25606164 0.16046387
vt 0.13887236 0.73144120
vt 0.13142596 0.73307395
vt 0.14204623 0.73771268
vt 0.25951019 0.16057068
vt 0.06823835 0.46692610
vt 0.27310598 0.15574884
vt 0.26626992 0.15817499
vt 0.27037460 0.14801252
vt 0.26767376 0.14807355
vt 0.26404211 0.15031660
vt 0.26079196 0.15149158
vt 0.25038528 0.13994050
vt 0.23584345 0.12343025
vt 0.22859541 0.13144124
vt 0.14126803 0.65127027
vt 0.22131686 0.14050508
vt 0.73986417 0.21571678
vt 0.74792093 0.23370719
vt 0.44068056 0.18583965
vt 0.12184329 0.65322345
vt 0.19201954 0.14213777
vt 0.70075530 0.26358432
vt 0.43752193 0.22767985
vt 0.65780115 0.28892958
vt 0.44158083 0.24599069
vt 0.12875563 0.18323034
vt 0.68343633 0.32468146
vt 0.14813459 0.18844891
vt 0.72138554 0.28990614
vt 0.75982302 0.25352865
vt 0.45612270 0.20224309
vt 0.48250553 0.16609448
vt 0.11705196 0.70017546
vt 0.12544441 0.73609519
vt 0.13456932 0.74522012
vt 0.14503701 0.75573361
vt 0.26797894 0.16301215
vt 0.13456932 0.76624703
vt 0.27403677 0.04090941
vt 0.07388418 0.49765772
vt 0.27026778 0.16983289
vt 0.27574578 0.16038758
vt 0.07742428 0.47406727
vt 0.27899596 0.15371937
vt 0.07875181 0.45824367
vt 0.27817196 0.14845502
vt 0.07333486 0.44773024
vt 0.06529336 0.44849318
vt 0.27457085 0.14760053
vt 0.26810101 0.13162434
vt 0.26237887 0.13376057
vt 0.25560388 0.13611048
vt 0.24458686 0.11714351
vt 0.23114367 0.09460592
vt 0.21795987 0.10353249
vt 0.20801099 0.11563289
vt 0.19792478 0.12721449
vt 0.63778132 0.25114822
vt 0.17564660 0.11593807
vt 0.96217287 0.31792170
vt 0.97996491 0.33774316
vt 0.41840237 0.23091477
vt 0.61931795 0.31334400
vt 0.95930421 0.33667505
vt 0.41480124 0.20970476
vt 0.98188752 0.35529107
vt 0.39687189 0.23404288
vt 0.40291446 0.25862515
vt 0.42214084 0.25198752
vt 0.43216601 0.27215993
vt 0.44937819 0.26309603
vt 0.13131914 0.19992369
vt 0.15045395 0.20120549
vt 0.45459679 0.25992221
vt 0.74666971 0.31136036
vt 0.77636379 0.26846725
vt 0.47487602 0.21322960
vt 0.49365988 0.17308307
vt 0.10487526 0.70643169
vt 0.11949340 0.74210727
vt 0.12558176 0.75724423
vt 0.11808957 0.76475167
vt 0.28674755 0.05165178
vt 0.11210804 0.77074844
vt 0.29514000 0.05017167
vt 0.29291219 0.03753722
vt 0.28453499 0.03906310
vt 0.09477378 0.49463648
vt 0.28146791 0.02207983
vt 0.27098498 0.02398717
vt 0.08755627 0.48606086
vt 0.08596933 0.46681929
vt 0.09045548 0.45110244
vt 0.08136111 0.44689095
vt 0.06979477 0.41179520
vt 0.28140688 0.13228047
vt 0.27458611 0.13148701
vt 0.26503396 0.11001754
vt 0.25409323 0.11290151
vt 0.24496834 0.08760202
vt 0.21927215 0.07316703
vt 0.20169376 0.08491647
vt 0.18733501 0.09907681
vt 0.94546425 0.31255054
vt 0.93894863 0.33061725
vt 0.93524069 0.34976733
vt 0.95829707 0.35757995
vt 0.39304188 0.20972002
vt 0.98063630 0.38001066
vt 0.37709621 0.23840696
vt 0.38298619 0.26524758
vt 0.39533073 0.29103535
vt 0.41353476 0.28195620
vt 0.42738995 0.30353248
vt 0.44380865 0.29085219
vt 0.45876250 0.27895015
vt 0.12997635 0.21748686
vt 0.14920272 0.21553367
vt 0.16736095 0.21110857
vt 0.49655908 0.22084385
vt 0.50777447 0.17669946
vt 0.09443808 0.71699095
vt 0.11647212 0.74810410
vt 0.11049058 0.75411612
vt 0.10884260 0.76159304
vt 0.10719463 0.76906997
vt 0.29872587 0.05438316
vt 0.30399024 0.04876781
vt 0.30684367 0.04161137
vt 0.30771345 0.03491265
vt 0.29198137 0.02032501
vt 0.58901352 0.38605326
vt 0.11068895 0.49591821
vt 0.29019609 0.00976580
vt 0.27969787 0.01153582
vt 0.10336462 0.48743421
vt 0.09610132 0.47881287
vt 0.10392920 0.46027315
vt 0.09651332 0.45476460
vt 0.09810025 0.41504538
vt 0.08412299 0.41206986
vt 0.06546120 0.36479741
vt 0.28616771 0.11111617
vt 0.27574578 0.10946822
vt 0.26109713 0.08403146
vt 0.23794919 0.06445414
vt 0.78519875 0.43218130
vt 0.89607078 0.31142139
vt 0.20827039 0.05383384
vt 0.18767071 0.06684977
vt 0.91511405 0.31990540
vt 0.91010910 0.33923858
vt 0.92961013 0.36905468
vt 0.95396352 0.37697417
vt 0.36975661 0.21150529
vt 0.97766078 0.40331119
vt 0.35631341 0.24571604
vt 0.36546883 0.27280080
vt 0.33740750 0.25310141
vt 0.34689862 0.28503853
vt 0.32918289 0.29541469
vt 0.61000991 0.85247576
vt 0.31055161 0.30691999
vt 0.62836653 0.84841686
vt 0.61835659 0.85990691
vt 0.91065842 0.91065842
vt 0.32614633 0.33421838
vt 0.34450293 0.32228583
vt 0.36169985 0.31143665
vt 0.37807280 0.30124360
vt 0.83327991 0.86634624
vt 0.41091019 0.31592280
vt 0.83744562 0.83819330
vt 0.43158618 0.33701074
vt 0.81850922 0.83498895
vt 0.44554818 0.32243842
vt 0.79897767 0.82992291
vt 0.45929655 0.30646217
vt 0.47200733 0.29170674
vt 0.13658351 0.23379874
vt 0.15277332 0.22810709
vt 0.17059587 0.22212559
vt 0.52123290 0.22508585
vt 0.52187383 0.18030059
vt 0.08395514 0.72750437
vt 0.53702599 0.18002594
vt 0.07632563 0.74093235
vt 0.55127794 0.17537194
vt 0.07296864 0.75606930
vt 0.07261769 0.76807815
vt 0.56157780 0.16966504
vt 0.32809949 0.07315177
vt 0.57248801 0.16200501
vt 0.03920043 0.20918596
vt 0.33418784 0.06089878
vt 0.04823377 0.20715648
vt 0.33827725 0.04911882
vt 0.05563439 0.19974059
vt 0.34001678 0.03572136
vt 0.30623332 0.02648968
vt 0.30511940 0.02017242
vt 0.60123599 0.36701000
vt 0.30202183 0.01417565
vt 0.29681849 0.00849926
vt 0.58907455 0.37390709
vt 0.58045322 0.38469517
vt 0.11471733 0.49306476
vt 0.11795224 0.48674756
vt 0.11679255 0.47873658
vt 0.11407645 0.47219044
vt 0.10832380 0.46530861
vt 0.12521553 0.43053329
vt 0.11175708 0.42131686
vt 0.69384301 0.17792022
vt 0.11125353 0.36838329
vt 0.08923476 0.36591136
vt 0.69997710 0.16919202
vt 0.29631495 0.11505300
vt 0.73080033 0.17050433
vt 0.29225606 0.08584726
vt 0.27695125 0.08270389
vt 0.77892727 0.39104295
vt 0.25696194 0.05986112
vt 0.22966354 0.04347295
vt 0.76977187 0.41791409
vt 0.76939040 0.44164187
vt 0.88776988 0.32925916
vt 0.90426487 0.35790038
vt 0.92401010 0.38664836
vt 0.95068282 0.39542228
vt 0.94552529 0.41559470
vt 0.32866406 0.22319371
vt 0.96961927 0.44383919
vt 0.31807432 0.26019686
vt 0.29831389 0.26965743
vt 0.96122682 0.46649879
vt 0.63852900 0.83643854
vt 0.62993819 0.82922101
vt 0.61998934 0.84100097
vt 0.61158162 0.83289844
vt 0.55669492 0.74732590
vt 0.54999620 0.72970170
vt 0.60115969 0.84394598
vt 0.56682688 0.72396433
vt 0.57311362 0.74097812
vt 0.58973068 0.73452353
vt 0.58509195 0.71902037
vt 0.60929275 0.72030210
vt 0.43622491 0.73284507
vt 0.40743116 0.73357749
vt 0.38214695 0.73131913
vt 0.35436025 0.72872508
vt 0.33905548 0.72509348
vt 0.32918289 0.72195011
vt 0.32617685 0.72791636
vt 0.32281986 0.73269248
vt 0.31874570 0.73688865
vt 0.32759595 0.74648660
vt 0.33890289 0.75580990
vt 0.63184559 0.66675818
vt 0.37325093 0.77077895
vt 0.39610896 0.78104830
vt 0.61300069 0.67038989
vt 0.60086977 0.69123369
vt 0.58406961 0.69974822
vt 0.56078434 0.70716411
vt 0.54386204 0.71171129
vt 0.59040207 0.85484093
vt 0.59893185 0.86367589
vt 0.60698861 0.87144274
vt 0.91384757 0.88030821
vt 0.89314109 0.87832457
vt 0.36192873 0.34981310
vt 0.87002367 0.87450981
vt 0.37885100 0.33853668
vt 0.39470512 0.32759595
vt 0.85174334 0.87066454
vt 0.85654992 0.84226751
vt 0.84107727 0.81153584
vt 0.82117951 0.80988783
vt 0.12756543 0.26247042
vt 0.80207521 0.80518806
vt 0.48628977 0.30249482
vt 0.78300142 0.80556953
vt 0.13990997 0.25035477
vt 0.15916686 0.24179447
vt 0.17396811 0.23126572
vt 0.54294652 0.22442967
vt 0.17959869 0.23672849
vt 0.56433964 0.21744108
vt 0.58373386 0.20993364
vt 0.19145495 0.25340658
vt 0.04238956 0.24306095
vt 0.05485618 0.23892576
vt 0.55553520 0.16549933
vt 0.07023728 0.23637754
vt 0.54683757 0.16330206
vt 0.07962158 0.22340733
vt 0.06207370 0.19081408
vt 0.33942169 0.02061492
vt 0.33521020 0.00831616
vt 0.06175326 0.18121612
vt 0.60376900 0.30559242
vt 0.26390478 0.02130157
vt 0.58010226 0.31198597
vt 0.55996031 0.32225525
vt 0.53945220 0.33627832
vt 0.77941561 0.44487679
vt 0.15126269 0.49451441
vt 0.78252840 0.46066988
vt 0.15176623 0.48181885
vt 0.79969484 0.47681391
vt 0.14789043 0.46727705
vt 0.14244297 0.45416951
vt 0.13536279 0.44249636
vt 0.67412835 0.19009691
vt 0.15356679 0.39160752
vt 0.13266194 0.37692833
vt 0.68523687 0.18487829
vt 0.71256578 0.19771117
vt 0.72362858 0.18594646
vt 0.30792707 0.08995193
vt 0.75532156 0.18199438
vt 0.20862135 0.03006029
vt 0.77532613 0.34317541
vt 0.29784083 0.06163120
vt 0.27797359 0.05778593
vt 0.77405965 0.36644542
vt 0.75907528 0.39359123
vt 0.74865341 0.42568094
vt 0.86704814 0.31746393
vt 0.74279392 0.45357442
vt 0.87962157 0.34778363
vt 0.89759672 0.37555504
vt 0.88935685 0.39420158
vt 0.91741818 0.40547800
vt 0.30469215 0.23065537
vt 0.93978792 0.43459219
vt 0.93150222 0.45482564
vt 0.64722669 0.82421607
vt 0.63878846 0.81683069
vt 0.62078279 0.82101166
vt 0.60961318 0.81246662
vt 0.58037692 0.75651181
vt 0.59981692 0.74682230
vt 0.45864043 0.71108568
vt 0.43407339 0.71444267
vt 0.40666819 0.71731138
vt 0.38173494 0.71863890
vt 0.35716793 0.71886778
vt 0.34038299 0.71735716
vt 0.33032730 0.71621275
vt 0.31648737 0.70658427
vt 0.33006790 0.71006334
vt 0.32111084 0.71506828
vt 0.32031739 0.71921873
vt 0.31859311 0.72347599
vt 0.30896467 0.72147703
vt 0.30624858 0.72486460
vt 0.30266270 0.72771800
vt 0.30592814 0.73633933
vt 0.32004273 0.75043869
vt 0.33264667 0.76406503
vt 0.35350576 0.77615017
vt 0.35844970 0.80086976
vt 0.61098647 0.65635157
vt 0.59479666 0.67742431
vt 0.57723355 0.68445867
vt 0.55545890 0.68952465
vt 0.53905547 0.69330895
vt 0.57920194 0.86527812
vt 0.58829635 0.87469292
vt 0.59635311 0.88244450
vt 0.91755551 0.84937823
vt 0.89379722 0.84875256
vt 0.87463188 0.84519720
vt 0.87815672 0.81577784
vt 0.85908294 0.81356525
vt 0.85995269 0.78637367
vt 0.84170288 0.78509194
vt 0.82212555 0.78356600
vt 0.80299079 0.78271151
vt 0.13569848 0.27605098
vt 0.15053025 0.26471353
vt 0.57996488 0.26968795
vt 0.16873427 0.25203329
vt 0.58489358 0.15809870
vt 0.17367819 0.25848782
vt 0.18612956 0.26967269
vt 0.57434958 0.15014875
vt 0.04060426 0.27664608
vt 0.05772488 0.27145797
vt 0.56310368 0.14474708
vt 0.11123827 0.23474479
vt 0.55028611 0.14192414
vt 0.53836882 0.16276801
vt 0.08470283 0.21116960
vt 0.59194326 0.22378880
vt 0.08635081 0.19447625
vt 0.52910656 0.16395819
vt 0.25282672 0.05009538
vt 0.26686504 0.05009538
vt 0.52075988 0.16679639
vt 0.55286491 0.23311210
vt 0.51232165 0.17190814
vt 0.00051881 0.34042877
vt 0.51671624 0.25008011
vt 0.48787671 0.27122909
vt 0.01174945 0.34567785
vt 0.70389867 0.47585261
vt 0.62887007 0.18825054
vt 0.71169603 0.50482947
vt 0.63964295 0.19287401
vt 0.73466086 0.53037310
vt 0.76107424 0.53592736
vt 0.65078205 0.19417107
vt 0.18547341 0.42925155
vt 0.17116044 0.40903336
vt 0.66266882 0.19319445
vt 0.68406194 0.21579307
vt 0.69921416 0.20877391
vt 0.58013278 0.89706266
vt 0.72899979 0.21652550
vt 0.74399936 0.20109862
vt 0.59945065 0.89723051
vt 0.19873351 0.01133746
vt 0.18965438 0.04194707
vt 0.61721218 0.90151829
vt 0.75437552 0.33962005
vt 0.75356680 0.36786449
vt 0.73731595 0.39736021
vt 0.72425419 0.43266958
vt 0.85484093 0.33550012
vt 0.87158006 0.36495000
vt 0.86239415 0.38150609
vt 0.88001829 0.41170365
vt 0.90989548 0.42372775
vt 0.89994657 0.44296938
vt 0.66248572 0.80944532
vt 0.65233845 0.80372322
vt 0.62993819 0.80831617
vt 0.58925766 0.77280843
vt 0.61823452 0.80024415
vt 0.47943845 0.68422979
vt 0.60527962 0.79195851
vt 0.45510033 0.68914318
vt 0.42929733 0.69600976
vt 0.40495917 0.70086217
vt 0.38034639 0.70580602
vt 0.35599297 0.70864427
vt 0.34065765 0.70910203
vt 0.33942169 0.70196080
vt 0.32567331 0.70164037
vt 0.31671625 0.70194554
vt 0.30977342 0.70244908
vt 0.30933088 0.70550084
vt 0.30902570 0.70856798
vt 0.30804914 0.71165025
vt 0.30608073 0.71390861
vt 0.30412757 0.71615171
vt 0.30151826 0.71760130
vt 0.29895476 0.71912718
vt 0.29593349 0.72028685
vt 0.34418249 0.81657130
vt 0.29683375 0.72779429
vt 0.34706646 0.82218659
vt 0.28484017 0.71430534
vt 0.34633401 0.81886017
vt 0.35286489 0.81570154
vt 0.29271382 0.72870982
vt 0.30032808 0.73792630
vt 0.30687419 0.74908066
vt 0.32256046 0.76792550
vt 0.34378576 0.78582436
vt 0.63169301 0.64782178
vt 0.35339895 0.80892652
vt 0.61359578 0.63964295
vt 0.59189749 0.66080719
vt 0.56992447 0.66944385
vt 0.55222398 0.67203784
vt 0.53511864 0.67541009
vt 0.51435113 0.67682922
vt 0.58573282 0.44034487
vt 0.57639432 0.88421452
vt 0.58384067 0.89256120
vt 0.59484243 0.43384451
vt 0.91880673 0.81997406
vt 0.89803922 0.81867707
vt 0.89871061 0.78922713
vt 0.87919432 0.78785384
vt 0.85999846 0.75834286
vt 0.16670482 0.35452813
vt 0.95800716 0.98606849
vt 0.84194708 0.75872433
vt 0.82209504 0.76015866
vt 0.94039828 0.99024951
vt 0.16557565 0.32393378
vt 0.13556115 0.30405128
vt 0.16685741 0.29797816
vt 0.14813459 0.29135579
vt 0.43285269 0.95921266
vt 0.16301213 0.27730221
vt 0.17688258 0.28334481
vt 0.45009536 0.96166933
vt 0.18477149 0.27804989
vt 0.58463418 0.13243306
vt 0.20714122 0.27515066
vt 0.56993973 0.12452888
vt 0.22983138 0.26576638
vt 0.55291069 0.12185854
vt 0.25038528 0.25629056
vt 0.64158082 0.97279316
vt 0.53672081 0.11990541
vt 0.53756011 0.14065766
vt 0.52413213 0.14287025
vt 0.51158923 0.14670026
vt 0.50038910 0.15326160
vt 0.00021363 0.37911040
vt 0.49028763 0.16176087
vt 0.28426033 0.42561990
vt 0.61806667 0.43399709
vt 0.62433815 0.46642250
vt 0.30687419 0.42392617
vt 0.61829555 0.21435875
vt 0.72526133 0.61263448
vt 0.63443959 0.21907377
vt 0.65105671 0.22049284
vt 0.66730756 0.21982145
vt 0.55323112 0.90173191
vt 0.69243914 0.23907834
vt 0.71276414 0.23022813
vt 0.56769663 0.90072483
vt 0.58547342 0.90876633
vt 0.60511178 0.90902573
vt 0.75899899 0.32172120
vt 0.62378883 0.91515982
vt 0.73147172 0.33900970
vt 0.73022050 0.36801708
vt 0.71267259 0.40100712
vt 0.69982451 0.43854427
vt 0.84550238 0.35188830
vt 0.67991149 0.44536507
vt 0.83631647 0.36844432
vt 0.68671703 0.79426259
vt 0.85270464 0.39978635
vt 0.87029833 0.43147933
vt 0.66842145 0.79635310
vt 0.65894562 0.79043257
vt 0.64202332 0.79707026
vt 0.62551308 0.78831160
vt 0.47345692 0.66132605
vt 0.61306173 0.77850002
vt 0.44911879 0.66936755
vt 0.42514688 0.67835510
vt 0.40105286 0.68584728
vt 0.37662318 0.69343102
vt 0.35428396 0.69848174
vt 0.35167468 0.68874645
vt 0.33612573 0.69289696
vt 0.32457465 0.69590294
vt 0.31641108 0.69773400
vt 0.30923933 0.69925994
vt 0.30814070 0.69648278
vt 0.30226597 0.69866484
vt 0.30237278 0.70028234
vt 0.30293736 0.70249486
vt 0.30258641 0.70450902
vt 0.30287632 0.70611125
vt 0.30151826 0.70794231
vt 0.30255589 0.71012437
vt 0.30078584 0.71136034
vt 0.28876173 0.70749980
vt 0.28715953 0.70730144
vt 0.32043946 0.83643854
vt 0.28487068 0.70736247
vt 0.28308538 0.70836961
vt 0.32207218 0.83758295
vt 0.32368964 0.83871216
vt 0.34134433 0.82912946
vt 0.34656289 0.82610822
vt 0.35376516 0.82038605
vt 0.36067751 0.81258869
vt 0.29538414 0.74172580
vt 0.36958876 0.80733961
vt 0.30107576 0.75339895
vt 0.38457313 0.80273139
vt 0.31552607 0.77544820
vt 0.33054093 0.79150069
vt 0.40755323 0.79688716
vt 0.63041121 0.62540627
vt 0.43099108 0.79035628
vt 0.61124587 0.62746620
vt 0.59458303 0.64515144
vt 0.56896317 0.65403223
vt 0.54984361 0.65503931
vt 0.53255510 0.65719080
vt 0.51400018 0.65793848
vt 0.59429312 0.45291829
vt 0.60363168 0.44675362
vt 0.91952389 0.78976119
vt 0.61246663 0.46001375
vt 0.91973752 0.75890744
vt 0.18496986 0.44936293
vt 0.89897001 0.75890744
vt 0.17190814 0.39983213
vt 0.87917906 0.75889218
vt 0.85807586 0.73067826
vt 0.19266041 0.36813915
vt 0.95092696 0.96418709
vt 0.18860151 0.34705120
vt 0.14021516 0.31689936
vt 0.18764019 0.32379645
vt 0.44879836 0.98011750
vt 0.16096742 0.30031282
vt 0.18640421 0.30035859
vt 0.21133745 0.29639125
vt 0.23590448 0.28722060
vt 0.66381323 0.97706568
vt 0.26515603 0.27866024
vt 0.27412832 0.25609219
vt 0.67072558 0.96237123
vt 0.64980543 0.95768672
vt 0.51993591 0.12307930
vt 0.65108722 0.93287557
vt 0.50319678 0.12791640
vt 0.48917371 0.13696498
vt 0.47570002 0.14718854
vt 0.28372625 0.46111238
vt 0.31255054 0.45748073
vt 0.34206149 0.45114821
vt 0.62900740 0.24467844
vt 0.36754405 0.43828487
vt 0.52684826 0.90028226
vt 0.65004957 0.24640268
vt 0.67177844 0.24586862
vt 0.53868926 0.90135044
vt 0.55577934 0.91435111
vt 0.57167923 0.91264212
vt 0.59003586 0.92101932
vt 0.60993361 0.92108035
vt 0.73488975 0.31824213
vt 0.62917525 0.92950332
vt 0.70725566 0.33670557
vt 0.70698100 0.36858165
vt 0.68368047 0.37183183
vt 0.68918896 0.40563059
vt 0.66726178 0.41411459
vt 0.81016248 0.35365838
vt 0.82661176 0.38672465
vt 0.63537043 0.43562984
vt 0.70136571 0.76781869
vt 0.69097430 0.76502633
vt 0.84307623 0.41864651
vt 0.68706799 0.77938509
vt 0.67251086 0.77665371
vt 0.64873731 0.78341341
vt 0.63552302 0.77834743
vt 0.62063020 0.76864272
vt 0.44180971 0.65061414
vt 0.41916534 0.66066986
vt 0.39632258 0.67130542
vt 0.37265584 0.68139160
vt 0.34711224 0.67924011
vt 0.33318076 0.68592358
vt 0.32303348 0.68990612
vt 0.31459525 0.69372094
vt 0.31245899 0.68963146
vt 0.30516517 0.69314110
vt 0.29787138 0.69472802
vt 0.29929045 0.68836498
vt 0.29372090 0.69021130
vt 0.29253072 0.69427025
vt 0.29701686 0.69785607
vt 0.29498741 0.69863433
vt 0.29973295 0.70284581
vt 0.29791716 0.70403600
vt 0.29137102 0.70191503
vt 0.28908217 0.70197606
vt 0.28703746 0.70272374
vt 0.28616771 0.70457006
vt 0.28476387 0.70278478
vt 0.31979859 0.84083313
vt 0.32256046 0.84034485
vt 0.32042420 0.84429693
vt 0.33043411 0.83935302
vt 0.33923858 0.83486688
vt 0.34648660 0.82900739
vt 0.35371938 0.82510108
vt 0.36186770 0.81791413
vt 0.37247273 0.81481647
vt 0.38707560 0.81239033
vt 0.40979630 0.80920118
vt 0.62848860 0.61293966
vt 0.60930800 0.61538112
vt 0.59266043 0.63146412
vt 0.57268637 0.63529408
vt 0.54842448 0.63773561
vt 0.53093767 0.63869691
vt 0.51413751 0.63816285
vt 0.60312808 0.46617836
vt 0.51573968 0.61728847
vt 0.61193258 0.48055238
vt 0.91958493 0.72573435
vt 0.62182039 0.47437245
vt 0.21216144 0.44075686
vt 0.89713895 0.72634470
vt 0.20366217 0.41803616
vt 0.20160219 0.39304191
vt 0.22644389 0.36214238
vt 0.21997406 0.34079498
vt 0.21536584 0.31825739
vt 0.24327458 0.30725569
vt 0.26802471 0.29469746
vt 0.28682384 0.27678341
vt 0.69517052 0.96255434
vt 0.67267871 0.93304342
vt 0.66713971 0.90354770
vt 0.47858396 0.12181276
vt 0.46259251 0.13374531
vt 0.66051728 0.87608147
vt 0.28368047 0.49343097
vt 0.31766233 0.48888379
vt 0.51108569 0.91085678
vt 0.35191882 0.48110169
vt 0.38303196 0.46605629
vt 0.52487981 0.91314566
vt 0.53933012 0.91400015
vt 0.55805296 0.92735177
vt 0.57489890 0.92564279
vt 0.59472036 0.93353170
vt 0.61307698 0.93401998
vt 0.70305943 0.31676203
vt 0.63645381 0.95378041
vt 0.68435186 0.33739221
vt 0.66039521 0.34236670
vt 0.66170746 0.37520409
vt 0.70565349 0.75231552
vt 0.64344245 0.40746164
vt 0.62026399 0.42011142
vt 0.69517052 0.74993515
vt 0.68018615 0.76212710
vt 0.66117340 0.77196920
vt 0.64087892 0.76505685
vt 0.62758833 0.75762570
vt 0.43201342 0.63164723
vt 0.41023880 0.64412910
vt 0.38873884 0.65662622
vt 0.36647594 0.66935229
vt 0.34163424 0.67067981
vt 0.32912186 0.67902648
vt 0.32043946 0.68467236
vt 0.31471732 0.67916381
vt 0.30768293 0.68540478
vt 0.29732203 0.68578625
vt 0.29301900 0.68934155
vt 0.29066911 0.69210345
vt 0.28883803 0.69365990
vt 0.28668651 0.69745934
vt 0.31708246 0.84560919
vt 0.32268253 0.84888989
vt 0.33012894 0.84284735
vt 0.33165485 0.84158087
vt 0.33374533 0.84176397
vt 0.33813992 0.83572137
vt 0.34161898 0.84019226
vt 0.35327688 0.82935834
vt 0.36173037 0.82430762
vt 0.37380025 0.82230866
vt 0.38834211 0.82207978
vt 0.41058975 0.82149994
vt 0.43598077 0.82214081
vt 0.60842299 0.60321963
vt 0.59050888 0.61739528
vt 0.57091630 0.61959255
vt 0.54898912 0.61965358
vt 0.53089190 0.61898220
vt 0.51744866 0.59696347
vt 0.62066072 0.49446863
vt 0.63022810 0.48870069
vt 0.25296408 0.43015182
vt 0.24202335 0.40683603
vt 0.23581292 0.38440526
vt 0.25981537 0.35207140
vt 0.25154498 0.32977796
vt 0.28166628 0.31482416
vt 0.71413749 0.98806745
vt 0.72094303 0.96009767
vt 0.72091252 0.93015945
vt 0.69674218 0.93086135
vt 0.69025713 0.90019071
vt 0.68209356 0.87101549
vt 0.28323796 0.52469671
vt 0.49024186 0.91956967
vt 0.32228580 0.52085149
vt 0.36169985 0.51219958
vt 0.50771344 0.92361331
vt 0.52332342 0.92625314
vt 0.54004729 0.92742807
vt 0.55991453 0.94035250
vt 0.57810330 0.93887234
vt 0.59803158 0.95143056
vt 0.61689174 0.95161366
vt 0.62101167 0.97174031
vt 0.65809107 0.31226063
vt 0.64110780 0.98695356
vt 0.63549250 0.33492029
vt 0.70946825 0.73675132
vt 0.63649958 0.37657738
vt 0.61805141 0.38658732
vt 0.69889373 0.73476768
vt 0.68429083 0.74735641
vt 0.66837567 0.75849545
vt 0.65156025 0.75419241
vt 0.63393605 0.74570841
vt 0.42005035 0.61318380
vt 0.39996949 0.62796980
vt 0.38031587 0.64292359
vt 0.35944152 0.65827417
vt 0.33458456 0.66228735
vt 0.32425421 0.67269397
vt 0.31017014 0.67499810
vt 0.30193028 0.67992675
vt 0.29871061 0.67684448
vt 0.29480430 0.68332952
vt 0.29187456 0.68770885
vt 0.29028764 0.69149309
vt 0.28868544 0.69137102
vt 0.30916303 0.85389483
vt 0.31067368 0.85313189
vt 0.31457999 0.85380328
vt 0.31792173 0.85055315
vt 0.31941712 0.85185015
vt 0.32072937 0.84994280
vt 0.32397956 0.85223162
vt 0.33122760 0.84647900
vt 0.33203632 0.84513617
vt 0.33286029 0.84379339
vt 0.33731595 0.84559393
vt 0.33823147 0.84284735
vt 0.34892806 0.84313726
vt 0.35284963 0.83453119
vt 0.36116579 0.83761346
vt 0.36220339 0.83030438
vt 0.37244222 0.83071643
vt 0.38805220 0.83230335
vt 0.40976578 0.83460748
vt 0.43436331 0.83808649
vt 0.60944533 0.59044784
vt 0.58941025 0.60325015
vt 0.56972611 0.60343325
vt 0.55082017 0.60184634
vt 0.53243303 0.59960330
vt 0.53488976 0.58089566
vt 0.61403829 0.51729608
vt 0.62400246 0.51013958
vt 0.63823909 0.50174713
vt 0.29018083 0.41672391
vt 0.27951476 0.39464408
vt 0.27110705 0.37170976
vt 0.75835812 0.98820478
vt 0.29188982 0.33762109
vt 0.30963609 0.31839478
vt 0.74522012 0.96563667
vt 0.74549478 0.92872512
vt 0.73916227 0.89500266
vt 0.71506828 0.89750516
vt 0.70635539 0.86663616
vt 0.28316167 0.55759513
vt 0.32629892 0.55362785
vt 0.48621348 0.93231100
vt 0.50362402 0.93667507
vt 0.52210271 0.93923855
vt 0.54044402 0.94035250
vt 0.56055546 0.95306325
vt 0.57991910 0.95490956
vt 0.59974062 0.96789503
vt 0.61937898 0.98571754
vt 0.71604484 0.70188451
vt 0.60846877 0.31328297
vt 0.61382467 0.34511328
vt 0.70289159 0.71725035
vt 0.68792248 0.73247886
vt 0.67248034 0.74372470
vt 0.65477991 0.73966587
vt 0.63942933 0.73333335
vt 0.62568092 0.72674143
vt 0.38730448 0.61252767
vt 0.36958876 0.62998402
vt 0.35060656 0.64762342
vt 0.32669565 0.65526819
vt 0.31650263 0.66602576
vt 0.30362400 0.66897082
vt 0.29897001 0.87972838
vt 0.29869536 0.66651404
vt 0.30298313 0.87035936
vt 0.29468223 0.67457080
vt 0.30531776 0.86364537
vt 0.29236287 0.68119323
vt 0.28998244 0.68691540
vt 0.30777448 0.85816741
vt 0.30933088 0.85833526
vt 0.31180286 0.85889983
vt 0.31454948 0.85743499
vt 0.31799802 0.85635155
vt 0.32025635 0.85493249
vt 0.32202640 0.85328448
vt 0.32748914 0.85593957
vt 0.33444723 0.85030901
vt 0.33672082 0.84838635
vt 0.34367895 0.84901196
vt 0.35783932 0.84415960
vt 0.37117571 0.83837640
vt 0.38521400 0.84176397
vt 0.40648508 0.84687573
vt 0.43164721 0.85345232
vt 0.61100173 0.57821012
vt 0.59047836 0.58887619
vt 0.57117569 0.58678567
vt 0.55249864 0.58413064
vt 0.53781950 0.56266117
vt 0.62294954 0.52919817
vt 0.63291371 0.52204168
vt 0.64574653 0.51453424
vt 0.32301822 0.40349430
vt 0.82287329 0.98822004
vt 0.31204700 0.38255894
vt 0.79008162 0.98809797
vt 0.30298313 0.35800719
vt 0.32285038 0.34447241
vt 0.76971084 0.96636909
vt 0.76929885 0.92678720
vt 0.76311892 0.89063859
vt 0.73202103 0.86114287
vt 0.28560311 0.58919662
vt 0.33284503 0.58506143
vt 0.48336002 0.94515908
vt 0.50170135 0.94941634
vt 0.52092773 0.95190358
vt 0.54039824 0.95446706
vt 0.56041807 0.96830702
vt 0.58051425 0.97091633
vt 0.59880978 0.98587012
vt 0.71692991 0.68290228
vt 0.59743649 1.00000000
vt 0.70626384 0.68078125
vt 0.61959261 0.99989319
vt 0.70571452 0.69832915
vt 0.69179827 0.71602964
vt 0.67605096 0.72939646
vt 0.65970856 0.72666514
vt 0.64538032 0.72130919
vt 0.63024336 0.71604490
vt 0.37378499 0.59948123
vt 0.35774776 0.61849391
vt 0.34102389 0.63808656
vt 0.31799802 0.64881361
vt 0.30994126 0.66071564
vt 0.30292210 0.65638208
vt 0.29304951 0.89573509
vt 0.30498207 0.88010985
vt 0.30710307 0.87080187
vt 0.30844587 0.86396581
vt 0.31155872 0.86430150
vt 0.31509879 0.86346227
vt 0.31931028 0.86186010
vt 0.32256046 0.86036468
vt 0.32578012 0.85838103
vt 0.33202106 0.86097503
vt 0.33911651 0.85587853
vt 0.34222934 0.85262835
vt 0.34929428 0.85751128
vt 0.35199511 0.85145342
vt 0.36400396 0.85500878
vt 0.36792552 0.84600592
vt 0.38153657 0.85162127
vt 0.40155643 0.85934234
vt 0.42555887 0.86857402
vt 0.45455101 0.86161590
vt 0.59230947 0.57381552
vt 0.57381552 0.57024491
vt 0.55512321 0.56641489
vt 0.54244298 0.54479289
vt 0.63132679 0.54149687
vt 0.64155030 0.53469139
vt 0.34608987 0.40177006
vt 0.65333027 0.52779430
vt 0.83237964 0.95867854
vt 0.33623254 0.37523460
vt 0.80039674 0.95629817
vt 0.79212636 0.92770278
vt 0.78908980 0.88596934
vt 0.45809111 0.96617073
vt 0.78214693 0.84705883
vt 0.28934157 0.62069124
vt 0.75523001 0.85215533
vt 0.46190584 0.95274282
vt 0.48093385 0.95764095
vt 0.49996185 0.96183717
vt 0.51978332 0.96523994
vt 0.53971159 0.96803236
vt 0.55877012 0.98367286
vt 0.57885098 0.98471045
vt 0.71622795 0.66346228
vt 0.70553142 0.66457617
vt 0.69514000 0.68220031
vt 0.69451439 0.69810021
vt 0.67959106 0.71421379
vt 0.66334021 0.71268785
vt 0.64855421 0.70864427
vt 0.63334095 0.70502782
vt 0.35881591 0.58857095
vt 0.34534219 0.60958266
vt 0.33076981 0.63065541
vt 0.30977342 0.64342713
vt 0.29106584 0.91015488
vt 0.30005342 0.89556724
vt 0.30780500 0.89436179
vt 0.31125352 0.88004881
vt 0.31114671 0.87135118
vt 0.31557184 0.87118334
vt 0.32071412 0.86872661
vt 0.32539865 0.86727703
vt 0.32893872 0.86446935
vt 0.33884183 0.86686504
vt 0.34439611 0.86216527
vt 0.35909057 0.86158538
vt 0.37715724 0.86013579
vt 0.39578852 0.87031358
vt 0.41850919 0.88296330
vt 0.44744030 0.87867552
vt 0.59624630 0.55960941
vt 0.57785916 0.55399406
vt 0.55962461 0.54908061
vt 0.61864650 0.54807353
vt 0.54802775 0.52666515
vt 0.63772029 0.55558097
vt 0.64959180 0.54706645
vt 0.66077667 0.54103911
vt 0.81934845 0.92405581
vt 0.66846722 0.55556571
vt 0.81445026 0.87885863
vt 0.80698866 0.83738458
vt 0.67618829 0.57053483
vt 0.45455101 0.97988862
vt 0.68581676 0.58751810
vt 0.47531852 0.98510718
vt 0.69597924 0.58402383
vt 0.47885862 0.97137409
vt 0.70162511 0.59972537
vt 0.49839017 0.97563136
vt 0.51821166 0.97903413
vt 0.53813994 0.98181123
vt 0.71087205 0.63036549
vt 0.70052642 0.63324940
vt 0.55744261 0.99777216
vt 0.70357823 0.64872205
vt 0.69449914 0.66652930
vt 0.68290228 0.68325323
vt 0.68226141 0.69800866
vt 0.66584265 0.69799340
vt 0.65078205 0.69582665
vt 0.63567561 0.69381249
vt 0.28940260 0.98065156
vt 0.34302282 0.57889676
vt 0.28935683 0.95623714
vt 0.33170062 0.60135806
vt 0.31982911 0.62386513
vt 0.29004347 0.93156326
vt 0.30102998 0.90995651
vt 0.31090257 0.90815592
vt 0.31895933 0.88993669
vt 0.31700617 0.87953001
vt 0.32332343 0.87722594
vt 0.32916763 0.87472343
vt 0.33459982 0.87058824
vt 0.34599832 0.87438774
vt 0.35352102 0.86843669
vt 0.37128252 0.86829937
vt 0.38852522 0.88096440
vt 0.41014725 0.89497215
vt 0.43974975 0.89501792
vt 0.60042727 0.54596782
vt 0.45995268 0.90806437
vt 0.58292514 0.53862822
vt 0.56475168 0.53218889
vt 0.62681007 0.56466007
vt 0.64666212 0.56815445
vt 0.65798426 0.56093693
vt 0.66622418 0.57563138
vt 0.67350268 0.59020370
vt 0.49593347 0.98960859
vt 0.69118792 0.60241091
vt 0.51598382 0.99302661
vt 0.69633019 0.61777675
vt 0.68958575 0.63547719
vt 0.69263750 0.65094984
vt 0.68236822 0.66839093
vt 0.66785687 0.67029834
vt 0.66781110 0.68412298
vt 0.65201801 0.68378729
vt 0.63682002 0.68239868
vt 0.30754557 0.98016328
vt 0.30481422 0.95599300
vt 0.30251011 0.93107498
vt 0.31526664 0.92942703
vt 0.32191959 0.90489054
vt 0.32634470 0.88760203
vt 0.33339438 0.88438237
vt 0.34061188 0.87974364
vt 0.35593194 0.88416874
vt 0.36495003 0.87614250
vt 0.38094148 0.89021134
vt 0.40007630 0.90696573
vt 0.42935836 0.90965134
vt 0.44913405 0.92388797
vt 0.58907455 0.52478826
vt 0.57209122 0.51638055
vt 0.46814680 0.93852139
vt 0.63486689 0.57616544
vt 0.65468836 0.58110934
vt 0.66224158 0.59514761
vt 0.66848248 0.60859084
vt 0.68036926 0.60540169
vt 0.68543524 0.62030977
vt 0.67760736 0.63810182
vt 0.68056762 0.65314716
vt 0.66628522 0.65604639
vt 0.65244526 0.67095447
vt 0.63709468 0.67156482
vt 0.32434577 0.97787440
vt 0.32005799 0.95397878
vt 0.32790112 0.92596322
vt 0.33133441 0.90176243
vt 0.34067291 0.89672697
vt 0.34874496 0.89129472
vt 0.36194399 0.90797281
vt 0.37195390 0.89951932
vt 0.38895246 0.91793698
vt 0.41860074 0.92280459
vt 0.43636224 0.93922329
vt 0.62896162 0.59559011
vt 0.45380330 0.95558101
vt 0.64219117 0.58806741
vt 0.64940870 0.60115969
vt 0.65545130 0.61385518
vt 0.67354846 0.62331581
vt 0.66385901 0.64135194
vt 0.65116352 0.65796900
vt 0.63596553 0.65955597
vt 0.34290075 0.97308308
vt 0.33484396 0.94998091
vt 0.33977264 0.92147708
vt 0.35094225 0.91511405
vt 0.37700465 0.92790115
vt 0.40506598 0.93609524
vt 0.42149997 0.95397878
vt 0.63570613 0.60769057
vt 0.40601206 0.96679640
vt 0.64110780 0.61931789
vt 0.66001374 0.62743568
vt 0.64884412 0.64467841
vt 0.36995497 0.98794538
vt 0.35992980 0.96626228
vt 0.34990463 0.94406044
vt 0.36356145 0.93658352
vt 0.39139390 0.94769210
vt 0.38831159 0.97828639
vt 0.64547187 0.63205922
vt 0.63091481 0.63659114
vt 0.37613490 0.95762569
f 1/1 2/2 3/3
f 4/4 3/3 5/5
f 3/3 2/2 5/5
f 5/5 2/2 6/6
f 2/2 7/7 6/6
f 7/7 8/8 6/6
f 6/6 8/8 9/9
f 9/9 8/8 10/10
f 10/10 8/8 11/11
f 12/12 11/11 13/13
f 11/11 8/8 13/13
f 13/13 8/8 14/14
f 8/8 7/7 14/14
f 14/14 7/7 15/15
f 7/7 2/2 15/15
f 2/2 1/1 15/15
f 15/15 1/1 16/16
f 16/16 1/1 17/17
f 1/1 3/3 17/17
f 3/3 4/4 17/17
f 17/17 4/4 18/18
f 18/18 4/4 19/19
f 4/4 5/5 19/19
f 5/5 6/6 19/19
f 19/19 6/6 20/20
f 6/6 9/9 20/20
f 20/20 9/9 21/21
f 21/21 9/9 23/23
f 9/9 10/10 23/23
f 10/10 11/11 23/23
f 23/23 11/11 25/25
f 11/11 12/12 25/25
f 25/25 12/12 27/27
f 27/27 12/12 29/29
f 12/12 13/13 29/29
f 29/29 13/13 30/30
f 13/13 14/14 30/30
f 14/14 15/15 30/30
f 30/30 15/15 31/31
f 15/15 16/16 31/31
f 32/32 31/31 34/34
f 31/31 16/16 34/34
f 16/16 17/17 34/34
f 34/34 17/17 35/35
f 35/35 17/17 37/37
f 17/17 18/18 37/37
f 18/18 19/19 37/37
f 37/37 19/19 38/38
f 19/19 20/20 38/38
f 38/38 20/20 41/41
f 20/20 21/21 41/41
f 41/41 21/21 42/42
f 21/21 23/23 42/42
f 43/43 22/22 44/44
f 44/44 22/22 45/45
f 22/22 24/24 45/45
f 45/45 24/24 46/46
f 24/24 26/26 46/46
f 26/26 28/28 46/46
f 46/46 28/28 47/47
f 29/29 30/30 48/48
f 48/48 30/30 50/50
f 30/30 31/31 50/50
f 31/31 32/32 50/50
f 50/50 32/32 52/52
f 52/52 32/32 53/53
f 32/32 34/34 53/53
f 53/53 34/34 54/54
f 55/55 33/33 57/57
f 34/34 35/35 56/56
f 35/35 37/37 56/56
f 57/57 36/36 58/58
f 58/58 36/36 60/60
f 37/37 38/38 59/59
f 38/38 41/41 59/59
f 60/60 39/39 61/61
f 61/61 39/39 62/62
f 40/40 43/43 63/63
f 63/63 43/43 64/64
f 43/43 44/44 64/64
f 64/64 44/44 65/65
f 44/44 45/45 65/65
f 65/65 45/45 66/66
f 45/45 46/46 66/66
f 46/46 47/47 66/66
f 66/66 47/47 68/68
f 47/47 49/49 68/68
f 50/50 52/52 67/67
f 68/68 51/51 69/69
f 70/70 52/52 71/71
f 52/52 53/53 71/71
f 73/73 74/74 75/75
f 74/74 71/71 75/75
f 71/71 53/53 75/75
f 53/53 54/54 75/75
f 55/55 57/57 76/76
f 76/76 57/57 77/77
f 57/57 58/58 77/77
f 77/77 58/58 78/78
f 78/78 58/58 79/79
f 58/58 60/60 79/79
f 79/79 60/60 80/80
f 60/60 61/61 80/80
f 61/61 62/62 80/80
f 81/81 63/63 82/82
f 63/63 64/64 82/82
f 82/82 64/64 83/83
f 83/83 64/64 84/84
f 64/64 65/65 84/84
f 65/65 66/66 84/84
f 84/84 66/66 85/85
f 85/85 66/66 86/86
f 66/66 68/68 86/86
f 68/68 69/69 86/86
f 87/87 86/86 88/88
f 86/86 69/69 88/88
f 70/70 71/71 89/89
f 71/71 74/74 89/89
f 89/89 74/74 90/90
f 74/74 73/73 90/90
f 90/90 73/73 91/91
f 91/91 73/73 92/92
f 93/93 72/72 94/94
f 72/72 76/76 94/94
f 76/76 77/77 94/94
f 77/77 78/78 94/94
f 94/94 78/78 95/95
f 95/95 78/78 96/96
f 78/78 79/79 96/96
f 96/96 79/79 97/97
f 79/79 80/80 97/97
f 98/98 81/81 99/99
f 81/81 82/82 99/99
f 99/99 82/82 100/100
f 82/82 83/83 100/100
f 83/83 84/84 100/100
f 100/100 84/84 101/101
f 84/84 85/85 101/101
f 101/101 85/85 102/102
f 85/85 86/86 102/102
f 86/86 87/87 102/102
f 103/103 102/102 104/104
f 102/102 87/87 104/104
f 87/87 88/88 104/104
f 104/104 88/88 105/105
f 89/89 90/90 107/107
f 110/110 107/107 112/112
f 107/107 90/90 112/112
f 90/90 91/91 112/112
f 112/112 91/91 114/114
f 114/114 91/91 115/115
f 91/91 92/92 115/115
f 119/119 117/117 120/120
f 117/117 93/93 120/120
f 93/93 94/94 120/120
f 94/94 95/95 120/120
f 95/95 96/96 120/120
f 120/120 96/96 121/121
f 121/121 96/96 122/122
f 96/96 97/97 122/122
f 98/98 99/99 123/123
f 123/123 99/99 124/124
f 99/99 100/100 124/124
f 124/124 100/100 125/125
f 125/125 100/100 126/126
f 100/100 101/101 126/126
f 101/101 102/102 126/126
f 102/102 103/103 126/126
f 126/126 103/103 127/127
f 103/103 104/104 127/127
f 127/127 104/104 128/128
f 104/104 105/105 128/128
f 106/106 108/108 129/129
f 129/129 108/108 130/130
f 132/132 109/109 134/134
f 110/110 112/112 133/133
f 134/134 111/111 135/135
f 111/111 113/113 135/135
f 135/135 113/113 136/136
f 113/113 116/116 136/136
f 136/136 116/116 137/137
f 116/116 118/118 137/137
f 137/137 118/118 138/138
f 138/138 118/118 139/139
f 119/119 120/120 140/140
f 120/120 121/121 140/140
f 121/121 122/122 140/140
f 140/140 122/122 141/141
f 143/143 123/123 145/145
f 123/123 124/124 145/145
f 145/145 124/124 146/146
f 124/124 125/125 146/146
f 146/146 125/125 147/147
f 125/125 126/126 147/147
f 126/126 127/127 147/147
f 147/147 127/127 149/149
f 149/149 127/127 151/151
f 151/151 127/127 152/152
f 127/127 128/128 152/152
f 129/129 130/130 153/153
f 153/153 130/130 154/154
f 155/155 131/131 157/157
f 157/157 131/131 158/158
f 132/132 134/134 159/159
f 134/134 135/135 159/159
f 159/159 135/135 160/160
f 160/160 135/135 161/161
f 135/135 136/136 161/161
f 161/161 136/136 162/162
f 136/136 137/137 162/162
f 162/162 137/137 164/164
f 137/137 138/138 164/164
f 164/164 138/138 166/166
f 138/138 139/139 166/166
f 140/140 141/141 165/165
f 142/142 144/144 168/168
f 168/168 144/144 169/169
f 145/145 146/146 170/170
f 170/170 146/146 172/172
f 146/146 147/147 172/172
f 147/147 149/149 172/172
f 172/172 149/149 173/173
f 148/148 150/150 174/174
f 174/174 150/150 175/175
f 150/150 153/153 175/175
f 153/153 154/154 175/175
f 176/176 175/175 177/177
f 175/175 154/154 177/177
f 178/178 155/155 180/180
f 155/155 157/157 180/180
f 180/180 157/157 181/181
f 156/156 159/159 182/182
f 182/182 159/159 183/183
f 159/159 160/160 183/183
f 160/160 161/161 183/183
f 183/183 161/161 184/184
f 184/184 161/161 185/185
f 161/161 162/162 185/185
f 162/162 164/164 185/185
f 185/185 164/164 186/186
f 187/187 163/163 188/188
f 163/163 167/167 188/188
f 188/188 167/167 189/189
f 168/168 169/169 190/190
f 190/190 169/169 191/191
f 169/169 171/171 191/191
f 171/171 174/174 191/191
f 192/192 191/191 193/193
f 191/191 174/174 193/193
f 174/174 175/175 193/193
f 175/175 176/176 193/193
f 195/195 193/193 196/196
f 193/193 176/176 196/196
f 176/176 177/177 196/196
f 198/198 178/178 199/199
f 178/178 180/180 199/199
f 200/200 179/179 201/201
f 201/201 179/179 203/203
f 180/180 181/181 202/202
f 182/182 183/183 204/204
f 204/204 183/183 205/205
f 205/205 183/183 206/206
f 183/183 184/184 206/206
f 206/206 184/184 207/207
f 184/184 185/185 207/207
f 207/207 185/185 208/208
f 185/185 186/186 208/208
f 211/211 187/187 213/213
f 187/187 188/188 213/213
f 188/188 189/189 213/213
f 213/213 189/189 214/214
f 190/190 191/191 215/215
f 191/191 192/192 215/215
f 215/215 192/192 216/216
f 192/192 193/193 216/216
f 193/193 195/195 216/216
f 219/219 218/218 220/220
f 218/218 194/194 220/220
f 194/194 197/197 220/220
f 220/220 197/197 221/221
f 221/221 197/197 222/222
f 197/197 200/200 222/222
f 222/222 200/200 224/224
f 200/200 201/201 224/224
f 224/224 201/201 225/225
f 201/201 203/203 225/225
f 227/227 204/204 229/229
f 204/204 205/205 229/229
f 229/229 205/205 230/230
f 205/205 206/206 230/230
f 230/230 206/206 232/232
f 206/206 207/207 232/232
f 207/207 208/208 232/232
f 232/232 208/208 233/233
f 234/234 209/209 236/236
f 210/210 212/212 235/235
f 238/238 213/213 239/239
f 213/213 214/214 239/239
f 214/214 217/217 239/239
f 240/240 218/218 241/241
f 218/218 219/219 241/241
f 241/241 219/219 242/242
f 219/219 220/220 242/242
f 242/242 220/220 243/243
f 243/243 220/220 245/245
f 220/220 221/221 245/245
f 221/221 222/222 245/245
f 245/245 222/222 246/246
f 222/222 224/224 246/246
f 247/247 223/223 248/248
f 248/248 223/223 249/249
f 223/223 226/226 249/249
f 226/226 228/228 249/249
f 250/250 229/229 252/252
f 252/252 229/229 254/254
f 229/229 230/230 254/254
f 254/254 230/230 256/256
f 230/230 232/232 256/256
f 256/256 232/232 257/257
f 231/231 234/234 258/258
f 258/258 234/234 259/259
f 234/234 236/236 259/259
f 237/237 240/240 260/260
f 240/240 241/241 260/260
f 260/260 241/241 262/262
f 241/241 242/242 262/262
f 262/262 242/242 264/264
f 242/242 243/243 264/264
f 264/264 243/243 266/266
f 243/243 245/245 266/266
f 266/266 245/245 267/267
f 268/268 244/244 269/269
f 244/244 247/247 269/269
f 269/269 247/247 270/270
f 247/247 248/248 270/270
f 270/270 248/248 271/271
f 248/248 249/249 271/271
f 272/272 271/271 274/274
f 271/271 249/249 274/274
f 249/249 251/251 274/274
f 252/252 254/254 273/273
f 274/274 253/253 275/275
f 275/275 253/253 277/277
f 254/254 256/256 276/276
f 255/255 258/258 277/277
f 277/277 258/258 278/278
f 278/278 258/258 279/279
f 258/258 259/259 279/279
f 259/259 261/261 279/279
f 279/279 261/261 280/280
f 261/261 263/263 280/280
f 263/263 265/265 280/280
f 280/280 265/265 281/281
f 281/281 265/265 282/282
f 265/265 268/268 282/282
f 268/268 269/269 282/282
f 282/282 269/269 283/283
f 269/269 270/270 283/283
f 283/283 270/270 284/284
f 270/270 271/271 284/284
f 271/271 272/272 284/284
f 284/284 272/272 285/285
f 272/272 274/274 285/285
f 274/274 275/275 285/285
f 285/285 275/275 286/286
f 275/275 277/277 286/286
f 277/277 278/278 286/286
f 286/286 278/278 287/287
f 278/278 279/279 287/287
f 279/279 280/280 287/287
f 287/287 280/280 288/288
f 288/288 280/280 289/289
f 280/280 281/281 289/289
f 289/289 281/281 290/290
f 281/281 282/282 290/290
f 282/282 283/283 290/290
f 283/283 284/284 290/290
f 290/290 284/284 291/291
f 284/284 285/285 291/291
f 285/285 286/286 291/291
f 291/291 286/286 292/292
f 286/286 287/287 292/292
f 287/287 288/288 292/292
f 288/288 289/289 292/292
f 289/289 290/290 292/292
f 293/293 294/294 295/295
f 294/294 296/296 295/295
f 295/295 296/296 297/297
f 296/296 298/298 297/297
f 297/297 298/298 299/299
f 298/298 300/300 299/299
f 299/299 300/300 301/301
f 301/301 300/300 303/303
f 303/303 300/300 304/304
f 304/304 300/300 305/305
f 305/305 300/300 306/306
f 300/300 298/298 306/306
f 306/306 298/298 307/307
f 298/298 296/296 307/307
f 307/307 296/296 308/308
f 296/296 294/294 308/308
f 308/308 294/294 309/309
f 309/309 294/294 310/310
f 310/310 294/294 311/311
f 294/294 293/293 311/311
f 311/311 293/293 312/312
f 293/293 295/295 312/312
f 295/295 297/297 312/312
f 312/312 297/297 313/313
f 297/297 299/299 313/313
f 313/313 299/299 314/314
f 299/299 301/301 314/314
f 314/314 301/301 315/315
f 301/301 303/303 315/315
f 315/315 303/303 316/316
f 317/317 302/302 318/318
f 303/303 304/304 319/319
f 304/304 305/305 319/319
f 319/319 305/305 321/321
f 305/305 306/306 321/321
f 321/321 306/306 323/323
f 306/306 307/307 323/323
f 323/323 307/307 324/324
f 307/307 308/308 324/324
f 308/308 309/309 324/324
f 324/324 309/309 326/326
f 326/326 309/309 327/327
f 309/309 310/310 327/327
f 327/327 310/310 328/328
f 328/328 310/310 329/329
f 310/310 311/311 329/329
f 329/329 311/311 330/330
f 311/311 312/312 330/330
f 312/312 313/313 330/330
f 330/330 313/313 331/331
f 313/313 314/314 331/331
f 331/331 314/314 332/332
f 314/314 315/315 332/332
f 332/332 315/315 333/333
f 315/315 316/316 333/333
f 333/333 316/316 334/334
f 335/335 317/317 336/336
f 317/317 318/318 336/336
f 318/318 320/320 336/336
f 336/336 320/320 337/337
f 320/320 322/322 337/337
f 337/337 322/322 339/339
f 323/323 324/324 338/338
f 324/324 326/326 338/338
f 339/339 325/325 340/340
f 340/340 325/325 341/341
f 326/326 327/327 342/342
f 342/342 327/327 343/343
f 327/327 328/328 343/343
f 343/343 328/328 344/344
f 344/344 328/328 345/345
f 328/328 329/329 345/345
f 345/345 329/329 346/346
f 329/329 330/330 346/346
f 330/330 331/331 346/346
f 346/346 331/331 347/347
f 347/347 331/331 348/348
f 331/331 332/332 348/348
f 348/348 332/332 349/349
f 332/332 333/333 349/349
f 333/333 334/334 349/349
f 349/349 334/334 350/350
f 335/335 336/336 351/351
f 351/351 336/336 353/353
f 353/353 336/336 354/354
f 336/336 337/337 354/354
f 337/337 339/339 354/354
f 339/339 340/340 354/354
f 355/355 354/354 356/356
f 354/354 340/340 356/356
f 340/340 341/341 356/356
f 356/356 341/341 357/357
f 342/342 343/343 358/358
f 358/358 343/343 360/360
f 343/343 344/344 360/360
f 360/360 344/344 362/362
f 362/362 344/344 364/364
f 344/344 345/345 364/364
f 345/345 346/346 364/364
f 364/364 346/346 365/365
f 346/346 347/347 365/365
f 365/365 347/347 366/366
f 347/347 348/348 366/366
f 366/366 348/348 367/367
f 348/348 349/349 367/367
f 367/367 349/349 368/368
f 368/368 349/349 369/369
f 349/349 350/350 369/369
f 369/369 350/350 370/370
f 350/350 352/352 370/370
f 353/353 354/354 371/371
f 354/354 355/355 371/371
f 371/371 355/355 372/372
f 372/372 355/355 373/373
f 373/373 355/355 374/374
f 355/355 356/356 374/374
f 374/374 356/356 375/375
f 356/356 357/357 375/375
f 375/375 357/357 377/377
f 358/358 360/360 376/376
f 378/378 359/359 380/380
f 359/359 361/361 380/380
f 362/362 364/364 379/379
f 381/381 363/363 382/382
f 364/364 365/365 383/383
f 383/383 365/365 384/384
f 384/384 365/365 385/385
f 365/365 366/366 385/385
f 366/366 367/367 385/385
f 385/385 367/367 386/386
f 386/386 367/367 388/388
f 367/367 368/368 388/388
f 388/388 368/368 389/389
f 368/368 369/369 389/389
f 369/369 370/370 389/389
f 371/371 372/372 390/390
f 391/391 390/390 392/392
f 390/390 372/372 392/392
f 372/372 373/373 392/392
f 392/392 373/373 393/393
f 373/373 374/374 393/393
f 393/393 374/374 394/394
f 374/374 375/375 394/394
f 394/394 375/375 396/396
f 396/396 375/375 397/397
f 375/375 377/377 397/397
f 378/378 380/380 398/398
f 398/398 380/380 399/399
f 400/400 381/381 401/401
f 381/381 382/382 401/401
f 402/402 383/383 403/403
f 383/383 384/384 403/403
f 403/403 384/384 405/405
f 384/384 385/385 405/405
f 405/405 385/385 407/407
f 385/385 386/386 407/407
f 407/407 386/386 408/408
f 386/386 388/388 408/408
f 387/387 390/390 409/409
f 390/390 391/391 409/409
f 410/410 409/409 411/411
f 409/409 391/391 411/411
f 391/391 392/392 411/411
f 411/411 392/392 412/412
f 412/412 392/392 413/413
f 392/392 393/393 413/413
f 393/393 394/394 413/413
f 413/413 394/394 414/414
f 414/414 394/394 416/416
f 394/394 396/396 416/416
f 416/416 396/396 418/418
f 395/395 398/398 417/417
f 398/398 399/399 417/417
f 419/419 400/400 420/420
f 400/400 401/401 420/420
f 420/420 401/401 421/421
f 402/402 403/403 422/422
f 422/422 403/403 423/423
f 423/423 403/403 424/424
f 403/403 405/405 424/424
f 404/404 406/406 425/425
f 425/425 406/406 426/426
f 406/406 409/409 426/426
f 409/409 410/410 426/426
f 428/428 426/426 430/430
f 426/426 410/410 430/430
f 410/410 411/411 430/430
f 411/411 433/433 430/430
f 434/434 431/431 435/435
f 429/429 432/432 436/436
f 436/436 432/432 437/437
f 437/437 432/432 438/438
f 433/433 411/411 439/439
f 411/411 412/412 439/439
f 439/439 412/412 441/441
f 412/412 413/413 441/441
f 413/413 414/414 441/441
f 441/441 414/414 443/443
f 443/443 414/414 445/445
f 414/414 416/416 445/445
f 445/445 416/416 446/446
f 415/415 419/419 448/448
f 419/419 420/420 448/448
f 448/448 420/420 450/450
f 450/450 420/420 451/451
f 420/420 421/421 451/451
f 453/453 422/422 455/455
f 422/422 423/423 455/455
f 423/423 424/424 455/455
f 455/455 424/424 457/457
f 425/425 426/426 456/456
f 426/426 428/428 456/456
f 458/458 427/427 459/459
f 459/459 427/427 460/460
f 427/427 431/431 460/460
f 431/431 434/434 460/460
f 460/460 434/434 461/461
f 434/434 435/435 461/461
f 463/463 461/461 464/464
f 461/461 435/435 464/464
f 466/466 436/436 467/467
f 436/436 437/437 467/467
f 467/467 437/437 468/468
f 437/437 438/438 468/468
f 438/438 440/440 468/468
f 468/468 440/440 469/469
f 440/440 442/442 469/469
f 442/442 444/444 469/469
f 469/469 444/444 470/470
f 470/470 444/444 471/471
f 444/444 447/447 471/471
f 471/471 447/447 472/472
f 447/447 449/449 472/472
f 472/472 449/449 473/473
f 449/449 452/452 473/473
f 473/473 452/452 474/474
f 452/452 454/454 474/474
f 454/454 458/458 474/474
f 458/458 459/459 474/474
f 474/474 459/459 475/475
f 459/459 460/460 475/475
f 475/475 460/460 476/476
f 460/460 461/461 476/476
f 476/476 461/461 477/477
f 461/461 463/463 477/477
f 480/480 478/478 482/482
f 478/478 462/462 482/482
f 482/482 462/462 484/484
f 484/484 462/462 485/485
f 462/462 465/465 485/485
f 466/466 467/467 486/486
f 486/486 467/467 489/489
f 489/489 467/467 490/490
f 467/467 468/468 490/490
f 468/468 469/469 490/490
f 490/490 469/469 491/491
f 491/491 469/469 492/492
f 469/469 470/470 492/492
f 470/470 471/471 492/492
f 492/492 471/471 493/493
f 493/493 471/471 494/494
f 471/471 472/472 494/494
f 472/472 473/473 494/494
f 494/494 473/473 495/495
f 495/495 473/473 496/496
f 473/473 474/474 496/496
f 474/474 475/475 496/496
f 496/496 475/475 497/497
f 497/497 475/475 498/498
f 475/475 476/476 498/498
f 476/476 477/477 498/498
f 500/500 478/478 501/501
f 478/478 480/480 501/501
f 503/503 502/502 504/504
f 502/502 479/479 504/504
f 479/479 481/481 504/504
f 481/481 505/505 504/504
f 507/507 504/504 509/509
f 504/504 505/505 509/509
f 509/509 505/505 511/511
f 511/511 505/505 512/512
f 505/505 481/481 512/512
f 481/481 483/483 512/512
f 512/512 483/483 514/514
f 484/484 485/485 513/513
f 485/485 487/487 513/513
f 514/514 488/488 515/515
f 489/489 490/490 516/516
f 490/490 491/491 516/516
f 516/516 491/491 517/517
f 491/491 492/492 517/517
f 517/517 492/492 518/518
f 492/492 493/493 518/518
f 518/518 493/493 519/519
f 493/493 494/494 519/519
f 519/519 494/494 520/520
f 494/494 495/495 520/520
f 495/495 496/496 520/520
f 520/520 496/496 521/521
f 496/496 497/497 521/521
f 521/521 497/497 522/522
f 497/497 498/498 522/522
f 499/499 502/502 523/523
f 502/502 503/503 523/523
f 523/523 503/503 524/524
f 524/524 503/503 525/525
f 503/503 504/504 525/525
f 504/504 507/507 525/525
f 526/526 506/506 527/527
f 529/529 530/530 531/531
f 532/532 531/531 533/533
f 531/531 530/530 533/533
f 530/530 534/534 533/533
f 534/534 527/527 533/533
f 533/533 527/527 535/535
f 527/527 506/506 535/535
f 506/506 508/508 535/535
f 508/508 510/510 535/535
f 535/535 510/510 536/536
f 536/536 510/510 537/537
f 511/511 512/512 538/538
f 538/538 512/512 539/539
f 512/512 514/514 539/539
f 539/539 514/514 540/540
f 514/514 515/515 540/540
f 541/541 516/516 543/543
f 516/516 517/517 543/543
f 517/517 518/518 543/543
f 543/543 518/518 544/544
f 518/518 519/519 544/544
f 544/544 519/519 545/545
f 545/545 519/519 546/546
f 519/519 520/520 546/546
f 520/520 521/521 546/546
f 546/546 521/521 547/547
f 521/521 522/522 547/547
f 523/523 524/524 548/548
f 548/548 524/524 549/549
f 549/549 524/524 550/550
f 524/524 525/525 550/550
f 553/553 551/551 554/554
f 551/551 526/526 554/554
f 526/526 527/527 554/554
f 554/554 527/527 555/555
f 527/527 534/534 555/555
f 534/534 530/530 555/555
f 555/555 530/530 557/557
f 557/557 530/530 558/558
f 530/530 529/529 558/558
f 559/559 528/528 560/560
f 560/560 528/528 561/561
f 529/529 531/531 562/562
f 562/562 531/531 564/564
f 531/531 532/532 564/564
f 564/564 532/532 565/565
f 532/532 533/533 565/565
f 533/533 535/535 565/565
f 535/535 536/536 565/565
f 565/565 536/536 566/566
f 536/536 537/537 566/566
f 566/566 537/537 567/567
f 538/538 539/539 568/568
f 568/568 539/539 569/569
f 539/539 540/540 569/569
f 540/540 542/542 569/569
f 569/569 542/542 570/570
f 570/570 542/542 571/571
f 543/543 544/544 572/572
f 544/544 545/545 572/572
f 572/572 545/545 574/574
f 574/574 545/545 575/575
f 545/545 546/546 575/575
f 546/546 547/547 575/575
f 548/548 549/549 577/577
f 577/577 549/549 578/578
f 549/549 550/550 578/578
f 550/550 552/552 578/578
f 579/579 553/553 582/582
f 582/582 553/553 583/583
f 553/553 554/554 583/583
f 554/554 555/555 583/583
f 585/585 584/584 587/587
f 583/583 555/555 586/586
f 555/555 557/557 586/586
f 556/556 559/559 587/587
f 559/559 560/560 587/587
f 587/587 560/560 588/588
f 588/588 560/560 589/589
f 560/560 561/561 589/589
f 561/561 563/563 589/589
f 590/590 564/564 592/592
f 564/564 565/565 592/592
f 565/565 566/566 592/592
f 592/592 566/566 593/593
f 566/566 567/567 593/593
f 593/593 567/567 594/594
f 568/568 569/569 595/595
f 569/569 570/570 595/595
f 595/595 570/570 598/598
f 570/570 571/571 598/598
f 598/598 571/571 599/599
f 571/571 573/573 599/599
f 599/599 573/573 600/600
f 573/573 576/576 600/600
f 577/577 578/578 602/602
f 602/602 578/578 603/603
f 578/578 580/580 603/603
f 606/606 605/605 607/607
f 605/605 581/581 607/607
f 581/581 584/584 607/607
f 607/607 584/584 608/608
f 584/584 585/585 608/608
f 608/608 585/585 609/609
f 609/609 585/585 610/610
f 585/585 587/587 610/610
f 587/587 588/588 610/610
f 610/610 588/588 611/611
f 611/611 588/588 612/612
f 588/588 589/589 612/612
f 589/589 591/591 612/612
f 592/592 593/593 613/613
f 613/613 593/593 615/615
f 593/593 594/594 615/615
f 595/595 598/598 614/614
f 617/617 596/596 618/618
f 619/619 597/597 622/622
f 598/598 599/599 621/621
f 599/599 600/600 621/621
f 601/601 604/604 620/620
f 605/605 606/606 622/622
f 622/622 606/606 623/623
f 623/623 606/606 624/624
f 606/606 607/607 624/624
f 607/607 608/608 624/624
f 608/608 609/609 624/624
f 624/624 609/609 625/625
f 609/609 610/610 625/625
f 625/625 610/610 626/626
f 610/610 611/611 626/626
f 626/626 611/611 627/627
f 611/611 612/612 627/627
f 612/612 616/616 627/627
f 627/627 616/616 628/628
f 616/616 619/619 628/628
f 619/619 622/622 628/628
f 622/622 623/623 628/628
f 628/628 623/623 629/629
f 623/623 624/624 629/629
f 624/624 625/625 629/629
f 625/625 626/626 629/629
f 629/629 626/626 630/630
f 626/626 627/627 630/630
f 627/627 628/628 630/630
f 631/631 632/632 633/633
f 632/632 634/634 633/633
f 633/633 634/634 635/635
f 634/634 632/632 635/635
f 635/635 632/632 636/636
f 636/636 632/632 637/637
f 632/632 631/631 637/637
f 631/631 638/638 637/637
f 637/637 638/638 639/639
f 638/638 640/640 639/639
f 639/639 640/640 642/642
f 642/642 640/640 644/644
f 644/644 640/640 645/645
f 645/645 640/640 647/647
f 647/647 640/640 648/648
f 640/640 638/638 648/648
f 648/648 638/638 649/649
f 638/638 631/631 649/649
f 649/649 631/631 650/650
f 631/631 633/633 650/650
f 650/650 633/633 651/651
f 651/651 633/633 652/652
f 633/633 635/635 652/652
f 652/652 635/635 653/653
f 653/653 635/635 654/654
f 635/635 636/636 654/654
f 654/654 636/636 656/656
f 636/636 637/637 656/656
f 637/637 639/639 656/656
f 656/656 639/639 657/657
f 639/639 642/642 657/657
f 658/658 641/641 660/660
f 642/642 644/644 659/659
f 660/660 643/643 661/661
f 661/661 643/643 663/663
f 644/644 645/645 662/662
f 645/645 647/647 662/662
f 663/663 646/646 664/664
f 647/647 648/648 665/665
f 665/665 648/648 667/667
f 648/648 649/649 667/667
f 667/667 649/649 668/668
f 649/649 650/650 668/668
f 650/650 651/651 668/668
f 668/668 651/651 670/670
f 670/670 651/651 671/671
f 651/651 652/652 671/671
f 671/671 652/652 672/672
f 652/652 653/653 672/672
f 672/672 653/653 673/673
f 673/673 653/653 675/675
f 653/653 654/654 675/675
f 675/675 654/654 676/676
f 654/654 656/656 676/676
f 655/655 658/658 677/677
f 677/677 658/658 678/678
f 658/658 660/660 678/678
f 678/678 660/660 679/679
f 660/660 661/661 679/679
f 679/679 661/661 680/680
f 680/680 661/661 681/681
f 661/661 663/663 681/681
f 663/663 664/664 681/681
f 681/681 664/664 682/682
f 664/664 666/666 682/682
f 682/682 666/666 684/684
f 667/667 668/668 683/683
f 668/668 670/670 683/683
f 684/684 669/669 685/685
f 686/686 670/670 688/688
f 670/670 671/671 688/688
f 688/688 671/671 689/689
f 671/671 672/672 689/689
f 689/689 672/672 690/690
f 672/672 673/673 690/690
f 691/691 690/690 692/692
f 690/690 673/673 692/692
f 673/673 675/675 692/692
f 692/692 675/675 693/693
f 695/695 674/674 696/696
f 674/674 677/677 696/696
f 696/696 677/677 697/697
f 677/677 678/678 697/697
f 697/697 678/678 698/698
f 678/678 679/679 698/698
f 679/679 680/680 698/698
f 698/698 680/680 699/699
f 680/680 681/681 699/699
f 699/699 681/681 700/700
f 700/700 681/681 701/701
f 681/681 682/682 701/701
f 682/682 684/684 701/701
f 684/684 685/685 701/701
f 701/701 685/685 702/702
f 685/685 687/687 702/702
f 702/702 687/687 703/703
f 688/688 689/689 705/705
f 705/705 689/689 706/706
f 689/689 690/690 706/706
f 690/690 691/691 706/706
f 706/706 691/691 707/707
f 691/691 692/692 707/707
f 707/707 692/692 708/708
f 692/692 693/693 708/708
f 709/709 694/694 710/710
f 711/711 695/695 712/712
f 695/695 696/696 712/712
f 696/696 697/697 712/712
f 712/712 697/697 713/713
f 697/697 698/698 713/713
f 713/713 698/698 714/714
f 714/714 698/698 715/715
f 698/698 699/699 715/715
f 715/715 699/699 716/716
f 699/699 700/700 716/716
f 700/700 701/701 716/716
f 716/716 701/701 717/717
f 701/701 702/702 717/717
f 717/717 702/702 719/719
f 702/702 703/703 719/719
f 719/719 703/703 720/720
f 723/723 704/704 724/724
f 705/705 706/706 725/725
f 706/706 707/707 725/725
f 725/725 707/707 727/727
f 707/707 708/708 727/727
f 727/727 708/708 728/728
f 729/729 709/709 730/730
f 709/709 710/710 730/730
f 730/730 710/710 731/731
f 731/731 710/710 732/732
f 711/711 712/712 733/733
f 712/712 713/713 733/733
f 733/733 713/713 734/734
f 734/734 713/713 735/735
f 713/713 714/714 735/735
f 735/735 714/714 736/736
f 714/714 715/715 736/736
f 715/715 716/716 736/736
f 736/736 716/716 737/737
f 716/716 717/717 737/737
f 737/737 717/717 739/739
f 717/717 719/719 739/739
f 739/739 719/719 740/740
f 741/741 718/718 742/742
f 718/718 721/721 742/742
f 742/742 721/721 743/743
f 722/722 725/725 744/744
f 725/725 727/727 744/744
f 744/744 727/727 745/745
f 746/746 726/726 748/748
f 727/727 728/728 747/747
f 748/748 729/729 749/749
f 729/729 730/730 749/749
f 749/749 730/730 750/750
f 730/730 731/731 750/750
f 750/750 731/731 751/751
f 731/731 732/732 751/751
f 733/733 734/734 752/752
f 752/752 734/734 754/754
f 734/734 735/735 754/754
f 735/735 736/736 754/754
f 754/754 736/736 756/756
f 756/756 736/736 758/758
f 736/736 737/737 758/758
f 758/758 737/737 759/759
f 737/737 739/739 759/759
f 738/738 741/741 760/760
f 760/760 741/741 761/761
f 741/741 742/742 761/761
f 761/761 742/742 762/762
f 742/742 743/743 762/762
f 762/762 743/743 764/764
f 744/744 745/745 763/763
f 764/764 746/746 765/765
f 746/746 748/748 765/765
f 765/765 748/748 766/766
f 766/766 748/748 767/767
f 748/748 749/749 767/767
f 767/767 749/749 768/768
f 749/749 750/750 768/768
f 768/768 750/750 769/769
f 750/750 751/751 769/769
f 751/751 753/753 769/769
f 769/769 753/753 770/770
f 770/770 753/753 772/772
f 753/753 755/755 772/772
f 756/756 758/758 771/771
f 773/773 757/757 774/774
f 774/774 757/757 775/775
f 757/757 760/760 775/775
f 760/760 761/761 775/775
f 776/776 775/775 777/777
f 775/775 761/761 777/777
f 777/777 761/761 778/778
f 761/761 762/762 778/778
f 778/778 762/762 779/779
f 762/762 764/764 779/779
f 764/764 765/765 779/779
f 779/779 765/765 780/780
f 780/780 765/765 781/781
f 765/765 766/766 781/781
f 766/766 767/767 781/781
f 781/781 767/767 782/782
f 767/767 768/768 782/782
f 782/782 768/768 783/783
f 783/783 768/768 784/784
f 768/768 769/769 784/784
f 784/784 769/769 785/785
f 769/769 770/770 785/785
f 770/770 772/772 785/785
f 785/785 772/772 786/786
f 786/786 772/772 787/787
f 773/773 774/774 788/788
f 774/774 775/775 788/788
f 775/775 776/776 788/788
f 789/789 788/788 790/790
f 788/788 776/776 790/790
f 790/790 776/776 791/791
f 776/776 777/777 791/791
f 777/777 778/778 791/791
f 791/791 778/778 792/792
f 778/778 779/779 792/792
f 792/792 779/779 793/793
f 779/779 780/780 793/793
f 794/794 793/793 795/795
f 793/793 780/780 795/795
f 780/780 781/781 795/795
f 795/795 781/781 796/796
f 796/796 781/781 797/797
f 781/781 782/782 797/797
f 797/797 782/782 798/798
f 782/782 783/783 798/798
f 798/798 783/783 799/799
f 783/783 784/784 799/799
f 784/784 785/785 799/799
f 799/799 785/785 800/800
f 785/785 786/786 800/800
f 800/800 786/786 801/801
f 786/786 787/787 801/801
f 788/788 789/789 802/802
f 802/802 789/789 803/803
f 789/789 790/790 803/803
f 803/803 790/790 804/804
f 804/804 790/790 805/805
f 790/790 791/791 805/805
f 791/791 792/792 805/805
f 805/805 792/792 806/806
f 792/792 793/793 806/806
f 793/793 794/794 806/806
f 807/807 806/806 808/808
f 806/806 794/794 808/808
f 808/808 794/794 809/809
f 794/794 795/795 809/809
f 809/809 795/795 810/810
f 795/795 796/796 810/810
f 810/810 796/796 811/811
f 796/796 797/797 811/811
f 811/811 797/797 812/812
f 797/797 798/798 812/812
f 812/812 798/798 813/813
f 798/798 799/799 813/813
f 799/799 800/800 813/813
f 813/813 800/800 814/814
f 800/800 801/801 814/814
f 814/814 801/801 815/815
f 802/802 803/803 816/816
f 816/816 803/803 817/817
f 817/817 803/803 818/818
f 803/803 804/804 818/818
f 818/818 804/804 819/819
f 804/804 805/805 819/819
f 805/805 806/806 819/819
f 806/806 807/807 819/819
f 819/819 807/807 820/820
f 820/820 807/807 821/821
f 807/807 808/808 821/821
f 808/808 823/823 821/821
f 821/821 823/823 825/825
f 827/827 829/829 830/830
f 828/828 833/833 831/831
f 833/833 834/834 831/831
f 831/831 834/834 835/835
f 834/834 836/836 835/835
f 835/835 836/836 837/837
f 837/837 836/836 838/838
f 836/836 826/826 838/838
f 824/824 822/822 839/839
f 839/839 822/822 840/840
f 823/823 808/808 841/841
f 808/808 809/809 841/841
f 809/809 810/810 841/841
f 841/841 810/810 843/843
f 843/843 810/810 844/844
f 810/810 811/811 844/844
f 844/844 811/811 845/845
f 811/811 812/812 845/845
f 845/845 812/812 846/846
f 812/812 813/813 846/846
f 846/846 813/813 847/847
f 813/813 814/814 847/847
f 847/847 814/814 848/848
f 814/814 815/815 848/848
f 816/816 817/817 850/850
f 850/850 817/817 852/852
f 852/852 817/817 853/853
f 817/817 818/818 853/853
f 818/818 819/819 853/853
f 819/819 820/820 853/853
f 853/853 820/820 854/854
f 820/820 821/821 854/854
f 854/854 821/821 855/855
f 821/821 825/825 855/855
f 856/856 826/826 858/858
f 826/826 836/836 858/858
f 836/836 834/834 858/858
f 858/858 834/834 860/860
f 834/834 833/833 860/860
f 860/860 833/833 861/861
f 832/832 829/829 862/862
f 862/862 829/829 863/863
f 863/863 829/829 864/864
f 829/829 827/827 864/864
f 864/864 827/827 865/865
f 866/866 865/865 867/867
f 865/865 827/827 867/867
f 827/827 830/830 867/867
f 868/868 831/831 869/869
f 831/831 835/835 869/869
f 869/869 835/835 870/870
f 835/835 837/837 870/870
f 870/870 837/837 871/871
f 871/871 837/837 873/873
f 837/837 838/838 873/873
f 839/839 840/840 872/872
f 840/840 842/842 872/872
f 843/843 844/844 874/874
f 874/874 844/844 876/876
f 876/876 844/844 877/877
f 844/844 845/845 877/877
f 877/877 845/845 878/878
f 845/845 846/846 878/878
f 878/878 846/846 879/879
f 846/846 847/847 879/879
f 847/847 848/848 879/879
f 880/880 849/849 881/881
f 849/849 851/851 881/881
f 881/881 851/851 882/882
f 852/852 853/853 883/883
f 883/883 853/853 885/885
f 853/853 854/854 885/885
f 885/885 854/854 887/887
f 887/887 854/854 889/889
f 854/854 855/855 889/889
f 855/855 857/857 889/889
f 889/889 857/857 891/891
f 858/858 860/860 890/890
f 893/893 859/859 894/894
f 859/859 862/862 894/894
f 894/894 862/862 895/895
f 862/862 863/863 895/895
f 895/895 863/863 896/896
f 896/896 863/863 897/897
f 863/863 864/864 897/897
f 864/864 865/865 897/897
f 897/897 865/865 898/898
f 865/865 866/866 898/898
f 866/866 867/867 898/898
f 898/898 867/867 899/899
f 899/899 867/867 900/900
f 868/868 869/869 901/901
f 869/869 870/870 901/901
f 901/901 870/870 902/902
f 902/902 870/870 903/903
f 870/870 871/871 903/903
f 871/871 873/873 903/903
f 873/873 875/875 903/903
f 904/904 876/876 905/905
f 876/876 877/877 905/905
f 905/905 877/877 907/907
f 877/877 878/878 907/907
f 907/907 878/878 908/908
f 878/878 879/879 908/908
f 880/880 881/881 909/909
f 909/909 881/881 910/910
f 881/881 882/882 910/910
f 910/910 882/882 911/911
f 882/882 884/884 911/911
f 884/884 886/886 911/911
f 911/911 886/886 912/912
f 886/886 888/888 912/912
f 888/888 892/892 912/912
f 912/912 892/892 913/913
f 893/893 894/894 914/914
f 914/914 894/894 915/915
f 894/894 895/895 915/915
f 916/916 915/915 917/917
f 915/915 895/895 917/917
f 895/895 896/896 917/917
f 917/917 896/896 918/918
f 918/918 896/896 919/919
f 896/896 897/897 919/919
f 897/897 898/898 919/919
f 919/919 898/898 920/920
f 898/898 899/899 920/920
f 920/920 899/899 922/922
f 899/899 900/900 922/922
f 922/922 900/900 924/924
f 901/901 902/902 923/923
f 902/902 903/903 923/923
f 904/904 905/905 926/926
f 926/926 905/905 927/927
f 905/905 907/907 927/927
f 928/928 906/906 929/929
f 906/906 909/909 929/929
f 909/909 910/910 929/929
f 929/929 910/910 930/930
f 910/910 911/911 930/930
f 930/930 911/911 931/931
f 911/911 912/912 931/931
f 931/931 912/912 932/932
f 912/912 913/913 932/932
f 932/932 913/913 933/933
f 914/914 915/915 934/934
f 915/915 916/916 934/934
f 934/934 916/916 935/935
f 916/916 917/917 935/935
f 917/917 918/918 935/935
f 935/935 918/918 936/936
f 918/918 919/919 936/936
f 919/919 920/920 936/936
f 936/936 920/920 937/937
f 920/920 922/922 937/937
f 938/938 921/921 939/939
f 921/921 925/925 939/939
f 925/925 928/928 939/939
f 939/939 928/928 940/940
f 928/928 929/929 940/940
f 940/940 929/929 941/941
f 929/929 930/930 941/941
f 930/930 931/931 941/941
f 941/941 931/931 942/942
f 931/931 932/932 942/942
f 932/932 933/933 942/942
f 942/942 933/933 943/943
f 934/934 935/935 944/944
f 944/944 935/935 945/945
f 935/935 936/936 945/945
f 936/936 937/937 945/945
f 946/946 938/938 947/947
f 938/938 939/939 947/947
f 939/939 940/940 947/947
f 940/940 941/941 947/947
f 941/941 942/942 947/947
f 942/942 943/943 947/947
f 948/948 949/949 950/950
f 951/951 950/950 952/952
f 950/950 949/949 952/952
f 953/953 954/954 955/955
f 954/954 952/952 955/955
f 952/952 949/949 955/955
f 949/949 948/948 955/955
f 948/948 956/956 955/955
f 955/955 956/956 957/957
f 957/957 956/956 959/959
f 959/959 956/956 961/961
f 956/956 948/948 961/961
f 961/961 948/948 962/962
f 948/948 950/950 962/962
f 962/962 950/950 963/963
f 950/950 951/951 963/963
f 963/963 951/951 964/964
f 951/951 952/952 964/964
f 964/964 952/952 965/965
f 952/952 954/954 965/965
f 965/965 954/954 966/966
f 954/954 953/953 966/966
f 966/966 953/953 967/967
f 953/953 955/955 967/967
f 967/967 955/955 968/968
f 955/955 957/957 968/968
f 957/957 959/959 968/968
f 968/968 959/959 971/971
f 971/971 959/959 972/972
f 958/958 960/960 973/973
f 973/973 960/960 974/974
f 961/961 962/962 975/975
f 975/975 962/962 976/976
f 962/962 963/963 976/976
f 976/976 963/963 977/977
f 963/963 964/964 977/977
f 977/977 964/964 978/978
f 964/964 965/965 978/978
f 978/978 965/965 979/979
f 965/965 966/966 979/979
f 979/979 966/966 980/980
f 966/966 967/967 980/980
f 980/980 967/967 981/981
f 967/967 968/968 981/981
f 968/968 971/971 981/981
f 981/981 971/971 982/982
f 983/983 969/969 984/984
f 970/970 973/973 985/985
f 985/985 973/973 986/986
f 973/973 974/974 986/986
f 987/987 975/975 988/988
f 975/975 976/976 988/988
f 988/988 976/976 989/989
f 976/976 977/977 989/989
f 989/989 977/977 990/990
f 977/977 978/978 990/990
f 990/990 978/978 992/992
f 978/978 979/979 992/992
f 992/992 979/979 994/994
f 979/979 980/980 994/994
f 994/994 980/980 995/995
f 980/980 981/981 995/995
f 981/981 982/982 995/995
f 996/996 983/983 997/997
f 997/997 983/983 998/998
f 983/983 984/984 998/998
f 1001/1001 985/985 1002/1002
f 985/985 986/986 1002/1002
f 1003/1003 987/987 1004/1004
f 987/987 988/988 1004/1004
f 1004/1004 988/988 1005/1005
f 988/988 989/989 1005/1005
f 1005/1005 989/989 1006/1006
f 989/989 990/990 1006/1006
f 1006/1006 990/990 1007/1007
f 990/990 992/992 1007/1007
f 1008/1008 991/991 1009/1009
f 991/991 993/993 1009/1009
f 1009/1009 993/993 1010/1010
f 993/993 996/996 1010/1010
f 996/996 997/997 1010/1010
f 1010/1010 997/997 1011/1011
f 1011/1011 997/997 1012/1012
f 997/997 998/998 1012/1012
f 1013/1013 999/999 1014/1014
f 1000/1000 1003/1003 1015/1015
f 1015/1015 1003/1003 1016/1016
f 1003/1003 1004/1004 1016/1016
f 1016/1016 1004/1004 1017/1017
f 1004/1004 1005/1005 1017/1017
f 1017/1017 1005/1005 1019/1019
f 1005/1005 1006/1006 1019/1019
f 1019/1019 1006/1006 1020/1020
f 1006/1006 1007/1007 1020/1020
f 1021/1021 1008/1008 1022/1022
f 1008/1008 1009/1009 1022/1022
f 1022/1022 1009/1009 1023/1023
f 1009/1009 1010/1010 1023/1023
f 1010/1010 1011/1011 1023/1023
f 1023/1023 1011/1011 1024/1024
f 1029/1029 1025/1025 1031/1031
f 1024/1024 1011/1011 1030/1030
f 1011/1011 1012/1012 1030/1030
f 1031/1031 1013/1013 1032/1032
f 1013/1013 1014/1014 1032/1032
f 1033/1033 1015/1015 1034/1034
f 1015/1015 1016/1016 1034/1034
f 1034/1034 1016/1016 1036/1036
f 1016/1016 1017/1017 1036/1036
f 1036/1036 1017/1017 1037/1037
f 1017/1017 1019/1019 1037/1037
f 1039/1039 1018/1018 1040/1040
f 1018/1018 1021/1021 1040/1040
f 1040/1040 1021/1021 1041/1041
f 1021/1021 1022/1022 1041/1041
f 1041/1041 1022/1022 1042/1042
f 1022/1022 1023/1023 1042/1042
f 1023/1023 1024/1024 1042/1042
f 1042/1042 1024/1024 1043/1043
f 1024/1024 1026/1026 1043/1043
f 1046/1046 1027/1027 1047/1047
f 1049/1049 1028/1028 1050/1050
f 1052/1052 1029/1029 1053/1053
f 1029/1029 1031/1031 1053/1053
f 1031/1031 1032/1032 1053/1053
f 1055/1055 1033/1033 1057/1057
f 1033/1033 1034/1034 1057/1057
f 1057/1057 1034/1034 1058/1058
f 1034/1034 1036/1036 1058/1058
f 1059/1059 1035/1035 1061/1061
f 1036/1036 1037/1037 1060/1060
f 1061/1061 1038/1038 1062/1062
f 1039/1039 1040/1040 1063/1063
f 1063/1063 1040/1040 1066/1066
f 1040/1040 1041/1041 1066/1066
f 1066/1066 1041/1041 1067/1067
f 1041/1041 1042/1042 1067/1067
f 1042/1042 1043/1043 1067/1067
f 1069/1069 1044/1044 1070/1070
f 1045/1045 1048/1048 1072/1072
f 1072/1072 1048/1048 1073/1073
f 1073/1073 1048/1048 1074/1074
f 1048/1048 1051/1051 1074/1074
f 1074/1074 1051/1051 1076/1076
f 1076/1076 1051/1051 1078/1078
f 1052/1052 1053/1053 1077/1077
f 1054/1054 1056/1056 1080/1080
f 1080/1080 1056/1056 1082/1082
f 1056/1056 1059/1059 1082/1082
f 1082/1082 1059/1059 1084/1084
f 1059/1059 1061/1061 1084/1084
f 1084/1084 1061/1061 1087/1087
f 1061/1061 1062/1062 1087/1087
f 1087/1087 1062/1062 1088/1088
f 1062/1062 1064/1064 1088/1088
f 1089/1089 1065/1065 1090/1090
f 1065/1065 1068/1068 1090/1090
f 1068/1068 1071/1071 1090/1090
f 1090/1090 1071/1071 1091/1091
f 1072/1072 1073/1073 1093/1093
f 1093/1093 1073/1073 1095/1095
f 1095/1095 1073/1073 1096/1096
f 1073/1073 1074/1074 1096/1096
f 1096/1096 1074/1074 1097/1097
f 1074/1074 1076/1076 1097/1097
f 1099/1099 1098/1098 1100/1100
f 1098/1098 1075/1075 1100/1100
f 1100/1100 1075/1075 1101/1101
f 1075/1075 1079/1079 1101/1101
f 1079/1079 1081/1081 1101/1101
f 1101/1101 1081/1081 1102/1102
f 1081/1081 1083/1083 1102/1102
f 1102/1102 1083/1083 1104/1104
f 1083/1083 1085/1085 1104/1104
f 1104/1104 1085/1085 1105/1105
f 1086/1086 1089/1089 1106/1106
f 1106/1106 1089/1089 1107/1107
f 1089/1089 1090/1090 1107/1107
f 1090/1090 1091/1091 1107/1107
f 1108/1108 1092/1092 1110/1110
f 1092/1092 1094/1094 1110/1110
f 1095/1095 1114/1114 1109/1109
f 1112/1112 1113/1113 1115/1115
f 1118/1118 1117/1117 1119/1119
f 1117/1117 1114/1114 1119/1119
f 1119/1119 1114/1114 1120/1120
f 1114/1114 1095/1095 1120/1120
f 1095/1095 1096/1096 1120/1120
f 1120/1120 1096/1096 1121/1121
f 1096/1096 1097/1097 1121/1121
f 1098/1098 1099/1099 1122/1122
f 1124/1124 1122/1122 1125/1125
f 1122/1122 1099/1099 1125/1125
f 1125/1125 1099/1099 1126/1126
f 1126/1126 1099/1099 1127/1127
f 1099/1099 1100/1100 1127/1127
f 1100/1100 1101/1101 1127/1127
f 1101/1101 1102/1102 1127/1127
f 1127/1127 1102/1102 1128/1128
f 1102/1102 1104/1104 1128/1128
f 1129/1129 1103/1103 1130/1130
f 1103/1103 1106/1106 1130/1130
f 1130/1130 1106/1106 1131/1131
f 1106/1106 1107/1107 1131/1131
f 1107/1107 1111/1111 1131/1131
f 1131/1131 1111/1111 1133/1133
f 1112/1112 1115/1115 1132/1132
f 1133/1133 1116/1116 1134/1134
f 1134/1134 1116/1116 1135/1135
f 1137/1137 1117/1117 1139/1139
f 1117/1117 1118/1118 1139/1139
f 1118/1118 1119/1119 1139/1139
f 1119/1119 1120/1120 1139/1139
f 1120/1120 1121/1121 1139/1139
f 1121/1121 1123/1123 1139/1139
f 1139/1139 1123/1123 1140/1140
f 1124/1124 1125/1125 1141/1141
f 1141/1141 1125/1125 1142/1142
f 1142/1142 1125/1125 1143/1143
f 1143/1143 1125/1125 1144/1144
f 1125/1125 1126/1126 1144/1144
f 1144/1144 1126/1126 1145/1145
f 1126/1126 1127/1127 1145/1145
f 1127/1127 1128/1128 1145/1145
f 1146/1146 1129/1129 1147/1147
f 1129/1129 1130/1130 1147/1147
f 1130/1130 1131/1131 1147/1147
f 1131/1131 1133/1133 1147/1147
f 1133/1133 1134/1134 1147/1147
f 1147/1147 1134/1134 1148/1148
f 1134/1134 1135/1135 1148/1148
f 1136/1136 1138/1138 1149/1149
f 1138/1138 1141/1141 1149/1149
f 1141/1141 1142/1142 1149/1149
f 1142/1142 1143/1143 1149/1149
f 1149/1149 1143/1143 1150/1150
f 1143/1143 1144/1144 1150/1150
f 1150/1150 1144/1144 1151/1151
f 1144/1144 1145/1145 1151/1151
f 1146/1146 1147/1147 1152/1152
f 1147/1147 1148/1148 1152/1152
f 1153/1153 1155/1155 1156/1156
f 1155/1155 1158/1158 1156/1156
f 1156/1156 1158/1158 1159/1159
f 1158/1158 1161/1161 1159/1159
f 1159/1159 1161/1161 1162/1162
f 1162/1162 1161/1161 1163/1163
f 1163/1163 1161/1161 1164/1164
f 1165/1165 1160/1160 1166/1166
f 1166/1166 1160/1160 1167/1167
f 1160/1160 1157/1157 1167/1167
f 1167/1167 1157/1157 1168/1168
f 1157/1157 1154/1154 1168/1168
f 1168/1168 1154/1154 1169/1169
f 1169/1169 1154/1154 1170/1170
f 1155/1155 1153/1153 1171/1171
f 1153/1153 1172/1172 1171/1171
f 1171/1171 1172/1172 1173/1173
f 1173/1173 1172/1172 1174/1174
f 1172/1172 1153/1153 1174/1174
f 1153/1153 1156/1156 1174/1174
f 1174/1174 1156/1156 1175/1175
f 1156/1156 1159/1159 1175/1175
f 1175/1175 1159/1159 1176/1176
f 1159/1159 1162/1162 1176/1176
f 1176/1176 1162/1162 1177/1177
f 1162/1162 1163/1163 1177/1177
f 1177/1177 1163/1163 1179/1179
f 1179/1179 1163/1163 1180/1180
f 1163/1163 1164/1164 1180/1180
f 1165/1165 1166/1166 1181/1181
f 1181/1181 1166/1166 1182/1182
f 1166/1166 1167/1167 1182/1182
f 1182/1182 1167/1167 1183/1183
f 1167/1167 1168/1168 1183/1183
f 1183/1183 1168/1168 1184/1184
f 1168/1168 1169/1169 1184/1184
f 1184/1184 1169/1169 1185/1185
f 1169/1169 1170/1170 1185/1185
f 1186/1186 1171/1171 1187/1187
f 1171/1171 1173/1173 1187/1187
f 1188/1188 1187/1187 1189/1189
f 1187/1187 1173/1173 1189/1189
f 1189/1189 1173/1173 1190/1190
f 1173/1173 1174/1174 1190/1190
f 1174/1174 1175/1175 1190/1190
f 1190/1190 1175/1175 1191/1191
f 1175/1175 1176/1176 1191/1191
f 1191/1191 1176/1176 1192/1192
f 1176/1176 1177/1177 1192/1192
f 1192/1192 1177/1177 1193/1193
f 1177/1177 1179/1179 1193/1193
f 1193/1193 1179/1179 1194/1194
f 1195/1195 1178/1178 1196/1196
f 1178/1178 1181/1181 1196/1196
f 1181/1181 1182/1182 1196/1196
f 1196/1196 1182/1182 1197/1197
f 1182/1182 1183/1183 1197/1197
f 1197/1197 1183/1183 1198/1198
f 1183/1183 1184/1184 1198/1198
f 1198/1198 1184/1184 1199/1199
f 1184/1184 1185/1185 1199/1199
f 1199/1199 1185/1185 1200/1200
f 1186/1186 1187/1187 1201/1201
f 1187/1187 1188/1188 1201/1201
f 1201/1201 1188/1188 1203/1203
f 1203/1203 1188/1188 1204/1204
f 1204/1204 1188/1188 1205/1205
f 1188/1188 1189/1189 1205/1205
f 1205/1205 1189/1189 1206/1206
f 1189/1189 1190/1190 1206/1206
f 1190/1190 1191/1191 1206/1206
f 1206/1206 1191/1191 1207/1207
f 1191/1191 1192/1192 1207/1207
f 1207/1207 1192/1192 1208/1208
f 1192/1192 1193/1193 1208/1208
f 1208/1208 1193/1193 1209/1209
f 1193/1193 1194/1194 1209/1209
f 1209/1209 1194/1194 1210/1210
f 1211/1211 1195/1195 1212/1212
f 1195/1195 1196/1196 1212/1212
f 1196/1196 1197/1197 1212/1212
f 1212/1212 1197/1197 1213/1213
f 1197/1197 1198/1198 1213/1213
f 1213/1213 1198/1198 1214/1214
f 1198/1198 1199/1199 1214/1214
f 1214/1214 1199/1199 1215/1215
f 1199/1199 1200/1200 1215/1215
f 1200/1200 1202/1202 1215/1215
f 1215/1215 1202/1202 1216/1216
f 1216/1216 1202/1202 1217/1217
f 1203/1203 1204/1204 1218/1218
f 1218/1218 1204/1204 1219/1219
f 1219/1219 1204/1204 1220/1220
f 1204/1204 1205/1205 1220/1220
f 1220/1220 1205/1205 1221/1221
f 1205/1205 1206/1206 1221/1221
f 1221/1221 1206/1206 1222/1222
f 1206/1206 1207/1207 1222/1222
f 1207/1207 1208/1208 1222/1222
f 1222/1222 1208/1208 1223/1223
f 1223/1223 1208/1208 1224/1224
f 1208/1208 1209/1209 1224/1224
f 1224/1224 1209/1209 1225/1225
f 1209/1209 1210/1210 1225/1225
f 1226/1226 1211/1211 1227/1227
f 1211/1211 1212/1212 1227/1227
f 1212/1212 1213/1213 1227/1227
f 1227/1227 1213/1213 1228/1228
f 1228/1228 1213/1213 1229/1229
f 1213/1213 1214/1214 1229/1229
f 1214/1214 1215/1215 1229/1229
f 1215/1215 1216/1216 1229/1229
f 1229/1229 1216/1216 1230/1230
f 1230/1230 1216/1216 1231/1231
f 1231/1231 1216/1216 1232/1232
f 1216/1216 1217/1217 1232/1232
f 1233/1233 1218/1218 1234/1234
f 1218/1218 1219/1219 1234/1234
f 1219/1219 1220/1220 1234/1234
f 1234/1234 1220/1220 1235/1235
f 1220/1220 1221/1221 1235/1235
f 1235/1235 1221/1221 1236/1236
f 1236/1236 1221/1221 1237/1237
f 1221/1221 1222/1222 1237/1237
f 1222/1222 1223/1223 1237/1237
f 1237/1237 1223/1223 1238/1238
f 1223/1223 1224/1224 1238/1238
f 1238/1238 1224/1224 1239/1239
f 1239/1239 1224/1224 1240/1240
f 1224/1224 1225/1225 1240/1240
f 1241/1241 1226/1226 1242/1242
f 1226/1226 1227/1227 1242/1242
f 1227/1227 1228/1228 1242/1242
f 1242/1242 1228/1228 1243/1243
f 1228/1228 1229/1229 1243/1243
f 1229/1229 1230/1230 1243/1243
f 1243/1243 1230/1230 1244/1244
f 1244/1244 1230/1230 1245/1245
f 1230/1230 1231/1231 1245/1245
f 1245/1245 1231/1231 1246/1246
f 1231/1231 1232/1232 1246/1246
f 1247/1247 1233/1233 1248/1248
f 1233/1233 1234/1234 1248/1248
f 1248/1248 1234/1234 1249/1249
f 1234/1234 1235/1235 1249/1249
f 1249/1249 1235/1235 1250/1250
f 1235/1235 1236/1236 1250/1250
f 1250/1250 1236/1236 1251/1251
f 1236/1236 1237/1237 1251/1251
f 1251/1251 1237/1237 1252/1252
f 1237/1237 1238/1238 1252/1252
f 1238/1238 1239/1239 1252/1252
f 1252/1252 1239/1239 1253/1253
f 1253/1253 1239/1239 1254/1254
f 1239/1239 1240/1240 1254/1254
f 1241/1241 1242/1242 1255/1255
f 1255/1255 1242/1242 1256/1256
f 1256/1256 1242/1242 1257/1257
f 1242/1242 1243/1243 1257/1257
f 1243/1243 1244/1244 1257/1257
f 1257/1257 1244/1244 1259/1259
f 1259/1259 1244/1244 1260/1260
f 1244/1244 1245/1245 1260/1260
f 1260/1260 1245/1245 1261/1261
f 1261/1261 1245/1245 1262/1262
f 1245/1245 1246/1246 1262/1262
f 1262/1262 1246/1246 1263/1263
f 1247/1247 1248/1248 1264/1264
f 1248/1248 1249/1249 1264/1264
f 1264/1264 1249/1249 1265/1265
f 1265/1265 1249/1249 1266/1266
f 1249/1249 1250/1250 1266/1266
f 1266/1266 1250/1250 1267/1267
f 1250/1250 1251/1251 1267/1267
f 1267/1267 1251/1251 1269/1269
f 1251/1251 1252/1252 1269/1269
f 1269/1269 1252/1252 1272/1272
f 1252/1252 1253/1253 1272/1272
f 1253/1253 1254/1254 1272/1272
f 1272/1272 1254/1254 1273/1273
f 1255/1255 1256/1256 1275/1275
f 1275/1275 1256/1256 1276/1276
f 1256/1256 1257/1257 1276/1276
f 1257/1257 1259/1259 1276/1276
f 1279/1279 1281/1281 1282/1282
f 1281/1281 1277/1277 1282/1282
f 1277/1277 1258/1258 1282/1282
f 1282/1282 1258/1258 1283/1283
f 1259/1259 1260/1260 1284/1284
f 1284/1284 1260/1260 1286/1286
f 1260/1260 1261/1261 1286/1286
f 1286/1286 1261/1261 1288/1288
f 1261/1261 1262/1262 1288/1288
f 1288/1288 1262/1262 1289/1289
f 1262/1262 1263/1263 1289/1289
f 1290/1290 1264/1264 1292/1292
f 1264/1264 1265/1265 1292/1292
f 1265/1265 1266/1266 1292/1292
f 1292/1292 1266/1266 1294/1294
f 1294/1294 1266/1266 1295/1295
f 1266/1266 1267/1267 1295/1295
f 1267/1267 1269/1269 1295/1295
f 1296/1296 1268/1268 1297/1297
f 1268/1268 1270/1270 1297/1297
f 1297/1297 1270/1270 1299/1299
f 1299/1299 1270/1270 1301/1301
f 1271/1271 1274/1274 1300/1300
f 1274/1274 1277/1277 1300/1300
f 1277/1277 1281/1281 1300/1300
f 1302/1302 1280/1280 1303/1303
f 1280/1280 1278/1278 1303/1303
f 1303/1303 1278/1278 1304/1304
f 1306/1306 1307/1307 1308/1308
f 1307/1307 1304/1304 1308/1308
f 1304/1304 1278/1278 1308/1308
f 1309/1309 1279/1279 1310/1310
f 1279/1279 1282/1282 1310/1310
f 1282/1282 1283/1283 1310/1310
f 1310/1310 1283/1283 1311/1311
f 1283/1283 1285/1285 1311/1311
f 1311/1311 1285/1285 1312/1312
f 1312/1312 1285/1285 1314/1314
f 1286/1286 1288/1288 1313/1313
f 1314/1314 1287/1287 1317/1317
f 1288/1288 1289/1289 1316/1316
f 1290/1290 1292/1292 1315/1315
f 1317/1317 1291/1291 1318/1318
f 1318/1318 1291/1291 1319/1319
f 1291/1291 1293/1293 1319/1319
f 1319/1319 1293/1293 1320/1320
f 1293/1293 1296/1296 1320/1320
f 1320/1320 1296/1296 1321/1321
f 1296/1296 1297/1297 1321/1321
f 1321/1321 1297/1297 1322/1322
f 1297/1297 1299/1299 1322/1322
f 1298/1298 1302/1302 1323/1323
f 1302/1302 1303/1303 1323/1323
f 1303/1303 1304/1304 1323/1323
f 1323/1323 1304/1304 1325/1325
f 1325/1325 1304/1304 1328/1328
f 1304/1304 1307/1307 1328/1328
f 1330/1330 1328/1328 1331/1331
f 1328/1328 1307/1307 1331/1331
f 1307/1307 1306/1306 1331/1331
f 1306/1306 1334/1334 1331/1331
f 1332/1332 1333/1333 1335/1335
f 1336/1336 1338/1338 1340/1340
f 1340/1340 1338/1338 1341/1341
f 1343/1343 1344/1344 1346/1346
f 1344/1344 1342/1342 1346/1346
f 1342/1342 1337/1337 1346/1346
f 1347/1347 1346/1346 1348/1348
f 1345/1345 1338/1338 1349/1349
f 1338/1338 1336/1336 1349/1349
f 1349/1349 1336/1336 1351/1351
f 1336/1336 1352/1352 1351/1351
f 1351/1351 1352/1352 1353/1353
f 1353/1353 1352/1352 1354/1354
f 1352/1352 1358/1358 1354/1354
f 1356/1356 1357/1357 1360/1360
f 1357/1357 1335/1335 1360/1360
f 1335/1335 1333/1333 1360/1360
f 1360/1360 1333/1333 1362/1362
f 1334/1334 1306/1306 1361/1361
f 1363/1363 1305/1305 1365/1365
f 1365/1365 1305/1305 1367/1367
f 1306/1306 1308/1308 1366/1366
f 1309/1309 1310/1310 1368/1368
f 1368/1368 1310/1310 1369/1369
f 1310/1310 1311/1311 1369/1369
f 1369/1369 1311/1311 1370/1370
f 1311/1311 1312/1312 1370/1370
f 1370/1370 1312/1312 1371/1371
f 1312/1312 1314/1314 1371/1371
f 1371/1371 1314/1314 1372/1372
f 1314/1314 1317/1317 1372/1372
f 1372/1372 1317/1317 1373/1373
f 1317/1317 1318/1318 1373/1373
f 1318/1318 1319/1319 1373/1373
f 1373/1373 1319/1319 1374/1374
f 1319/1319 1320/1320 1374/1374
f 1374/1374 1320/1320 1375/1375
f 1320/1320 1321/1321 1375/1375
f 1375/1375 1321/1321 1376/1376
f 1321/1321 1322/1322 1376/1376
f 1322/1322 1324/1324 1376/1376
f 1324/1324 1326/1326 1376/1376
f 1376/1376 1326/1326 1377/1377
f 1378/1378 1327/1327 1380/1380
f 1328/1328 1330/1330 1379/1379
f 1381/1381 1329/1329 1383/1383
f 1329/1329 1332/1332 1383/1383
f 1332/1332 1335/1335 1383/1383
f 1335/1335 1357/1357 1383/1383
f 1383/1383 1357/1357 1385/1385
f 1385/1385 1357/1357 1386/1386
f 1358/1358 1352/1352 1389/1389
f 1352/1352 1336/1336 1389/1389
f 1389/1389 1336/1336 1391/1391
f 1336/1336 1340/1340 1391/1391
f 1391/1391 1340/1340 1392/1392
f 1339/1339 1342/1342 1393/1393
f 1342/1342 1344/1344 1393/1393
f 1393/1393 1344/1344 1394/1394
f 1394/1394 1344/1344 1395/1395
f 1344/1344 1343/1343 1395/1395
f 1343/1343 1396/1396 1395/1395
f 1395/1395 1396/1396 1397/1397
f 1397/1397 1396/1396 1398/1398
f 1398/1398 1396/1396 1399/1399
f 1396/1396 1343/1343 1399/1399
f 1399/1399 1343/1343 1400/1400
f 1343/1343 1346/1346 1400/1400
f 1346/1346 1347/1347 1400/1400
f 1347/1347 1348/1348 1400/1400
f 1400/1400 1348/1348 1401/1401
f 1348/1348 1350/1350 1401/1401
f 1401/1401 1350/1350 1403/1403
f 1351/1351 1353/1353 1402/1402
f 1353/1353 1354/1354 1402/1402
f 1403/1403 1355/1355 1405/1405
f 1356/1356 1360/1360 1404/1404
f 1406/1406 1359/1359 1408/1408
f 1359/1359 1363/1363 1408/1408
f 1408/1408 1363/1363 1409/1409
f 1363/1363 1365/1365 1409/1409
f 1409/1409 1365/1365 1410/1410
f 1364/1364 1368/1368 1411/1411
f 1368/1368 1369/1369 1411/1411
f 1369/1369 1370/1370 1411/1411
f 1411/1411 1370/1370 1412/1412
f 1412/1412 1370/1370 1413/1413
f 1370/1370 1371/1371 1413/1413
f 1413/1413 1371/1371 1414/1414
f 1371/1371 1372/1372 1414/1414
f 1372/1372 1373/1373 1414/1414
f 1414/1414 1373/1373 1415/1415
f 1415/1415 1373/1373 1416/1416
f 1373/1373 1374/1374 1416/1416
f 1416/1416 1374/1374 1417/1417
f 1374/1374 1375/1375 1417/1417
f 1375/1375 1376/1376 1417/1417
f 1376/1376 1377/1377 1417/1417
f 1418/1418 1378/1378 1419/1419
f 1378/1378 1380/1380 1419/1419
f 1419/1419 1380/1380 1420/1420
f 1380/1380 1382/1382 1420/1420
f 1420/1420 1382/1382 1423/1423
f 1383/1383 1385/1385 1422/1422
f 1384/1384 1387/1387 1421/1421
f 1424/1424 1388/1388 1426/1426
f 1389/1389 1391/1391 1425/1425
f 1426/1426 1390/1390 1427/1427
f 1390/1390 1393/1393 1427/1427
f 1393/1393 1394/1394 1427/1427
f 1427/1427 1394/1394 1428/1428
f 1394/1394 1395/1395 1428/1428
f 1428/1428 1395/1395 1429/1429
f 1395/1395 1397/1397 1429/1429
f 1429/1429 1397/1397 1430/1430
f 1397/1397 1398/1398 1430/1430
f 1430/1430 1398/1398 1431/1431
f 1431/1431 1398/1398 1432/1432
f 1432/1432 1398/1398 1433/1433
f 1398/1398 1399/1399 1433/1433
f 1433/1433 1399/1399 1434/1434
f 1399/1399 1400/1400 1434/1434
f 1400/1400 1401/1401 1434/1434
f 1434/1434 1401/1401 1435/1435
f 1401/1401 1403/1403 1435/1435
f 1435/1435 1403/1403 1436/1436
f 1403/1403 1405/1405 1436/1436
f 1405/1405 1407/1407 1436/1436
f 1437/1437 1408/1408 1439/1439
f 1408/1408 1409/1409 1439/1439
f 1439/1439 1409/1409 1440/1440
f 1409/1409 1410/1410 1440/1440
f 1411/1411 1412/1412 1441/1441
f 1441/1441 1412/1412 1443/1443
f 1412/1412 1413/1413 1443/1443
f 1443/1443 1413/1413 1445/1445
f 1413/1413 1414/1414 1445/1445
f 1445/1445 1414/1414 1447/1447
f 1414/1414 1415/1415 1447/1447
f 1415/1415 1416/1416 1447/1447
f 1447/1447 1416/1416 1448/1448
f 1416/1416 1417/1417 1448/1448
f 1418/1418 1419/1419 1449/1449
f 1449/1449 1419/1419 1450/1450
f 1419/1419 1420/1420 1450/1450
f 1420/1420 1423/1423 1450/1450
f 1450/1450 1423/1423 1451/1451
f 1424/1424 1426/1426 1452/1452
f 1452/1452 1426/1426 1453/1453
f 1426/1426 1427/1427 1453/1453
f 1427/1427 1428/1428 1453/1453
f 1453/1453 1428/1428 1454/1454
f 1454/1454 1428/1428 1455/1455
f 1428/1428 1429/1429 1455/1455
f 1455/1455 1429/1429 1456/1456
f 1429/1429 1430/1430 1456/1456
f 1456/1456 1430/1430 1457/1457
f 1430/1430 1431/1431 1457/1457
f 1431/1431 1432/1432 1457/1457
f 1457/1457 1432/1432 1458/1458
f 1458/1458 1432/1432 1459/1459
f 1432/1432 1433/1433 1459/1459
f 1433/1433 1434/1434 1459/1459
f 1434/1434 1435/1435 1459/1459
f 1459/1459 1435/1435 1460/1460
f 1435/1435 1436/1436 1460/1460
f 1436/1436 1438/1438 1460/1460
f 1461/1461 1439/1439 1462/1462
f 1439/1439 1440/1440 1462/1462
f 1440/1440 1442/1442 1462/1462
f 1462/1462 1442/1442 1463/1463
f 1463/1463 1442/1442 1465/1465
f 1442/1442 1444/1444 1465/1465
f 1445/1445 1447/1447 1464/1464
f 1465/1465 1446/1446 1466/1466
f 1466/1466 1446/1446 1467/1467
f 1446/1446 1449/1449 1467/1467
f 1449/1449 1450/1450 1467/1467
f 1450/1450 1451/1451 1467/1467
f 1467/1467 1451/1451 1468/1468
f 1452/1452 1453/1453 1469/1469
f 1453/1453 1454/1454 1469/1469
f 1469/1469 1454/1454 1470/1470
f 1454/1454 1455/1455 1470/1470
f 1470/1470 1455/1455 1471/1471
f 1455/1455 1456/1456 1471/1471
f 1456/1456 1457/1457 1471/1471
f 1471/1471 1457/1457 1472/1472
f 1457/1457 1458/1458 1472/1472
f 1472/1472 1458/1458 1473/1473
f 1458/1458 1459/1459 1473/1473
f 1459/1459 1460/1460 1473/1473
f 1473/1473 1460/1460 1474/1474
f 1461/1461 1462/1462 1475/1475
f 1462/1462 1463/1463 1475/1475
f 1463/1463 1465/1465 1475/1475
f 1475/1475 1465/1465 1478/1478
f 1465/1465 1466/1466 1478/1478
f 1478/1478 1466/1466 1479/1479
f 1466/1466 1467/1467 1479/1479
f 1467/1467 1468/1468 1479/1479
f 1469/1469 1470/1470 1481/1481
f 1481/1481 1470/1470 1483/1483
f 1470/1470 1471/1471 1483/1483
f 1471/1471 1472/1472 1483/1483
f 1472/1472 1473/1473 1483/1483
f 1473/1473 1474/1474 1483/1483
f 1474/1474 1476/1476 1483/1483
f 1485/1485 1486/1486 1488/1488
f 1486/1486 1489/1489 1488/1488
f 1488/1488 1489/1489 1491/1491
f 1489/1489 1492/1492 1491/1491
f 1491/1491 1492/1492 1494/1494
f 1494/1494 1492/1492 1495/1495
f 1496/1496 1495/1495 1497/1497
f 1495/1495 1492/1492 1497/1497
f 1497/1497 1492/1492 1498/1498
f 1492/1492 1489/1489 1498/1498
f 1498/1498 1489/1489 1499/1499
f 1489/1489 1486/1486 1499/1499
f 1499/1499 1486/1486 1500/1500
f 1500/1500 1486/1486 1501/1501
f 1486/1486 1485/1485 1501/1501
f 1501/1501 1485/1485 1502/1502
f 1505/1505 1503/1503 1506/1506
f 1503/1503 1484/1484 1506/1506
f 1484/1484 1487/1487 1506/1506
f 1506/1506 1487/1487 1507/1507
f 1487/1487 1490/1490 1507/1507
f 1507/1507 1490/1490 1508/1508
f 1490/1490 1493/1493 1508/1508
f 1508/1508 1493/1493 1509/1509
f 1494/1494 1495/1495 1510/1510
f 1510/1510 1495/1495 1511/1511
f 1495/1495 1496/1496 1511/1511
f 1511/1511 1496/1496 1512/1512
f 1512/1512 1496/1496 1513/1513
f 1496/1496 1497/1497 1513/1513
f 1513/1513 1497/1497 1514/1514
f 1497/1497 1498/1498 1514/1514
f 1498/1498 1499/1499 1514/1514
f 1514/1514 1499/1499 1515/1515
f 1515/1515 1499/1499 1516/1516
f 1499/1499 1500/1500 1516/1516
f 1516/1516 1500/1500 1517/1517
f 1500/1500 1501/1501 1517/1517
f 1501/1501 1502/1502 1517/1517
f 1502/1502 1504/1504 1517/1517
f 1517/1517 1504/1504 1518/1518
f 1505/1505 1506/1506 1519/1519
f 1519/1519 1506/1506 1520/1520
f 1506/1506 1507/1507 1520/1520
f 1520/1520 1507/1507 1521/1521
f 1507/1507 1508/1508 1521/1521
f 1521/1521 1508/1508 1522/1522
f 1508/1508 1509/1509 1522/1522
f 1522/1522 1509/1509 1523/1523
f 1523/1523 1509/1509 1524/1524
f 1510/1510 1511/1511 1525/1525
f 1525/1525 1511/1511 1526/1526
f 1511/1511 1512/1512 1526/1526
f 1512/1512 1513/1513 1526/1526
f 1526/1526 1513/1513 1527/1527
f 1513/1513 1514/1514 1527/1527
f 1527/1527 1514/1514 1528/1528
f 1514/1514 1515/1515 1528/1528
f 1528/1528 1515/1515 1529/1529
f 1529/1529 1515/1515 1530/1530
f 1515/1515 1516/1516 1530/1530
f 1530/1530 1516/1516 1531/1531
f 1516/1516 1517/1517 1531/1531
f 1517/1517 1518/1518 1531/1531
f 1532/1532 1531/1531 1533/1533
f 1531/1531 1518/1518 1533/1533
f 1534/1534 1519/1519 1535/1535
f 1519/1519 1520/1520 1535/1535
f 1520/1520 1521/1521 1535/1535
f 1535/1535 1521/1521 1536/1536
f 1521/1521 1522/1522 1536/1536
f 1536/1536 1522/1522 1537/1537
f 1522/1522 1523/1523 1537/1537
f 1537/1537 1523/1523 1538/1538
f 1523/1523 1524/1524 1538/1538
f 1539/1539 1525/1525 1540/1540
f 1540/1540 1525/1525 1541/1541
f 1525/1525 1526/1526 1541/1541
f 1541/1541 1526/1526 1542/1542
f 1526/1526 1527/1527 1542/1542
f 1527/1527 1528/1528 1542/1542
f 1542/1542 1528/1528 1543/1543
f 1543/1543 1528/1528 1544/1544
f 1528/1528 1529/1529 1544/1544
f 1544/1544 1529/1529 1545/1545
f 1529/1529 1530/1530 1545/1545
f 1530/1530 1531/1531 1545/1545
f 1531/1531 1532/1532 1545/1545
f 1546/1546 1545/1545 1547/1547
f 1545/1545 1532/1532 1547/1547
f 1532/1532 1533/1533 1547/1547
f 1548/1548 1534/1534 1549/1549
f 1534/1534 1535/1535 1549/1549
f 1549/1549 1535/1535 1550/1550
f 1550/1550 1535/1535 1551/1551
f 1535/1535 1536/1536 1551/1551
f 1536/1536 1537/1537 1551/1551
f 1551/1551 1537/1537 1552/1552
f 1537/1537 1538/1538 1552/1552
f 1552/1552 1538/1538 1553/1553
f 1539/1539 1540/1540 1554/1554
f 1554/1554 1540/1540 1555/1555
f 1555/1555 1540/1540 1556/1556
f 1540/1540 1541/1541 1556/1556
f 1556/1556 1541/1541 1557/1557
f 1541/1541 1542/1542 1557/1557
f 1557/1557 1542/1542 1558/1558
f 1542/1542 1543/1543 1558/1558
f 1543/1543 1544/1544 1558/1558
f 1558/1558 1544/1544 1559/1559
f 1544/1544 1545/1545 1559/1559
f 1545/1545 1546/1546 1559/1559
f 1559/1559 1546/1546 1560/1560
f 1560/1560 1546/1546 1561/1561
f 1546/1546 1547/1547 1561/1561
f 1562/1562 1548/1548 1563/1563
f 1548/1548 1549/1549 1563/1563
f 1563/1563 1549/1549 1564/1564
f 1549/1549 1550/1550 1564/1564
f 1564/1564 1550/1550 1565/1565
f 1550/1550 1551/1551 1565/1565
f 1551/1551 1552/1552 1565/1565
f 1565/1565 1552/1552 1566/1566
f 1566/1566 1552/1552 1567/1567
f 1552/1552 1553/1553 1567/1567
f 1567/1567 1553/1553 1568/1568
f 1554/1554 1555/1555 1569/1569
f 1569/1569 1555/1555 1570/1570
f 1555/1555 1556/1556 1570/1570
f 1570/1570 1556/1556 1571/1571
f 1556/1556 1557/1557 1571/1571
f 1571/1571 1557/1557 1572/1572
f 1557/1557 1558/1558 1572/1572
f 1572/1572 1558/1558 1573/1573
f 1558/1558 1559/1559 1573/1573
f 1559/1559 1560/1560 1573/1573
f 1573/1573 1560/1560 1574/1574
f 1574/1574 1560/1560 1575/1575
f 1575/1575 1560/1560 1576/1576
f 1560/1560 1561/1561 1576/1576
f 1562/1562 1563/1563 1577/1577
f 1577/1577 1563/1563 1578/1578
f 1578/1578 1563/1563 1579/1579
f 1563/1563 1564/1564 1579/1579
f 1579/1579 1564/1564 1580/1580
f 1564/1564 1565/1565 1580/1580
f 1580/1580 1565/1565 1581/1581
f 1565/1565 1566/1566 1581/1581
f 1581/1581 1566/1566 1582/1582
f 1566/1566 1567/1567 1582/1582
f 1567/1567 1568/1568 1582/1582
f 1582/1582 1568/1568 1583/1583
f 1583/1583 1568/1568 1584/1584
f 1569/1569 1570/1570 1585/1585
f 1570/1570 1571/1571 1585/1585
f 1585/1585 1571/1571 1586/1586
f 1586/1586 1571/1571 1587/1587
f 1571/1571 1572/1572 1587/1587
f 1572/1572 1573/1573 1587/1587
f 1573/1573 1574/1574 1587/1587
f 1589/1589 1590/1590 1591/1591
f 1590/1590 1587/1587 1591/1591
f 1587/1587 1574/1574 1591/1591
f 1591/1591 1574/1574 1592/1592
f 1574/1574 1575/1575 1592/1592
f 1575/1575 1576/1576 1592/1592
f 1593/1593 1577/1577 1594/1594
f 1594/1594 1577/1577 1595/1595
f 1577/1577 1578/1578 1595/1595
f 1595/1595 1578/1578 1596/1596
f 1578/1578 1579/1579 1596/1596
f 1596/1596 1579/1579 1597/1597
f 1579/1579 1580/1580 1597/1597
f 1597/1597 1580/1580 1598/1598
f 1580/1580 1581/1581 1598/1598
f 1598/1598 1581/1581 1599/1599
f 1581/1581 1582/1582 1599/1599
f 1599/1599 1582/1582 1601/1601
f 1582/1582 1583/1583 1601/1601
f 1601/1601 1583/1583 1602/1602
f 1583/1583 1584/1584 1602/1602
f 1603/1603 1585/1585 1605/1605
f 1585/1585 1586/1586 1605/1605
f 1586/1586 1587/1587 1605/1605
f 1587/1587 1590/1590 1605/1605
f 1605/1605 1590/1590 1606/1606
f 1590/1590 1589/1589 1606/1606
f 1607/1607 1588/1588 1608/1608
f 1609/1609 1608/1608 1610/1610
f 1608/1608 1588/1588 1610/1610
f 1610/1610 1588/1588 1611/1611
f 1611/1611 1588/1588 1612/1612
f 1589/1589 1591/1591 1613/1613
f 1591/1591 1592/1592 1613/1613
f 1613/1613 1592/1592 1614/1614
f 1616/1616 1593/1593 1618/1618
f 1593/1593 1594/1594 1618/1618
f 1594/1594 1595/1595 1618/1618
f 1618/1618 1595/1595 1620/1620
f 1620/1620 1595/1595 1622/1622
f 1595/1595 1596/1596 1622/1622
f 1622/1622 1596/1596 1624/1624
f 1596/1596 1597/1597 1624/1624
f 1597/1597 1598/1598 1624/1624
f 1624/1624 1598/1598 1626/1626
f 1626/1626 1598/1598 1627/1627
f 1598/1598 1599/1599 1627/1627
f 1599/1599 1601/1601 1627/1627
f 1628/1628 1600/1600 1629/1629
f 1629/1629 1600/1600 1632/1632
f 1601/1601 1602/1602 1631/1631
f 1603/1603 1605/1605 1630/1630
f 1604/1604 1607/1607 1633/1633
f 1607/1607 1608/1608 1633/1633
f 1633/1633 1608/1608 1635/1635
f 1608/1608 1609/1609 1635/1635
f 1635/1635 1609/1609 1637/1637
f 1637/1637 1609/1609 1638/1638
f 1641/1641 1642/1642 1643/1643
f 1643/1643 1642/1642 1644/1644
f 1644/1644 1642/1642 1645/1645
f 1645/1645 1642/1642 1646/1646
f 1642/1642 1641/1641 1646/1646
f 1641/1641 1647/1647 1646/1646
f 1646/1646 1647/1647 1648/1648
f 1649/1649 1650/1650 1651/1651
f 1650/1650 1648/1648 1651/1651
f 1648/1648 1647/1647 1651/1651
f 1652/1652 1651/1651 1653/1653
f 1651/1651 1647/1647 1653/1653
f 1653/1653 1647/1647 1654/1654
f 1647/1647 1641/1641 1654/1654
f 1641/1641 1643/1643 1654/1654
f 1655/1655 1654/1654 1656/1656
f 1654/1654 1643/1643 1656/1656
f 1656/1656 1643/1643 1658/1658
f 1658/1658 1643/1643 1660/1660
f 1643/1643 1644/1644 1660/1660
f 1660/1660 1644/1644 1661/1661
f 1644/1644 1645/1645 1661/1661
f 1661/1661 1645/1645 1662/1662
f 1662/1662 1645/1645 1663/1663
f 1645/1645 1646/1646 1663/1663
f 1646/1646 1648/1648 1663/1663
f 1648/1648 1650/1650 1663/1663
f 1663/1663 1650/1650 1664/1664
f 1664/1664 1650/1650 1665/1665
f 1650/1650 1666/1666 1665/1665
f 1666/1666 1667/1667 1665/1665
f 1665/1665 1667/1667 1668/1668
f 1667/1667 1669/1669 1668/1668
f 1668/1668 1669/1669 1670/1670
f 1669/1669 1640/1640 1670/1670
f 1670/1670 1640/1640 1671/1671
f 1638/1638 1609/1609 1672/1672
f 1674/1674 1672/1672 1675/1675
f 1672/1672 1609/1609 1675/1675
f 1609/1609 1610/1610 1675/1675
f 1610/1610 1611/1611 1675/1675
f 1675/1675 1611/1611 1676/1676
f 1677/1677 1676/1676 1678/1678
f 1676/1676 1611/1611 1678/1678
f 1611/1611 1612/1612 1678/1678
f 1612/1612 1615/1615 1678/1678
f 1615/1615 1617/1617 1678/1678
f 1678/1678 1617/1617 1679/1679
f 1679/1679 1617/1617 1680/1680
f 1617/1617 1619/1619 1680/1680
f 1680/1680 1619/1619 1681/1681
f 1619/1619 1621/1621 1681/1681
f 1621/1621 1623/1623 1681/1681
f 1681/1681 1623/1623 1682/1682
f 1623/1623 1625/1625 1682/1682
f 1682/1682 1625/1625 1683/1683
f 1625/1625 1628/1628 1683/1683
f 1683/1683 1628/1628 1684/1684
f 1628/1628 1629/1629 1684/1684
f 1684/1684 1629/1629 1685/1685
f 1629/1629 1632/1632 1685/1685
f 1632/1632 1634/1634 1685/1685
f 1634/1634 1636/1636 1685/1685
f 1685/1685 1636/1636 1686/1686
f 1686/1686 1636/1636 1687/1687
f 1636/1636 1639/1639 1687/1687
f 1640/1640 1669/1669 1688/1688
f 1688/1688 1669/1669 1689/1689
f 1669/1669 1667/1667 1689/1689
f 1689/1689 1667/1667 1690/1690
f 1690/1690 1667/1667 1691/1691
f 1667/1667 1666/1666 1691/1691
f 1666/1666 1650/1650 1691/1691
f 1650/1650 1649/1649 1691/1691
f 1691/1691 1649/1649 1692/1692
f 1692/1692 1649/1649 1693/1693
f 1649/1649 1651/1651 1693/1693
f 1651/1651 1652/1652 1693/1693
f 1693/1693 1652/1652 1694/1694
f 1652/1652 1653/1653 1694/1694
f 1653/1653 1654/1654 1694/1694
f 1654/1654 1655/1655 1694/1694
f 1694/1694 1655/1655 1695/1695
f 1655/1655 1656/1656 1695/1695
f 1656/1656 1658/1658 1695/1695
f 1696/1696 1657/1657 1697/1697
f 1657/1657 1659/1659 1697/1697
f 1659/1659 1698/1698 1697/1697
f 1697/1697 1698/1698 1699/1699
f 1698/1698 1700/1700 1699/1699
f 1699/1699 1700/1700 1702/1702
f 1700/1700 1698/1698 1702/1702
f 1702/1702 1698/1698 1703/1703
f 1698/1698 1659/1659 1703/1703
f 1660/1660 1661/1661 1705/1705
f 1705/1705 1661/1661 1706/1706
f 1661/1661 1662/1662 1706/1706
f 1706/1706 1662/1662 1707/1707
f 1662/1662 1663/1663 1707/1707
f 1663/1663 1664/1664 1707/1707
f 1707/1707 1664/1664 1708/1708
f 1664/1664 1665/1665 1708/1708
f 1708/1708 1665/1665 1709/1709
f 1665/1665 1668/1668 1709/1709
f 1709/1709 1668/1668 1711/1711
f 1668/1668 1670/1670 1711/1711
f 1670/1670 1671/1671 1711/1711
f 1672/1672 1674/1674 1710/1710
f 1711/1711 1673/1673 1712/1712
f 1714/1714 1674/1674 1715/1715
f 1674/1674 1675/1675 1715/1715
f 1675/1675 1676/1676 1715/1715
f 1715/1715 1676/1676 1716/1716
f 1676/1676 1677/1677 1716/1716
f 1716/1716 1677/1677 1717/1717
f 1677/1677 1678/1678 1717/1717
f 1678/1678 1679/1679 1717/1717
f 1679/1679 1680/1680 1717/1717
f 1717/1717 1680/1680 1718/1718
f 1718/1718 1680/1680 1719/1719
f 1680/1680 1681/1681 1719/1719
f 1719/1719 1681/1681 1720/1720
f 1681/1681 1682/1682 1720/1720
f 1682/1682 1683/1683 1720/1720
f 1720/1720 1683/1683 1721/1721
f 1683/1683 1684/1684 1721/1721
f 1721/1721 1684/1684 1722/1722
f 1684/1684 1685/1685 1722/1722
f 1685/1685 1686/1686 1722/1722
f 1722/1722 1686/1686 1723/1723
f 1686/1686 1687/1687 1723/1723
f 1688/1688 1689/1689 1724/1724
f 1724/1724 1689/1689 1725/1725
f 1689/1689 1690/1690 1725/1725
f 1725/1725 1690/1690 1726/1726
f 1690/1690 1691/1691 1726/1726
f 1691/1691 1692/1692 1726/1726
f 1726/1726 1692/1692 1727/1727
f 1692/1692 1693/1693 1727/1727
f 1727/1727 1693/1693 1728/1728
f 1693/1693 1694/1694 1728/1728
f 1728/1728 1694/1694 1729/1729
f 1694/1694 1695/1695 1729/1729
f 1729/1729 1695/1695 1731/1731
f 1696/1696 1697/1697 1730/1730
f 1697/1697 1699/1699 1730/1730
f 1730/1730 1699/1699 1733/1733
f 1733/1733 1699/1699 1736/1736
f 1736/1736 1699/1699 1737/1737
f 1699/1699 1702/1702 1737/1737
f 1738/1738 1701/1701 1739/1739
f 1701/1701 1704/1704 1739/1739
f 1705/1705 1706/1706 1740/1740
f 1740/1740 1706/1706 1741/1741
f 1706/1706 1707/1707 1741/1741
f 1707/1707 1708/1708 1741/1741
f 1741/1741 1708/1708 1742/1742
f 1708/1708 1709/1709 1742/1742
f 1742/1742 1709/1709 1743/1743
f 1709/1709 1711/1711 1743/1743
f 1711/1711 1712/1712 1743/1743
f 1744/1744 1713/1713 1745/1745
f 1714/1714 1715/1715 1746/1746
f 1715/1715 1716/1716 1746/1746
f 1746/1746 1716/1716 1747/1747
f 1716/1716 1717/1717 1747/1747
f 1747/1747 1717/1717 1748/1748
f 1717/1717 1718/1718 1748/1748
f 1748/1748 1718/1718 1749/1749
f 1718/1718 1719/1719 1749/1749
f 1749/1749 1719/1719 1751/1751
f 1719/1719 1720/1720 1751/1751
f 1720/1720 1721/1721 1751/1751
f 1751/1751 1721/1721 1752/1752
f 1721/1721 1722/1722 1752/1752
f 1722/1722 1723/1723 1752/1752
f 1724/1724 1725/1725 1753/1753
f 1753/1753 1725/1725 1754/1754
f 1754/1754 1725/1725 1755/1755
f 1725/1725 1726/1726 1755/1755
f 1726/1726 1727/1727 1755/1755
f 1755/1755 1727/1727 1756/1756
f 1756/1756 1727/1727 1757/1757
f 1727/1727 1728/1728 1757/1757
f 1728/1728 1729/1729 1757/1757
f 1757/1757 1729/1729 1759/1759
f 1729/1729 1731/1731 1759/1759
f 1732/1732 1734/1734 1758/1758
f 1760/1760 1735/1735 1762/1762
f 1762/1762 1735/1735 1764/1764
f 1735/1735 1738/1738 1764/1764
f 1738/1738 1739/1739 1764/1764
f 1764/1764 1739/1739 1765/1765
f 1740/1740 1741/1741 1767/1767
f 1767/1767 1741/1741 1768/1768
f 1741/1741 1742/1742 1768/1768
f 1742/1742 1743/1743 1768/1768
f 1770/1770 1744/1744 1771/1771
f 1744/1744 1745/1745 1771/1771
f 1771/1771 1745/1745 1772/1772
f 1746/1746 1747/1747 1773/1773
f 1747/1747 1748/1748 1773/1773
f 1773/1773 1748/1748 1775/1775
f 1775/1775 1748/1748 1776/1776
f 1748/1748 1749/1749 1776/1776
f 1749/1749 1751/1751 1776/1776
f 1778/1778 1750/1750 1779/1779
f 1750/1750 1753/1753 1779/1779
f 1753/1753 1754/1754 1779/1779
f 1779/1779 1754/1754 1780/1780
f 1754/1754 1755/1755 1780/1780
f 1755/1755 1756/1756 1780/1780
f 1780/1780 1756/1756 1781/1781
f 1781/1781 1756/1756 1782/1782
f 1756/1756 1757/1757 1782/1782
f 1757/1757 1759/1759 1782/1782
f 1759/1759 1761/1761 1782/1782
f 1782/1782 1761/1761 1783/1783
f 1783/1783 1761/1761 1784/1784
f 1761/1761 1763/1763 1784/1784
f 1763/1763 1766/1766 1784/1784
f 1766/1766 1769/1769 1784/1784
f 1784/1784 1769/1769 1785/1785
f 1786/1786 1770/1770 1787/1787
f 1770/1770 1771/1771 1787/1787
f 1771/1771 1772/1772 1787/1787
f 1772/1772 1774/1774 1787/1787
f 1787/1787 1774/1774 1788/1788
f 1774/1774 1777/1777 1788/1788
f 1788/1788 1777/1777 1789/1789
f 1778/1778 1779/1779 1790/1790
f 1779/1779 1780/1780 1790/1790
f 1780/1780 1781/1781 1790/1790
f 1790/1790 1781/1781 1791/1791
f 1781/1781 1782/1782 1791/1791
f 1782/1782 1783/1783 1791/1791
f 1783/1783 1784/1784 1791/1791
f 1784/1784 1785/1785 1791/1791
f 1786/1786 1787/1787 1792/1792
f 1787/1787 1788/1788 1792/1792
f 1793/1793 1794/1794 1795/1795
f 1795/1795 1794/1794 1796/1796
f 1797/1797 1798/1798 1799/1799
f 1799/1799 1798/1798 1800/1800
f 1800/1800 1798/1798 1801/1801
f 1801/1801 1798/1798 1802/1802
f 1798/1798 1805/1805 1802/1802
f 1803/1803 1804/1804 1806/1806
f 1804/1804 1796/1796 1806/1806
f 1806/1806 1796/1796 1807/1807
f 1807/1807 1796/1796 1808/1808
f 1796/1796 1794/1794 1808/1808
f 1808/1808 1794/1794 1809/1809
f 1809/1809 1794/1794 1810/1810
f 1794/1794 1793/1793 1810/1810
f 1810/1810 1793/1793 1812/1812
f 1812/1812 1793/1793 1813/1813
f 1793/1793 1795/1795 1813/1813
f 1795/1795 1796/1796 1813/1813
f 1796/1796 1804/1804 1813/1813
f 1805/1805 1798/1798 1814/1814
f 1814/1814 1798/1798 1815/1815
f 1798/1798 1797/1797 1815/1815
f 1815/1815 1797/1797 1816/1816
f 1816/1816 1797/1797 1817/1817
f 1797/1797 1799/1799 1817/1817
f 1799/1799 1800/1800 1817/1817
f 1817/1817 1800/1800 1818/1818
f 1818/1818 1800/1800 1819/1819
f 1800/1800 1801/1801 1819/1819
f 1801/1801 1802/1802 1819/1819
f 1819/1819 1802/1802 1820/1820
f 1821/1821 1803/1803 1822/1822
f 1803/1803 1806/1806 1822/1822
f 1806/1806 1807/1807 1822/1822
f 1822/1822 1807/1807 1823/1823
f 1823/1823 1807/1807 1824/1824
f 1807/1807 1808/1808 1824/1824
f 1824/1824 1808/1808 1825/1825
f 1808/1808 1809/1809 1825/1825
f 1809/1809 1810/1810 1825/1825
f 1825/1825 1810/1810 1826/1826
f 1826/1826 1810/1810 1828/1828
f 1810/1810 1812/1812 1828/1828
f 1828/1828 1812/1812 1829/1829
f 1831/1831 1811/1811 1832/1832
f 1811/1811 1814/1814 1832/1832
f 1814/1814 1815/1815 1832/1832
f 1815/1815 1816/1816 1832/1832
f 1832/1832 1816/1816 1833/1833
f 1833/1833 1816/1816 1834/1834
f 1816/1816 1817/1817 1834/1834
f 1834/1834 1817/1817 1835/1835
f 1817/1817 1818/1818 1835/1835
f 1835/1835 1818/1818 1836/1836
f 1818/1818 1819/1819 1836/1836
f 1819/1819 1820/1820 1836/1836
f 1836/1836 1820/1820 1837/1837
f 1821/1821 1822/1822 1839/1839
f 1839/1839 1822/1822 1841/1841
f 1841/1841 1822/1822 1842/1842
f 1822/1822 1823/1823 1842/1842
f 1842/1842 1823/1823 1843/1843
f 1823/1823 1824/1824 1843/1843
f 1843/1843 1824/1824 1844/1844
f 1824/1824 1825/1825 1844/1844
f 1825/1825 1826/1826 1844/1844
f 1826/1826 1828/1828 1844/1844
f 1846/1846 1844/1844 1847/1847
f 1844/1844 1828/1828 1847/1847
f 1827/1827 1830/1830 1848/1848
f 1848/1848 1830/1830 1849/1849
f 1851/1851 1831/1831 1852/1852
f 1831/1831 1832/1832 1852/1852
f 1852/1852 1832/1832 1853/1853
f 1832/1832 1833/1833 1853/1853
f 1833/1833 1834/1834 1853/1853
f 1853/1853 1834/1834 1854/1854
f 1834/1834 1835/1835 1854/1854
f 1854/1854 1835/1835 1855/1855
f 1835/1835 1836/1836 1855/1855
f 1855/1855 1836/1836 1856/1856
f 1836/1836 1837/1837 1856/1856
f 1856/1856 1837/1837 1857/1857
f 1838/1838 1840/1840 1859/1859
f 1859/1859 1840/1840 1860/1860
f 1841/1841 1842/1842 1861/1861
f 1861/1861 1842/1842 1865/1865
f 1865/1865 1842/1842 1866/1866
f 1842/1842 1843/1843 1866/1866
f 1843/1843 1844/1844 1866/1866
f 1844/1844 1846/1846 1866/1866
f 1869/1869 1845/1845 1871/1871
f 1845/1845 1848/1848 1871/1871
f 1871/1871 1848/1848 1873/1873
f 1848/1848 1849/1849 1873/1873
f 1873/1873 1849/1849 1874/1874
f 1876/1876 1850/1850 1877/1877
f 1851/1851 1852/1852 1878/1878
f 1852/1852 1853/1853 1878/1878
f 1878/1878 1853/1853 1880/1880
f 1880/1880 1853/1853 1882/1882
f 1853/1853 1854/1854 1882/1882
f 1854/1854 1855/1855 1882/1882
f 1882/1882 1855/1855 1884/1884
f 1884/1884 1855/1855 1885/1885
f 1855/1855 1856/1856 1885/1885
f 1856/1856 1857/1857 1885/1885
f 1887/1887 1858/1858 1888/1888
f 1859/1859 1860/1860 1889/1889
f 1889/1889 1860/1860 1891/1891
f 1891/1891 1860/1860 1892/1892
f 1860/1860 1862/1862 1892/1892
f 1893/1893 1863/1863 1895/1895
f 1864/1864 1867/1867 1894/1894
f 1868/1868 1870/1870 1895/1895
f 1897/1897 1895/1895 1899/1899
f 1895/1895 1870/1870 1899/1899
f 1899/1899 1870/1870 1901/1901
f 1870/1870 1872/1872 1901/1901
f 1872/1872 1875/1875 1901/1901
f 1901/1901 1875/1875 1902/1902
f 1903/1903 1876/1876 1904/1904
f 1876/1876 1877/1877 1904/1904
f 1904/1904 1877/1877 1906/1906
f 1877/1877 1879/1879 1906/1906
f 1906/1906 1879/1879 1908/1908
f 1879/1879 1881/1881 1908/1908
f 1881/1881 1883/1883 1908/1908
f 1908/1908 1883/1883 1909/1909
f 1883/1883 1886/1886 1909/1909
f 1911/1911 1887/1887 1912/1912
f 1887/1887 1888/1888 1912/1912
f 1912/1912 1888/1888 1913/1913
f 1889/1889 1891/1891 1915/1915
f 1915/1915 1891/1891 1916/1916
f 1890/1890 1893/1893 1917/1917
f 1917/1917 1893/1893 1918/1918
f 1893/1893 1895/1895 1918/1918
f 1895/1895 1897/1897 1918/1918
f 1919/1919 1896/1896 1920/1920
f 1896/1896 1898/1898 1920/1920
f 1920/1920 1898/1898 1921/1921
f 1921/1921 1898/1898 1922/1922
f 1898/1898 1900/1900 1922/1922
f 1901/1901 1902/1902 1923/1923
f 1923/1923 1902/1902 1924/1924
f 1926/1926 1903/1903 1927/1927
f 1903/1903 1904/1904 1927/1927
f 1904/1904 1906/1906 1927/1927
f 1928/1928 1905/1905 1929/1929
f 1905/1905 1907/1907 1929/1929
f 1929/1929 1907/1907 1930/1930
f 1907/1907 1910/1910 1930/1930
f 1930/1930 1910/1910 1931/1931
f 1931/1931 1910/1910 1932/1932
f 1911/1911 1912/1912 1933/1933
f 1912/1912 1913/1913 1933/1933
f 1933/1933 1913/1913 1934/1934
f 1914/1914 1917/1917 1936/1936
f 1936/1936 1917/1917 1937/1937
f 1917/1917 1918/1918 1937/1937
f 1938/1938 1919/1919 1939/1939
f 1919/1919 1920/1920 1939/1939
f 1939/1939 1920/1920 1940/1940
f 1940/1940 1920/1920 1941/1941
f 1920/1920 1921/1921 1941/1941
f 1921/1921 1922/1922 1941/1941
f 1941/1941 1922/1922 1942/1942
f 1922/1922 1925/1925 1942/1942
f 1942/1942 1925/1925 1943/1943
f 1945/1945 1926/1926 1946/1946
f 1926/1926 1927/1927 1946/1946
f 1947/1947 1928/1928 1948/1948
f 1928/1928 1929/1929 1948/1948
f 1929/1929 1930/1930 1948/1948
f 1948/1948 1930/1930 1949/1949
f 1930/1930 1931/1931 1949/1949
f 1949/1949 1931/1931 1950/1950
f 1931/1931 1932/1932 1950/1950
f 1950/1950 1932/1932 1951/1951
f 1952/1952 1933/1933 1953/1953
f 1933/1933 1934/1934 1953/1953
f 1935/1935 1938/1938 1954/1954
f 1954/1954 1938/1938 1955/1955
f 1955/1955 1938/1938 1956/1956
f 1938/1938 1939/1939 1956/1956
f 1939/1939 1940/1940 1956/1956
f 1956/1956 1940/1940 1957/1957
f 1957/1957 1940/1940 1958/1958
f 1940/1940 1941/1941 1958/1958
f 1958/1958 1941/1941 1959/1959
f 1959/1959 1941/1941 1960/1960
f 1941/1941 1942/1942 1960/1960
f 1942/1942 1943/1943 1960/1960
f 1961/1961 1960/1960 1962/1962
f 1960/1960 1943/1943 1962/1962
f 1964/1964 1944/1944 1966/1966
f 1944/1944 1947/1947 1966/1966
f 1947/1947 1948/1948 1966/1966
f 1966/1966 1948/1948 1968/1968
f 1968/1968 1948/1948 1970/1970
f 1948/1948 1949/1949 1970/1970
f 1970/1970 1949/1949 1972/1972
f 1949/1949 1950/1950 1972/1972
f 1972/1972 1950/1950 1974/1974
f 1950/1950 1951/1951 1974/1974
f 1974/1974 1951/1951 1976/1976
f 1952/1952 1953/1953 1975/1975
f 1954/1954 1955/1955 1978/1978
f 1978/1978 1955/1955 1979/1979
f 1955/1955 1956/1956 1979/1979
f 1956/1956 1957/1957 1979/1979
f 1979/1979 1957/1957 1981/1981
f 1981/1981 1957/1957 1982/1982
f 1957/1957 1958/1958 1982/1982
f 1982/1982 1958/1958 1984/1984
f 1958/1958 1959/1959 1984/1984
f 1959/1959 1960/1960 1984/1984
f 1960/1960 1961/1961 1984/1984
f 1984/1984 1961/1961 1986/1986
f 1986/1986 1961/1961 1987/1987
f 1961/1961 1962/1962 1987/1987
f 1988/1988 1963/1963 1989/1989
f 1963/1963 1965/1965 1989/1989
f 1989/1989 1965/1965 1990/1990
f 1965/1965 1967/1967 1990/1990
f 1967/1967 1969/1969 1990/1990
f 1990/1990 1969/1969 1991/1991
f 1991/1991 1969/1969 1992/1992
f 1969/1969 1971/1971 1992/1992
f 1971/1971 1973/1973 1992/1992
f 1992/1992 1973/1973 1993/1993
f 1993/1993 1973/1973 1994/1994
f 1973/1973 1977/1977 1994/1994
f 1995/1995 1978/1978 1996/1996
f 1978/1978 1979/1979 1996/1996
f 1979/1979 1981/1981 1996/1996
f 1996/1996 1981/1981 1997/1997
f 1998/1998 1980/1980 2000/2000
f 1981/1981 1982/1982 1999/1999
f 1982/1982 1984/1984 1999/1999
f 2000/2000 1983/1983 2002/2002
f 1984/1984 1986/1986 2001/2001
f 2002/2002 1985/1985 2003/2003
f 2003/2003 1985/1985 2004/2004
f 2005/2005 1986/1986 2006/2006
f 1986/1986 1987/1987 2006/2006
f 2006/2006 1987/1987 2007/2007
f 1988/1988 1989/1989 2008/2008
f 1989/1989 1990/1990 2008/2008
f 2008/2008 1990/1990 2009/2009
f 2009/2009 1990/1990 2010/2010
f 1990/1990 1991/1991 2010/2010
f 2010/2010 1991/1991 2011/2011
f 1991/1991 1992/1992 2011/2011
f 2011/2011 1992/1992 2012/2012
f 1992/1992 1993/1993 2012/2012
f 2012/2012 1993/1993 2013/2013
f 1993/1993 1994/1994 2013/2013
f 2014/2014 1995/1995 2015/2015
f 1995/1995 1996/1996 2015/2015
f 1996/1996 1997/1997 2015/2015
f 2016/2016 1998/1998 2017/2017
f 1998/1998 2000/2000 2017/2017
f 2017/2017 2000/2000 2018/2018
f 2000/2000 2002/2002 2018/2018
f 2002/2002 2003/2003 2018/2018
f 2018/2018 2003/2003 2019/2019
f 2019/2019 2003/2003 2020/2020
f 2003/2003 2004/2004 2020/2020
f 2021/2021 2022/2022 2024/2024
f 2024/2024 2022/2022 2026/2026
f 2026/2026 2022/2022 2027/2027
f 2022/2022 2020/2020 2027/2027
f 2020/2020 2004/2004 2027/2027
f 2027/2027 2004/2004 2029/2029
f 2005/2005 2006/2006 2028/2028
f 2006/2006 2007/2007 2028/2028
f 2031/2031 2008/2008 2033/2033
f 2008/2008 2009/2009 2033/2033
f 2033/2033 2009/2009 2034/2034
f 2009/2009 2010/2010 2034/2034
f 2034/2034 2010/2010 2035/2035
f 2035/2035 2010/2010 2036/2036
f 2010/2010 2011/2011 2036/2036
f 2036/2036 2011/2011 2037/2037
f 2011/2011 2012/2012 2037/2037
f 2037/2037 2012/2012 2038/2038
f 2012/2012 2013/2013 2038/2038
f 2041/2041 2014/2014 2042/2042
f 2014/2014 2015/2015 2042/2042
f 2016/2016 2017/2017 2043/2043
f 2043/2043 2017/2017 2044/2044
f 2044/2044 2017/2017 2045/2045
f 2017/2017 2018/2018 2045/2045
f 2018/2018 2019/2019 2045/2045
f 2045/2045 2019/2019 2046/2046
f 2019/2019 2020/2020 2046/2046
f 2020/2020 2022/2022 2046/2046
f 2046/2046 2022/2022 2047/2047
f 2022/2022 2021/2021 2047/2047
f 2049/2049 2050/2050 2052/2052
f 2050/2050 2048/2048 2052/2052
f 2047/2047 2021/2021 2051/2051
f 2021/2021 2024/2024 2051/2051
f 2052/2052 2023/2023 2053/2053
f 2053/2053 2023/2023 2054/2054
f 2023/2023 2025/2025 2054/2054
f 2054/2054 2025/2025 2056/2056
f 2056/2056 2025/2025 2059/2059
f 2026/2026 2027/2027 2058/2058
f 2027/2027 2029/2029 2058/2058
f 2030/2030 2032/2032 2057/2057
f 2060/2060 2033/2033 2061/2061
f 2033/2033 2034/2034 2061/2061
f 2061/2061 2034/2034 2062/2062
f 2034/2034 2035/2035 2062/2062
f 2062/2062 2035/2035 2063/2063
f 2035/2035 2036/2036 2063/2063
f 2063/2063 2036/2036 2064/2064
f 2036/2036 2037/2037 2064/2064
f 2064/2064 2037/2037 2065/2065
f 2037/2037 2038/2038 2065/2065
f 2067/2067 2039/2039 2068/2068
f 2040/2040 2043/2043 2069/2069
f 2043/2043 2044/2044 2069/2069
f 2069/2069 2044/2044 2070/2070
f 2070/2070 2044/2044 2071/2071
f 2044/2044 2045/2045 2071/2071
f 2045/2045 2046/2046 2071/2071
f 2071/2071 2046/2046 2072/2072
f 2046/2046 2047/2047 2072/2072
f 2072/2072 2047/2047 2073/2073
f 2048/2048 2050/2050 2074/2074
f 2050/2050 2049/2049 2074/2074
f 2074/2074 2049/2049 2075/2075
f 2075/2075 2049/2049 2076/2076
f 2076/2076 2049/2049 2077/2077
f 2077/2077 2049/2049 2078/2078
f 2078/2078 2049/2049 2079/2079
f 2049/2049 2052/2052 2079/2079
f 2052/2052 2053/2053 2079/2079
f 2079/2079 2053/2053 2080/2080
f 2080/2080 2053/2053 2081/2081
f 2053/2053 2054/2054 2081/2081
f 2083/2083 2081/2081 2084/2084
f 2081/2081 2054/2054 2084/2084
f 2054/2054 2056/2056 2084/2084
f 2085/2085 2055/2055 2087/2087
f 2056/2056 2059/2059 2086/2086
f 2060/2060 2061/2061 2087/2087
f 2061/2061 2062/2062 2087/2087
f 2087/2087 2062/2062 2088/2088
f 2062/2062 2063/2063 2088/2088
f 2088/2088 2063/2063 2089/2089
f 2089/2089 2063/2063 2090/2090
f 2063/2063 2064/2064 2090/2090
f 2090/2090 2064/2064 2092/2092
f 2064/2064 2065/2065 2092/2092
f 2092/2092 2065/2065 2093/2093
f 2066/2066 2069/2069 2094/2094
f 2069/2069 2070/2070 2094/2094
f 2094/2094 2070/2070 2095/2095
f 2095/2095 2070/2070 2096/2096
f 2070/2070 2071/2071 2096/2096
f 2071/2071 2072/2072 2096/2096
f 2072/2072 2073/2073 2096/2096
f 2097/2097 2074/2074 2099/2099
f 2099/2099 2074/2074 2100/2100
f 2074/2074 2075/2075 2100/2100
f 2075/2075 2076/2076 2100/2100
f 2100/2100 2076/2076 2101/2101
f 2076/2076 2077/2077 2101/2101
f 2101/2101 2077/2077 2102/2102
f 2077/2077 2078/2078 2102/2102
f 2102/2102 2078/2078 2103/2103
f 2078/2078 2079/2079 2103/2103
f 2079/2079 2080/2080 2103/2103
f 2103/2103 2080/2080 2104/2104
f 2080/2080 2081/2081 2104/2104
f 2081/2081 2083/2083 2104/2104
f 2104/2104 2083/2083 2105/2105
f 2106/2106 2082/2082 2107/2107
f 2107/2107 2082/2082 2108/2108
f 2082/2082 2085/2085 2108/2108
f 2085/2085 2087/2087 2108/2108
f 2087/2087 2088/2088 2108/2108
f 2088/2088 2089/2089 2108/2108
f 2108/2108 2089/2089 2109/2109
f 2109/2109 2089/2089 2110/2110
f 2089/2089 2090/2090 2110/2110
f 2110/2110 2090/2090 2111/2111
f 2090/2090 2092/2092 2111/2111
f 2091/2091 2094/2094 2112/2112
f 2094/2094 2095/2095 2112/2112
f 2112/2112 2095/2095 2113/2113
f 2095/2095 2096/2096 2113/2113
f 2096/2096 2098/2098 2113/2113
f 2113/2113 2098/2098 2114/2114
f 2099/2099 2100/2100 2115/2115
f 2115/2115 2100/2100 2116/2116
f 2100/2100 2101/2101 2116/2116
f 2101/2101 2102/2102 2116/2116
f 2116/2116 2102/2102 2117/2117
f 2102/2102 2103/2103 2117/2117
f 2117/2117 2103/2103 2118/2118
f 2103/2103 2104/2104 2118/2118
f 2118/2118 2104/2104 2119/2119
f 2104/2104 2105/2105 2119/2119
f 2105/2105 2120/2120 2119/2119
f 2119/2119 2120/2120 2121/2121
f 2121/2121 2120/2120 2122/2122
f 2120/2120 2105/2105 2122/2122
f 2106/2106 2107/2107 2123/2123
f 2123/2123 2107/2107 2124/2124
f 2107/2107 2108/2108 2124/2124
f 2108/2108 2109/2109 2124/2124
f 2124/2124 2109/2109 2125/2125
f 2109/2109 2110/2110 2125/2125
f 2110/2110 2111/2111 2125/2125
f 2125/2125 2111/2111 2126/2126
f 2112/2112 2113/2113 2127/2127
f 2127/2127 2113/2113 2128/2128
f 2113/2113 2114/2114 2128/2128
f 2129/2129 2115/2115 2130/2130
f 2115/2115 2116/2116 2130/2130
f 2116/2116 2117/2117 2130/2130
f 2130/2130 2117/2117 2131/2131
f 2117/2117 2118/2118 2131/2131
f 2118/2118 2119/2119 2131/2131
f 2119/2119 2121/2121 2131/2131
f 2131/2131 2121/2121 2134/2134
f 2121/2121 2122/2122 2134/2134
f 2123/2123 2124/2124 2133/2133
f 2124/2124 2125/2125 2133/2133
f 2125/2125 2126/2126 2133/2133
f 2127/2127 2128/2128 2132/2132
f 2129/2129 2130/2130 2134/2134
f 2135/2135 2136/2136 2137/2137
f 2136/2136 2138/2138 2137/2137
f 2137/2137 2138/2138 2139/2139
f 2138/2138 2140/2140 2139/2139
f 2140/2140 2141/2141 2139/2139
f 2139/2139 2141/2141 2143/2143
f 2143/2143 2141/2141 2144/2144
f 2146/2146 2148/2148 2149/2149
f 2149/2149 2148/2148 2150/2150
f 2150/2150 2148/2148 2151/2151
f 2147/2147 2154/2154 2152/2152
f 2152/2152 2154/2154 2155/2155
f 2155/2155 2154/2154 2156/2156
f 2153/2153 2148/2148 2157/2157
f 2148/2148 2146/2146 2157/2157
f 2159/2159 2160/2160 2161/2161
f 2161/2161 2160/2160 2162/2162
f 2162/2162 2160/2160 2163/2163
f 2163/2163 2160/2160 2164/2164
f 2160/2160 2157/2157 2164/2164
f 2157/2157 2146/2146 2164/2164
f 2146/2146 2149/2149 2164/2164
f 2164/2164 2149/2149 2165/2165
f 2165/2165 2149/2149 2166/2166
f 2166/2166 2149/2149 2167/2167
f 2167/2167 2149/2149 2169/2169
f 2149/2149 2150/2150 2169/2169
f 2150/2150 2151/2151 2169/2169
f 2152/2152 2173/2173 2168/2168
f 2170/2170 2171/2171 2175/2175
f 2177/2177 2175/2175 2180/2180
f 2180/2180 2175/2175 2182/2182
f 2175/2175 2171/2171 2182/2182
f 2182/2182 2171/2171 2183/2183
f 2184/2184 2172/2172 2185/2185
f 2173/2173 2152/2152 2186/2186
f 2152/2152 2155/2155 2186/2186
f 2186/2186 2155/2155 2187/2187
f 2187/2187 2155/2155 2188/2188
f 2155/2155 2156/2156 2188/2188
f 2188/2188 2156/2156 2189/2189
f 2157/2157 2160/2160 2190/2190
f 2160/2160 2159/2159 2190/2190
f 2194/2194 2190/2190 2195/2195
f 2190/2190 2159/2159 2195/2195
f 2196/2196 2158/2158 2198/2198
f 2200/2200 2198/2198 2201/2201
f 2197/2197 2159/2159 2202/2202
f 2159/2159 2161/2161 2202/2202
f 2202/2202 2161/2161 2203/2203
f 2161/2161 2162/2162 2203/2203
f 2203/2203 2162/2162 2204/2204
f 2204/2204 2162/2162 2205/2205
f 2162/2162 2163/2163 2205/2205
f 2163/2163 2164/2164 2205/2205
f 2164/2164 2165/2165 2205/2205
f 2205/2205 2165/2165 2206/2206
f 2165/2165 2166/2166 2206/2206
f 2207/2207 2206/2206 2208/2208
f 2206/2206 2166/2166 2208/2208
f 2166/2166 2167/2167 2208/2208
f 2208/2208 2167/2167 2209/2209
f 2209/2209 2167/2167 2210/2210
f 2167/2167 2169/2169 2210/2210
f 2169/2169 2174/2174 2210/2210
f 2210/2210 2174/2174 2212/2212
f 2175/2175 2177/2177 2211/2211
f 2177/2177 2216/2216 2211/2211
f 2213/2213 2214/2214 2217/2217
f 2218/2218 2215/2215 2220/2220
f 2221/2221 2220/2220 2222/2222
f 2220/2220 2215/2215 2222/2222
f 2215/2215 2176/2176 2222/2222
f 2176/2176 2178/2178 2222/2222
f 2222/2222 2178/2178 2223/2223
f 2223/2223 2178/2178 2224/2224
f 2179/2179 2181/2181 2225/2225
f 2225/2225 2181/2181 2226/2226
f 2228/2228 2182/2182 2229/2229
f 2182/2182 2183/2183 2229/2229
f 2230/2230 2184/2184 2231/2231
f 2184/2184 2185/2185 2231/2231
f 2186/2186 2187/2187 2232/2232
f 2232/2232 2187/2187 2233/2233
f 2187/2187 2188/2188 2233/2233
f 2233/2233 2188/2188 2234/2234
f 2188/2188 2189/2189 2234/2234
f 2189/2189 2191/2191 2234/2234
f 2234/2234 2191/2191 2235/2235
f 2238/2238 2236/2236 2239/2239
f 2239/2239 2236/2236 2240/2240
f 2236/2236 2192/2192 2240/2240
f 2242/2242 2240/2240 2243/2243
f 2240/2240 2192/2192 2243/2243
f 2193/2193 2196/2196 2244/2244
f 2244/2244 2196/2196 2245/2245
f 2196/2196 2198/2198 2245/2245
f 2245/2245 2198/2198 2246/2246
f 2246/2246 2198/2198 2247/2247
f 2198/2198 2200/2200 2247/2247
f 2247/2247 2200/2200 2248/2248
f 2199/2199 2202/2202 2249/2249
f 2249/2249 2202/2202 2250/2250
f 2202/2202 2203/2203 2250/2250
f 2250/2250 2203/2203 2251/2251
f 2251/2251 2203/2203 2252/2252
f 2203/2203 2204/2204 2252/2252
f 2204/2204 2205/2205 2252/2252
f 2205/2205 2206/2206 2252/2252
f 2206/2206 2207/2207 2252/2252
f 2252/2252 2207/2207 2253/2253
f 2253/2253 2207/2207 2254/2254
f 2254/2254 2207/2207 2255/2255
f 2207/2207 2208/2208 2255/2255
f 2208/2208 2209/2209 2255/2255
f 2255/2255 2209/2209 2256/2256
f 2209/2209 2210/2210 2256/2256
f 2210/2210 2212/2212 2256/2256
f 2213/2213 2217/2217 2257/2257
f 2257/2257 2217/2217 2258/2258
f 2259/2259 2258/2258 2260/2260
f 2258/2258 2217/2217 2260/2260
f 2217/2217 2219/2219 2260/2260
f 2261/2261 2220/2220 2263/2263
f 2263/2263 2220/2220 2264/2264
f 2220/2220 2221/2221 2264/2264
f 2264/2264 2221/2221 2265/2265
f 2265/2265 2221/2221 2266/2266
f 2221/2221 2222/2222 2266/2266
f 2222/2222 2223/2223 2266/2266
f 2266/2266 2223/2223 2267/2267
f 2267/2267 2223/2223 2268/2268
f 2268/2268 2223/2223 2269/2269
f 2223/2223 2224/2224 2269/2269
f 2270/2270 2225/2225 2271/2271
f 2225/2225 2226/2226 2271/2271
f 2271/2271 2226/2226 2272/2272
f 2227/2227 2230/2230 2273/2273
f 2273/2273 2230/2230 2274/2274
f 2230/2230 2231/2231 2274/2274
f 2232/2232 2233/2233 2275/2275
f 2275/2275 2233/2233 2276/2276
f 2233/2233 2234/2234 2276/2276
f 2276/2276 2234/2234 2277/2277
f 2234/2234 2235/2235 2277/2277
f 2235/2235 2237/2237 2277/2277
f 2277/2277 2237/2237 2278/2278
f 2278/2278 2237/2237 2279/2279
f 2280/2280 2238/2238 2281/2281
f 2281/2281 2238/2238 2282/2282
f 2238/2238 2239/2239 2282/2282
f 2283/2283 2282/2282 2284/2284
f 2282/2282 2239/2239 2284/2284
f 2239/2239 2240/2240 2284/2284
f 2240/2240 2242/2242 2284/2284
f 2284/2284 2242/2242 2287/2287
f 2287/2287 2242/2242 2288/2288
f 2289/2289 2241/2241 2290/2290
f 2241/2241 2244/2244 2290/2290
f 2244/2244 2245/2245 2290/2290
f 2291/2291 2290/2290 2292/2292
f 2290/2290 2245/2245 2292/2292
f 2245/2245 2246/2246 2292/2292
f 2292/2292 2246/2246 2293/2293
f 2246/2246 2247/2247 2293/2293
f 2293/2293 2247/2247 2294/2294
f 2247/2247 2248/2248 2294/2294
f 2294/2294 2248/2248 2295/2295
f 2296/2296 2249/2249 2297/2297
f 2249/2249 2250/2250 2297/2297
f 2250/2250 2251/2251 2297/2297
f 2297/2297 2251/2251 2298/2298
f 2251/2251 2252/2252 2298/2298
f 2252/2252 2253/2253 2298/2298
f 2298/2298 2253/2253 2299/2299
f 2253/2253 2254/2254 2299/2299
f 2299/2299 2254/2254 2302/2302
f 2302/2302 2254/2254 2303/2303
f 2254/2254 2255/2255 2303/2303
f 2255/2255 2256/2256 2303/2303
f 2257/2257 2258/2258 2304/2304
f 2258/2258 2259/2259 2304/2304
f 2304/2304 2259/2259 2305/2305
f 2305/2305 2259/2259 2306/2306
f 2306/2306 2259/2259 2307/2307
f 2259/2259 2260/2260 2307/2307
f 2260/2260 2262/2262 2307/2307
f 2308/2308 2263/2263 2310/2310
f 2263/2263 2264/2264 2310/2310
f 2264/2264 2311/2311 2310/2310
f 2310/2310 2311/2311 2312/2312
f 2311/2311 2313/2313 2312/2312
f 2312/2312 2313/2313 2314/2314
f 2315/2315 2317/2317 2318/2318
f 2316/2316 2314/2314 2320/2320
f 2320/2320 2314/2314 2321/2321
f 2314/2314 2313/2313 2321/2321
f 2321/2321 2313/2313 2322/2322
f 2322/2322 2313/2313 2323/2323
f 2313/2313 2311/2311 2323/2323
f 2311/2311 2264/2264 2323/2323
f 2264/2264 2265/2265 2323/2323
f 2323/2323 2265/2265 2325/2325
f 2265/2265 2266/2266 2325/2325
f 2266/2266 2267/2267 2325/2325
f 2325/2325 2267/2267 2327/2327
f 2327/2327 2267/2267 2329/2329
f 2267/2267 2268/2268 2329/2329
f 2329/2329 2268/2268 2331/2331
f 2268/2268 2269/2269 2331/2331
f 2331/2331 2269/2269 2332/2332
f 2270/2270 2271/2271 2333/2333
f 2333/2333 2271/2271 2334/2334
f 2271/2271 2272/2272 2334/2334
f 2334/2334 2272/2272 2335/2335
f 2273/2273 2274/2274 2336/2336
f 2336/2336 2274/2274 2337/2337
f 2275/2275 2276/2276 2338/2338
f 2276/2276 2277/2277 2338/2338
f 2338/2338 2277/2277 2340/2340
f 2277/2277 2278/2278 2340/2340
f 2340/2340 2278/2278 2342/2342
f 2278/2278 2279/2279 2342/2342
f 2342/2342 2279/2279 2343/2343
f 2345/2345 2280/2280 2348/2348
f 2280/2280 2281/2281 2348/2348
f 2281/2281 2282/2282 2348/2348
f 2348/2348 2282/2282 2350/2350
f 2350/2350 2282/2282 2352/2352
f 2282/2282 2283/2283 2352/2352
f 2352/2352 2283/2283 2353/2353
f 2283/2283 2284/2284 2353/2353
f 2353/2353 2284/2284 2354/2354
f 2354/2354 2284/2284 2356/2356
f 2284/2284 2287/2287 2356/2356
f 2356/2356 2287/2287 2357/2357
f 2358/2358 2285/2285 2359/2359
f 2360/2360 2286/2286 2361/2361
f 2361/2361 2286/2286 2362/2362
f 2286/2286 2289/2289 2362/2362
f 2362/2362 2289/2289 2363/2363
f 2363/2363 2289/2289 2364/2364
f 2289/2289 2290/2290 2364/2364
f 2290/2290 2291/2291 2364/2364
f 2364/2364 2291/2291 2365/2365
f 2291/2291 2292/2292 2365/2365
f 2365/2365 2292/2292 2366/2366
f 2292/2292 2293/2293 2366/2366
f 2366/2366 2293/2293 2368/2368
f 2368/2368 2293/2293 2369/2369
f 2293/2293 2294/2294 2369/2369
f 2294/2294 2295/2295 2369/2369
f 2371/2371 2296/2296 2373/2373
f 2373/2373 2296/2296 2374/2374
f 2296/2296 2297/2297 2374/2374
f 2297/2297 2298/2298 2374/2374
f 2374/2374 2298/2298 2376/2376
f 2298/2298 2299/2299 2376/2376
f 2376/2376 2299/2299 2377/2377
f 2299/2299 2302/2302 2377/2377
f 2378/2378 2300/2300 2379/2379
f 2301/2301 2304/2304 2380/2380
f 2304/2304 2305/2305 2380/2380
f 2380/2380 2305/2305 2381/2381
f 2305/2305 2306/2306 2381/2381
f 2381/2381 2306/2306 2382/2382
f 2382/2382 2306/2306 2383/2383
f 2306/2306 2307/2307 2383/2383
f 2307/2307 2309/2309 2383/2383
f 2383/2383 2309/2309 2384/2384
f 2310/2310 2312/2312 2385/2385
f 2385/2385 2312/2312 2387/2387
f 2312/2312 2314/2314 2387/2387
f 2314/2314 2316/2316 2387/2387
f 2387/2387 2316/2316 2388/2388
f 2390/2390 2317/2317 2391/2391
f 2391/2391 2317/2317 2392/2392
f 2317/2317 2315/2315 2392/2392
f 2392/2392 2315/2315 2393/2393
f 2315/2315 2396/2396 2393/2393
f 2395/2395 2397/2397 2394/2394
f 2394/2394 2397/2397 2398/2398
f 2398/2398 2397/2397 2399/2399
f 2397/2397 2400/2400 2399/2399
f 2399/2399 2400/2400 2401/2401
f 2400/2400 2145/2145 2401/2401
f 2144/2144 2141/2141 2402/2402
f 2402/2402 2141/2141 2403/2403
f 2141/2141 2140/2140 2403/2403
f 2403/2403 2140/2140 2404/2404
f 2404/2404 2140/2140 2405/2405
f 2140/2140 2138/2138 2405/2405
f 2138/2138 2136/2136 2405/2405
f 2405/2405 2136/2136 2406/2406
f 2407/2407 2406/2406 2408/2408
f 2406/2406 2136/2136 2408/2408
f 2136/2136 2135/2135 2408/2408
f 2408/2408 2135/2135 2409/2409
f 2409/2409 2135/2135 2410/2410
f 2410/2410 2135/2135 2411/2411
f 2411/2411 2135/2135 2412/2412
f 2135/2135 2137/2137 2412/2412
f 2412/2412 2137/2137 2414/2414
f 2137/2137 2139/2139 2414/2414
f 2139/2139 2143/2143 2414/2414
f 2414/2414 2143/2143 2415/2415
f 2416/2416 2142/2142 2417/2417
f 2142/2142 2145/2145 2417/2417
f 2417/2417 2145/2145 2418/2418
f 2145/2145 2400/2400 2418/2418
f 2400/2400 2397/2397 2418/2418
f 2418/2418 2397/2397 2419/2419
f 2397/2397 2395/2395 2419/2419
f 2419/2419 2395/2395 2420/2420
f 2421/2421 2396/2396 2422/2422
f 2396/2396 2315/2315 2422/2422
f 2315/2315 2318/2318 2422/2422
f 2422/2422 2318/2318 2423/2423
f 2424/2424 2319/2319 2425/2425
f 2320/2320 2321/2321 2426/2426
f 2321/2321 2322/2322 2426/2426
f 2426/2426 2322/2322 2428/2428
f 2428/2428 2322/2322 2429/2429
f 2322/2322 2323/2323 2429/2429
f 2323/2323 2325/2325 2429/2429
f 2430/2430 2324/2324 2431/2431
f 2324/2324 2326/2326 2431/2431
f 2431/2431 2326/2326 2432/2432
f 2326/2326 2328/2328 2432/2432
f 2432/2432 2328/2328 2433/2433
f 2328/2328 2330/2330 2433/2433
f 2433/2433 2330/2330 2435/2435
f 2435/2435 2330/2330 2437/2437
f 2331/2331 2332/2332 2436/2436
f 2438/2438 2333/2333 2439/2439
f 2333/2333 2334/2334 2439/2439
f 2439/2439 2334/2334 2440/2440
f 2334/2334 2335/2335 2440/2440
f 2336/2336 2337/2337 2441/2441
f 2337/2337 2339/2339 2441/2441
f 2441/2441 2339/2339 2443/2443
f 2339/2339 2341/2341 2443/2443
f 2341/2341 2344/2344 2443/2443
f 2443/2443 2344/2344 2444/2444
f 2344/2344 2346/2346 2444/2444
f 2446/2446 2347/2347 2447/2447
f 2347/2347 2349/2349 2447/2447
f 2447/2447 2349/2349 2449/2449
f 2449/2449 2349/2349 2451/2451
f 2349/2349 2351/2351 2451/2451
f 2451/2451 2351/2351 2452/2452
f 2352/2352 2353/2353 2453/2453
f 2453/2453 2353/2353 2454/2454
f 2353/2353 2354/2354 2454/2454
f 2354/2354 2356/2356 2454/2454
f 2456/2456 2355/2355 2458/2458
f 2458/2458 2355/2355 2459/2459
f 2355/2355 2358/2358 2459/2459
f 2358/2358 2359/2359 2459/2459
f 2459/2459 2359/2359 2460/2460
f 2462/2462 2360/2360 2464/2464
f 2360/2360 2361/2361 2464/2464
f 2361/2361 2362/2362 2464/2464
f 2464/2464 2362/2362 2466/2466
f 2466/2466 2362/2362 2467/2467
f 2362/2362 2363/2363 2467/2467
f 2363/2363 2364/2364 2467/2467
f 2467/2467 2364/2364 2468/2468
f 2364/2364 2365/2365 2468/2468
f 2468/2468 2365/2365 2470/2470
f 2470/2470 2365/2365 2471/2471
f 2365/2365 2366/2366 2471/2471
f 2366/2366 2368/2368 2471/2471
f 2472/2472 2367/2367 2473/2473
f 2367/2367 2370/2370 2473/2473
f 2473/2473 2370/2370 2474/2474
f 2370/2370 2372/2372 2474/2474
f 2475/2475 2373/2373 2479/2479
f 2479/2479 2373/2373 2480/2480
f 2373/2373 2374/2374 2480/2480
f 2374/2374 2376/2376 2480/2480
f 2481/2481 2375/2375 2482/2482
f 2375/2375 2378/2378 2482/2482
f 2482/2482 2378/2378 2483/2483
f 2378/2378 2379/2379 2483/2483
f 2484/2484 2380/2380 2486/2486
f 2380/2380 2381/2381 2486/2486
f 2486/2486 2381/2381 2487/2487
f 2381/2381 2382/2382 2487/2487
f 2488/2488 2487/2487 2489/2489
f 2487/2487 2382/2382 2489/2489
f 2382/2382 2383/2383 2489/2489
f 2383/2383 2384/2384 2489/2489
f 2489/2489 2384/2384 2491/2491
f 2384/2384 2386/2386 2491/2491
f 2387/2387 2388/2388 2490/2490
f 2491/2491 2389/2389 2492/2492
f 2390/2390 2391/2391 2493/2493
f 2493/2493 2391/2391 2494/2494
f 2494/2494 2391/2391 2495/2495
f 2391/2391 2392/2392 2495/2495
f 2392/2392 2393/2393 2495/2495
f 2495/2495 2393/2393 2496/2496
f 2394/2394 2398/2398 2497/2497
f 2398/2398 2399/2399 2497/2497
f 2497/2497 2399/2399 2498/2498
f 2399/2399 2401/2401 2498/2498
f 2499/2499 2402/2402 2500/2500
f 2402/2402 2403/2403 2500/2500
f 2500/2500 2403/2403 2501/2501
f 2501/2501 2403/2403 2502/2502
f 2403/2403 2404/2404 2502/2502
f 2502/2502 2404/2404 2503/2503
f 2404/2404 2405/2405 2503/2503
f 2503/2503 2405/2405 2504/2504
f 2405/2405 2406/2406 2504/2504
f 2504/2504 2406/2406 2505/2505
f 2406/2406 2407/2407 2505/2505
f 2506/2506 2507/2507 2508/2508
f 2507/2507 2505/2505 2508/2508
f 2508/2508 2505/2505 2509/2509
f 2505/2505 2407/2407 2509/2509
f 2407/2407 2408/2408 2509/2509
f 2509/2509 2408/2408 2510/2510
f 2408/2408 2409/2409 2510/2510
f 2510/2510 2409/2409 2511/2511
f 2511/2511 2409/2409 2512/2512
f 2409/2409 2410/2410 2512/2512
f 2512/2512 2410/2410 2513/2513
f 2513/2513 2410/2410 2514/2514
f 2514/2514 2410/2410 2515/2515
f 2410/2410 2411/2411 2515/2515
f 2515/2515 2411/2411 2516/2516
f 2411/2411 2412/2412 2516/2516
f 2516/2516 2412/2412 2517/2517
f 2412/2412 2414/2414 2517/2517
f 2517/2517 2414/2414 2518/2518
f 2413/2413 2416/2416 2519/2519
f 2519/2519 2416/2416 2520/2520
f 2416/2416 2417/2417 2520/2520
f 2417/2417 2418/2418 2520/2520
f 2520/2520 2418/2418 2521/2521
f 2418/2418 2419/2419 2521/2521
f 2521/2521 2419/2419 2522/2522
f 2522/2522 2419/2419 2523/2523
f 2419/2419 2420/2420 2523/2523
f 2421/2421 2422/2422 2524/2524
f 2524/2524 2422/2422 2525/2525
f 2422/2422 2423/2423 2525/2525
f 2525/2525 2423/2423 2526/2526
f 2424/2424 2425/2425 2527/2527
f 2527/2527 2425/2425 2528/2528
f 2425/2425 2427/2427 2528/2528
f 2528/2528 2427/2427 2529/2529
f 2427/2427 2430/2430 2529/2529
f 2430/2430 2431/2431 2529/2529
f 2530/2530 2529/2529 2531/2531
f 2529/2529 2431/2431 2531/2531
f 2431/2431 2432/2432 2531/2531
f 2531/2531 2432/2432 2532/2532
f 2532/2532 2432/2432 2533/2533
f 2432/2432 2433/2433 2533/2533
f 2533/2533 2433/2433 2534/2534
f 2433/2433 2435/2435 2534/2534
f 2534/2534 2435/2435 2535/2535
f 2434/2434 2438/2438 2536/2536
f 2536/2536 2438/2438 2537/2537
f 2438/2438 2439/2439 2537/2537
f 2537/2537 2439/2439 2539/2539
f 2439/2439 2440/2440 2539/2539
f 2440/2440 2442/2442 2539/2539
f 2443/2443 2444/2444 2538/2538
f 2539/2539 2445/2445 2541/2541
f 2541/2541 2445/2445 2542/2542
f 2446/2446 2447/2447 2544/2544
f 2544/2544 2447/2447 2545/2545
f 2447/2447 2449/2449 2545/2545
f 2546/2546 2448/2448 2548/2548
f 2449/2449 2451/2451 2547/2547
f 2548/2548 2450/2450 2549/2549
f 2451/2451 2452/2452 2550/2550
f 2550/2550 2452/2452 2552/2552
f 2452/2452 2455/2455 2552/2552
f 2456/2456 2458/2458 2551/2551
f 2554/2554 2457/2457 2555/2555
f 2557/2557 2458/2458 2560/2560
f 2458/2458 2459/2459 2560/2560
f 2560/2560 2459/2459 2561/2561
f 2459/2459 2460/2460 2561/2561
f 2563/2563 2461/2461 2565/2565
f 2461/2461 2463/2463 2565/2565
f 2565/2565 2463/2463 2567/2567
f 2463/2463 2465/2465 2567/2567
f 2567/2567 2465/2465 2568/2568
f 2466/2466 2467/2467 2570/2570
f 2570/2570 2467/2467 2571/2571
f 2467/2467 2468/2468 2571/2571
f 2468/2468 2470/2470 2571/2571
f 2572/2572 2469/2469 2573/2573
f 2573/2573 2469/2469 2574/2574
f 2469/2469 2472/2472 2574/2574
f 2472/2472 2473/2473 2574/2574
f 2574/2574 2473/2473 2576/2576
f 2576/2576 2473/2473 2577/2577
f 2473/2473 2474/2474 2577/2577
f 2474/2474 2476/2476 2577/2577
f 2579/2579 2477/2477 2580/2580
f 2582/2582 2478/2478 2583/2583
f 2478/2478 2481/2481 2583/2583
f 2481/2481 2482/2482 2583/2583
f 2583/2583 2482/2482 2584/2584
f 2482/2482 2483/2483 2584/2584
f 2584/2584 2483/2483 2585/2585
f 2483/2483 2485/2485 2585/2585
f 2586/2586 2486/2486 2587/2587
f 2486/2486 2487/2487 2587/2587
f 2587/2587 2487/2487 2588/2588
f 2487/2487 2488/2488 2588/2588
f 2588/2588 2488/2488 2589/2589
f 2589/2589 2488/2488 2590/2590
f 2488/2488 2489/2489 2590/2590
f 2489/2489 2491/2491 2590/2590
f 2590/2590 2491/2491 2591/2591
f 2491/2491 2492/2492 2591/2591
f 2493/2493 2494/2494 2592/2592
f 2592/2592 2494/2494 2593/2593
f 2593/2593 2494/2494 2594/2594
f 2494/2494 2495/2495 2594/2594
f 2594/2594 2495/2495 2596/2596
f 2495/2495 2496/2496 2596/2596
f 2497/2497 2498/2498 2595/2595
f 2597/2597 2499/2499 2599/2599
f 2499/2499 2500/2500 2599/2599
f 2599/2599 2500/2500 2600/2600
f 2500/2500 2501/2501 2600/2600
f 2600/2600 2501/2501 2601/2601
f 2601/2601 2501/2501 2602/2602
f 2501/2501 2502/2502 2602/2602
f 2602/2602 2502/2502 2603/2603
f 2502/2502 2503/2503 2603/2603
f 2503/2503 2504/2504 2603/2603
f 2603/2603 2504/2504 2604/2604
f 2504/2504 2505/2505 2604/2604
f 2505/2505 2507/2507 2604/2604
f 2604/2604 2507/2507 2605/2605
f 2605/2605 2507/2507 2606/2606
f 2507/2507 2506/2506 2606/2606
f 2606/2606 2506/2506 2607/2607
f 2608/2608 2607/2607 2609/2609
f 2607/2607 2506/2506 2609/2609
f 2506/2506 2508/2508 2609/2609
f 2609/2609 2508/2508 2610/2610
f 2508/2508 2509/2509 2610/2610
f 2610/2610 2509/2509 2611/2611
f 2611/2611 2509/2509 2612/2612
f 2509/2509 2510/2510 2612/2612
f 2510/2510 2511/2511 2612/2612
f 2612/2612 2511/2511 2613/2613
f 2613/2613 2511/2511 2614/2614
f 2511/2511 2512/2512 2614/2614
f 2614/2614 2512/2512 2615/2615
f 2512/2512 2513/2513 2615/2615
f 2615/2615 2513/2513 2616/2616
f 2513/2513 2618/2618 2616/2616
f 2619/2619 2621/2621 2622/2622
f 2621/2621 2617/2617 2622/2622
f 2616/2616 2618/2618 2623/2623
f 2623/2623 2618/2618 2624/2624
f 2618/2618 2513/2513 2624/2624
f 2513/2513 2514/2514 2624/2624
f 2624/2624 2514/2514 2625/2625
f 2514/2514 2515/2515 2625/2625
f 2625/2625 2515/2515 2626/2626
f 2515/2515 2516/2516 2626/2626
f 2626/2626 2516/2516 2627/2627
f 2516/2516 2517/2517 2627/2627
f 2517/2517 2518/2518 2627/2627
f 2628/2628 2519/2519 2630/2630
f 2630/2630 2519/2519 2631/2631
f 2519/2519 2520/2520 2631/2631
f 2520/2520 2521/2521 2631/2631
f 2631/2631 2521/2521 2632/2632
f 2521/2521 2522/2522 2632/2632
f 2632/2632 2522/2522 2633/2633
f 2522/2522 2523/2523 2633/2633
f 2633/2633 2523/2523 2634/2634
f 2634/2634 2523/2523 2635/2635
f 2524/2524 2525/2525 2637/2637
f 2525/2525 2526/2526 2637/2637
f 2637/2637 2526/2526 2638/2638
f 2640/2640 2527/2527 2641/2641
f 2527/2527 2528/2528 2641/2641
f 2528/2528 2529/2529 2641/2641
f 2529/2529 2530/2530 2641/2641
f 2641/2641 2530/2530 2642/2642
f 2642/2642 2530/2530 2643/2643
f 2530/2530 2531/2531 2643/2643
f 2531/2531 2532/2532 2643/2643
f 2643/2643 2532/2532 2644/2644
f 2644/2644 2532/2532 2647/2647
f 2532/2532 2533/2533 2647/2647
f 2533/2533 2534/2534 2647/2647
f 2647/2647 2534/2534 2648/2648
f 2534/2534 2535/2535 2648/2648
f 2651/2651 2536/2536 2653/2653
f 2536/2536 2537/2537 2653/2653
f 2653/2653 2537/2537 2655/2655
f 2537/2537 2539/2539 2655/2655
f 2539/2539 2541/2541 2655/2655
f 2655/2655 2541/2541 2656/2656
f 2540/2540 2543/2543 2659/2659
f 2659/2659 2543/2543 2661/2661
f 2543/2543 2546/2546 2661/2661
f 2661/2661 2546/2546 2663/2663
f 2546/2546 2548/2548 2663/2663
f 2663/2663 2548/2548 2666/2666
f 2666/2666 2548/2548 2667/2667
f 2548/2548 2549/2549 2667/2667
f 2667/2667 2549/2549 2668/2668
f 2549/2549 2553/2553 2668/2668
f 2553/2553 2556/2556 2668/2668
f 2668/2668 2556/2556 2669/2669
f 2669/2669 2556/2556 2670/2670
f 2556/2556 2558/2558 2670/2670
f 2670/2670 2558/2558 2672/2672
f 2559/2559 2562/2562 2671/2671
f 2674/2674 2563/2563 2675/2675
f 2563/2563 2565/2565 2675/2675
f 2677/2677 2564/2564 2679/2679
f 2565/2565 2567/2567 2678/2678
f 2679/2679 2566/2566 2680/2680
f 2566/2566 2569/2569 2680/2680
f 2569/2569 2572/2572 2680/2680
f 2680/2680 2572/2572 2681/2681
f 2572/2572 2573/2573 2681/2681
f 2681/2681 2573/2573 2683/2683
f 2683/2683 2573/2573 2684/2684
f 2573/2573 2574/2574 2684/2684
f 2574/2574 2576/2576 2684/2684
f 2685/2685 2575/2575 2686/2686
f 2686/2686 2575/2575 2687/2687
f 2575/2575 2578/2578 2687/2687
f 2578/2578 2581/2581 2687/2687
f 2688/2688 2582/2582 2690/2690
f 2582/2582 2583/2583 2690/2690
f 2690/2690 2583/2583 2691/2691
f 2583/2583 2584/2584 2691/2691
f 2691/2691 2584/2584 2692/2692
f 2584/2584 2585/2585 2692/2692
f 2692/2692 2585/2585 2693/2693
f 2586/2586 2587/2587 2694/2694
f 2694/2694 2587/2587 2696/2696
f 2587/2587 2588/2588 2696/2696
f 2696/2696 2588/2588 2698/2698
f 2588/2588 2589/2589 2698/2698
f 2698/2698 2589/2589 2699/2699
f 2589/2589 2590/2590 2699/2699
f 2590/2590 2591/2591 2699/2699
f 2592/2592 2593/2593 2700/2700
f 2700/2700 2593/2593 2701/2701
f 2701/2701 2593/2593 2702/2702
f 2593/2593 2594/2594 2702/2702
f 2702/2702 2594/2594 2703/2703
f 2594/2594 2596/2596 2703/2703
f 2596/2596 2598/2598 2703/2703
f 2704/2704 2599/2599 2706/2706
f 2706/2706 2599/2599 2707/2707
f 2599/2599 2600/2600 2707/2707
f 2600/2600 2601/2601 2707/2707
f 2707/2707 2601/2601 2708/2708
f 2708/2708 2601/2601 2709/2709
f 2601/2601 2602/2602 2709/2709
f 2602/2602 2603/2603 2709/2709
f 2709/2709 2603/2603 2710/2710
f 2603/2603 2604/2604 2710/2710
f 2604/2604 2605/2605 2710/2710
f 2710/2710 2605/2605 2711/2711
f 2711/2711 2605/2605 2712/2712
f 2712/2712 2605/2605 2713/2713
f 2605/2605 2606/2606 2713/2713
f 2606/2606 2607/2607 2713/2713
f 2713/2713 2607/2607 2714/2714
f 2607/2607 2608/2608 2714/2714
f 2714/2714 2608/2608 2715/2715
f 2716/2716 2715/2715 2717/2717
f 2717/2717 2715/2715 2718/2718
f 2715/2715 2608/2608 2718/2718
f 2718/2718 2608/2608 2719/2719
f 2608/2608 2609/2609 2719/2719
f 2719/2719 2609/2609 2720/2720
f 2609/2609 2610/2610 2720/2720
f 2720/2720 2610/2610 2721/2721
f 2721/2721 2610/2610 2722/2722
f 2610/2610 2611/2611 2722/2722
f 2722/2722 2611/2611 2723/2723
f 2611/2611 2612/2612 2723/2723
f 2723/2723 2612/2612 2724/2724
f 2612/2612 2613/2613 2724/2724
f 2724/2724 2613/2613 2725/2725
f 2613/2613 2614/2614 2725/2725
f 2725/2725 2614/2614 2726/2726
f 2614/2614 2615/2615 2726/2726
f 2726/2726 2615/2615 2728/2728
f 2615/2615 2616/2616 2728/2728
f 2728/2728 2616/2616 2729/2729
f 2616/2616 2620/2620 2729/2729
f 2730/2730 2621/2621 2731/2731
f 2621/2621 2619/2619 2731/2731
f 2731/2731 2619/2619 2732/2732
f 2732/2732 2619/2619 2733/2733
f 2733/2733 2619/2619 2734/2734
f 2619/2619 2622/2622 2734/2734
f 2734/2734 2622/2622 2735/2735
f 2623/2623 2624/2624 2736/2736
f 2736/2736 2624/2624 2738/2738
f 2624/2624 2625/2625 2738/2738
f 2625/2625 2626/2626 2738/2738
f 2738/2738 2626/2626 2740/2740
f 2740/2740 2626/2626 2741/2741
f 2626/2626 2627/2627 2741/2741
f 2627/2627 2629/2629 2741/2741
f 2743/2743 2630/2630 2745/2745
f 2745/2745 2630/2630 2746/2746
f 2630/2630 2631/2631 2746/2746
f 2746/2746 2631/2631 2747/2747
f 2631/2631 2632/2632 2747/2747
f 2747/2747 2632/2632 2748/2748
f 2632/2632 2633/2633 2748/2748
f 2748/2748 2633/2633 2749/2749
f 2633/2633 2634/2634 2749/2749
f 2634/2634 2635/2635 2749/2749
f 2749/2749 2635/2635 2750/2750
f 2636/2636 2639/2639 2751/2751
f 2751/2751 2639/2639 2752/2752
f 2640/2640 2641/2641 2753/2753
f 2641/2641 2642/2642 2753/2753
f 2753/2753 2642/2642 2755/2755
f 2755/2755 2642/2642 2757/2757
f 2642/2642 2643/2643 2757/2757
f 2757/2757 2643/2643 2759/2759
f 2643/2643 2644/2644 2759/2759
f 2759/2759 2644/2644 2760/2760
f 2644/2644 2647/2647 2760/2760
f 2761/2761 2645/2645 2763/2763
f 2646/2646 2649/2649 2762/2762
f 2763/2763 2650/2650 2765/2765
f 2651/2651 2653/2653 2764/2764
f 2765/2765 2652/2652 2768/2768
f 2653/2653 2655/2655 2767/2767
f 2654/2654 2657/2657 2766/2766
f 2768/2768 2658/2658 2769/2769
f 2658/2658 2660/2660 2769/2769
f 2769/2769 2660/2660 2770/2770
f 2660/2660 2662/2662 2770/2770
f 2770/2770 2662/2662 2772/2772
f 2662/2662 2664/2664 2772/2772
f 2772/2772 2664/2664 2773/2773
f 2774/2774 2665/2665 2775/2775
f 2666/2666 2667/2667 2776/2776
f 2667/2667 2668/2668 2776/2776
f 2776/2776 2668/2668 2778/2778
f 2668/2668 2669/2669 2778/2778
f 2778/2778 2669/2669 2779/2779
f 2669/2669 2670/2670 2779/2779
f 2670/2670 2672/2672 2779/2779
f 2779/2779 2672/2672 2780/2780
f 2673/2673 2676/2676 2781/2781
f 2781/2781 2676/2676 2782/2782
f 2782/2782 2676/2676 2783/2783
f 2677/2677 2679/2679 2784/2784
f 2784/2784 2679/2679 2787/2787
f 2679/2679 2680/2680 2787/2787
f 2680/2680 2681/2681 2787/2787
f 2787/2787 2681/2681 2788/2788
f 2681/2681 2683/2683 2788/2788
f 2789/2789 2682/2682 2790/2790
f 2790/2790 2682/2682 2791/2791
f 2682/2682 2685/2685 2791/2791
f 2685/2685 2686/2686 2791/2791
f 2791/2791 2686/2686 2792/2792
f 2792/2792 2686/2686 2793/2793
f 2686/2686 2687/2687 2793/2793
f 2687/2687 2689/2689 2793/2793
f 2794/2794 2690/2690 2796/2796
f 2796/2796 2690/2690 2797/2797
f 2690/2690 2691/2691 2797/2797
f 2691/2691 2692/2692 2797/2797
f 2798/2798 2797/2797 2799/2799
f 2797/2797 2692/2692 2799/2799
f 2692/2692 2693/2693 2799/2799
f 2799/2799 2693/2693 2800/2800
f 2693/2693 2695/2695 2800/2800
f 2801/2801 2696/2696 2802/2802
f 2696/2696 2698/2698 2802/2802
f 2805/2805 2804/2804 2807/2807
f 2802/2802 2698/2698 2806/2806
f 2697/2697 2700/2700 2807/2807
f 2700/2700 2701/2701 2807/2807
f 2807/2807 2701/2701 2808/2808
f 2808/2808 2701/2701 2809/2809
f 2701/2701 2702/2702 2809/2809
f 2809/2809 2702/2702 2810/2810
f 2702/2702 2703/2703 2810/2810
f 2810/2810 2703/2703 2811/2811
f 2703/2703 2705/2705 2811/2811
f 2812/2812 2706/2706 2813/2813
f 2706/2706 2707/2707 2813/2813
f 2707/2707 2708/2708 2813/2813
f 2813/2813 2708/2708 2814/2814
f 2814/2814 2708/2708 2815/2815
f 2708/2708 2709/2709 2815/2815
f 2709/2709 2710/2710 2815/2815
f 2710/2710 2711/2711 2815/2815
f 2815/2815 2711/2711 2816/2816
f 2816/2816 2711/2711 2817/2817
f 2711/2711 2712/2712 2817/2817
f 2712/2712 2713/2713 2817/2817
f 2817/2817 2713/2713 2818/2818
f 2818/2818 2713/2713 2819/2819
f 2713/2713 2714/2714 2819/2819
f 2714/2714 2715/2715 2819/2819
f 2715/2715 2716/2716 2819/2819
f 2819/2819 2716/2716 2820/2820
f 2820/2820 2716/2716 2821/2821
f 2716/2716 2717/2717 2821/2821
f 2717/2717 2822/2822 2821/2821
f 2821/2821 2822/2822 2823/2823
f 2823/2823 2822/2822 2824/2824
f 2824/2824 2822/2822 2825/2825
f 2825/2825 2822/2822 2826/2826
f 2822/2822 2717/2717 2826/2826
f 2717/2717 2718/2718 2826/2826
f 2826/2826 2718/2718 2827/2827
f 2827/2827 2718/2718 2828/2828
f 2718/2718 2719/2719 2828/2828
f 2719/2719 2720/2720 2828/2828
f 2828/2828 2720/2720 2829/2829
f 2720/2720 2721/2721 2829/2829
f 2829/2829 2721/2721 2830/2830
f 2721/2721 2722/2722 2830/2830
f 2722/2722 2723/2723 2830/2830
f 2830/2830 2723/2723 2831/2831
f 2723/2723 2724/2724 2831/2831
f 2831/2831 2724/2724 2832/2832
f 2724/2724 2725/2725 2832/2832
f 2832/2832 2725/2725 2833/2833
f 2725/2725 2726/2726 2833/2833
f 2726/2726 2728/2728 2833/2833
f 2833/2833 2728/2728 2834/2834
f 2835/2835 2727/2727 2836/2836
f 2727/2727 2730/2730 2836/2836
f 2730/2730 2731/2731 2836/2836
f 2731/2731 2732/2732 2836/2836
f 2837/2837 2836/2836 2838/2838
f 2838/2838 2836/2836 2839/2839
f 2836/2836 2732/2732 2839/2839
f 2732/2732 2733/2733 2839/2839
f 2839/2839 2733/2733 2840/2840
f 2840/2840 2733/2733 2841/2841
f 2733/2733 2734/2734 2841/2841
f 2841/2841 2734/2734 2842/2842
f 2734/2734 2735/2735 2842/2842
f 2842/2842 2735/2735 2843/2843
f 2735/2735 2737/2737 2843/2843
f 2737/2737 2739/2739 2843/2843
f 2843/2843 2739/2739 2844/2844
f 2739/2739 2742/2742 2844/2844
f 2844/2844 2742/2742 2845/2845
f 2742/2742 2744/2744 2845/2845
f 2846/2846 2745/2745 2847/2847
f 2847/2847 2745/2745 2848/2848
f 2745/2745 2746/2746 2848/2848
f 2848/2848 2746/2746 2849/2849
f 2746/2746 2747/2747 2849/2849
f 2747/2747 2748/2748 2849/2849
f 2849/2849 2748/2748 2850/2850
f 2850/2850 2748/2748 2851/2851
f 2748/2748 2749/2749 2851/2851
f 2749/2749 2750/2750 2851/2851
f 2851/2851 2750/2750 2852/2852
f 2751/2751 2752/2752 2853/2853
f 2752/2752 2754/2754 2853/2853
f 2853/2853 2754/2754 2855/2855
f 2855/2855 2754/2754 2857/2857
f 2755/2755 2757/2757 2856/2856
f 2858/2858 2756/2756 2860/2860
f 2757/2757 2759/2759 2859/2859
f 2860/2860 2758/2758 2861/2861
f 2758/2758 2761/2761 2861/2861
f 2861/2861 2761/2761 2862/2862
f 2862/2862 2761/2761 2863/2863
f 2761/2761 2763/2763 2863/2863
f 2763/2763 2765/2765 2863/2863
f 2863/2863 2765/2765 2864/2864
f 2765/2765 2768/2768 2864/2864
f 2768/2768 2769/2769 2864/2864
f 2864/2864 2769/2769 2865/2865
f 2769/2769 2770/2770 2865/2865
f 2865/2865 2770/2770 2866/2866
f 2770/2770 2772/2772 2866/2866
f 2866/2866 2772/2772 2867/2867
f 2771/2771 2774/2774 2868/2868
f 2868/2868 2774/2774 2869/2869
f 2774/2774 2775/2775 2869/2869
f 2775/2775 2777/2777 2869/2869
f 2869/2869 2777/2777 2870/2870
f 2778/2778 2779/2779 2871/2871
f 2871/2871 2779/2779 2872/2872
f 2779/2779 2780/2780 2872/2872
f 2874/2874 2781/2781 2875/2875
f 2781/2781 2782/2782 2875/2875
f 2875/2875 2782/2782 2877/2877
f 2782/2782 2783/2783 2877/2877
f 2877/2877 2783/2783 2878/2878
f 2783/2783 2785/2785 2878/2878
f 2786/2786 2789/2789 2879/2879
f 2879/2879 2789/2789 2880/2880
f 2789/2789 2790/2790 2880/2880
f 2880/2880 2790/2790 2881/2881
f 2790/2790 2791/2791 2881/2881
f 2881/2881 2791/2791 2882/2882
f 2791/2791 2792/2792 2882/2882
f 2882/2882 2792/2792 2883/2883
f 2883/2883 2792/2792 2884/2884
f 2792/2792 2793/2793 2884/2884
f 2793/2793 2795/2795 2884/2884
f 2885/2885 2796/2796 2887/2887
f 2796/2796 2797/2797 2887/2887
f 2797/2797 2798/2798 2887/2887
f 2887/2887 2798/2798 2888/2888
f 2888/2888 2798/2798 2889/2889
f 2798/2798 2799/2799 2889/2889
f 2799/2799 2800/2800 2889/2889
f 2889/2889 2800/2800 2891/2891
f 2800/2800 2803/2803 2891/2891
f 2891/2891 2803/2803 2892/2892
f 2804/2804 2805/2805 2893/2893
f 2893/2893 2805/2805 2894/2894
f 2805/2805 2807/2807 2894/2894
f 2807/2807 2808/2808 2894/2894
f 2894/2894 2808/2808 2895/2895
f 2808/2808 2809/2809 2895/2895
f 2895/2895 2809/2809 2896/2896
f 2809/2809 2810/2810 2896/2896
f 2810/2810 2811/2811 2896/2896
f 2896/2896 2811/2811 2897/2897
f 2812/2812 2813/2813 2898/2898
f 2898/2898 2813/2813 2899/2899
f 2813/2813 2814/2814 2899/2899
f 2899/2899 2814/2814 2900/2900
f 2900/2900 2814/2814 2901/2901
f 2814/2814 2815/2815 2901/2901
f 2815/2815 2816/2816 2901/2901
f 2901/2901 2816/2816 2902/2902
f 2902/2902 2816/2816 2903/2903
f 2816/2816 2817/2817 2903/2903
f 2817/2817 2818/2818 2903/2903
f 2903/2903 2818/2818 2904/2904
f 2818/2818 2819/2819 2904/2904
f 2819/2819 2820/2820 2904/2904
f 2904/2904 2820/2820 2905/2905
f 2905/2905 2820/2820 2906/2906
f 2820/2820 2821/2821 2906/2906
f 2821/2821 2823/2823 2906/2906
f 2906/2906 2823/2823 2907/2907
f 2823/2823 2824/2824 2907/2907
f 2907/2907 2824/2824 2908/2908
f 2908/2908 2824/2824 2909/2909
f 2824/2824 2825/2825 2909/2909
f 2910/2910 2909/2909 2911/2911
f 2909/2909 2825/2825 2911/2911
f 2825/2825 2826/2826 2911/2911
f 2826/2826 2827/2827 2911/2911
f 2827/2827 2828/2828 2911/2911
f 2828/2828 2829/2829 2911/2911
f 2829/2829 2830/2830 2911/2911
f 2830/2830 2831/2831 2911/2911
f 2831/2831 2832/2832 2911/2911
f 2832/2832 2833/2833 2911/2911
f 2833/2833 2834/2834 2911/2911
f 2835/2835 2836/2836 2912/2912
f 2836/2836 2837/2837 2912/2912
f 2912/2912 2837/2837 2913/2913
f 2913/2913 2837/2837 2914/2914
f 2837/2837 2838/2838 2914/2914
f 2914/2914 2838/2838 2915/2915
f 2916/2916 2915/2915 2917/2917
f 2915/2915 2838/2838 2917/2917
f 2838/2838 2839/2839 2917/2917
f 2917/2917 2839/2839 2918/2918
f 2839/2839 2840/2840 2918/2918
f 2918/2918 2840/2840 2919/2919
f 2840/2840 2841/2841 2919/2919
f 2919/2919 2841/2841 2920/2920
f 2841/2841 2842/2842 2920/2920
f 2920/2920 2842/2842 2921/2921
f 2842/2842 2843/2843 2921/2921
f 2921/2921 2843/2843 2922/2922
f 2843/2843 2844/2844 2922/2922
f 2844/2844 2845/2845 2922/2922
f 2922/2922 2845/2845 2923/2923
f 2923/2923 2845/2845 2924/2924
f 2846/2846 2847/2847 2925/2925
f 2925/2925 2847/2847 2926/2926
f 2847/2847 2848/2848 2926/2926
f 2848/2848 2849/2849 2926/2926
f 2926/2926 2849/2849 2927/2927
f 2849/2849 2850/2850 2927/2927
f 2927/2927 2850/2850 2928/2928
f 2928/2928 2850/2850 2929/2929
f 2850/2850 2851/2851 2929/2929
f 2851/2851 2852/2852 2929/2929
f 2852/2852 2854/2854 2929/2929
f 2929/2929 2854/2854 2930/2930
f 2855/2855 2857/2857 2931/2931
f 2931/2931 2857/2857 2932/2932
f 2933/2933 2858/2858 2934/2934
f 2858/2858 2860/2860 2934/2934
f 2860/2860 2861/2861 2934/2934
f 2934/2934 2861/2861 2935/2935
f 2861/2861 2862/2862 2935/2935
f 2935/2935 2862/2862 2936/2936
f 2862/2862 2863/2863 2936/2936
f 2936/2936 2863/2863 2937/2937
f 2863/2863 2864/2864 2937/2937
f 2864/2864 2865/2865 2937/2937
f 2937/2937 2865/2865 2938/2938
f 2865/2865 2866/2866 2938/2938
f 2866/2866 2867/2867 2938/2938
f 2939/2939 2868/2868 2940/2940
f 2940/2940 2868/2868 2941/2941
f 2941/2941 2868/2868 2942/2942
f 2868/2868 2869/2869 2942/2942
f 2942/2942 2869/2869 2943/2943
f 2869/2869 2870/2870 2943/2943
f 2943/2943 2870/2870 2944/2944
f 2870/2870 2873/2873 2944/2944
f 2945/2945 2874/2874 2947/2947
f 2874/2874 2875/2875 2947/2947
f 2875/2875 2877/2877 2947/2947
f 2947/2947 2877/2877 2948/2948
f 2949/2949 2876/2876 2950/2950
f 2876/2876 2879/2879 2950/2950
f 2950/2950 2879/2879 2951/2951
f 2879/2879 2880/2880 2951/2951
f 2880/2880 2881/2881 2951/2951
f 2951/2951 2881/2881 2952/2952
f 2952/2952 2881/2881 2953/2953
f 2881/2881 2882/2882 2953/2953
f 2882/2882 2883/2883 2953/2953
f 2953/2953 2883/2883 2954/2954
f 2883/2883 2884/2884 2954/2954
f 2954/2954 2884/2884 2955/2955
f 2884/2884 2886/2886 2955/2955
f 2955/2955 2886/2886 2956/2956
f 2887/2887 2888/2888 2957/2957
f 2957/2957 2888/2888 2959/2959
f 2959/2959 2888/2888 2961/2961
f 2888/2888 2889/2889 2961/2961
f 2889/2889 2891/2891 2961/2961
f 2961/2961 2891/2891 2962/2962
f 2890/2890 2893/2893 2963/2963
f 2963/2963 2893/2893 2964/2964
f 2893/2893 2894/2894 2964/2964
f 2964/2964 2894/2894 2965/2965
f 2894/2894 2895/2895 2965/2965
f 2965/2965 2895/2895 2966/2966
f 2895/2895 2896/2896 2966/2966
f 2966/2966 2896/2896 2967/2967
f 2896/2896 2897/2897 2967/2967
f 2898/2898 2899/2899 2968/2968
f 2968/2968 2899/2899 2969/2969
f 2899/2899 2900/2900 2969/2969
f 2969/2969 2900/2900 2970/2970
f 2970/2970 2900/2900 2971/2971
f 2900/2900 2901/2901 2971/2971
f 2901/2901 2902/2902 2971/2971
f 2971/2971 2902/2902 2972/2972
f 2902/2902 2903/2903 2972/2972
f 2972/2972 2903/2903 2973/2973
f 2903/2903 2904/2904 2973/2973
f 2904/2904 2905/2905 2973/2973
f 2973/2973 2905/2905 2974/2974
f 2905/2905 2906/2906 2974/2974
f 2974/2974 2906/2906 2975/2975
f 2906/2906 2907/2907 2975/2975
f 2976/2976 2975/2975 2977/2977
f 2975/2975 2907/2907 2977/2977
f 2907/2907 2908/2908 2977/2977
f 2977/2977 2908/2908 2978/2978
f 2978/2978 2908/2908 2979/2979
f 2908/2908 2909/2909 2979/2979
f 2909/2909 2910/2910 2979/2979
f 2979/2979 2910/2910 2980/2980
f 2910/2910 2911/2911 2980/2980
f 2981/2981 2912/2912 2982/2982
f 2982/2982 2912/2912 2983/2983
f 2983/2983 2912/2912 2984/2984
f 2984/2984 2912/2912 2985/2985
f 2985/2985 2912/2912 2986/2986
f 2912/2912 2913/2913 2986/2986
f 2986/2986 2913/2913 2987/2987
f 2987/2987 2913/2913 2988/2988
f 2913/2913 2914/2914 2988/2988
f 2988/2988 2914/2914 2989/2989
f 2914/2914 2915/2915 2989/2989
f 2989/2989 2915/2915 2990/2990
f 2915/2915 2916/2916 2990/2990
f 2991/2991 2990/2990 2992/2992
f 2990/2990 2916/2916 2992/2992
f 2916/2916 2917/2917 2992/2992
f 2917/2917 2918/2918 2992/2992
f 2992/2992 2918/2918 2993/2993
f 2993/2993 2918/2918 2994/2994
f 2918/2918 2919/2919 2994/2994
f 2995/2995 2994/2994 2996/2996
f 2994/2994 2919/2919 2996/2996
f 2919/2919 2920/2920 2996/2996
f 2996/2996 2920/2920 2997/2997
f 2920/2920 2921/2921 2997/2997
f 2921/2921 2922/2922 2997/2997
f 2997/2997 2922/2922 2998/2998
f 2922/2922 2923/2923 2998/2998
f 2998/2998 2923/2923 2999/2999
f 2923/2923 2924/2924 2999/2999
f 2999/2999 2924/2924 3000/3000
f 3001/3001 2925/2925 3002/3002
f 2925/2925 2926/2926 3002/3002
f 2926/2926 2927/2927 3002/3002
f 3002/3002 2927/2927 3003/3003
f 2927/2927 2928/2928 3003/3003
f 3003/3003 2928/2928 3004/3004
f 3004/3004 2928/2928 3005/3005
f 2928/2928 2929/2929 3005/3005
f 2929/2929 2930/2930 3005/3005
f 3005/3005 2930/2930 3006/3006
f 3007/3007 2931/2931 3008/3008
f 3008/3008 2931/2931 3009/3009
f 2931/2931 2932/2932 3009/3009
f 3010/3010 2933/2933 3011/3011
f 2933/2933 2934/2934 3011/3011
f 2934/2934 2935/2935 3011/3011
f 3011/3011 2935/2935 3012/3012
f 2935/2935 2936/2936 3012/3012
f 3012/3012 2936/2936 3014/3014
f 2936/2936 2937/2937 3014/3014
f 2937/2937 2938/2938 3014/3014
f 3014/3014 2938/2938 3015/3015
f 2939/2939 2940/2940 3016/3016
f 2940/2940 2941/2941 3016/3016
f 3016/3016 2941/2941 3017/3017
f 3017/3017 2941/2941 3018/3018
f 3018/3018 2941/2941 3019/3019
f 2941/2941 2942/2942 3019/3019
f 2942/2942 2943/2943 3019/3019
f 3019/3019 2943/2943 3020/3020
f 2943/2943 2944/2944 3020/3020
f 3021/3021 2945/2945 3022/3022
f 2945/2945 2947/2947 3022/3022
f 3023/3023 2946/2946 3024/3024
f 2946/2946 2949/2949 3024/3024
f 3024/3024 2949/2949 3025/3025
f 2949/2949 2950/2950 3025/3025
f 3025/3025 2950/2950 3026/3026
f 2950/2950 2951/2951 3026/3026
f 2951/2951 2952/2952 3026/3026
f 3026/3026 2952/2952 3027/3027
f 2952/2952 2953/2953 3027/3027
f 3027/3027 2953/2953 3028/3028
f 2953/2953 2954/2954 3028/3028
f 3028/3028 2954/2954 3029/3029
f 2954/2954 2955/2955 3029/3029
f 2955/2955 2956/2956 3029/3029
f 3029/3029 2956/2956 3030/3030
f 2956/2956 2958/2958 3030/3030
f 3032/3032 2959/2959 3033/3033
f 2959/2959 2961/2961 3033/3033
f 2960/2960 2963/2963 3034/3034
f 3034/3034 2963/2963 3035/3035
f 2963/2963 2964/2964 3035/3035
f 3035/3035 2964/2964 3036/3036
f 2964/2964 2965/2965 3036/3036
f 2965/2965 2966/2966 3036/3036
f 3036/3036 2966/2966 3037/3037
f 2966/2966 2967/2967 3037/3037
f 3037/3037 2967/2967 3038/3038
f 3038/3038 2967/2967 3039/3039
f 2968/2968 2969/2969 3040/3040
f 2969/2969 2970/2970 3040/3040
f 3040/3040 2970/2970 3041/3041
f 3041/3041 2970/2970 3042/3042
f 2970/2970 2971/2971 3042/3042
f 2971/2971 2972/2972 3042/3042
f 3042/3042 2972/2972 3043/3043
f 2972/2972 2973/2973 3043/3043
f 3043/3043 2973/2973 3044/3044
f 2973/2973 2974/2974 3044/3044
f 3044/3044 2974/2974 3045/3045
f 2974/2974 2975/2975 3045/3045
f 2975/2975 2976/2976 3045/3045
f 3045/3045 2976/2976 3047/3047
f 3047/3047 2976/2976 3049/3049
f 2976/2976 2977/2977 3049/3049
f 3049/3049 2977/2977 3051/3051
f 3051/3051 2977/2977 3052/3052
f 2977/2977 2978/2978 3052/3052
f 2978/2978 2979/2979 3052/3052
f 2979/2979 2980/2980 3052/3052
f 3053/3053 2981/2981 3054/3054
f 3054/3054 2981/2981 3055/3055
f 2981/2981 2982/2982 3055/3055
f 3055/3055 2982/2982 3056/3056
f 2982/2982 2983/2983 3056/3056
f 3056/3056 2983/2983 3057/3057
f 2983/2983 2984/2984 3057/3057
f 2984/2984 2985/2985 3057/3057
f 3057/3057 2985/2985 3058/3058
f 3058/3058 2985/2985 3059/3059
f 2985/2985 2986/2986 3059/3059
f 2986/2986 2987/2987 3059/3059
f 3059/3059 2987/2987 3060/3060
f 3060/3060 2987/2987 3061/3061
f 2987/2987 2988/2988 3061/3061
f 3061/3061 2988/2988 3062/3062
f 2988/2988 2989/2989 3062/3062
f 2989/2989 2990/2990 3062/3062
f 2990/2990 2991/2991 3062/3062
f 3062/3062 2991/2991 3063/3063
f 2991/2991 2992/2992 3063/3063
f 2992/2992 2993/2993 3063/3063
f 3063/3063 2993/2993 3064/3064
f 2993/2993 2994/2994 3064/3064
f 2994/2994 2995/2995 3064/3064
f 3064/3064 2995/2995 3065/3065
f 2995/2995 2996/2996 3065/3065
f 2996/2996 2997/2997 3065/3065
f 3065/3065 2997/2997 3066/3066
f 2997/2997 2998/2998 3066/3066
f 3066/3066 2998/2998 3067/3067
f 2998/2998 2999/2999 3067/3067
f 3067/3067 2999/2999 3068/3068
f 2999/2999 3000/3000 3068/3068
f 3069/3069 3001/3001 3070/3070
f 3001/3001 3002/3002 3070/3070
f 3070/3070 3002/3002 3071/3071
f 3002/3002 3003/3003 3071/3071
f 3003/3003 3004/3004 3071/3071
f 3071/3071 3004/3004 3072/3072
f 3004/3004 3005/3005 3072/3072
f 3005/3005 3006/3006 3072/3072
f 3072/3072 3006/3006 3073/3073
f 3007/3007 3008/3008 3074/3074
f 3074/3074 3008/3008 3075/3075
f 3008/3008 3009/3009 3075/3075
f 3075/3075 3009/3009 3076/3076
f 3077/3077 3010/3010 3079/3079
f 3010/3010 3011/3011 3079/3079
f 3011/3011 3012/3012 3079/3079
f 3079/3079 3012/3012 3081/3081
f 3012/3012 3014/3014 3081/3081
f 3081/3081 3014/3014 3082/3082
f 3013/3013 3016/3016 3083/3083
f 3016/3016 3017/3017 3083/3083
f 3083/3083 3017/3017 3084/3084
f 3084/3084 3017/3017 3085/3085
f 3017/3017 3018/3018 3085/3085
f 3085/3085 3018/3018 3086/3086
f 3018/3018 3019/3019 3086/3086
f 3019/3019 3020/3020 3086/3086
f 3087/3087 3021/3021 3088/3088
f 3021/3021 3022/3022 3088/3088
f 3023/3023 3024/3024 3089/3089
f 3089/3089 3024/3024 3090/3090
f 3090/3090 3024/3024 3091/3091
f 3024/3024 3025/3025 3091/3091
f 3025/3025 3026/3026 3091/3091
f 3091/3091 3026/3026 3092/3092
f 3026/3026 3027/3027 3092/3092
f 3092/3092 3027/3027 3093/3093
f 3027/3027 3028/3028 3093/3093
f 3093/3093 3028/3028 3094/3094
f 3028/3028 3029/3029 3094/3094
f 3094/3094 3029/3029 3095/3095
f 3029/3029 3030/3030 3095/3095
f 3098/3098 3096/3096 3100/3100
f 3095/3095 3030/3030 3099/3099
f 3031/3031 3034/3034 3100/3100
f 3100/3100 3034/3034 3101/3101
f 3034/3034 3035/3035 3101/3101
f 3101/3101 3035/3035 3102/3102
f 3035/3035 3036/3036 3102/3102
f 3036/3036 3037/3037 3102/3102
f 3102/3102 3037/3037 3103/3103
f 3103/3103 3037/3037 3104/3104
f 3037/3037 3038/3038 3104/3104
f 3104/3104 3038/3038 3105/3105
f 3038/3038 3039/3039 3105/3105
f 3040/3040 3041/3041 3106/3106
f 3106/3106 3041/3041 3107/3107
f 3041/3041 3042/3042 3107/3107
f 3107/3107 3042/3042 3108/3108
f 3042/3042 3043/3043 3108/3108
f 3108/3108 3043/3043 3109/3109
f 3109/3109 3043/3043 3110/3110
f 3043/3043 3044/3044 3110/3110
f 3044/3044 3045/3045 3110/3110
f 3045/3045 3047/3047 3110/3110
f 3110/3110 3047/3047 3111/3111
f 3112/3112 3046/3046 3113/3113
f 3046/3046 3048/3048 3113/3113
f 3113/3113 3048/3048 3114/3114
f 3048/3048 3050/3050 3114/3114
f 3114/3114 3050/3050 3115/3115
f 3050/3050 3053/3053 3115/3115
f 3053/3053 3054/3054 3115/3115
f 3054/3054 3055/3055 3115/3115
f 3115/3115 3055/3055 3116/3116
f 3116/3116 3055/3055 3117/3117
f 3055/3055 3056/3056 3117/3117
f 3117/3117 3056/3056 3118/3118
f 3056/3056 3057/3057 3118/3118
f 3118/3118 3057/3057 3119/3119
f 3057/3057 3058/3058 3119/3119
f 3119/3119 3058/3058 3120/3120
f 3058/3058 3059/3059 3120/3120
f 3059/3059 3060/3060 3120/3120
f 3120/3120 3060/3060 3121/3121
f 3121/3121 3060/3060 3122/3122
f 3060/3060 3061/3061 3122/3122
f 3122/3122 3061/3061 3123/3123
f 3061/3061 3062/3062 3123/3123
f 3062/3062 3063/3063 3123/3123
f 3124/3124 3123/3123 3125/3125
f 3123/3123 3063/3063 3125/3125
f 3063/3063 3064/3064 3125/3125
f 3126/3126 3125/3125 3127/3127
f 3125/3125 3064/3064 3127/3127
f 3064/3064 3065/3065 3127/3127
f 3065/3065 3066/3066 3127/3127
f 3127/3127 3066/3066 3128/3128
f 3128/3128 3066/3066 3129/3129
f 3066/3066 3067/3067 3129/3129
f 3129/3129 3067/3067 3130/3130
f 3067/3067 3068/3068 3130/3130
f 3130/3130 3068/3068 3131/3131
f 3069/3069 3070/3070 3132/3132
f 3132/3132 3070/3070 3133/3133
f 3070/3070 3071/3071 3133/3133
f 3071/3071 3072/3072 3133/3133
f 3133/3133 3072/3072 3134/3134
f 3072/3072 3073/3073 3134/3134
f 3134/3134 3073/3073 3135/3135
f 3136/3136 3074/3074 3137/3137
f 3074/3074 3075/3075 3137/3137
f 3075/3075 3076/3076 3137/3137
f 3137/3137 3076/3076 3139/3139
f 3077/3077 3079/3079 3138/3138
f 3140/3140 3078/3078 3142/3142
f 3079/3079 3081/3081 3141/3141
f 3080/3080 3083/3083 3142/3142
f 3142/3142 3083/3083 3143/3143
f 3083/3083 3084/3084 3143/3143
f 3143/3143 3084/3084 3144/3144
f 3084/3084 3085/3085 3144/3144
f 3144/3144 3085/3085 3146/3146
f 3146/3146 3085/3085 3148/3148
f 3085/3085 3086/3086 3148/3148
f 3087/3087 3088/3088 3147/3147
f 3149/3149 3089/3089 3150/3150
f 3089/3089 3090/3090 3150/3150
f 3150/3150 3090/3090 3151/3151
f 3090/3090 3091/3091 3151/3151
f 3151/3151 3091/3091 3152/3152
f 3091/3091 3092/3092 3152/3152
f 3152/3152 3092/3092 3153/3153
f 3092/3092 3093/3093 3153/3153
f 3153/3153 3093/3093 3154/3154
f 3154/3154 3093/3093 3155/3155
f 3093/3093 3094/3094 3155/3155
f 3094/3094 3095/3095 3155/3155
f 3095/3095 3097/3097 3155/3155
f 3156/3156 3098/3098 3157/3157
f 3157/3157 3098/3098 3158/3158
f 3158/3158 3098/3098 3159/3159
f 3098/3098 3100/3100 3159/3159
f 3100/3100 3101/3101 3159/3159
f 3159/3159 3101/3101 3160/3160
f 3101/3101 3102/3102 3160/3160
f 3160/3160 3102/3102 3161/3161
f 3102/3102 3103/3103 3161/3161
f 3103/3103 3104/3104 3161/3161
f 3161/3161 3104/3104 3162/3162
f 3104/3104 3105/3105 3162/3162
f 3162/3162 3105/3105 3163/3163
f 3106/3106 3107/3107 3164/3164
f 3164/3164 3107/3107 3165/3165
f 3165/3165 3107/3107 3166/3166
f 3107/3107 3108/3108 3166/3166
f 3108/3108 3109/3109 3166/3166
f 3166/3166 3109/3109 3167/3167
f 3109/3109 3110/3110 3167/3167
f 3110/3110 3111/3111 3167/3167
f 3168/3168 3112/3112 3169/3169
f 3112/3112 3113/3113 3169/3169
f 3170/3170 3169/3169 3171/3171
f 3169/3169 3113/3113 3171/3171
f 3171/3171 3113/3113 3172/3172
f 3113/3113 3114/3114 3172/3172
f 3114/3114 3115/3115 3172/3172
f 3115/3115 3116/3116 3172/3172
f 3172/3172 3116/3116 3173/3173
f 3116/3116 3117/3117 3173/3173
f 3173/3173 3117/3117 3174/3174
f 3117/3117 3118/3118 3174/3174
f 3118/3118 3119/3119 3174/3174
f 3174/3174 3119/3119 3175/3175
f 3175/3175 3119/3119 3176/3176
f 3119/3119 3120/3120 3176/3176
f 3120/3120 3121/3121 3176/3176
f 3176/3176 3121/3121 3177/3177
f 3121/3121 3122/3122 3177/3177
f 3177/3177 3122/3122 3178/3178
f 3122/3122 3123/3123 3178/3178
f 3123/3123 3124/3124 3178/3178
f 3178/3178 3124/3124 3179/3179
f 3124/3124 3125/3125 3179/3179
f 3125/3125 3126/3126 3179/3179
f 3179/3179 3126/3126 3180/3180
f 3126/3126 3127/3127 3180/3180
f 3127/3127 3128/3128 3180/3180
f 3180/3180 3128/3128 3181/3181
f 3128/3128 3129/3129 3181/3181
f 3181/3181 3129/3129 3182/3182
f 3129/3129 3130/3130 3182/3182
f 3182/3182 3130/3130 3183/3183
f 3130/3130 3131/3131 3183/3183
f 3132/3132 3133/3133 3184/3184
f 3184/3184 3133/3133 3185/3185
f 3133/3133 3134/3134 3185/3185
f 3185/3185 3134/3134 3186/3186
f 3134/3134 3135/3135 3186/3186
f 3187/3187 3136/3136 3189/3189
f 3189/3189 3136/3136 3190/3190
f 3136/3136 3137/3137 3190/3190
f 3137/3137 3139/3139 3190/3190
f 3190/3190 3139/3139 3191/3191
f 3140/3140 3142/3142 3192/3192
f 3142/3142 3143/3143 3192/3192
f 3143/3143 3144/3144 3192/3192
f 3192/3192 3144/3144 3194/3194
f 3144/3144 3146/3146 3194/3194
f 3194/3194 3146/3146 3195/3195
f 3197/3197 3145/3145 3199/3199
f 3199/3199 3145/3145 3201/3201
f 3145/3145 3149/3149 3201/3201
f 3149/3149 3150/3150 3201/3201
f 3201/3201 3150/3150 3203/3203
f 3150/3150 3151/3151 3203/3203
f 3203/3203 3151/3151 3204/3204
f 3151/3151 3152/3152 3204/3204
f 3204/3204 3152/3152 3205/3205
f 3152/3152 3153/3153 3205/3205
f 3153/3153 3154/3154 3205/3205
f 3207/3207 3206/3206 3209/3209
f 3205/3205 3154/3154 3208/3208
f 3154/3154 3155/3155 3208/3208
f 3156/3156 3157/3157 3209/3209
f 3209/3209 3157/3157 3210/3210
f 3157/3157 3158/3158 3210/3210
f 3210/3210 3158/3158 3211/3211
f 3211/3211 3158/3158 3212/3212
f 3158/3158 3159/3159 3212/3212
f 3159/3159 3160/3160 3212/3212
f 3212/3212 3160/3160 3213/3213
f 3160/3160 3161/3161 3213/3213
f 3161/3161 3162/3162 3213/3213
f 3213/3213 3162/3162 3214/3214
f 3162/3162 3163/3163 3214/3214
f 3214/3214 3163/3163 3215/3215
f 3164/3164 3165/3165 3217/3217
f 3217/3217 3165/3165 3219/3219
f 3219/3219 3165/3165 3220/3220
f 3165/3165 3166/3166 3220/3220
f 3166/3166 3167/3167 3220/3220
f 3221/3221 3168/3168 3222/3222
f 3168/3168 3169/3169 3222/3222
f 3169/3169 3170/3170 3222/3222
f 3222/3222 3170/3170 3223/3223
f 3223/3223 3170/3170 3224/3224
f 3224/3224 3170/3170 3225/3225
f 3170/3170 3171/3171 3225/3225
f 3171/3171 3172/3172 3225/3225
f 3172/3172 3173/3173 3225/3225
f 3225/3225 3173/3173 3226/3226
f 3173/3173 3174/3174 3226/3226
f 3174/3174 3175/3175 3226/3226
f 3226/3226 3175/3175 3227/3227
f 3175/3175 3176/3176 3227/3227
f 3227/3227 3176/3176 3228/3228
f 3176/3176 3177/3177 3228/3228
f 3228/3228 3177/3177 3229/3229
f 3229/3229 3177/3177 3230/3230
f 3177/3177 3178/3178 3230/3230
f 3178/3178 3179/3179 3230/3230
f 3230/3230 3179/3179 3231/3231
f 3179/3179 3180/3180 3231/3231
f 3180/3180 3181/3181 3231/3231
f 3231/3231 3181/3181 3232/3232
f 3232/3232 3181/3181 3233/3233
f 3181/3181 3182/3182 3233/3233
f 3233/3233 3182/3182 3234/3234
f 3182/3182 3183/3183 3234/3234
f 3184/3184 3185/3185 3235/3235
f 3235/3235 3185/3185 3237/3237
f 3185/3185 3186/3186 3237/3237
f 3237/3237 3186/3186 3238/3238
f 3186/3186 3188/3188 3238/3238
f 3239/3239 3189/3189 3240/3240
f 3189/3189 3190/3190 3240/3240
f 3240/3240 3190/3190 3241/3241
f 3190/3190 3191/3191 3241/3241
f 3191/3191 3193/3193 3241/3241
f 3241/3241 3193/3193 3242/3242
f 3193/3193 3196/3196 3242/3242
f 3242/3242 3196/3196 3243/3243
f 3196/3196 3198/3198 3243/3243
f 3243/3243 3198/3198 3245/3245
f 3198/3198 3200/3200 3245/3245
f 3201/3201 3203/3203 3244/3244
f 3245/3245 3202/3202 3247/3247
f 3203/3203 3204/3204 3246/3246
f 3204/3204 3205/3205 3246/3246
f 3206/3206 3207/3207 3247/3247
f 3247/3247 3207/3207 3248/3248
f 3248/3248 3207/3207 3249/3249
f 3207/3207 3209/3209 3249/3249
f 3209/3209 3210/3210 3249/3249
f 3249/3249 3210/3210 3250/3250
f 3210/3210 3211/3211 3250/3250
f 3250/3250 3211/3211 3251/3251
f 3251/3251 3211/3211 3252/3252
f 3211/3211 3212/3212 3252/3252
f 3212/3212 3213/3213 3252/3252
f 3213/3213 3214/3214 3252/3252
f 3252/3252 3214/3214 3253/3253
f 3253/3253 3214/3214 3254/3254
f 3214/3214 3215/3215 3254/3254
f 3216/3216 3218/3218 3255/3255
f 3255/3255 3218/3218 3256/3256
f 3256/3256 3218/3218 3257/3257
f 3218/3218 3221/3221 3257/3257
f 3221/3221 3222/3222 3257/3257
f 3222/3222 3223/3223 3257/3257
f 3257/3257 3223/3223 3258/3258
f 3258/3258 3223/3223 3259/3259
f 3223/3223 3224/3224 3259/3259
f 3259/3259 3224/3224 3260/3260
f 3224/3224 3225/3225 3260/3260
f 3225/3225 3226/3226 3260/3260
f 3226/3226 3227/3227 3260/3260
f 3260/3260 3227/3227 3261/3261
f 3261/3261 3227/3227 3262/3262
f 3227/3227 3228/3228 3262/3262
f 3228/3228 3229/3229 3262/3262
f 3262/3262 3229/3229 3263/3263
f 3263/3263 3229/3229 3264/3264
f 3229/3229 3230/3230 3264/3264
f 3230/3230 3231/3231 3264/3264
f 3231/3231 3232/3232 3264/3264
f 3264/3264 3232/3232 3265/3265
f 3265/3265 3232/3232 3266/3266
f 3232/3232 3233/3233 3266/3266
f 3266/3266 3233/3233 3267/3267
f 3233/3233 3234/3234 3267/3267
f 3267/3267 3234/3234 3268/3268
f 3234/3234 3236/3236 3268/3268
f 3269/3269 3237/3237 3270/3270
f 3237/3237 3238/3238 3270/3270
f 3239/3239 3240/3240 3272/3272
f 3272/3272 3240/3240 3273/3273
f 3240/3240 3241/3241 3273/3273
f 3241/3241 3242/3242 3273/3273
f 3273/3273 3242/3242 3274/3274
f 3242/3242 3243/3243 3274/3274
f 3274/3274 3243/3243 3275/3275
f 3275/3275 3243/3243 3276/3276
f 3243/3243 3245/3245 3276/3276
f 3276/3276 3245/3245 3277/3277
f 3245/3245 3247/3247 3277/3277
f 3247/3247 3248/3248 3277/3277
f 3277/3277 3248/3248 3278/3278
f 3278/3278 3248/3248 3279/3279
f 3248/3248 3249/3249 3279/3279
f 3249/3249 3250/3250 3279/3279
f 3279/3279 3250/3250 3280/3280
f 3250/3250 3251/3251 3280/3280
f 3280/3280 3251/3251 3281/3281
f 3251/3251 3252/3252 3281/3281
f 3252/3252 3253/3253 3281/3281
f 3281/3281 3253/3253 3282/3282
f 3253/3253 3254/3254 3282/3282
f 3255/3255 3256/3256 3283/3283
f 3283/3283 3256/3256 3284/3284
f 3256/3256 3257/3257 3284/3284
f 3257/3257 3258/3258 3284/3284
f 3284/3284 3258/3258 3285/3285
f 3258/3258 3259/3259 3285/3285
f 3285/3285 3259/3259 3286/3286
f 3259/3259 3260/3260 3286/3286
f 3260/3260 3261/3261 3286/3286
f 3286/3286 3261/3261 3287/3287
f 3287/3287 3261/3261 3288/3288
f 3261/3261 3262/3262 3288/3288
f 3262/3262 3263/3263 3288/3288
f 3288/3288 3263/3263 3289/3289
f 3289/3289 3263/3263 3290/3290
f 3263/3263 3264/3264 3290/3290
f 3264/3264 3265/3265 3290/3290
f 3290/3290 3265/3265 3291/3291
f 3265/3265 3266/3266 3291/3291
f 3291/3291 3266/3266 3292/3292
f 3266/3266 3267/3267 3292/3292
f 3292/3292 3267/3267 3293/3293
f 3267/3267 3268/3268 3293/3293
f 3268/3268 3271/3271 3293/3293
f 3294/3294 3272/3272 3296/3296
f 3272/3272 3273/3273 3296/3296
f 3273/3273 3274/3274 3296/3296
f 3296/3296 3274/3274 3297/3297
f 3274/3274 3275/3275 3297/3297
f 3297/3297 3275/3275 3298/3298
f 3298/3298 3275/3275 3299/3299
f 3275/3275 3276/3276 3299/3299
f 3276/3276 3277/3277 3299/3299
f 3277/3277 3278/3278 3299/3299
f 3299/3299 3278/3278 3300/3300
f 3278/3278 3279/3279 3300/3300
f 3279/3279 3280/3280 3300/3300
f 3300/3300 3280/3280 3301/3301
f 3280/3280 3281/3281 3301/3301
f 3281/3281 3282/3282 3301/3301
f 3301/3301 3282/3282 3302/3302
f 3283/3283 3284/3284 3303/3303
f 3303/3303 3284/3284 3304/3304
f 3284/3284 3285/3285 3304/3304
f 3304/3304 3285/3285 3305/3305
f 3285/3285 3286/3286 3305/3305
f 3286/3286 3287/3287 3305/3305
f 3305/3305 3287/3287 3306/3306
f 3287/3287 3288/3288 3306/3306
f 3288/3288 3289/3289 3306/3306
f 3306/3306 3289/3289 3307/3307
f 3289/3289 3290/3290 3307/3307
f 3290/3290 3291/3291 3307/3307
f 3307/3307 3291/3291 3308/3308
f 3291/3291 3292/3292 3308/3308
f 3292/3292 3293/3293 3308/3308
f 3308/3308 3293/3293 3309/3309
f 3293/3293 3295/3295 3309/3309
f 3296/3296 3297/3297 3310/3310
f 3310/3310 3297/3297 3312/3312
f 3297/3297 3298/3298 3312/3312
f 3312/3312 3298/3298 3313/3313
f 3298/3298 3299/3299 3313/3313
f 3299/3299 3300/3300 3313/3313
f 3313/3313 3300/3300 3314/3314
f 3300/3300 3301/3301 3314/3314
f 3301/3301 3302/3302 3314/3314
f 3315/3315 3303/3303 3316/3316
f 3303/3303 3304/3304 3316/3316
f 3316/3316 3304/3304 3317/3317
f 3304/3304 3305/3305 3317/3317
f 3317/3317 3305/3305 3318/3318
f 3305/3305 3306/3306 3318/3318
f 3306/3306 3307/3307 3318/3318
f 3318/3318 3307/3307 3319/3319
f 3307/3307 3308/3308 3319/3319
f 3308/3308 3309/3309 3319/3319
f 3309/3309 3311/3311 3319/3319
f 3319/3319 3311/3311 3320/3320
f 3312/3312 3313/3313 3321/3321
f 3313/3313 3314/3314 3321/3321
f 3321/3321 3314/3314 3322/3322
f 3315/3315 3316/3316 3323/3323
f 3316/3316 3317/3317 3323/3323
f 3317/3317 3318/3318 3323/3323
f 3318/3318 3319/3319 3323/3323
f 3320/3320 3323/3323 3319/3319
f 2131/2131 2134/2134 2130/2130
f 1789/1789 1792/1792 1788/1788
f 1480/1480 1482/1482 1477/1477
f 1150/1150 1151/1151 1149/1149
f 946/946 947/947 943/943
f 629/629 630/630 628/628
f 291/291 292/292 290/290

